frame_idx,timestamp_ms,depth_raw_mm,depth_ema_mm,depth_kf_mm,depth_corr_mm,sig_mm,conf,conf_ema,vision_state,has_hand,has_main_hand,velocity_mm_s,motion_mm,gain,offset_mm,cos_tilt
0,1767153424884,-0.5719929904569409,-0.5719929904569409,-0.5719929904569409,-0.5719929904569409,-0.5719929904569409,0.9622296094894409,0.5773377656936646,ok,True,True,0.0,0.0,1.0,0.0,0.9804841750435145
1,1767153424918,0.16101657907524014,-0.13218724873763227,-0.18276334015539436,-0.18276334015539436,-0.18276334015539436,0.9513344764709473,0.8017357921600342,ok,True,True,0.07999259063788038,0.2932038278128724,1.0,0.0,0.9804841750435145
2,1767153424951,-0.7985242646798133,-0.5319894583029409,-0.4912144777951063,-0.4912144777951063,-0.4912144777951063,0.9588337540626526,0.8959945693016053,ok,True,True,-0.008541711129127771,0.26653480637687244,1.0,0.0,0.9804841750435145
3,1767153424985,0.2717677564004907,-0.049735129480881934,-0.10081741349858092,-0.10081741349858092,-0.10081741349858092,0.9485030770301819,0.9274996739387512,ok,True,True,0.1277068914837875,0.32150288588137266,1.0,0.0,0.9804841750435145
4,1767153425018,0.352276448251664,0.19147181715864559,0.15823482816800555,0.15823482816800555,0.15823482816800555,0.9485201239585876,0.9401119439506531,ok,True,True,0.23210713429993385,0.1608046310930184,1.0,0.0,0.9804841750435145
5,1767153425051,-0.5509462436294854,-0.253979019314233,-0.20561659266567983,-0.20561659266567983,-0.20561659266567983,0.9585889577865601,0.9511981522521973,ok,True,True,0.05792401962654431,0.2969672243152524,1.0,0.0,0.9804841750435145
6,1767153425084,-0.528117822439247,-0.4184623011892414,-0.393776148801029,-0.393776148801029,-0.393776148801029,0.9563018083572388,0.9542603459152221,ok,True,True,-0.04201985403068849,0.1096555212500056,1.0,0.0,0.9804841750435145
7,1767153425118,-0.7033943483805114,-0.5894215295040034,-0.567137067532278,-0.567137067532278,-0.567137067532278,0.9619070887565613,0.9588483916200256,ok,True,True,-0.14187195426001198,0.11397281887650801,1.0,0.0,0.9804841750435145
8,1767153425151,-0.15601800544035252,-0.32937941506581286,-0.35714830045629714,-0.35714830045629714,-0.35714830045629714,0.9523356556892395,0.9549407500615539,ok,True,True,-0.0058828775779500575,0.17336140962546034,1.0,0.0,0.9804841750435145
9,1767153425185,-0.4283038267668221,-0.3887340620864184,-0.3851456071613217,-0.3851456071613217,-0.3851456071613217,0.9658555388450623,0.9614896233316589,ok,True,True,-0.024890313335608122,0.039569764680403685,1.0,0.0,0.9804841750435145
10,1767153425218,-0.022926930540465275,-0.16924978315884656,-0.19398495810389046,-0.19398495810389046,-0.19398495810389046,0.9512258768081665,0.9553313754175634,ok,True,True,0.11558278368431282,0.1463228526183813,1.0,0.0,0.9804841750435145
11,1767153425251,-0.4558852953700332,-0.34123109048555855,-0.3240129998361251,-0.3240129998361251,-0.3240129998361251,0.9657378792762756,0.9615752777327907,ok,True,True,0.011525978463143266,0.11465420488447464,1.0,0.0,0.9804841750435145
12,1767153425289,-0.06769293573955072,-0.17710819763795388,-0.19377975162210095,-0.19377975162210095,-0.19377975162210095,0.9571463465690613,0.958917919034553,ok,True,True,0.11805182107789883,0.10941526189840316,1.0,0.0,0.9804841750435145
13,1767153425320,-0.35428962533482544,-0.28341705425607683,-0.27278508711560245,-0.27278508711560245,-0.27278508711560245,0.9655218124389648,0.9628802550772001,ok,True,True,0.046630092865437955,0.07087257107874861,1.0,0.0,0.9804841750435145
14,1767153425351,0.04216165706765421,-0.08806982746183821,-0.10885349528591315,-0.10885349528591315,-0.10885349528591315,0.9596193432807922,0.9609237079993553,ok,True,True,0.19268548256251325,0.1302314845294924,1.0,0.0,0.9804841750435145
15,1767153425388,-0.389647240431086,-0.2690162752433869,-0.25013703913705476,-0.25013703913705476,-0.25013703913705476,0.9592965245246887,0.9599473979145554,ok,True,True,0.0545045496426963,0.12063096518769911,1.0,0.0,0.9804841750435145
16,1767153425418,-0.1438623884168494,-0.19392394314746442,-0.20008147976591595,-0.20008147976591595,-0.20008147976591595,0.9588533043861389,0.9592909417975055,ok,True,True,0.10126085544593123,0.05006155473061502,1.0,0.0,0.9804841750435145
17,1767153425451,-0.3109776963092371,-0.26415619504452803,-0.2565293716258835,-0.2565293716258835,-0.2565293716258835,0.9580257534980774,0.9585318288178486,ok,True,True,0.041388085393087255,0.046821501264709076,1.0,0.0,0.9804841750435145
18,1767153425484,0.1252164190566109,-0.030532626583844674,-0.05590487448697942,-0.05590487448697942,-0.05590487448697942,0.9580482840538025,0.9582417019594209,ok,True,True,0.24666390043737968,0.15574904564045558,1.0,0.0,0.9804841750435145
19,1767153425518,-0.030323752814341635,-0.03040730232214285,-0.03235683357361417,-0.03235683357361417,-0.03235683357361417,0.9579092264175415,0.9580422166342932,ok,True,True,0.2628738186467487,8.354950780121648e-05,1.0,0.0,0.9804841750435145
20,1767153425551,0.06555331724999824,0.027169069421141803,0.021445513327822942,0.021445513327822942,0.021445513327822942,0.9582073092460632,0.9581412722013553,ok,True,True,0.31165904538119904,0.03838424782885644,1.0,0.0,0.9804841750435145
21,1767153425584,-0.6406104427707014,-0.37349863789396415,-0.32783526787697204,-0.32783526787697204,-0.32783526787697204,0.9645810723304749,0.9620051522788271,ok,True,True,-0.08642018609190893,0.2671118048767373,1.0,0.0,0.9804841750435145
22,1767153425618,-0.08764194126606575,-0.2019846199172251,-0.21647593800024534,-0.21647593800024534,-0.21647593800024534,0.9532349705696106,0.9567430432532973,ok,True,True,0.042520977762829176,0.11434267865115935,1.0,0.0,0.9804841750435145
23,1767153425654,-0.3980383519461283,-0.319616859134567,-0.3078550473140239,-0.3078550473140239,-0.3078550473140239,0.9671413898468018,0.9629820512094001,ok,True,True,-0.06409648207950702,0.0784214928115613,1.0,0.0,0.9804841750435145
24,1767153425684,-0.3416397373590664,-0.33283058606926663,-0.3302631006129249,-0.3302631006129249,-0.3302631006129249,0.9522808194160461,0.9565613121333877,ok,True,True,-0.08776642453068374,0.008809151289799755,1.0,0.0,0.9804841750435145
25,1767153425718,0.48426978185061076,0.1574296346826598,0.10230927885976099,0.10230927885976099,0.10230927885976099,0.9655632972717285,0.9619625032163922,ok,True,True,0.42825731401655687,0.32684014716795096,1.0,0.0,0.9804841750435145
26,1767153425751,1.8194852860034327,1.1546630254751236,1.0381012626510375,1.0381012626510375,1.0381012626510375,0.9596672058105469,0.960585324772885,ok,True,True,1.534823524787603,0.6648222605283092,1.0,0.0,0.9804841750435145
27,1767153425784,5.714185211690408,3.890376337204294,3.5760118547275948,3.5760118547275948,3.5760118547275948,0.9648869633674622,0.9631663079296313,ok,True,True,4.557344604170382,1.8238088744861138,1.0,0.0,0.9804841750435145
28,1767153425818,9.617638331101634,7.326733533542699,6.923035965044813,6.923035965044813,6.923035965044813,0.9573597311973572,0.9596823618902668,ok,True,True,8.483865328590312,2.2909047975589356,1.0,0.0,0.9804841750435145
29,1767153425851,16.0494482967282,12.560362391454,11.959977516962965,11.959977516962965,11.959977516962965,0.9516909718513489,0.954887527866916,ok,True,True,14.38511940355038,3.4890859052742016,1.0,0.0,0.9804841750435145
30,1767153425884,23.984933951177045,19.415105327287826,18.633265353108342,18.633265353108342,18.633265353108342,0.9561156034469604,0.9556243732149426,ok,True,True,22.143721131832535,4.569828623889219,1.0,0.0,0.9804841750435145
31,1767153425918,32.09059824395493,27.02040107728809,26.16340090277852,26.16340090277852,26.16340090277852,0.8972761631011963,0.9206154471466949,ok,True,True,30.722454135373702,5.070197166666841,1.0,0.0,0.9804841750435145
32,1767153425951,39.00080501799869,34.20864344171444,33.4222525692414,33.4222525692414,33.4222525692414,0.5763368010520935,0.714048259489934,ok,True,True,38.65690642196921,4.7921615762842436,1.0,0.0,0.9804841750435145
33,1767153425984,49.122157980106095,43.156752164749435,42.21107371495518,42.21107371495518,42.21107371495518,0.8934221267700195,0.8216725798579854,ok,True,True,48.267465370992575,5.965405815356661,1.0,0.0,0.9804841750435145
34,1767153426018,54.11340376070948,49.730743122325464,49.06911190810543,49.06911190810543,49.06911190810543,0.8275473117828369,0.8251974190128963,ok,True,True,55.03555681827253,4.382660638384017,1.0,0.0,0.9804841750435145
35,1767153426051,55.840852002160645,53.39680845022657,53.11780205058124,53.11780205058124,53.11780205058124,0.8516573905944824,0.841073401961848,ok,True,True,57.90668987934324,2.4440435519340724,1.0,0.0,0.9804841750435145
36,1767153426084,58.462401912222845,56.43616452742434,56.2808574289334,56.2808574289334,56.2808574289334,0.8912635445594788,0.8711874875204264,ok,True,True,59.513580610475856,2.026237384798506,1.0,0.0,0.9804841750435145
37,1767153426118,56.74093664822863,56.61902779990692,56.80310190727873,56.80310190727873,56.80310190727873,0.83466637134552,0.8492748178154825,ok,True,True,57.59962613994494,0.12190884832171633,1.0,0.0,0.9804841750435145
38,1767153426151,53.601442506232125,54.80847662370204,55.2462680654331,55.2462680654331,55.2462680654331,0.7418456077575684,0.784817291780734,ok,True,True,53.02709038491951,1.2070341174699166,1.0,0.0,0.9804841750435145
39,1767153426184,51.80435378654276,53.00600292140648,53.45413891699943,53.45413891699943,53.45413891699943,0.7988754510879517,0.7932521873650646,ok,True,True,48.327336920052986,1.2016491348637146,1.0,0.0,0.9804841750435145
40,1767153426218,47.521093671679445,49.71505737157025,50.31316805786488,50.31316805786488,50.31316805786488,0.7618210911750793,0.7743935296510734,ok,True,True,42.03136934538921,2.1939636998908085,1.0,0.0,0.9804841750435145
41,1767153426251,41.2512551476398,44.63677603721199,45.42788990043368,45.42788990043368,45.42788990043368,0.6864921450614929,0.7216526988973251,ok,True,True,33.67552701782772,3.3855208895721844,1.0,0.0,0.9804841750435145
42,1767153426284,35.4074379530882,39.099173186737715,39.93195539407947,39.93195539407947,39.93195539407947,0.931786298751831,0.8477328588100287,ok,True,True,24.852436616563686,3.691735233649517,1.0,0.0,0.9804841750435145
43,1767153426317,26.204302484192585,31.36225076521064,32.41249344703837,32.41249344703837,32.41249344703837,0.9412676095962524,0.9038537092817629,ok,True,True,13.694172501533961,5.157948281018054,1.0,0.0,0.9804841750435145
44,1767153426351,16.070839883754907,22.1874042363372,23.380935333274806,23.380935333274806,23.380935333274806,0.9280710816383362,0.918384132695707,ok,True,True,0.9811488492869778,6.116564352582294,1.0,0.0,0.9804841750435145
45,1767153426384,7.454122415691015,13.34743514394949,14.47209037055455,14.47209037055455,14.47209037055455,0.9549622535705566,0.9403310052206167,ok,True,True,-11.026085347741775,5.893312728258475,1.0,0.0,0.9804841750435145
46,1767153426417,4.0238072916584375,7.753258432574858,8.462794699822327,8.462794699822327,8.462794699822327,0.9628064036369324,0.9538162442704061,ok,True,True,-18.617381203192195,3.729451140916421,1.0,0.0,0.9804841750435145
47,1767153426451,1.7400628407798917,4.1453410774978785,4.558302251475228,4.558302251475228,4.558302251475228,0.9518372416496277,0.9526288426979391,ok,True,True,-23.044138657432022,2.4052782367179866,1.0,0.0,0.9804841750435145
48,1767153426484,0.6310969913538892,2.036794625811485,2.232640148859021,2.232640148859021,2.232640148859021,0.9618911147117615,0.9581862059062325,ok,True,True,-25.147191621513535,1.4056976344575958,1.0,0.0,0.9804841750435145
49,1767153426517,0.8592375198399202,1.3302603622285463,1.3374240758813203,1.3374240758813203,1.3374240758813203,0.9639037251472473,0.9616167174508414,ok,True,True,-25.224240525320166,0.471022842388626,1.0,0.0,0.9804841750435145
50,1767153426551,1.0708659501186113,1.1746237149625853,1.098902974861547,1.098902974861547,1.098902974861547,0.9465762376785278,0.9525924295874533,ok,True,True,-24.40864927438198,0.10375776484397403,1.0,0.0,0.9804841750435145
51,1767153426586,2.4701642579650787,1.9519480407640812,1.7658237810649524,1.7658237810649524,1.7658237810649524,0.9610764384269714,0.9576828348911641,ok,True,True,-22.401251086462345,0.5182162172009974,1.0,0.0,0.9804841750435145
52,1767153426618,4.0088642163576775,3.1860977461202387,2.9441141770624757,2.9441141770624757,2.9441141770624757,0.9609560966491699,0.9596467919459676,ok,True,True,-19.788261215471724,0.8227664702374389,1.0,0.0,0.9804841750435145
53,1767153426651,6.203099646184669,4.996298886158897,4.69349217032838,4.69349217032838,4.69349217032838,0.9487223625183105,0.9530921342893734,ok,True,True,-16.51491638732224,1.2068007600257724,1.0,0.0,0.9804841750435145
54,1767153426684,10.060487862312975,8.034812271851344,7.600260360017673,7.600260360017673,7.600260360017673,0.9680575132369995,0.962071361657949,ok,True,True,-11.812732073784591,2.0256755904616313,1.0,0.0,0.9804841750435145
55,1767153426725,13.881547163450474,11.542853206810822,11.058685657433745,11.058685657433745,11.058685657433745,0.9562298655509949,0.9585664639937765,ok,True,True,-6.568926871882311,2.338693956639652,1.0,0.0,0.9804841750435145
56,1767153426751,19.494309929832404,16.31372724062377,15.70255978851289,15.70255978851289,15.70255978851289,0.9642831087112427,0.9619964508242562,ok,True,True,0.055809984861090456,3.1805826892086344,1.0,0.0,0.9804841750435145
57,1767153426784,28.816817581034474,23.81558144487019,22.91000913914395,22.91000913914395,22.91000913914395,0.9311229586601257,0.9434723555257779,ok,True,True,9.879099027949175,5.001236136164284,1.0,0.0,0.9804841750435145
58,1767153426817,41.754158599550244,34.57872773767822,33.31277581468028,33.31277581468028,33.31277581468028,0.9333983659744263,0.9374279617949669,ok,True,True,23.621009241047886,7.175430861872023,1.0,0.0,0.9804841750435145
59,1767153426851,48.645675034794735,43.018896115948124,42.02321935024565,42.02321935024565,42.02321935024565,0.9308609366416931,0.9334877467030027,ok,True,True,34.43579026402899,5.626778918846611,1.0,0.0,0.9804841750435145
60,1767153426884,55.16464336078132,50.306344462848045,49.50979430817533,49.50979430817533,49.50979430817533,0.9123037457466125,0.9207773461291686,ok,True,True,43.09259664388781,4.858298897933274,1.0,0.0,0.9804841750435145
61,1767153426917,58.210421431295444,55.04879064391649,54.59080754453182,54.59080754453182,54.59080754453182,0.8233329653739929,0.8623107176760632,ok,True,True,48.07245726648798,3.1616307873789538,1.0,0.0,0.9804841750435145
62,1767153426951,58.42726844325609,57.075877323520245,56.97734602200233,56.97734602200233,56.97734602200233,0.8807204961776733,0.8733565847770293,ok,True,True,49.14433447386882,1.351391119735844,1.0,0.0,0.9804841750435145
63,1767153426984,57.217965590522134,57.16113028372138,57.32347829581836,57.32347829581836,57.32347829581836,0.9345117211341858,0.9100496665913231,ok,True,True,47.37747259319942,0.05683530680075677,1.0,0.0,0.9804841750435145
64,1767153427018,54.91092718418437,55.81100842399917,56.15612616292475,56.15612616292475,56.15612616292475,0.8285447359085083,0.8611467081816342,ok,True,True,43.62004093527358,0.9000812398148028,1.0,0.0,0.9804841750435145
65,1767153427052,50.281481993295664,52.493292565577065,53.064457661942264,53.064457661942264,53.064457661942264,0.896095871925354,0.8821162064278661,ok,True,True,37.399351529366164,2.2118105722814008,1.0,0.0,0.9804841750435145
66,1767153427086,46.187792030632444,48.70999224461029,49.33520523884728,49.33520523884728,49.33520523884728,0.8177308440208435,0.8434849889836525,ok,True,True,30.587830004340745,2.5222002139778468,1.0,0.0,0.9804841750435145
67,1767153427132,40.23684448084769,43.62610358635273,44.37717104288597,44.37717104288597,44.37717104288597,0.9571718573570251,0.9116971100076762,ok,True,True,22.402770695821594,3.3892591055050403,1.0,0.0,0.9804841750435145
68,1767153427153,30.372328499140426,35.67383853402535,36.72865950560736,36.72865950560736,36.72865950560736,0.8191466927528381,0.8561668596547733,ok,True,True,10.904381986461962,5.301510034884924,1.0,0.0,0.9804841750435145
69,1767153427184,23.703446643867302,28.491603399930522,29.451586111504632,29.451586111504632,29.451586111504632,0.849668025970459,0.8522675594441848,ok,True,True,0.4372763152303385,4.78815675606322,1.0,0.0,0.9804841750435145
70,1767153427217,17.727302770190803,22.03302302208669,22.862693777257398,22.862693777257398,22.862693777257398,0.8747092485427856,0.8657325729033453,ok,True,True,-8.61097179668069,4.305720251895888,1.0,0.0,0.9804841750435145
71,1767153427251,8.995328212864818,14.210406136553566,15.144109088680317,15.144109088680317,15.144109088680317,0.9436889886856079,0.9125064223727029,ok,True,True,-18.795815723196206,5.215077923688748,1.0,0.0,0.9804841750435145
72,1767153427284,4.7406151191626025,8.528531526118988,9.197004516901869,9.197004516901869,9.197004516901869,0.9479021430015564,0.933743854750015,ok,True,True,-26.088856083253702,3.787916406956385,1.0,0.0,0.9804841750435145
73,1767153427317,2.0325562977823126,4.630946389116983,5.043523402377772,5.043523402377772,5.043523402377772,0.9606586694717407,0.9498927435830504,ok,True,True,-30.590817498522295,2.5983900913346702,1.0,0.0,0.9804841750435145
74,1767153427351,1.3294960995548477,2.650076215379702,2.803406632241419,2.803406632241419,2.803406632241419,0.9592493772506714,0.955506723783623,ok,True,True,-32.2641820650826,1.3205801158248542,1.0,0.0,0.9804841750435145
75,1767153427384,1.618822774060838,2.0313241505883837,1.997461694030907,1.997461694030907,1.997461694030907,0.9611292481422424,0.9588802383987947,ok,True,True,-31.894574944134128,0.4125013765275456,1.0,0.0,0.9804841750435145
76,1767153427417,2.891564728783174,2.5474684975052577,2.3674191312650192,2.3674191312650192,2.3674191312650192,0.9620716571807861,0.9607950896679895,ok,True,True,-29.929099063677366,0.34409623127791633,1.0,0.0,0.9804841750435145
77,1767153427456,5.334838003170644,4.219890200904489,3.9017831161301477,3.9017831161301477,3.9017831161301477,0.9625624418258667,0.9618555009627158,ok,True,True,-26.456146634817085,1.1149478022661548,1.0,0.0,0.9804841750435145
78,1767153427484,8.563226201196716,6.825891801079825,6.401099602960594,6.401099602960594,6.401099602960594,0.9495586156845093,0.9544773697957919,ok,True,True,-21.8179735266127,1.7373344001168913,1.0,0.0,0.9804841750435145
79,1767153427517,13.212258315402726,10.657711709673565,10.101454676893667,10.101454676893667,10.101454676893667,0.9727208018302917,0.9654234290164918,ok,True,True,-15.74380519813991,2.5545466057291613,1.0,0.0,0.9804841750435145
80,1767153427551,18.493543440257213,15.359210748023754,14.713815483295386,14.713815483295386,14.713815483295386,0.9342257380485535,0.9467048144357288,ok,True,True,-8.695668958645697,3.1343326922334587,1.0,0.0,0.9804841750435145
81,1767153427584,25.86347392592886,21.661768654766817,20.853953571098415,20.853953571098415,20.853953571098415,0.9405580163002014,0.9430167355544123,ok,True,True,0.12688520930367808,4.201705271162044,1.0,0.0,0.9804841750435145
82,1767153427618,34.43368394578746,29.324917829379203,28.379944855240765,28.379944855240765,28.379944855240765,0.929730236530304,0.9350448361399473,ok,True,True,10.448141835898602,5.108766116408255,1.0,0.0,0.9804841750435145
83,1767153427651,42.67443363928422,37.33462731532221,36.37406791018244,36.37406791018244,36.37406791018244,0.9525339603424072,0.9455383106614232,ok,True,True,20.94031519356872,5.339806323962009,1.0,0.0,0.9804841750435145
84,1767153427684,50.334018397651136,45.13426196471956,44.23444609107526,44.23444609107526,44.23444609107526,0.8977153897285461,0.9168445581016971,ok,True,True,30.769565546559203,5.199756432931572,1.0,0.0,0.9804841750435145
85,1767153427717,57.71526538919478,52.68286401940469,51.85441525417915,51.85441525417915,51.85441525417915,0.9219221472740173,0.9198911116050892,ok,True,True,39.81971232879921,5.032401369790094,1.0,0.0,0.9804841750435145
86,1767153427751,60.516879356631144,57.383273221740566,56.91434450108734,56.91434450108734,56.91434450108734,0.8854569792747498,0.8992306322068855,ok,True,True,44.942636564631826,3.1336061348905773,1.0,0.0,0.9804841750435145
87,1767153427784,58.0019827728598,57.754498952412106,57.82793004646811,57.82793004646811,57.82793004646811,0.8898998498916626,0.8936321628177517,ok,True,True,44.14038544922767,0.24748382044769102,1.0,0.0,0.9804841750435145
88,1767153427817,56.22113027921838,56.83447774849587,57.109570187745646,57.109570187745646,57.109570187745646,0.9542642831802368,0.9300114350352428,ok,True,True,41.13481795377464,0.6133474692774925,1.0,0.0,0.9804841750435145
89,1767153427851,51.192681988452755,53.44940029247,54.01093854935765,54.01093854935765,54.01093854935765,0.937187135219574,0.9343168551458415,ok,True,True,34.99941478575186,2.256718304017248,1.0,0.0,0.9804841750435145
90,1767153427884,43.79987135556099,47.65968293032459,48.49874201057956,48.49874201057956,48.49874201057956,0.9059215784072876,0.9172796891027091,ok,True,True,25.83149528983541,3.8598115747636044,1.0,0.0,0.9804841750435145
91,1767153427918,35.94464725748718,40.63066152662215,41.60490208810361,41.60490208810361,41.60490208810361,0.8934569954872131,0.9029860729334115,ok,True,True,15.186201661051452,4.686014269134965,1.0,0.0,0.9804841750435145
92,1767153427951,26.39561982673555,32.08963650669019,33.20811131650837,33.20811131650837,33.20811131650837,0.8613932728767395,0.8780303928994083,ok,True,True,2.964557146770794,5.69401667995464,1.0,0.0,0.9804841750435145
93,1767153427984,19.45257277105005,24.507398265306108,25.489493786303722,25.489493786303722,25.489493786303722,0.9416792392730713,0.9162197007236061,ok,True,True,-7.7671321977463705,5.0548254942560575,1.0,0.0,0.9804841750435145
94,1767153428017,17.04446744964925,20.029639775911996,20.61010520838062,20.61010520838062,20.61010520838062,0.939240574836731,0.930032225191481,ok,True,True,-14.110219128471291,2.985172326262745,1.0,0.0,0.9804841750435145
95,1767153428050,10.950698584009157,14.582275060770293,15.202532456891493,15.202532456891493,15.202532456891493,0.935431718826294,0.9332719213723688,ok,True,True,-20.888277396289396,3.6315764767611363,1.0,0.0,0.9804841750435145
96,1767153428084,6.906843777473976,9.977016290792502,10.482512938010167,10.482512938010167,10.482512938010167,0.9671972990036011,0.9536271479511081,ok,True,True,-26.41235609148627,3.070172513318526,1.0,0.0,0.9804841750435145
97,1767153428117,5.19239026419782,7.106240674835693,7.384796898062879,7.384796898062879,7.384796898062879,0.9647736549377441,0.9603150521430898,ok,True,True,-29.45647724773698,1.913850410637873,1.0,0.0,0.9804841750435145
98,1767153428150,3.038725283812392,4.6657314402217125,4.859613579819282,4.859613579819282,4.859613579819282,0.9666131734848022,0.9640939249481172,ok,True,True,-31.57529541570771,1.6270061564093203,1.0,0.0,0.9804841750435145
99,1767153428184,3.416796583594937,3.9163705262456467,3.904175571984087,3.904175571984087,3.904175571984087,0.951974630355835,0.9568223481927479,ok,True,True,-31.44202238825021,0.49957394265070976,1.0,0.0,0.9804841750435145
100,1767153428217,4.3339623141990264,4.166925599017675,4.020629101887167,4.020629101887167,4.020629101887167,0.972413182258606,0.9661768486322627,ok,True,True,-29.843194701708125,0.16703671518135188,1.0,0.0,0.9804841750435145
101,1767153428251,7.561879230619459,6.203897777978745,5.8492060257376925,5.8492060257376925,5.8492060257376925,0.9631125926971436,0.9643382950711912,ok,True,True,-25.966835987082494,1.357981452640714,1.0,0.0,0.9804841750435145
102,1767153428284,10.876092406901783,9.007214555332569,8.558156183781987,8.558156183781987,8.558156183781987,0.963148832321167,0.9636246174211767,ok,True,True,-21.059109606522906,1.8688778515692146,1.0,0.0,0.9804841750435145
103,1767153428317,15.408919121297764,12.848237294911685,12.291089879498209,12.291089879498209,12.291089879498209,0.9583736658096313,0.9604740464542494,ok,True,True,-14.970026256991535,2.5606818263860784,1.0,0.0,0.9804841750435145
104,1767153428351,22.19485698220573,18.456209107288114,17.71244758590663,17.71244758590663,17.71244758590663,0.9381170272827148,0.9470598349513286,ok,True,True,-6.8413584360533655,3.7386478749176177,1.0,0.0,0.9804841750435145
105,1767153428384,29.183124082686,24.892358092526845,24.065579714613378,24.065579714613378,24.065579714613378,0.950721263885498,0.9492566923118303,ok,True,True,2.194684867189972,4.290765990159155,1.0,0.0,0.9804841750435145
106,1767153428417,36.008557641081204,31.562077821659457,30.733582525341603,30.733582525341603,30.733582525341603,0.9279607534408569,0.9364791289892462,ok,True,True,11.24955959549039,4.4464798194217465,1.0,0.0,0.9804841750435145
107,1767153428450,43.90920294073266,38.97035289310338,38.09292464496376,38.09292464496376,38.09292464496376,0.9321328997612,0.9338713914524185,ok,True,True,20.839301721895612,4.9388500476292805,1.0,0.0,0.9804841750435145
108,1767153428484,52.238720248852594,46.931373306552906,46.022469954846166,46.022469954846166,46.022469954846166,0.9236164093017578,0.9277184021620221,ok,True,True,30.77310778026137,5.307346942299688,1.0,0.0,0.9804841750435145
109,1767153428517,56.57729847901201,52.71892841002837,52.086041692348374,52.086041692348374,52.086041692348374,0.9087926745414734,0.9163629655896929,ok,True,True,37.690244652678,3.858370068983639,1.0,0.0,0.9804841750435145
110,1767153428550,60.12725016283712,57.16392146171363,56.73741233764693,56.73741233764693,56.73741233764693,0.9637799263000488,0.9448131420159065,ok,True,True,42.35180072994392,2.963328701123494,1.0,0.0,0.9804841750435145
111,1767153428584,58.380536848921295,57.893890694038234,57.922378102121804,57.922378102121804,57.922378102121804,0.916022539138794,0.9275387802896389,ok,True,True,42.04044452532177,0.4866461548830614,1.0,0.0,0.9804841750435145
112,1767153428727,55.41843425275477,56.408616829268155,56.73396232410194,56.73396232410194,56.73396232410194,0.8985499143600464,0.9101454607318834,ok,True,True,38.48453087807036,0.9901825765133836,1.0,0.0,0.9804841750435145
113,1767153428751,51.55581021293454,53.49693285946799,54.00137761228331,54.00137761228331,54.00137761228331,0.9045264720916748,0.9067740675477582,ok,True,True,32.971103296147035,1.9411226465334508,1.0,0.0,0.9804841750435145
114,1767153428780,46.546328133127574,49.326570023663734,49.97096903195346,49.97096903195346,49.97096903195346,0.893707275390625,0.8989339922534783,ok,True,True,25.927993852958164,2.7802418905361606,1.0,0.0,0.9804841750435145
115,1767153428803,40.96198594650036,44.30781957736571,45.03632202134584,45.03632202134584,45.03632202134584,0.7835928201675415,0.8297292890019162,ok,True,True,17.965631110400743,3.34583363086535,1.0,0.0,0.9804841750435145
116,1767153428825,33.549749315717605,37.852977420376845,38.7215217711767,38.7215217711767,38.7215217711767,0.9275892972946167,0.8884452939775365,ok,True,True,8.472615511487904,4.30322810465924,1.0,0.0,0.9804841750435145
117,1767153428850,23.980232629793964,29.52933054602712,30.586759113899745,30.586759113899745,30.586759113899745,0.9109985828399658,0.9019772672949942,ok,True,True,-3.084896948522724,5.549097916233155,1.0,0.0,0.9804841750435145
118,1767153428897,17.801460655039154,22.492608611434342,23.38449210019556,23.38449210019556,23.38449210019556,0.9538836479187012,0.9331210956692184,ok,True,True,-12.833053366097879,4.691147956395188,1.0,0.0,0.9804841750435145
119,1767153428930,10.472451206344976,15.280514168380723,16.137229116136652,16.137229116136652,16.137229116136652,0.9639125466346741,0.9515959662484919,ok,True,True,-22.196843052283075,4.808062962035747,1.0,0.0,0.9804841750435145
120,1767153428944,5.73275485641993,9.551858581204247,10.204251669240234,10.204251669240234,10.204251669240234,0.9829210042953491,0.9703909890766061,ok,True,True,-29.327433841897353,3.8191037247843163,1.0,0.0,0.9804841750435145
121,1767153428975,2.711253535932884,5.447495554041429,5.869276010383642,5.869276010383642,5.869276010383642,0.9549105167388916,0.9611027056739774,ok,True,True,-33.93746005095996,2.7362420181085447,1.0,0.0,0.9804841750435145
122,1767153428999,1.248429916048223,2.9280561712455055,3.1300606858719116,3.1300606858719116,3.1300606858719116,0.9729057550430298,0.9681845352954088,ok,True,True,-36.14535663218173,1.6796262551972825,1.0,0.0,0.9804841750435145
123,1767153429027,1.5789305103444624,2.1185807747048795,2.096999954230673,2.096999954230673,2.096999954230673,0.9691954255104065,0.9687910694244074,ok,True,True,-35.90947927743438,0.5396502643604171,1.0,0.0,0.9804841750435145
124,1767153429050,1.5617862051051667,1.7845040329450519,1.6857895946383699,1.6857895946383699,1.6857895946383699,0.9675247669219971,0.9680312879229611,ok,True,True,-34.830533641356425,0.22271782783988514,1.0,0.0,0.9804841750435145
125,1767153429074,3.234496812262315,2.6544997005354096,2.416808307527595,2.416808307527595,2.416808307527595,0.9712520241737366,0.9699637296734265,ok,True,True,-32.232571162442255,0.5799971117269052,1.0,0.0,0.9804841750435145
126,1767153429098,4.5804770779683395,3.8100861269951674,3.5346752281815847,3.5346752281815847,3.5346752281815847,0.9669305086135864,0.9681437970375224,ok,True,True,-29.222331819276903,0.7703909509731721,1.0,0.0,0.9804841750435145
127,1767153429122,7.978957704273642,6.311409073362252,5.892794309341774,5.892794309341774,5.892794309341774,0.9702453017234802,0.969404699849097,ok,True,True,-24.64687049201021,1.6675486309113907,1.0,0.0,0.9804841750435145
128,1767153429150,11.376691176813909,9.350578335433246,8.872975698738824,8.872975698738824,8.872975698738824,0.9769589304924011,0.9739372382350795,ok,True,True,-19.426666598946124,2.0261128413806624,1.0,0.0,0.9804841750435145
129,1767153429184,17.20928957021664,14.065805076303283,13.413980501029355,13.413980501029355,13.413980501029355,0.9505828022956848,0.9599245766714426,ok,True,True,-12.302208323325207,3.1434844939133573,1.0,0.0,0.9804841750435145
130,1767153429217,24.339791758213526,20.230197085449426,19.42369658480713,19.42369658480713,19.42369658480713,0.9161112904548645,0.9336366049414957,ok,True,True,-3.4871316946006132,4.1095946727641,1.0,0.0,0.9804841750435145
131,1767153429250,32.33064725398834,27.490467186572772,26.57719081375788,26.57719081375788,26.57719081375788,0.9516265988349915,0.9444306012775932,ok,True,True,6.495015657383373,4.840180067415567,1.0,0.0,0.9804841750435145
132,1767153429288,40.42209263588389,35.24944245615944,34.30572626036583,34.30572626036583,34.30572626036583,0.9432863593101501,0.9437440560971274,ok,True,True,16.809878055556002,5.1726501797244495,1.0,0.0,0.9804841750435145
133,1767153429317,46.69291970182804,42.1155288035606,41.306440993331655,41.306440993331655,41.306440993331655,0.9051063656806946,0.9205614418472677,ok,True,True,25.65325098769702,4.5773908982674385,1.0,0.0,0.9804841750435145
134,1767153429351,53.191709128821934,48.7612369987174,48.02466945949209,48.02466945949209,48.02466945949209,0.8815507888793945,0.8971550500665437,ok,True,True,33.70397772959578,4.430472130104533,1.0,0.0,0.9804841750435145
135,1767153429384,54.915364128081364,52.45371327633578,52.08478955548722,52.08478955548722,52.08478955548722,0.7895755767822266,0.8326073660959534,ok,True,True,37.736337738396834,2.4616508517455813,1.0,0.0,0.9804841750435145
136,1767153429417,56.22459592322083,54.71624286446681,54.56294303370722,54.56294303370722,54.56294303370722,0.872070848941803,0.8562854558034632,ok,True,True,39.4119154842696,1.5083530587540253,1.0,0.0,0.9804841750435145
137,1767153429450,55.657431500180465,55.280956045894996,55.34744194241488,55.34744194241488,55.34744194241488,0.8624082803726196,0.8599591505449571,ok,True,True,38.68521975149111,0.3764754542854689,1.0,0.0,0.9804841750435145
138,1767153429484,51.28920276022236,52.885904074491414,53.30454478378221,53.30454478378221,53.30454478378221,0.9591403007507324,0.9194678406684224,ok,True,True,34.10944439401044,1.5967013142690547,1.0,0.0,0.9804841750435145
139,1767153429517,49.47666519960668,50.840360749560574,51.24227391900567,51.24227391900567,51.24227391900567,0.916996955871582,0.9179853097903181,ok,True,True,29.71650089760841,1.3636955499538956,1.0,0.0,0.9804841750435145
140,1767153429585,37.56445363074299,42.87481647827002,43.91923012039783,43.91923012039783,43.91923012039783,0.9588577747344971,0.9425087887568255,ok,True,True,18.300971777905794,5.310362847527031,1.0,0.0,0.9804841750435145
141,1767153429617,26.45730599104442,33.02431018593466,34.30833662526378,34.30833662526378,34.30833662526378,0.9273350834846497,0.93340456559352,ok,True,True,4.266450771925127,6.567004194890238,1.0,0.0,0.9804841750435145
142,1767153429650,21.195964124379792,25.927302549001737,26.878551781503177,26.878551781503177,26.878551781503177,0.9218384027481079,0.9264648678862728,ok,True,True,-6.130788906526218,4.731338424621946,1.0,0.0,0.9804841750435145
143,1767153429684,15.933035992798622,19.93074261527987,20.683354800160778,20.683354800160778,20.683354800160778,0.9705520272254944,0.9529171634898057,ok,True,True,-14.356909641327599,3.997706622481246,1.0,0.0,0.9804841750435145
144,1767153429718,8.456762537015452,13.046354568321219,13.845281958965103,13.845281958965103,13.845281958965103,0.9399701952934265,0.9451489825719781,ok,True,True,-23.08926164713964,4.5895920313057665,1.0,0.0,0.9804841750435145
145,1767153429750,4.447667622564504,7.88714240086719,8.466211963233679,8.466211963233679,8.466211963233679,0.9703968167304993,0.9602976830670908,ok,True,True,-29.418547960045416,3.439474778302686,1.0,0.0,0.9804841750435145
146,1767153429784,1.320064720105406,3.9468957924101202,4.341837146854903,4.341837146854903,4.341837146854903,0.9711378216743469,0.9668017662314445,ok,True,True,-33.73529588859632,2.6268310723047144,1.0,0.0,0.9804841750435145
147,1767153429817,1.260453344328681,2.3350303235612566,2.433500315452246,2.433500315452246,2.433500315452246,0.9646605253219604,0.965517021685754,ok,True,True,-34.81158277135571,1.0745769792325757,1.0,0.0,0.9804841750435145
148,1767153429850,1.9764450500279576,2.119879159441277,2.025374769620858,2.025374769620858,2.025374769620858,0.9678604006767273,0.966923049080338,ok,True,True,-33.77864017141877,0.14343410941331958,1.0,0.0,0.9804841750435145
149,1767153429883,3.4923050925570096,2.9433347193107164,2.7152207590263204,2.7152207590263204,2.7152207590263204,0.9584903120994568,0.9618634068918093,ok,True,True,-31.285331047481797,0.5489703732462932,1.0,0.0,0.9804841750435145
150,1767153429918,4.861975879951393,4.094519415695122,3.824192745070983,3.824192745070983,3.824192745070983,0.9643219113349915,0.9633385095577185,ok,True,True,-28.33063229947909,0.7674564642562709,1.0,0.0,0.9804841750435145
151,1767153429951,9.504961795997248,7.340784843876397,6.842914652373243,6.842914652373243,6.842914652373243,0.9680099487304688,0.9661413730613686,ok,True,True,-22.88885852219542,2.164176952120851,1.0,0.0,0.9804841750435145
152,1767153429984,14.957448585105217,11.910783088613687,11.260025088541639,11.260025088541639,11.260025088541639,0.9597195386886597,0.9622882724377433,ok,True,True,-15.776004163094974,3.0466654964915296,1.0,0.0,0.9804841750435145
153,1767153430017,23.01926644654868,18.575873103374683,17.700687530436216,17.700687530436216,17.700687530436216,0.8632820248603821,0.9028845238913266,ok,True,True,-6.210131652113832,4.443393343173998,1.0,0.0,0.9804841750435145
154,1767153430053,29.326089081957697,25.02600269052449,24.185347613614272,24.185347613614272,24.185347613614272,0.9317706823348999,0.9202162189574705,ok,True,True,2.978319554994032,4.300086391433208,1.0,0.0,0.9804841750435145
155,1767153430084,34.074199532744395,30.45492079585643,29.766276282950795,29.766276282950795,29.766276282950795,0.9670736193656921,0.9483306592024034,ok,True,True,10.50527935082983,3.6192787368879635,1.0,0.0,0.9804841750435145
156,1767153430117,39.09707865429216,35.64021551091787,35.02372817792141,35.02372817792141,35.02372817792141,0.9432816505432129,0.9453012540068891,ok,True,True,17.243553729347173,3.4568631433742922,1.0,0.0,0.9804841750435145
157,1767153430150,42.94042037963776,40.0203384321498,39.52683444753335,39.52683444753335,39.52683444753335,0.946051836013794,0.945751603211032,ok,True,True,22.6376069037362,2.920081947487958,1.0,0.0,0.9804841750435145
158,1767153430184,47.852743733306504,44.719781612843825,44.224432202183074,44.224432202183074,44.224432202183074,0.9429808855056763,0.9440891725878187,ok,True,True,28.051831085797858,3.132962120462679,1.0,0.0,0.9804841750435145
159,1767153430219,54.139784035951976,50.371783066708716,49.79005816550132,49.79005816550132,49.79005816550132,0.9109497666358948,0.9242055290166643,ok,True,True,34.41014930872209,3.7680009692432606,1.0,0.0,0.9804841750435145
160,1767153430250,53.254044742172724,52.10114007198712,51.97122163734225,51.97122163734225,51.97122163734225,0.8827195167541504,0.8993139216591559,ok,True,True,35.83017239227334,1.152904670185606,1.0,0.0,0.9804841750435145
161,1767153430283,54.24272458276426,53.3860907784534,53.361478212407384,53.361478212407384,53.361478212407384,0.8614423871040344,0.8765910009260831,ok,True,True,36.099190514835854,0.8566338043108601,1.0,0.0,0.9804841750435145
162,1767153430317,49.58522089433004,51.105568847979384,51.49163945701632,51.49163945701632,51.49163945701632,0.9193232655525208,0.9022303597019457,ok,True,True,31.87939506037145,1.5203479536493418,1.0,0.0,0.9804841750435145
163,1767153430351,44.51636307954917,47.15204538692126,47.75497000233482,47.75497000233482,47.75497000233482,0.9634158611297607,0.9389416605586347,ok,True,True,25.289360546003643,2.635682307372086,1.0,0.0,0.9804841750435145
164,1767153430384,34.4229134368976,39.51456621690707,40.52832982139786,40.52832982139786,40.52832982139786,0.9151309728622437,0.9246552479408001,ok,True,True,14.208808881371978,5.091652780009468,1.0,0.0,0.9804841750435145
165,1767153430420,28.99839893528533,33.20486584793403,34.07507108563475,34.07507108563475,34.07507108563475,0.9151721000671387,0.9189653592166033,ok,True,True,4.697366247596227,4.2064669126487,1.0,0.0,0.9804841750435145
166,1767153430451,20.63279410031406,25.66162279936205,26.618092664225692,26.618092664225692,26.618092664225692,0.9454929232597351,0.9348818976424824,ok,True,True,-5.756958882812553,5.028828699047988,1.0,0.0,0.9804841750435145
167,1767153430483,14.015638274928179,18.67403208470173,19.539222958118785,19.539222958118785,19.539222958118785,0.9487338066101074,0.9431930430230574,ok,True,True,-15.213594407909818,4.65839380977355,1.0,0.0,0.9804841750435145
168,1767153430517,8.577835930971537,12.616314392463615,13.332357465909222,13.332357465909222,13.332357465909222,0.966088593006134,0.9569303730129033,ok,True,True,-23.040027532037712,4.038478461492078,1.0,0.0,0.9804841750435145
169,1767153430550,3.7108590635039373,7.273041195087808,7.863585842211538,7.863585842211538,7.863585842211538,0.9511024951934814,0.9534336463212502,ok,True,True,-29.494748551929646,3.562182131583871,1.0,0.0,0.9804841750435145
170,1767153430584,1.5014334229000577,3.8100765317751577,4.15274734996602,4.15274734996602,4.15274734996602,0.9648926854133606,0.9603090697765164,ok,True,True,-33.24018013438059,2.3086431088751,1.0,0.0,0.9804841750435145
171,1767153430619,0.8960262217630613,2.0616463457679,2.1713660373860812,2.1713660373860812,2.1713660373860812,0.9686020612716675,0.9652848646736071,ok,True,True,-34.43942904324524,1.165620124004839,1.0,0.0,0.9804841750435145
172,1767153430650,1.4780934887476007,1.7115146315557204,1.6347149699389187,1.6347149699389187,1.6347149699389187,0.9708938002586365,0.9686502260246248,ok,True,True,-33.599999854325276,0.23342114280811965,1.0,0.0,0.9804841750435145
173,1767153430684,2.0310619902522364,1.90324304677363,1.74827443060927,1.74827443060927,1.74827443060927,0.9651198983192444,0.9665320294013966,ok,True,True,-31.906174923726148,0.12781894347860634,1.0,0.0,0.9804841750435145
174,1767153430718,3.4946155218919737,2.8580665318446363,2.6155088585298536,2.6155088585298536,2.6155088585298536,0.9692455530166626,0.9681601435705562,ok,True,True,-29.254991417548048,0.6365489900473373,1.0,0.0,0.9804841750435145
175,1767153430750,5.327987177878911,4.3400189194652015,4.0387177572989135,4.0387177572989135,4.0387177572989135,0.9640344977378845,0.9656847560709532,ok,True,True,-25.9617347276028,0.9879682584137095,1.0,0.0,0.9804841750435145
176,1767153430784,7.779869962574281,6.40392954533065,6.043373588849266,6.043373588849266,6.043373588849266,0.9575028419494629,0.9607756075980589,ok,True,True,-22.020816215481787,1.3759404172436316,1.0,0.0,0.9804841750435145
177,1767153430817,12.407671415179903,10.006174667240202,9.4819785828783,9.4819785828783,9.4819785828783,0.9545025825500488,0.9570117925692528,ok,True,True,-16.291292033217058,2.401496747939701,1.0,0.0,0.9804841750435145
178,1767153430850,20.420154138784245,16.254562350166626,15.438091594379637,15.438091594379637,15.438091594379637,0.9186505079269409,0.9339950217838656,ok,True,True,-7.367171617500501,4.165591788617618,1.0,0.0,0.9804841750435145
179,1767153430884,29.456904211542543,24.175967466992176,23.173357170825398,23.173357170825398,23.173357170825398,0.9135103225708008,0.9217042022560267,ok,True,True,3.5914757281864578,5.280936744550367,1.0,0.0,0.9804841750435145
180,1767153430924,36.983311684959766,31.86037399777273,30.904208401776014,30.904208401776014,30.904208401776014,0.9439479112625122,0.935050427659918,ok,True,True,14.042477161967767,5.1229376871870365,1.0,0.0,0.9804841750435145
181,1767153430950,45.934391957551476,40.30478477363998,39.30786132179429,39.30786132179429,39.30786132179429,0.9064287543296814,0.917877423661776,ok,True,True,24.9389667800031,5.629607183911496,1.0,0.0,0.9804841750435145
182,1767153430984,50.528491028017235,46.439008526266335,45.73590515287227,45.73590515287227,45.73590515287227,0.9147228598594666,0.9159846853803904,ok,True,True,32.62396871079427,4.089482501750901,1.0,0.0,0.9804841750435145
183,1767153431017,54.646733612866925,51.363643578226686,50.85692008835591,50.85692008835591,50.85692008835591,0.7301496267318726,0.8044836501912798,ok,True,True,38.162515623811245,3.2830900346402387,1.0,0.0,0.9804841750435145
184,1767153431050,57.00994648766225,54.75142532388803,54.45874632153335,54.45874632153335,54.45874632153335,0.880395770072937,0.8500309221202742,ok,True,True,41.36153130999024,2.258521163774219,1.0,0.0,0.9804841750435145
185,1767153431083,56.72030370964028,55.932752355339375,55.92211756886213,55.92211756886213,55.92211756886213,0.9287217855453491,0.8972454401753192,ok,True,True,41.477770769030315,0.7875513543009021,1.0,0.0,0.9804841750435145
186,1767153431117,54.59467998479039,55.12990893300998,55.37263063660674,55.37263063660674,55.37263063660674,0.9573366641998291,0.9333001745900251,ok,True,True,38.82479417245487,0.53522894821959,1.0,0.0,0.9804841750435145
187,1767153431152,49.10119744332846,51.51268203920107,52.087913508614015,52.087913508614015,52.087913508614015,0.8878528475761414,0.9060317783816949,ok,True,True,32.537446939868616,2.411484595872608,1.0,0.0,0.9804841750435145
188,1767153431184,42.679129213330654,46.21255034367882,46.98932469921858,46.98932469921858,46.98932469921858,0.8604859709739685,0.8787042939370591,ok,True,True,24.04721236447365,3.5334211303481666,1.0,0.0,0.9804841750435145
189,1767153431250,32.76905409396603,38.146452593851144,39.22283444749676,39.22283444749676,39.22283444749676,0.9690219163894653,0.9328948674085029,ok,True,True,12.28223275113995,5.377398499885118,1.0,0.0,0.9804841750435145
190,1767153431284,22.611412448224392,28.82542850647509,30.03153804767736,30.03153804767736,30.03153804767736,0.9601650238037109,0.9492569612456278,ok,True,True,-0.9006857026528703,6.214016058250699,1.0,0.0,0.9804841750435145
191,1767153431317,15.878591472673971,21.057326286194417,22.05555498478863,22.05555498478863,22.05555498478863,0.9320392608642578,0.9389263410168058,ok,True,True,-11.811442242068537,5.178734813520446,1.0,0.0,0.9804841750435145
192,1767153431350,9.601350379023806,14.183740741892052,15.01834448428676,15.01834448428676,15.01834448428676,0.9651674032211304,0.9546709783394005,ok,True,True,-20.933758874725033,4.582390362868246,1.0,0.0,0.9804841750435145
193,1767153431417,3.6999506185343827,7.89346666787745,8.610770563713722,8.610770563713722,8.610770563713722,0.9375770092010498,0.9444145968563901,ok,True,True,-28.773974465070253,4.193516049343067,1.0,0.0,0.9804841750435145
194,1767153431450,4.640013738368561,5.941394910172116,6.132268988631966,6.132268988631966,6.132268988631966,0.9596719145774841,0.9535689874890465,ok,True,True,-30.860250501173212,1.3013811718035555,1.0,0.0,0.9804841750435145
195,1767153431483,4.784099468287815,5.247017645041535,5.23101064563271,5.23101064563271,5.23101064563271,0.9720063209533691,0.9646313875676401,ok,True,True,-30.68529212231994,0.46291817675372027,1.0,0.0,0.9804841750435145
196,1767153431517,5.710449442865218,5.5250767237357445,5.378101238394222,5.378101238394222,5.378101238394222,0.9628825187683105,0.9635820662880423,ok,True,True,-29.07883284604094,0.1853727191294734,1.0,0.0,0.9804841750435145
197,1767153431550,6.420659327890431,6.062426286228556,5.87787177443265,5.87787177443265,5.87787177443265,0.9711282849311829,0.9681097974739267,ok,True,True,-27.061630404587774,0.3582330416618751,1.0,0.0,0.9804841750435145
198,1767153431583,8.631297656528334,7.603749108408422,7.310455121864002,7.310455121864002,7.310455121864002,0.9557409286499023,0.960688476179512,ok,True,True,-23.85589275715713,1.0275485481199116,1.0,0.0,0.9804841750435145
199,1767153431617,13.978550711499024,11.428630070262784,10.880266393991338,10.880266393991338,10.880266393991338,0.9603950381278992,0.9605124133485443,ok,True,True,-17.862213499574516,2.5499206412362394,1.0,0.0,0.9804841750435145
200,1767153431652,21.475123760344616,17.456526284311884,16.65612236901862,16.65612236901862,16.65612236901862,0.9269639253616333,0.9403833205563977,ok,True,True,-9.1137048776825,4.018597476032731,1.0,0.0,0.9804841750435145
201,1767153431683,31.181628215419646,25.69158744297654,24.649266815197784,24.649266815197784,24.649266815197784,0.9247133135795593,0.9309813163702947,ok,True,True,2.2789817813112254,5.4900407724431055,1.0,0.0,0.9804841750435145
202,1767153431719,38.16493536436739,33.17559619581105,32.232481592075814,32.232481592075814,32.232481592075814,0.9001328945159912,0.9124722632577127,ok,True,True,12.587334975922873,4.989339168556334,1.0,0.0,0.9804841750435145
203,1767153431754,48.441460668799884,42.33511487960435,41.25442394823271,41.25442394823271,41.25442394823271,0.9494220614433289,0.9346421421690825,ok,True,True,24.399413571082757,6.106345789195537,1.0,0.0,0.9804841750435145
204,1767153431783,56.81396805509277,51.0224267848974,50.02302620361566,50.02302620361566,50.02302620361566,0.9249206185340881,0.9288092279880859,ok,True,True,35.32297911597313,5.791541270195374,1.0,0.0,0.9804841750435145
205,1767153431817,59.44939778317471,56.07860938386379,55.53417657772041,55.53417657772041,55.53417657772041,0.8811909556388855,0.9002382645785656,ok,True,True,41.273693532154795,3.370788399310918,1.0,0.0,0.9804841750435145
206,1767153431850,59.74563850367563,58.27882685575089,58.126053268063075,58.126053268063075,58.126053268063075,0.813361406326294,0.8481121496272026,ok,True,True,42.94352676216355,1.466811647924736,1.0,0.0,0.9804841750435145
207,1767153431883,58.31585632221561,58.30104453562973,58.441273467292035,58.441273467292035,58.441273467292035,0.8550824522972107,0.8522943312292074,ok,True,True,41.41080809286535,0.014811786585880782,1.0,0.0,0.9804841750435145
208,1767153431917,53.70340025847654,55.54245796933782,56.020041358875474,56.020041358875474,56.020041358875474,0.7672002911567688,0.8012379071857443,ok,True,True,36.190765631060586,1.839057710861276,1.0,0.0,0.9804841750435145
209,1767153431950,49.7162601700444,52.04673928976177,52.62482258306889,52.62482258306889,52.62482258306889,0.7777344584465027,0.7871358379421993,ok,True,True,29.872247430932575,2.330479119717367,1.0,0.0,0.9804841750435145
210,1767153431984,41.71004779072973,45.84472439034255,46.71255785105793,46.71255785105793,46.71255785105793,0.771503210067749,0.7777562612175292,ok,True,True,20.386725911928224,4.134676599612817,1.0,0.0,0.9804841750435145
211,1767153432017,33.81677632400553,38.627955550540335,39.6060918518907,39.6060918518907,39.6060918518907,0.9609600305557251,0.8876785228204468,ok,True,True,9.69558140274342,4.811179226534804,1.0,0.0,0.9804841750435145
212,1767153432083,17.596970416884904,26.009364470347077,27.56291585443261,27.56291585443261,27.56291585443261,0.9458103179931641,0.9225575999240772,ok,True,True,-7.284917462670089,8.412394053462172,1.0,0.0,0.9804841750435145
213,1767153432116,11.16186148001886,17.100862676150147,18.241393290089977,18.241393290089977,18.241393290089977,0.9345734119415283,0.9297670871345478,ok,True,True,-19.751050865340797,5.9390011961312865,1.0,0.0,0.9804841750435145
214,1767153432150,6.3181268419805985,10.631221175648419,11.407086944969247,11.407086944969247,11.407086944969247,0.9590389132499695,0.9473301828038008,ok,True,True,-28.23135474092684,4.31309433366782,1.0,0.0,0.9804841750435145
215,1767153432183,2.797337144338572,5.930890756862511,6.437042623095659,6.437042623095659,6.437042623095659,0.9712895154953003,0.9617057824187005,ok,True,True,-33.763654016998224,3.133553612523939,1.0,0.0,0.9804841750435145
216,1767153432217,0.8220809883709145,2.8656048957675533,3.138592200096332,3.138592200096332,3.138592200096332,0.9820078611373901,0.9738870296499142,ok,True,True,-36.7474372789336,2.0435239073966387,1.0,0.0,0.9804841750435145
217,1767153432250,0.5944404781737932,1.5029062452112973,1.5487509587947637,1.5487509587947637,1.5487509587947637,0.9724959135055542,0.9730523599632983,ok,True,True,-37.24852537679837,0.9084657670375041,1.0,0.0,0.9804841750435145
218,1767153432286,0.821276361239335,1.09392831482812,1.0061169743835439,1.0061169743835439,1.0061169743835439,0.9658809304237366,0.9687495022395612,ok,True,True,-36.2887371237288,0.272651953588785,1.0,0.0,0.9804841750435145
219,1767153432321,2.668792212732108,2.0388466535705128,1.7885855749838966,1.7885855749838966,1.7885855749838966,0.969268262386322,0.9690607583276176,ok,True,True,-33.553354173716826,0.6299455591615954,1.0,0.0,0.9804841750435145
220,1767153432350,5.377333810391344,4.041938947663011,3.6656246644302373,3.6656246644302373,3.6656246644302373,0.9601671099662781,0.9637245693108139,ok,True,True,-29.440194907491584,1.3353948627283332,1.0,0.0,0.9804841750435145
221,1767153432383,8.046218785137025,6.44450685014742,6.024842019116747,6.024842019116747,6.024842019116747,0.9574596285820007,0.9599656048735259,ok,True,True,-24.853209067137737,1.6017119349896056,1.0,0.0,0.9804841750435145
222,1767153432416,12.104700563456989,9.840623078133161,9.322298265249236,9.322298265249236,9.322298265249236,0.9574514627456665,0.9584571195968103,ok,True,True,-19.187858049098928,2.2640774853238277,1.0,0.0,0.9804841750435145
223,1767153432450,17.929787187852764,14.694121543964922,14.023208779227136,14.023208779227136,14.023208779227136,0.9526657462120056,0.9549822955659275,ok,True,True,-11.854702813816626,3.2356656438878417,1.0,0.0,0.9804841750435145
224,1767153432483,25.959092365843762,21.453104037092224,20.579778175194125,20.579778175194125,20.579778175194125,0.9300458431243896,0.9400204241010048,ok,True,True,-2.3091486768572462,4.505988328751538,1.0,0.0,0.9804841750435145
225,1767153432517,33.43916481115532,28.64474050153008,27.736048589098843,27.736048589098843,27.736048589098843,0.905572772026062,0.9193518328560392,ok,True,True,7.622960542873669,4.794424309625242,1.0,0.0,0.9804841750435145
226,1767153432551,38.877702814203694,34.78451788913425,34.02622266506539,34.02622266506539,34.02622266506539,0.910416841506958,0.9139908380465904,ok,True,True,15.911216313500638,4.093184925069444,1.0,0.0,0.9804841750435145
227,1767153432583,47.118400781670566,42.184847624656044,41.33348600614005,41.33348600614005,41.33348600614005,0.9506657719612122,0.9359957983953635,ok,True,True,25.216698695772372,4.933553157014522,1.0,0.0,0.9804841750435145
228,1767153432617,52.802510985276975,48.5554456410286,47.84324024326659,47.84324024326659,47.84324024326659,0.8923770785331726,0.9098245664780489,ok,True,True,33.001187258316996,4.247065344248377,1.0,0.0,0.9804841750435145
229,1767153432806,55.406755664673554,52.666231655215576,52.250726414625454,52.250726414625454,52.250726414625454,0.9559836983680725,0.9375200456120631,ok,True,True,37.54270829064062,2.740524009457978,1.0,0.0,0.9804841750435145
230,1767153432834,55.28253847756766,54.236015748626826,54.15411163927541,54.15411163927541,54.15411163927541,0.8594697117805481,0.8906898453131542,ok,True,True,38.43792981600054,1.046522728940836,1.0,0.0,0.9804841750435145
231,1767153432859,54.52393027057795,54.4087644617975,54.52334087292368,54.52334087292368,54.52334087292368,0.9301214218139648,0.9143487912136405,ok,True,True,37.18559619859528,0.11516580878044635,1.0,0.0,0.9804841750435145
232,1767153432883,50.45362622076043,52.035681517175256,52.45165856179238,52.45165856179238,52.45165856179238,0.8882070183753967,0.8986637275106942,ok,True,True,32.6389182921295,1.5820552964148291,1.0,0.0,0.9804841750435145
233,1767153432907,31.078314091724852,39.46126106190502,41.03249625780335,41.03249625780335,41.03249625780335,0.9504461288452148,0.9297331683114066,ok,True,True,15.465133238773447,8.382946970180168,1.0,0.0,0.9804841750435145
234,1767153432941,22.36827711840771,29.205470695806635,30.582975998972522,30.582975998972522,30.582975998972522,0.9493609070777893,0.9415098115712361,ok,True,True,0.4088386438034508,6.837193577398924,1.0,0.0,0.9804841750435145
235,1767153432966,16.80737831799273,21.76661526911829,22.752098491499275,22.752098491499275,22.752098491499275,0.9537338018417358,0.9488442057335359,ok,True,True,-10.362608610184557,4.959236951125561,1.0,0.0,0.9804841750435145
236,1767153432990,11.144619470056444,15.393417789681182,16.176142515590666,16.176142515590666,16.176142515590666,0.946322500705719,0.9473311827168458,ok,True,True,-18.917881707023177,4.248798319624738,1.0,0.0,0.9804841750435145
237,1767153433015,5.8984390774854365,9.696430562363735,10.349229313011687,10.349229313011687,10.349229313011687,0.9516193866729736,0.9499041050905226,ok,True,True,-26.053048649344014,3.797991484878299,1.0,0.0,0.9804841750435145
238,1767153433039,3.4775171953459107,5.965082542153041,6.3574584707072175,6.3574584707072175,6.3574584707072175,0.9784436821937561,0.9670278513524627,ok,True,True,-30.341763588955367,2.4875653468071306,1.0,0.0,0.9804841750435145
239,1767153433066,2.340877919930231,3.7905597688193553,3.9641642539273687,3.9641642539273687,3.9641642539273687,0.9768752455711365,0.9729362878836669,ok,True,True,-32.23928098159824,1.4496818488891243,1.0,0.0,0.9804841750435145
240,1767153433090,1.9131266421093127,2.6640998927933297,2.689258392259821,2.689258392259821,2.689258392259821,0.9695485234260559,0.9709036292091003,ok,True,True,-32.514266332822956,0.750973250684017,1.0,0.0,0.9804841750435145
241,1767153433116,2.42558791487558,2.52099270604268,2.4188122291647094,2.4188122291647094,2.4188122291647094,0.9663835167884827,0.9681915617567298,ok,True,True,-31.39742173083722,0.0954047911671001,1.0,0.0,0.9804841750435145
242,1767153433150,3.760567778225582,3.2647377493524212,3.0535219461565783,3.0535219461565783,3.0535219461565783,0.9656549692153931,0.9666696062319278,ok,True,True,-29.08880821810352,0.49583002887316097,1.0,0.0,0.9804841750435145
243,1767153433262,5.263220441123424,4.463827364415023,4.198211688812231,4.198211688812231,4.198211688812231,0.9703165292739868,0.9688577600571633,ok,True,True,-26.185597716694986,0.7993930767084008,1.0,0.0,0.9804841750435145
244,1767153433286,7.475841600907005,6.271035906310212,5.9422794567237425,5.9422794567237425,5.9422794567237425,0.970904529094696,0.970085821479683,ok,True,True,-22.59225114671215,1.2048056945967929,1.0,0.0,0.9804841750435145
245,1767153433308,10.538401894451216,8.831455499194814,8.424956979222177,8.424956979222177,8.424956979222177,0.966572642326355,0.9679779139876862,ok,True,True,-18.149174625153286,1.7069463952564021,1.0,0.0,0.9804841750435145
246,1767153433331,15.752793767988184,12.984258460470835,12.407892449858014,12.407892449858014,12.407892449858014,0.9646134376525879,0.9659592281866272,ok,True,True,-11.849426498676154,2.7685353075173484,1.0,0.0,0.9804841750435145
247,1767153433353,22.05775426632126,18.428355943981092,17.712351312064214,17.712351312064214,17.712351312064214,0.9421563744544983,0.9516775159473498,ok,True,True,-4.02341185612738,3.629398322340169,1.0,0.0,0.9804841750435145
248,1767153433377,30.51644871307961,25.6812116054402,24.776867870122928,24.776867870122928,24.776867870122928,0.9287046194076538,0.9378937780235321,ok,True,True,5.861171286334624,4.835237107639408,1.0,0.0,0.9804841750435145
249,1767153433400,38.799291900231275,33.55205978231484,32.594497037262265,32.594497037262265,32.594497037262265,0.9057328701019287,0.9185972332705701,ok,True,True,16.327444450015136,5.2472321179164325,1.0,0.0,0.9804841750435145
250,1767153433425,46.71207557489628,41.44806925786371,40.52069553691294,40.52069553691294,40.52069553691294,0.9555845260620117,0.9407896089454351,ok,True,True,26.463748037982704,5.264006317032575,1.0,0.0,0.9804841750435145
251,1767153433451,52.866415621534344,48.29907707606609,47.5294107238608,47.5294107238608,47.5294107238608,0.8154233694076538,0.8655698652227664,ok,True,True,34.87629158026087,4.567338545468253,1.0,0.0,0.9804841750435145
252,1767153433483,56.05537134277637,52.95285363609226,52.47730995492327,52.47730995492327,52.47730995492327,0.7855923175811768,0.8175833366378126,ok,True,True,40.07403981578892,3.102517706684111,1.0,0.0,0.9804841750435145
253,1767153433517,56.39813675349254,55.020023506532425,54.885324381708045,54.885324381708045,54.885324381708045,0.8493688106536865,0.836654621047337,ok,True,True,41.546317055740836,1.3781132469601118,1.0,0.0,0.9804841750435145
254,1767153433550,55.17400002485426,55.11240941752553,55.241626433335895,55.241626433335895,55.241626433335895,0.7544851303100586,0.7873529266049699,ok,True,True,40.133959910574774,0.061590607328732005,1.0,0.0,0.9804841750435145
255,1767153433583,50.45312045513486,52.316836040091125,52.79256824649242,52.79256824649242,52.79256824649242,0.9381752610206604,0.8778463272543843,ok,True,True,34.93415107203547,1.8637155849562674,1.0,0.0,0.9804841750435145
256,1767153433617,49.826999852696346,50.82293432765426,51.172720563759356,51.172720563759356,51.172720563759356,0.9533399939537048,0.9231425272739766,ok,True,True,31.110946467354733,0.9959344749579131,1.0,0.0,0.9804841750435145
257,1767153433654,39.77266658331284,44.19277368104941,45.08751975837632,45.08751975837632,45.08751975837632,0.9481855034828186,0.9381683129992817,ok,True,True,21.33126685227409,4.420107097736569,1.0,0.0,0.9804841750435145
258,1767153433689,35.109743156413785,38.742955366268035,39.53040619961041,39.53040619961041,39.53040619961041,0.8293730020523071,0.872891126431097,ok,True,True,12.724336843977476,3.63321220985425,1.0,0.0,0.9804841750435145
259,1767153433717,28.44651093307167,32.56508870635022,33.3897999418128,33.3897999418128,33.3897999418128,0.921148955821991,0.9018458240656334,ok,True,True,3.7101462683171693,4.118577773278545,1.0,0.0,0.9804841750435145
260,1767153433752,19.12379637775005,24.50031330919012,25.506239418396675,25.506239418396675,25.506239418396675,0.9101698398590088,0.9068402335416587,ok,True,True,-7.284744141254411,5.376516931440069,1.0,0.0,0.9804841750435145
261,1767153433784,11.965528806377021,16.97944260750226,17.903986875699342,17.903986875699342,17.903986875699342,0.9675376415252686,0.9432586783318245,ok,True,True,-17.390121479234285,5.0139138011252395,1.0,0.0,0.9804841750435145
262,1767153433820,10.214999260922838,12.920776599554607,13.412239783772732,13.412239783772732,13.412239783772732,0.9136959314346313,0.9255210301935086,ok,True,True,-22.761871751343044,2.705777338631769,1.0,0.0,0.9804841750435145
263,1767153433850,5.141664270888392,8.25330920235488,8.74439984027586,8.74439984027586,8.74439984027586,0.9645326137542725,0.9489279803299668,ok,True,True,-28.12955004872395,3.111644931466487,1.0,0.0,0.9804841750435145
264,1767153433884,4.291730884464416,5.8763622116206005,6.091805633415083,6.091805633415083,6.091805633415083,0.979951798915863,0.9675422714815045,ok,True,True,-30.484371929219044,1.5846313271561847,1.0,0.0,0.9804841750435145
265,1767153433917,4.4656452916186495,5.02993205961943,5.03503557939789,5.03503557939789,5.03503557939789,0.9721834063529968,0.9703269524043999,ok,True,True,-30.540153999248318,0.5642867680007804,1.0,0.0,0.9804841750435145
266,1767153433950,4.280316673869296,4.58016282816935,4.517313651989263,4.517313651989263,4.517313651989263,0.9592685699462891,0.9636919229295334,ok,True,True,-29.85320512883081,0.29984615430005324,1.0,0.0,0.9804841750435145
267,1767153433983,5.3643793135729165,5.05069271941149,4.880103914732076,4.880103914732076,4.880103914732076,0.9632805585861206,0.9634451043234857,ok,True,True,-27.988649476663845,0.3136865941614264,1.0,0.0,0.9804841750435145
268,1767153434016,7.463375627704178,6.498302464387102,6.213577410544224,6.213577410544224,6.213577410544224,0.9571545124053955,0.9596707491726315,ok,True,True,-24.876571228300012,0.9650731633170757,1.0,0.0,0.9804841750435145
269,1767153434050,10.832441385013599,9.098785816763,8.684231952585233,8.684231952585233,8.684231952585233,0.9578328728675842,0.9585680233896032,ok,True,True,-20.345448848754305,1.7336555682505992,1.0,0.0,0.9804841750435145
270,1767153434083,14.873778858094267,12.56378164156176,12.055109670892083,12.055109670892083,12.055109670892083,0.9595427513122559,0.9591528601431948,ok,True,True,-14.785604521350058,2.3099972165325067,1.0,0.0,0.9804841750435145
271,1767153434116,20.822467704573942,17.51899327936907,16.854183314785598,16.854183314785598,16.854183314785598,0.9416570663452148,0.9486553838644068,ok,True,True,-7.519153599098853,3.303474425204872,1.0,0.0,0.9804841750435145
272,1767153434150,29.271288226960483,24.570370247923915,23.681221571268075,23.681221571268075,23.681221571268075,0.9234530329704285,0.9335339733280198,ok,True,True,2.199345770205694,4.700917979036568,1.0,0.0,0.9804841750435145
273,1767153434183,37.903322347207656,32.57014150749416,31.586263215709536,31.586263215709536,31.586263215709536,0.8975312113761902,0.911932316156922,ok,True,True,12.95325094853231,5.333180839713499,1.0,0.0,0.9804841750435145
274,1767153434216,45.82871567849183,40.52528601009276,39.57582273917449,39.57582273917449,39.57582273917449,0.9072173833847046,0.9091033564935915,ok,True,True,23.330995910511852,5.303429668399069,1.0,0.0,0.9804841750435145
275,1767153434250,52.067449616559266,47.450584173972665,46.658506702958945,46.658506702958945,46.658506702958945,0.8735966682434082,0.8877993435434816,ok,True,True,31.988495611756207,4.616865442586601,1.0,0.0,0.9804841750435145
276,1767153434283,57.382368155513774,53.40965456289733,52.7751872995053,52.7751872995053,52.7751872995053,0.8431656360626221,0.8610191190549659,ok,True,True,38.92329724958127,3.9727135926164436,1.0,0.0,0.9804841750435145
277,1767153434316,58.16256910631308,56.26140328894678,56.017122248783856,56.017122248783856,56.017122248783856,0.8000165820121765,0.8244175968292923,ok,True,True,41.59331768271743,1.901165817366298,1.0,0.0,0.9804841750435145
278,1767153434350,56.19820415330502,56.22348380756172,56.35518854833119,56.35518854833119,56.35518854833119,0.9506187438964844,0.9001382850696076,ok,True,True,40.15376941175428,0.025279654256699757,1.0,0.0,0.9804841750435145
279,1767153434383,56.558964475085304,56.42477220807587,56.566386810815175,56.566386810815175,56.566386810815175,0.9140891432762146,0.9085087999935718,ok,True,True,38.60590518662775,0.134192267009432,1.0,0.0,0.9804841750435145
280,1767153434416,51.07770077135005,53.21652934604038,53.734017067360135,53.734017067360135,53.734017067360135,0.9149045348167419,0.9123462408874738,ok,True,True,32.94970367012119,2.1388285746903293,1.0,0.0,0.9804841750435145
281,1767153434450,43.68084976079042,47.495121594890406,48.31400216322706,48.31400216322706,48.31400216322706,0.9640238881111145,0.9433528292216582,ok,True,True,23.999242970003532,3.8142718340999835,1.0,0.0,0.9804841750435145
282,1767153434483,35.29308894301745,40.173902003766635,41.17167155478584,41.17167155478584,41.17167155478584,0.8669654726982117,0.8975204153075902,ok,True,True,13.093504698163082,4.880813060749183,1.0,0.0,0.9804841750435145
283,1767153434523,26.294633374385683,31.84634082613806,32.9358180187342,32.9358180187342,32.9358180187342,0.9274951815605164,0.9155052750593459,ok,True,True,1.1853911428223682,5.551707451752378,1.0,0.0,0.9804841750435145
284,1767153434550,19.462297264668855,24.41591468925654,25.37120031019183,25.37120031019183,25.37120031019183,0.9596664309501648,0.9420019685938372,ok,True,True,-9.25599278810564,4.953617424587684,1.0,0.0,0.9804841750435145
285,1767153434583,13.416857752953407,17.81648052747466,18.62520131567993,18.62520131567993,18.62520131567993,0.841275691986084,0.8815662026291853,ok,True,True,-18.095405899243488,4.399622774521253,1.0,0.0,0.9804841750435145
286,1767153434616,7.609628103542042,11.692369073115088,12.39879873202295,12.39879873202295,12.39879873202295,0.9599485397338867,0.9285956048920062,ok,True,True,-25.816764964226227,4.082740969573046,1.0,0.0,0.9804841750435145
287,1767153434649,6.524203345051391,8.59146963627687,8.920348048090855,8.920348048090855,8.920348048090855,0.9536536335945129,0.9436304221135102,ok,True,True,-29.41144459625591,2.0672662912254784,1.0,0.0,0.9804841750435145
288,1767153434683,4.834107044515474,6.337052081220032,6.515947591017687,6.515947591017687,6.515947591017687,0.9714059829711914,0.9602957586281189,ok,True,True,-31.36679351011252,1.502945036704558,1.0,0.0,0.9804841750435145
289,1767153434716,6.173477873069239,6.238907556329556,6.153135836146745,6.153135836146745,6.153135836146745,0.9637575149536133,0.9623728124234154,ok,True,True,-30.42929854397945,0.06542968326031673,1.0,0.0,0.9804841750435145
290,1767153434750,5.984930746793568,6.086521470607963,5.980752580839972,5.980752580839972,5.980752580839972,0.96860671043396,0.9661131512297422,ok,True,True,-29.27323216779327,0.10159072381439493,1.0,0.0,0.9804841750435145
291,1767153434783,6.849916407914733,6.544558432992025,6.372731427581734,6.372731427581734,6.372731427581734,0.9678604602813721,0.9671615366607201,ok,True,True,-27.395142836314324,0.30535797492270866,1.0,0.0,0.9804841750435145
292,1767153434816,8.478372522835015,7.704846886897818,7.454258507258268,7.454258507258268,7.454258507258268,0.9560035467147827,0.9604667426931577,ok,True,True,-24.656182442574405,0.7735256359371965,1.0,0.0,0.9804841750435145
293,1767153434851,10.837067991020183,9.584179549371235,9.254740479854085,9.254740479854085,9.254740479854085,0.9360030293464661,0.9457885146851428,ok,True,True,-21.055374756056533,1.2528884416489472,1.0,0.0,0.9804841750435145
294,1767153434883,15.193560669530537,12.949808221466816,12.459084540494107,12.459084540494107,12.459084540494107,0.9686559438705444,0.9595089721963839,ok,True,True,-15.691707341038086,2.243752448063722,1.0,0.0,0.9804841750435145
295,1767153434916,21.214533769109313,17.908643550052314,17.242061406642936,17.242061406642936,17.242061406642936,0.9573123455047607,0.95819099618141,ok,True,True,-8.40588629618543,3.305890219056998,1.0,0.0,0.9804841750435145
296,1767153434949,30.899319038968358,25.70304884340194,24.727476831364157,24.727476831364157,24.727476831364157,0.8868513703346252,0.9153872206733391,ok,True,True,2.2572302699446265,5.196270195566417,1.0,0.0,0.9804841750435145
297,1767153434983,39.325885873830075,33.87675106165882,32.864030907860325,32.864030907860325,32.864030907860325,0.8906084299087524,0.9005199462145872,ok,True,True,13.326380384519108,5.449134812171252,1.0,0.0,0.9804841750435145
298,1767153435016,46.68972418264834,41.564534934252535,40.64308000470453,40.64308000470453,40.64308000470453,0.9116747975349426,0.9072128570068005,ok,True,True,23.39799088888759,5.125189248395806,1.0,0.0,0.9804841750435145
299,1767153435050,52.247852766796015,47.974525633778626,47.24333491786298,47.24333491786298,47.24333491786298,0.9520997405052185,0.9341449871058513,ok,True,True,31.389991212469063,4.273327133017389,1.0,0.0,0.9804841750435145
300,1767153435083,55.24614634187366,52.337498058635646,51.88573432559544,51.88573432559544,51.88573432559544,0.9075385332107544,0.9181811147687932,ok,True,True,36.32782182499078,2.9086482832380156,1.0,0.0,0.9804841750435145
301,1767153435116,56.74298844741416,54.98079229190276,54.77051126732851,54.77051126732851,54.77051126732851,0.9491332769393921,0.9367524120711526,ok,True,True,38.626218098165815,1.762196155511404,1.0,0.0,0.9804841750435145
302,1767153435149,56.47888108614653,55.87964556844902,55.899556853028585,55.899556853028585,55.899556853028585,0.8672910928726196,0.8950756205520328,ok,True,True,38.40858542130179,0.5992355176975082,1.0,0.0,0.9804841750435145
303,1767153435183,54.1529396895533,54.84362204111159,55.10435924862012,55.10435924862012,55.10435924862012,0.9180155992507935,0.9088396077712892,ok,True,True,35.558697148077435,0.6906823515582872,1.0,0.0,0.9804841750435145
304,1767153435222,49.40624883092017,51.58119811499674,52.106691370711424,52.106691370711424,52.106691370711424,0.9342370629310608,0.9240780808671522,ok,True,True,29.814994201228703,2.1749492840765683,1.0,0.0,0.9804841750435145
305,1767153435250,43.810084372795394,46.918529869675936,47.608480017643075,47.608480017643075,47.608480017643075,0.9590557217597961,0.9450646654027386,ok,True,True,22.273758124529415,3.1084454968805417,1.0,0.0,0.9804841750435145
306,1767153435283,37.16345045771043,41.065482222496634,41.87858576149098,41.87858576149098,41.87858576149098,0.8954617381095886,0.9153029090268486,ok,True,True,13.386441032964086,3.9020317647862015,1.0,0.0,0.9804841750435145
307,1767153435321,28.40686005749477,33.470308923495516,34.458526821159055,34.458526821159055,34.458526821159055,0.9360834360122681,0.9277712252181003,ok,True,True,2.585103453055556,5.063448866000744,1.0,0.0,0.9804841750435145
308,1767153435350,20.219612320911384,25.519890961945038,26.52711704007533,26.52711704007533,26.52711704007533,0.931388258934021,0.9299414454476527,ok,True,True,-8.423995769793319,5.300278641033653,1.0,0.0,0.9804841750435145
309,1767153435384,14.30094756111293,18.78852492144577,19.620862244880968,19.620862244880968,19.620862244880968,0.9517230987548828,0.9430104374319908,ok,True,True,-17.52154038220907,4.487577360332841,1.0,0.0,0.9804841750435145
310,1767153435416,9.459713014519215,13.191237777289837,13.843641131596433,13.843641131596433,13.843641131596433,0.950077474117279,0.9472506594431638,ok,True,True,-24.65238559842295,3.731524762770622,1.0,0.0,0.9804841750435145
311,1767153435449,6.5121166960677375,9.183765128556576,9.612124968463991,9.612124968463991,9.612124968463991,0.9607231020927429,0.9553341250329113,ok,True,True,-29.334408912770492,2.6716484324888388,1.0,0.0,0.9804841750435145
312,1767153435483,5.717794539109206,7.104182774888154,7.274954910719439,7.274954910719439,7.274954910719439,0.970077395439148,0.9641800872766533,ok,True,True,-31.200968395974698,1.3863882357789485,1.0,0.0,0.9804841750435145
313,1767153435549,5.905634742976418,6.385053955741112,6.368298339498359,6.368298339498359,6.368298339498359,0.9576493501663208,0.9602616450104537,ok,True,True,-31.017827544321126,0.4794192127646939,1.0,0.0,0.9804841750435145
314,1767153435583,7.237476560513261,6.896507518604402,6.7221630628121245,6.7221630628121245,6.7221630628121245,0.9603581428527832,0.9603195437158514,ok,True,True,-29.112222184763684,0.3409690419088589,1.0,0.0,0.9804841750435145
315,1767153435616,8.410237846800202,7.804745715521882,7.575618892040076,7.575618892040076,7.575618892040076,0.9484262466430664,0.9531835654721803,ok,True,True,-26.60783911814339,0.6054921312783197,1.0,0.0,0.9804841750435145
316,1767153435650,13.387402652600946,11.154339877769319,10.655944887628175,10.655944887628175,10.655944887628175,0.9582643508911133,0.9562320367235401,ok,True,True,-21.160323393748047,2.2330627748316267,1.0,0.0,0.9804841750435145
317,1767153435683,17.187685331733732,14.774347150147968,14.235986197273952,14.235986197273952,14.235986197273952,0.9648666977882385,0.961412833362359,ok,True,True,-15.275975007037419,2.4133381815857646,1.0,0.0,0.9804841750435145
318,1767153435722,23.105493738370722,19.773035103081618,19.098235140510788,19.098235140510788,19.098235140510788,0.9320569038391113,0.9437992756484104,ok,True,True,-7.900332234454422,3.332458635289104,1.0,0.0,0.9804841750435145
319,1767153435757,32.33031965579905,27.30740583471208,26.361818950917552,26.361818950917552,26.361818950917552,0.942932665348053,0.9432793094681959,ok,True,True,2.435043361504385,5.0229138210869735,1.0,0.0,0.9804841750435145
320,1767153435782,42.395095835883126,36.360019835414704,35.25321553906656,35.25321553906656,35.25321553906656,0.9235499501228333,0.9314416938609783,ok,True,True,14.532544194082408,6.035076000468422,1.0,0.0,0.9804841750435145
321,1767153435816,48.036911389051724,43.36615476759692,42.51476301468827,42.51476301468827,42.51476301468827,0.9622204899787903,0.9499089715316655,ok,True,True,23.838355956510508,4.670756621454807,1.0,0.0,0.9804841750435145
322,1767153435849,52.84430561742587,49.05304527749429,48.412014919046605,48.412014919046605,48.412014919046605,0.9441431164741516,0.9464494584971571,ok,True,True,30.84489299346972,3.7912603399315756,1.0,0.0,0.9804841750435145
323,1767153435883,53.922804835248286,51.97490101214669,51.6920097115501,51.6920097115501,51.6920097115501,0.9504268169403076,0.9488358735630474,ok,True,True,33.93692810373093,1.9479038231015977,1.0,0.0,0.9804841750435145
324,1767153435916,54.3114684764844,53.376841490749314,53.31505609536959,53.31505609536959,53.31505609536959,0.9199920296669006,0.9315295672253594,ok,True,True,34.61224972518975,0.9346269857350862,1.0,0.0,0.9804841750435145
325,1767153435951,54.18705587993227,53.862970124259085,53.93058436307278,53.93058436307278,53.93058436307278,0.920189380645752,0.924725455277595,ok,True,True,33.873218161035425,0.3240857556731811,1.0,0.0,0.9804841750435145
326,1767153435983,50.27477485142028,51.7100529605558,52.08389406416775,52.08389406416775,52.08389406416775,0.8792353868484497,0.8974314142201079,ok,True,True,29.78709103167779,1.435278109135517,1.0,0.0,0.9804841750435145
327,1767153436016,45.502652028092584,47.98561240107787,48.553821181463036,48.553821181463036,48.553821181463036,0.9631080031394958,0.9368373675717406,ok,True,True,23.576502387896525,2.482960372985289,1.0,0.0,0.9804841750435145
328,1767153436057,40.64880207754304,43.583526206956975,44.225952537084794,44.225952537084794,44.225952537084794,0.962418794631958,0.952186223807871,ok,True,True,16.554707216668493,2.9347241294139366,1.0,0.0,0.9804841750435145
329,1767153436086,34.536400346470224,38.15525069066493,38.89436689165576,38.89436689165576,38.89436689165576,0.8242068290710449,0.8753985869657753,ok,True,True,8.476080411224121,3.618850344194705,1.0,0.0,0.9804841750435145
330,1767153436149,19.967976680183238,27.242886284375913,28.574798880802646,28.574798880802646,28.574798880802646,0.9669408798217773,0.9303239626793766,ok,True,True,-6.081880555640916,7.2749096041926755,1.0,0.0,0.9804841750435145
331,1767153436183,13.483406164071678,18.98719821219337,20.034609885866338,20.034609885866338,20.034609885866338,0.9454638957977295,0.9394079225503883,ok,True,True,-17.530213053192103,5.503792048121692,1.0,0.0,0.9804841750435145
332,1767153436216,8.69368499590901,12.811090282422754,13.552065148227044,13.552065148227044,13.552065148227044,0.9440416097640991,0.9421881348786147,ok,True,True,-25.629155283145252,4.117405286513744,1.0,0.0,0.9804841750435145
333,1767153436249,6.529680556882785,9.042244447098772,9.45022336390787,9.45022336390787,9.45022336390787,0.9651125073432922,0.9559427583574213,ok,True,True,-30.088412716512074,2.5125638902159873,1.0,0.0,0.9804841750435145
334,1767153436283,6.099578618370325,7.276644949861704,7.407294894055155,7.407294894055155,7.407294894055155,0.9534952044487,0.9544742260121886,ok,True,True,-31.516431937138165,1.1770663314913792,1.0,0.0,0.9804841750435145
335,1767153436316,5.766922772828783,6.370811643641952,6.369241957611875,6.369241957611875,6.369241957611875,0.9674655199050903,0.9622690023479296,ok,True,True,-31.49927508464094,0.6038888708131687,1.0,0.0,0.9804841750435145
336,1767153436350,6.526605731772821,6.464288096520473,6.336496319434273,6.336496319434273,6.336496319434273,0.9595692157745361,0.9606491304038935,ok,True,True,-30.102495965877196,0.06231763525234779,1.0,0.0,0.9804841750435145
337,1767153436383,7.655169999189437,7.178817238121852,6.9728211314795185,6.9728211314795185,6.9728211314795185,0.9445146322250366,0.9509684314965794,ok,True,True,-27.850934348492725,0.4763527610675853,1.0,0.0,0.9804841750435145
338,1767153436416,10.548028683346898,9.20034410525688,8.848126877495332,8.848126877495332,8.848126877495332,0.9400989413261414,0.9444467373943165,ok,True,True,-24.00115871954648,1.3476845780900177,1.0,0.0,0.9804841750435145
339,1767153436449,14.52154758390873,12.39306619244799,11.908138859776955,11.908138859776955,11.908138859776955,0.9477059841156006,0.9464022854270869,ok,True,True,-18.700846071606577,2.12848139146074,1.0,0.0,0.9804841750435145
340,1767153436485,19.28652646777533,16.529142357644396,15.943837671859786,15.943837671859786,15.943837671859786,0.9695037603378296,0.9602631703735326,ok,True,True,-12.303397175758889,2.7573841101309355,1.0,0.0,0.9804841750435145
341,1767153436516,26.937151128298453,22.773947620036832,21.965892396849128,21.965892396849128,21.965892396849128,0.9507930874824524,0.9545811206388845,ok,True,True,-3.4712587683303617,4.1632035082616206,1.0,0.0,0.9804841750435145
342,1767153436549,34.47758210315177,29.796128309905793,28.90931006943613,28.90931006943613,28.90931006943613,0.9577398896217346,0.9564763820285946,ok,True,True,6.2217686601191335,4.681453793245975,1.0,0.0,0.9804841750435145
343,1767153436583,42.320265512646245,37.31061063155006,36.39611805206332,36.39611805206332,36.39611805206332,0.9631744027137756,0.9604951944397033,ok,True,True,16.217279861359216,5.009654881096182,1.0,0.0,0.9804841750435145
344,1767153436616,49.230799884879275,44.46272418354759,43.62277107658292,43.62277107658292,43.62277107658292,0.9053530693054199,0.9274099193591333,ok,True,True,25.398065881398736,4.768075701331682,1.0,0.0,0.9804841750435145
345,1767153436649,53.72009627145681,50.01714743629312,49.39798035069349,49.39798035069349,49.39798035069349,0.9206935167312622,0.9233800777824107,ok,True,True,32.16563478067164,3.7029488351636886,1.0,0.0,0.9804841750435145
346,1767153436683,55.40831319290683,53.25184689026135,52.94139375151946,52.94139375151946,52.94139375151946,0.9529623985290527,0.941129470230396,ok,True,True,35.55892401599412,2.156466302645484,1.0,0.0,0.9804841750435145
347,1767153436716,54.684321194584996,54.11133147285554,54.11304571874974,54.11304571874974,54.11304571874974,0.9672136902809143,0.9567800022607069,ok,True,True,35.54018710721926,0.5729897217294564,1.0,0.0,0.9804841750435145
348,1767153436749,55.50266147142116,54.946129471994915,54.985369070276214,54.985369070276214,54.985369070276214,0.9664401412010193,0.9625760856248944,ok,True,True,35.11129369359197,0.5565319994262481,1.0,0.0,0.9804841750435145
349,1767153436786,52.11564678174087,53.24783985784249,53.57238073227028,53.57238073227028,53.57238073227028,0.9300407767295837,0.943054900287708,ok,True,True,31.564023854153888,1.132193076101622,1.0,0.0,0.9804841750435145
350,1767153436816,45.98570417919963,48.890558450656776,49.53050466595898,49.53050466595898,49.53050466595898,0.8815597891807556,0.9061578336235366,ok,True,True,24.569336628988545,2.904854271457147,1.0,0.0,0.9804841750435145
351,1767153436856,40.810043607374894,44.04224954468765,44.74617709565021,44.74617709565021,44.74617709565021,0.8387949466705322,0.8657401014517341,ok,True,True,16.875325897423245,3.232205937312756,1.0,0.0,0.9804841750435145
352,1767153436884,33.903176035927196,37.95880543943138,38.7790993455684,38.7790993455684,38.7790993455684,0.7370596528053284,0.7885318322638906,ok,True,True,7.909417249259663,4.055629403504184,1.0,0.0,0.9804841750435145
353,1767153436917,27.028142962206775,31.400407953096618,32.253341832460755,32.253341832460755,32.253341832460755,0.9149155020713806,0.8643620341483846,ok,True,True,-1.413250136282592,4.3722649908898426,1.0,0.0,0.9804841750435145
354,1767153436949,19.524046649680916,24.2745911710472,25.159813192817513,25.159813192817513,25.159813192817513,0.961345374584198,0.9225520384098727,ok,True,True,-11.088830707046476,4.750544521366283,1.0,0.0,0.9804841750435145
355,1767153436982,15.534199565684677,19.030356207829684,19.673190002568816,19.673190002568816,19.673190002568816,0.9420177936553955,0.9342314915571863,ok,True,True,-18.11507951428885,3.4961566421450065,1.0,0.0,0.9804841750435145
356,1767153437016,8.550156757645206,12.742236537718998,13.448383322972262,13.448383322972262,13.448383322972262,0.9055765867233276,0.9170385486568712,ok,True,True,-25.833346737058662,4.192079780073792,1.0,0.0,0.9804841750435145
357,1767153437049,7.076039621235163,9.342518387828697,9.704653621312957,9.704653621312957,9.704653621312957,0.9729846715927124,0.950606222418376,ok,True,True,-29.79152733234268,2.2664787665935346,1.0,0.0,0.9804841750435145
358,1767153437083,6.100567160274837,7.397347651296381,7.544026923121704,7.544026923121704,7.544026923121704,0.9648889303207397,0.9591758471597942,ok,True,True,-31.394748984882106,1.2967804910215444,1.0,0.0,0.9804841750435145
359,1767153437116,6.5084441479457436,6.864005549285999,6.8231051240837175,6.8231051240837175,6.8231051240837175,0.9583652019500732,0.9586894600339617,ok,True,True,-30.947702538125437,0.35556140134025505,1.0,0.0,0.9804841750435145
360,1767153437149,7.109747750711684,7.0114508701414096,6.875298227548858,6.875298227548858,6.875298227548858,0.953651487827301,0.9556666767099653,ok,True,True,-29.459538178305134,0.09829688057027486,1.0,0.0,0.9804841750435145
361,1767153437183,8.582790135167404,7.954254429157006,7.724240251261481,7.724240251261481,7.724240251261481,0.9351983070373535,0.9433856549063983,ok,True,True,-26.94545622381935,0.628535706010398,1.0,0.0,0.9804841750435145
362,1767153437216,11.025103604333635,9.796763934262984,9.465214190578497,9.465214190578497,9.465214190578497,0.9618786573410034,0.9544814563671613,ok,True,True,-23.321578620978002,1.2283396700706515,1.0,0.0,0.9804841750435145
363,1767153437249,15.34616969970788,13.12640739352992,12.631033566160884,12.631033566160884,12.631033566160884,0.9563234448432922,0.9555866494528399,ok,True,True,-17.907084560186988,2.2197623061779606,1.0,0.0,0.9804841750435145
364,1767153437283,22.609739973258034,18.816406941366786,18.059461532124935,18.059461532124935,18.059461532124935,0.9471938610076904,0.9505509763857503,ok,True,True,-9.633582416461836,3.7933330318912475,1.0,0.0,0.9804841750435145
365,1767153437316,30.066305811654168,25.566346263539216,24.69269092543074,24.69269092543074,24.69269092543074,0.9337171912193298,0.940450705285898,ok,True,True,-0.08442705536773332,4.499959548114951,1.0,0.0,0.9804841750435145
366,1767153437355,35.31014703820694,31.412626728339852,30.662324818871173,30.662324818871173,30.662324818871173,0.9506378769874573,0.9465630083068335,ok,True,True,8.116460856281897,3.8975203098670903,1.0,0.0,0.9804841750435145
367,1767153437387,42.836364849514574,38.26686960104469,37.44834872239991,37.44834872239991,37.44834872239991,0.9493848085403442,0.94825608844694,ok,True,True,17.06299010590653,4.5694952484698845,1.0,0.0,0.9804841750435145
368,1767153437416,46.28763476298814,43.07932869821076,42.51435327328469,42.51435327328469,42.51435327328469,0.9360880255699158,0.9409552507207255,ok,True,True,23.23823779511521,3.208306064777382,1.0,0.0,0.9804841750435145
369,1767153437450,49.59489940925561,46.988671124837666,46.57575983027553,46.57575983027553,46.57575983027553,0.8968470096588135,0.9144903060835783,ok,True,True,27.751406696092914,2.606228284417945,1.0,0.0,0.9804841750435145
370,1767153437482,51.96788850369962,49.97620155215483,49.699931653880604,49.699931653880604,49.699931653880604,0.9011807441711426,0.9065045689361169,ok,True,True,30.771069102009243,1.9916869515447857,1.0,0.0,0.9804841750435145
371,1767153437516,53.92927058898419,52.34804297425245,52.16697174945958,52.16697174945958,52.16697174945958,0.9405930638313293,0.9269576658732444,ok,True,True,32.75019883606927,1.5812276147317377,1.0,0.0,0.9804841750435145
372,1767153437549,54.089897153794055,53.393155481977416,53.37814325663961,53.37814325663961,53.37814325663961,0.9488455057144165,0.9400903697779477,ok,True,True,32.91428422056062,0.696741671816639,1.0,0.0,0.9804841750435145
373,1767153437583,50.499679629370036,51.65706997041299,51.971600914495035,51.971600914495035,51.971600914495035,0.8943731188774109,0.9126600192376256,ok,True,True,29.47642409437651,1.1573903410429551,1.0,0.0,0.9804841750435145
374,1767153437618,47.64532235345865,49.250021400240385,49.663425666844724,49.663425666844724,49.663425666844724,0.9309421181678772,0.9236292785957765,ok,True,True,24.957866951131713,1.6046990467817324,1.0,0.0,0.9804841750435145
375,1767153437649,40.702148856366755,44.121297873916205,44.83268337530305,44.83268337530305,44.83268337530305,0.8627166152000427,0.8870816805583361,ok,True,True,17.182339946305774,3.4191490175494508,1.0,0.0,0.9804841750435145
376,1767153437683,32.4474503768104,37.11698937565272,38.04203215149233,38.04203215149233,38.04203215149233,0.7890985608100891,0.8282918087093879,ok,True,True,7.0715138609584205,4.66953899884232,1.0,0.0,0.9804841750435145
377,1767153437749,17.220606076088636,25.17915939591427,26.641045818262196,26.641045818262196,26.641045818262196,0.962714433670044,0.9089453836857815,ok,True,True,-8.907076274481346,7.958553319825633,1.0,0.0,0.9804841750435145
378,1767153437782,13.959412080440742,18.44731100663015,19.328648003651942,19.328648003651942,19.328648003651942,0.9376945495605469,0.9261948832106408,ok,True,True,-18.540193068871297,4.487898926189409,1.0,0.0,0.9804841750435145
379,1767153437815,8.343172175383058,12.384827707881897,13.09082900070359,13.09082900070359,13.09082900070359,0.9577263593673706,0.9451137689046787,ok,True,True,-26.256870042291848,4.041655532498838,1.0,0.0,0.9804841750435145
380,1767153437849,5.190430422398759,8.068189336592015,8.531066897403566,8.531066897403566,8.531066897403566,0.9678186774253845,0.9587367140171021,ok,True,True,-31.31617609646601,2.8777589141932562,1.0,0.0,0.9804841750435145
381,1767153437882,0.8751748843818467,3.752380665265914,4.16920976517798,4.16920976517798,4.16920976517798,0.8090641498565674,0.8689331755207812,ok,True,True,-35.87216706963753,2.877205780884067,1.0,0.0,0.9804841750435145
382,1767153437916,4.1504556021690355,3.991225627407787,3.877637685139048,3.877637685139048,3.877637685139048,0.9528127312660217,0.9192609089679256,ok,True,True,-34.63063753212042,0.15922997476124845,1.0,0.0,0.9804841750435145
383,1767153437950,3.5493876402059144,3.7261228350866635,3.6141995055991547,3.6141995055991547,3.6141995055991547,0.9694620370864868,0.9493815858390624,ok,True,True,-33.40730240762943,0.17673519488074918,1.0,0.0,0.9804841750435145
384,1767153437982,5.014159607216329,4.498944898364463,4.275919364372338,4.275919364372338,4.275919364372338,0.9673072695732117,0.9601369960795519,ok,True,True,-30.96960715106209,0.5152147088518664,1.0,0.0,0.9804841750435145
385,1767153438015,8.204747572068129,6.7224265025866625,6.334167113411972,6.334167113411972,6.334167113411972,0.9441959261894226,0.9505723541454744,ok,True,True,-26.725886468647772,1.4823210694814666,1.0,0.0,0.9804841750435145
386,1767153438049,12.692997943374612,10.304769367059432,9.762198759251238,9.762198759251238,9.762198759251238,0.9705784916877747,0.9625760366708546,ok,True,True,-20.795526059540546,2.3882285763151803,1.0,0.0,0.9804841750435145
387,1767153438082,18.790565798543096,15.39624722594963,14.690087585018567,14.690087585018567,14.690087585018567,0.9527254700660706,0.9566656967079842,ok,True,True,-13.077118322703875,3.394318572593466,1.0,0.0,0.9804841750435145
388,1767153438116,22.32816070856182,19.555395315516943,18.963746180950487,18.963746180950487,18.963746180950487,0.9543002843856812,0.9552464493146023,ok,True,True,-6.610323857206677,2.772765393044878,1.0,0.0,0.9804841750435145
389,1767153438149,30.605733588001648,26.185598279007763,25.355001572623337,25.355001572623337,25.355001572623337,0.9485794901847839,0.9512462738367112,ok,True,True,2.4681956066017845,4.420135308993885,1.0,0.0,0.9804841750435145
390,1767153438183,37.28140879519997,32.84308458872309,32.01654883705311,32.01654883705311,32.01654883705311,0.9099701642990112,0.9264806081140913,ok,True,True,11.502328358864887,4.438324206476885,1.0,0.0,0.9804841750435145
391,1767153438216,43.9875736233485,39.52977800949834,38.73404468612812,38.73404468612812,38.73404468612812,0.8744944334030151,0.8952889032874456,ok,True,True,20.199786955424685,4.457795613850166,1.0,0.0,0.9804841750435145
392,1767153438249,52.22923139603662,47.149450041421304,46.28538448541099,46.28538448541099,46.28538448541099,0.9412922859191895,0.9228909328664919,ok,True,True,29.644124872911505,5.079781354615314,1.0,0.0,0.9804841750435145
393,1767153438283,54.81750422687134,51.750282552691324,51.25064743521516,51.25064743521516,51.25064743521516,0.9190253019332886,0.9205715543065699,ok,True,True,35.10519533459741,3.0672216741800185,1.0,0.0,0.9804841750435145
394,1767153438318,55.54081803946799,54.02460384475733,53.84561137674683,53.84561137674683,53.84561137674683,0.9386881589889526,0.9314415171159995,ok,True,True,37.061604013102745,1.5162141947106633,1.0,0.0,0.9804841750435145
395,1767153438349,54.368901611669216,54.23118250490447,54.32602737017463,54.32602737017463,54.32602737017463,0.9769166707992554,0.958726609325953,ok,True,True,36.02493850651099,0.13771910676474874,1.0,0.0,0.9804841750435145
396,1767153438383,52.462124971935616,53.16974798512315,53.43281661410106,53.43281661410106,53.43281661410106,0.92995285987854,0.9414623596575052,ok,True,True,33.14956752305333,0.7076230131875363,1.0,0.0,0.9804841750435145
397,1767153438416,48.896845141253905,50.6060062788016,51.044819854980155,51.044819854980155,51.044819854980155,0.8699057698249817,0.8985284057579911,ok,True,True,28.353283644609256,1.7091611375476958,1.0,0.0,0.9804841750435145
398,1767153438450,43.30378424492237,46.22467305847406,46.86811253628286,46.86811253628286,46.86811253628286,0.908497154712677,0.9045096551308026,ok,True,True,21.320414650343956,2.9208888135516915,1.0,0.0,0.9804841750435145
399,1767153438482,38.86925422932211,41.811421760982896,42.45509728769609,42.45509728769609,42.45509728769609,0.8648257255554199,0.880699297385573,ok,True,True,14.284965613855409,2.942167531660786,1.0,0.0,0.9804841750435145
400,1767153438519,29.178842316878665,34.23187409452036,35.20278152467507,35.20278152467507,35.20278152467507,0.9669801592826843,0.9324678145238399,ok,True,True,3.672833475040722,5.053031777641692,1.0,0.0,0.9804841750435145
401,1767153438549,22.136487031146306,26.97464185649593,27.90661860230611,27.90661860230611,27.90661860230611,0.8526607155799866,0.8845835551575278,ok,True,True,-6.513781715723834,4.838154825349623,1.0,0.0,0.9804841750435145
402,1767153438582,15.117529152932939,19.860374234358133,20.734153920459324,20.734153920459324,20.734153920459324,0.9534503817558289,0.9259036511165084,ok,True,True,-16.064296214969392,4.742845081425195,1.0,0.0,0.9804841750435145
403,1767153438616,8.856989819599702,13.258343585503074,14.032929234058926,14.032929234058926,14.032929234058926,0.9450064301490784,0.9373653185360504,ok,True,True,-24.530608244319417,4.401353765903371,1.0,0.0,0.9804841750435145
404,1767153438650,7.139553438600048,9.58706949736126,9.991996790613761,9.991996790613761,9.991996790613761,0.9773425459861755,0.9613516550061254,ok,True,True,-28.956511074132322,2.4475160587612113,1.0,0.0,0.9804841750435145
405,1767153438682,4.899908301868708,6.774772780065728,7.0261111644640675,7.0261111644640675,7.0261111644640675,0.9575842022895813,0.9590911833761989,ok,True,True,-31.703669107897046,1.8748644781970203,1.0,0.0,0.9804841750435145
406,1767153438716,3.501414621153819,4.8107578847185835,4.940061072955821,4.940061072955821,4.940061072955821,0.974553108215332,0.9683683382796787,ok,True,True,-33.11696812789212,1.3093432635647644,1.0,0.0,0.9804841750435145
407,1767153438749,4.2766268837373405,4.490279284129837,4.417275625960474,4.417275625960474,4.417275625960474,0.9760665893554688,0.9729872889251527,ok,True,True,-32.31902957778061,0.21365240039249667,1.0,0.0,0.9804841750435145
408,1767153438782,4.508434213008711,4.501172241457161,4.371575160994284,4.371575160994284,4.371575160994284,0.9767501950263977,0.9752450325858998,ok,True,True,-30.90251828127369,0.007261971551550062,1.0,0.0,0.9804841750435145
409,1767153438816,5.809154202563393,5.2859614181209,5.068946105105242,5.068946105105242,5.068946105105242,0.9663242697715759,0.9698925748973055,ok,True,True,-28.530515445224314,0.5231927844424931,1.0,0.0,0.9804841750435145
410,1767153438849,6.734492645889668,6.15508015478216,5.927721045790385,5.927721045790385,5.927721045790385,0.9724952578544617,0.9714541846715992,ok,True,True,-26.04545370540487,0.579412491107508,1.0,0.0,0.9804841750435145
411,1767153438882,9.344306494504112,8.06861595861533,7.732783749592049,7.732783749592049,7.732783749592049,0.9690294861793518,0.9699993655762507,ok,True,True,-22.37476825390185,1.2756905358887813,1.0,0.0,0.9804841750435145
412,1767153439090,13.641205039247705,11.412169406994755,10.918287521788454,10.918287521788454,10.918287521788454,0.9693450927734375,0.9696068018945627,ok,True,True,-16.976581296015457,2.22903563225295,1.0,0.0,0.9804841750435145
413,1767153439116,21.358860887168042,17.380184295098726,16.59583877627309,16.59583877627309,16.59583877627309,0.9392651915550232,0.951401835690839,ok,True,True,-8.40359273938401,3.9786765920693163,1.0,0.0,0.9804841750435145
414,1767153439145,32.58134607884186,26.500881365344604,25.364152093254305,25.364152093254305,25.364152093254305,0.8870636820793152,0.9127989435239248,ok,True,True,4.020991589483106,6.080464713497257,1.0,0.0,0.9804841750435145
415,1767153439169,40.43339764708258,34.860391134387385,33.81550905637604,33.81550905637604,33.81550905637604,0.8835024833679199,0.8952210674303218,ok,True,True,15.441675309628032,5.573006512695194,1.0,0.0,0.9804841750435145
416,1767153439192,56.87988425917909,48.07208700926241,46.538408035660154,46.538408035660154,46.538408035660154,0.8280400037765503,0.8549124292380589,ok,True,True,32.20496645448554,8.807797249916682,1.0,0.0,0.9804841750435145
417,1767153439220,52.30982055060094,50.61472713406553,50.27959318894881,50.27959318894881,50.27959318894881,0.7498195171356201,0.7918566819765955,ok,True,True,35.86801979955489,1.695093416535407,1.0,0.0,0.9804841750435145
418,1767153439247,53.993508570767496,52.64199599608671,52.511773412468266,52.511773412468266,52.511773412468266,0.8912054896354675,0.8514659665719186,ok,True,True,37.29136791894937,1.3515125746807826,1.0,0.0,0.9804841750435145
419,1767153439272,52.08256511195965,52.306337465610476,52.46799727182864,52.46799727182864,52.46799727182864,0.9284279942512512,0.8976431831795182,ok,True,True,35.524407267665694,0.2237723536508227,1.0,0.0,0.9804841750435145
420,1767153439296,46.28690485123307,48.69467789698403,49.24796284700646,49.24796284700646,49.24796284700646,0.9650632739067078,0.938095237615832,ok,True,True,29.476937840925522,2.4077730457509645,1.0,0.0,0.9804841750435145
421,1767153439328,37.937651189042825,42.24046187221931,43.13220430196898,43.13220430196898,43.13220430196898,0.8407323360443115,0.8796774966729197,ok,True,True,19.73008844583625,4.302810683176489,1.0,0.0,0.9804841750435145
422,1767153439365,22.276446173347885,30.262052452896455,31.771843865314864,31.771843865314864,31.771843865314864,0.9077344536781311,0.8965116708760466,ok,True,True,3.227891147707904,7.98560627954857,1.0,0.0,0.9804841750435145
423,1767153439390,16.919152521242413,22.25631249390403,23.330315108864887,23.330315108864887,23.330315108864887,0.9325419664382935,0.9181298482133946,ok,True,True,-8.511083458327342,5.337159972661617,1.0,0.0,0.9804841750435145
424,1767153439415,9.732872431017114,14.742248456171879,15.669068586898852,15.669068586898852,15.669068586898852,0.9374893307685852,0.9297455377465089,ok,True,True,-18.641336241150157,5.009376025154765,1.0,0.0,0.9804841750435145
425,1767153439449,5.049919535878378,8.926851103995778,9.60997595908687,9.60997595908687,9.60997595908687,0.9554682970046997,0.9451791933014233,ok,True,True,-26.10797106583178,3.8769315681174,1.0,0.0,0.9804841750435145
426,1767153439547,3.529789222215302,5.688613974927493,6.029135837760606,6.029135837760606,6.029135837760606,0.9799586534500122,0.9660468693905766,ok,True,True,-29.82991498376481,2.158824752712191,1.0,0.0,0.9804841750435145
427,1767153439571,2.0630229293859013,3.513259347602538,3.6830736134458553,3.6830736134458553,3.6830736134458553,0.9701230525970459,0.9684925793144582,ok,True,True,-31.686004835603647,1.4502364182166367,1.0,0.0,0.9804841750435145
428,1767153439599,2.80422245365023,3.087837211231153,3.0363907069593714,3.0363907069593714,3.0363907069593714,0.9681475758552551,0.9682855772389364,ok,True,True,-31.123688507130147,0.2836147575809229,1.0,0.0,0.9804841750435145
429,1767153439627,3.7008529503890824,3.4556466547259106,3.293068251166854,3.293068251166854,3.293068251166854,0.9764774441719055,0.9732006973987178,ok,True,True,-29.346687479121407,0.24520629566317176,1.0,0.0,0.9804841750435145
430,1767153439657,5.213201370222456,4.510179484023838,4.265166149531979,4.265166149531979,4.265166149531979,0.9637776017189026,0.9675468399908287,ok,True,True,-26.668662983022042,0.7030218861986182,1.0,0.0,0.9804841750435145
431,1767153439685,7.846774708565109,6.5121366187486,6.162147227668983,6.162147227668983,6.162147227668983,0.9733349084854126,0.9710196810875791,ok,True,True,-22.843237870425735,1.3346380898165089,1.0,0.0,0.9804841750435145
432,1767153439713,9.830140356551755,8.502938861430493,8.156709825339611,8.156709825339611,8.156709825339611,0.9503815770149231,0.9586368186439855,ok,True,True,-19.058913879100018,1.3272014951212618,1.0,0.0,0.9804841750435145
433,1767153439737,15.03011216242349,12.419242842026291,11.872613666470226,11.872613666470226,11.872613666470226,0.9646707773208618,0.9622571938501113,ok,True,True,-13.084192848272265,2.6108693203971995,1.0,0.0,0.9804841750435145
434,1767153439760,20.369428145474814,17.189354024095405,16.547295801797816,16.547295801797816,16.547295801797816,0.954409122467041,0.9575483510202691,ok,True,True,-6.066421138822327,3.180074121379409,1.0,0.0,0.9804841750435145
435,1767153439789,27.45374473611904,23.347988451309586,22.56641926761643,22.56641926761643,22.56641926761643,0.9392113089561462,0.9465461257817954,ok,True,True,2.4762217490332743,4.1057562848094555,1.0,0.0,0.9804841750435145
436,1767153439829,36.75902187203201,31.394608503743036,30.4185381842625,30.4185381842625,30.4185381842625,0.9136011004447937,0.9267791105795944,ok,True,True,13.144784873997686,5.364413368288972,1.0,0.0,0.9804841750435145
437,1767153439873,44.822926016680924,39.45159901150577,38.49235304160639,38.49235304160639,38.49235304160639,0.9613754749298096,0.9475369291897235,ok,True,True,23.629455883854455,5.371327005175154,1.0,0.0,0.9804841750435145
438,1767153439896,49.366425535243636,45.40049492574849,44.71740871476495,44.71740871476495,44.71740871476495,0.9621288180351257,0.9562920624969649,ok,True,True,31.09566832390594,3.965930609495146,1.0,0.0,0.9804841750435145
439,1767153439926,53.65319727280264,50.35211633398099,49.8389294353961,49.8389294353961,49.8389294353961,0.9570170640945435,0.9567270634555121,ok,True,True,36.7048613432893,3.3010809388216558,1.0,0.0,0.9804841750435145
440,1767153439955,54.58478881840861,52.89171982463756,52.68755879945328,52.68755879945328,52.68755879945328,0.9696232080459595,0.9644647502097805,ok,True,True,38.93636530500709,1.6930689937710497,1.0,0.0,0.9804841750435145
441,1767153439984,54.50911938402023,53.86215956026716,53.875918182900925,53.875918182900925,53.875918182900925,0.9511552453041077,0.9564790472663768,ok,True,True,38.78598194516981,0.6469598237530718,1.0,0.0,0.9804841750435145
442,1767153440016,52.442549543291626,53.010393550081844,53.25128375909709,53.25128375909709,53.25128375909709,0.9235149621963501,0.9367005962243609,ok,True,True,36.153023694341364,0.5678440067902173,1.0,0.0,0.9804841750435145
443,1767153440050,48.17258876544598,50.107710679300325,50.59305050147695,50.59305050147695,50.59305050147695,0.9385256171226501,0.9377956087633343,ok,True,True,30.848202487703322,1.9351219138543456,1.0,0.0,0.9804841750435145
444,1767153440082,41.28488856173983,44.81401740876403,45.57375636128816,45.57375636128816,45.57375636128816,0.945101261138916,0.9421790001886833,ok,True,True,22.54416658810582,3.5291288470242037,1.0,0.0,0.9804841750435145
445,1767153440116,35.177280109436566,39.031975029167555,39.84594878025084,39.84594878025084,39.84594878025084,0.9600964784622192,0.9529294871528049,ok,True,True,13.647337976292576,3.8546949197309885,1.0,0.0,0.9804841750435145
446,1767153440155,26.36106683877087,31.429430114929545,32.41953844550616,32.41953844550616,32.41953844550616,0.9335173964500427,0.9412822327311475,ok,True,True,2.8253377428141047,5.068363276158674,1.0,0.0,0.9804841750435145
447,1767153440186,18.706068455053952,23.795413119004188,24.76843153255353,24.76843153255353,24.76843153255353,0.9290796518325806,0.9339606841920074,ok,True,True,-7.809867692208742,5.089344663950236,1.0,0.0,0.9804841750435145
448,1767153440215,13.512545160908159,17.62569234414657,18.393813356317217,18.393813356317217,18.393813356317217,0.9591585397720337,0.9490793975400231,ok,True,True,-16.205520487301758,4.1131471832384126,1.0,0.0,0.9804841750435145
449,1767153440249,9.119016644998535,12.52168692465775,13.116765806484135,13.116765806484135,13.116765806484135,0.9580618143081665,0.9544688476009091,ok,True,True,-22.709802492799856,3.4026702796592154,1.0,0.0,0.9804841750435145
450,1767153440282,6.236997437770778,8.750873232525567,9.153649464519193,9.153649464519193,9.153649464519193,0.9489381313323975,0.9511504178398021,ok,True,True,-27.112193970645606,2.5138757947547887,1.0,0.0,0.9804841750435145
451,1767153440316,4.144633550138392,5.987129423093263,6.239670173078797,6.239670173078797,6.239670173078797,0.9646166563034058,0.9592301609179643,ok,True,True,-29.87249400136511,1.8424958729548706,1.0,0.0,0.9804841750435145
452,1767153440349,4.662715718152407,5.19248120012875,5.198222140879649,5.198222140879649,5.198222140879649,0.9546027183532715,0.9564536953791486,ok,True,True,-29.935243157420018,0.5297654819763427,1.0,0.0,0.9804841750435145
453,1767153440382,4.937898197152562,5.039731398343037,4.946054491364829,4.946054491364829,4.946054491364829,0.958143413066864,0.9574675259917779,ok,True,True,-28.91134357200868,0.10183320119047501,1.0,0.0,0.9804841750435145
454,1767153440415,6.037737275971794,5.638534924920291,5.45369331584084,5.45369331584084,5.45369331584084,0.9568095207214355,0.9570727228295726,ok,True,True,-26.891003095275806,0.39920235105150237,1.0,0.0,0.9804841750435145
455,1767153440453,7.567517367877169,6.7959243906944184,6.54608255098716,6.54608255098716,6.54608255098716,0.9524370431900024,0.9542913150458305,ok,True,True,-24.16020247059061,0.7715929771827508,1.0,0.0,0.9804841750435145
456,1767153440482,9.302902681247698,8.300111365026385,8.014469423987627,8.014469423987627,8.014469423987627,0.9556991457939148,0.9551360134946811,ok,True,True,-21.03810253753337,1.0027913162213125,1.0,0.0,0.9804841750435145
457,1767153440515,14.241163765236578,11.864742805152503,11.356761438296171,11.356761438296171,11.356761438296171,0.927392303943634,0.9384897877640529,ok,True,True,-15.48580659076524,2.3764209600840758,1.0,0.0,0.9804841750435145
458,1767153440549,20.27777536785127,16.912562342771764,16.234888918959328,16.234888918959328,16.234888918959328,0.9617095589637756,0.9524216504838866,ok,True,True,-8.078756549635585,3.3652130250795054,1.0,0.0,0.9804841750435145
459,1767153440588,27.054270354636486,22.997587149890595,22.212772069537028,22.212772069537028,22.212772069537028,0.9483771920204163,0.9499949754058045,ok,True,True,0.49936436959494657,4.056683204745891,1.0,0.0,0.9804841750435145
460,1767153440616,34.32163387037838,29.792015182183263,28.94798090857044,28.94798090857044,28.94798090857044,0.939836859703064,0.9439001059841602,ok,True,True,9.724758019986997,4.529618688195114,1.0,0.0,0.9804841750435145
461,1767153440648,41.963108770948104,37.09467133544217,36.22162674315048,36.22162674315048,36.22162674315048,0.9483089447021484,0.9465454092149532,ok,True,True,19.267237857638094,4.868437435505932,1.0,0.0,0.9804841750435145
462,1767153440682,49.78503280044783,44.708888214445565,43.83333377473482,43.83333377473482,43.83333377473482,0.9412186145782471,0.9433493324329295,ok,True,True,28.837150622087407,5.076144586002265,1.0,0.0,0.9804841750435145
463,1767153440715,53.848497519646926,50.19265379756638,49.59019335197589,49.59019335197589,49.59019335197589,0.8773788213729858,0.9037670257969633,ok,True,True,35.42211398568702,3.6558437220805473,1.0,0.0,0.9804841750435145
464,1767153440750,55.118520984131855,53.14817410950566,52.882858513840276,52.882858513840276,52.882858513840276,0.9694686532020569,0.9431880022400194,ok,True,True,38.3220445787001,1.9703468746261947,1.0,0.0,0.9804841750435145
465,1767153440782,55.13768835187341,54.34188265492631,54.32161240477953,54.32161240477953,54.32161240477953,0.839918851852417,0.881226512007458,ok,True,True,38.54360079133532,0.7958056969470988,1.0,0.0,0.9804841750435145
466,1767153440815,52.52186278911873,53.24987073544176,53.512874375320564,53.512874375320564,53.512874375320564,0.9278826713562012,0.9092202076167039,ok,True,True,35.66894014635668,0.7280079463230322,1.0,0.0,0.9804841750435145
467,1767153440882,45.03299117138969,48.31974299701052,49.0320257422397,49.0320257422397,49.0320257422397,0.95952969789505,0.9394059017837115,ok,True,True,27.883606161050544,3.286751825620833,1.0,0.0,0.9804841750435145
468,1767153440919,39.42932643893126,42.985493062162966,43.76405774934048,43.76405774934048,43.76405774934048,0.9430065155029297,0.9415662700152425,ok,True,True,19.373802772661456,3.5561666232317037,1.0,0.0,0.9804841750435145
469,1767153440982,23.126120929622427,31.069869782638644,32.558697041473316,32.558697041473316,32.558697041473316,0.9568593502044678,0.9507421181287776,ok,True,True,3.100746133157582,7.943748853016217,1.0,0.0,0.9804841750435145
470,1767153441015,16.101312262695146,22.088735270672544,23.26878541710066,23.26878541710066,23.26878541710066,0.9546732306480408,0.9531007856403355,ok,True,True,-9.797340435535482,5.987423007977398,1.0,0.0,0.9804841750435145
471,1767153441049,10.925048220521735,15.390523040582057,16.233339323265888,16.233339323265888,16.233339323265888,0.9384892582893372,0.9443338692297365,ok,True,True,-19.009421302153385,4.465474820060322,1.0,0.0,0.9804841750435145
472,1767153441082,7.350331263053926,10.566407974065179,11.128154663149363,11.128154663149363,11.128154663149363,0.9725819230079651,0.9612827014966736,ok,True,True,-25.14937852974726,3.2160767110112527,1.0,0.0,0.9804841750435145
473,1767153441115,6.124625511509061,7.901338496531508,8.167910771776594,8.167910771776594,8.167910771776594,0.9557397961616516,0.9579569582956604,ok,True,True,-28.06304477802651,1.7767129850224475,1.0,0.0,0.9804841750435145
474,1767153441148,5.518350462537289,6.471545676134977,6.556470361881043,6.556470361881043,6.556470361881043,0.971779465675354,0.9662504627234766,ok,True,True,-28.991281558376365,0.953195213597688,1.0,0.0,0.9804841750435145
475,1767153441182,5.509603016149691,5.894380080143805,5.860419841682132,5.860419841682132,5.860419841682132,0.9738317131996155,0.97079921300916,ok,True,True,-28.620092167062815,0.3847770639941146,1.0,0.0,0.9804841750435145
476,1767153441215,6.377720975747361,6.1843846175059385,6.041755230542873,6.041755230542873,6.041755230542873,0.9561904668807983,0.962033965332143,ok,True,True,-27.0611362312853,0.1933363582414227,1.0,0.0,0.9804841750435145
477,1767153441249,7.264966071730006,6.832733490040379,6.6437820593297445,6.6437820593297445,6.6437820593297445,0.9759324193000793,0.9703730377129048,ok,True,True,-24.995874921873117,0.4322325816896271,1.0,0.0,0.9804841750435145
478,1767153441282,8.917865609440337,8.083812761680353,7.830106138830866,7.830106138830866,7.830106138830866,0.9622313976287842,0.9654880536624325,ok,True,True,-22.22283176394595,0.8340528477599847,1.0,0.0,0.9804841750435145
479,1767153441315,12.102487838845144,10.495017807979227,10.11492294556033,10.11492294556033,10.11492294556033,0.9700256586074829,0.9682106166294628,ok,True,True,-18.068350317005972,1.607470030865917,1.0,0.0,0.9804841750435145
480,1767153441349,17.19190387683787,14.513149449294414,13.955061120228049,13.955061120228049,13.955061120228049,0.9626460671424866,0.9648718869372771,ok,True,True,-11.96837939368241,2.6787544275434563,1.0,0.0,0.9804841750435145
481,1767153441392,22.086203582759243,19.05698192937331,18.443050006858407,18.443050006858407,18.443050006858407,0.9211442470550537,0.9386353030079431,ok,True,True,-5.258031441224658,3.0292216533859317,1.0,0.0,0.9804841750435145
482,1767153441424,29.697229093735345,25.44113022799053,24.640538710672363,24.640538710672363,24.640538710672363,0.94829922914505,0.9444336586902072,ok,True,True,3.492527785251461,4.256098865744814,1.0,0.0,0.9804841750435145
483,1767153441450,37.67043451864531,32.778712802383396,31.883433462188535,31.883433462188535,31.883433462188535,0.9277824759483337,0.9344429490450832,ok,True,True,13.278036026531224,4.891721716261912,1.0,0.0,0.9804841750435145
484,1767153441482,46.270300795639265,40.87366559833692,39.919695307038374,39.919695307038374,39.919695307038374,0.898608922958374,0.9129425333930576,ok,True,True,23.705043250227604,5.396635197302345,1.0,0.0,0.9804841750435145
485,1767153441515,51.58158701782835,47.298418450031775,46.563093561387674,46.563093561387674,46.563093561387674,0.9258788228034973,0.9207043070393215,ok,True,True,31.742230566846427,4.283168567796572,1.0,0.0,0.9804841750435145
486,1767153441549,54.87675352043886,51.84541949227602,51.37396599369463,51.37396599369463,51.37396599369463,0.9710333943367004,0.9509017594177489,ok,True,True,36.895272627153815,3.0313340281628385,1.0,0.0,0.9804841750435145
487,1767153441582,55.35976544018933,53.95402706102401,53.80333402277735,53.80333402277735,53.80333402277735,0.9435429573059082,0.9464864781506446,ok,True,True,38.542365217657704,1.4057383791653209,1.0,0.0,0.9804841750435145
488,1767153441615,53.830686523355745,53.88002273842305,54.01484960426753,54.01484960426753,54.01484960426753,0.8977853655815125,0.9172658106091653,ok,True,True,37.068691753261774,0.049336215067306455,1.0,0.0,0.9804841750435145
489,1767153441649,51.35253266281431,52.36352869305781,52.68573010775965,52.68573010775965,52.68573010775965,0.9448413252830505,0.9338111194134964,ok,True,True,33.54699248314277,1.010996030243497,1.0,0.0,0.9804841750435145
490,1767153441682,46.9008410999648,49.085916137202005,49.61248036955039,49.61248036955039,49.61248036955039,0.9488636255264282,0.9428426230812554,ok,True,True,27.791583636014984,2.1850750372372048,1.0,0.0,0.9804841750435145
491,1767153441716,40.66941202678478,44.036013670951675,44.76177364418381,44.76177364418381,44.76177364418381,0.9537467956542969,0.9493851266250803,ok,True,True,19.858941967205435,3.3666016441668987,1.0,0.0,0.9804841750435145
492,1767153441752,34.042445497730284,38.03987276701884,38.863959403381784,38.863959403381784,38.863959403381784,0.9388841390609741,0.9430845340866165,ok,True,True,10.851578332629797,3.9974272692885577,1.0,0.0,0.9804841750435145
493,1767153441782,24.87793213115048,30.142708385497826,31.15642597396299,31.15642597396299,31.15642597396299,0.942213773727417,0.9425620778710968,ok,True,True,-0.2284738599038061,5.264776254347346,1.0,0.0,0.9804841750435145
494,1767153441815,16.44003729574346,21.921105731645206,22.950976577260718,22.950976577260718,22.950976577260718,0.9597156047821045,0.9528541940177014,ok,True,True,-11.485083048529669,5.481068435901747,1.0,0.0,0.9804841750435145
495,1767153441848,11.24092184303319,15.512995398477997,16.300394720628162,16.300394720628162,16.300394720628162,0.9564812779426575,0.955030444372675,ok,True,True,-20.091450033834462,4.272073555444807,1.0,0.0,0.9804841750435145
496,1767153441882,6.000954321385307,9.805770752222383,10.4558678547279,10.4558678547279,10.4558678547279,0.9471395015716553,0.9502958786920632,ok,True,True,-27.197087647247074,3.804816430837076,1.0,0.0,0.9804841750435145
497,1767153441915,2.8905244608487743,5.656622977398218,6.091070440980398,6.091070440980398,6.091070440980398,0.9732909798622131,0.9640929393941531,ok,True,True,-31.945649402688908,2.7660985165494436,1.0,0.0,0.9804841750435145
498,1767153441949,3.1267112606506,4.138675947349647,4.237731034622859,4.237731034622859,4.237731034622859,0.9719323515892029,0.968796586711183,ok,True,True,-33.02833312980556,1.0119646866990468,1.0,0.0,0.9804841750435145
499,1767153441982,3.583980859527174,3.805858894656163,3.7311861461993736,3.7311861461993736,3.7311861461993736,0.9708679914474487,0.9700394295529424,ok,True,True,-32.2121512269998,0.2218780351289893,1.0,0.0,0.9804841750435145
500,1767153442015,4.388889610602628,4.155677324224042,3.9884653220652826,3.9884653220652826,3.9884653220652826,0.9660854339599609,0.9676670321971536,ok,True,True,-30.384504422585334,0.2332122863785857,1.0,0.0,0.9804841750435145
501,1767153442049,6.0087132258683935,5.267498865210653,5.011713704449811,5.011713704449811,5.011713704449811,0.9722195267677307,0.9703985289394998,ok,True,True,-27.58874260138939,0.7412143606577404,1.0,0.0,0.9804841750435145
502,1767153442082,7.88793713368205,6.839761826293492,6.533103956642625,6.533103956642625,6.533103956642625,0.9699174165725708,0.9701098615193424,ok,True,True,-24.236936102572262,1.0481753073885587,1.0,0.0,0.9804841750435145
503,1767153442115,10.38074670269154,8.96435275213232,8.602843263535963,8.602843263535963,8.602843263535963,0.972249448299408,0.9713936135873817,ok,True,True,-20.2855949723385,1.41639395055922,1.0,0.0,0.9804841750435145
504,1767153442148,14.943792913214983,12.552016848781918,12.035797075090104,12.035797075090104,12.035797075090104,0.9715158939361572,0.971466981796647,ok,True,True,-14.643252272155852,2.3917760644330652,1.0,0.0,0.9804841750435145
505,1767153442183,20.260803482711594,17.177288829139727,16.548989438562277,16.548989438562277,16.548989438562277,0.948779284954071,0.9578543636911014,ok,True,True,-7.7758662078817755,3.083514653571868,1.0,0.0,0.9804841750435145
506,1767153442223,28.378531435126522,23.8980343927318,23.048906083880837,23.048906083880837,23.048906083880837,0.9536026120185852,0.9553033126875916,ok,True,True,1.505205845402208,4.48049704239472,1.0,0.0,0.9804841750435145
507,1767153442251,36.15738492374013,31.2536447113368,30.343543081764174,30.343543081764174,30.343543081764174,0.936980128288269,0.9443094020479981,ok,True,True,11.4527234488428,4.903740212403331,1.0,0.0,0.9804841750435145
508,1767153442285,44.82129377307114,39.39423414837741,38.42672570168058,38.42672570168058,38.42672570168058,0.8945141434669495,0.9144322468993689,ok,True,True,22.02770429962274,5.427059624693733,1.0,0.0,0.9804841750435145
509,1767153442315,51.07522941658878,46.40283130930423,45.59459465761173,45.59459465761173,45.59459465761173,0.9294722080230713,0.9234562235735904,ok,True,True,30.861825741897864,4.67239810728455,1.0,0.0,0.9804841750435145
510,1767153442348,54.88435149949563,51.49174342341907,50.94839646977908,50.94839646977908,50.94839646977908,0.9033372402191162,0.9113848335609059,ok,True,True,36.80067170204379,3.392608076076563,1.0,0.0,0.9804841750435145
511,1767153442382,56.70914238185794,54.622182798482385,54.349071088927325,54.349071088927325,54.349071088927325,0.9330551624298096,0.924387030882248,ok,True,True,39.78581473467466,2.0869595833755525,1.0,0.0,0.9804841750435145
512,1767153442415,55.111514980750464,54.915782107843235,55.000545247332546,55.000545247332546,55.000545247332546,0.9184123277664185,0.9208022090127503,ok,True,True,38.859343673867116,0.19573287290722874,1.0,0.0,0.9804841750435145
513,1767153442448,54.42232885320609,54.61971015506095,54.80677883208138,54.80677883208138,54.80677883208138,0.9654683470726013,0.947601891848661,ok,True,True,36.81466108321309,0.19738130185486114,1.0,0.0,0.9804841750435145
514,1767153442482,50.18667967518565,51.95989186713577,52.41458105317241,52.41458105317241,52.41458105317241,0.9365648031234741,0.9409796386135489,ok,True,True,31.844854926160505,1.7732121919501154,1.0,0.0,0.9804841750435145
515,1767153442515,45.69446364158781,48.20063493180699,48.789407926106705,48.789407926106705,48.789407926106705,0.9288259744644165,0.9336874401240696,ok,True,True,25.409497011267845,2.5061712902191786,1.0,0.0,0.9804841750435145
516,1767153442584,33.17221251824389,39.18358148366913,40.350181909817934,40.350181909817934,40.350181909817934,0.8698256611824036,0.8953703727590699,ok,True,True,12.658417463430931,6.011368965425241,1.0,0.0,0.9804841750435145
517,1767153442616,24.45998006232487,30.349420630862575,31.512661576292725,31.512661576292725,31.512661576292725,0.9328377842903137,0.9178508196778162,ok,True,True,-0.055942565946320855,5.8894405685377045,1.0,0.0,0.9804841750435145
518,1767153442649,16.26124914710652,21.896517740608942,22.96953278856327,22.96953278856327,22.96953278856327,0.942798376083374,0.9328193535211509,ok,True,True,-11.784122948718164,5.635268593502424,1.0,0.0,0.9804841750435145
519,1767153442682,9.835266980847248,14.659767284751926,15.54335082215821,15.54335082215821,15.54335082215821,0.9597304463386536,0.9489660092116525,ok,True,True,-21.44179469312187,4.824500303904678,1.0,0.0,0.9804841750435145
520,1767153442715,6.276895448823809,9.630044183195055,10.21023898299671,10.21023898299671,10.21023898299671,0.9582937955856323,0.9545626810360404,ok,True,True,-27.783391935576958,3.3531487343712465,1.0,0.0,0.9804841750435145
521,1767153442748,5.600893711564028,7.212553900216439,7.443754589234648,7.443754589234648,7.443754589234648,0.9664321541786194,0.9616843649215878,ok,True,True,-30.310442595860057,1.6116601886524107,1.0,0.0,0.9804841750435145
522,1767153442781,5.405846347532527,6.128529368606092,6.162555607060964,6.162555607060964,6.162555607060964,0.9736475944519043,0.9688623026397777,ok,True,True,-30.68235337484378,0.7226830210735651,1.0,0.0,0.9804841750435145
523,1767153442815,6.533111716865306,6.371278777561621,6.233839039515911,6.233839039515911,6.233839039515911,0.9727526903152466,0.971196535245059,ok,True,True,-29.180120910691425,0.16183293930368503,1.0,0.0,0.9804841750435145
524,1767153442848,8.234564754629801,7.48925036380253,7.240582157254585,7.240582157254585,7.240582157254585,0.9648659229278564,0.9673981678547375,ok,True,True,-26.462148234152792,0.7453143908272715,1.0,0.0,0.9804841750435145
525,1767153442882,8.768113005580103,8.256567948869074,8.044732601281067,8.044732601281067,8.044732601281067,0.9569028615951538,0.9611009840989873,ok,True,True,-24.146763028049826,0.5115450567110287,1.0,0.0,0.9804841750435145
526,1767153442915,10.99771179784001,9.901254258251635,9.60422345789026,9.60422345789026,9.60422345789026,0.9512824416160583,0.9552098586092299,ok,True,True,-20.90018152621652,1.0964575395883749,1.0,0.0,0.9804841750435145
527,1767153442948,16.799613666172988,14.040269903004447,13.467425610611034,13.467425610611034,13.467425610611034,0.9752406477928162,0.9672283321193816,ok,True,True,-14.638926192249206,2.759343763168541,1.0,0.0,0.9804841750435145
528,1767153442982,23.264114482688292,19.574576650814755,18.838519600550498,18.838519600550498,18.838519600550498,0.9467157125473022,0.954920760376134,ok,True,True,-6.593736263209555,3.689537831873537,1.0,0.0,0.9804841750435145
529,1767153443016,30.50535635333712,26.133044472328177,25.29439872889781,25.29439872889781,25.29439872889781,0.9610133767127991,0.9585763301781332,ok,True,True,2.5727601199928607,4.372311881008944,1.0,0.0,0.9804841750435145
530,1767153443051,38.06546046155756,33.2924940658658,32.40942667894069,32.40942667894069,32.40942667894069,0.9364189505577087,0.9452819024058785,ok,True,True,12.22479027907178,4.772966395691753,1.0,0.0,0.9804841750435145
531,1767153443082,45.788398111863046,40.79003649346414,39.900185654227,39.900185654227,39.900185654227,0.91913241147995,0.9295922078503214,ok,True,True,21.950964367898095,4.998361618398903,1.0,0.0,0.9804841750435145
532,1767153443115,52.36401218791282,47.73442191013335,46.94173329671678,46.94173329671678,46.94173329671678,0.9505130052566528,0.9421446862941203,ok,True,True,30.6151439273953,4.629590277779471,1.0,0.0,0.9804841750435145
533,1767153443148,57.18943006403433,53.407426802473935,52.79970890994247,52.79970890994247,52.79970890994247,0.9122949838638306,0.9242348648359464,ok,True,True,37.25757180297381,3.782003261560398,1.0,0.0,0.9804841750435145
534,1767153443182,58.64342577481824,56.54902618588052,56.2691845052463,56.2691845052463,56.2691845052463,0.9552462100982666,0.9428416719933386,ok,True,True,40.31627420920122,2.094399588937719,1.0,0.0,0.9804841750435145
535,1767153443215,58.742251228586156,57.864961211503896,57.83684745974174,57.83684745974174,57.83684745974174,0.9298303127288818,0.9350348564346646,ok,True,True,40.623560814856596,0.8772900170822595,1.0,0.0,0.9804841750435145
536,1767153443248,55.02844872408819,56.163053719054474,56.500988116205924,56.500988116205924,56.500988116205924,0.9300802946090698,0.9320621193393077,ok,True,True,36.929898200439865,1.1346049949662813,1.0,0.0,0.9804841750435145
537,1767153443283,50.03576036198462,52.486677704812564,53.07208752209177,53.07208752209177,53.07208752209177,0.9475117921829224,0.9413319230454765,ok,True,True,30.531300205019882,2.4509173428279425,1.0,0.0,0.9804841750435145
538,1767153443315,44.076657341487646,47.440665486817615,48.18275115700296,48.18275115700296,48.18275115700296,0.9471015334129333,0.9447936892659505,ok,True,True,22.4202167528386,3.3640081453299686,1.0,0.0,0.9804841750435145
539,1767153443349,35.569386405328515,40.31789803792415,41.27907394426279,41.27907394426279,41.27907394426279,0.9009670615196228,0.9184977126181539,ok,True,True,11.91445131124005,4.748511632595637,1.0,0.0,0.9804841750435145
540,1767153443382,25.34627684775958,31.33492532382541,32.489080221691836,32.489080221691836,32.489080221691836,0.9495483636856079,0.9371281032586263,ok,True,True,-0.700597152100018,5.98864847606583,1.0,0.0,0.9804841750435145
541,1767153443415,19.429819065236313,24.191861568671953,25.115277876596917,25.115277876596917,25.115277876596917,0.9627549648284912,0.9525042202005451,ok,True,True,-10.793645752288999,4.762042503435641,1.0,0.0,0.9804841750435145
542,1767153443448,14.377869914891917,18.303466576403935,19.023553628693456,19.023553628693456,19.023553628693456,0.9730224609375,0.964815164642718,ok,True,True,-18.664281729529677,3.9255966615120172,1.0,0.0,0.9804841750435145
543,1767153443481,11.148142587425433,14.010272183016834,14.500351354295155,14.500351354295155,14.500351354295155,0.9819759726524353,0.9751116494485483,ok,True,True,-24.0209045779691,2.8621295955914015,1.0,0.0,0.9804841750435145
544,1767153443515,9.755356012008104,11.457322480411595,11.70758108183375,11.70758108183375,11.70758108183375,0.9812504053115845,0.9787949029663701,ok,True,True,-26.756260457101344,1.7019664684034908,1.0,0.0,0.9804841750435145
545,1767153443551,9.376169728914657,10.208630829513432,10.276384272210802,10.276384272210802,10.276384272210802,0.9795576333999634,0.979252541226526,ok,True,True,-27.496813536038577,0.8324611005987741,1.0,0.0,0.9804841750435145
546,1767153443582,9.702612703533074,9.905019953925217,9.844172577889513,9.844172577889513,9.844172577889513,0.9789158701896667,0.9790505386044104,ok,True,True,-26.831744576077945,0.20240725039214347,1.0,0.0,0.9804841750435145
547,1767153443615,10.814894766208516,10.450944841295197,10.28340536397938,10.28340536397938,10.28340536397938,0.9789925217628479,0.9790157284994729,ok,True,True,-25.00051842977059,0.3639499249133191,1.0,0.0,0.9804841750435145
548,1767153443648,12.528750556472641,11.697628270401664,11.446784687829902,11.446784687829902,11.446784687829902,0.9724865555763245,0.9750982247455838,ok,True,True,-22.258768638030904,0.8311222860709773,1.0,0.0,0.9804841750435145
549,1767153443682,15.742546266733857,14.12457906820098,13.742912719964835,13.742912719964835,13.742912719964835,0.9732275605201721,0.9739758262103368,ok,True,True,-18.08711066670875,1.6179671985328774,1.0,0.0,0.9804841750435145
550,1767153443715,21.423116110961313,18.50370129385718,17.905078925961924,17.905078925961924,17.905078925961924,0.9663576483726501,0.9694049195077248,ok,True,True,-11.54409794268178,2.9194148171041334,1.0,0.0,0.9804841750435145
551,1767153443748,27.620538193158797,23.97380343343815,23.25354845104524,23.25354845104524,23.25354845104524,0.9691049456596375,0.9692249351988723,ok,True,True,-3.671626469705993,3.6467347597206476,1.0,0.0,0.9804841750435145
552,1767153443782,36.10800955454442,31.25432710610191,30.347729794094576,30.347729794094576,30.347729794094576,0.9536879062652588,0.9599027178387042,ok,True,True,6.2375885315459225,4.853682448442505,1.0,0.0,0.9804841750435145
553,1767153443815,45.24370002780372,39.647950859123,38.63319185444017,38.63319185444017,38.63319185444017,0.9636232852935791,0.9621350583116292,ok,True,True,17.329023525539444,5.595749168680719,1.0,0.0,0.9804841750435145
554,1767153443848,51.83794122194955,46.96194507681893,46.09687060105422,46.09687060105422,46.09687060105422,0.960881769657135,0.9613830851189327,ok,True,True,26.784389054329445,4.875996145130621,1.0,0.0,0.9804841750435145
555,1767153443881,57.13748563535424,53.06726941194012,52.38897195380413,52.38897195380413,52.38897195380413,0.9484476447105408,0.9536218208738976,ok,True,True,34.198259863840285,4.070216223414121,1.0,0.0,0.9804841750435145
556,1767153443915,58.7507170554777,56.477337998062666,56.148275013242085,56.148275013242085,56.148275013242085,0.9745839834213257,0.9661991184023544,ok,True,True,37.79495690050041,2.2733790574150348,1.0,0.0,0.9804841750435145
557,1767153443949,59.03226758349064,58.010295749319454,57.94308762266024,57.94308762266024,57.94308762266024,0.9426201581954956,0.9520517422782391,ok,True,True,38.52954961115268,1.0219718341711896,1.0,0.0,0.9804841750435145
558,1767153443982,56.53369918315371,57.12433780962,57.359053666568705,57.359053666568705,57.359053666568705,0.9408021569252014,0.9453019910664164,ok,True,True,35.964077752916076,0.5906386264662942,1.0,0.0,0.9804841750435145
559,1767153444015,52.849805818603876,54.55961861501032,55.005847512604056,55.005847512604056,55.005847512604056,0.9424630403518677,0.9435986206376872,ok,True,True,31.08674354128305,1.709812796406446,1.0,0.0,0.9804841750435145
560,1767153444048,47.353070284595695,50.23568961676155,50.88371906715638,50.88371906715638,50.88371906715638,0.9390475153923035,0.9408679574904569,ok,True,True,24.0037056080606,2.882619332165852,1.0,0.0,0.9804841750435145
561,1767153444082,43.27949600022197,46.0619734468378,46.689410005845325,46.689410005845325,46.689410005845325,0.9442233443260193,0.9428811895917943,ok,True,True,17.145750394091287,2.782477446615829,1.0,0.0,0.9804841750435145
562,1767153444115,35.44351398526623,39.69089776989486,40.53576235218033,40.53576235218033,40.53576235218033,0.9117493629455566,0.9242020936040517,ok,True,True,7.911281372477973,4.2473837846286315,1.0,0.0,0.9804841750435145
563,1767153444148,28.066106214607544,32.71602283672247,33.618187442918526,33.618187442918526,33.618187442918526,0.943706750869751,0.9359048879634713,ok,True,True,-1.9494836341186197,4.6499166221149295,1.0,0.0,0.9804841750435145
564,1767153444181,20.13986227749856,25.170326501188125,26.105909328171098,26.105909328171098,26.105909328171098,0.9532645344734192,0.94632067586944,ok,True,True,-12.175513715242833,5.030464223689567,1.0,0.0,0.9804841750435145
565,1767153444217,15.533101824383737,19.38799169510549,20.092458770027765,20.092458770027765,20.092458770027765,0.9568228721618652,0.9526219936448952,ok,True,True,-19.875421506996105,3.8548898707217543,1.0,0.0,0.9804841750435145
566,1767153444248,10.833504642294615,14.255299463418964,14.832822976071512,14.832822976071512,14.832822976071512,0.9674252271652222,0.9615039337570914,ok,True,True,-26.18782126746003,3.421794821124349,1.0,0.0,0.9804841750435145
567,1767153444281,8.388518661584211,10.735230982318111,11.095124181782984,11.095124181782984,11.095124181782984,0.9741701483726501,0.9691036625264267,ok,True,True,-30.121496167829697,2.3467123207339,1.0,0.0,0.9804841750435145
568,1767153444315,7.411741555203397,8.741137326049284,8.891798928908763,8.891798928908763,8.891798928908763,0.9798190593719482,0.9755329006337397,ok,True,True,-31.768245165863043,1.3293957708458866,1.0,0.0,0.9804841750435145
569,1767153444349,7.829733855385588,8.194295243651066,8.15395647080258,8.15395647080258,8.15395647080258,0.9729836583137512,0.9740033552417466,ok,True,True,-31.32733764523819,0.3645613882654777,1.0,0.0,0.9804841750435145
570,1767153444381,8.844747992526386,8.584566892976259,8.419963639220823,8.419963639220823,8.419963639220823,0.9787150025367737,0.9768303436187629,ok,True,True,-29.528204766985137,0.26018109955012747,1.0,0.0,0.9804841750435145
571,1767153444415,12.507732546328455,10.938466284987577,10.547534060839336,10.547534060839336,10.547534060839336,0.9697859287261963,0.9726036946832228,ok,True,True,-25.255269684676865,1.5692662613408785,1.0,0.0,0.9804841750435145
572,1767153444451,17.779092020781246,15.042841726463777,14.44718164617446,14.44718164617446,14.44718164617446,0.9691771864891052,0.9705477897667523,ok,True,True,-18.744635111780546,2.7362502943174682,1.0,0.0,0.9804841750435145
573,1767153444482,24.26311653991066,20.575006614531908,19.821368108984935,19.821368108984935,19.821368108984935,0.9538367986679077,0.9605211951074455,ok,True,True,-10.507277813475715,3.6881099253787504,1.0,0.0,0.9804841750435145
574,1767153444517,30.66931637340639,26.631592469856596,25.83243855243795,25.83243855243795,25.83243855243795,0.94189453125,0.9493451967929781,ok,True,True,-1.772431722590726,4.037723903549793,1.0,0.0,0.9804841750435145
575,1767153444548,38.63307892419359,33.83248434245879,32.933034232306454,32.933034232306454,32.933034232306454,0.9524875283241272,0.9512305957116676,ok,True,True,8.058663523726478,4.800594581734799,1.0,0.0,0.9804841750435145
576,1767153444583,44.995673714494366,40.53039796568014,39.712463519617,39.712463519617,39.712463519617,0.9556266665458679,0.9538682382121878,ok,True,True,16.998782996421234,4.4652757488142285,1.0,0.0,0.9804841750435145
577,1767153444615,50.76283293275308,46.669858945923906,45.956608207546736,45.956608207546736,45.956608207546736,0.9592602849006653,0.9571034662252742,ok,True,True,24.794697260420165,4.092973986829172,1.0,0.0,0.9804841750435145
578,1767153444650,54.45735887011306,51.342358900437404,50.833516231473425,50.833516231473425,50.833516231473425,0.913536012172699,0.930962993793729,ok,True,True,30.35640734029096,3.114999969675658,1.0,0.0,0.9804841750435145
579,1767153444684,56.579815812466514,54.48483304765487,54.19025504188315,54.19025504188315,54.19025504188315,0.9319084286689758,0.9315302547188772,ok,True,True,33.57617950944602,2.094982764811647,1.0,0.0,0.9804841750435145
580,1767153444715,56.85604430673772,55.90755980310458,55.84080815350856,55.84080815350856,55.84080815350856,0.9343125820159912,0.9331996510971456,ok,True,True,34.305782872234104,0.9484845036331393,1.0,0.0,0.9804841750435145
581,1767153444748,54.7742612658856,55.227580680773194,55.42364561691184,55.42364561691184,55.42364561691184,0.9403533935546875,0.9374918965716708,ok,True,True,32.162770113788056,0.453319414887595,1.0,0.0,0.9804841750435145
582,1767153444784,50.82339836641438,52.585071292157906,53.021526708033925,53.021526708033925,53.021526708033925,0.9448534250259399,0.9419088136442323,ok,True,True,27.39226120415951,1.7616729257435253,1.0,0.0,0.9804841750435145
583,1767153444821,44.1179059766544,47.5047721028558,48.222382259890914,48.222382259890914,48.222382259890914,0.9413169622421265,0.9415537028029688,ok,True,True,19.548697982690893,3.3868661262014044,1.0,0.0,0.9804841750435145
584,1767153444866,39.40173922299139,42.64295237493715,43.33837776644232,43.33837776644232,43.33837776644232,0.9636978507041931,0.9548401915437034,ok,True,True,11.947616851646545,3.2412131519457645,1.0,0.0,0.9804841750435145
585,1767153444907,30.323470390243596,35.251263184121015,36.198284586828315,36.198284586828315,36.198284586828315,0.9550318717956543,0.954955199694874,ok,True,True,1.5965617956417955,4.927792793877419,1.0,0.0,0.9804841750435145
586,1767153444940,21.631531780050338,27.07942434167861,28.1030870284144,28.1030870284144,28.1030870284144,0.9473409652709961,0.9503866590405473,ok,True,True,-9.59219148795728,5.447892561628272,1.0,0.0,0.9804841750435145
587,1767153444979,15.013192003313705,19.839684938659666,20.726248474896504,20.726248474896504,20.726248474896504,0.9677556753158569,0.9608080688057331,ok,True,True,-19.282434969254915,4.826492935345961,1.0,0.0,0.9804841750435145
588,1767153445017,9.377934161267477,13.562634472224353,14.290404850610315,14.290404850610315,14.290404850610315,0.9561284184455872,0.9580002785896455,ok,True,True,-27.237050602298634,4.184700310956876,1.0,0.0,0.9804841750435145
589,1767153445048,9.186007601039174,10.936658349513245,11.20963027678657,11.20963027678657,11.20963027678657,0.9805037379264832,0.971502354191748,ok,True,True,-30.22066579818794,1.7506507484740705,1.0,0.0,0.9804841750435145
590,1767153445086,9.583257763236578,10.124617997747244,10.133284988086547,10.133284988086547,10.133284988086547,0.9593113660812378,0.9641877613254419,ok,True,True,-30.315397019589618,0.5413602345106661,1.0,0.0,0.9804841750435145
591,1767153445125,8.896847599296153,9.38795575867659,9.35835952739223,9.35835952739223,9.35835952739223,0.9539716243743896,0.9580580791548106,ok,True,True,-29.99190673880095,0.4911081593804365,1.0,0.0,0.9804841750435145
592,1767153445173,12.3607271693889,11.171618605103976,10.857671004359958,10.857671004359958,10.857671004359958,0.9593946933746338,0.9588600476867044,ok,True,True,-26.56042262375151,1.1891085642849237,1.0,0.0,0.9804841750435145
593,1767153445192,12.54033143983073,11.992846305940027,11.76734304490378,11.76734304490378,11.76734304490378,0.834965169429779,0.8845231207325492,ok,True,True,-24.095645519853004,0.547485133890703,1.0,0.0,0.9804841750435145
594,1767153445377,14.454918710077301,13.470089748422392,13.190411384590133,13.190411384590133,13.190411384590133,0.9721781611442566,0.9371161449795736,ok,True,True,-21.03872818543475,0.9848289616549089,1.0,0.0,0.9804841750435145
595,1767153445412,19.485527999424882,17.079352699023886,16.56705341591361,16.56705341591361,16.56705341591361,0.9445191025733948,0.9415579195358663,ok,True,True,-15.439236907342483,2.406175300400996,1.0,0.0,0.9804841750435145
596,1767153445429,27.484855069427894,23.32265412126629,22.511248613747316,22.511248613747316,22.511248613747316,0.9349299073219299,0.9375811122075045,ok,True,True,-6.570479499047416,4.162200948161605,1.0,0.0,0.9804841750435145
597,1767153445456,35.69951185451487,30.748768761215437,29.804965232829023,29.804965232829023,29.804965232829023,0.9479381442070007,0.9437953314072022,ok,True,True,3.7454038130415217,4.95074309329943,1.0,0.0,0.9804841750435145
598,1767153445486,54.93109458850374,45.25816425758842,43.547422093628356,43.547422093628356,43.547422093628356,0.9499284029006958,0.9474751743032984,ok,True,True,22.44401640527702,9.672930330915321,1.0,0.0,0.9804841750435145
599,1767153445530,58.03081141351696,52.921752551145545,51.95901383160927,51.95901383160927,51.95901383160927,0.90809166431427,0.9238450683098813,ok,True,True,32.96686357850778,5.109058862371413,1.0,0.0,0.9804841750435145
600,1767153445544,58.29731541416936,56.14709026895983,55.8023179096711,55.8023179096711,55.8023179096711,0.9178285002708435,0.9202351274864586,ok,True,True,36.735265921458044,2.1502251452095322,1.0,0.0,0.9804841750435145
601,1767153445575,56.06162444505607,56.095810774617576,56.19971811579709,56.19971811579709,56.19971811579709,0.932549238204956,0.9276235939175571,ok,True,True,35.599546489777296,0.03418632956150702,1.0,0.0,0.9804841750435145
602,1767153445621,51.87597709592663,53.56391056740301,53.990521454894974,53.990521454894974,53.990521454894974,0.9604204297065735,0.947301695390967,ok,True,True,30.936639430553065,1.6879334714763843,1.0,0.0,0.9804841750435145
603,1767153445657,46.22047713418453,49.15785050747192,49.81229839501818,49.81229839501818,49.81229839501818,0.9313936233520508,0.9377568521676172,ok,True,True,23.78344722611977,2.937373373287393,1.0,0.0,0.9804841750435145
604,1767153445711,32.73393211967259,39.30349947479232,40.56482815382146,40.56482815382146,40.56482815382146,0.961275577545166,0.9518680873941464,ok,True,True,9.996976758795306,6.56956735511973,1.0,0.0,0.9804841750435145
605,1767153445832,25.09510674130042,30.778463834697178,31.907875580993355,31.907875580993355,31.907875580993355,0.9537509679794312,0.9529978157453173,ok,True,True,-2.3476261544964583,5.683357093396758,1.0,0.0,0.9804841750435145
606,1767153445864,18.36988949214342,23.333319229164925,24.281560899308705,24.281560899308705,24.281560899308705,0.9565513730049133,0.9551299501010749,ok,True,True,-12.712018876769278,4.963429737021503,1.0,0.0,0.9804841750435145
607,1767153445900,12.567769225017587,16.87398922667652,17.653430190508274,17.653430190508274,17.653430190508274,0.9739331603050232,0.9664118762234439,ok,True,True,-21.231400071812338,4.306220001658934,1.0,0.0,0.9804841750435145
608,1767153445927,9.640547215005032,12.533924019673627,13.02630832217,13.02630832217,13.02630832217,0.9740468859672546,0.9709928820697304,ok,True,True,-26.613218274951418,2.893376804668595,1.0,0.0,0.9804841750435145
609,1767153445959,8.85890368270553,10.328911817492768,10.530951675794515,10.530951675794515,10.530951675794515,0.9760174751281738,0.9740076379047965,ok,True,True,-28.82153763374331,1.4700081347872391,1.0,0.0,0.9804841750435145
610,1767153445989,10.042096385019734,10.156822558008948,10.091355495166384,10.091355495166384,10.091355495166384,0.9558047652244568,0.9630859142965926,ok,True,True,-28.10597495490516,0.11472617298921328,1.0,0.0,0.9804841750435145
611,1767153446019,12.18361149571831,11.372895920634566,11.12530759124584,11.12530759124584,11.12530759124584,0.9626108407974243,0.9628008701970916,ok,True,True,-25.39980546243061,0.8107155750837443,1.0,0.0,0.9804841750435145
612,1767153446054,15.411327255355848,13.795954721467336,13.40340072531143,13.40340072531143,13.40340072531143,0.9767429232597351,0.9711661020346777,ok,True,True,-21.10914422177824,1.6153725338885128,1.0,0.0,0.9804841750435145
613,1767153446087,21.938364842004834,18.681400793789834,18.01381170529336,18.01381170529336,18.01381170529336,0.9602091312408447,0.9645919195583779,ok,True,True,-13.812317148957792,3.256964048215,1.0,0.0,0.9804841750435145
614,1767153446122,30.30300412441821,25.65436279216686,24.750243649483725,24.750243649483725,24.750243649483725,0.9355621337890625,0.9471740480967886,ok,True,True,-3.930188829210147,4.648641332251348,1.0,0.0,0.9804841750435145
615,1767153446156,37.77256469098935,32.925283931460356,31.998276000031478,31.998276000031478,31.998276000031478,0.9493359327316284,0.9484711788776925,ok,True,True,6.202116637321216,4.847280759528992,1.0,0.0,0.9804841750435145
616,1767153446194,45.32566279582839,40.36551125008118,39.454747467620265,39.454747467620265,39.454747467620265,0.9766453504562378,0.9653756818248197,ok,True,True,16.15687164952841,4.960151545747216,1.0,0.0,0.9804841750435145
617,1767153446229,50.82618582469164,46.64191599484745,45.89988901882325,45.89988901882325,45.89988901882325,0.9589975476264954,0.9615488013058251,ok,True,True,24.267313567641125,4.18426982984419,1.0,0.0,0.9804841750435145
618,1767153446265,54.108598987266625,51.12192579029895,50.62939266244526,50.62939266244526,50.62939266244526,0.9210386872291565,0.937242732859824,ok,True,True,29.650758449398957,2.986673196967672,1.0,0.0,0.9804841750435145
619,1767153446296,55.359305653256996,53.664353708073776,53.43593978476278,53.43593978476278,53.43593978476278,0.9553866982460022,0.948129112091531,ok,True,True,32.14734943350043,1.6949519451832202,1.0,0.0,0.9804841750435145
620,1767153446328,55.9577815663891,55.040410423062966,54.980936230826046,54.980936230826046,54.980936230826046,0.9450551271438599,0.9462847211229284,ok,True,True,32.79740933340958,0.917371143326136,1.0,0.0,0.9804841750435145
621,1767153446359,54.10461033562865,54.47893037060237,54.656970792105255,54.656970792105255,54.656970792105255,0.9429511427879333,0.9442845741219315,ok,True,True,30.851406634946557,0.3743200349737208,1.0,0.0,0.9804841750435145
622,1767153446403,52.03986814795605,53.01549303701458,53.313466266161214,53.313466266161214,53.313466266161214,0.9559906721115112,0.9513082329156792,ok,True,True,27.59452427590489,0.9756248890585297,1.0,0.0,0.9804841750435145
623,1767153446444,46.63161860907499,49.18516838025083,49.748570347258116,49.748570347258116,49.748570347258116,0.9200718402862549,0.9325663973380247,ok,True,True,21.43647466637959,2.553549771175838,1.0,0.0,0.9804841750435145
624,1767153446480,42.00565055686204,44.877457686217554,45.5008532762495,45.5008532762495,45.5008532762495,0.9718833565711975,0.9561565728779284,ok,True,True,14.622687717484592,2.871807129355517,1.0,0.0,0.9804841750435145
625,1767153446521,36.33362125490263,39.751155827428605,40.4472583596866,40.4472583596866,40.4472583596866,0.9493717551231384,0.9520856822250545,ok,True,True,7.014205358555461,3.417534572525973,1.0,0.0,0.9804841750435145
626,1767153446557,18.46294461991058,26.97822910291779,28.50755326851349,28.50755326851349,28.50755326851349,0.9642614722251892,0.9593911562251353,ok,True,True,-9.701487223792967,8.51528448300721,1.0,0.0,0.9804841750435145
627,1767153446596,12.59678178044768,18.349360709435725,19.44698837952066,19.44698837952066,19.44698837952066,0.967101514339447,0.9640173710937223,ok,True,True,-21.698686454521383,5.752578928988045,1.0,0.0,0.9804841750435145
628,1767153446640,11.20764476380573,14.064331142057728,14.584346381974603,14.584346381974603,14.584346381974603,0.9799790382385254,0.9735943713806041,ok,True,True,-27.382514045907648,2.8566863782519984,1.0,0.0,0.9804841750435145
629,1767153446676,10.45736444762786,11.900151125399807,12.097855695658716,12.097855695658716,12.097855695658716,0.9791263937950134,0.9769135848292497,ok,True,True,-29.543448197684395,1.442786677771947,1.0,0.0,0.9804841750435145
630,1767153446708,10.308226808789621,10.944996535433695,10.963755065606184,10.963755065606184,10.963755065606184,0.9793290495872498,0.9783628636840498,ok,True,True,-29.748481133613897,0.6367697266440739,1.0,0.0,0.9804841750435145
631,1767153446744,10.66825147147817,10.778949497060381,10.688904287552152,10.688904287552152,10.688904287552152,0.9748968482017517,0.9762832543946709,ok,True,True,-28.764276427696355,0.1106980255822112,1.0,0.0,0.9804841750435145
632,1767153446777,14.449659897038766,12.981375737047411,12.61851201663377,12.61851201663377,12.61851201663377,0.9713987112045288,0.9733525284805856,ok,True,True,-24.798133384792813,1.468284159991354,1.0,0.0,0.9804841750435145
633,1767153446808,19.72737017849438,17.028972401915592,16.444482465389644,16.444482465389644,16.444482465389644,0.974591076374054,0.9740956572166666,ok,True,True,-18.40958979394567,2.698397776578787,1.0,0.0,0.9804841750435145
634,1767153446840,25.68047297952443,22.219872748480896,21.506814648347916,21.506814648347916,21.506814648347916,0.9525088667869568,0.9611435829588406,ok,True,True,-10.615781088560098,3.4606002310435358,1.0,0.0,0.9804841750435145
635,1767153446871,33.84012200549464,29.192022302689143,28.294810997159296,28.294810997159296,28.294810997159296,0.9680526256561279,0.965289008577213,ok,True,True,-0.8091562394702372,4.648099702805499,1.0,0.0,0.9804841750435145
636,1767153446903,41.710145495452856,36.70289621834737,35.76148988766014,35.76148988766014,35.76148988766014,0.9804710745811462,0.974398248179573,ok,True,True,9.480525420477111,5.007249277105487,1.0,0.0,0.9804841750435145
637,1767153446936,48.34247428960566,43.686643061102345,42.8374148461117,42.8374148461117,42.8374148461117,0.9656395316123962,0.9691430182392669,ok,True,True,18.762689459590852,4.655831228503317,1.0,0.0,0.9804841750435145
638,1767153446972,54.265104711695464,50.03372005145822,49.30036756160675,49.30036756160675,49.30036756160675,0.9616240859031677,0.9646316588376074,ok,True,True,26.778318225962984,4.2313846602372465,1.0,0.0,0.9804841750435145
639,1767153447006,58.10637739584558,54.87731445809063,54.354512562693444,54.354512562693444,54.354512562693444,0.9660533666610718,0.965484683531686,ok,True,True,32.49260428873796,3.2290629377549465,1.0,0.0,0.9804841750435145
640,1767153447039,58.6675933254489,57.1514817785056,56.96020153832386,56.96020153832386,56.96020153832386,0.963358461856842,0.9642089505267796,ok,True,True,34.583319758934124,1.5161115469433,1.0,0.0,0.9804841750435145
641,1767153447074,57.04522364004534,57.08772689542945,57.20215157358391,57.20215157358391,57.20215157358391,0.9233781695365906,0.9397104819326663,ok,True,True,33.33264460000262,0.04250325538410493,1.0,0.0,0.9804841750435145
642,1767153447108,53.46175923618994,54.91214629988574,55.29173008302889,55.29173008302889,55.29173008302889,0.9250083565711975,0.930889206715785,ok,True,True,29.183749309517157,1.4503870636957998,1.0,0.0,0.9804841750435145
643,1767153447156,47.40578485638746,50.408329433786776,51.06191795554933,51.06191795554933,51.06191795554933,0.9356569051742554,0.9337498257908672,ok,True,True,22.03995007393855,3.0025445773993127,1.0,0.0,0.9804841750435145
644,1767153447198,41.479619822255344,45.05110366686792,45.80394230637618,45.80394230637618,45.80394230637618,0.9329902529716492,0.9332940820993364,ok,True,True,13.811335405293919,3.5714838446125725,1.0,0.0,0.9804841750435145
645,1767153447245,33.71983599666018,38.25234306474327,39.14653096017967,39.14653096017967,39.14653096017967,0.9548883438110352,0.9462506391263557,ok,True,True,4.0377567832953964,4.532507068083092,1.0,0.0,0.9804841750435145
646,1767153447280,26.29821396512121,31.079865604970035,31.995178377026914,31.995178377026914,31.995178377026914,0.9701953530311584,0.9606174674692374,ok,True,True,-5.966719218978627,4.781651639848825,1.0,0.0,0.9804841750435145
647,1767153447317,20.54075050379803,24.756396544266835,25.542093435268182,25.542093435268182,25.542093435268182,0.9577236771583557,0.9588811932827084,ok,True,True,-14.554478432061956,4.215646040468805,1.0,0.0,0.9804841750435145
648,1767153447356,14.832961273176576,18.80233538161268,19.500389731166642,19.500389731166642,19.500389731166642,0.960096001625061,0.95961007828812,ok,True,True,-22.184294383064135,3.969374108436103,1.0,0.0,0.9804841750435145
649,1767153447387,10.674711477877421,13.925761039371526,14.465394956585694,14.465394956585694,14.465394956585694,0.9754713177680969,0.9691268219761061,ok,True,True,-28.082556419384538,3.2510495614941046,1.0,0.0,0.9804841750435145
650,1767153447420,8.760411574463557,10.826551360426745,11.128196485337334,11.128196485337334,11.128196485337334,0.9837144017219543,0.9778793698236151,ok,True,True,-31.37957302999008,2.0661397859631876,1.0,0.0,0.9804841750435145
651,1767153447453,9.336616558060875,9.932590479007224,9.949289054758006,9.949289054758006,9.949289054758006,0.9813470244407654,0.9799599625939053,ok,True,True,-31.562090422373277,0.5959739209463493,1.0,0.0,0.9804841750435145
652,1767153447487,9.281528336230958,9.541953193341465,9.469996774762597,9.469996774762597,9.469996774762597,0.9740393161773682,0.976407574743983,ok,True,True,-30.775598323870003,0.26042485711050745,1.0,0.0,0.9804841750435145
653,1767153447523,11.213087491617198,10.544633772306906,10.31020562084672,10.31020562084672,10.31020562084672,0.975280225276947,0.9757311650637615,ok,True,True,-28.213271120382505,0.6684537193102926,1.0,0.0,0.9804841750435145
654,1767153447552,14.498075461013228,12.916698785530699,12.520838090150399,12.520838090150399,12.520838090150399,0.9741011261940002,0.9747531417419047,ok,True,True,-23.8864672691962,1.5813766754825291,1.0,0.0,0.9804841750435145
655,1767153447588,21.333802499356004,17.96696101382588,17.27027610526156,17.27027610526156,17.27027610526156,0.9686006307601929,0.9710616351528776,ok,True,True,-16.271619468902298,3.3668414855301236,1.0,0.0,0.9804841750435145
656,1767153447620,27.856903160396904,23.900926301768497,23.10036942972131,23.10036942972131,23.10036942972131,0.9262869954109192,0.9441968513077026,ok,True,True,-7.521438919303305,3.955976858628407,1.0,0.0,0.9804841750435145
657,1767153447652,36.02453523697971,31.175091662895227,30.245919651338532,30.245919651338532,30.245919651338532,0.9679412245750427,0.9584434752681067,ok,True,True,2.6345201969603522,4.849443574084482,1.0,0.0,0.9804841750435145
658,1767153447706,44.387421581713575,39.10248961418624,38.12384072803365,38.12384072803365,38.12384072803365,0.9675044417381287,0.9638800551501199,ok,True,True,13.331267358221837,5.284931967527335,1.0,0.0,0.9804841750435145
659,1767153447751,50.850646489491666,46.15138373936949,45.30505374459625,45.30505374459625,45.30505374459625,0.9539288282394409,0.9579093190037125,ok,True,True,22.58175351027942,4.699262750122173,1.0,0.0,0.9804841750435145
660,1767153447782,55.06585813836998,51.50006837876978,50.892674054501406,50.892674054501406,50.892674054501406,0.9256500601768494,0.9385537637075946,ok,True,True,29.220644746774493,3.5657897596002,1.0,0.0,0.9804841750435145
661,1767153447818,56.45335141672885,54.47203820154522,54.18126529489907,54.18126529489907,54.18126529489907,0.9693325161933899,0.9570210151990718,ok,True,True,32.398826735992984,1.9813132151836328,1.0,0.0,0.9804841750435145
662,1767153447856,56.583632044004865,55.738994507021005,55.685672506137344,55.685672506137344,55.685672506137344,0.9533336758613586,0.9548086115964439,ok,True,True,32.9816424625069,0.8446375369838606,1.0,0.0,0.9804841750435145
663,1767153447892,53.647645345594746,54.48418501016525,54.74097744330411,54.74097744330411,54.74097744330411,0.9170565009117126,0.9321573451856051,ok,True,True,30.17487103602486,0.8365396645705019,1.0,0.0,0.9804841750435145
664,1767153447941,41.289641609152795,46.56745896955778,47.59193287147578,47.59193287147578,47.59193287147578,0.9488399028778076,0.9421668798009266,ok,True,True,18.977251075295495,5.277817360404981,1.0,0.0,0.9804841750435145
665,1767153447999,34.47988103781343,39.31491221051117,40.30928008467506,40.30928008467506,40.30928008467506,0.9317502975463867,0.9359169304482027,ok,True,True,8.108693530589143,4.8350311726977395,1.0,0.0,0.9804841750435145
666,1767153448035,25.698485132598506,31.145055963763568,32.1980080678763,32.1980080678763,32.1980080678763,0.9594694375991821,0.9500484347387903,ok,True,True,-3.400196521788633,5.446570831165062,1.0,0.0,0.9804841750435145
667,1767153448070,16.90943952229692,22.60368609888358,23.661824349102794,23.661824349102794,23.661824349102794,0.9554705619812012,0.9533017110842368,ok,True,True,-14.965771759657748,5.694246576586657,1.0,0.0,0.9804841750435145
668,1767153448107,11.657276152268953,16.035840130914803,16.831272890711492,16.831272890711492,16.831272890711492,0.9710422158241272,0.963946013928171,ok,True,True,-23.65994516109049,4.37856397864585,1.0,0.0,0.9804841750435145
669,1767153448138,8.580749830655185,11.562785950759032,12.06276275453789,12.06276275453789,12.06276275453789,0.9698317646980286,0.9674774643900855,ok,True,True,-29.124750294158616,2.9820361201038477,1.0,0.0,0.9804841750435145
670,1767153448178,6.84513462381849,8.732195154594708,8.995557522852351,8.995557522852351,8.995557522852351,0.9776004552841187,0.9735512589265054,ok,True,True,-32.00333188241151,1.8870605307762176,1.0,0.0,0.9804841750435145
671,1767153448214,7.397965189243427,7.93165717538394,7.931336041152323,7.931336041152323,7.931336041152323,0.9734737873077393,0.9735047759552458,ok,True,True,-31.99982184757773,0.5336919861405125,1.0,0.0,0.9804841750435145
672,1767153448247,8.965591493016307,8.55201776596336,8.363699554325482,8.363699554325482,8.363699554325482,0.9725430607795715,0.9729277468498412,ok,True,True,-29.941481696933337,0.41357372705294715,1.0,0.0,0.9804841750435145
673,1767153448279,14.029960637870294,11.83878348910752,11.339553195581724,11.339553195581724,11.339553195581724,0.9762008190155029,0.9748915901492382,ok,True,True,-24.484836008527413,2.1911771487627743,1.0,0.0,0.9804841750435145
674,1767153448315,19.419560069308677,16.387249437228213,15.732805435799294,15.732805435799294,15.732805435799294,0.9279965162277222,0.9467545457963286,ok,True,True,-17.331686279812658,3.0323106320804634,1.0,0.0,0.9804841750435145
675,1767153448352,27.79203297158164,23.23011955784027,22.328893773104888,22.328893773104888,22.328893773104888,0.9583439826965332,0.9537082079364514,ok,True,True,-7.481182701943446,4.561913413741372,1.0,0.0,0.9804841750435145
676,1767153448389,36.53287566936496,31.211773224755085,30.192555459572933,30.192555459572933,30.192555459572933,0.9282994270324707,0.938462939394063,ok,True,True,3.6589870675029132,5.321102444609878,1.0,0.0,0.9804841750435145
677,1767153448429,45.14508722549201,39.57176162519724,38.53859443073544,38.53859443073544,38.53859443073544,0.9601489901542664,0.951474569850185,ok,True,True,14.951625735815455,5.573325600294773,1.0,0.0,0.9804841750435145
678,1767153448464,50.050939078088206,45.85926809693182,45.097857321574196,45.097857321574196,45.097857321574196,0.9205219745635986,0.9329030126782332,ok,True,True,23.273934855156398,4.191670981156385,1.0,0.0,0.9804841750435145
679,1767153448496,56.312202575839855,52.131028784276644,51.43266585848022,51.43266585848022,51.43266585848022,0.9281018376350403,0.9300223076523175,ok,True,True,30.9071235806973,4.181173791563211,1.0,0.0,0.9804841750435145
680,1767153448531,58.44369433141362,55.918628112558835,55.53294711856228,55.53294711856228,55.53294711856228,0.9504230618476868,0.942262760169539,ok,True,True,35.12266210126327,2.525066218854782,1.0,0.0,0.9804841750435145
681,1767153448565,59.728873522655505,58.20477535861684,58.03724602772829,58.03724602772829,58.03724602772829,0.9575070738792419,0.9514093483953607,ok,True,True,36.95377734593009,1.5240981640386622,1.0,0.0,0.9804841750435145
682,1767153448601,57.76649714812978,57.941808432324606,58.089935809947704,58.089935809947704,58.089935809947704,0.942874014377594,0.9462881479847007,ok,True,True,35.33472772709888,0.17531128419482656,1.0,0.0,0.9804841750435145
683,1767153448652,54.43017971507564,55.83483120197523,56.21796802370647,56.21796802370647,56.21796802370647,0.9308429956436157,0.9370210565800497,ok,True,True,31.146997307928505,1.4046514868995885,1.0,0.0,0.9804841750435145
684,1767153448684,48.563850202849764,51.472242602499946,52.1177693892916,52.1177693892916,52.1177693892916,0.9504335522651672,0.9450685539911203,ok,True,True,24.091313781553687,2.9083923996501824,1.0,0.0,0.9804841750435145
685,1767153448725,41.48650513156701,45.480800119940184,46.31115317119398,46.31115317119398,46.31115317119398,0.9335281848907471,0.9381443325308965,ok,True,True,15.01545749691382,3.994294988373177,1.0,0.0,0.9804841750435145
686,1767153448757,25.013643991564656,33.20050644291487,34.71959918984936,34.71959918984936,34.71959918984936,0.9808942079544067,0.9637942577850027,ok,True,True,-1.5884044789029428,8.186862451350216,1.0,0.0,0.9804841750435145
687,1767153448793,18.31641627191332,24.27005234031394,25.430379410780137,25.430379410780137,25.430379410780137,0.9345310926437378,0.9462363587002438,ok,True,True,-14.270915513007264,5.95363606840062,1.0,0.0,0.9804841750435145
688,1767153448824,13.509205958312105,17.813544511112838,18.610541161838036,18.610541161838036,18.610541161838036,0.9454236626625061,0.9457487410776011,ok,True,True,-22.982182425797085,4.304338552800733,1.0,0.0,0.9804841750435145
689,1767153448862,10.00090522321952,13.125960938376847,13.652576556833317,13.652576556833317,13.652576556833317,0.966046154499054,0.9579271891304728,ok,True,True,-28.738152929115973,3.125055715157327,1.0,0.0,0.9804841750435145
690,1767153448894,9.435522474541944,10.911697860075906,11.110685399149864,11.110685399149864,11.110685399149864,0.970155656337738,0.9652642694548319,ok,True,True,-30.913110080586005,1.4761753855339617,1.0,0.0,0.9804841750435145
691,1767153448930,7.766599362239875,9.024638761374288,9.142451549351504,9.142451549351504,9.142451549351504,0.9430925846099854,0.9519612585479239,ok,True,True,-32.2008176774443,1.2580393991344128,1.0,0.0,0.9804841750435145
692,1767153448966,8.263272701217224,8.56781912528005,8.512157871698129,8.512157871698129,8.512157871698129,0.944727897644043,0.9476212420055954,ok,True,True,-31.592433644448196,0.30454642406282595,1.0,0.0,0.9804841750435145
693,1767153448996,9.201715072114933,8.94815669338098,8.781965846126818,8.781965846126818,8.781965846126818,0.9641692042350769,0.9575500193432843,ok,True,True,-29.775948182964285,0.2535583787339526,1.0,0.0,0.9804841750435145
694,1767153449030,11.454849207973538,10.452172202136515,10.154993612115199,10.154993612115199,10.154993612115199,0.9678816795349121,0.9637490154582611,ok,True,True,-26.527751322806047,1.0026770058370236,1.0,0.0,0.9804841750435145
695,1767153449061,15.99671648292648,13.778898770610493,13.275758881422904,13.275758881422904,13.275758881422904,0.9647090435028076,0.964325032284989,ok,True,True,-21.02837329506097,2.2178177123159877,1.0,0.0,0.9804841750435145
696,1767153449097,21.368349739984026,18.332569352234614,17.689966922850914,17.689966922850914,17.689966922850914,0.9504581093788147,0.9560048785412845,ok,True,True,-14.004653338302093,3.035780387749412,1.0,0.0,0.9804841750435145
697,1767153449129,37.109086400298935,29.598479581073207,28.217313093376546,28.217313093376546,28.217313093376546,0.9414745569229126,0.9472866855702613,ok,True,True,1.0916584396435134,7.510606819225728,1.0,0.0,0.9804841750435145
698,1767153449169,44.165298514704425,38.33857094125194,37.213035022236966,37.213035022236966,37.213035022236966,0.9567715525627136,0.9529776057657326,ok,True,True,13.393898105958352,5.826727573452487,1.0,0.0,0.9804841750435145
699,1767153449199,52.27485950173382,46.70034407754107,45.69132785392051,45.69132785392051,45.69132785392051,0.9022296071052551,0.9225288065694461,ok,True,True,24.422563829077603,5.574515424192754,1.0,0.0,0.9804841750435145
700,1767153449249,57.46091125822923,53.156684385953966,52.414359986453825,52.414359986453825,52.414359986453825,0.9265410304069519,0.9249361408719496,ok,True,True,32.53625662068234,4.304226872275265,1.0,0.0,0.9804841750435145
701,1767153449301,58.75176881808541,56.513735045232835,56.17726037751018,56.17726037751018,56.17726037751018,0.9149162769317627,0.9189242225078375,ok,True,True,36.21396422115625,2.2380337728525745,1.0,0.0,0.9804841750435145
702,1767153449335,57.94959005192067,57.37524804924554,57.37626863047945,57.37626863047945,57.37626863047945,0.941940426826477,0.9327339450990212,ok,True,True,36.2028091485136,0.5743420026751309,1.0,0.0,0.9804841750435145
703,1767153449371,55.88440531932571,56.48074241129364,56.715371035647244,56.715371035647244,56.715371035647244,0.9629480242729187,0.9508623926033597,ok,True,True,33.638290752777394,0.596337091967932,1.0,0.0,0.9804841750435145
704,1767153449408,50.448746731941064,52.861545003682096,53.41679825602141,53.41679825602141,53.41679825602141,0.9305129647254944,0.9386527358766406,ok,True,True,27.56930755075119,2.412798271741032,1.0,0.0,0.9804841750435145
705,1767153449441,41.09712882058577,45.80289529382431,46.75521927305535,46.75521927305535,46.75521927305535,0.924497663974762,0.9301596927355134,ok,True,True,17.16029471113244,4.705766473238533,1.0,0.0,0.9804841750435145
706,1767153449494,28.20232958798394,35.24255587032009,36.59128270766082,36.59128270766082,36.59128270766082,0.9678667187690735,0.9527839083556495,ok,True,True,2.4185521180773506,7.04022628233615,1.0,0.0,0.9804841750435145
707,1767153449529,19.850340193546327,26.00722646425583,27.197472376483407,27.197472376483407,27.197472376483407,0.9523258805274963,0.9525090916587575,ok,True,True,-10.590975367184923,6.156886270709503,1.0,0.0,0.9804841750435145
708,1767153449568,16.673873434853743,20.407214646614577,21.125650159626876,21.125650159626876,21.125650159626876,0.9452632665634155,0.9481615966015523,ok,True,True,-18.443559826332308,3.733341211760834,1.0,0.0,0.9804841750435145
709,1767153449601,13.626848192285669,16.33899477401723,16.80460215981731,16.80460215981731,16.80460215981731,0.9604873657226562,0.9555570580742148,ok,True,True,-23.5327031879514,2.7121465817315613,1.0,0.0,0.9804841750435145
710,1767153449637,11.164315592770178,13.234187265269,13.545121733540089,13.545121733540089,13.545121733540089,0.9607730507850647,0.9586866537007247,ok,True,True,-26.931253411507825,2.069871672498822,1.0,0.0,0.9804841750435145
711,1767153449671,12.436063258251346,12.755312861058409,12.74327057830641,12.74327057830641,12.74327057830641,0.9718027710914612,0.9665563241351667,ok,True,True,-26.799629847975293,0.31924960280706216,1.0,0.0,0.9804841750435145
712,1767153449704,12.582919204437898,12.651876667086103,12.562376474641788,12.562376474641788,12.562376474641788,0.9732142686843872,0.970551090864699,ok,True,True,-25.821382242519146,0.06895746264820524,1.0,0.0,0.9804841750435145
713,1767153449738,16.572904224513838,15.004493201542743,14.635876304783423,14.635876304783423,14.635876304783423,0.9710724949836731,0.9708639333360835,ok,True,True,-21.792356307074016,1.5684110229710946,1.0,0.0,0.9804841750435145
714,1767153449768,22.687673858288157,19.61440159558999,18.977694113372145,18.977694113372145,18.977694113372145,0.9667629599571228,0.9684033493087071,ok,True,True,-14.833068814556796,3.0732722626981683,1.0,0.0,0.9804841750435145
715,1767153449803,29.84168265320047,25.750770230156277,24.939669429491666,24.939669429491666,24.939669429491666,0.9325104355812073,0.9468676010722072,ok,True,True,-5.967641887934503,4.090912423044191,1.0,0.0,0.9804841750435145
716,1767153449836,38.706403445227096,33.52415015919877,32.54386629479646,32.54386629479646,32.54386629479646,0.9439769387245178,0.9451332036635935,ok,True,True,4.746975777446385,5.1822532860283275,1.0,0.0,0.9804841750435145
717,1767153449870,47.92778096066294,42.166328640077275,41.11006004985906,41.11006004985906,41.11006004985906,0.9682156443595886,0.9589826680811906,ok,True,True,16.29211541211679,5.7614523205856685,1.0,0.0,0.9804841750435145
718,1767153449900,55.75967087192093,50.32233397918347,49.354795421385575,49.354795421385575,49.354795421385575,0.9004690647125244,0.9238745060599909,ok,True,True,26.867425380764722,5.437336892737463,1.0,0.0,0.9804841750435145
719,1767153449937,59.59907567165844,55.88837899466845,55.2591418241825,55.2591418241825,55.2591418241825,0.8595297336578369,0.8852676426186985,ok,True,True,33.745061489478736,3.71069667698999,1.0,0.0,0.9804841750435145
720,1767153449970,59.23110818971388,57.89401651169571,57.72548646563672,57.72548646563672,57.72548646563672,0.9607963562011719,0.9305848707681825,ok,True,True,35.58711466838328,1.3370916780181687,1.0,0.0,0.9804841750435145
721,1767153450007,58.62736196886993,58.33402378600024,58.39849878314152,58.39849878314152,58.39849878314152,0.940169632434845,0.9363357277681801,ok,True,True,34.88239538407013,0.2933381828696895,1.0,0.0,0.9804841750435145
722,1767153450052,56.97585903396655,57.519124934780024,57.74703863046487,57.74703863046487,57.74703863046487,0.9550279974937439,0.9475510896035184,ok,True,True,32.391271946619675,0.5432659008134735,1.0,0.0,0.9804841750435145
723,1767153450088,49.330527670501894,52.60596657621315,53.300245543247925,53.300245543247925,53.300245543247925,0.918876051902771,0.9303460669830699,ok,True,True,24.802721369559286,3.2754389057112547,1.0,0.0,0.9804841750435145
724,1767153450130,42.59145359267177,46.59725878608832,47.43762639921571,47.43762639921571,47.43762639921571,0.95664381980896,0.9461247186786039,ok,True,True,15.617404748522528,4.005805193416549,1.0,0.0,0.9804841750435145
725,1767153450179,33.77150455318088,38.90180624634385,39.91255845457344,39.91255845457344,39.91255845457344,0.869560718536377,0.9001863185932677,ok,True,True,4.56976450992436,5.13030169316297,1.0,0.0,0.9804841750435145
726,1767153450212,24.533339067378293,30.280725938964515,31.37270056063075,31.37270056063075,31.37270056063075,0.9246885776519775,0.9148876740284937,ok,True,True,-7.365646238253433,5.747386871586222,1.0,0.0,0.9804841750435145
727,1767153450245,13.538069082989187,20.23513182537932,21.45075396830636,21.45075396830636,21.45075396830636,0.930081844329834,0.9240041762092979,ok,True,True,-20.652538902732413,6.697062742390132,1.0,0.0,0.9804841750435145
728,1767153450278,12.804766399287647,15.776912569724317,16.33331771668297,16.33331771668297,16.33331771668297,0.9733506441116333,0.9536120569506992,ok,True,True,-26.734112448112473,2.9721461704366696,1.0,0.0,0.9804841750435145
729,1767153450313,12.126655389475797,13.586758261575206,13.793835267536132,13.793835267536132,13.793835267536132,0.9641685485839844,0.9599459519306703,ok,True,True,-28.997488421883002,1.4601028720994087,1.0,0.0,0.9804841750435145
730,1767153450347,12.528066623410798,12.95154327867656,12.937671612618576,12.937671612618576,12.937671612618576,0.9545701146125793,0.9567204495398158,ok,True,True,-28.845869484154438,0.4234766552657625,1.0,0.0,0.9804841750435145
731,1767153450381,13.870615729134302,13.502986748951205,13.332581178082188,13.332581178082188,13.332581178082188,0.9633764028549194,0.9607140215288781,ok,True,True,-26.983316599000393,0.3676289801830972,1.0,0.0,0.9804841750435145
732,1767153450415,17.967805819819887,16.181878191472414,15.763494726453542,15.763494726453542,15.763494726453542,0.9602870345115662,0.9604578293184909,ok,True,True,-22.41033623282077,1.7859276283474728,1.0,0.0,0.9804841750435145
733,1767153450446,22.381254604572757,19.90150403933262,19.35630449990841,19.35630449990841,19.35630449990841,0.9392368197441101,0.9477252235738625,ok,True,True,-16.451241292669064,2.479750565240135,1.0,0.0,0.9804841750435145
734,1767153450489,29.408339216815072,25.60560514582209,24.84694109161647,24.84694109161647,24.84694109161647,0.9597778916358948,0.9549568244110819,ok,True,True,-8.158954157822434,3.802734070992983,1.0,0.0,0.9804841750435145
735,1767153450523,36.45594182091266,32.115807150876435,31.274202150738724,31.274202150738724,31.274202150738724,0.9543726444244385,0.9546063164190959,ok,True,True,1.039887248433324,4.340134670036228,1.0,0.0,0.9804841750435145
736,1767153450553,42.639610526496796,38.43008917624866,37.635315010521865,37.635315010521865,37.635315010521865,0.9613125324249268,0.9586300460225944,ok,True,True,9.726862139402034,4.209521350248139,1.0,0.0,0.9804841750435145
737,1767153450589,50.158132654024534,45.466915262914185,44.62904457748911,44.62904457748911,44.62904457748911,0.8990614414215088,0.922888883261943,ok,True,True,18.884887047660577,4.691217391110349,1.0,0.0,0.9804841750435145
738,1767153450624,53.27396501101597,50.15114511177525,49.60509917413221,49.60509917413221,49.60509917413221,0.8856378793716431,0.900538280927763,ok,True,True,24.853233219661277,3.1228198992407172,1.0,0.0,0.9804841750435145
739,1767153450658,57.224615259030976,54.39522720012869,53.953077597219476,53.953077597219476,53.953077597219476,0.9514199495315552,0.9310672820900383,ok,True,True,29.6859802617241,2.829388058902289,1.0,0.0,0.9804841750435145
740,1767153450692,56.015249185593824,55.36724039140777,55.319848953804616,55.319848953804616,55.319848953804616,0.8886220455169678,0.905600140146196,ok,True,True,30.203974235684058,0.6480087941860546,1.0,0.0,0.9804841750435145
741,1767153450727,56.659772759998894,56.142759812562446,56.16328292120931,56.16328292120931,56.16328292120931,0.9002951383590698,0.9024171390739203,ok,True,True,29.9796542499723,0.5170129474364487,1.0,0.0,0.9804841750435145
742,1767153450767,53.403515726536895,54.49921336094712,54.796464875312104,54.796464875312104,54.796464875312104,0.9336478114128113,0.9211555424772548,ok,True,True,26.730660318180746,1.0956976344102216,1.0,0.0,0.9804841750435145
743,1767153450803,47.58173382071726,50.348725636809206,50.944565544095575,50.944565544095575,50.944565544095575,0.9378811120986938,0.9311908842501183,ok,True,True,20.21806021510556,2.766991816091945,1.0,0.0,0.9804841750435145
744,1767153450842,42.34952520355246,45.549205376855156,46.2265775806096,46.2265775806096,46.2265775806096,0.9227789044380188,0.9261436963628586,ok,True,True,12.814302544555247,3.1996801733026956,1.0,0.0,0.9804841750435145
745,1767153450898,36.1014575907587,39.88055670519728,40.63648516807548,40.63648516807548,40.63648516807548,0.9336144924163818,0.9306261739949726,ok,True,True,4.5519157439142575,3.77909911443858,1.0,0.0,0.9804841750435145
746,1767153450932,28.689669252234967,33.16602423341989,34.016709559211016,34.016709559211016,34.016709559211016,0.9568164944648743,0.9463403662769136,ok,True,True,-4.746174687227617,4.476354981184922,1.0,0.0,0.9804841750435145
747,1767153450970,15.67054938046746,22.66873932164843,23.917588610890796,23.917588610890796,23.917588610890796,0.9616131782531738,0.9555040534626698,ok,True,True,-18.396243959838838,6.998189941180971,1.0,0.0,0.9804841750435145
748,1767153451008,11.983155887895265,16.257389261396533,17.043878560648054,17.043878560648054,17.043878560648054,0.9387008547782898,0.9454221342520417,ok,True,True,-26.99266428807849,4.274233373501268,1.0,0.0,0.9804841750435145
749,1767153451040,11.12183702755944,13.176057921094277,13.507312979935222,13.507312979935222,13.507312979935222,0.9667841792106628,0.9582393612272144,ok,True,True,-30.613320951001327,2.0542208935348363,1.0,0.0,0.9804841750435145
750,1767153451075,11.443026936475974,12.136239330323296,12.175371838648768,12.175371838648768,12.175371838648768,0.9720362424850464,0.9665174899819136,ok,True,True,-31.041043858845402,0.6932123938473218,1.0,0.0,0.9804841750435145
751,1767153451108,12.13975356971058,12.138347873955667,12.02700068314931,12.02700068314931,12.02700068314931,0.9723309278488159,0.970005552702055,ok,True,True,-29.8240059977441,0.0014056957549133386,1.0,0.0,0.9804841750435145
752,1767153451139,17.383226966717487,15.285275329612759,14.81067937423603,14.81067937423603,14.81067937423603,0.9712669253349304,0.9707623762817803,ok,True,True,-24.636616515924707,2.097951637104728,1.0,0.0,0.9804841750435145
753,1767153451171,23.43039642676583,20.1723479879046,19.48229800543472,19.48229800543472,19.48229800543472,0.9595212936401367,0.9640177266967942,ok,True,True,-17.09428923639179,3.2580484388612305,1.0,0.0,0.9804841750435145
754,1767153451202,30.333677660141348,26.26914579124665,25.448095762087213,25.448095762087213,25.448095762087213,0.9643533825874329,0.9642191202311774,ok,True,True,-8.120116074868887,4.064531868894697,1.0,0.0,0.9804841750435145
755,1767153451237,41.25437595144301,35.260283887364466,34.13497236105903,34.13497236105903,34.13497236105903,0.9411579370498657,0.9503824103223903,ok,True,True,4.179670952800306,5.994092064078544,1.0,0.0,0.9804841750435145
756,1767153451277,48.80507741689728,43.387160005084155,42.37010594524618,42.37010594524618,42.37010594524618,0.9433447122573853,0.9461597914833872,ok,True,True,15.296191168943544,5.4179174118131215,1.0,0.0,0.9804841750435145
757,1767153451307,54.24540858898173,49.90210915542269,49.118394507972226,49.118394507972226,49.118394507972226,0.9483363628387451,0.947465734296602,ok,True,True,23.862284227417348,4.343299433559039,1.0,0.0,0.9804841750435145
758,1767153451347,57.39344902058295,54.39691307451885,53.89656942151204,53.89656942151204,53.89656942151204,0.882642388343811,0.9085717267249274,ok,True,True,29.331099065593413,2.9965359460640997,1.0,0.0,0.9804841750435145
759,1767153451383,55.600940928206946,55.11932978673171,55.09197985087497,55.09197985087497,55.09197985087497,0.9571943283081055,0.9377452876748342,ok,True,True,29.630037073775714,0.4816111414752342,1.0,0.0,0.9804841750435145
760,1767153451416,55.02767858097654,55.06433906327861,55.17765400798619,55.17765400798619,55.17765400798619,0.9273611903190613,0.9315148292613705,ok,True,True,28.391491431635867,0.036660482302067976,1.0,0.0,0.9804841750435145
761,1767153451474,52.256094447558056,53.37939229384628,53.68571220667518,53.68571220667518,53.68571220667518,0.9390429258346558,0.9360316872053417,ok,True,True,25.043378840539035,1.1232978462882244,1.0,0.0,0.9804841750435145
762,1767153451659,44.57908376445579,48.09920717621198,48.815863583649964,48.815863583649964,48.815863583649964,0.9372769594192505,0.9367788505336869,ok,True,True,17.210240214080923,3.5201234117561953,1.0,0.0,0.9804841750435145
763,1767153451689,38.18232680508281,42.149078953534485,42.95716052883951,42.95716052883951,42.95716052883951,0.9556207656860352,0.9480839996250958,ok,True,True,8.37781377491779,3.9667521484516755,1.0,0.0,0.9804841750435145
764,1767153451721,31.67440486014549,35.864274497501086,36.68705320522764,36.68705320522764,36.68705320522764,0.9702476859092712,0.9613822113956011,ok,True,True,-0.6152540461885643,4.189869637355596,1.0,0.0,0.9804841750435145
765,1767153451754,23.736085768726156,28.58736126023613,29.489049818524958,29.489049818524958,29.489049818524958,0.9504032731056213,0.9547948484216132,ok,True,True,-10.470815793299263,4.851275491509973,1.0,0.0,0.9804841750435145
766,1767153451785,9.403222442545687,17.076877969621865,18.423202080760852,18.423202080760852,18.423202080760852,0.9744514226913452,0.9665887929834525,ok,True,True,-25.18629630703113,7.673655527076178,1.0,0.0,0.9804841750435145
767,1767153451816,9.733337965286099,12.670753967020406,13.219065581948009,13.219065581948009,13.219065581948009,0.9743208885192871,0.9712280503049533,ok,True,True,-31.179406597608853,2.9374160017343076,1.0,0.0,0.9804841750435145
768,1767153451848,10.349481191293027,11.27799030158398,11.378632678870572,11.378632678870572,11.378632678870572,0.96950763463974,0.9701958009058254,ok,True,True,-32.279439590825895,0.9285091102909533,1.0,0.0,0.9804841750435145
769,1767153451880,12.91727051429241,12.261558429209037,12.042931869127203,12.042931869127203,12.042931869127203,0.968667209148407,0.9692786458513744,ok,True,True,-29.88982563527792,0.6557120850833726,1.0,0.0,0.9804841750435145
770,1767153451910,18.12163903270456,15.77760679130635,15.24959665455585,15.24959665455585,15.24959665455585,0.9692288637161255,0.969248776570225,ok,True,True,-24.118612883371128,2.34403224139821,1.0,0.0,0.9804841750435145
771,1767153451954,24.246759619792986,20.85909848839833,20.143315817144014,20.143315817144014,20.143315817144014,0.9545506834983826,0.9604299207271195,ok,True,True,-16.295024295925515,3.3876611313946547,1.0,0.0,0.9804841750435145
772,1767153451993,32.16518143171569,27.642748254388746,26.745142655755682,26.745142655755682,26.745142655755682,0.9762954115867615,0.9699492152429048,ok,True,True,-6.484089776950789,4.522433177326942,1.0,0.0,0.9804841750435145
773,1767153452116,41.780418180723004,36.125350210189296,35.054336845637835,35.054336845637835,35.054336845637835,0.9509947896003723,0.9585765598573853,ok,True,True,5.222211971348258,5.6550679705337075,1.0,0.0,0.9804841750435145
774,1767153452147,50.673743467277276,44.85438616444208,43.780065711937446,43.780065711937446,43.780065711937446,0.9615229368209839,0.9603443860355444,ok,True,True,16.964660579032387,5.8193573028351935,1.0,0.0,0.9804841750435145
775,1767153452181,55.41142824937337,51.18861141540086,50.424882477430366,50.424882477430366,50.424882477430366,0.9420220255851746,0.9493509697653224,ok,True,True,25.31230748774741,4.222816833972516,1.0,0.0,0.9804841750435145
776,1767153452221,58.06535865414499,55.31465975864734,54.86309651556913,54.86309651556913,54.86309651556913,0.9641266465187073,0.9582163758173533,ok,True,True,30.247946721463016,2.7506988954976492,1.0,0.0,0.9804841750435145
777,1767153452254,49.635872172262964,51.90738720681671,52.349792084894126,52.349792084894126,52.349792084894126,0.9304442405700684,0.9415530946689824,ok,True,True,25.412409491857442,2.271515034553744,1.0,0.0,0.9804841750435145
778,1767153452284,42.265958928601286,46.12253023988745,46.912072079441586,46.912072079441586,46.912072079441586,0.9091020226478577,0.9220824514563075,ok,True,True,16.782624539922175,3.8565713112861673,1.0,0.0,0.9804841750435145
779,1767153452332,34.73710308976939,39.29127394981661,40.20423871297156,40.20423871297156,40.20423871297156,0.9412556886672974,0.9335863937829014,ok,True,True,6.8038125504639435,4.554170860047222,1.0,0.0,0.9804841750435145
780,1767153452368,27.059046391396077,31.951937414764288,32.89825866283315,32.89825866283315,32.89825866283315,0.9464025497436523,0.941276087359352,ok,True,True,-3.539589733185812,4.892891023368211,1.0,0.0,0.9804841750435145
781,1767153452403,21.091500533354168,25.435675285918215,26.255379300128087,26.255379300128087,26.255379300128087,0.9538187980651855,0.9488017137828522,ok,True,True,-12.49905079336726,4.344174752564047,1.0,0.0,0.9804841750435145
782,1767153452437,16.30358977623756,19.95642398010982,20.612928553888256,20.612928553888256,20.612928553888256,0.9673816561698914,0.9599496792150757,ok,True,True,-19.674722819651794,3.6528342038722634,1.0,0.0,0.9804841750435145
783,1767153452472,12.947403800370058,15.751011872265963,16.220438711286338,16.220438711286338,16.220438711286338,0.9742029905319214,0.9685016660051832,ok,True,True,-24.805613253147083,2.803608071895905,1.0,0.0,0.9804841750435145
784,1767153452513,12.135264899783696,13.581563688776601,13.783796851429237,13.783796851429237,13.783796851429237,0.9639086723327637,0.9657458698017315,ok,True,True,-27.016045451176694,1.4462987889929053,1.0,0.0,0.9804841750435145
785,1767153452548,12.330605377984561,12.830988702301376,12.836822737056309,12.836822737056309,12.836822737056309,0.9648349285125732,0.9651993050282366,ok,True,True,-27.079812135619438,0.5003833243168145,1.0,0.0,0.9804841750435145
786,1767153452580,13.425852334817133,13.18790688181083,13.047980969947737,13.047980969947737,13.047980969947737,0.9575951099395752,0.9606367879750397,ok,True,True,-25.55040549991303,0.23794545300630254,1.0,0.0,0.9804841750435145
787,1767153452610,18.498934442038795,16.374523417947607,15.908207044333937,15.908207044333937,15.908207044333937,0.9658942222595215,0.9637912485457287,ok,True,True,-20.45351281829807,2.124411024091188,1.0,0.0,0.9804841750435145
788,1767153452642,23.84089994728768,20.854349335551653,20.226236786503833,20.226236786503833,20.226236786503833,0.9545958042144775,0.9582739819469781,ok,True,True,-13.588168953866997,2.9865506117360283,1.0,0.0,0.9804841750435145
789,1767153452675,32.094845525742336,27.598647049666063,26.725288017278785,26.725288017278785,26.725288017278785,0.9453112483024597,0.9504963417602671,ok,True,True,-4.042252249074416,4.496198476076273,1.0,0.0,0.9804841750435145
790,1767153452706,40.009451106126704,35.045129483542446,34.101543913841134,34.101543913841134,34.101543913841134,0.948637843132019,0.9493812425833182,ok,True,True,6.271248749010862,4.964321622584258,1.0,0.0,0.9804841750435145
791,1767153452741,47.075514155557386,42.26336028675141,41.375779751233964,41.375779751233964,41.375779751233964,0.9718801975250244,0.962880615548342,ok,True,True,15.972608151781234,4.812153868805979,1.0,0.0,0.9804841750435145
792,1767153452773,53.88614832206818,49.23703310794147,48.41908845334552,48.41908845334552,48.41908845334552,0.930179238319397,0.943259789210975,ok,True,True,24.912839204937548,4.649115214126709,1.0,0.0,0.9804841750435145
793,1767153452810,55.96694856835245,53.27498238418806,52.82571463257077,52.82571463257077,52.82571463257077,0.9446155428886414,0.9440732414175749,ok,True,True,29.82338844763011,2.691966184164393,1.0,0.0,0.9804841750435145
794,1767153452846,55.8906354322588,54.844374213030505,54.73002825488418,54.73002825488418,54.73002825488418,0.9474297165870667,0.9460871265192698,ok,True,True,31.07320318763555,1.0462612192282918,1.0,0.0,0.9804841750435145
795,1767153452889,56.1998363969148,55.65765152336108,55.66972177429027,55.66972177429027,55.66972177429027,0.9562254548072815,0.9521701234920769,ok,True,True,30.941273928644556,0.5421848735537154,1.0,0.0,0.9804841750435145
796,1767153452925,55.03962729388049,55.28683698567273,55.444677514076965,55.444677514076965,55.444677514076965,0.94758540391922,0.9494192917483628,ok,True,True,29.21605843202486,0.24720969179223573,1.0,0.0,0.9804841750435145
797,1767153452960,49.93026225036125,52.07289214448585,52.55789492810959,52.55789492810959,52.55789492810959,0.9419912695884705,0.9449624784524274,ok,True,True,23.914921096318235,2.142629894124596,1.0,0.0,0.9804841750435145
798,1767153453002,42.892642770031905,46.564742519813485,47.32258527249584,47.32258527249584,47.32258527249584,0.9292751550674438,0.9355500844214373,ok,True,True,15.63161088349321,3.67209974978158,1.0,0.0,0.9804841750435145
799,1767153453040,36.57530250854581,40.57107851305288,41.38274278223111,41.38274278223111,41.38274278223111,0.9432157874107361,0.9401495062150166,ok,True,True,6.760025179899149,3.9957760045070714,1.0,0.0,0.9804841750435145
800,1767153453082,26.838452115936928,32.33150267478331,33.36682770639417,33.36682770639417,33.36682770639417,0.9446743726730347,0.9428644260898275,ok,True,True,-4.556198901655327,5.493050558846381,1.0,0.0,0.9804841750435145
801,1767153453119,13.271082306057835,20.895250453548027,22.270208223805653,22.270208223805653,22.270208223805653,0.9796303510665894,0.9649239810758846,ok,True,True,-19.58464866945538,7.624168147490192,1.0,0.0,0.9804841750435145
802,1767153453156,12.35782476437856,15.772795040046347,16.425088845969736,16.425088845969736,16.425088845969736,0.9728622436523438,0.9696869386217601,ok,True,True,-26.714296508988653,3.4149702756677875,1.0,0.0,0.9804841750435145
803,1767153453199,12.005375091400165,13.512343070858638,13.738041252739475,13.738041252739475,13.738041252739475,0.9736868739128113,0.9720868997963908,ok,True,True,-29.181204120590728,1.506967979458473,1.0,0.0,0.9804841750435145
804,1767153453233,10.6726711733652,11.808539932362576,11.915324320972113,11.915324320972113,11.915324320972113,0.9710420370101929,0.9714599821246721,ok,True,True,-30.348370018277155,1.1358687589973755,1.0,0.0,0.9804841750435145
805,1767153453265,11.41620411631111,11.573138442731697,11.498426167975602,11.498426167975602,11.498426167975602,0.9676965475082397,0.9692019213548128,ok,True,True,-29.531756088381943,0.15693432642058625,1.0,0.0,0.9804841750435145
806,1767153453296,13.321382996454854,12.62208517496559,12.386813212002355,12.386813212002355,12.386813212002355,0.9685496687889099,0.968810569815271,ok,True,True,-26.960205926152444,0.6992978214892638,1.0,0.0,0.9804841750435145
807,1767153453327,19.2145468235189,16.57756216409758,16.009550058124802,16.009550058124802,16.009550058124802,0.9571723341941833,0.9618276284426184,ok,True,True,-20.75176695677615,2.636984659421323,1.0,0.0,0.9804841750435145
808,1767153453357,25.365875265750194,21.85055002508915,21.121456066059384,21.121456066059384,21.121456066059384,0.949621319770813,0.9545038432395352,ok,True,True,-12.782684431985405,3.5153252406610456,1.0,0.0,0.9804841750435145
809,1767153453392,33.236921781632844,28.682373079015367,27.790972061656124,27.790972061656124,27.790972061656124,0.9594160914421082,0.957451192161079,ok,True,True,-3.039566714385124,4.554548702617478,1.0,0.0,0.9804841750435145
810,1767153453426,41.01663162340791,36.082928205650894,35.14618502029027,35.14618502029027,35.14618502029027,0.946654736995697,0.9509733190618498,ok,True,True,7.199146219964405,4.933703417757016,1.0,0.0,0.9804841750435145
811,1767153453463,48.37976300981771,43.46102908815098,42.5598216594134,42.5598216594134,42.5598216594134,0.9449393153190613,0.9473529168161767,ok,True,True,17.049449164623724,4.918733921666728,1.0,0.0,0.9804841750435145
812,1767153453494,52.65943678660885,48.9800737072257,48.326960094927,48.326960094927,48.326960094927,0.9354206323623657,0.9401935461438902,ok,True,True,24.188057584035995,3.679363079383151,1.0,0.0,0.9804841750435145
813,1767153453540,55.43342330674876,52.85208346693953,52.43703548343983,52.43703548343983,52.43703548343983,0.9655664563179016,0.9554172922482971,ok,True,True,28.724580745822465,2.5813398398092247,1.0,0.0,0.9804841750435145
814,1767153453574,56.191882082985465,54.855962636567085,54.69285645786015,54.69285645786015,54.69285645786015,0.9123387336730957,0.9295701571031763,ok,True,True,30.50735041812713,1.3359194464183801,1.0,0.0,0.9804841750435145
815,1767153453606,55.831230960601616,55.4411236309878,55.47110607653256,55.47110607653256,55.47110607653256,0.9650737047195435,0.9508722856729965,ok,True,True,30.17963877015362,0.3901073296138122,1.0,0.0,0.9804841750435145
816,1767153453640,52.78114813493354,53.845138333355244,54.13888142625567,54.13888142625567,54.13888142625567,0.95634925365448,0.9541584664618865,ok,True,True,26.96899229665126,1.0639901984217062,1.0,0.0,0.9804841750435145
817,1767153453673,40.20315359338113,45.65994748937078,46.70658115820076,46.70658115820076,46.70658115820076,0.8912166953086853,0.9163934037699658,ok,True,True,15.529163483325284,5.456793895989648,1.0,0.0,0.9804841750435145
818,1767153453709,31.69549183832952,37.281274098746024,38.39097045944728,38.39097045944728,38.39097045944728,0.9342461824417114,0.9271050709730132,ok,True,True,3.400052048008572,5.585782260416504,1.0,0.0,0.9804841750435145
819,1767153453756,22.584170072483772,28.46301168298867,29.583684309897226,29.583684309897226,29.583684309897226,0.9421213269233704,0.9361148245432275,ok,True,True,-8.84903126491966,5.8788416105048995,1.0,0.0,0.9804841750435145
820,1767153453795,14.131033300269976,19.863824653357455,20.91570288545565,20.91570288545565,20.91570288545565,0.9584338068962097,0.9495062139550168,ok,True,True,-20.346183770169404,5.732791353087478,1.0,0.0,0.9804841750435145
821,1767153453834,10.94409489419355,14.511986797859112,15.150990335514878,15.150990335514878,15.150990335514878,0.965792715549469,0.959278114911688,ok,True,True,-27.330567418044527,3.567891903665563,1.0,0.0,0.9804841750435145
822,1767153453872,8.545558888321894,10.932130052136781,11.301306309122626,11.301306309122626,11.301306309122626,0.9747307896614075,0.9685497197615197,ok,True,True,-31.365707226401437,2.386571163814887,1.0,0.0,0.9804841750435145
823,1767153453904,8.033327509021793,9.192848526267788,9.311478783508482,9.311478783508482,9.311478783508482,0.9668023586273193,0.9675013030809995,ok,True,True,-32.66234985823216,1.1595210172459947,1.0,0.0,0.9804841750435145
824,1767153453937,10.15584192474179,9.770644565352189,9.597887820689825,9.597887820689825,9.597887820689825,0.9724012017250061,0.9704412422674035,ok,True,True,-30.774098367627822,0.38519735938960054,1.0,0.0,0.9804841750435145
825,1767153453971,11.828719204661907,11.00548934893802,10.733905806044834,10.733905806044834,10.733905806044834,0.9647717475891113,0.9670395454604283,ok,True,True,-27.805658375927802,0.823229855723886,1.0,0.0,0.9804841750435145
826,1767153454004,15.521474962332416,13.715080716974658,13.278919548211677,13.278919548211677,13.278919548211677,0.9649804830551147,0.9658041080172401,ok,True,True,-23.038365621771998,1.8063942453577582,1.0,0.0,0.9804841750435145
827,1767153454039,21.20414833177529,18.20852128585504,17.57263856479255,17.57263856479255,17.57263856479255,0.93390291929245,0.946663394782366,ok,True,True,-16.088092865461054,2.9956270459202514,1.0,0.0,0.9804841750435145
828,1767153454070,29.374326478495878,24.90800440143954,24.029479514007797,24.029479514007797,24.029479514007797,0.9585087299346924,0.9537705958737618,ok,True,True,-6.485712758865969,4.466322077056336,1.0,0.0,0.9804841750435145
829,1767153454103,38.10565733411661,32.826596161045785,31.820653433934854,31.820653433934854,31.820653433934854,0.9189144372940063,0.9328569007259085,ok,True,True,4.509359286756052,5.279061173070822,1.0,0.0,0.9804841750435145
830,1767153454139,44.87111168718922,40.05330547673185,39.15126462283024,39.15126462283024,39.15126462283024,0.9492961168289185,0.9427204303877145,ok,True,True,14.368771666253208,4.81780621045737,1.0,0.0,0.9804841750435145
831,1767153454169,49.972028145826876,46.00453907818886,45.29312470327654,45.29312470327654,45.29312470327654,0.9708091616630554,0.9595736691529191,ok,True,True,22.144614262100674,3.967489067638013,1.0,0.0,0.9804841750435145
832,1767153454203,55.644442519342114,51.78848114288081,51.14594050063397,51.14594050063397,51.14594050063397,0.9461795687675476,0.9515372089216962,ok,True,True,29.167658878203525,3.855961376461302,1.0,0.0,0.9804841750435145
833,1767153454237,57.59299080187799,55.271186938279115,54.91929295728084,54.91929295728084,54.91929295728084,0.9631304740905762,0.9584931680230242,ok,True,True,33.013901382097224,2.3218038635988734,1.0,0.0,0.9804841750435145
834,1767153454272,55.907871694884555,55.65319779224238,55.69410807066542,55.69410807066542,55.69410807066542,0.9017149209976196,0.9244262198077815,ok,True,True,32.5667472384815,0.2546739026421747,1.0,0.0,0.9804841750435145
835,1767153454308,55.89283666219733,55.796981114215356,55.90665506848827,55.90665506848827,55.90665506848827,0.9209316968917847,0.9223295060581834,ok,True,True,31.367998049029886,0.09585554798197649,1.0,0.0,0.9804841750435145
836,1767153454363,53.223359711776276,54.252808272751906,54.55408379617331,54.55408379617331,54.55408379617331,0.9416513442993164,0.9339226090028632,ok,True,True,28.075021226070568,1.0294485609756308,1.0,0.0,0.9804841750435145
837,1767153454396,46.14219266161851,49.386438906071874,50.067626198528664,50.067626198528664,50.067626198528664,0.9413858652114868,0.9384005627280374,ok,True,True,20.629564188337348,3.2442462444533646,1.0,0.0,0.9804841750435145
838,1767153454433,39.77989673282375,43.622513602123,44.418575774731515,44.418575774731515,44.418575774731515,0.9514099359512329,0.9462061866619547,ok,True,True,11.92851123101544,3.842616869299249,1.0,0.0,0.9804841750435145
839,1767153454481,33.00656278119831,37.25294310956819,38.09705015864748,38.09705015864748,38.09705015864748,0.9580566883087158,0.9533164876500114,ok,True,True,2.702322136235386,4.246380328369881,1.0,0.0,0.9804841750435145
840,1767153454520,24.993361640512205,29.8971942281346,30.822403818766368,30.822403818766368,30.822403818766368,0.9498550891876221,0.9512396485725778,ok,True,True,-7.410327254364468,4.9038325876223965,1.0,0.0,0.9804841750435145
841,1767153454553,16.72136367762689,21.991695897829974,22.94969139405687,22.94969139405687,22.94969139405687,0.9676605463027954,0.9610921872107083,ok,True,True,-17.881330440249187,5.270332220203084,1.0,0.0,0.9804841750435145
842,1767153454586,12.85972243237452,16.512511818556703,17.16441987550096,17.16441987550096,17.16441987550096,0.9601253271102905,0.9605120711504577,ok,True,True,-25.006761998176398,3.6527893861821834,1.0,0.0,0.9804841750435145
843,1767153454623,11.18759230621944,13.317560111154345,13.653863782213014,13.653863782213014,13.653863782213014,0.9774771332740784,0.9706911084246301,ok,True,True,-28.68260058504803,2.129967804934905,1.0,0.0,0.9804841750435145
844,1767153454660,11.535076280328658,12.248069812658933,12.29826002224797,12.29826002224797,12.29826002224797,0.9773234724998474,0.9746705268697604,ok,True,True,-29.231185465224293,0.712993532330275,1.0,0.0,0.9804841750435145
845,1767153454694,12.101424581564128,12.160082674002052,12.066757907019655,12.066757907019655,12.066757907019655,0.9773967266082764,0.97630624671287,ok,True,True,-28.211134811287625,0.058658092437923415,1.0,0.0,0.9804841750435145
846,1767153454728,14.759987339678975,13.720025473408207,13.430558800076856,13.430558800076856,13.430558800076856,0.9715203046798706,0.9734346814930703,ok,True,True,-25.04723010547454,1.0399618662707688,1.0,0.0,0.9804841750435145
847,1767153454758,20.66895059520525,17.889380546486432,17.29856647977614,17.29856647977614,17.29856647977614,0.9642426371574402,0.9679194548916923,ok,True,True,-18.58956302963295,2.779570048718817,1.0,0.0,0.9804841750435145
848,1767153454796,26.97647440568607,23.34163686200621,22.598034411655405,22.598034411655405,22.598034411655405,0.9508216977119446,0.9576608005838436,ok,True,True,-10.46190099226272,3.6348375436798577,1.0,0.0,0.9804841750435145
849,1767153454829,33.0121779291094,29.143961502268127,28.37447366236232,28.37447366236232,28.37447366236232,0.9500651955604553,0.9531034375698106,ok,True,True,-2.0513086096395057,3.868216426841272,1.0,0.0,0.9804841750435145
850,1767153454866,39.49960487153807,35.35734752383009,34.57038282623536,34.57038282623536,34.57038282623536,0.9581076502799988,0.9561059651959236,ok,True,True,6.550307878275177,4.142257347707975,1.0,0.0,0.9804841750435145
851,1767153454898,45.56011389996066,41.479007349508436,40.73232920050416,40.73232920050416,40.73232920050416,0.9595254063606262,0.9581576298947452,ok,True,True,14.711587662833322,4.081106550452226,1.0,0.0,0.9804841750435145
852,1767153454946,50.23198018269356,46.73079104941951,46.11605457820201,46.11605457820201,46.11605457820201,0.9569984078407288,0.9574620966623354,ok,True,True,21.430729427016978,3.5011891332740532,1.0,0.0,0.9804841750435145
853,1767153454983,54.89778877259301,51.630989683323605,51.09521452991931,51.09521452991931,51.09521452991931,0.9203700423240662,0.9352068640593738,ok,True,True,27.28681472210433,3.266799089269405,1.0,0.0,0.9804841750435145
854,1767153455048,56.68517024067353,54.66349801773356,54.366767523493316,54.366767523493316,54.366767523493316,0.9479823112487793,0.9428721323730171,ok,True,True,30.530113842795473,2.0216722229399693,1.0,0.0,0.9804841750435145
855,1767153455107,55.46759697049427,55.145957389389984,55.1725733494039,55.1725733494039,55.1725733494039,0.926234245300293,0.9328894001293826,ok,True,True,30.23919827670074,0.3216395811042858,1.0,0.0,0.9804841750435145
856,1767153455145,51.521573328485836,52.97132695284749,53.32949639756863,53.32949639756863,53.32949639756863,0.9440162181854248,0.939565490963008,ok,True,True,26.324364217947135,1.4497536243616551,1.0,0.0,0.9804841750435145
857,1767153455177,44.34554648685152,47.79585867324991,48.51138028988307,48.51138028988307,48.51138028988307,0.9384288787841797,0.938883523655711,ok,True,True,18.503628988143127,3.450312186398392,1.0,0.0,0.9804841750435145
858,1767153455214,30.703294627705652,37.540320245923354,38.83359817375798,38.83359817375798,38.83359817375798,0.9786720275878906,0.9627566260150188,ok,True,True,4.367949482418773,6.837025618217702,1.0,0.0,0.9804841750435145
859,1767153455271,15.633996319347139,24.396525889977625,26.02404521380187,26.02404521380187,26.02404521380187,0.9743894338607788,0.9697363107224748,ok,True,True,-13.421027701683151,8.762529570630486,1.0,0.0,0.9804841750435145
860,1767153455311,10.907898167945785,16.303349256758523,17.338312023700755,17.338312023700755,17.338312023700755,0.9589566588401794,0.9632685195930976,ok,True,True,-24.733292187901057,5.395451088812738,1.0,0.0,0.9804841750435145
861,1767153455350,9.33328885013813,12.121313012786288,12.611550354505901,12.611550354505901,12.611550354505901,0.9836735129356384,0.975511515598622,ok,True,True,-30.091643857823673,2.788024162648158,1.0,0.0,0.9804841750435145
862,1767153455384,9.810668379967533,10.734926233095035,10.832422158088562,10.832422158088562,10.832422158088562,0.9662182331085205,0.9699355461045611,ok,True,True,-31.15728575826975,0.9242578531275019,1.0,0.0,0.9804841750435145
863,1767153455421,9.29639094881856,9.87180506252915,9.863104328670959,9.863104328670959,9.863104328670959,0.974742591381073,0.9728197732704682,ok,True,True,-31.06218571624713,0.5754141137105897,1.0,0.0,0.9804841750435145
864,1767153455456,10.401908396252079,10.189867062762907,10.037840297022544,10.037840297022544,10.037840297022544,0.9517982006072998,0.9602068296725672,ok,True,True,-29.40051532773617,0.21204133348917154,1.0,0.0,0.9804841750435145
865,1767153455489,11.701921463398302,11.097099703144144,10.869503391214385,10.869503391214385,10.869503391214385,0.9675799012184143,0.9646306726000755,ok,True,True,-26.912860931970947,0.6048217602541577,1.0,0.0,0.9804841750435145
866,1767153455522,14.295723232094316,13.016273820514247,12.676558926424834,12.676558926424834,12.676558926424834,0.9625726342201233,0.9633958495721042,ok,True,True,-23.19973727709705,1.2794494115800692,1.0,0.0,0.9804841750435145
867,1767153455561,20.10868872348651,17.271722762297603,16.672565113493874,16.672565113493874,16.672565113493874,0.9609205722808838,0.9619106831973719,ok,True,True,-16.650873869930095,2.8369659611889055,1.0,0.0,0.9804841750435145
868,1767153455595,27.559702634674743,23.444510685723888,22.626773438642882,22.626773438642882,22.626773438642882,0.9461052417755127,0.9524274183442564,ok,True,True,-7.712909805249524,4.115191948950855,1.0,0.0,0.9804841750435145
869,1767153455625,36.1631667444142,31.075704320938073,30.104055917815135,30.104055917815135,30.104055917815135,0.9458960294723511,0.9485085850211132,ok,True,True,2.90732125505437,5.087462423476126,1.0,0.0,0.9804841750435145
870,1767153455655,43.561500567830585,38.56718206907358,37.63345890724799,37.63345890724799,37.63345890724799,0.9633853435516357,0.9574346401394268,ok,True,True,13.113024977793454,4.9943184987570035,1.0,0.0,0.9804841750435145
871,1767153455687,49.23151255462439,44.96578036040406,44.19622963064235,44.19622963064235,44.19622963064235,0.9669199585914612,0.9631258312106474,ok,True,True,21.524304753921214,4.265732194220327,1.0,0.0,0.9804841750435145
872,1767153455723,56.270338975651114,51.74851552955229,50.98570711486239,50.98570711486239,50.98570711486239,0.9273539781570435,0.941662719378485,ok,True,True,29.861890235164324,4.521823446098821,1.0,0.0,0.9804841750435145
873,1767153455758,59.26702904380224,56.259623638102255,55.782113416226046,55.782113416226046,55.782113416226046,0.9324632883071899,0.936143060735708,ok,True,True,35.08113299178586,3.007405405699984,1.0,0.0,0.9804841750435145
874,1767153455795,58.31911506209851,57.49531849250001,57.43462314182864,57.43462314182864,57.43462314182864,0.960644006729126,0.9508436283317587,ok,True,True,35.74454029667553,0.8237965695984997,1.0,0.0,0.9804841750435145
875,1767153455834,57.75483005472188,57.65102542983313,57.75985086196648,57.75985086196648,57.75985086196648,0.9551023244857788,0.9533988460241707,ok,True,True,34.5550655537759,0.10380462488874542,1.0,0.0,0.9804841750435145
876,1767153455871,56.845015167698435,57.167419272552316,57.362090639812166,57.362090639812166,57.362090639812166,0.9375154972076416,0.9438688367342533,ok,True,True,32.42728466669789,0.3224041048538808,1.0,0.0,0.9804841750435145
877,1767153455908,52.429951381345745,54.32493853782837,54.78454055447883,54.78454055447883,54.78454055447883,0.931121289730072,0.9362203085317444,ok,True,True,27.40378069456006,1.8949871564826282,1.0,0.0,0.9804841750435145
878,1767153455948,46.60537626991219,49.69320117707866,50.36337512828669,50.36337512828669,50.36337512828669,0.9260822534561157,0.9301374754863672,ok,True,True,20.07870076899199,3.087824907166471,1.0,0.0,0.9804841750435145
879,1767153455991,30.138250971890674,37.96023105396587,39.41919832346566,39.41919832346566,39.41919832346566,0.94263756275177,0.9376375278456089,ok,True,True,4.132017316718667,7.821980082075196,1.0,0.0,0.9804841750435145
880,1767153456028,21.64894621011238,28.173460147653778,29.443928452201256,29.443928452201256,29.443928452201256,0.9625091552734375,0.9525605043023061,ok,True,True,-9.754350329973756,6.524513937541396,1.0,0.0,0.9804841750435145
881,1767153456069,13.933635275546932,19.629565224389673,20.688622679612898,20.688622679612898,20.688622679612898,0.9540945887565613,0.9534809549748592,ok,True,True,-21.329972586397105,5.695929948842741,1.0,0.0,0.9804841750435145
882,1767153456101,10.974377611024206,14.436452656370392,15.054882779637005,15.054882779637005,15.054882779637005,0.9677445292472839,0.9620390995383141,ok,True,True,-28.089486400894298,3.462075045346186,1.0,0.0,0.9804841750435145
883,1767153456135,9.279194917549377,11.342098013077784,11.651969664595445,11.651969664595445,11.651969664595445,0.9600239396095276,0.9608300035810422,ok,True,True,-31.476419912623786,2.062903095528407,1.0,0.0,0.9804841750435145
884,1767153456166,9.04906006324436,9.96627524317773,10.037310530078006,10.037310530078006,10.037310530078006,0.9704998731613159,0.9666319253292064,ok,True,True,-32.25284393379357,0.9172151799333701,1.0,0.0,0.9804841750435145
885,1767153456199,9.67108281464847,9.789159786060173,9.696867539724055,9.696867539724055,9.696867539724055,0.9731751084327698,0.9705578351913444,ok,True,True,-31.24407885167771,0.11807697141170337,1.0,0.0,0.9804841750435145
886,1767153456231,10.942910942842799,10.48141048012975,10.277615833710072,10.277615833710072,10.277615833710072,0.9746174216270447,0.9729935870527646,ok,True,True,-29.016579452848298,0.46150046271304923,1.0,0.0,0.9804841750435145
887,1767153456263,12.742781373472763,11.838233016135558,11.556110292522646,11.556110292522646,11.556110292522646,0.9678761959075928,0.9699231523656615,ok,True,True,-25.93294497920396,0.9045483573372053,1.0,0.0,0.9804841750435145
888,1767153456299,18.910702376624556,16.081714632428955,15.480152152885037,15.480152152885037,15.480152152885037,0.9722760915756226,0.9713349158916381,ok,True,True,-19.357796489861563,2.828987744195601,1.0,0.0,0.9804841750435145
889,1767153456334,23.81300237516849,20.720487278072675,20.06361722519548,20.06361722519548,20.06361722519548,0.9704750776290894,0.9708190129341089,ok,True,True,-12.178129734141928,3.0925150970958164,1.0,0.0,0.9804841750435145
890,1767153456365,31.190996374165895,27.002792735728605,26.18303111968691,26.18303111968691,26.18303111968691,0.9454309940338135,0.9555862015939316,ok,True,True,-3.2180390791795634,4.18820363843729,1.0,0.0,0.9804841750435145
891,1767153456398,38.93974531338512,34.164964282322515,33.262157689635615,33.262157689635615,33.262157689635615,0.9667785167694092,0.9623015906992181,ok,True,True,6.649742915093306,4.774781031062602,1.0,0.0,0.9804841750435145
892,1767153456432,44.84455899184711,40.57272110803727,39.781553926686044,39.781553926686044,39.781553926686044,0.9640154838562012,0.9633299265934079,ok,True,True,15.297293043589988,4.271837883809837,1.0,0.0,0.9804841750435145
893,1767153456468,50.86824483432663,46.750035343810886,46.0292174325046,46.0292174325046,46.0292174325046,0.9605204463005066,0.9616442384176671,ok,True,True,23.175917395643573,4.118209490515746,1.0,0.0,0.9804841750435145
894,1767153456540,56.89931025707008,52.8396002917664,52.16573735343569,52.16573735343569,52.16573735343569,0.9447538256645203,0.951509990765779,ok,True,True,30.54131838333187,4.059709965303675,1.0,0.0,0.9804841750435145
895,1767153456577,59.37505023621678,56.760870258436626,56.361644248100276,56.361644248100276,56.361644248100276,0.9358075261116028,0.9420885119732734,ok,True,True,34.90490552187709,2.6141799777801538,1.0,0.0,0.9804841750435145
896,1767153456613,58.48250034850236,57.79384831247607,57.76385886852162,57.76385886852162,57.76385886852162,0.9150688648223877,0.9258767236827419,ok,True,True,35.2326936632898,0.6886520360262907,1.0,0.0,0.9804841750435145
897,1767153456668,57.298192662877256,57.49645492271679,57.65737204681791,57.65737204681791,57.65737204681791,0.9553971886634827,0.9435890026711864,ok,True,True,33.473850614692374,0.19826225983953094,1.0,0.0,0.9804841750435145
898,1767153456705,49.941871870402615,52.96370509132828,53.61207821079096,53.61207821079096,53.61207821079096,0.9070954322814941,0.9216928604373711,ok,True,True,26.387056338231783,3.0218332209256644,1.0,0.0,0.9804841750435145
899,1767153456738,44.305326624945856,47.76867801149882,48.51900432993516,48.51900432993516,48.51900432993516,0.9503940939903259,0.938913600569144,ok,True,True,18.18590163370151,3.463351386552965,1.0,0.0,0.9804841750435145
900,1767153456778,37.749098315430494,41.756930193857826,42.57927635611562,42.57927635611562,42.57927635611562,0.9442866444587708,0.94213742690292,ok,True,True,9.197561585324072,4.007831878427332,1.0,0.0,0.9804841750435145
901,1767153456817,22.739417130185366,30.346422355654347,31.745904005597943,31.745904005597943,31.745904005597943,0.9778679013252258,0.9635757115563035,ok,True,True,-6.098937065099545,7.607005225468981,1.0,0.0,0.9804841750435145
902,1767153456850,18.16070367994274,23.034991150227384,23.984495401946685,23.984495401946685,23.984495401946685,0.9683855772018433,0.9664616309436274,ok,True,True,-16.47712995214536,4.874287470284646,1.0,0.0,0.9804841750435145
903,1767153456881,14.023960418403373,17.628372711132975,18.27645822646452,18.27645822646452,18.27645822646452,0.9655002951622009,0.9658848294747715,ok,True,True,-23.560780681704863,3.6044122927296023,1.0,0.0,0.9804841750435145
904,1767153456918,12.127327827864331,14.327745781171789,14.68079622179956,14.68079622179956,14.68079622179956,0.974873960018158,0.9712783078008034,ok,True,True,-27.419663425049023,2.2004179533074577,1.0,0.0,0.9804841750435145
905,1767153456953,10.651842825330602,12.122204007667078,12.305752271298907,12.305752271298907,12.305752271298907,0.9783543348312378,0.9755239240190641,ok,True,True,-29.42586748427697,1.4703611823364753,1.0,0.0,0.9804841750435145
906,1767153456985,10.377654635571613,11.075474384409798,11.103310765049008,11.103310765049008,11.103310765049008,0.9776312112808228,0.9767882963761193,ok,True,True,-29.73012239101155,0.6978197488381852,1.0,0.0,0.9804841750435145
907,1767153457019,10.462445093230121,10.70765680970199,10.641211927388355,10.641211927388355,10.641211927388355,0.9619672894477844,0.9678956922191183,ok,True,True,-29.003872030616296,0.24521171647186968,1.0,0.0,0.9804841750435145
908,1767153457052,10.673826388032683,10.687358556700406,10.574307709155223,10.574307709155223,10.574307709155223,0.9731554985046387,0.9710515759904306,ok,True,True,-27.768213001450867,0.013532168667722999,1.0,0.0,0.9804841750435145
909,1767153457084,13.236954621005559,12.217116195283499,11.930464585793416,11.930464585793416,11.930464585793416,0.9679244756698608,0.9691753157980887,ok,True,True,-24.635077273745164,1.0198384257220603,1.0,0.0,0.9804841750435145
910,1767153457115,16.796211242873735,14.96457322383764,14.534299550283658,14.534299550283658,14.534299550283658,0.966398298740387,0.9675091055634676,ok,True,True,-19.932135533068134,1.8316380190360952,1.0,0.0,0.9804841750435145
911,1767153457146,23.52949775269314,20.10352794115094,19.407814632195795,19.407814632195795,19.407814632195795,0.967282772064209,0.9673733054639124,ok,True,True,-12.327907430510992,3.425969811542199,1.0,0.0,0.9804841750435145
912,1767153457181,30.923193475429652,26.595327261718168,25.74729242962469,25.74729242962469,25.74729242962469,0.9542942047119141,0.9595258450127134,ok,True,True,-3.058787206495973,4.327866213711484,1.0,0.0,0.9804841750435145
913,1767153457210,38.912750073120634,33.98578094855965,33.05493358785731,33.05493358785731,33.05493358785731,0.9631356596946716,0.9616917338218884,ok,True,True,7.115483672516646,4.9269691245609835,1.0,0.0,0.9804841750435145
914,1767153457245,46.1716822459909,41.2973217270184,40.40388960090591,40.40388960090591,40.40388960090591,0.9654214978218079,0.96392959222184,ok,True,True,16.880801647122173,4.874360518972502,1.0,0.0,0.9804841750435145
915,1767153457278,53.736527906951004,48.760845434977966,47.89095588637399,47.89095588637399,47.89095588637399,0.914139986038208,0.9340558285116609,ok,True,True,26.388796487050662,4.9756824719730375,1.0,0.0,0.9804841750435145
916,1767153457309,58.555480029336614,54.63762619159316,53.98282657717033,53.98282657717033,53.98282657717033,0.9688745737075806,0.9549470756292127,ok,True,True,33.545833107516806,3.9178538377434577,1.0,0.0,0.9804841750435145
917,1767153457346,58.78347687440629,57.12513660128104,56.899232353547255,56.899232353547255,56.899232353547255,0.9441976547241211,0.9484974230861577,ok,True,True,36.014993043071634,1.6583402731252477,1.0,0.0,0.9804841750435145
918,1767153457376,59.336410891891,58.451901175647016,58.41259685640668,58.41259685640668,58.41259685640668,0.9370307326316833,0.941617408813473,ok,True,True,36.44459386437563,0.8845097162439828,1.0,0.0,0.9804841750435145
919,1767153457414,57.516154658148814,57.890453265148096,58.08430949040754,58.08430949040754,58.08430949040754,0.927173376083374,0.9329509891754135,ok,True,True,34.32572257501159,0.3742986069992824,1.0,0.0,0.9804841750435145
920,1767153457444,53.828818638943154,55.45347248942513,55.874789735446214,55.874789735446214,55.874789735446214,0.9501703381538391,0.9432825985624689,ok,True,True,29.720675638225043,1.6246538504819767,1.0,0.0,0.9804841750435145
921,1767153457482,48.150363814604425,51.0716072845327,51.718240422641344,51.718240422641344,51.718240422641344,0.9464629292488098,0.9451907969742734,ok,True,True,22.65289956213526,2.921243469928278,1.0,0.0,0.9804841750435145
922,1767153457526,33.15414863913993,40.32113209729704,41.67739591004512,41.67739591004512,41.67739591004512,0.978397011756897,0.9651145258438475,ok,True,True,7.828776943481673,7.166983458157105,1.0,0.0,0.9804841750435145
923,1767153457569,26.030146688898874,31.74654085225814,32.88401252364859,32.88401252364859,32.88401252364859,0.952552855014801,0.9575775233464197,ok,True,True,-4.603921896849965,5.716394163359265,1.0,0.0,0.9804841750435145
924,1767153457604,20.13541958626491,24.779868092662202,25.6672148819533,25.6672148819533,25.6672148819533,0.9590731859207153,0.9584749208909971,ok,True,True,-14.302726425938317,4.644448506397293,1.0,0.0,0.9804841750435145
925,1767153457641,16.613336737875702,19.879949279790303,20.47263594983823,20.47263594983823,20.47263594983823,0.9607174396514893,0.9598204321472924,ok,True,True,-20.780861275993406,3.2666125419146006,1.0,0.0,0.9804841750435145
926,1767153457674,13.35435546683965,15.96459299201991,16.390410188822806,16.390410188822806,16.390410188822806,0.9794067144393921,0.9715722015225522,ok,True,True,-25.435093202853732,2.61023752518026,1.0,0.0,0.9804841750435145
927,1767153457710,11.305998935968002,13.169436558388766,13.434293849713676,13.434293849713676,13.434293849713676,0.9788710474967957,0.9759515091070983,ok,True,True,-28.330014475647562,1.8634376224207632,1.0,0.0,0.9804841750435145
928,1767153457742,10.643170094319506,11.65367667994721,11.747011251921741,11.747011251921741,11.747011251921741,0.9745703339576721,0.9751228040174426,ok,True,True,-29.350172299298777,1.010506585627704,1.0,0.0,0.9804841750435145
929,1767153457943,10.317031728543759,10.85168970910514,10.842424421269559,10.842424421269559,10.842424421269559,0.966921329498291,0.9702019193059516,ok,True,True,-29.248901616057978,0.5346579805613807,1.0,0.0,0.9804841750435145
930,1767153457972,11.64913217623004,11.33015518938008,11.166909164839245,11.166909164839245,11.166909164839245,0.9666953086853027,0.9680979529335623,ok,True,True,-27.46460341237912,0.318976986849961,1.0,0.0,0.9804841750435145
931,1767153458005,12.835928458626386,12.233619150927863,12.012393311736687,12.012393311736687,12.012393311736687,0.9529036283493042,0.9589813581830074,ok,True,True,-25.04657903116409,0.6023093076985226,1.0,0.0,0.9804841750435145
932,1767153458038,14.944315920850512,13.860037212881451,13.560649719459562,13.560649719459562,13.560649719459562,0.967446506023407,0.9640604468872472,ok,True,True,-21.774238597642697,1.0842787079690606,1.0,0.0,0.9804841750435145
933,1767153458069,39.66096134810301,29.340591694014385,27.498444415313813,27.498444415313813,27.498444415313813,0.9933314323425293,0.9816230381604165,ok,True,True,-1.6393526820892106,10.320369654088623,1.0,0.0,0.9804841750435145
934,1767153458104,53.6299435487,43.91420280682575,42.07600041770872,42.07600041770872,42.07600041770872,0.90912926197052,0.9381267724464786,ok,True,True,18.45241512741898,9.71574074187425,1.0,0.0,0.9804841750435145
935,1767153458135,58.834208615052376,52.86620629176173,51.73059721053823,51.73059721053823,51.73059721053823,0.9601401090621948,0.9513347744159083,ok,True,True,30.864755638667724,5.968002323290648,1.0,0.0,0.9804841750435145
936,1767153458168,59.895391107535865,57.08371718122621,56.60109822109717,56.60109822109717,56.60109822109717,0.9359379410743713,0.9420966744109861,ok,True,True,36.139837503857144,2.811673926309652,1.0,0.0,0.9804841750435145
937,1767153458198,59.15779516335368,58.3281639705027,58.269860286578435,58.269860286578435,58.269860286578435,0.9383434653282166,0.9398447489613244,ok,True,True,36.77710361056044,0.8296311928509823,1.0,0.0,0.9804841750435145
938,1767153458232,57.76085901087207,57.98778099472432,58.15608151564415,58.15608151564415,58.15608151564415,0.9297121167182922,0.9337651696155052,ok,True,True,34.93755916835953,0.22692198385225026,1.0,0.0,0.9804841750435145
939,1767153458269,55.087657786299125,56.247707069669204,56.59066903557205,56.59066903557205,56.59066903557205,0.9629217982292175,0.9512591467837326,ok,True,True,31.18894463755029,1.1600492833700784,1.0,0.0,0.9804841750435145
940,1767153458306,49.61373343147123,52.26732288675042,52.865865497807874,52.865865497807874,52.865865497807874,0.9164520502090454,0.9303748888389203,ok,True,True,24.64680366511924,2.6535894552791888,1.0,0.0,0.9804841750435145
941,1767153458400,44.33847726276693,47.510015512360326,48.199453997066385,48.199453997066385,48.199453997066385,0.9679276347160339,0.9529065363651885,ok,True,True,17.11116012789855,3.1715382495933966,1.0,0.0,0.9804841750435145
942,1767153458434,38.06789733229891,41.84474460432348,42.61762798775469,42.61762798775469,42.61762798775469,0.9647908210754395,0.9600371071913392,ok,True,True,8.663454056106309,3.7768472720245683,1.0,0.0,0.9804841750435145
943,1767153458465,30.3679202919267,34.958650016885414,35.84567084908949,35.84567084908949,35.84567084908949,0.9599625468254089,0.959992370971781,ok,True,True,-1.0317877237727195,4.590729724958713,1.0,0.0,0.9804841750435145
944,1767153458496,23.659025478867463,28.178875294074643,29.03070025191861,29.03070025191861,29.03070025191861,0.959185004234314,0.9595079509293009,ok,True,True,-10.342334466977624,4.519849815207181,1.0,0.0,0.9804841750435145
945,1767153458526,11.779659938982181,18.339346081019166,19.494093909207304,19.494093909207304,19.494093909207304,0.9554608464241028,0.957079688226182,ok,True,True,-22.963863728309036,6.559686142036984,1.0,0.0,0.9804841750435145
946,1767153458559,10.128766221764142,13.412998165466151,14.006256881337457,14.006256881337457,14.006256881337457,0.9726966023445129,0.9664498366971805,ok,True,True,-29.448251106338063,3.284231943702009,1.0,0.0,0.9804841750435145
947,1767153458594,10.17388281449913,11.469528954885938,11.643090245412662,11.643090245412662,11.643090245412662,0.9739962220191956,0.9709776678903896,ok,True,True,-31.345296377646065,1.2956461403868076,1.0,0.0,0.9804841750435145
948,1767153458628,10.826337713486906,11.08361421004652,11.029444128190152,11.029444128190152,11.029444128190152,0.9691674113273621,0.9698915139525731,ok,True,True,-30.75321102658578,0.25727649655961393,1.0,0.0,0.9804841750435145
949,1767153458663,11.915659166229062,11.582841183756045,11.406670029695563,11.406670029695563,11.406670029695563,0.9712520241737366,0.9707078200852712,ok,True,True,-28.827639640609874,0.3328179824730171,1.0,0.0,0.9804841750435145
950,1767153458696,14.230467971723227,13.171417256536355,12.867215210542891,12.867215210542891,12.867215210542891,0.9782391786575317,0.9752266352286276,ok,True,True,-25.502675582536888,1.0590507151868724,1.0,0.0,0.9804841750435145
951,1767153458727,19.48574065088108,16.96001129314319,16.408353677678193,16.408353677678193,16.408353677678193,0.9803577661514282,0.978305313782308,ok,True,True,-19.47299311346248,2.525729357737891,1.0,0.0,0.9804841750435145
952,1767153458767,26.121512099689717,22.456911777071106,21.709410314092523,21.709410314092523,21.709410314092523,0.9637488126754761,0.9695714131182088,ok,True,True,-11.302714410556723,3.664600322618611,1.0,0.0,0.9804841750435145
953,1767153458798,32.534315623001056,28.503354084629073,27.70305799148435,27.70305799148435,27.70305799148435,0.9616736173629761,0.9648327356650692,ok,True,True,-2.555384204961687,4.030961538371983,1.0,0.0,0.9804841750435145
954,1767153458833,41.45576837514067,36.27480265893603,35.30863454673773,35.30863454673773,35.30863454673773,0.9498493671417236,0.9558427145510618,ok,True,True,8.004946632473265,5.180965716204639,1.0,0.0,0.9804841750435145
955,1767153458865,50.06340505129103,44.54796409434903,43.54657592152428,43.54657592152428,43.54657592152428,0.9617463946342468,0.9593849226009727,ok,True,True,18.95023686531149,5.515440956942001,1.0,0.0,0.9804841750435145
956,1767153458901,55.618976070627625,51.19057128011619,50.40795142164331,50.40795142164331,50.40795142164331,0.9520641565322876,0.9549924629597617,ok,True,True,27.504363751796646,4.428404790511436,1.0,0.0,0.9804841750435145
957,1767153458931,59.76656455643335,56.33616724590649,55.77686253528542,55.77686253528542,55.77686253528542,0.9710938334465027,0.9646532852518063,ok,True,True,33.617629868244556,3.430397310526864,1.0,0.0,0.9804841750435145
958,1767153458966,58.78639077408994,57.806301362816555,57.70486775888197,57.70486775888197,57.70486775888197,0.9563691020011902,0.9596827753014366,ok,True,True,34.72631106156749,0.9800894112733829,1.0,0.0,0.9804841750435145
959,1767153458998,58.77202817979125,58.38573745300137,58.43893732155514,58.43893732155514,58.43893732155514,0.9345877170562744,0.9446257403543393,ok,True,True,34.144830255750435,0.3862907267898805,1.0,0.0,0.9804841750435145
960,1767153459040,56.324858211152275,57.149209907891915,57.420177786933095,57.420177786933095,57.420177786933095,0.9702205657958984,0.9599826356192749,ok,True,True,31.18311954219543,0.8243516967396403,1.0,0.0,0.9804841750435145
961,1767153459074,50.68929576026338,53.27326141931479,53.85209166757744,53.85209166757744,53.85209166757744,0.9495212435722351,0.953705800391051,ok,True,True,24.85643700817945,2.5839656590514153,1.0,0.0,0.9804841750435145
962,1767153459118,44.96250583466333,48.28680806852391,49.00040056498534,49.00040056498534,49.00040056498534,0.9570354223251343,0.9557035735515009,ok,True,True,17.05678728821733,3.3243022338605783,1.0,0.0,0.9804841750435145
963,1767153459162,37.844073053640145,42.02116705959365,42.863549050499685,42.863549050499685,42.863549050499685,0.9278378486633301,0.9389841386185984,ok,True,True,7.849453281690993,4.177094005953506,1.0,0.0,0.9804841750435145
964,1767153459197,29.43085153448933,34.46697774453106,35.43329045484125,35.43329045484125,35.43329045484125,0.9206086993217468,0.9279588750404875,ok,True,True,-2.7124580300741545,5.036126210041726,1.0,0.0,0.9804841750435145
965,1767153459234,22.34494293159191,27.19375685676757,28.103250592091346,28.103250592091346,28.103250592091346,0.9605630040168762,0.9475213524263206,ok,True,True,-12.653331278043918,4.848813925175662,1.0,0.0,0.9804841750435145
966,1767153459271,15.921782707629824,20.430572367284924,21.23981924859885,21.23981924859885,21.23981924859885,0.9488669633865356,0.9483287190024496,ok,True,True,-21.498494648622504,4.5087896596551005,1.0,0.0,0.9804841750435145
967,1767153459304,11.969563436708226,15.353967008938906,15.93088678622868,15.93088678622868,15.93088678622868,0.9649606347084045,0.9583078684260226,ok,True,True,-27.804295510728412,3.3844035722306796,1.0,0.0,0.9804841750435145
968,1767153459341,9.268476134689408,11.702672484389208,12.071130340153797,12.071130340153797,12.071130340153797,0.9691289663314819,0.9648005271692982,ok,True,True,-31.831583109439116,2.4341963496998,1.0,0.0,0.9804841750435145
969,1767153459377,9.327938079713125,10.277831841583557,10.359555149009504,10.359555149009504,10.359555149009504,0.9752877950668335,0.9710928879078194,ok,True,True,-32.72482844909722,0.9498937618704328,1.0,0.0,0.9804841750435145
970,1767153459409,8.928205068081134,9.468055777482103,9.445809470417489,9.445809470417489,9.445809470417489,0.9769507646560669,0.974607613956768,ok,True,True,-32.48167370247764,0.5398507094009695,1.0,0.0,0.9804841750435145
971,1767153459448,9.209767090767382,9.313082565453271,9.20705698478275,9.20705698478275,9.20705698478275,0.9787640571594238,0.9771014798783615,ok,True,True,-31.322801664603904,0.10331547468588909,1.0,0.0,0.9804841750435145
972,1767153459484,10.429886431084425,9.983164884831965,9.780018777224425,9.780018777224425,9.780018777224425,0.9736196994781494,0.9750124116382342,ok,True,True,-29.102390871091337,0.4467215462524603,1.0,0.0,0.9804841750435145
973,1767153459520,12.42803997628217,11.450089939702089,11.1554322149681,11.1554322149681,11.1554322149681,0.9698294401168823,0.971902628725423,ok,True,True,-25.881747364324376,0.9779500365800811,1.0,0.0,0.9804841750435145
974,1767153459550,15.990601316726478,14.174396765916722,13.741175390791602,13.741175390791602,13.741175390791602,0.976274311542511,0.9745256384156757,ok,True,True,-21.146586899588623,1.816204550809756,1.0,0.0,0.9804841750435145
975,1767153459585,23.653013764727234,19.861566965203032,19.099822301147334,19.099822301147334,19.099822301147334,0.9723612070083618,0.9732269795712875,ok,True,True,-12.820628337598901,3.791446799524202,1.0,0.0,0.9804841750435145
976,1767153459625,30.054374340760177,25.97725139053732,25.16199083827879,25.16199083827879,25.16199083827879,0.9730631113052368,0.9731286586116571,ok,True,True,-3.909734837945777,4.077122950222858,1.0,0.0,0.9804841750435145
977,1767153459663,36.68989290675603,32.40483630026854,31.581943367179754,31.581943367179754,31.581943367179754,0.9524540901184082,0.9607239175157077,ok,True,True,5.084581479773087,4.285056606487487,1.0,0.0,0.9804841750435145
978,1767153459694,43.25694345119113,38.91610059082209,38.11647745559486,38.11647745559486,38.11647745559486,0.9552991986274719,0.9574690861827663,ok,True,True,13.824556176364343,4.340842860369037,1.0,0.0,0.9804841750435145
979,1767153459727,48.34780207068405,44.57512147873926,43.90572578683367,43.90572578683367,43.90572578683367,0.9462264180183411,0.9507234852841111,ok,True,True,21.14112963643504,3.772680591944784,1.0,0.0,0.9804841750435145
980,1767153459765,54.5330972725413,50.54990695502049,49.887023344254004,49.887023344254004,49.887023344254004,0.9341350197792053,0.9407704059811677,ok,True,True,28.386525285521394,3.9831903175208083,1.0,0.0,0.9804841750435145
981,1767153459797,56.955973249143234,54.39354673149413,53.996193820376874,53.996193820376874,53.996193820376874,0.8764817714691162,0.9021972252739369,ok,True,True,32.7296392298107,2.562426517649101,1.0,0.0,0.9804841750435145
982,1767153459829,58.86974439758491,57.0792653311486,56.85693606518638,56.85693606518638,56.85693606518638,0.9590564966201782,0.9363127880816816,ok,True,True,35.159724195110385,1.790479066436312,1.0,0.0,0.9804841750435145
983,1767153459866,58.11915372522772,57.70319836759607,57.739551752327834,57.739551752327834,57.739551752327834,0.9319168329238892,0.9336752149870062,ok,True,True,34.762377434250624,0.4159553576316455,1.0,0.0,0.9804841750435145
984,1767153459908,57.13675572359916,57.363332781197926,57.53464468155296,57.53464468155296,57.53464468155296,0.9338608980178833,0.9337866248055324,ok,True,True,32.88991826146481,0.22657705759876734,1.0,0.0,0.9804841750435145
985,1767153459945,54.32095732930039,55.53790751005941,55.8831136605869,55.8831136605869,55.8831136605869,0.9389123916625977,0.9368620849197715,ok,True,True,29.11677452937338,1.2169501807590208,1.0,0.0,0.9804841750435145
986,1767153459980,48.69368828520341,51.43137597514581,52.036538988350614,52.036538988350614,52.036538988350614,0.950839102268219,0.9452482953288399,ok,True,True,22.502271784627393,2.7376876899424047,1.0,0.0,0.9804841750435145
987,1767153460041,41.94930941564152,45.74213603944324,46.52834492288602,46.52834492288602,46.52834492288602,0.9199574589729309,0.9300737935152945,ok,True,True,13.908916434081492,3.792826623801716,1.0,0.0,0.9804841750435145
988,1767153460076,26.65876738278194,34.29211484544646,35.70950053182777,35.70950053182777,35.70950053182777,0.9791525602340698,0.9595210535465597,ok,True,True,-1.583275435483399,7.633347462664524,1.0,0.0,0.9804841750435145
989,1767153460111,18.018049036850364,24.527675360288804,25.769748456986918,25.769748456986918,25.769748456986918,0.9562075138092041,0.9575329297041464,ok,True,True,-15.159280128460916,6.5096263234384395,1.0,0.0,0.9804841750435145
990,1767153460142,11.038150058538527,16.43396017923864,17.41949811725024,17.41949811725024,17.41949811725024,0.9482561349868774,0.951966852873785,ok,True,True,-25.931325434909414,5.395810120700112,1.0,0.0,0.9804841750435145
991,1767153460178,9.73586679341392,12.415104147743808,12.877156467676377,12.877156467676377,12.877156467676377,0.9690031409263611,0.9621886257053307,ok,True,True,-30.981611509441727,2.6792373543298886,1.0,0.0,0.9804841750435145
992,1767153460209,8.94960240244449,10.335803100564217,10.504176192195997,10.504176192195997,10.504176192195997,0.9608837366104126,0.9614056922483799,ok,True,True,-32.82194915803967,1.3862006981197261,1.0,0.0,0.9804841750435145
993,1767153460247,9.333673921693958,9.734525593242061,9.698318873948994,9.698318873948994,9.698318873948994,0.9634189009666443,0.9626136174793385,ok,True,True,-32.42620546763472,0.40085167154810364,1.0,0.0,0.9804841750435145
994,1767153460277,9.678565846972159,9.70094974548012,9.580023724734561,9.580023724734561,9.580023724734561,0.9734505414962769,0.9691157718895016,ok,True,True,-31.10446987130869,0.022383898507960964,1.0,0.0,0.9804841750435145
995,1767153460316,10.645262124861613,10.267537173109016,10.075091013870711,10.075091013870711,10.075091013870711,0.9801840782165527,0.9757567556857323,ok,True,True,-29.001010769014215,0.37772495175259735,1.0,0.0,0.9804841750435145
996,1767153460355,11.78076917495643,11.175476374217464,10.944776384860468,10.944776384860468,10.944776384860468,0.9652934670448303,0.969478782501191,ok,True,True,-26.47943281478076,0.6052928007389653,1.0,0.0,0.9804841750435145
997,1767153460385,13.880713799635624,12.79861882946836,12.493209017338376,12.493209017338376,12.493209017338376,0.9776022434234619,0.9743528590545536,ok,True,True,-23.14126773111517,1.0820949701672635,1.0,0.0,0.9804841750435145
998,1767153460415,18.865085765600657,16.43849899114774,15.912088941751346,15.912088941751346,15.912088941751346,0.9716411828994751,0.9727258533615065,ok,True,True,-17.387544121744597,2.426586774452918,1.0,0.0,0.9804841750435145
999,1767153460452,25.742325816596274,22.02079508641686,21.27433903175494,21.27433903175494,21.27433903175494,0.9657817482948303,0.9685593903215008,ok,True,True,-9.228691854409213,3.7215307301794134,1.0,0.0,0.9804841750435145
1000,1767153460498,32.849028283508375,28.51773500467177,27.67499297676738,27.67499297676738,27.67499297676738,0.9587721824645996,0.9626870656073601,ok,True,True,-0.017422601243730185,4.331293278836604,1.0,0.0,0.9804841750435145
1001,1767153460532,41.461383523051765,36.28392411569977,35.3230475137447,35.3230475137447,35.3230475137447,0.9766865372657776,0.9710867486024106,ok,True,True,10.485071408321755,5.177459407351996,1.0,0.0,0.9804841750435145
1002,1767153460572,49.645993232110904,44.30116558554645,43.33815687739234,43.33815687739234,43.33815687739234,0.9550219774246216,0.9614478858957372,ok,True,True,21.01086958882609,5.344827646564454,1.0,0.0,0.9804841750435145
1003,1767153460608,56.08671731688804,51.3724966243514,50.55397782824099,50.55397782824099,50.55397782824099,0.9674825668334961,0.9650686944583926,ok,True,True,29.95737607610577,4.714220692536642,1.0,0.0,0.9804841750435145
1004,1767153460641,60.28627322072049,56.72076258217285,56.143957781790725,56.143957781790725,56.143957781790725,0.9705275893211365,0.968344031376039,ok,True,True,36.26192022711959,3.565510638547636,1.0,0.0,0.9804841750435145
1005,1767153460678,58.72375055189649,57.92255536400704,57.858954571656106,57.858954571656106,57.858954571656106,0.9306370615959167,0.9457198495079657,ok,True,True,36.95708435049419,0.8011951878894479,1.0,0.0,0.9804841750435145
1006,1767153460714,56.75805221678466,57.223853475673614,57.43222305493368,57.43222305493368,57.43222305493368,0.9693043231964111,0.9598705337210329,ok,True,True,34.679580398892234,0.46580125888895196,1.0,0.0,0.9804841750435145
1007,1767153460749,51.436604703391055,53.75150421230408,54.29131141447246,54.29131141447246,54.29131141447246,0.9249691963195801,0.9389297312801612,ok,True,True,28.77942433768881,2.3148995089130224,1.0,0.0,0.9804841750435145
1008,1767153460784,44.60995845696181,48.266576759098726,49.04604128191256,49.04604128191256,49.04604128191256,0.9380580186843872,0.9384067037226969,ok,True,True,20.25978564020722,3.6566183021369127,1.0,0.0,0.9804841750435145
1009,1767153460820,37.70370010319946,41.92885076555916,42.79854547824715,42.79854547824715,42.79854547824715,0.9610369205474854,0.95198483381757,ok,True,True,10.753920379702736,4.225150662359702,1.0,0.0,0.9804841750435145
1010,1767153460853,29.727960102825026,34.60831636791868,35.56240520616169,35.56240520616169,35.56240520616169,0.9591021537780762,0.9562552257938738,ok,True,True,0.32561742399289173,4.880356265093656,1.0,0.0,0.9804841750435145
1011,1767153460885,21.732926293302654,26.883082323149065,27.85296164449495,27.85296164449495,27.85296164449495,0.9507887363433838,0.9529753321235798,ok,True,True,-10.275277364902015,5.150156029846411,1.0,0.0,0.9804841750435145
1012,1767153460917,16.06084526531336,20.389740088447642,21.18445713327513,21.18445713327513,21.18445713327513,0.9531521797180176,0.9530814406802425,ok,True,True,-18.96162791773871,4.328894823134281,1.0,0.0,0.9804841750435145
1013,1767153460949,11.209644836961369,14.881682937555876,15.514571557359101,15.514571557359101,15.514571557359101,0.967805802822113,0.9619160579653647,ok,True,True,-25.879174795955137,3.6720381005945075,1.0,0.0,0.9804841750435145
1014,1767153460981,9.740131317211292,11.796751965349127,12.11540836607485,12.11540836607485,12.11540836607485,0.9634990096092224,0.9628658289516794,ok,True,True,-29.362126647339778,2.0566206481378355,1.0,0.0,0.9804841750435145
1015,1767153461016,8.934498401717416,10.0793998271701,10.197398032312606,10.197398032312606,10.197398032312606,0.9610068798065186,0.9617504594645829,ok,True,True,-30.6518608755717,1.1449014254526837,1.0,0.0,0.9804841750435145
1016,1767153461055,8.869099457929972,9.353219605626023,9.333403859803697,9.333403859803697,9.333403859803697,0.9763069152832031,0.9704843329557551,ok,True,True,-30.43527244853476,0.4841201476960517,1.0,0.0,0.9804841750435145
1017,1767153461091,8.854213855995754,9.053816155847862,8.971794228832119,8.971794228832119,8.971794228832119,0.9817057251930237,0.9772171682981163,ok,True,True,-29.538763161719867,0.1996022998521081,1.0,0.0,0.9804841750435145
1018,1767153461123,9.818266359024305,9.512486277753727,9.34225108872505,9.34225108872505,9.34225108872505,0.9715481400489807,0.973815751348635,ok,True,True,-27.678072570073507,0.3057800812705782,1.0,0.0,0.9804841750435145
1019,1767153461158,11.669782356828359,10.806863925198506,10.540435431747374,10.540435431747374,10.540435431747374,0.9739224910736084,0.973879795183619,ok,True,True,-24.76597787367367,0.8629184316298524,1.0,0.0,0.9804841750435145
1020,1767153461196,12.819686485241792,12.014557461224477,11.75790129422731,11.75790129422731,11.75790129422731,0.9742225408554077,0.9740854425866923,ok,True,True,-21.960695852109982,0.8051290240173152,1.0,0.0,0.9804841750435145
1021,1767153461229,17.235991696311764,15.14741800227685,14.687427783729072,14.687427783729072,14.687427783729072,0.9746003150939941,0.9743943660910734,ok,True,True,-16.932948787682424,2.0885736940349133,1.0,0.0,0.9804841750435145
1022,1767153461262,23.55401014352304,20.191373287024565,19.51410358015123,19.51410358015123,19.51410358015123,0.9781126379966736,0.9766253292344336,ok,True,True,-9.530311420069662,3.362636856498476,1.0,0.0,0.9804841750435145
1023,1767153461314,30.803453463577327,26.55862139295622,25.73695335083829,25.73695335083829,25.73695335083829,0.9701782464981079,0.9727570795926381,ok,True,True,-0.5493833043922081,4.244832070621108,1.0,0.0,0.9804841750435145
1024,1767153461348,37.71543041731055,33.25270680756881,32.41185682072341,32.41185682072341,32.41185682072341,0.9507718086242676,0.9595659170116159,ok,True,True,8.641205717984628,4.462723609741737,1.0,0.0,0.9804841750435145
1025,1767153461380,45.36973912062898,40.522926195404914,39.64982609479262,39.64982609479262,39.64982609479262,0.9650490283966064,0.9628557838426102,ok,True,True,18.184292268093305,4.846812925224064,1.0,0.0,0.9804841750435145
1026,1767153461415,52.262088919688324,47.56642382997496,46.7505303252201,46.7505303252201,46.7505303252201,0.9655198454856873,0.9644542208284564,ok,True,True,27.102104012802556,4.695665089713366,1.0,0.0,0.9804841750435145
1027,1767153461447,59.608208189601875,54.791494445751106,53.99489701807911,53.99489701807911,53.99489701807911,0.9458280801773071,0.9532785364377668,ok,True,True,35.80900737077564,4.8167137438507694,1.0,0.0,0.9804841750435145
1028,1767153461485,59.4273682417794,57.57301872336808,57.30689459498245,57.30689459498245,57.30689459498245,0.9424545168876648,0.9467841247077056,ok,True,True,38.717775321294994,1.8543495184113183,1.0,0.0,0.9804841750435145
1029,1767153461526,57.70115567770888,57.649900895972564,57.75565757865611,57.75565757865611,57.75565757865611,0.9472180008888245,0.9470444504163769,ok,True,True,37.56184236997163,0.05125478173631848,1.0,0.0,0.9804841750435145
1030,1767153461564,53.122873277715314,54.93368432501821,55.38837265521061,55.38837265521061,55.38837265521061,0.9496564269065857,0.9486116363105022,ok,True,True,32.592045567397165,1.8108110473028987,1.0,0.0,0.9804841750435145
1031,1767153461622,47.39573851191602,50.4109168371569,51.08768210626482,51.08768210626482,51.08768210626482,0.9209938645362854,0.932040973245972,ok,True,True,25.194921763751584,3.015178325240875,1.0,0.0,0.9804841750435145
1032,1767153461660,41.09839898198634,44.823406124054564,45.61626987737492,45.61626987737492,45.61626987737492,0.9489263296127319,0.942172187066028,ok,True,True,16.528827904554923,3.725007142068222,1.0,0.0,0.9804841750435145
1033,1767153461712,34.690382990107906,38.74359224368657,39.57211779619078,39.57211779619078,39.57211779619078,0.9526060819625854,0.9484325240039624,ok,True,True,7.472946395688428,4.053209253578665,1.0,0.0,0.9804841750435145
1034,1767153461745,27.051741526508668,31.72848181337983,32.63168271861661,32.63168271861661,32.63168271861661,0.9505908489227295,0.9497275189552226,ok,True,True,-2.3991454810236412,4.676740286871162,1.0,0.0,0.9804841750435145
1035,1767153461781,15.171531128135225,21.794311402233067,22.99490603469625,22.99490603469625,22.99490603469625,0.9406479597091675,0.9442797834075896,ok,True,True,-15.521785692789985,6.622780274097842,1.0,0.0,0.9804841750435145
1036,1767153461816,11.918176499683575,15.868630460703372,16.60622404879623,16.60622404879623,16.60622404879623,0.9510022401809692,0.9483132574716173,ok,True,True,-23.58377016059505,3.9504539610197966,1.0,0.0,0.9804841750435145
1037,1767153461850,9.589257982703497,12.101006973903447,12.516081365373418,12.516081365373418,12.516081365373418,0.9739350080490112,0.9636863078180536,ok,True,True,-28.12058196459529,2.5117489911999495,1.0,0.0,0.9804841750435145
1038,1767153461888,8.808867369794598,10.125723211438139,10.287887911338466,10.287887911338466,10.287887911338466,0.9729004502296448,0.9692147932650084,ok,True,True,-29.89306116306972,1.316855841643541,1.0,0.0,0.9804841750435145
1039,1767153461921,10.603519218742605,10.412400815820819,10.287295817483516,10.287295817483516,10.287295817483516,0.9697860479354858,0.9695575460672949,ok,True,True,-28.52564885130062,0.19111840292178606,1.0,0.0,0.9804841750435145
1040,1767153461952,11.886663852808933,11.296958638013688,11.07815231214582,11.07815231214582,11.07815231214582,0.9532305002212524,0.9597613185596695,ok,True,True,-26.134070034617388,0.5897052147952451,1.0,0.0,0.9804841750435145
1041,1767153461985,14.904665045273607,13.46158248236964,13.098352115489789,13.098352115489789,13.098352115489789,0.9627490639686584,0.9615539658050629,ok,True,True,-22.163919502815528,1.4430825629039674,1.0,0.0,0.9804841750435145
1042,1767153462018,18.704258044007897,16.607187819352593,16.13312480227777,16.13312480227777,16.13312480227777,0.9638465046882629,0.9629294891349829,ok,True,True,-16.982355099171482,2.0970702246553046,1.0,0.0,0.9804841750435145
1043,1767153462048,23.39698141145867,20.681063974616237,20.11030688780602,20.11030688780602,20.11030688780602,0.9571753740310669,0.9594770200726332,ok,True,True,-10.743913167143226,2.7159174368424317,1.0,0.0,0.9804841750435145
1044,1767153462081,29.80960676733372,26.158189650246726,25.44323759791398,25.44323759791398,25.44323759791398,0.9633878469467163,0.9618235161970831,ok,True,True,-2.929403341976024,3.651417117086993,1.0,0.0,0.9804841750435145
1045,1767153462117,36.200455464626245,32.18354913887444,31.42038924826934,31.42038924826934,31.42038924826934,0.955954372882843,0.958302030208539,ok,True,True,5.412023812262716,4.016906325751805,1.0,0.0,0.9804841750435145
1046,1767153462150,43.33555552194644,38.87475296871764,38.06293217478786,38.06293217478786,38.06293217478786,0.9786149263381958,0.9704897678863331,ok,True,True,14.28532034975795,4.4608025532288025,1.0,0.0,0.9804841750435145
1047,1767153462186,51.33515846410885,46.35099626595236,45.47913973268859,45.47913973268859,45.47913973268859,0.9363086819648743,0.9499811163334577,ok,True,True,23.81481456282595,4.98416219815649,1.0,0.0,0.9804841750435145
1048,1767153462224,56.92832855983682,52.697395642283034,51.98038829607969,51.98038829607969,51.98038829607969,0.9382117986679077,0.9429195257341276,ok,True,True,31.651788991168985,4.230932917553787,1.0,0.0,0.9804841750435145
1049,1767153462256,58.46677563541664,56.15902363816319,55.81041260761941,55.81041260761941,55.81041260761941,0.977313756942749,0.9635560644593005,ok,True,True,35.46214846137042,2.3077519972534475,1.0,0.0,0.9804841750435145
1050,1767153462292,58.60824057982161,57.62855380315824,57.557564369095545,57.557564369095545,57.557564369095545,0.9425584077835083,0.9509574704538252,ok,True,True,36.23807130564505,0.979686776663371,1.0,0.0,0.9804841750435145
1051,1767153462343,56.61310438636728,57.01928415308366,57.2141730209353,57.2141730209353,57.2141730209353,0.9523588418960571,0.9517982933191644,ok,True,True,34.10791311157707,0.40617976671637734,1.0,0.0,0.9804841750435145
1052,1767153462378,55.61672311465921,56.17774753002899,56.420307954477906,56.420307954477906,56.420307954477906,0.896098792552948,0.9183785928594346,ok,True,True,31.456699210073886,0.5610244153697792,1.0,0.0,0.9804841750435145
1053,1767153462431,49.884754838733784,52.401951915251864,52.967451783170134,52.967451783170134,52.967451783170134,0.9271510243415833,0.9236420517487237,ok,True,True,25.275719297421837,2.5171970765180802,1.0,0.0,0.9804841750435145
1054,1767153462474,44.000861465692864,47.361297645516466,48.081011375053706,48.081011375053706,48.081011375053706,0.930526614189148,0.9277727892129782,ok,True,True,17.409163781669683,3.3604361798236013,1.0,0.0,0.9804841750435145
1055,1767153462510,29.50284842075573,36.646228110660026,37.987188872374375,37.987188872374375,37.987188872374375,0.9803676605224609,0.9593297119986679,ok,True,True,2.7523053064897063,7.143379689904297,1.0,0.0,0.9804841750435145
1056,1767153462540,22.307912841529294,28.043238949181585,29.163286534361568,29.163286534361568,29.163286534361568,0.9558320045471191,0.9572310875277387,ok,True,True,-9.489946227002262,5.735326107652291,1.0,0.0,0.9804841750435145
1057,1767153462578,17.252762424668546,21.568953034473765,22.38122461024372,22.38122461024372,22.38122461024372,0.9773103594779968,0.9692786506978935,ok,True,True,-18.36816986290583,4.3161906098052185,1.0,0.0,0.9804841750435145
1058,1767153462608,11.913636103726805,15.775762876025588,16.444641151916226,16.444641151916226,16.444641151916226,0.9379181861877441,0.950462371991804,ok,True,True,-25.679087905218996,3.862126772298783,1.0,0.0,0.9804841750435145
1059,1767153462652,11.5709626503971,13.252882740648495,13.513571714305273,13.513571714305273,13.513571714305273,0.9657101035118103,0.9596110109038077,ok,True,True,-28.528448976785697,1.6819200902513955,1.0,0.0,0.9804841750435145
1060,1767153462683,10.908392438898042,11.846188559598223,11.92614727248086,11.92614727248086,11.92614727248086,0.9528264999389648,0.955540304324902,ok,True,True,-29.402407091026163,0.937796120700181,1.0,0.0,0.9804841750435145
1061,1767153462715,11.523616091040306,11.652645078463472,11.573786448979943,11.573786448979943,11.573786448979943,0.9683679938316345,0.9632369180289415,ok,True,True,-28.540473017422794,0.12902898742316538,1.0,0.0,0.9804841750435145
1062,1767153462749,13.968308957581348,13.042043405934198,12.771999891770339,12.771999891770339,12.771999891770339,0.961509644985199,0.962200554202696,ok,True,True,-25.588865720442808,0.9262655516471501,1.0,0.0,0.9804841750435145
1063,1767153462780,16.497798029117554,15.115496179844211,14.758750965971952,14.758750965971952,14.758750965971952,0.9555262923240662,0.9581959970755181,ok,True,True,-21.689598671988097,1.3823018492733432,1.0,0.0,0.9804841750435145
1064,1767153462812,20.510622965057035,18.352572250971907,17.870788874023308,17.870788874023308,17.870788874023308,0.9590008854866028,0.958678930122169,ok,True,True,-16.423649829009115,2.158050714085128,1.0,0.0,0.9804841750435145
1065,1767153462844,25.822219543425454,22.834360626444035,22.219294787647247,22.219294787647247,22.219294787647247,0.960875928401947,0.9599971290900358,ok,True,True,-9.700908038535532,2.98785891698142,1.0,0.0,0.9804841750435145
1066,1767153462875,31.745528151240453,28.181061141321884,27.479600432572134,27.479600432572134,27.479600432572134,0.9631341099739075,0.9618793176203588,ok,True,True,-2.033860181817859,3.5644670099185696,1.0,0.0,0.9804841750435145
1067,1767153462908,36.75884945193238,33.327734127688174,32.66747860342709,32.66747860342709,32.66747860342709,0.9502427577972412,0.9548973817264882,ok,True,True,5.182810173382186,3.431115324244203,1.0,0.0,0.9804841750435145
1068,1767153462957,43.64030804803214,39.515278479894555,38.77030136751027,38.77030136751027,38.77030136751027,0.9531845450401306,0.9538696797146736,ok,True,True,13.325497428082532,4.125029568137585,1.0,0.0,0.9804841750435145
1069,1767153462994,49.0263383834083,45.221914422002804,44.551446826216605,44.551446826216605,44.551446826216605,0.9379019737243652,0.9442890561204886,ok,True,True,20.653786923346516,3.8044239614054973,1.0,0.0,0.9804841750435145
1070,1767153463029,54.75961130475421,50.94453255165365,50.30785977973771,50.30785977973771,50.30785977973771,0.9434117078781128,0.9437626471750631,ok,True,True,27.612695028191016,3.8150787531005577,1.0,0.0,0.9804841750435145
1071,1767153463059,58.76456813681417,55.63655390274997,55.144562664557654,55.144562664557654,55.144562664557654,0.9542086124420166,0.9500302263352353,ok,True,True,32.990216992364175,3.128014234064203,1.0,0.0,0.9804841750435145
1072,1767153463116,59.066527457285964,57.69453803547157,57.53267511375681,57.53267511375681,57.53267511375681,0.9365556836128235,0.9419455007017882,ok,True,True,34.759397719859365,1.3719894218143978,1.0,0.0,0.9804841750435145
1073,1767153463148,57.48779155176064,57.570490145245,57.69558211717261,57.69558211717261,57.69558211717261,0.9258041381835938,0.9322606831908715,ok,True,True,33.39212778827674,0.08269859348436626,1.0,0.0,0.9804841750435145
1074,1767153463184,57.11511700109632,57.2972662587558,57.46594669222067,57.46594669222067,57.46594669222067,0.9605240225791931,0.9492186868238646,ok,True,True,31.548430857379323,0.18214925765947498,1.0,0.0,0.9804841750435145
1075,1767153463217,52.74157197473314,54.5638496883422,55.005109168530275,55.005109168530275,55.005109168530275,0.9209840297698975,0.9322778925914843,ok,True,True,26.7254129611064,1.8222777136090613,1.0,0.0,0.9804841750435145
1076,1767153463250,40.2545520250791,45.97827109038434,47.0851481992372,47.0851481992372,47.0851481992372,0.9343469738960266,0.9335193413742097,ok,True,True,14.627116279306343,5.723719065305239,1.0,0.0,0.9804841750435145
1077,1767153463293,33.14395861125215,38.27768360290503,39.315068984458705,39.315068984458705,39.315068984458705,0.9536706209182739,0.9456101091006481,ok,True,True,3.2883723311134023,5.133724991652876,1.0,0.0,0.9804841750435145
1078,1767153463330,26.6779462451968,31.31784118828009,32.22261641460419,32.22261641460419,32.22261641460419,0.9522519707679749,0.9495952261010441,ok,True,True,-6.60092705981541,4.639894943083291,1.0,0.0,0.9804841750435145
1079,1767153463362,21.210320971341833,25.25332905811714,26.006589253217335,26.006589253217335,26.006589253217335,0.9432791471481323,0.9458055787292969,ok,True,True,-14.83414938054567,4.0430080867753055,1.0,0.0,0.9804841750435145
1080,1767153463397,16.586261034898055,20.053088244185687,20.6623508423351,20.6623508423351,20.6623508423351,0.9511896967887878,0.9490360495649914,ok,True,True,-21.49346106978555,3.466827209287633,1.0,0.0,0.9804841750435145
1081,1767153463433,13.23519018865274,15.962349410865919,16.406939378098315,16.406939378098315,16.406939378098315,0.9605821967124939,0.9559637378534929,ok,True,True,-26.35288158025551,2.727159222213178,1.0,0.0,0.9804841750435145
1082,1767153463464,12.749022981079156,14.03435355299386,14.201110969668159,14.201110969668159,14.201110969668159,0.9689599275588989,0.9637614516767365,ok,True,True,-28.17555971198332,1.2853305719147041,1.0,0.0,0.9804841750435145
1083,1767153463498,11.436555435403415,12.475674682439593,12.563425319588115,12.563425319588115,12.563425319588115,0.9645346403121948,0.9642253648580115,ok,True,True,-29.134684472761915,1.0391192470361776,1.0,0.0,0.9804841750435145
1084,1767153463528,12.417867190404346,12.440990187218445,12.34626749251089,12.34626749251089,12.34626749251089,0.949357807636261,0.9553048305249612,ok,True,True,-28.099354304755078,0.023122996814098684,1.0,0.0,0.9804841750435145
1085,1767153463558,20.443448094243468,17.24246493143346,16.591482386727634,16.591482386727634,16.591482386727634,0.9553189277648926,0.95531328886892,ok,True,True,-20.984038704194422,3.200983162810008,1.0,0.0,0.9804841750435145
1086,1767153463597,26.35830236984023,22.711967394477522,21.950817016610948,21.950817016610948,21.950817016610948,0.9529474377632141,0.9538937782054965,ok,True,True,-12.664575759985961,3.6463349753627092,1.0,0.0,0.9804841750435145
1087,1767153463630,31.25517688258266,27.837893087340603,27.133742816085476,27.133742816085476,27.133742816085476,0.9477987289428711,0.9502367486479213,ok,True,True,-4.968130669488643,3.4172837952420565,1.0,0.0,0.9804841750435145
1088,1767153463662,37.507635460580175,33.63973851128435,32.89514526759645,32.89514526759645,32.89514526759645,0.9448869228363037,0.9470268531609507,ok,True,True,3.1703608553167353,3.867896949295826,1.0,0.0,0.9804841750435145
1089,1767153463697,43.91723771737515,39.80623803493883,39.04671029046795,39.04671029046795,39.04671029046795,0.9559774398803711,0.952397205192603,ok,True,True,11.472088226108905,4.110999682436322,1.0,0.0,0.9804841750435145
1090,1767153463733,50.167173214581496,46.02279914272443,45.28690161541479,45.28690161541479,45.28690161541479,0.9443218111991882,0.9475519687965541,ok,True,True,19.515534550536017,4.144374071857065,1.0,0.0,0.9804841750435145
1091,1767153463779,55.18508088992343,51.52016819104382,50.89709771706548,50.89709771706548,50.89709771706548,0.9442218542098999,0.9455539000445616,ok,True,True,26.325767942815723,3.664912698879604,1.0,0.0,0.9804841750435145
1092,1767153463812,58.76143009100102,55.864925331018135,55.408421460516465,55.408421460516465,55.408421460516465,0.9375742673873901,0.9407661204502588,ok,True,True,31.315408814007867,2.896504759982882,1.0,0.0,0.9804841750435145
1093,1767153463847,57.790917581573204,57.02052068135117,56.9571000940025,56.9571000940025,56.9571000940025,0.9422010183334351,0.9416270591801645,ok,True,True,32.00860327556233,0.7703969002220319,1.0,0.0,0.9804841750435145
1094,1767153463880,57.207752573287735,57.13285981651311,57.232322736603884,57.232322736603884,57.232322736603884,0.9187712073326111,0.9279135480716324,ok,True,True,30.921461887894235,0.07489275677462359,1.0,0.0,0.9804841750435145
1095,1767153463930,54.62066369380375,55.6255421428875,55.91990356734713,55.91990356734713,55.91990356734713,0.9633159637451172,0.9491549974757233,ok,True,True,27.704056977894183,1.0048784490837477,1.0,0.0,0.9804841750435145
1096,1767153463963,49.95161360603138,52.22118502077383,52.73705067051304,52.73705067051304,52.73705067051304,0.931184709072113,0.9383728244335572,ok,True,True,22.065584894066713,2.269571414742451,1.0,0.0,0.9804841750435145
1097,1767153464005,43.394931256920344,46.92543276246174,47.65613517863582,47.65613517863582,47.65613517863582,0.9338961243629456,0.9356868043911901,ok,True,True,14.078921743950687,3.5305015055413946,1.0,0.0,0.9804841750435145
1098,1767153464045,37.07863126336865,41.017351863005885,41.810659140083764,41.810659140083764,41.810659140083764,0.9450052976608276,0.9412779003529725,ok,True,True,5.40798011804077,3.938720599637236,1.0,0.0,0.9804841750435145
1099,1767153464182,29.96909535948607,34.388397960894,35.23688862765514,35.23688862765514,35.23688862765514,0.9332830905914307,0.9364810144960474,ok,True,True,-3.86612243237993,4.419302601407928,1.0,0.0,0.9804841750435145
1100,1767153464219,23.77525961536076,28.020514953574057,28.811525618683724,28.811525618683724,28.811525618683724,0.9415796995162964,0.9395402255081968,ok,True,True,-12.51196181999062,4.245255338213298,1.0,0.0,0.9804841750435145
1101,1767153464247,18.575925763857636,22.353761439744204,23.027942066301385,23.027942066301385,23.027942066301385,0.9462786912918091,0.9435833049783642,ok,True,True,-19.88083517727206,3.7778356758865677,1.0,0.0,0.9804841750435145
1102,1767153464288,14.871537396799152,17.86442701397717,18.366747378562906,18.366747378562906,18.366747378562906,0.9600293636322021,0.953450940170667,ok,True,True,-25.371255704955068,2.992889617178019,1.0,0.0,0.9804841750435145
1103,1767153464320,12.123310439543088,14.41975706931672,14.765879955407051,14.765879955407051,14.765879955407051,0.9756036400794983,0.9667425601159657,ok,True,True,-29.154419464319034,2.296446629773632,1.0,0.0,0.9804841750435145
1104,1767153464348,12.486323717291791,13.259697058101763,13.319336047374712,13.319336047374712,13.319336047374712,0.9686689972877502,0.9678984224190365,ok,True,True,-29.80628061516946,0.7733733408099717,1.0,0.0,0.9804841750435145
1105,1767153464382,15.235464501075864,14.445157523886223,14.208622925713998,14.208622925713998,14.208622925713998,0.9576790928840637,0.9617668246980529,ok,True,True,-27.220929701946865,0.7903069771896405,1.0,0.0,0.9804841750435145
1106,1767153464410,18.49037091042413,16.872285555808965,16.473736104053344,16.473736104053344,16.473736104053344,0.9430460929870605,0.9505343856714574,ok,True,True,-22.86473742807701,1.6180853546151646,1.0,0.0,0.9804841750435145
1107,1767153464442,24.517545386252724,21.45944145407522,20.817943144881944,20.817943144881944,20.817943144881944,0.9676305651664734,0.960792093368467,ok,True,True,-15.853085634558003,3.058103932177506,1.0,0.0,0.9804841750435145
1108,1767153464474,32.1844292621704,27.894434138932326,27.045675616958576,27.045675616958576,27.045675616958576,0.9669714570045471,0.9644997115501152,ok,True,True,-6.576055395233146,4.2899951232380715,1.0,0.0,0.9804841750435145
1109,1767153464524,40.12928307536549,35.235343500792226,34.29685984761406,34.29685984761406,34.29685984761406,0.9566586017608643,0.9597950456765646,ok,True,True,3.68168105659036,4.893939574573267,1.0,0.0,0.9804841750435145
1110,1767153464566,47.05667438600511,42.32814203191996,41.4454962028786,41.4454962028786,41.4454962028786,0.9488336443901062,0.9532182049046896,ok,True,True,13.3291035385338,4.728532354085154,1.0,0.0,0.9804841750435145
1111,1767153464598,53.061537700942345,48.76817943333339,48.000508249201424,48.000508249201424,48.000508249201424,0.9477177858352661,0.9499179534630355,ok,True,True,21.719839660380742,4.293358267608959,1.0,0.0,0.9804841750435145
1112,1767153464628,57.6577173072769,54.10190215769949,53.50175000199583,53.50175000199583,53.50175000199583,0.9682965278625488,0.9609450981027435,ok,True,True,28.27957314466039,3.5558151495774055,1.0,0.0,0.9804841750435145
1113,1767153464662,57.362051320441395,56.05799165534464,55.87790477685019,55.87790477685019,55.87790477685019,0.9374539256095886,0.9468503946068505,ok,True,True,30.247943858174484,1.3040596650967586,1.0,0.0,0.9804841750435145
1114,1767153464821,54.21193610030803,54.95035832232267,55.16640724112331,55.16640724112331,55.16640724112331,0.8837281465530396,0.9089770457745638,ok,True,True,27.88650382429288,0.7384222220146412,1.0,0.0,0.9804841750435145
1115,1767153464852,49.756589231346496,51.83409686773697,52.30974776261925,52.30974776261925,52.30974776261925,0.9171962738037109,0.9139085825920521,ok,True,True,22.687583729890154,2.0775076363904716,1.0,0.0,0.9804841750435145
1116,1767153464885,45.04073858119947,47.75808189581447,48.35047957261182,48.35047957261182,48.35047957261182,0.9327871203422546,0.9252357052421736,ok,True,True,16.212607609974697,2.7173433146150003,1.0,0.0,0.9804841750435145
1117,1767153464921,39.40250936610305,42.744738377987616,43.43068931241598,43.43068931241598,43.43068931241598,0.9492120146751404,0.9396214909019537,ok,True,True,8.71508340652184,3.3422290118845694,1.0,0.0,0.9804841750435145
1118,1767153464954,17.989467531669337,27.891575870196647,29.65826230217181,29.65826230217181,29.65826230217181,0.9597571492195129,0.9517028858924892,ok,True,True,-10.59500659967368,9.90210833852731,1.0,0.0,0.9804841750435145
1119,1767153464984,13.77961240055267,19.42439778841026,20.52714685010355,20.52714685010355,20.52714685010355,0.9459516406059265,0.9482521387205516,ok,True,True,-22.648183241630477,5.64478538785759,1.0,0.0,0.9804841750435145
1120,1767153465020,13.018601806841529,15.580920199469022,16.048694663551867,16.048694663551867,16.048694663551867,0.9772000908851624,0.965620910019318,ok,True,True,-27.761013023167276,2.5623183926274926,1.0,0.0,0.9804841750435145
1121,1767153465052,12.920695926938278,13.984785635950574,14.11185419820117,14.11185419820117,14.11185419820117,0.9785281419754028,0.9733652491929689,ok,True,True,-29.14988731891517,1.064089709012297,1.0,0.0,0.9804841750435145
1122,1767153465083,13.209252458332612,13.519465729379798,13.477136275467364,13.477136275467364,13.477136275467364,0.9811465740203857,0.978034044089419,ok,True,True,-28.68722142067291,0.31021327104718566,1.0,0.0,0.9804841750435145
1123,1767153465113,15.009007942229493,14.413191057089616,14.201998774821602,14.201998774821602,14.201998774821602,0.963101863861084,0.9690747359524179,ok,True,True,-26.378864993975387,0.5958168851398771,1.0,0.0,0.9804841750435145
1124,1767153465148,17.649501073903732,16.354977067178083,16.01655591461456,16.01655591461456,16.01655591461456,0.9660673141479492,0.9672702828697367,ok,True,True,-22.679882085788357,1.2945240067256485,1.0,0.0,0.9804841750435145
1125,1767153465184,21.60783551102533,19.506692133486432,19.032796607728073,19.032796607728073,19.032796607728073,0.9624133706092834,0.9643561355134647,ok,True,True,-17.500148381886873,2.1011433775388966,1.0,0.0,0.9804841750435145
1126,1767153465215,27.739335641799844,24.446278238474477,23.77699477503643,23.77699477503643,23.77699477503643,0.9725244045257568,0.96925709692084,ok,True,True,-10.18480159213545,3.293057403325367,1.0,0.0,0.9804841750435145
1127,1767153465247,34.33378374006522,30.378781539428925,29.604090271451746,29.604090271451746,29.604090271451746,0.967149019241333,0.9679922503131357,ok,True,True,-1.717335130116842,3.9550022006362973,1.0,0.0,0.9804841750435145
1128,1767153465279,41.48710285457904,37.04377432851899,36.20706914345282,36.20706914345282,36.20706914345282,0.9383167028427124,0.9501869218308817,ok,True,True,7.427950722457904,4.44332852606005,1.0,0.0,0.9804841750435145
1129,1767153465318,48.05084868043801,43.6480189396704,42.84519490345982,42.84519490345982,42.84519490345982,0.9526708722114563,0.9516772920592265,ok,True,True,16.202911642394,4.402829740767608,1.0,0.0,0.9804841750435145
1130,1767153465355,52.35164391943311,48.87019392752802,48.25804378100837,48.25804378100837,48.25804378100837,0.9552539587020874,0.953823292044943,ok,True,True,22.893784574148366,3.4814499919050874,1.0,0.0,0.9804841750435145
1131,1767153465389,55.63406282934474,52.92851526861806,52.49243053405288,52.49243053405288,52.49243053405288,0.9480956792831421,0.9503867243878624,ok,True,True,27.660241893553287,2.7055475607266857,1.0,0.0,0.9804841750435145
1132,1767153465429,57.06322429844611,55.40934068651489,55.18669685201896,55.18669685201896,55.18669685201896,0.9086132049560547,0.9253226127287778,ok,True,True,30.093765129838165,1.6538836119312208,1.0,0.0,0.9804841750435145
1133,1767153465464,55.95111465587029,55.734405068128126,55.78523255078324,55.78523255078324,55.78523255078324,0.9405273795127869,0.9344454727991832,ok,True,True,29.538214780271424,0.21670958774216587,1.0,0.0,0.9804841750435145
1134,1767153465513,54.48542886233187,54.98501934465037,55.184216714876484,55.184216714876484,55.184216714876484,0.9026399850845337,0.9153621801703935,ok,True,True,27.360964149686485,0.4995904823184958,1.0,0.0,0.9804841750435145
1135,1767153465562,52.34916106999852,53.40350437985926,53.70403188848472,53.70403188848472,53.70403188848472,0.9503595232963562,0.9363605860459712,ok,True,True,24.076163216219573,1.0543433098607338,1.0,0.0,0.9804841750435145
1136,1767153465597,47.53103081675445,49.88002024199638,50.39637286480462,50.39637286480462,50.39637286480462,0.8905525803565979,0.9088757826323471,ok,True,True,18.4323684596057,2.3489894252419248,1.0,0.0,0.9804841750435145
1137,1767153465644,43.62416377937067,46.12650636442095,46.671623121109434,46.671623121109434,46.671623121109434,0.9688504338264465,0.9448605733488067,ok,True,True,12.474178344469259,2.502342585050279,1.0,0.0,0.9804841750435145
1138,1767153465678,32.044389657255664,37.67723634012178,38.727474045024834,38.727474045024834,38.727474045024834,0.9574811458587646,0.9524329168547814,ok,True,True,0.9949569939634983,5.632846682866116,1.0,0.0,0.9804841750435145
1139,1767153465712,26.422482878256993,30.924384263002906,31.798960450968053,31.798960450968053,31.798960450968053,0.9578458666801453,0.9556806867499996,ok,True,True,-8.564263364117453,4.5019013847459135,1.0,0.0,0.9804841750435145
1140,1767153465743,22.18083348076964,25.678253793662947,26.329502924692047,26.329502924692047,26.329502924692047,0.9472415447235107,0.9506172015341063,ok,True,True,-15.682492784472968,3.4974203128933077,1.0,0.0,0.9804841750435145
1141,1767153465777,14.28224572764036,18.840648954049396,19.618110745961832,19.618110745961832,19.618110745961832,0.9560574889183044,0.9538813739646251,ok,True,True,-24.180241398199925,4.558403226409036,1.0,0.0,0.9804841750435145
1142,1767153465809,12.33996778939415,14.94024025525625,15.372364872198528,15.372364872198528,15.372364872198528,0.9643324017524719,0.9601519906373331,ok,True,True,-28.90341416730255,2.6002724658620995,1.0,0.0,0.9804841750435145
1143,1767153465842,12.309604609850338,13.361858868012703,13.478717335379717,13.478717335379717,13.478717335379717,0.9672438502311707,0.9644071063936357,ok,True,True,-30.1806909279104,1.0522542581623657,1.0,0.0,0.9804841750435145
1144,1767153465873,12.898367524036948,13.08376406162725,13.015564767732407,13.015564767732407,13.015564767732407,0.9482693672180176,0.9547244628882648,ok,True,True,-29.435264643068198,0.18539653759030195,1.0,0.0,0.9804841750435145
1145,1767153465903,13.48381422497412,13.323794159635373,13.179888326744804,13.179888326744804,13.179888326744804,0.9416053891181946,0.9468530186262227,ok,True,True,-27.86235700352366,0.16002006533874713,1.0,0.0,0.9804841750435145
1146,1767153465935,14.2643830053193,13.888147467045728,13.705447307070152,13.705447307070152,13.705447307070152,0.9386493563652039,0.9419308212696114,ok,True,True,-25.86542281677587,0.3762355382735709,1.0,0.0,0.9804841750435145
1147,1767153465966,19.122566447706063,17.028798855441927,16.561666675048247,16.561666675048247,16.561666675048247,0.9448988437652588,0.9437116347669998,ok,True,True,-20.759613271327844,2.093767592264136,1.0,0.0,0.9804841750435145
1148,1767153465997,21.785445455648173,19.882786815565673,19.434898374795225,19.434898374795225,19.434898374795225,0.962584912776947,0.9550356015729682,ok,True,True,-15.86414005804087,1.9026586400824996,1.0,0.0,0.9804841750435145
1149,1767153466029,26.238349706531704,23.696124550145292,23.161526466285437,23.161526466285437,23.161526466285437,0.9684638977050781,0.9630925792522341,ok,True,True,-10.020920271192715,2.5422251563864116,1.0,0.0,0.9804841750435145
1150,1767153466061,31.912505523053145,28.625953133890004,27.9788082018294,27.9788082018294,27.9788082018294,0.9513564705848694,0.9560509140518152,ok,True,True,-2.9475502271535374,3.286552389163141,1.0,0.0,0.9804841750435145
1151,1767153466115,37.38151015770511,33.87928734817906,33.20979061491127,33.20979061491127,33.20979061491127,0.9610998630523682,0.959080283452147,ok,True,True,4.370127626862334,3.502222809526046,1.0,0.0,0.9804841750435145
1152,1767153466153,44.00407422688253,39.95415947540114,39.21770257368167,39.21770257368167,39.21770257368167,0.968319296836853,0.9646236914829707,ok,True,True,12.419687979226413,4.0499147514813885,1.0,0.0,0.9804841750435145
1153,1767153466189,50.619781723431565,46.3535328242194,45.60333240814138,45.60333240814138,45.60333240814138,0.956745982170105,0.9598970658952513,ok,True,True,20.619466556206852,4.266248899212165,1.0,0.0,0.9804841750435145
1154,1767153466226,57.75940493469857,53.197056090506905,52.426256763070974,52.426256763070974,52.426256763070974,0.9621371626853943,0.961241123969337,ok,True,True,29.044393651425537,4.562348844191668,1.0,0.0,0.9804841750435145
1155,1767153466261,60.55274848468962,57.61047152701653,57.1399313336887,57.1399313336887,57.1399313336887,0.9527438282966614,0.9561427465657317,ok,True,True,34.18745317814332,2.9422769576730943,1.0,0.0,0.9804841750435145
1156,1767153466300,60.20717837368623,59.16849563501835,59.06927949801971,59.06927949801971,59.06927949801971,0.9271295666694641,0.9387348386279711,ok,True,True,35.27189719765665,1.0386827386678803,1.0,0.0,0.9804841750435145
1157,1767153466331,58.41787729516323,58.71812463110528,58.88853473926152,58.88853473926152,58.88853473926152,0.9555120468139648,0.9488011635395673,ok,True,True,33.409294719420856,0.30024733594205344,1.0,0.0,0.9804841750435145
1158,1767153466365,56.696929291467896,57.50540742732285,57.78406298345269,57.78406298345269,57.78406298345269,0.9477582573890686,0.9481754198492681,ok,True,True,30.363556793207312,0.8084781358549549,1.0,0.0,0.9804841750435145
1159,1767153466406,50.68784743142653,53.41487142978506,54.01546006251464,54.01546006251464,54.01546006251464,0.9326703548431396,0.938872380845591,ok,True,True,23.79905256381772,2.7270239983585256,1.0,0.0,0.9804841750435145
1160,1767153466441,37.93148429681293,44.12483915000178,45.31723326408891,45.31723326408891,45.31723326408891,0.9545224905014038,0.9482624466390788,ok,True,True,10.766044980158501,6.1933548531888505,1.0,0.0,0.9804841750435145
1161,1767153466477,31.090475456085006,36.30422093365172,37.35018274867599,37.35018274867599,37.35018274867599,0.9676579833030701,0.9598997686374735,ok,True,True,-0.6664403922351099,5.2137454775667145,1.0,0.0,0.9804841750435145
1162,1767153466513,25.152982421407593,29.613477826305243,30.474464286731287,30.474464286731287,30.474464286731287,0.9583314061164856,0.9589587511248807,ok,True,True,-10.077123433681772,4.4604954048976495,1.0,0.0,0.9804841750435145
1163,1767153466545,18.996176767344902,23.24309719092904,24.012674969704527,24.012674969704527,24.012674969704527,0.9467995166778564,0.9516632104566662,ok,True,True,-18.48869885870414,4.246920423584136,1.0,0.0,0.9804841750435145
1164,1767153466582,14.764930049201535,18.156196905892536,18.741035419376104,18.741035419376104,18.741035419376104,0.9523634314537048,0.9520833430548894,ok,True,True,-24.881052436600427,3.3912668566910007,1.0,0.0,0.9804841750435145
1165,1767153466618,11.222409671670212,13.995924565359141,14.432946470483055,14.432946470483055,14.432946470483055,0.9558991193771362,0.9543728088482375,ok,True,True,-29.657753140180876,2.7735148936889296,1.0,0.0,0.9804841750435145
1166,1767153466650,10.756743213941942,12.052415754508822,12.207765044919206,12.207765044919206,12.207765044919206,0.9549353122711182,0.9547103109019659,ok,True,True,-31.35573911320345,1.2956725405668799,1.0,0.0,0.9804841750435145
1167,1767153466685,10.422570071523708,11.074508344717753,11.084337006310657,11.084337006310657,11.084337006310657,0.9605000019073486,0.9581841255051955,ok,True,True,-31.463167537718615,0.6519382731940446,1.0,0.0,0.9804841750435145
1168,1767153466717,11.754727992576527,11.482640133433016,11.321137264310702,11.321137264310702,11.321137264310702,0.9448717832565308,0.9501967201559967,ok,True,True,-29.697922227307735,0.27208785914351097,1.0,0.0,0.9804841750435145
1169,1767153466749,12.580436355003311,12.141317866375193,11.939297861274554,11.939297861274554,11.939297861274554,0.9619055390357971,0.957222011483877,ok,True,True,-27.489819866333544,0.4391184886281181,1.0,0.0,0.9804841750435145
1170,1767153466780,14.662403310628358,13.653969132927092,13.360332858693587,13.360332858693587,13.360332858693587,0.953053891658783,0.9547211395888205,ok,True,True,-24.280340933394868,1.0084341777012664,1.0,0.0,0.9804841750435145
1171,1767153466812,19.691190694256576,17.27630206972478,16.74892680981877,16.74892680981877,16.74892680981877,0.9578198194503784,0.9565803475057553,ok,True,True,-18.516067459895428,2.4148886245317946,1.0,0.0,0.9804841750435145
1172,1767153466843,23.62443800688286,21.08518363201963,20.53234591259116,20.53234591259116,20.53234591259116,0.9610717296600342,0.9592751767983225,ok,True,True,-12.473486316025719,2.53925437486323,1.0,0.0,0.9804841750435145
1173,1767153466875,29.849205916880734,26.343597002936292,25.648620178020032,25.648620178020032,25.648620178020032,0.9694890975952148,0.9654035292764579,ok,True,True,-4.877308070433355,3.5056089139444424,1.0,0.0,0.9804841750435145
1174,1767153466910,37.8455443718236,33.24476542426868,32.378842396466425,32.378842396466425,32.378842396466425,0.9628868103027344,0.9638934978922238,ok,True,True,4.5873322316968865,4.600778947554922,1.0,0.0,0.9804841750435145
1175,1767153466947,46.071873997655125,40.94103056830055,40.00250145034779,40.00250145034779,40.00250145034779,0.9652205109596252,0.9646897057326647,ok,True,True,14.845565618841512,5.130843429354577,1.0,0.0,0.9804841750435145
1176,1767153466989,53.307621414462595,48.360985075997775,47.48335350407726,47.48335350407726,47.48335350407726,0.9562689661979675,0.9596372620118464,ok,True,True,24.43818168207632,4.94663633846482,1.0,0.0,0.9804841750435145
1177,1767153467024,58.82638074252944,54.64022247591677,53.93238536326277,53.93238536326277,53.93238536326277,0.9355962872505188,0.9452126771550499,ok,True,True,32.17492438168097,4.186158266612665,1.0,0.0,0.9804841750435145
1178,1767153467055,59.92374846658739,57.81033807031915,57.497231320503694,57.497231320503694,57.497231320503694,0.9735748767852783,0.9622299969331869,ok,True,True,35.5972178974149,2.113410396268243,1.0,0.0,0.9804841750435145
1179,1767153467088,58.50600695541779,58.22773940137833,58.27863926756983,58.27863926756983,58.27863926756983,0.9363807439804077,0.9467204451615194,ok,True,True,35.04087638730196,0.27826755403945924,1.0,0.0,0.9804841750435145
1180,1767153467125,58.06924385372318,58.132642072785245,58.27929582566908,58.27929582566908,58.27929582566908,0.9350596070289612,0.9397239422819845,ok,True,True,33.4379336597874,0.06339821906206566,1.0,0.0,0.9804841750435145
1181,1767153467161,53.08433163811266,55.103655811981696,55.58247379523831,55.58247379523831,55.58247379523831,0.9446792006492615,0.9426970973023507,ok,True,True,28.204396917824006,2.0193241738690375,1.0,0.0,0.9804841750435145
1182,1767153467199,46.678051341903775,50.04829312993495,50.77086946478236,50.77086946478236,50.77086946478236,0.9394574165344238,0.9407532888415946,ok,True,True,20.30655279013076,3.370241788031173,1.0,0.0,0.9804841750435145
1183,1767153467231,40.94913490174171,44.588798193019,45.35430159985267,45.35430159985267,45.35430159985267,0.9337872266769409,0.9365736515428025,ok,True,True,11.939510728523281,3.6396632912772944,1.0,0.0,0.9804841750435145
1184,1767153467278,35.068224396424284,38.87645391506217,39.6438406810694,39.6438406810694,39.6438406810694,0.9602696299552917,0.950791238590296,ok,True,True,3.551883330153622,3.808229518637887,1.0,0.0,0.9804841750435145
1185,1767153467312,27.992482832068035,32.34607126526569,33.17376277903243,33.17376277903243,33.17376277903243,0.9575474262237549,0.9548449511703714,ok,True,True,-5.494882037445311,4.3535884331976575,1.0,0.0,0.9804841750435145
1186,1767153467350,17.07866410274138,23.185626967751105,24.27992468521155,24.27992468521155,24.27992468521155,0.9532281160354614,0.9538748500894254,ok,True,True,-17.45568449524817,6.106962865009724,1.0,0.0,0.9804841750435145
1187,1767153467382,14.280791651466865,17.84272577798056,18.4962194861465,18.4962194861465,18.4962194861465,0.9532992839813232,0.953529510424564,ok,True,True,-24.598447407090205,3.5619341265136963,1.0,0.0,0.9804841750435145
1188,1767153467415,13.787871323324667,15.409813105187025,15.662764331408285,15.662764331408285,15.662764331408285,0.9600992202758789,0.9574713363353529,ok,True,True,-27.363233991231873,1.6219417818623576,1.0,0.0,0.9804841750435145
1189,1767153467446,13.862425774402155,14.481380706716104,14.511433611333253,14.511433611333253,14.511433611333253,0.947971761226654,0.9517715912701336,ok,True,True,-27.691715765134404,0.6189549323139492,1.0,0.0,0.9804841750435145
1190,1767153467478,13.333130552575915,13.79243061423199,13.769656860733997,13.769656860733997,13.769656860733997,0.9661531448364258,0.9604005234099089,ok,True,True,-27.44279596710694,0.45930006165607473,1.0,0.0,0.9804841750435145
1191,1767153467509,15.295587389814807,14.69432467958168,14.48903278324028,14.48903278324028,14.48903278324028,0.9480264782905579,0.9529760963382983,ok,True,True,-25.198931450944333,0.6012627102331276,1.0,0.0,0.9804841750435145
1192,1767153467542,17.206548090632616,16.20165872621224,15.916773317139981,15.916773317139981,15.916773317139981,0.954505443572998,0.9538937046791182,ok,True,True,-22.085100501053113,1.0048893644203751,1.0,0.0,0.9804841750435145
1193,1767153467571,21.763519366312632,19.538775110272475,19.052375257208595,19.052375257208595,19.052375257208595,0.9495775103569031,0.9513039880857891,ok,True,True,-16.768693032432306,2.2247442560401574,1.0,0.0,0.9804841750435145
1194,1767153467605,26.596811093650327,23.773596700299187,23.184295072039777,23.184295072039777,23.184295072039777,0.9458914399147034,0.9480564591831377,ok,True,True,-10.327557086329836,2.82321439335114,1.0,0.0,0.9804841750435145
1195,1767153467637,33.65045989590807,29.69971461766452,28.93413140291169,28.93413140291169,28.93413140291169,0.9688759446144104,0.9605481504419013,ok,True,True,-1.959642714801209,3.950745278243552,1.0,0.0,0.9804841750435145
1196,1767153467669,40.10228208776435,35.941255099724415,35.15192498205469,35.15192498205469,35.15192498205469,0.9458414912223816,0.9517241549101895,ok,True,True,6.667828092093879,4.161026988039936,1.0,0.0,0.9804841750435145
1197,1767153467699,47.9899441539141,43.170468532238225,42.30035351996855,42.30035351996855,42.30035351996855,0.9583076238632202,0.955674236282008,ok,True,True,16.178287276344555,4.819475621675878,1.0,0.0,0.9804841750435145
1198,1767153467732,54.791405571124905,50.14303075557024,49.32792448512136,49.32792448512136,49.32792448512136,0.9612231254577637,0.9590035697874614,ok,True,True,25.08749445771465,4.648374815554668,1.0,0.0,0.9804841750435145
1199,1767153467776,58.52161097443378,55.17017888688836,54.61147675178183,54.61147675178183,54.61147675178183,0.966697096824646,0.9636196860097721,ok,True,True,31.19417435308184,3.351432087545419,1.0,0.0,0.9804841750435145
1200,1767153467818,57.563150629969705,56.60596193273717,56.49941360808248,56.49941360808248,56.49941360808248,0.9499021172523499,0.9553891447553187,ok,True,True,32.35876004404187,0.9571886972325316,1.0,0.0,0.9804841750435145
1201,1767153467854,56.72067153918614,56.67478769660656,56.77559631376059,56.77559631376059,56.77559631376059,0.9340905547142029,0.9426099907306492,ok,True,True,31.256910029567024,0.045883842579584666,1.0,0.0,0.9804841750435145
1202,1767153467896,55.09106020959838,55.72455120440165,55.95813693240017,55.95813693240017,55.95813693240017,0.9235641360282898,0.9311824779092336,ok,True,True,28.7037906133663,0.6334909948032674,1.0,0.0,0.9804841750435145
1203,1767153467929,49.954642452448105,52.262605953229524,52.781835072355264,52.781835072355264,52.781835072355264,0.9487852454185486,0.9417441384148226,ok,True,True,23.0285554144713,2.307963500781419,1.0,0.0,0.9804841750435145
1204,1767153467965,44.55623235391893,47.63878179364317,48.29845057606863,48.29845057606863,48.29845057606863,0.922035276889801,0.9299188214998098,ok,True,True,15.818298216383427,3.0825494397242394,1.0,0.0,0.9804841750435145
1205,1767153467998,38.28746858183363,42.027993866557445,42.78666438958754,42.78666438958754,42.78666438958754,0.9598826169967651,0.9478970987979829,ok,True,True,7.525940376526229,3.740525284723816,1.0,0.0,0.9804841750435145
1206,1767153468038,30.615337387550717,35.18039997915341,36.05730584736328,36.05730584736328,36.05730584736328,0.9532791376113892,0.9511263220860267,ok,True,True,-2.0587436599965283,4.56506259160269,1.0,0.0,0.9804841750435145
1207,1767153468080,18.70084987337199,25.292669915684556,26.486413181287617,26.486413181287617,26.486413181287617,0.950027585029602,0.9504670798521718,ok,True,True,-15.106497628035648,6.591820042312566,1.0,0.0,0.9804841750435145
1208,1767153468117,14.056059293616737,18.550703542443863,19.380180110251732,19.380180110251732,19.380180110251732,0.9554240703582764,0.9534412741558346,ok,True,True,-24.17277384576419,4.494644248827125,1.0,0.0,0.9804841750435145
1209,1767153468149,10.698080148713148,13.839129506205435,14.367618326419638,14.367618326419638,14.367618326419638,0.9484725594520569,0.950460045333568,ok,True,True,-29.949218664098428,3.141049357492287,1.0,0.0,0.9804841750435145
1210,1767153468187,11.377593508668607,12.362207907683338,12.474607059390536,12.474607059390536,12.474607059390536,0.9629563093185425,0.9579578037245526,ok,True,True,-31.17775458128406,0.9846143990147311,1.0,0.0,0.9804841750435145
1211,1767153468219,11.035684451113903,11.566293833741678,11.55167950502905,11.55167950502905,11.55167950502905,0.9418420791625977,0.9482883689873796,ok,True,True,-31.018018253595468,0.5306093826277749,1.0,0.0,0.9804841750435145
1212,1767153468251,12.500508144154205,12.126822419989194,11.94723914956282,11.94723914956282,11.94723914956282,0.926260769367218,0.9350718092152825,ok,True,True,-29.055152035359306,0.37368572416501067,1.0,0.0,0.9804841750435145
1213,1767153468284,13.560334265187322,12.986929527108071,12.762802069040127,12.762802069040127,12.762802069040127,0.9283322095870972,0.9310280494383714,ok,True,True,-26.605412619342417,0.5734047380792511,1.0,0.0,0.9804841750435145
1214,1767153468321,14.9415227152366,14.159685439985187,13.9048065118927,13.9048065118927,13.9048065118927,0.966614305973053,0.9523798033591804,ok,True,True,-23.8195560275498,0.7818372752514122,1.0,0.0,0.9804841750435145
1215,1767153468352,19.79168862299084,17.538887349788578,17.04468685365938,17.04468685365938,17.04468685365938,0.9594200849533081,0.956603972315657,ok,True,True,-18.417886614889994,2.2528012732022624,1.0,0.0,0.9804841750435145
1216,1767153468391,24.94323911755146,21.981498410446306,21.362000194587253,21.362000194587253,21.362000194587253,0.958950400352478,0.9580118291377495,ok,True,True,-11.64669842302639,2.961740707105154,1.0,0.0,0.9804841750435145
1217,1767153468423,31.4129987471053,27.6403986124417,26.896360984708632,26.896360984708632,26.896360984708632,0.9705111384391785,0.9655114147186069,ok,True,True,-3.514279845803909,3.7726001346635982,1.0,0.0,0.9804841750435145
1218,1767153468467,38.827775700689195,34.3528248653902,33.507561927159706,33.507561927159706,33.507561927159706,0.9579163193702698,0.9609543575096047,ok,True,True,5.7245432530319125,4.474950835298998,1.0,0.0,0.9804841750435145
1219,1767153468507,46.547299433022125,41.66950960596935,40.77988055485328,40.77988055485328,40.77988055485328,0.9541243314743042,0.9568563418884244,ok,True,True,15.448293171670084,4.877789827052773,1.0,0.0,0.9804841750435145
1220,1767153468545,53.94613902206409,49.035487255626194,48.17157968163986,48.17157968163986,48.17157968163986,0.9585753679275513,0.9578877575119005,ok,True,True,24.890904327096983,4.910651766437894,1.0,0.0,0.9804841750435145
1221,1767153468577,59.10173564162922,55.07523628722801,54.397343519213656,54.397343519213656,54.397343519213656,0.9627634286880493,0.9608131602175898,ok,True,True,32.3003518260916,4.02649935440121,1.0,0.0,0.9804841750435145
1222,1767153468611,57.20487315762401,56.353018409465605,56.254916777593934,56.254916777593934,56.254916777593934,0.955594539642334,0.9576819878724363,ok,True,True,33.372614173790005,0.8518547481584022,1.0,0.0,0.9804841750435145
1223,1767153468656,55.538168517270435,55.8641084741485,56.031878421646155,56.031878421646155,56.031878421646155,0.9375823140144348,0.9456221835576354,ok,True,True,31.538868961351604,0.32593995687806654,1.0,0.0,0.9804841750435145
1224,1767153468690,48.07036088837881,51.187859922686684,51.84581469184368,51.84581469184368,51.84581469184368,0.9283614158630371,0.9352657229408765,ok,True,True,24.3473461294121,3.117499034307876,1.0,0.0,0.9804841750435145
1225,1767153468751,42.58474645079639,46.0259918395525,46.76609861833114,46.76609861833114,46.76609861833114,0.9543112516403198,0.9466930401605425,ok,True,True,16.25789219251121,3.4412453887561156,1.0,0.0,0.9804841750435145
1226,1767153468791,34.79741564061793,39.288846120191764,40.18383815639384,40.18383815639384,40.18383815639384,0.9582012891769409,0.9535979895703816,ok,True,True,6.475524217585123,4.491430479573836,1.0,0.0,0.9804841750435145
1227,1767153468830,26.9586749040682,31.890743390517628,32.84039614793288,32.84039614793288,32.84039614793288,0.9745478630065918,0.9661679136321077,ok,True,True,-3.904291854143244,4.9320684864494275,1.0,0.0,0.9804841750435145
1228,1767153468862,21.219804076821163,25.488179802299747,26.29420938014796,26.29420938014796,26.29420938014796,0.9778190851211548,0.9731586165255359,ok,True,True,-12.71428972032007,4.268375725478585,1.0,0.0,0.9804841750435145
1229,1767153468902,17.195800571089375,20.512752263573525,21.11069999272394,21.11069999272394,21.11069999272394,0.9497807621955872,0.9591319039275666,ok,True,True,-19.24992856370315,3.3169516924841496,1.0,0.0,0.9804841750435145
1230,1767153468936,17.043099583525567,18.43096065554475,18.65842286881822,18.65842286881822,18.65842286881822,0.9728127717971802,0.9673404246493348,ok,True,True,-21.736117245419862,1.3878610720191844,1.0,0.0,0.9804841750435145
1231,1767153468971,18.808692898350248,18.657600001228047,18.57682884752033,18.57682884752033,18.57682884752033,0.9466532468795776,0.9549281179874805,ok,True,True,-20.853279057628647,0.15109289712220075,1.0,0.0,0.9804841750435145
1232,1767153469004,22.319143137351478,20.854525882902106,20.522741678711586,20.522741678711586,20.522741678711586,0.9658859372138977,0.9615028095233308,ok,True,True,-17.22683877394453,1.4646172544493723,1.0,0.0,0.9804841750435145
1233,1767153469035,40.02906101879062,32.359246964435215,30.974129743243765,30.974129743243765,30.974129743243765,0.947691023349762,0.9532157378191894,ok,True,True,-2.087345015317929,7.669814054355406,1.0,0.0,0.9804841750435145
1234,1767153469066,50.34509351538367,43.15075489500428,41.78400026603791,41.78400026603791,41.78400026603791,0.9419233798980713,0.9464403230665186,ok,True,True,12.851443455604148,7.1943386203793835,1.0,0.0,0.9804841750435145
1235,1767153469100,59.49666387981835,52.95830028589272,51.758987032032636,51.758987032032636,51.758987032032636,0.9511922001838684,0.9492914493369284,ok,True,True,25.960078048880362,6.538363593925631,1.0,0.0,0.9804841750435145
1236,1767153469137,60.61408406146259,57.55177055123464,57.00183588010814,57.00183588010814,57.00183588010814,0.9442716240882874,0.9462795541877438,ok,True,True,31.970928534163022,3.062313510227952,1.0,0.0,0.9804841750435145
1237,1767153469175,57.81992438966665,57.712662854293846,57.752268688218024,57.752268688218024,57.752268688218024,0.918005645275116,0.9293152088401672,ok,True,True,31.53803212198465,0.1072615353728068,1.0,0.0,0.9804841750435145
1238,1767153469209,56.05002057235137,56.71507748512836,56.94816286269233,56.94816286269233,56.94816286269233,0.9696175456047058,0.9534966108988903,ok,True,True,28.990381594745195,0.6650569127769899,1.0,0.0,0.9804841750435145
1239,1767153469241,50.268458528437385,52.847106111113774,53.412660680136874,53.412660680136874,53.412660680136874,0.9168535470962524,0.9315107726173075,ok,True,True,22.80880379259864,2.578647582676389,1.0,0.0,0.9804841750435145
1240,1767153469277,43.49283713682359,47.23454472653967,48.0089156018538,48.0089156018538,48.0089156018538,0.9404293894767761,0.9368619427329887,ok,True,True,14.34483925998233,3.7417075897160785,1.0,0.0,0.9804841750435145
1241,1767153469314,35.01381436031956,39.9021065068076,40.86024412164436,40.86024412164436,40.86024412164436,0.941412091255188,0.9395920318463084,ok,True,True,3.87228270101542,4.888292146488041,1.0,0.0,0.9804841750435145
1242,1767153469350,26.34308342238007,31.76669265615108,32.795996888202886,32.795996888202886,32.795996888202886,0.9666929841041565,0.9558526032010173,ok,True,True,-7.378133334872125,5.4236092337710105,1.0,0.0,0.9804841750435145
1243,1767153469404,19.629878106830226,24.48460392655857,25.384760319532496,25.384760319532496,25.384760319532496,0.9460621476173401,0.949978329850811,ok,True,True,-17.216948335305162,4.854725819728344,1.0,0.0,0.9804841750435145
1244,1767153469446,15.541148095699532,19.118530428043147,19.753831049790207,19.753831049790207,19.753831049790207,0.9742676615715027,0.964551928883226,ok,True,True,-24.160858677794376,3.577382332343616,1.0,0.0,0.9804841750435145
1245,1767153469478,15.099838850711498,16.70731548164416,16.9574425613562,16.9574425613562,16.9574425613562,0.9661966562271118,0.9655387652895575,ok,True,True,-26.89477700920218,1.607476630932661,1.0,0.0,0.9804841750435145
1246,1767153469516,15.721246637093618,16.115674174913835,16.10956660629773,16.10956660629773,16.10956660629773,0.9641196727752686,0.9646873097809842,ok,True,True,-26.828020567560092,0.3944275378202171,1.0,0.0,0.9804841750435145
1247,1767153469547,24.05377554962032,20.878534999737724,20.246481662979654,20.246481662979654,20.246481662979654,0.9687345623970032,0.9671156613505956,ok,True,True,-19.91960343104013,3.175240549882595,1.0,0.0,0.9804841750435145
1248,1767153469578,30.498154940509483,26.65030696420078,25.861493923252063,25.861493923252063,25.861493923252063,0.9548368453979492,0.9597483717790078,ok,True,True,-11.297784333380001,3.847847976308703,1.0,0.0,0.9804841750435145
1249,1767153469611,39.128194734937665,34.13703962664291,33.17140562096958,33.17140562096958,33.17140562096958,0.9471386671066284,0.9521825489755802,ok,True,True,-0.7432913429355885,4.991155108294755,1.0,0.0,0.9804841750435145
1250,1767153469655,47.55698578908454,42.18900732410789,41.179820086437104,41.179820086437104,41.179820086437104,0.9724747538566589,0.9643578719042275,ok,True,True,10.287243583819667,5.367978464976652,1.0,0.0,0.9804841750435145
1251,1767153469687,56.186433607837344,50.587463094345566,49.575780693974174,49.575780693974174,49.575780693974174,0.9349526166915894,0.9467147187766446,ok,True,True,21.345050931677342,5.598970513491778,1.0,0.0,0.9804841750435145
1252,1767153469728,59.9012016648932,56.175706236674145,55.51852046751472,55.51852046751472,55.51852046751472,0.9718294739723206,0.9617835718940502,ok,True,True,28.528168503408217,3.7254954282190553,1.0,0.0,0.9804841750435145
1253,1767153469761,59.12510431246494,57.94534508214863,57.780626800794536,57.780626800794536,57.780626800794536,0.9540882706642151,0.9571663911561492,ok,True,True,30.32855864681206,1.1797592303163142,1.0,0.0,0.9804841750435145
1254,1767153469816,58.41794626320308,58.2289057907813,58.29170369306597,58.29170369306597,58.29170369306597,0.9180107712745667,0.9336730192271997,ok,True,True,29.6421702060736,0.18904047242178024,1.0,0.0,0.9804841750435145
1255,1767153469850,53.84917570537212,55.60106773953579,56.011635117696244,56.011635117696244,56.011635117696244,0.9382268786430359,0.9364053348767014,ok,True,True,25.154620586403794,1.7518920341636743,1.0,0.0,0.9804841750435145
1256,1767153469903,48.79735874377076,51.51884234207677,52.11384730844665,52.11384730844665,52.11384730844665,0.9276180267333984,0.9311329499907196,ok,True,True,18.65114648551863,2.7214835983060155,1.0,0.0,0.9804841750435145
1257,1767153469964,43.44329509486492,46.673513993749665,47.35007623526142,47.35007623526142,47.35007623526142,0.9475871324539185,0.941005459468639,ok,True,True,11.256241797322708,3.2302188988847433,1.0,0.0,0.9804841750435145
1258,1767153470005,28.53509463292191,35.790462377253014,37.1224648499688,37.1224648499688,37.1224648499688,0.9770851731300354,0.9626532876654769,ok,True,True,-3.3027015279285337,7.255367744331103,1.0,0.0,0.9804841750435145
1259,1767153470039,23.07890655900868,28.163528886306416,29.15111669595295,29.15111669595295,29.15111669595295,0.9428836703300476,0.9507915172642193,ok,True,True,-14.097152171880799,5.084622327297737,1.0,0.0,0.9804841750435145
1260,1767153470071,15.896862255897474,20.80352890806105,21.68272869239603,21.68272869239603,21.68272869239603,0.9452372789382935,0.9474589742686639,ok,True,True,-23.706908980821282,4.906666652163576,1.0,0.0,0.9804841750435145
1261,1767153470117,15.668635517361633,17.7225928736414,18.07637460739049,18.07637460739049,18.07637460739049,0.9637751579284668,0.9572486844645457,ok,True,True,-27.573784843792144,2.053957356279767,1.0,0.0,0.9804841750435145
1262,1767153470157,17.026972556874057,17.305220683580995,17.288706035285532,17.288706035285532,17.288706035285532,0.964635968208313,0.9616810547108061,ok,True,True,-27.393277800077822,0.2782481267069379,1.0,0.0,0.9804841750435145
1263,1767153470188,20.95978307191462,19.49795811658117,19.14948261724615,19.14948261724615,19.14948261724615,0.9615258574485779,0.9615879363534692,ok,True,True,-23.584399701891492,1.4618249553334515,1.0,0.0,0.9804841750435145
1264,1767153470220,26.743362430994203,23.84520070522899,23.233389532404747,23.233389532404747,23.233389532404747,0.9566429257392883,0.9586209299849606,ok,True,True,-16.897231792403495,2.8981617257652132,1.0,0.0,0.9804841750435145
1265,1767153470251,33.60101555867252,29.69868961729511,28.914259464199574,28.914259464199574,28.914259464199574,0.9692867994308472,0.9650204516524926,ok,True,True,-8.323318173270948,3.9023259413774127,1.0,0.0,0.9804841750435145
1266,1767153470283,41.437710243373374,36.74210199294207,35.83750017387024,35.83750017387024,35.83750017387024,0.9511367082595825,0.9566902056167466,ok,True,True,1.564085856042821,4.695608250431306,1.0,0.0,0.9804841750435145
1267,1767153470315,49.09740420113672,44.15528331785886,43.232784243293715,43.232784243293715,43.232784243293715,0.9683117866516113,0.9636631542376655,ok,True,True,11.647108987979905,4.942120883277859,1.0,0.0,0.9804841750435145
1268,1767153470514,54.751369623992176,50.51293510153885,49.74375342384013,49.74375342384013,49.74375342384013,0.9217169880867004,0.9384954545470865,ok,True,True,20.05435498175424,4.238434522453325,1.0,0.0,0.9804841750435145
1269,1767153470543,57.67136148449382,54.807990931311835,54.31739610647963,54.31739610647963,54.31739610647963,0.9428411722183228,0.9411028851498282,ok,True,True,25.41661398404489,2.863370553181987,1.0,0.0,0.9804841750435145
1270,1767153470574,54.350194030859996,54.53331279104073,54.60377033149456,54.60377033149456,54.60377033149456,0.9344900846481323,0.9371352048488106,ok,True,True,24.64650479932811,0.18311876018073292,1.0,0.0,0.9804841750435145
1271,1767153470606,52.034482893511125,53.03401485252297,53.30089985893578,53.30089985893578,53.30089985893578,0.9404457211494446,0.939121514629191,ok,True,True,21.72942036268953,0.999531959011847,1.0,0.0,0.9804841750435145
1272,1767153470637,24.733352130278973,36.05361721917657,38.05936236925478,38.05936236925478,38.05936236925478,0.9601725339889526,0.9517521262450479,ok,True,True,-0.1936094837550364,11.3202650888976,1.0,0.0,0.9804841750435145
1273,1767153470685,17.38027858301392,24.84961403747898,26.323186185081504,26.323186185081504,26.323186185081504,0.9300771951675415,0.938747167598544,ok,True,True,-16.299925967441904,7.46933545446506,1.0,0.0,0.9804841750435145
1274,1767153470721,14.896285428431874,18.877616872050716,19.647950836185764,19.647950836185764,19.647950836185764,0.954364538192749,0.9481175899550671,ok,True,True,-24.719766587175776,3.981331443618842,1.0,0.0,0.9804841750435145
1275,1767153470754,13.429059348670142,15.608482358022371,15.967350077780413,15.967350077780413,15.967350077780413,0.9645779132843018,0.9579937839526078,ok,True,True,-28.64223287401899,2.179423009352229,1.0,0.0,0.9804841750435145
1276,1767153470791,13.816883878754759,14.533523270461805,14.586992300563262,14.586992300563262,14.586992300563262,0.9684275388717651,0.9642540369041022,ok,True,True,-29.22665564713599,0.7166393917070462,1.0,0.0,0.9804841750435145
1277,1767153470822,14.124033044225234,14.287829134719862,14.212488266691688,14.212488266691688,14.212488266691688,0.9670117497444153,0.9659086646082901,ok,True,True,-28.4031711190172,0.1637960904946283,1.0,0.0,0.9804841750435145
1278,1767153470858,16.242305925494474,15.460515209184628,15.21556156577831,15.21556156577831,15.21556156577831,0.9610715508460999,0.963006396350976,ok,True,True,-25.725799053487016,0.7817907163098461,1.0,0.0,0.9804841750435145
1279,1767153470970,19.941832045743556,18.149305311119985,17.726175284024908,17.726175284024908,17.726175284024908,0.9602612257003784,0.9613592939606175,ok,True,True,-21.10093820684826,1.7925267346235714,1.0,0.0,0.9804841750435145
1280,1767153471003,25.815903220442554,22.749264056713525,22.110155227611966,22.110155227611966,22.110155227611966,0.9657620191574097,0.9640009290786927,ok,True,True,-14.115403711115604,3.066639163729029,1.0,0.0,0.9804841750435145
1281,1767153471030,31.822128654166814,28.192982815185502,27.46158803309283,27.46158803309283,27.46158803309283,0.9696308374404907,0.9673788740957715,ok,True,True,-6.121172920266485,3.6291458389813123,1.0,0.0,0.9804841750435145
1282,1767153471061,37.942892760071395,34.04292878211704,33.2856369854036,33.2856369854036,33.2856369854036,0.9415785670280457,0.951898689855136,ok,True,True,2.1561152791685405,3.899963977954357,1.0,0.0,0.9804841750435145
1283,1767153471100,56.3803717358946,47.445394554383576,45.87309623875872,45.87309623875872,45.87309623875872,0.9516879320144653,0.9517722351507336,ok,True,True,19.341520363964264,8.934977181511023,1.0,0.0,0.9804841750435145
1284,1767153471130,55.53231198121987,52.29754501048535,51.6524900105566,51.6524900105566,51.6524900105566,0.9518188834190369,0.9518002241117156,ok,True,True,26.392047204567575,3.234766970734519,1.0,0.0,0.9804841750435145
1285,1767153471160,53.460627010869075,52.99539421071559,52.94370155469961,52.94370155469961,52.94370155469961,0.9240362048149109,0.9351418125336328,ok,True,True,26.957054000488874,0.4652328001534869,1.0,0.0,0.9804841750435145
1286,1767153471199,48.09070646013446,50.05258156036692,50.47553503513275,50.47553503513275,50.47553503513275,0.9021133780479431,0.915324751842219,ok,True,True,22.334122891525578,1.9618751002324544,1.0,0.0,0.9804841750435145
1287,1767153471234,40.81562427126607,44.510407186906406,45.25924131301374,45.25924131301374,45.25924131301374,0.9487569332122803,0.9353840606642558,ok,True,True,14.149278024246604,3.6947829156403387,1.0,0.0,0.9804841750435145
1288,1767153471280,33.11781972414912,37.67485470925204,38.573959102644494,38.573959102644494,38.573959102644494,0.9611511826515198,0.9508443338566142,ok,True,True,4.321961502681669,4.557034985102916,1.0,0.0,0.9804841750435145
1289,1767153471349,26.19492283077303,30.786895582164632,31.672060303019364,31.672060303019364,31.672060303019364,0.9570357203483582,0.9545591657516606,ok,True,True,-5.3529927623511995,4.5919727513916015,1.0,0.0,0.9804841750435145
1290,1767153471384,21.613174786777023,25.28266310493207,25.9758464305024,25.9758464305024,25.9758464305024,0.9576426148414612,0.9564092352055409,ok,True,True,-12.929567849641595,3.6694883181550466,1.0,0.0,0.9804841750435145
1291,1767153471417,17.78397150960061,20.783448147733196,21.314852262295013,21.314852262295013,21.314852262295013,0.9694941639900208,0.9642601924762287,ok,True,True,-18.737877177278733,2.9994766381325846,1.0,0.0,0.9804841750435145
1292,1767153471449,16.445112194009063,18.180446575498717,18.460557402219006,18.460557402219006,18.460557402219006,0.9801194071769714,0.9737757212966744,ok,True,True,-21.79952138180876,1.735334381489654,1.0,0.0,0.9804841750435145
1293,1767153471483,15.442724955497408,16.53781360349793,16.671305243264282,16.671305243264282,16.671305243264282,0.9764912128448486,0.975405016225579,ok,True,True,-23.25860066849403,1.095088648000523,1.0,0.0,0.9804841750435145
1294,1767153471513,16.046258524885154,16.242880556330263,16.204168538040115,16.204168538040115,16.204168538040115,0.9645775556564331,0.9689085398840914,ok,True,True,-22.835473766076753,0.19662203144510926,1.0,0.0,0.9804841750435145
1295,1767153471546,19.54780039207247,18.22583245777559,17.91524900014358,17.91524900014358,17.91524900014358,0.9634247422218323,0.9656182612867359,ok,True,True,-19.440760129993414,1.3219679342968824,1.0,0.0,0.9804841750435145
1296,1767153471582,24.25706459441385,21.844571739758546,21.333710413183955,21.333710413183955,21.333710413183955,0.9659673571586609,0.9658277188098908,ok,True,True,-13.856985885567418,2.412492854655305,1.0,0.0,0.9804841750435145
1297,1767153471620,30.80612022778485,27.22150083257433,26.512834815511518,26.512834815511518,26.512834815511518,0.9701659083366394,0.96843063252594,ok,True,True,-6.111183163510084,3.5846193952105203,1.0,0.0,0.9804841750435145
1298,1767153471653,37.37778013621657,33.31526841475967,32.53333840566259,32.53333840566259,32.53333840566259,0.9479939341545105,0.9561686135030824,ok,True,True,2.4354035883500487,4.0625117214569,1.0,0.0,0.9804841750435145
1299,1767153471688,43.70297700690886,39.54789357004918,38.77408456247278,38.77408456247278,38.77408456247278,0.9591778516769409,0.9579741564073976,ok,True,True,10.893226840662878,4.155083436859677,1.0,0.0,0.9804841750435145
1300,1767153471724,50.0844747874651,45.86984230049873,45.11843547223337,45.11843547223337,45.11843547223337,0.9693564772605896,0.9648035489193127,ok,True,True,19.10619164441244,4.214632486966366,1.0,0.0,0.9804841750435145
1301,1767153471759,55.44946412335046,51.61761539420977,50.96334444684395,50.96334444684395,50.96334444684395,0.9330413341522217,0.9457462200590581,ok,True,True,26.257449871911227,3.831848729140688,1.0,0.0,0.9804841750435145
1302,1767153471804,56.67783663910284,54.65374814114561,54.339558793925775,54.339558793925775,54.339558793925775,0.9086913466453552,0.9235132960108363,ok,True,True,29.691576304308153,2.02408849795723,1.0,0.0,0.9804841750435145
1303,1767153471844,56.31690389722294,55.65164159479201,55.61566375591774,55.61566375591774,55.61566375591774,0.9444904327392578,0.9360995780478892,ok,True,True,30.08481830487866,0.6652623024309321,1.0,0.0,0.9804841750435145
1304,1767153471880,53.90066034711989,54.601052846188736,54.82621185329652,54.82621185329652,54.82621185329652,0.9127218127250671,0.922072918854196,ok,True,True,27.623803936813356,0.7003924990688475,1.0,0.0,0.9804841750435145
1305,1767153471913,51.186221982053496,52.55215432770759,52.90872013556837,52.90872013556837,52.90872013556837,0.9511334896087646,0.9395092613069371,ok,True,True,23.72649781711574,1.3659323456540946,1.0,0.0,0.9804841750435145
1306,1767153471975,39.42817697160043,44.677767914043294,45.68466246623964,45.68466246623964,45.68466246623964,0.8761013746261597,0.9014645292984707,ok,True,True,12.721022211622058,5.249590942442865,1.0,0.0,0.9804841750435145
1307,1767153472008,33.013557289906394,37.679241539561154,38.62002264056109,38.62002264056109,38.62002264056109,0.943943977355957,0.9269521981329625,ok,True,True,2.4381743855218723,4.66568424965476,1.0,0.0,0.9804841750435145
1308,1767153472040,27.218592456914966,31.402852089973443,32.21740502004097,32.21740502004097,32.21740502004097,0.9726476669311523,0.9543694794118764,ok,True,True,-6.464984720550513,4.184259633058478,1.0,0.0,0.9804841750435145
1309,1767153472076,21.080942675920518,25.209706441541687,25.967759309223176,25.967759309223176,25.967759309223176,0.9369133710861206,0.9438958144164229,ok,True,True,-14.750591514971127,4.128763765621169,1.0,0.0,0.9804841750435145
1310,1767153472110,14.638592094870262,18.86703783353883,19.604648427576674,19.604648427576674,19.604648427576674,0.9422861933708191,0.9429300417890607,ok,True,True,-22.812761859750402,4.228445738668569,1.0,0.0,0.9804841750435145
1311,1767153472141,12.135494793249864,14.828112009365451,15.27633569045396,15.27633569045396,15.27633569045396,0.9405921697616577,0.9415273185726188,ok,True,True,-27.711899289051182,2.692617216115588,1.0,0.0,0.9804841750435145
1312,1767153472172,14.194139056732416,14.447728237785629,14.437111955652387,14.437111955652387,14.437111955652387,0.9685589075088501,0.9577462719343576,ok,True,True,-27.59586207960997,0.25358918105321315,1.0,0.0,0.9804841750435145
1313,1767153472203,15.534228302367948,15.099628276535022,14.923024725764165,14.923024725764165,14.923024725764165,0.9648405313491821,0.9620028275832523,ok,True,True,-25.665564546851815,0.43460002583292656,1.0,0.0,0.9804841750435145
1314,1767153472238,20.159868756391614,18.135772564448978,17.681727980965125,17.681727980965125,17.681727980965125,0.9534754753112793,0.9568864162200685,ok,True,True,-20.702803971339563,2.024096191942636,1.0,0.0,0.9804841750435145
1315,1767153472269,25.033207925535343,22.274233781100797,21.684661910412878,21.684661910412878,21.684661910412878,0.9524807929992676,0.9542430422875879,ok,True,True,-14.258714243782968,2.7589741444345464,1.0,0.0,0.9804841750435145
1316,1767153472301,31.34219730686297,27.715011896558103,26.988940804742427,26.988940804742427,26.988940804742427,0.9535118341445923,0.9538043174017906,ok,True,True,-6.322672012348382,3.627185410304868,1.0,0.0,0.9804841750435145
1317,1767153472331,36.787965459422246,33.158784034276586,32.44666837348612,32.44666837348612,32.44666837348612,0.9278497099876404,0.9382315529533005,ok,True,True,1.4608357204367577,3.62918142514566,1.0,0.0,0.9804841750435145
1318,1767153472368,44.82154090854728,40.156438158839,39.301413152018995,39.301413152018995,39.301413152018995,0.9555286765098572,0.9486098270872345,ok,True,True,10.806359374446636,4.665102749708275,1.0,0.0,0.9804841750435145
1319,1767153472400,55.8268342480612,49.55867581237233,48.45410164523159,48.45410164523159,48.45410164523159,0.9403039216995239,0.9436262838546081,ok,True,True,22.879484633103765,6.268158435688875,1.0,0.0,0.9804841750435145
1320,1767153472432,59.372538650098925,55.44699351500829,54.7516586105141,54.7516586105141,54.7516586105141,0.9074700474739075,0.9219325420261877,ok,True,True,30.47957673050027,3.925545135090637,1.0,0.0,0.9804841750435145
1321,1767153472469,55.89311253435673,55.71466492661736,55.72057778608635,55.72057778608635,55.72057778608635,0.9064046740531921,0.9126158212423903,ok,True,True,30.4149484826835,0.17844760773937196,1.0,0.0,0.9804841750435145
1322,1767153472505,56.37987171760569,56.11378900121036,56.183054208047054,56.183054208047054,56.183054208047054,0.9538387060165405,0.9373495521068804,ok,True,True,29.65787164431154,0.26608271639533143,1.0,0.0,0.9804841750435145
1323,1767153472538,50.892820445859726,52.98120786799998,53.448888008190586,53.448888008190586,53.448888008190586,0.9277628064155579,0.9315975046920868,ok,True,True,24.546072833984958,2.0883874221402507,1.0,0.0,0.9804841750435145
1324,1767153472588,45.79062807848486,48.6668599942909,49.29188153608045,49.29188153608045,49.29188153608045,0.8862029910087585,0.9043607964820899,ok,True,True,17.71451404158862,2.876231915806045,1.0,0.0,0.9804841750435145
1325,1767153472637,40.53018854367493,43.78485712392133,44.46537804611899,44.46537804611899,44.46537804611899,0.9381015300750732,0.9246052366378799,ok,True,True,10.276340508980166,3.2546685802463955,1.0,0.0,0.9804841750435145
1326,1767153472683,35.309825187354306,38.69983796198112,39.38153929528819,39.38153929528819,39.38153929528819,0.9615601301193237,0.9467781727267461,ok,True,True,2.8252649444353084,3.390012774626811,1.0,0.0,0.9804841750435145
1327,1767153472716,28.482098441634097,32.569194249772906,33.34000612323784,33.34000612323784,33.34000612323784,0.9355702996253967,0.9400534488659364,ok,True,True,-5.5997992803525625,4.087095808138809,1.0,0.0,0.9804841750435145
1328,1767153472753,24.073965943286307,27.472057265880945,28.10612544806324,28.10612544806324,28.10612544806324,0.9592356085777283,0.9515627446930115,ok,True,True,-12.530238913783233,3.398091322594638,1.0,0.0,0.9804841750435145
1329,1767153472786,20.12126964342242,23.06158469240583,23.577972549893286,23.577972549893286,23.577972549893286,0.9503047466278076,0.9508079458538892,ok,True,True,-18.174418789575352,2.940315048983411,1.0,0.0,0.9804841750435145
1330,1767153472820,15.834015129584472,18.725042954713018,19.19904822830148,19.19904822830148,19.19904822830148,0.9498936533927917,0.9502593703772307,ok,True,True,-23.355352050137792,2.891027825128546,1.0,0.0,0.9804841750435145
1331,1767153472852,15.326525303024033,16.685932363699628,16.8795252807701,16.8795252807701,16.8795252807701,0.9556212425231934,0.9534764936648084,ok,True,True,-25.471345350099515,1.3594070606755952,1.0,0.0,0.9804841750435145
1332,1767153472886,14.986328951792263,15.66617031655521,15.70682965633946,15.70682965633946,15.70682965633946,0.9154981970787048,0.9306895157131463,ok,True,True,-25.915756704947913,0.6798413647629467,1.0,0.0,0.9804841750435145
1333,1767153472921,14.427940711822774,14.92323255371575,14.91427486199618,14.91427486199618,14.91427486199618,0.9083662033081055,0.9172955282701218,ok,True,True,-25.817848083348757,0.4952918418929748,1.0,0.0,0.9804841750435145
1334,1767153472956,19.079087845917506,17.416745729036805,17.041406071980095,17.041406071980095,17.041406071980095,0.9371697902679443,0.9292200854688153,ok,True,True,-21.715341588997912,1.6623421168807013,1.0,0.0,0.9804841750435145
1335,1767153472987,21.945658212218937,20.134093218946084,19.70814384840071,19.70814384840071,19.70814384840071,0.941077709197998,0.936334659706325,ok,True,True,-17.059664987622902,1.811564993272853,1.0,0.0,0.9804841750435145
1336,1767153473021,26.50451461432152,23.956346056171345,23.41875392274472,23.41875392274472,23.41875392274472,0.9540634751319885,0.9469719489617232,ok,True,True,-11.18371988768524,2.5481685581501736,1.0,0.0,0.9804841750435145
1337,1767153473051,31.933247661037928,28.742487019091293,28.10671852707562,28.10671852707562,28.10671852707562,0.9520748257637024,0.9500336750429108,ok,True,True,-4.234695668259738,3.1907606419466354,1.0,0.0,0.9804841750435145
1338,1767153473086,38.43085888401773,34.555510138047154,33.82002977068831,33.82002977068831,33.82002977068831,0.9450283646583557,0.9470304888121778,ok,True,True,3.804191048955216,3.8753487459705767,1.0,0.0,0.9804841750435145
1339,1767153473118,44.96491971605807,40.8011558848537,40.03616995434967,40.03616995434967,40.03616995434967,0.9253076910972595,0.9339968101832268,ok,True,True,12.165577033558591,4.1637638312043705,1.0,0.0,0.9804841750435145
1340,1767153473162,50.653231222758656,46.712401087596675,46.012549526146685,46.012549526146685,46.012549526146685,0.9409790635108948,0.9381861621798276,ok,True,True,19.81503672147098,3.940830135161981,1.0,0.0,0.9804841750435145
1341,1767153473193,54.55795450357045,51.41973313718094,50.889973018417216,50.889973018417216,50.889973018417216,0.9537004828453064,0.9474947545791149,ok,True,True,25.605376982126913,3.1382213663895087,1.0,0.0,0.9804841750435145
1342,1767153473227,54.85247677041178,53.47937931711945,53.285642472100825,53.285642472100825,53.285642472100825,0.9316450357437134,0.9379849232778741,ok,True,True,27.72294343145059,1.3730974532923312,1.0,0.0,0.9804841750435145
1343,1767153473267,54.30031864337538,53.971942912873004,53.998482654431974,53.998482654431974,53.998482654431974,0.9276125431060791,0.9317614951747971,ok,True,True,27.432860942011903,0.3283757305023727,1.0,0.0,0.9804841750435145
1344,1767153473302,52.24615730248305,52.93647154663903,53.157054872195545,53.157054872195545,53.157054872195545,0.9420521259307861,0.9379358736283905,ok,True,True,25.021859310216847,0.690314244155978,1.0,0.0,0.9804841750435145
1345,1767153473337,47.24633649559169,49.52239051601063,50.021128961095016,50.021128961095016,50.021128961095016,0.9206105470657349,0.9275406776907971,ok,True,True,19.57058958298949,2.2760540204189397,1.0,0.0,0.9804841750435145
1346,1767153473371,43.0212336803316,45.62169641460321,46.1855079961517,46.1855079961517,46.1855079961517,0.9527493715286255,0.9426658939934941,ok,True,True,13.408062838464218,2.600462734271609,1.0,0.0,0.9804841750435145
1347,1767153473414,29.57704653696066,35.994906488017676,37.182123658069784,37.182123658069784,37.182123658069784,0.95555180311203,0.9503974394646157,ok,True,True,0.4316398605754461,6.417859951057018,1.0,0.0,0.9804841750435145
1348,1767153473448,24.541534769447097,29.12288345687533,30.023952010352616,30.023952010352616,30.023952010352616,0.9184165596961975,0.9312089116035648,ok,True,True,-9.417145161193147,4.581348687428232,1.0,0.0,0.9804841750435145
1349,1767153473481,19.667747308044344,23.449801767576737,24.148485201261515,24.148485201261515,24.148485201261515,0.9572380781173706,0.9468264115118483,ok,True,True,-17.053837075562516,3.782054459532393,1.0,0.0,0.9804841750435145
1350,1767153473513,15.525268204524147,18.695081629745182,19.24027244322598,19.24027244322598,19.24027244322598,0.9505708813667297,0.9490730934247771,ok,True,True,-23.012836640128786,3.169813425221035,1.0,0.0,0.9804841750435145
1351,1767153473545,14.728836775013544,16.3153347169062,16.556163818516307,16.556163818516307,16.556163818516307,0.9442392587661743,0.9461727926296154,ok,True,True,-25.645126979848655,1.586497941892656,1.0,0.0,0.9804841750435145
1352,1767153473578,14.636454085634922,15.308006338143432,15.351903356642984,15.351903356642984,15.351903356642984,0.9261046051979065,0.93413188017059,ok,True,True,-26.124926542967664,0.6715522525085103,1.0,0.0,0.9804841750435145
1353,1767153473610,15.248229335784705,15.272140136728197,15.18385192489617,15.18385192489617,15.18385192489617,0.9522193074226379,0.9449843365218188,ok,True,True,-25.159926027818823,0.02391080094349185,1.0,0.0,0.9804841750435145
1354,1767153473642,15.497841914010598,15.40756120309764,15.288993526857531,15.288993526857531,15.288993526857531,0.9521186947822571,0.9492649514780818,ok,True,True,-23.863967413667808,0.09028071091295864,1.0,0.0,0.9804841750435145
1355,1767153473673,17.9399082477007,16.926969429859476,16.655381793657885,16.655381793657885,16.655381793657885,0.9625794291496277,0.9572536380810093,ok,True,True,-20.895482681626618,1.0129388178412242,1.0,0.0,0.9804841750435145
1356,1767153473705,22.002177520875737,19.972094284469232,19.524192302423522,19.524192302423522,19.524192302423522,0.9733140468597412,0.9668898833482484,ok,True,True,-15.999861460612092,2.0300832364065045,1.0,0.0,0.9804841750435145
1357,1767153473736,26.652721184621786,23.980470424560764,23.423598383140614,23.423598383140614,23.423598383140614,0.9570446014404297,0.9609827142035572,ok,True,True,-9.913184703982058,2.672250760061022,1.0,0.0,0.9804841750435145
1358,1767153473771,41.243628431899765,34.338365228964165,33.08332826664437,33.08332826664437,33.08332826664437,0.9273973107337952,0.9408314721216999,ok,True,True,3.804516561433063,6.9052632029356005,1.0,0.0,0.9804841750435145
1359,1767153473801,50.08652658665063,43.78726204357604,42.60678817420097,42.60678817420097,42.60678817420097,0.9675580859184265,0.9568674403997359,ok,True,True,16.70723447165637,6.299264543074585,1.0,0.0,0.9804841750435145
1360,1767153473836,55.23922080120542,50.65843729815367,49.82197622453347,49.82197622453347,49.82197622453347,0.954380989074707,0.9553755696047186,ok,True,True,25.849852157482403,4.580783503051748,1.0,0.0,0.9804841750435145
1361,1767153473875,58.74579158796511,55.51084987204054,54.97210214348362,54.97210214348362,54.97210214348362,0.936627209186554,0.9441265533538198,ok,True,True,31.738428047792816,3.2349417159245704,1.0,0.0,0.9804841750435145
1362,1767153473914,57.68895408199214,56.817712398011494,56.729804207291046,56.729804207291046,56.729804207291046,0.9082068204879761,0.9225747136343135,ok,True,True,32.69927488760003,0.8712416839806423,1.0,0.0,0.9804841750435145
1363,1767153473957,57.01229140101714,56.934459799814874,57.03326720163647,57.03326720163647,57.03326720163647,0.9689358472824097,0.9503913938231712,ok,True,True,31.619298391533206,0.07783160120226285,1.0,0.0,0.9804841750435145
1364,1767153473993,53.574700148780416,54.9186040091942,55.27224448117526,55.27224448117526,55.27224448117526,0.9253734350204468,0.9353806185415365,ok,True,True,27.75396653626273,1.343903860413782,1.0,0.0,0.9804841750435145
1365,1767153474028,49.308682043879514,51.55265083000539,52.07103194915442,52.07103194915442,52.07103194915442,0.927448034286499,0.9306210679885141,ok,True,True,22.08800007661834,2.243968786125876,1.0,0.0,0.9804841750435145
1366,1767153474067,44.474246596547644,47.305608289930746,47.91963212472308,47.91963212472308,47.91963212472308,0.9403554201126099,0.9364616792629715,ok,True,True,15.37664751218322,2.8313616933831014,1.0,0.0,0.9804841750435145
1367,1767153474103,37.763817244601746,41.580533662733345,42.34522200964535,42.34522200964535,42.34522200964535,0.920647919178009,0.926973423211994,ok,True,True,7.018514151159495,3.8167164181315982,1.0,0.0,0.9804841750435145
1368,1767153474141,31.456207224071118,35.505937799536014,36.295356037283696,36.295356037283696,36.295356037283696,0.9658362865447998,0.9502911412116776,ok,True,True,-1.6099198185277004,4.049730575464896,1.0,0.0,0.9804841750435145
1369,1767153474193,23.348157786581762,28.211269791763463,29.10751628539419,29.10751628539419,29.10751628539419,0.9333941340446472,0.9401529369114594,ok,True,True,-11.405999160348175,4.863112005181701,1.0,0.0,0.9804841750435145
1370,1767153474234,19.0102634894842,22.69066601039591,23.364394800469103,23.364394800469103,23.364394800469103,0.974716067314148,0.9608908151530725,ok,True,True,-18.769933891840754,3.6804025209117093,1.0,0.0,0.9804841750435145
1371,1767153474266,15.68717067807123,18.4885688110011,18.962914025496115,18.962914025496115,18.962914025496115,0.9554015398025513,0.9575972499427597,ok,True,True,-23.954582746400796,2.8013981329298723,1.0,0.0,0.9804841750435145
1372,1767153474301,14.429429272016197,16.053085087610157,16.288724455454616,16.288724455454616,16.288724455454616,0.9672480821609497,0.9633877492736738,ok,True,True,-26.53014868709372,1.6236558155939598,1.0,0.0,0.9804841750435145
1373,1767153474336,14.067870070440991,14.861956077308658,14.922494745101773,14.922494745101773,14.922494745101773,0.9510871171951294,0.9560073700265472,ok,True,True,-27.19184342973872,0.7940860068676674,1.0,0.0,0.9804841750435145
1374,1767153474371,14.326937017462942,14.540944641401229,14.482368618000883,14.482368618000883,14.482368618000883,0.9614987969398499,0.9593022261745288,ok,True,True,-26.551600620605296,0.21400762393828643,1.0,0.0,0.9804841750435145
1375,1767153474415,18.0858676093692,16.66789842218201,16.325201699303996,16.325201699303996,16.325201699303996,0.9593179225921631,0.9593116440251094,ok,True,True,-22.805885227181314,1.4179691871871896,1.0,0.0,0.9804841750435145
1376,1767153474452,22.822138546648382,20.360442496861832,19.82524105455156,19.82524105455156,19.82524105455156,0.9659277200698853,0.9632812896519749,ok,True,True,-16.956070661671433,2.46169604978655,1.0,0.0,0.9804841750435145
1377,1767153474485,28.429682731348354,25.201986637553745,24.53882723717741,24.53882723717741,24.53882723717741,0.9500243067741394,0.9553270999252735,ok,True,True,-9.707660599788063,3.2276960937946093,1.0,0.0,0.9804841750435145
1378,1767153474517,35.46791142936304,31.361541512639324,30.56396838739393,30.56396838739393,30.56396838739393,0.945574939250946,0.9494758035206771,ok,True,True,-0.9900927528484544,4.106369916723718,1.0,0.0,0.9804841750435145
1379,1767153474552,43.06680431266226,38.38469919265309,37.508172249659765,37.508172249659765,37.508172249659765,0.9340463280677795,0.9402181182489385,ok,True,True,8.590449586593975,4.682105120009176,1.0,0.0,0.9804841750435145
1380,1767153474595,49.82843668685988,45.25094168917717,44.41875739370054,44.41875739370054,44.41875739370054,0.9339585304260254,0.9364623655551907,ok,True,True,17.68632158546945,4.577494997682713,1.0,0.0,0.9804841750435145
1381,1767153474643,54.77359457483373,50.9645334205711,50.2997798304439,50.2997798304439,50.2997798304439,0.9520577192306519,0.9458195777604673,ok,True,True,24.952156328393592,3.809061154262629,1.0,0.0,0.9804841750435145
1382,1767153474680,57.32896965066017,54.783195158624544,54.37564466988103,54.37564466988103,54.37564466988103,0.9562491774559021,0.9520773375777283,ok,True,True,29.406730992731568,2.5457744920356262,1.0,0.0,0.9804841750435145
1383,1767153474713,58.32642567432258,56.909133468043365,56.73577922127827,56.73577922127827,56.73577922127827,0.8882195949554443,0.9137626920043579,ok,True,True,31.30151325143025,1.417292206279214,1.0,0.0,0.9804841750435145
1384,1767153474773,58.00151149125416,57.56456028196984,57.58851131769872,57.58851131769872,57.58851131769872,0.9321358799934387,0.9247866047978064,ok,True,True,31.039725620475775,0.43695120928432374,1.0,0.0,0.9804841750435145
1385,1767153474808,49.933538232254115,52.9859470521404,53.61509706461325,53.61509706461325,53.61509706461325,0.9287039637565613,0.9271370201730593,ok,True,True,24.163042159072162,3.0524088198862884,1.0,0.0,0.9804841750435145
1386,1767153474844,43.889903384248065,47.528320851405,48.29753568288491,48.29753568288491,48.29753568288491,0.9006661176681519,0.9112544786701149,ok,True,True,15.75543379057901,3.638417467156934,1.0,0.0,0.9804841750435145
1387,1767153474888,39.12670617474425,42.48735204540855,43.19441928017865,43.19441928017865,43.19441928017865,0.9658350944519043,0.9440028481391886,ok,True,True,8.027105946583703,3.3606458706642997,1.0,0.0,0.9804841750435145
1388,1767153474928,24.111576514350993,31.46188672677402,32.80117495813069,32.80117495813069,32.80117495813069,0.9632035493850708,0.9555232688867179,ok,True,True,-6.6114715755304445,7.350310212423025,1.0,0.0,0.9804841750435145
1389,1767153474964,19.888042721997476,24.517580323908092,25.417486390938517,25.417486390938517,25.417486390938517,0.9646061062812805,0.9609729713234555,ok,True,True,-16.447550484027538,4.6295376019106165,1.0,0.0,0.9804841750435145
1390,1767153475000,15.04448625139549,18.833723880400534,19.507325497746685,19.507325497746685,19.507325497746685,0.9541215300559998,0.956862106562982,ok,True,True,-23.81009520269096,3.7892376290050436,1.0,0.0,0.9804841750435145
1391,1767153475036,11.463108130745535,14.411354430607535,14.89151876923029,14.89151876923029,14.89151876923029,0.9610212445259094,0.9593575893407384,ok,True,True,-29.058347766788927,2.9482462998619994,1.0,0.0,0.9804841750435145
1392,1767153475071,10.668222734794899,12.165475413119953,12.36161604020448,12.36161604020448,12.36161604020448,0.9632075428962708,0.9616675614740579,ok,True,True,-31.202187836155044,1.4972526783250544,1.0,0.0,0.9804841750435145
1393,1767153475105,10.872873898375467,11.38991450427326,11.38228381956307,11.38228381956307,11.38228381956307,0.9625356197357178,0.9621883964310538,ok,True,True,-31.118783556880675,0.5170406058977939,1.0,0.0,0.9804841750435145
1394,1767153475137,8.528535277152336,9.673086968000707,9.7480757599524,9.7480757599524,9.7480757599524,0.9642767906188965,0.9634414329437595,ok,True,True,-31.938419852170586,1.1445516908483704,1.0,0.0,0.9804841750435145
1395,1767153475169,4.80207713734196,6.750481069605458,6.966214080414097,6.966214080414097,6.966214080414097,0.9700239896774292,0.9673909669839613,ok,True,True,-34.29640697463065,1.9484039322634983,1.0,0.0,0.9804841750435145
1396,1767153475204,-0.26220005012556286,2.5428723977668457,2.9089556784798325,2.9089556784798325,2.9089556784798325,0.963127076625824,0.9648326327690789,ok,True,True,-38.29774018939237,2.8050724478924085,1.0,0.0,0.9804841750435145
1397,1767153475238,-8.985691538550041,-4.3742659640232855,-3.7038875980015806,-3.7038875980015806,-3.7038875980015806,0.9670820832252502,0.9661823030427817,ok,True,True,-45.62505439286014,4.611425574526756,1.0,0.0,0.9804841750435145
1398,1767153475269,-21.40381816373093,-14.591997283847872,-13.546549523091732,-13.546549523091732,-13.546549523091732,0.9759435653686523,0.9720390604383041,ok,True,True,-57.05192109178342,6.811820879883056,1.0,0.0,0.9804841750435145
1399,1767153475299,-36.61530558091283,-27.805982262086847,-26.42678366304976,-26.42678366304976,-26.42678366304976,0.9823475480079651,0.9782241529801007,ok,True,True,-72.12672361576591,8.809323318825985,1.0,0.0,0.9804841750435145
1400,1767153475330,-52.35296454244944,-42.5341716303044,-41.00481088630638,-41.00481088630638,-41.00481088630638,0.9882280826568604,0.9842265107861565,invalid,True,True,-88.84281600434379,9.818792912145042,1.0,0.0,0.9804841750435145
1401,1767153475364,-70.23967912037487,-59.15747612434669,-57.462036781451246,-57.462036781451246,-57.462036781451246,0.9914473295211792,0.9885590020271702,invalid,True,True,-107.37416696669501,11.082202996028187,1.0,0.0,0.9804841750435145
1402,1767153475411,-89.54427027188127,-77.38955261286743,-75.56496916715051,-75.56496916715051,-75.56496916715051,0.9913524985313416,0.990235099929673,invalid,True,True,-127.31707812677992,12.15471765901384,1.0,0.0,0.9804841750435145
1403,1767153475455,-109.68842086715091,-96.76887356543752,-94.87602887262855,-94.87602887262855,-94.87602887262855,0.9599629640579224,0.9720718184066226,invalid,True,True,-148.0060927274221,12.919547301713393,1.0,0.0,0.9804841750435145
1404,1767153475498,-132.3433587004842,-118.11356464646552,-116.07072122894998,-116.07072122894998,-116.07072122894998,0.9841143488883972,0.9792973366956874,invalid,True,True,-170.33461099010367,14.229794054018683,1.0,0.0,0.9804841750435145
1405,1767153475516,-136.12002269963682,-128.9174394783683,-128.11734461540476,-128.11734461540476,-128.11734461540476,0.5275344848632812,0.7082396255962438,invalid,True,True,-179.07974172620558,7.202583221268526,1.0,0.0,0.9804841750435145
1406,1767153475561,-144.16038287968203,-138.06320551915655,-137.61939864374395,-137.61939864374395,-137.61939864374395,0.7226625680923462,0.7168933910939053,invalid,True,True,-183.93060295119653,6.097177360525478,1.0,0.0,0.9804841750435145
1407,1767153475585,-191.23618376986508,-169.96699246958167,-167.04105513500878,-167.04105513500878,-167.04105513500878,0.9702449440956116,0.8689043228949291,invalid,True,True,-215.91144135041526,21.26919130028341,1.0,0.0,0.9804841750435145
1408,1767153475609,-246.31801025092153,-215.7776031383856,-211.14152921617296,-211.14152921617296,-211.14152921617296,0.9648990631103516,0.9265011670241826,invalid,True,True,-266.58427332162955,30.540407112535945,1.0,0.0,0.9804841750435145
1409,1767153475654,-268.3359046685051,-247.3125840564573,-244.26741329232172,-244.26741329232172,-244.26741329232172,0.9577564001083374,0.9452543068746755,invalid,True,True,-299.8683470969354,21.023320612047826,1.0,0.0,0.9804841750435145
1410,1767153475677,0.0,0.0,0.0,0.0,-244.26741329232172,0.0,0.3781017227498702,ok,False,False,-299.8683470969354,0.0,1.0,0.0,0.9804841750435145
1411,1767153475707,0.0,0.0,0.0,0.0,-244.26741329232172,0.0,0.1512406890999481,soft,False,False,-299.8683470969354,0.0,1.0,0.0,0.9804841750435145
1412,1767153475735,0.0,0.0,0.0,0.0,-244.26741329232172,0.0,0.06049627563997924,hard,False,False,-299.8683470969354,0.0,1.0,0.0,0.9804841750435145
1413,1767153475761,0.0,0.0,0.0,0.0,-244.26741329232172,0.0,0.024198510255991696,hard,False,False,-299.8683470969354,0.0,1.0,0.0,0.9804841750435145
1414,1767153475812,0.0,0.0,0.0,0.0,-244.26741329232172,0.0,0.009679404102396679,hard,False,False,-299.8683470969354,0.0,1.0,0.0,0.9804841750435145
1415,1767153475840,0.0,0.0,0.0,0.0,-244.26741329232172,0.0,0.0038717616409586716,hard,False,False,-299.8683470969354,0.0,1.0,0.0,0.9804841750435145
1416,1767153475866,0.0,0.0,0.0,0.0,-244.26741329232172,0.0,0.0015487046563834688,hard,False,False,-299.8683470969354,0.0,1.0,0.0,0.9804841750435145
1417,1767153475892,0.0,0.0,0.0,0.0,-244.26741329232172,0.0,0.0006194818625533875,hard,False,False,-299.8683470969354,0.0,1.0,0.0,0.9804841750435145
1418,1767153475917,0.0,0.0,0.0,0.0,-244.26741329232172,0.0,0.00024779274502135504,hard,False,False,-299.8683470969354,0.0,1.0,0.0,0.9804841750435145
1419,1767153475946,0.0,0.0,0.0,0.0,-244.26741329232172,0.0,9.911709800854202e-05,hard,False,False,-299.8683470969354,0.0,1.0,0.0,0.9804841750435145
1420,1767153475977,0.0,0.0,0.0,0.0,-244.26741329232172,0.0,3.964683920341681e-05,hard,False,False,-299.8683470969354,0.0,1.0,0.0,0.9804841750435145
1421,1767153476010,0.0,0.0,0.0,0.0,-244.26741329232172,0.0,1.5858735681366723e-05,hard,False,False,-299.8683470969354,0.0,1.0,0.0,0.9804841750435145
1422,1767153476043,0.0,0.0,0.0,0.0,-244.26741329232172,0.0,6.343494272546689e-06,hard,False,False,-299.8683470969354,0.0,1.0,0.0,0.9804841750435145
1423,1767153476077,0.0,0.0,0.0,0.0,-244.26741329232172,0.0,2.537397709018676e-06,hard,False,False,-299.8683470969354,0.0,1.0,0.0,0.9804841750435145
1424,1767153476110,0.0,0.0,0.0,0.0,-244.26741329232172,0.0,1.0149590836074704e-06,hard,False,False,-299.8683470969354,0.0,1.0,0.0,0.9804841750435145
1425,1767153476144,0.0,0.0,0.0,0.0,-244.26741329232172,0.0,4.0598363344298816e-07,hard,False,False,-299.8683470969354,0.0,1.0,0.0,0.9804841750435145
1426,1767153476177,0.0,0.0,0.0,0.0,-244.26741329232172,0.0,1.6239345337719528e-07,hard,False,False,-299.8683470969354,0.0,1.0,0.0,0.9804841750435145
1427,1767153476210,0.0,0.0,0.0,0.0,-244.26741329232172,0.0,6.495738135087811e-08,hard,False,False,-299.8683470969354,0.0,1.0,0.0,0.9804841750435145
1428,1767153476244,0.0,0.0,0.0,0.0,-244.26741329232172,0.0,2.5982952540351248e-08,hard,False,False,-299.8683470969354,0.0,1.0,0.0,0.9804841750435145
1429,1767153476277,0.0,0.0,0.0,0.0,-244.26741329232172,0.0,1.03931810161405e-08,hard,False,False,-299.8683470969354,0.0,1.0,0.0,0.9804841750435145
1430,1767153476310,0.0,0.0,0.0,0.0,-244.26741329232172,0.0,4.1572724064562e-09,hard,False,False,-299.8683470969354,0.0,1.0,0.0,0.9804841750435145
1431,1767153476346,0.0,0.0,0.0,0.0,-244.26741329232172,0.0,1.66290896258248e-09,hard,False,False,-299.8683470969354,0.0,1.0,0.0,0.9804841750435145
1432,1767153476377,0.0,0.0,0.0,0.0,-244.26741329232172,0.0,6.65163585032992e-10,hard,False,False,-299.8683470969354,0.0,1.0,0.0,0.9804841750435145
1433,1767153476410,0.0,0.0,0.0,0.0,-244.26741329232172,0.0,2.660654340131968e-10,hard,False,False,-299.8683470969354,0.0,1.0,0.0,0.9804841750435145
1434,1767153476445,0.0,0.0,0.0,0.0,-244.26741329232172,0.0,1.0642617360527873e-10,hard,False,False,-299.8683470969354,0.0,1.0,0.0,0.9804841750435145
1435,1767153476477,0.0,0.0,0.0,0.0,-244.26741329232172,0.0,4.2570469442111494e-11,hard,False,False,-299.8683470969354,0.0,1.0,0.0,0.9804841750435145
1436,1767153476510,0.0,0.0,0.0,0.0,-244.26741329232172,0.0,1.70281877768446e-11,hard,False,False,-299.8683470969354,0.0,1.0,0.0,0.9804841750435145
1437,1767153476543,0.0,0.0,0.0,0.0,-244.26741329232172,0.0,6.81127511073784e-12,hard,False,False,-299.8683470969354,0.0,1.0,0.0,0.9804841750435145
1438,1767153476576,0.0,0.0,0.0,0.0,-244.26741329232172,0.0,2.724510044295136e-12,hard,False,False,-299.8683470969354,0.0,1.0,0.0,0.9804841750435145
1439,1767153476610,0.0,0.0,0.0,0.0,-244.26741329232172,0.0,1.0898040177180546e-12,hard,False,False,-299.8683470969354,0.0,1.0,0.0,0.9804841750435145
1440,1767153476799,0.0,0.0,0.0,0.0,-244.26741329232172,0.0,4.3592160708722183e-13,hard,False,False,-299.8683470969354,0.0,1.0,0.0,0.9804841750435145
1441,1767153476818,0.0,0.0,0.0,0.0,-244.26741329232172,0.0,1.7436864283488875e-13,hard,False,False,-299.8683470969354,0.0,1.0,0.0,0.9804841750435145
1442,1767153476836,0.0,0.0,0.0,0.0,-244.26741329232172,0.0,6.97474571339555e-14,hard,False,False,-299.8683470969354,0.0,1.0,0.0,0.9804841750435145
1443,1767153476855,0.0,0.0,0.0,0.0,-244.26741329232172,0.0,2.7898982853582203e-14,hard,False,False,-299.8683470969354,0.0,1.0,0.0,0.9804841750435145
1444,1767153476875,0.0,0.0,0.0,0.0,-244.26741329232172,0.0,1.1159593141432881e-14,hard,False,False,-299.8683470969354,0.0,1.0,0.0,0.9804841750435145
1445,1767153476895,0.0,0.0,0.0,0.0,-244.26741329232172,0.0,4.463837256573153e-15,hard,False,False,-299.8683470969354,0.0,1.0,0.0,0.9804841750435145
1446,1767153476915,0.0,0.0,0.0,0.0,-244.26741329232172,0.0,1.785534902629261e-15,hard,False,False,-299.8683470969354,0.0,1.0,0.0,0.9804841750435145
1447,1767153476936,0.0,0.0,0.0,0.0,-244.26741329232172,0.0,7.142139610517045e-16,hard,False,False,-299.8683470969354,0.0,1.0,0.0,0.9804841750435145
1448,1767153476958,0.0,0.0,0.0,0.0,-244.26741329232172,0.0,2.856855844206818e-16,hard,False,False,-299.8683470969354,0.0,1.0,0.0,0.9804841750435145
1449,1767153476979,0.0,0.0,0.0,0.0,-244.26741329232172,0.0,1.1427423376827274e-16,hard,False,False,-299.8683470969354,0.0,1.0,0.0,0.9804841750435145
1450,1767153477010,0.0,0.0,0.0,0.0,-244.26741329232172,0.0,4.57096935073091e-17,hard,False,False,-299.8683470969354,0.0,1.0,0.0,0.9804841750435145
1451,1767153477043,0.0,0.0,0.0,0.0,-244.26741329232172,0.0,1.8283877402923643e-17,hard,False,False,-299.8683470969354,0.0,1.0,0.0,0.9804841750435145
1452,1767153477076,0.0,0.0,0.0,0.0,-244.26741329232172,0.0,7.313550961169458e-18,hard,False,False,-299.8683470969354,0.0,1.0,0.0,0.9804841750435145
1453,1767153477110,0.0,0.0,0.0,0.0,-244.26741329232172,0.0,2.925420384467783e-18,hard,False,False,-299.8683470969354,0.0,1.0,0.0,0.9804841750435145
1454,1767153477143,0.0,0.0,0.0,0.0,-244.26741329232172,0.0,1.1701681537871134e-18,hard,False,False,-299.8683470969354,0.0,1.0,0.0,0.9804841750435145
1455,1767153477252,0.0,0.0,0.0,0.0,-244.26741329232172,0.0,4.680672615148454e-19,hard,False,False,-299.8683470969354,0.0,1.0,0.0,0.9804841750435145
1456,1767153477273,0.0,0.0,0.0,0.0,-244.26741329232172,0.0,1.8722690460593817e-19,hard,False,False,-299.8683470969354,0.0,1.0,0.0,0.9804841750435145
1457,1767153477294,0.0,0.0,0.0,0.0,-244.26741329232172,0.0,7.489076184237527e-20,hard,False,False,-299.8683470969354,0.0,1.0,0.0,0.9804841750435145
1458,1767153477314,0.0,0.0,0.0,0.0,-244.26741329232172,0.0,2.995630473695011e-20,hard,False,False,-299.8683470969354,0.0,1.0,0.0,0.9804841750435145
1459,1767153477335,0.0,0.0,0.0,0.0,-244.26741329232172,0.0,1.1982521894780045e-20,hard,False,False,-299.8683470969354,0.0,1.0,0.0,0.9804841750435145
1460,1767153477354,0.0,0.0,0.0,0.0,-244.26741329232172,0.0,4.793008757912018e-21,hard,False,False,-299.8683470969354,0.0,1.0,0.0,0.9804841750435145
1461,1767153477376,0.0,0.0,0.0,0.0,-244.26741329232172,0.0,1.9172035031648074e-21,hard,False,False,-299.8683470969354,0.0,1.0,0.0,0.9804841750435145
1462,1767153477410,0.0,0.0,0.0,0.0,-244.26741329232172,0.0,7.66881401265923e-22,hard,False,False,-299.8683470969354,0.0,1.0,0.0,0.9804841750435145
1463,1767153477444,0.0,0.0,0.0,0.0,-244.26741329232172,0.0,3.067525605063692e-22,hard,False,False,-299.8683470969354,0.0,1.0,0.0,0.9804841750435145
1464,1767153477476,0.0,0.0,0.0,0.0,-244.26741329232172,0.0,1.2270102420254768e-22,hard,False,False,-299.8683470969354,0.0,1.0,0.0,0.9804841750435145
1465,1767153477510,0.0,0.0,0.0,0.0,-244.26741329232172,0.0,4.908040968101907e-23,hard,False,False,-299.8683470969354,0.0,1.0,0.0,0.9804841750435145
1466,1767153477543,0.0,0.0,0.0,0.0,-244.26741329232172,0.0,1.963216387240763e-23,hard,False,False,-299.8683470969354,0.0,1.0,0.0,0.9804841750435145
1467,1767153477576,0.0,0.0,0.0,0.0,-244.26741329232172,0.0,7.852865548963052e-24,hard,False,False,-299.8683470969354,0.0,1.0,0.0,0.9804841750435145
1468,1767153477610,0.0,0.0,0.0,0.0,-244.26741329232172,0.0,3.141146219585221e-24,hard,False,False,-299.8683470969354,0.0,1.0,0.0,0.9804841750435145
1469,1767153477643,0.0,0.0,0.0,0.0,-244.26741329232172,0.0,1.2564584878340884e-24,hard,False,False,-299.8683470969354,0.0,1.0,0.0,0.9804841750435145
1470,1767153477681,0.0,0.0,0.0,0.0,-244.26741329232172,0.0,5.025833951336354e-25,hard,False,False,-299.8683470969354,0.0,1.0,0.0,0.9804841750435145
1471,1767153477711,0.0,0.0,0.0,0.0,-244.26741329232172,0.0,2.0103335805345417e-25,hard,False,False,-299.8683470969354,0.0,1.0,0.0,0.9804841750435145
1472,1767153477743,0.0,0.0,0.0,0.0,-244.26741329232172,0.0,8.041334322138167e-26,hard,False,False,-299.8683470969354,0.0,1.0,0.0,0.9804841750435145
1473,1767153477776,0.0,0.0,0.0,0.0,-244.26741329232172,0.0,3.216533728855267e-26,hard,False,False,-299.8683470969354,0.0,1.0,0.0,0.9804841750435145
1474,1767153477810,0.0,0.0,0.0,0.0,-244.26741329232172,0.0,1.2866134915421068e-26,hard,False,False,-299.8683470969354,0.0,1.0,0.0,0.9804841750435145
1475,1767153477843,0.0,0.0,0.0,0.0,-244.26741329232172,0.0,5.1464539661684274e-27,hard,False,False,-299.8683470969354,0.0,1.0,0.0,0.9804841750435145
1476,1767153477877,0.0,0.0,0.0,0.0,-244.26741329232172,0.0,2.058581586467371e-27,hard,False,False,-299.8683470969354,0.0,1.0,0.0,0.9804841750435145
1477,1767153477910,0.0,0.0,0.0,0.0,-244.26741329232172,0.0,8.234326345869485e-28,hard,False,False,-299.8683470969354,0.0,1.0,0.0,0.9804841750435145
1478,1767153477943,0.0,0.0,0.0,0.0,-244.26741329232172,0.0,3.293730538347794e-28,hard,False,False,-299.8683470969354,0.0,1.0,0.0,0.9804841750435145
1479,1767153477977,0.0,0.0,0.0,0.0,-244.26741329232172,0.0,1.3174922153391176e-28,hard,False,False,-299.8683470969354,0.0,1.0,0.0,0.9804841750435145
1480,1767153478010,0.0,0.0,0.0,0.0,-244.26741329232172,0.0,5.26996886135647e-29,hard,False,False,-299.8683470969354,0.0,1.0,0.0,0.9804841750435145
1481,1767153478043,0.0,0.0,0.0,0.0,-244.26741329232172,0.0,2.1079875445425882e-29,hard,False,False,-299.8683470969354,0.0,1.0,0.0,0.9804841750435145
1482,1767153478077,0.0,0.0,0.0,0.0,-244.26741329232172,0.0,8.431950178170353e-30,hard,False,False,-299.8683470969354,0.0,1.0,0.0,0.9804841750435145
1483,1767153478110,0.0,0.0,0.0,0.0,-244.26741329232172,0.0,3.3727800712681416e-30,hard,False,False,-299.8683470969354,0.0,1.0,0.0,0.9804841750435145
1484,1767153478143,0.0,0.0,0.0,0.0,-244.26741329232172,0.0,1.3491120285072567e-30,hard,False,False,-299.8683470969354,0.0,1.0,0.0,0.9804841750435145
1485,1767153478176,0.0,0.0,0.0,0.0,-244.26741329232172,0.0,5.396448114029027e-31,hard,False,False,-299.8683470969354,0.0,1.0,0.0,0.9804841750435145
1486,1767153478210,0.0,0.0,0.0,0.0,-244.26741329232172,0.0,2.158579245611611e-31,hard,False,False,-299.8683470969354,0.0,1.0,0.0,0.9804841750435145
1487,1767153478243,0.0,0.0,0.0,0.0,-244.26741329232172,0.0,8.634316982446444e-32,hard,False,False,-299.8683470969354,0.0,1.0,0.0,0.9804841750435145
1488,1767153478276,0.0,0.0,0.0,0.0,-244.26741329232172,0.0,3.453726792978578e-32,hard,False,False,-299.8683470969354,0.0,1.0,0.0,0.9804841750435145
1489,1767153478309,0.0,0.0,0.0,0.0,-244.26741329232172,0.0,1.3814907171914312e-32,hard,False,False,-299.8683470969354,0.0,1.0,0.0,0.9804841750435145
1490,1767153478345,0.0,0.0,0.0,0.0,-244.26741329232172,0.0,5.525962868765725e-33,hard,False,False,-299.8683470969354,0.0,1.0,0.0,0.9804841750435145
1491,1767153478377,0.0,0.0,0.0,0.0,-244.26741329232172,0.0,2.21038514750629e-33,hard,False,False,-299.8683470969354,0.0,1.0,0.0,0.9804841750435145
1492,1767153478409,0.0,0.0,0.0,0.0,-244.26741329232172,0.0,8.841540590025159e-34,hard,False,False,-299.8683470969354,0.0,1.0,0.0,0.9804841750435145
1493,1767153478444,0.0,0.0,0.0,0.0,-244.26741329232172,0.0,3.5366162360100637e-34,hard,False,False,-299.8683470969354,0.0,1.0,0.0,0.9804841750435145
1494,1767153478476,0.0,0.0,0.0,0.0,-244.26741329232172,0.0,1.4146464944040255e-34,hard,False,False,-299.8683470969354,0.0,1.0,0.0,0.9804841750435145
1495,1767153478510,0.0,0.0,0.0,0.0,-244.26741329232172,0.0,5.658585977616103e-35,hard,False,False,-299.8683470969354,0.0,1.0,0.0,0.9804841750435145
1496,1767153478543,0.0,0.0,0.0,0.0,-244.26741329232172,0.0,2.263434391046441e-35,hard,False,False,-299.8683470969354,0.0,1.0,0.0,0.9804841750435145
1497,1767153478577,0.0,0.0,0.0,0.0,-244.26741329232172,0.0,9.053737564185765e-36,hard,False,False,-299.8683470969354,0.0,1.0,0.0,0.9804841750435145
1498,1767153478610,0.0,0.0,0.0,0.0,-244.26741329232172,0.0,3.621495025674306e-36,hard,False,False,-299.8683470969354,0.0,1.0,0.0,0.9804841750435145
1499,1767153478646,0.0,0.0,0.0,0.0,-244.26741329232172,0.0,1.4485980102697225e-36,hard,False,False,-299.8683470969354,0.0,1.0,0.0,0.9804841750435145
1500,1767153478681,0.0,0.0,0.0,0.0,-244.26741329232172,0.0,5.79439204107889e-37,hard,False,False,-299.8683470969354,0.0,1.0,0.0,0.9804841750435145
1501,1767153478709,0.0,0.0,0.0,0.0,-244.26741329232172,0.0,2.317756816431556e-37,hard,False,False,-299.8683470969354,0.0,1.0,0.0,0.9804841750435145
1502,1767153478743,0.0,0.0,0.0,0.0,-244.26741329232172,0.0,9.271027265726225e-38,hard,False,False,-299.8683470969354,0.0,1.0,0.0,0.9804841750435145
1503,1767153478777,0.0,0.0,0.0,0.0,-244.26741329232172,0.0,3.70841090629049e-38,hard,False,False,-299.8683470969354,0.0,1.0,0.0,0.9804841750435145
1504,1767153478844,0.0,0.0,0.0,0.0,-244.26741329232172,0.0,1.483364362516196e-38,hard,False,False,-299.8683470969354,0.0,1.0,0.0,0.9804841750435145
1505,1767153478876,0.0,0.0,0.0,0.0,-244.26741329232172,0.0,5.933457450064785e-39,hard,False,False,-299.8683470969354,0.0,1.0,0.0,0.9804841750435145
1506,1767153478909,0.0,0.0,0.0,0.0,-244.26741329232172,0.0,2.373382980025914e-39,hard,False,False,-299.8683470969354,0.0,1.0,0.0,0.9804841750435145
1507,1767153478943,0.0,0.0,0.0,0.0,-244.26741329232172,0.0,9.493531920103656e-40,hard,False,False,-299.8683470969354,0.0,1.0,0.0,0.9804841750435145
1508,1767153478976,0.0,0.0,0.0,0.0,-244.26741329232172,0.0,3.797412768041463e-40,hard,False,False,-299.8683470969354,0.0,1.0,0.0,0.9804841750435145
1509,1767153479015,0.0,0.0,0.0,0.0,-244.26741329232172,0.0,1.5189651072165853e-40,hard,False,False,-299.8683470969354,0.0,1.0,0.0,0.9804841750435145
1510,1767153479044,0.0,0.0,0.0,0.0,-244.26741329232172,0.0,6.075860428866341e-41,hard,False,False,-299.8683470969354,0.0,1.0,0.0,0.9804841750435145
1511,1767153479076,0.0,0.0,0.0,0.0,-244.26741329232172,0.0,2.4303441715465367e-41,hard,False,False,-299.8683470969354,0.0,1.0,0.0,0.9804841750435145
1512,1767153479110,0.0,0.0,0.0,0.0,-244.26741329232172,0.0,9.721376686186148e-42,hard,False,False,-299.8683470969354,0.0,1.0,0.0,0.9804841750435145
1513,1767153479147,0.0,0.0,0.0,0.0,-244.26741329232172,0.0,3.888550674474459e-42,hard,False,False,-299.8683470969354,0.0,1.0,0.0,0.9804841750435145
1514,1767153479176,0.0,0.0,0.0,0.0,-244.26741329232172,0.0,1.5554202697897836e-42,hard,False,False,-299.8683470969354,0.0,1.0,0.0,0.9804841750435145
1515,1767153479211,0.0,0.0,0.0,0.0,-244.26741329232172,0.0,6.2216810791591345e-43,hard,False,False,-299.8683470969354,0.0,1.0,0.0,0.9804841750435145
1516,1767153479243,0.0,0.0,0.0,0.0,-244.26741329232172,0.0,2.488672431663654e-43,hard,False,False,-299.8683470969354,0.0,1.0,0.0,0.9804841750435145
1517,1767153479277,0.0,0.0,0.0,0.0,-244.26741329232172,0.0,9.954689726654616e-44,hard,False,False,-299.8683470969354,0.0,1.0,0.0,0.9804841750435145
1518,1767153479310,0.0,0.0,0.0,0.0,-244.26741329232172,0.0,3.9818758906618466e-44,hard,False,False,-299.8683470969354,0.0,1.0,0.0,0.9804841750435145
1519,1767153479343,0.0,0.0,0.0,0.0,-244.26741329232172,0.0,1.5927503562647387e-44,hard,False,False,-299.8683470969354,0.0,1.0,0.0,0.9804841750435145
1520,1767153479376,0.0,0.0,0.0,0.0,-244.26741329232172,0.0,6.371001425058956e-45,hard,False,False,-299.8683470969354,0.0,1.0,0.0,0.9804841750435145
1521,1767153479409,0.0,0.0,0.0,0.0,-244.26741329232172,0.0,2.5484005700235824e-45,hard,False,False,-299.8683470969354,0.0,1.0,0.0,0.9804841750435145
1522,1767153479443,0.0,0.0,0.0,0.0,-244.26741329232172,0.0,1.019360228009433e-45,hard,False,False,-299.8683470969354,0.0,1.0,0.0,0.9804841750435145
1523,1767153479476,0.0,0.0,0.0,0.0,-244.26741329232172,0.0,4.0774409120377325e-46,hard,False,False,-299.8683470969354,0.0,1.0,0.0,0.9804841750435145
1524,1767153479510,0.0,0.0,0.0,0.0,-244.26741329232172,0.0,1.630976364815093e-46,hard,False,False,-299.8683470969354,0.0,1.0,0.0,0.9804841750435145
1525,1767153479543,0.0,0.0,0.0,0.0,-244.26741329232172,0.0,6.523905459260372e-47,hard,False,False,-299.8683470969354,0.0,1.0,0.0,0.9804841750435145
1526,1767153479576,0.0,0.0,0.0,0.0,-244.26741329232172,0.0,2.609562183704149e-47,hard,False,False,-299.8683470969354,0.0,1.0,0.0,0.9804841750435145
1527,1767153479609,0.0,0.0,0.0,0.0,-244.26741329232172,0.0,1.0438248734816596e-47,hard,False,False,-299.8683470969354,0.0,1.0,0.0,0.9804841750435145
1528,1767153479643,0.0,0.0,0.0,0.0,-244.26741329232172,0.0,4.1752994939266386e-48,hard,False,False,-299.8683470969354,0.0,1.0,0.0,0.9804841750435145
1529,1767153479676,0.0,0.0,0.0,0.0,-244.26741329232172,0.0,1.6701197975706557e-48,hard,False,False,-299.8683470969354,0.0,1.0,0.0,0.9804841750435145
1530,1767153479710,0.0,0.0,0.0,0.0,-244.26741329232172,0.0,6.680479190282623e-49,hard,False,False,-299.8683470969354,0.0,1.0,0.0,0.9804841750435145
1531,1767153479743,0.0,0.0,0.0,0.0,-244.26741329232172,0.0,2.6721916761130494e-49,hard,False,False,-299.8683470969354,0.0,1.0,0.0,0.9804841750435145
1532,1767153479776,0.0,0.0,0.0,0.0,-244.26741329232172,0.0,1.06887667044522e-49,hard,False,False,-299.8683470969354,0.0,1.0,0.0,0.9804841750435145
1533,1767153479810,0.0,0.0,0.0,0.0,-244.26741329232172,0.0,4.27550668178088e-50,hard,False,False,-299.8683470969354,0.0,1.0,0.0,0.9804841750435145
1534,1767153479844,0.0,0.0,0.0,0.0,-244.26741329232172,0.0,1.7102026727123521e-50,hard,False,False,-299.8683470969354,0.0,1.0,0.0,0.9804841750435145
1535,1767153479876,0.0,0.0,0.0,0.0,-244.26741329232172,0.0,6.840810690849409e-51,hard,False,False,-299.8683470969354,0.0,1.0,0.0,0.9804841750435145
1536,1767153479909,0.0,0.0,0.0,0.0,-244.26741329232172,0.0,2.736324276339764e-51,hard,False,False,-299.8683470969354,0.0,1.0,0.0,0.9804841750435145
1537,1767153479943,0.0,0.0,0.0,0.0,-244.26741329232172,0.0,1.0945297105359055e-51,hard,False,False,-299.8683470969354,0.0,1.0,0.0,0.9804841750435145
1538,1767153479977,0.0,0.0,0.0,0.0,-244.26741329232172,0.0,4.378118842143622e-52,hard,False,False,-299.8683470969354,0.0,1.0,0.0,0.9804841750435145
1539,1767153480010,0.0,0.0,0.0,0.0,-244.26741329232172,0.0,1.751247536857449e-52,hard,False,False,-299.8683470969354,0.0,1.0,0.0,0.9804841750435145
1540,1767153480050,0.0,0.0,0.0,0.0,-244.26741329232172,0.0,7.004990147429796e-53,hard,False,False,-299.8683470969354,0.0,1.0,0.0,0.9804841750435145
1541,1767153480077,0.0,0.0,0.0,0.0,-244.26741329232172,0.0,2.8019960589719184e-53,hard,False,False,-299.8683470969354,0.0,1.0,0.0,0.9804841750435145
1542,1767153480116,0.0,0.0,0.0,0.0,-244.26741329232172,0.0,1.1207984235887674e-53,hard,False,False,-299.8683470969354,0.0,1.0,0.0,0.9804841750435145
1543,1767153480152,0.0,0.0,0.0,0.0,-244.26741329232172,0.0,4.48319369435507e-54,hard,False,False,-299.8683470969354,0.0,1.0,0.0,0.9804841750435145
1544,1767153480196,0.0,0.0,0.0,0.0,-244.26741329232172,0.0,1.7932774777420282e-54,hard,False,False,-299.8683470969354,0.0,1.0,0.0,0.9804841750435145
1545,1767153480229,0.0,0.0,0.0,0.0,-244.26741329232172,0.0,7.173109910968113e-55,hard,False,False,-299.8683470969354,0.0,1.0,0.0,0.9804841750435145
1546,1767153480257,0.0,0.0,0.0,0.0,-244.26741329232172,0.0,2.8692439643872453e-55,hard,False,False,-299.8683470969354,0.0,1.0,0.0,0.9804841750435145
1547,1767153480281,0.0,0.0,0.0,0.0,-244.26741329232172,0.0,1.1476975857548982e-55,hard,False,False,-299.8683470969354,0.0,1.0,0.0,0.9804841750435145
1548,1767153480309,0.0,0.0,0.0,0.0,-244.26741329232172,0.0,4.590790343019593e-56,hard,False,False,-299.8683470969354,0.0,1.0,0.0,0.9804841750435145
1549,1767153480343,0.0,0.0,0.0,0.0,-244.26741329232172,0.0,1.8363161372078372e-56,hard,False,False,-299.8683470969354,0.0,1.0,0.0,0.9804841750435145
1550,1767153480376,0.0,0.0,0.0,0.0,-244.26741329232172,0.0,7.345264548831349e-57,hard,False,False,-299.8683470969354,0.0,1.0,0.0,0.9804841750435145
1551,1767153480410,0.0,0.0,0.0,0.0,-244.26741329232172,0.0,2.9381058195325396e-57,hard,False,False,-299.8683470969354,0.0,1.0,0.0,0.9804841750435145
1552,1767153480443,0.0,0.0,0.0,0.0,-244.26741329232172,0.0,1.175242327813016e-57,hard,False,False,-299.8683470969354,0.0,1.0,0.0,0.9804841750435145
1553,1767153480476,0.0,0.0,0.0,0.0,-244.26741329232172,0.0,4.700969311252064e-58,hard,False,False,-299.8683470969354,0.0,1.0,0.0,0.9804841750435145
1554,1767153480510,0.0,0.0,0.0,0.0,-244.26741329232172,0.0,1.880387724500826e-58,hard,False,False,-299.8683470969354,0.0,1.0,0.0,0.9804841750435145
1555,1767153480543,0.0,0.0,0.0,0.0,-244.26741329232172,0.0,7.521550898003304e-59,hard,False,False,-299.8683470969354,0.0,1.0,0.0,0.9804841750435145
1556,1767153480576,0.0,0.0,0.0,0.0,-244.26741329232172,0.0,3.008620359201322e-59,hard,False,False,-299.8683470969354,0.0,1.0,0.0,0.9804841750435145
1557,1767153480610,0.0,0.0,0.0,0.0,-244.26741329232172,0.0,1.2034481436805287e-59,hard,False,False,-299.8683470969354,0.0,1.0,0.0,0.9804841750435145
1558,1767153480647,0.0,0.0,0.0,0.0,-244.26741329232172,0.0,4.813792574722115e-60,hard,False,False,-299.8683470969354,0.0,1.0,0.0,0.9804841750435145
1559,1767153480689,0.0,0.0,0.0,0.0,-244.26741329232172,0.0,1.9255170298888462e-60,hard,False,False,-299.8683470969354,0.0,1.0,0.0,0.9804841750435145
1560,1767153480730,0.0,0.0,0.0,0.0,-244.26741329232172,0.0,7.702068119555385e-61,hard,False,False,-299.8683470969354,0.0,1.0,0.0,0.9804841750435145
1561,1767153480762,0.0,0.0,0.0,0.0,-244.26741329232172,0.0,3.080827247822154e-61,hard,False,False,-299.8683470969354,0.0,1.0,0.0,0.9804841750435145
1562,1767153480790,0.0,0.0,0.0,0.0,-244.26741329232172,0.0,1.2323308991288617e-61,hard,False,False,-299.8683470969354,0.0,1.0,0.0,0.9804841750435145
1563,1767153480819,0.0,0.0,0.0,0.0,-244.26741329232172,0.0,4.929323596515447e-62,hard,False,False,-299.8683470969354,0.0,1.0,0.0,0.9804841750435145
1564,1767153480846,0.0,0.0,0.0,0.0,-244.26741329232172,0.0,1.971729438606179e-62,hard,False,False,-299.8683470969354,0.0,1.0,0.0,0.9804841750435145
1565,1767153480876,0.0,0.0,0.0,0.0,-244.26741329232172,0.0,7.886917754424717e-63,hard,False,False,-299.8683470969354,0.0,1.0,0.0,0.9804841750435145
1566,1767153480909,0.0,0.0,0.0,0.0,-244.26741329232172,0.0,3.154767101769887e-63,hard,False,False,-299.8683470969354,0.0,1.0,0.0,0.9804841750435145
1567,1767153480943,0.0,0.0,0.0,0.0,-244.26741329232172,0.0,1.2619068407079548e-63,hard,False,False,-299.8683470969354,0.0,1.0,0.0,0.9804841750435145
1568,1767153480976,0.0,0.0,0.0,0.0,-244.26741329232172,0.0,5.047627362831819e-64,hard,False,False,-299.8683470969354,0.0,1.0,0.0,0.9804841750435145
1569,1767153481009,0.0,0.0,0.0,0.0,-244.26741329232172,0.0,2.0190509451327277e-64,hard,False,False,-299.8683470969354,0.0,1.0,0.0,0.9804841750435145
1570,1767153481043,0.0,0.0,0.0,0.0,-244.26741329232172,0.0,8.076203780530912e-65,hard,False,False,-299.8683470969354,0.0,1.0,0.0,0.9804841750435145
1571,1767153481076,0.0,0.0,0.0,0.0,-244.26741329232172,0.0,3.230481512212365e-65,hard,False,False,-299.8683470969354,0.0,1.0,0.0,0.9804841750435145
1572,1767153481109,0.0,0.0,0.0,0.0,-244.26741329232172,0.0,1.292192604884946e-65,hard,False,False,-299.8683470969354,0.0,1.0,0.0,0.9804841750435145
1573,1767153481142,0.0,0.0,0.0,0.0,-244.26741329232172,0.0,5.168770419539785e-66,hard,False,False,-299.8683470969354,0.0,1.0,0.0,0.9804841750435145
1574,1767153481176,0.0,0.0,0.0,0.0,-244.26741329232172,0.0,2.067508167815914e-66,hard,False,False,-299.8683470969354,0.0,1.0,0.0,0.9804841750435145
1575,1767153481213,0.0,0.0,0.0,0.0,-244.26741329232172,0.0,8.270032671263657e-67,hard,False,False,-299.8683470969354,0.0,1.0,0.0,0.9804841750435145
1576,1767153481242,0.0,0.0,0.0,0.0,-244.26741329232172,0.0,3.308013068505463e-67,hard,False,False,-299.8683470969354,0.0,1.0,0.0,0.9804841750435145
1577,1767153481276,0.0,0.0,0.0,0.0,-244.26741329232172,0.0,1.3232052274021852e-67,hard,False,False,-299.8683470969354,0.0,1.0,0.0,0.9804841750435145
1578,1767153481309,0.0,0.0,0.0,0.0,-244.26741329232172,0.0,5.292820909608741e-68,hard,False,False,-299.8683470969354,0.0,1.0,0.0,0.9804841750435145
1579,1767153481342,0.0,0.0,0.0,0.0,-244.26741329232172,0.0,2.1171283638434967e-68,hard,False,False,-299.8683470969354,0.0,1.0,0.0,0.9804841750435145
1580,1767153481380,0.0,0.0,0.0,0.0,-244.26741329232172,0.0,8.468513455373987e-69,hard,False,False,-299.8683470969354,0.0,1.0,0.0,0.9804841750435145
1581,1767153481411,0.0,0.0,0.0,0.0,-244.26741329232172,0.0,3.387405382149595e-69,hard,False,False,-299.8683470969354,0.0,1.0,0.0,0.9804841750435145
1582,1767153481457,0.0,0.0,0.0,0.0,-244.26741329232172,0.0,1.354962152859838e-69,hard,False,False,-299.8683470969354,0.0,1.0,0.0,0.9804841750435145
1583,1767153481485,0.0,0.0,0.0,0.0,-244.26741329232172,0.0,5.4198486114393523e-70,hard,False,False,-299.8683470969354,0.0,1.0,0.0,0.9804841750435145
1584,1767153481543,0.0,0.0,0.0,0.0,-244.26741329232172,0.0,2.1679394445757412e-70,hard,False,False,-299.8683470969354,0.0,1.0,0.0,0.9804841750435145
1585,1767153481576,0.0,0.0,0.0,0.0,-244.26741329232172,0.0,8.671757778302966e-71,hard,False,False,-299.8683470969354,0.0,1.0,0.0,0.9804841750435145
1586,1767153481609,0.0,0.0,0.0,0.0,-244.26741329232172,0.0,3.4687031113211863e-71,hard,False,False,-299.8683470969354,0.0,1.0,0.0,0.9804841750435145
1587,1767153481642,0.0,0.0,0.0,0.0,-244.26741329232172,0.0,1.3874812445284747e-71,hard,False,False,-299.8683470969354,0.0,1.0,0.0,0.9804841750435145
1588,1767153481676,0.0,0.0,0.0,0.0,-244.26741329232172,0.0,5.549924978113899e-72,hard,False,False,-299.8683470969354,0.0,1.0,0.0,0.9804841750435145
1589,1767153481709,0.0,0.0,0.0,0.0,-244.26741329232172,0.0,2.2199699912455598e-72,hard,False,False,-299.8683470969354,0.0,1.0,0.0,0.9804841750435145
1590,1767153481743,0.0,0.0,0.0,0.0,-244.26741329232172,0.0,8.879879964982239e-73,hard,False,False,-299.8683470969354,0.0,1.0,0.0,0.9804841750435145
1591,1767153481776,0.0,0.0,0.0,0.0,-244.26741329232172,0.0,3.551951985992896e-73,hard,False,False,-299.8683470969354,0.0,1.0,0.0,0.9804841750435145
1592,1767153481809,0.0,0.0,0.0,0.0,-244.26741329232172,0.0,1.4207807943971584e-73,hard,False,False,-299.8683470969354,0.0,1.0,0.0,0.9804841750435145
1593,1767153481844,0.0,0.0,0.0,0.0,-244.26741329232172,0.0,5.683123177588634e-74,hard,False,False,-299.8683470969354,0.0,1.0,0.0,0.9804841750435145
1594,1767153481877,0.0,0.0,0.0,0.0,-244.26741329232172,0.0,2.2732492710354536e-74,hard,False,False,-299.8683470969354,0.0,1.0,0.0,0.9804841750435145
1595,1767153481910,0.0,0.0,0.0,0.0,-244.26741329232172,0.0,9.092997084141814e-75,hard,False,False,-299.8683470969354,0.0,1.0,0.0,0.9804841750435145
1596,1767153481942,0.0,0.0,0.0,0.0,-244.26741329232172,0.0,3.637198833656726e-75,hard,False,False,-299.8683470969354,0.0,1.0,0.0,0.9804841750435145
1597,1767153481976,0.0,0.0,0.0,0.0,-244.26741329232172,0.0,1.4548795334626906e-75,hard,False,False,-299.8683470969354,0.0,1.0,0.0,0.9804841750435145
1598,1767153482009,0.0,0.0,0.0,0.0,-244.26741329232172,0.0,5.819518133850763e-76,hard,False,False,-299.8683470969354,0.0,1.0,0.0,0.9804841750435145
1599,1767153482043,0.0,0.0,0.0,0.0,-244.26741329232172,0.0,2.3278072535403053e-76,hard,False,False,-299.8683470969354,0.0,1.0,0.0,0.9804841750435145
1600,1767153482076,0.0,0.0,0.0,0.0,-244.26741329232172,0.0,9.311229014161222e-77,hard,False,False,-299.8683470969354,0.0,1.0,0.0,0.9804841750435145
1601,1767153482110,0.0,0.0,0.0,0.0,-244.26741329232172,0.0,3.7244916056644894e-77,hard,False,False,-299.8683470969354,0.0,1.0,0.0,0.9804841750435145
1602,1767153482152,0.0,0.0,0.0,0.0,-244.26741329232172,0.0,1.4897966422657958e-77,hard,False,False,-299.8683470969354,0.0,1.0,0.0,0.9804841750435145
1603,1767153482197,0.0,0.0,0.0,0.0,-244.26741329232172,0.0,5.959186569063184e-78,hard,False,False,-299.8683470969354,0.0,1.0,0.0,0.9804841750435145
1604,1767153482230,0.0,0.0,0.0,0.0,-244.26741329232172,0.0,2.3836746276252735e-78,hard,False,False,-299.8683470969354,0.0,1.0,0.0,0.9804841750435145
1605,1767153482261,0.0,0.0,0.0,0.0,-244.26741329232172,0.0,9.534698510501094e-79,hard,False,False,-299.8683470969354,0.0,1.0,0.0,0.9804841750435145
1606,1767153482285,0.0,0.0,0.0,0.0,-244.26741329232172,0.0,3.813879404200438e-79,hard,False,False,-299.8683470969354,0.0,1.0,0.0,0.9804841750435145
1607,1767153482317,0.0,0.0,0.0,0.0,-244.26741329232172,0.0,1.525551761680175e-79,hard,False,False,-299.8683470969354,0.0,1.0,0.0,0.9804841750435145
1608,1767153482348,0.0,0.0,0.0,0.0,-244.26741329232172,0.0,6.102207046720701e-80,hard,False,False,-299.8683470969354,0.0,1.0,0.0,0.9804841750435145
1609,1767153482376,0.0,0.0,0.0,0.0,-244.26741329232172,0.0,2.4408828186882803e-80,hard,False,False,-299.8683470969354,0.0,1.0,0.0,0.9804841750435145
1610,1767153482409,0.0,0.0,0.0,0.0,-244.26741329232172,0.0,9.763531274753121e-81,hard,False,False,-299.8683470969354,0.0,1.0,0.0,0.9804841750435145
1611,1767153482442,0.0,0.0,0.0,0.0,-244.26741329232172,0.0,3.9054125099012486e-81,hard,False,False,-299.8683470969354,0.0,1.0,0.0,0.9804841750435145
1612,1767153482476,0.0,0.0,0.0,0.0,-244.26741329232172,0.0,1.5621650039604995e-81,hard,False,False,-299.8683470969354,0.0,1.0,0.0,0.9804841750435145
1613,1767153482509,0.0,0.0,0.0,0.0,-244.26741329232172,0.0,6.248660015841999e-82,hard,False,False,-299.8683470969354,0.0,1.0,0.0,0.9804841750435145
1614,1767153482542,0.0,0.0,0.0,0.0,-244.26741329232172,0.0,2.4994640063367995e-82,hard,False,False,-299.8683470969354,0.0,1.0,0.0,0.9804841750435145
1615,1767153482578,0.0,0.0,0.0,0.0,-244.26741329232172,0.0,9.997856025347199e-83,hard,False,False,-299.8683470969354,0.0,1.0,0.0,0.9804841750435145
1616,1767153482609,0.0,0.0,0.0,0.0,-244.26741329232172,0.0,3.9991424101388796e-83,hard,False,False,-299.8683470969354,0.0,1.0,0.0,0.9804841750435145
1617,1767153482642,0.0,0.0,0.0,0.0,-244.26741329232172,0.0,1.599656964055552e-83,hard,False,False,-299.8683470969354,0.0,1.0,0.0,0.9804841750435145
1618,1767153482676,0.0,0.0,0.0,0.0,-244.26741329232172,0.0,6.398627856222208e-84,hard,False,False,-299.8683470969354,0.0,1.0,0.0,0.9804841750435145
1619,1767153482743,0.0,0.0,0.0,0.0,-244.26741329232172,0.0,2.5594511424888833e-84,hard,False,False,-299.8683470969354,0.0,1.0,0.0,0.9804841750435145
1620,1767153482784,0.0,0.0,0.0,0.0,-244.26741329232172,0.0,1.0237804569955534e-84,hard,False,False,-299.8683470969354,0.0,1.0,0.0,0.9804841750435145
1621,1767153482815,0.0,0.0,0.0,0.0,-244.26741329232172,0.0,4.095121827982214e-85,hard,False,False,-299.8683470969354,0.0,1.0,0.0,0.9804841750435145
1622,1767153482843,0.0,0.0,0.0,0.0,-244.26741329232172,0.0,1.6380487311928858e-85,hard,False,False,-299.8683470969354,0.0,1.0,0.0,0.9804841750435145
1623,1767153482876,0.0,0.0,0.0,0.0,-244.26741329232172,0.0,6.552194924771544e-86,hard,False,False,-299.8683470969354,0.0,1.0,0.0,0.9804841750435145
1624,1767153483084,0.0,0.0,0.0,0.0,-244.26741329232172,0.0,2.6208779699086178e-86,hard,False,False,-299.8683470969354,0.0,1.0,0.0,0.9804841750435145
1625,1767153483104,0.0,0.0,0.0,0.0,-244.26741329232172,0.0,1.0483511879634471e-86,hard,False,False,-299.8683470969354,0.0,1.0,0.0,0.9804841750435145
1626,1767153483130,0.0,0.0,0.0,0.0,-244.26741329232172,0.0,4.193404751853788e-87,hard,False,False,-299.8683470969354,0.0,1.0,0.0,0.9804841750435145
1627,1767153483151,0.0,0.0,0.0,0.0,-244.26741329232172,0.0,1.6773619007415154e-87,hard,False,False,-299.8683470969354,0.0,1.0,0.0,0.9804841750435145
1628,1767153483170,0.0,0.0,0.0,0.0,-244.26741329232172,0.0,6.709447602966062e-88,hard,False,False,-299.8683470969354,0.0,1.0,0.0,0.9804841750435145
1629,1767153483194,0.0,0.0,0.0,0.0,-244.26741329232172,0.0,2.683779041186425e-88,hard,False,False,-299.8683470969354,0.0,1.0,0.0,0.9804841750435145
1630,1767153483219,0.0,0.0,0.0,0.0,-244.26741329232172,0.0,1.07351161647457e-88,hard,False,False,-299.8683470969354,0.0,1.0,0.0,0.9804841750435145
1631,1767153483239,0.0,0.0,0.0,0.0,-244.26741329232172,0.0,4.294046465898281e-89,hard,False,False,-299.8683470969354,0.0,1.0,0.0,0.9804841750435145
1632,1767153483262,0.0,0.0,0.0,0.0,-244.26741329232172,0.0,1.7176185863593125e-89,hard,False,False,-299.8683470969354,0.0,1.0,0.0,0.9804841750435145
1633,1767153483283,0.0,0.0,0.0,0.0,-244.26741329232172,0.0,6.87047434543725e-90,hard,False,False,-299.8683470969354,0.0,1.0,0.0,0.9804841750435145
1634,1767153483309,0.0,0.0,0.0,0.0,-244.26741329232172,0.0,2.7481897381749004e-90,hard,False,False,-299.8683470969354,0.0,1.0,0.0,0.9804841750435145
1635,1767153483342,0.0,0.0,0.0,0.0,-244.26741329232172,0.0,1.0992758952699602e-90,hard,False,False,-299.8683470969354,0.0,1.0,0.0,0.9804841750435145
1636,1767153483377,0.0,0.0,0.0,0.0,-244.26741329232172,0.0,4.397103581079841e-91,hard,False,False,-299.8683470969354,0.0,1.0,0.0,0.9804841750435145
1637,1767153483409,0.0,0.0,0.0,0.0,-244.26741329232172,0.0,1.7588414324319365e-91,hard,False,False,-299.8683470969354,0.0,1.0,0.0,0.9804841750435145
1638,1767153483443,0.0,0.0,0.0,0.0,-244.26741329232172,0.0,7.035365729727746e-92,hard,False,False,-299.8683470969354,0.0,1.0,0.0,0.9804841750435145
1639,1767153483541,0.0,0.0,0.0,0.0,-244.26741329232172,0.0,2.8141462918910987e-92,hard,False,False,-299.8683470969354,0.0,1.0,0.0,0.9804841750435145
1640,1767153483569,0.0,0.0,0.0,0.0,-244.26741329232172,0.0,1.1256585167564396e-92,hard,False,False,-299.8683470969354,0.0,1.0,0.0,0.9804841750435145
1641,1767153483601,0.0,0.0,0.0,0.0,-244.26741329232172,0.0,4.502634067025759e-93,hard,False,False,-299.8683470969354,0.0,1.0,0.0,0.9804841750435145
1642,1767153483645,0.0,0.0,0.0,0.0,-244.26741329232172,0.0,1.8010536268103036e-93,hard,False,False,-299.8683470969354,0.0,1.0,0.0,0.9804841750435145
1643,1767153483670,0.0,0.0,0.0,0.0,-244.26741329232172,0.0,7.204214507241214e-94,hard,False,False,-299.8683470969354,0.0,1.0,0.0,0.9804841750435145
1644,1767153483699,0.0,0.0,0.0,0.0,-244.26741329232172,0.0,2.881685802896486e-94,hard,False,False,-299.8683470969354,0.0,1.0,0.0,0.9804841750435145
1645,1767153483734,0.0,0.0,0.0,0.0,-244.26741329232172,0.0,1.1526743211585943e-94,hard,False,False,-299.8683470969354,0.0,1.0,0.0,0.9804841750435145
1646,1767153483760,0.0,0.0,0.0,0.0,-244.26741329232172,0.0,4.6106972846343774e-95,hard,False,False,-299.8683470969354,0.0,1.0,0.0,0.9804841750435145
1647,1767153483784,0.0,0.0,0.0,0.0,-244.26741329232172,0.0,1.844278913853751e-95,hard,False,False,-299.8683470969354,0.0,1.0,0.0,0.9804841750435145
1648,1767153483814,0.0,0.0,0.0,0.0,-244.26741329232172,0.0,7.377115655415005e-96,hard,False,False,-299.8683470969354,0.0,1.0,0.0,0.9804841750435145
1649,1767153483842,0.0,0.0,0.0,0.0,-244.26741329232172,0.0,2.950846262166002e-96,hard,False,False,-299.8683470969354,0.0,1.0,0.0,0.9804841750435145
1650,1767153483876,0.0,0.0,0.0,0.0,-244.26741329232172,0.0,1.1803385048664009e-96,hard,False,False,-299.8683470969354,0.0,1.0,0.0,0.9804841750435145
1651,1767153483909,0.0,0.0,0.0,0.0,-244.26741329232172,0.0,4.721354019465604e-97,hard,False,False,-299.8683470969354,0.0,1.0,0.0,0.9804841750435145
1652,1767153483942,0.0,0.0,0.0,0.0,-244.26741329232172,0.0,1.8885416077862416e-97,hard,False,False,-299.8683470969354,0.0,1.0,0.0,0.9804841750435145
1653,1767153483975,0.0,0.0,0.0,0.0,-244.26741329232172,0.0,7.554166431144967e-98,hard,False,False,-299.8683470969354,0.0,1.0,0.0,0.9804841750435145
1654,1767153484009,0.0,0.0,0.0,0.0,-244.26741329232172,0.0,3.021666572457987e-98,hard,False,False,-299.8683470969354,0.0,1.0,0.0,0.9804841750435145
1655,1767153484042,0.0,0.0,0.0,0.0,-244.26741329232172,0.0,1.2086666289831947e-98,hard,False,False,-299.8683470969354,0.0,1.0,0.0,0.9804841750435145
1656,1767153484075,0.0,0.0,0.0,0.0,-244.26741329232172,0.0,4.8346665159327796e-99,hard,False,False,-299.8683470969354,0.0,1.0,0.0,0.9804841750435145
1657,1767153484109,0.0,0.0,0.0,0.0,-244.26741329232172,0.0,1.9338666063731117e-99,hard,False,False,-299.8683470969354,0.0,1.0,0.0,0.9804841750435145
1658,1767153484142,0.0,0.0,0.0,0.0,-244.26741329232172,0.0,7.735466425492448e-100,hard,False,False,-299.8683470969354,0.0,1.0,0.0,0.9804841750435145
1659,1767153484180,0.0,0.0,0.0,0.0,-244.26741329232172,0.0,3.0941865701969793e-100,hard,False,False,-299.8683470969354,0.0,1.0,0.0,0.9804841750435145
1660,1767153484209,0.0,0.0,0.0,0.0,-244.26741329232172,0.0,1.237674628078792e-100,hard,False,False,-299.8683470969354,0.0,1.0,0.0,0.9804841750435145
1661,1767153484242,0.0,0.0,0.0,0.0,-244.26741329232172,0.0,4.950698512315168e-101,hard,False,False,-299.8683470969354,0.0,1.0,0.0,0.9804841750435145
1662,1767153484278,0.0,0.0,0.0,0.0,-244.26741329232172,0.0,1.9802794049260673e-101,hard,False,False,-299.8683470969354,0.0,1.0,0.0,0.9804841750435145
1663,1767153484309,0.0,0.0,0.0,0.0,-244.26741329232172,0.0,7.92111761970427e-102,hard,False,False,-299.8683470969354,0.0,1.0,0.0,0.9804841750435145
1664,1767153484342,0.0,0.0,0.0,0.0,-244.26741329232172,0.0,3.168447047881708e-102,hard,False,False,-299.8683470969354,0.0,1.0,0.0,0.9804841750435145
1665,1767153484375,0.0,0.0,0.0,0.0,-244.26741329232172,0.0,1.2673788191526834e-102,hard,False,False,-299.8683470969354,0.0,1.0,0.0,0.9804841750435145
1666,1767153484409,0.0,0.0,0.0,0.0,-244.26741329232172,0.0,5.069515276610734e-103,hard,False,False,-299.8683470969354,0.0,1.0,0.0,0.9804841750435145
1667,1767153484442,0.0,0.0,0.0,0.0,-244.26741329232172,0.0,2.0278061106442936e-103,hard,False,False,-299.8683470969354,0.0,1.0,0.0,0.9804841750435145
1668,1767153484477,0.0,0.0,0.0,0.0,-244.26741329232172,0.0,8.111224442577175e-104,hard,False,False,-299.8683470969354,0.0,1.0,0.0,0.9804841750435145
1669,1767153484509,0.0,0.0,0.0,0.0,-244.26741329232172,0.0,3.24448977703087e-104,hard,False,False,-299.8683470969354,0.0,1.0,0.0,0.9804841750435145
1670,1767153484544,0.0,0.0,0.0,0.0,-244.26741329232172,0.0,1.2977959108123481e-104,hard,False,False,-299.8683470969354,0.0,1.0,0.0,0.9804841750435145
1671,1767153484576,0.0,0.0,0.0,0.0,-244.26741329232172,0.0,5.1911836432493926e-105,hard,False,False,-299.8683470969354,0.0,1.0,0.0,0.9804841750435145
1672,1767153484611,0.0,0.0,0.0,0.0,-244.26741329232172,0.0,2.076473457299757e-105,hard,False,False,-299.8683470969354,0.0,1.0,0.0,0.9804841750435145
1673,1767153484643,0.0,0.0,0.0,0.0,-244.26741329232172,0.0,8.305893829199028e-106,hard,False,False,-299.8683470969354,0.0,1.0,0.0,0.9804841750435145
1674,1767153484676,0.0,0.0,0.0,0.0,-244.26741329232172,0.0,3.3223575316796118e-106,hard,False,False,-299.8683470969354,0.0,1.0,0.0,0.9804841750435145
1675,1767153484709,0.0,0.0,0.0,0.0,-244.26741329232172,0.0,1.3289430126718447e-106,hard,False,False,-299.8683470969354,0.0,1.0,0.0,0.9804841750435145
1676,1767153484751,0.0,0.0,0.0,0.0,-244.26741329232172,0.0,5.315772050687379e-107,hard,False,False,-299.8683470969354,0.0,1.0,0.0,0.9804841750435145
1677,1767153484781,0.0,0.0,0.0,0.0,-244.26741329232172,0.0,2.1263088202749517e-107,hard,False,False,-299.8683470969354,0.0,1.0,0.0,0.9804841750435145
1678,1767153484809,0.0,0.0,0.0,0.0,-244.26741329232172,0.0,8.505235281099808e-108,hard,False,False,-299.8683470969354,0.0,1.0,0.0,0.9804841750435145
1679,1767153484842,0.0,0.0,0.0,0.0,-244.26741329232172,0.0,3.4020941124399234e-108,hard,False,False,-299.8683470969354,0.0,1.0,0.0,0.9804841750435145
1680,1767153484875,0.0,0.0,0.0,0.0,-244.26741329232172,0.0,1.3608376449759695e-108,hard,False,False,-299.8683470969354,0.0,1.0,0.0,0.9804841750435145
1681,1767153484909,0.0,0.0,0.0,0.0,-244.26741329232172,0.0,5.443350579903879e-109,hard,False,False,-299.8683470969354,0.0,1.0,0.0,0.9804841750435145
1682,1767153484943,0.0,0.0,0.0,0.0,-244.26741329232172,0.0,2.1773402319615516e-109,hard,False,False,-299.8683470969354,0.0,1.0,0.0,0.9804841750435145
1683,1767153484975,0.0,0.0,0.0,0.0,-244.26741329232172,0.0,8.709360927846207e-110,hard,False,False,-299.8683470969354,0.0,1.0,0.0,0.9804841750435145
1684,1767153485009,0.0,0.0,0.0,0.0,-244.26741329232172,0.0,3.4837443711384826e-110,hard,False,False,-299.8683470969354,0.0,1.0,0.0,0.9804841750435145
1685,1767153485042,0.0,0.0,0.0,0.0,-244.26741329232172,0.0,1.393497748455393e-110,hard,False,False,-299.8683470969354,0.0,1.0,0.0,0.9804841750435145
1686,1767153485075,0.0,0.0,0.0,0.0,-244.26741329232172,0.0,5.573990993821572e-111,hard,False,False,-299.8683470969354,0.0,1.0,0.0,0.9804841750435145
1687,1767153485108,0.0,0.0,0.0,0.0,-244.26741329232172,0.0,2.229596397528629e-111,hard,False,False,-299.8683470969354,0.0,1.0,0.0,0.9804841750435145
1688,1767153485142,0.0,0.0,0.0,0.0,-244.26741329232172,0.0,8.918385590114516e-112,hard,False,False,-299.8683470969354,0.0,1.0,0.0,0.9804841750435145
1689,1767153485175,0.0,0.0,0.0,0.0,-244.26741329232172,0.0,3.567354236045807e-112,hard,False,False,-299.8683470969354,0.0,1.0,0.0,0.9804841750435145
1690,1767153485208,0.0,0.0,0.0,0.0,-244.26741329232172,0.0,1.426941694418323e-112,hard,False,False,-299.8683470969354,0.0,1.0,0.0,0.9804841750435145
1691,1767153485242,0.0,0.0,0.0,0.0,-244.26741329232172,0.0,5.707766777673292e-113,hard,False,False,-299.8683470969354,0.0,1.0,0.0,0.9804841750435145
1692,1767153485275,0.0,0.0,0.0,0.0,-244.26741329232172,0.0,2.283106711069317e-113,hard,False,False,-299.8683470969354,0.0,1.0,0.0,0.9804841750435145
1693,1767153485308,0.0,0.0,0.0,0.0,-244.26741329232172,0.0,9.132426844277268e-114,hard,False,False,-299.8683470969354,0.0,1.0,0.0,0.9804841750435145
1694,1767153485342,0.0,0.0,0.0,0.0,-244.26741329232172,0.0,3.652970737710908e-114,hard,False,False,-299.8683470969354,0.0,1.0,0.0,0.9804841750435145
1695,1767153485375,0.0,0.0,0.0,0.0,-244.26741329232172,0.0,1.4611882950843631e-114,hard,False,False,-299.8683470969354,0.0,1.0,0.0,0.9804841750435145
1696,1767153485409,0.0,0.0,0.0,0.0,-244.26741329232172,0.0,5.844753180337453e-115,hard,False,False,-299.8683470969354,0.0,1.0,0.0,0.9804841750435145
1697,1767153485442,0.0,0.0,0.0,0.0,-244.26741329232172,0.0,2.3379012721349813e-115,hard,False,False,-299.8683470969354,0.0,1.0,0.0,0.9804841750435145
1698,1767153485508,0.0,0.0,0.0,0.0,-244.26741329232172,0.0,9.351605088539925e-116,hard,False,False,-299.8683470969354,0.0,1.0,0.0,0.9804841750435145
1699,1767153485543,0.0,0.0,0.0,0.0,-244.26741329232172,0.0,3.7406420354159704e-116,hard,False,False,-299.8683470969354,0.0,1.0,0.0,0.9804841750435145
1700,1767153485575,0.0,0.0,0.0,0.0,-244.26741329232172,0.0,1.4962568141663883e-116,hard,False,False,-299.8683470969354,0.0,1.0,0.0,0.9804841750435145
1701,1767153485608,0.0,0.0,0.0,0.0,-244.26741329232172,0.0,5.985027256665553e-117,hard,False,False,-299.8683470969354,0.0,1.0,0.0,0.9804841750435145
1702,1767153485642,0.0,0.0,0.0,0.0,-244.26741329232172,0.0,2.3940109026662215e-117,hard,False,False,-299.8683470969354,0.0,1.0,0.0,0.9804841750435145
1703,1767153485675,0.0,0.0,0.0,0.0,-244.26741329232172,0.0,9.576043610664887e-118,hard,False,False,-299.8683470969354,0.0,1.0,0.0,0.9804841750435145
1704,1767153485709,0.0,0.0,0.0,0.0,-244.26741329232172,0.0,3.830417444265955e-118,hard,False,False,-299.8683470969354,0.0,1.0,0.0,0.9804841750435145
1705,1767153485744,0.0,0.0,0.0,0.0,-244.26741329232172,0.0,1.532166977706382e-118,hard,False,False,-299.8683470969354,0.0,1.0,0.0,0.9804841750435145
1706,1767153485775,0.0,0.0,0.0,0.0,-244.26741329232172,0.0,6.128667910825529e-119,hard,False,False,-299.8683470969354,0.0,1.0,0.0,0.9804841750435145
1707,1767153485808,0.0,0.0,0.0,0.0,-244.26741329232172,0.0,2.4514671643302117e-119,hard,False,False,-299.8683470969354,0.0,1.0,0.0,0.9804841750435145
1708,1767153485842,0.0,0.0,0.0,0.0,-244.26741329232172,0.0,9.805868657320847e-120,hard,False,False,-299.8683470969354,0.0,1.0,0.0,0.9804841750435145
1709,1767153485876,0.0,0.0,0.0,0.0,-244.26741329232172,0.0,3.922347462928339e-120,hard,False,False,-299.8683470969354,0.0,1.0,0.0,0.9804841750435145
1710,1767153485911,0.0,0.0,0.0,0.0,-244.26741329232172,0.0,1.5689389851713357e-120,hard,False,False,-299.8683470969354,0.0,1.0,0.0,0.9804841750435145
1711,1767153485976,0.0,0.0,0.0,0.0,-244.26741329232172,0.0,6.275755940685343e-121,hard,False,False,-299.8683470969354,0.0,1.0,0.0,0.9804841750435145
1712,1767153486042,0.0,0.0,0.0,0.0,-244.26741329232172,0.0,2.5103023762741375e-121,hard,False,False,-299.8683470969354,0.0,1.0,0.0,0.9804841750435145
1713,1767153486075,0.0,0.0,0.0,0.0,-244.26741329232172,0.0,1.004120950509655e-121,hard,False,False,-299.8683470969354,0.0,1.0,0.0,0.9804841750435145
1714,1767153486109,0.0,0.0,0.0,0.0,-244.26741329232172,0.0,4.01648380203862e-122,hard,False,False,-299.8683470969354,0.0,1.0,0.0,0.9804841750435145
1715,1767153486144,0.0,0.0,0.0,0.0,-244.26741329232172,0.0,1.6065935208154482e-122,hard,False,False,-299.8683470969354,0.0,1.0,0.0,0.9804841750435145
1716,1767153486175,0.0,0.0,0.0,0.0,-244.26741329232172,0.0,6.426374083261793e-123,hard,False,False,-299.8683470969354,0.0,1.0,0.0,0.9804841750435145
1717,1767153486209,0.0,0.0,0.0,0.0,-244.26741329232172,0.0,2.5705496333047172e-123,hard,False,False,-299.8683470969354,0.0,1.0,0.0,0.9804841750435145
1718,1767153486244,0.0,0.0,0.0,0.0,-244.26741329232172,0.0,1.028219853321887e-123,hard,False,False,-299.8683470969354,0.0,1.0,0.0,0.9804841750435145
1719,1767153486275,0.0,0.0,0.0,0.0,-244.26741329232172,0.0,4.112879413287548e-124,hard,False,False,-299.8683470969354,0.0,1.0,0.0,0.9804841750435145
1720,1767153486309,0.0,0.0,0.0,0.0,-244.26741329232172,0.0,1.6451517653150191e-124,hard,False,False,-299.8683470969354,0.0,1.0,0.0,0.9804841750435145
1721,1767153486342,0.0,0.0,0.0,0.0,-244.26741329232172,0.0,6.580607061260077e-125,hard,False,False,-299.8683470969354,0.0,1.0,0.0,0.9804841750435145
1722,1767153486375,0.0,0.0,0.0,0.0,-244.26741329232172,0.0,2.6322428245040307e-125,hard,False,False,-299.8683470969354,0.0,1.0,0.0,0.9804841750435145
1723,1767153486409,0.0,0.0,0.0,0.0,-244.26741329232172,0.0,1.0528971298016124e-125,hard,False,False,-299.8683470969354,0.0,1.0,0.0,0.9804841750435145
1724,1767153486442,0.0,0.0,0.0,0.0,-244.26741329232172,0.0,4.21158851920645e-126,hard,False,False,-299.8683470969354,0.0,1.0,0.0,0.9804841750435145
1725,1767153486475,0.0,0.0,0.0,0.0,-244.26741329232172,0.0,1.68463540768258e-126,hard,False,False,-299.8683470969354,0.0,1.0,0.0,0.9804841750435145
1726,1767153486509,0.0,0.0,0.0,0.0,-244.26741329232172,0.0,6.7385416307303206e-127,hard,False,False,-299.8683470969354,0.0,1.0,0.0,0.9804841750435145
1727,1767153486542,0.0,0.0,0.0,0.0,-244.26741329232172,0.0,2.6954166522921285e-127,hard,False,False,-299.8683470969354,0.0,1.0,0.0,0.9804841750435145
1728,1767153486575,0.0,0.0,0.0,0.0,-244.26741329232172,0.0,1.0781666609168515e-127,hard,False,False,-299.8683470969354,0.0,1.0,0.0,0.9804841750435145
1729,1767153486608,0.0,0.0,0.0,0.0,-244.26741329232172,0.0,4.312666643667406e-128,hard,False,False,-299.8683470969354,0.0,1.0,0.0,0.9804841750435145
1730,1767153486642,0.0,0.0,0.0,0.0,-244.26741329232172,0.0,1.7250666574669626e-128,hard,False,False,-299.8683470969354,0.0,1.0,0.0,0.9804841750435145
1731,1767153486675,0.0,0.0,0.0,0.0,-244.26741329232172,0.0,6.90026662986785e-129,hard,False,False,-299.8683470969354,0.0,1.0,0.0,0.9804841750435145
1732,1767153486710,0.0,0.0,0.0,0.0,-244.26741329232172,0.0,2.7601066519471402e-129,hard,False,False,-299.8683470969354,0.0,1.0,0.0,0.9804841750435145
1733,1767153486742,0.0,0.0,0.0,0.0,-244.26741329232172,0.0,1.1040426607788562e-129,hard,False,False,-299.8683470969354,0.0,1.0,0.0,0.9804841750435145
1734,1767153486776,0.0,0.0,0.0,0.0,-244.26741329232172,0.0,4.416170643115425e-130,hard,False,False,-299.8683470969354,0.0,1.0,0.0,0.9804841750435145
1735,1767153486825,0.0,0.0,0.0,0.0,-244.26741329232172,0.0,1.76646825724617e-130,hard,False,False,-299.8683470969354,0.0,1.0,0.0,0.9804841750435145
1736,1767153486854,0.0,0.0,0.0,0.0,-244.26741329232172,0.0,7.06587302898468e-131,hard,False,False,-299.8683470969354,0.0,1.0,0.0,0.9804841750435145
1737,1767153486892,0.0,0.0,0.0,0.0,-244.26741329232172,0.0,2.8263492115938724e-131,hard,False,False,-299.8683470969354,0.0,1.0,0.0,0.9804841750435145
1738,1767153486941,0.0,0.0,0.0,0.0,-244.26741329232172,0.0,1.130539684637549e-131,hard,False,False,-299.8683470969354,0.0,1.0,0.0,0.9804841750435145
1739,1767153486975,0.0,0.0,0.0,0.0,-244.26741329232172,0.0,4.522158738550197e-132,hard,False,False,-299.8683470969354,0.0,1.0,0.0,0.9804841750435145
1740,1767153487008,0.0,0.0,0.0,0.0,-244.26741329232172,0.0,1.8088634954200788e-132,hard,False,False,-299.8683470969354,0.0,1.0,0.0,0.9804841750435145
1741,1767153487043,0.0,0.0,0.0,0.0,-244.26741329232172,0.0,7.235453981680315e-133,hard,False,False,-299.8683470969354,0.0,1.0,0.0,0.9804841750435145
1742,1767153487075,0.0,0.0,0.0,0.0,-244.26741329232172,0.0,2.894181592672126e-133,hard,False,False,-299.8683470969354,0.0,1.0,0.0,0.9804841750435145
1743,1767153487109,0.0,0.0,0.0,0.0,-244.26741329232172,0.0,1.1576726370688505e-133,hard,False,False,-299.8683470969354,0.0,1.0,0.0,0.9804841750435145
1744,1767153487144,0.0,0.0,0.0,0.0,-244.26741329232172,0.0,4.630690548275402e-134,hard,False,False,-299.8683470969354,0.0,1.0,0.0,0.9804841750435145
1745,1767153487175,0.0,0.0,0.0,0.0,-244.26741329232172,0.0,1.852276219310161e-134,hard,False,False,-299.8683470969354,0.0,1.0,0.0,0.9804841750435145
1746,1767153487208,0.0,0.0,0.0,0.0,-244.26741329232172,0.0,7.409104877240645e-135,hard,False,False,-299.8683470969354,0.0,1.0,0.0,0.9804841750435145
1747,1767153487242,0.0,0.0,0.0,0.0,-244.26741329232172,0.0,2.963641950896258e-135,hard,False,False,-299.8683470969354,0.0,1.0,0.0,0.9804841750435145
1748,1767153487275,0.0,0.0,0.0,0.0,-244.26741329232172,0.0,1.1854567803585032e-135,hard,False,False,-299.8683470969354,0.0,1.0,0.0,0.9804841750435145
1749,1767153487308,0.0,0.0,0.0,0.0,-244.26741329232172,0.0,4.741827121434013e-136,hard,False,False,-299.8683470969354,0.0,1.0,0.0,0.9804841750435145
1750,1767153487342,0.0,0.0,0.0,0.0,-244.26741329232172,0.0,1.8967308485736053e-136,hard,False,False,-299.8683470969354,0.0,1.0,0.0,0.9804841750435145
1751,1767153487375,0.0,0.0,0.0,0.0,-244.26741329232172,0.0,7.586923394294421e-137,hard,False,False,-299.8683470969354,0.0,1.0,0.0,0.9804841750435145
1752,1767153487410,0.0,0.0,0.0,0.0,-244.26741329232172,0.0,3.0347693577177684e-137,hard,False,False,-299.8683470969354,0.0,1.0,0.0,0.9804841750435145
1753,1767153487442,0.0,0.0,0.0,0.0,-244.26741329232172,0.0,1.2139077430871073e-137,hard,False,False,-299.8683470969354,0.0,1.0,0.0,0.9804841750435145
1754,1767153487475,0.0,0.0,0.0,0.0,-244.26741329232172,0.0,4.85563097234843e-138,hard,False,False,-299.8683470969354,0.0,1.0,0.0,0.9804841750435145
1755,1767153487511,0.0,0.0,0.0,0.0,-244.26741329232172,0.0,1.942252388939372e-138,hard,False,False,-299.8683470969354,0.0,1.0,0.0,0.9804841750435145
1756,1767153487542,0.0,0.0,0.0,0.0,-244.26741329232172,0.0,7.769009555757488e-139,hard,False,False,-299.8683470969354,0.0,1.0,0.0,0.9804841750435145
1757,1767153487608,0.0,0.0,0.0,0.0,-244.26741329232172,0.0,3.1076038223029952e-139,hard,False,False,-299.8683470969354,0.0,1.0,0.0,0.9804841750435145
1758,1767153487642,0.0,0.0,0.0,0.0,-244.26741329232172,0.0,1.2430415289211981e-139,hard,False,False,-299.8683470969354,0.0,1.0,0.0,0.9804841750435145
1759,1767153487675,0.0,0.0,0.0,0.0,-244.26741329232172,0.0,4.972166115684792e-140,hard,False,False,-299.8683470969354,0.0,1.0,0.0,0.9804841750435145
1760,1767153487708,0.0,0.0,0.0,0.0,-244.26741329232172,0.0,1.9888664462739169e-140,hard,False,False,-299.8683470969354,0.0,1.0,0.0,0.9804841750435145
1761,1767153487742,0.0,0.0,0.0,0.0,-244.26741329232172,0.0,7.955465785095668e-141,hard,False,False,-299.8683470969354,0.0,1.0,0.0,0.9804841750435145
1762,1767153487779,0.0,0.0,0.0,0.0,-244.26741329232172,0.0,3.1821863140382675e-141,hard,False,False,-299.8683470969354,0.0,1.0,0.0,0.9804841750435145
1763,1767153487808,0.0,0.0,0.0,0.0,-244.26741329232172,0.0,1.2728745256153071e-141,hard,False,False,-299.8683470969354,0.0,1.0,0.0,0.9804841750435145
1764,1767153487842,0.0,0.0,0.0,0.0,-244.26741329232172,0.0,5.0914981024612284e-142,hard,False,False,-299.8683470969354,0.0,1.0,0.0,0.9804841750435145
1765,1767153487875,0.0,0.0,0.0,0.0,-244.26741329232172,0.0,2.0365992409844914e-142,hard,False,False,-299.8683470969354,0.0,1.0,0.0,0.9804841750435145
1766,1767153487942,0.0,0.0,0.0,0.0,-244.26741329232172,0.0,8.146396963937966e-143,hard,False,False,-299.8683470969354,0.0,1.0,0.0,0.9804841750435145
1767,1767153487983,0.0,0.0,0.0,0.0,-244.26741329232172,0.0,3.2585587855751865e-143,hard,False,False,-299.8683470969354,0.0,1.0,0.0,0.9804841750435145
1768,1767153488024,0.0,0.0,0.0,0.0,-244.26741329232172,0.0,1.3034235142300746e-143,hard,False,False,-299.8683470969354,0.0,1.0,0.0,0.9804841750435145
1769,1767153488069,0.0,0.0,0.0,0.0,-244.26741329232172,0.0,5.213694056920299e-144,hard,False,False,-299.8683470969354,0.0,1.0,0.0,0.9804841750435145
1770,1767153488098,0.0,0.0,0.0,0.0,-244.26741329232172,0.0,2.08547762276812e-144,hard,False,False,-299.8683470969354,0.0,1.0,0.0,0.9804841750435145
1771,1767153488122,0.0,0.0,0.0,0.0,-244.26741329232172,0.0,8.34191049107248e-145,hard,False,False,-299.8683470969354,0.0,1.0,0.0,0.9804841750435145
1772,1767153488152,0.0,0.0,0.0,0.0,-244.26741329232172,0.0,3.336764196428992e-145,hard,False,False,-299.8683470969354,0.0,1.0,0.0,0.9804841750435145
1773,1767153488175,0.0,0.0,0.0,0.0,-244.26741329232172,0.0,1.334705678571597e-145,hard,False,False,-299.8683470969354,0.0,1.0,0.0,0.9804841750435145
1774,1767153488208,0.0,0.0,0.0,0.0,-244.26741329232172,0.0,5.338822714286389e-146,hard,False,False,-299.8683470969354,0.0,1.0,0.0,0.9804841750435145
1775,1767153488242,0.0,0.0,0.0,0.0,-244.26741329232172,0.0,2.1355290857145556e-146,hard,False,False,-299.8683470969354,0.0,1.0,0.0,0.9804841750435145
1776,1767153488275,0.0,0.0,0.0,0.0,-244.26741329232172,0.0,8.542116342858223e-147,hard,False,False,-299.8683470969354,0.0,1.0,0.0,0.9804841750435145
1777,1767153488308,0.0,0.0,0.0,0.0,-244.26741329232172,0.0,3.4168465371432896e-147,hard,False,False,-299.8683470969354,0.0,1.0,0.0,0.9804841750435145
1778,1767153488341,0.0,0.0,0.0,0.0,-244.26741329232172,0.0,1.3667386148573158e-147,hard,False,False,-299.8683470969354,0.0,1.0,0.0,0.9804841750435145
1779,1767153488375,0.0,0.0,0.0,0.0,-244.26741329232172,0.0,5.4669544594292634e-148,hard,False,False,-299.8683470969354,0.0,1.0,0.0,0.9804841750435145
1780,1767153488408,0.0,0.0,0.0,0.0,-244.26741329232172,0.0,2.1867817837717055e-148,hard,False,False,-299.8683470969354,0.0,1.0,0.0,0.9804841750435145
1781,1767153488442,0.0,0.0,0.0,0.0,-244.26741329232172,0.0,8.747127135086822e-149,hard,False,False,-299.8683470969354,0.0,1.0,0.0,0.9804841750435145
1782,1767153488475,0.0,0.0,0.0,0.0,-244.26741329232172,0.0,3.498850854034729e-149,hard,False,False,-299.8683470969354,0.0,1.0,0.0,0.9804841750435145
1783,1767153488508,0.0,0.0,0.0,0.0,-244.26741329232172,0.0,1.3995403416138916e-149,hard,False,False,-299.8683470969354,0.0,1.0,0.0,0.9804841750435145
1784,1767153488543,0.0,0.0,0.0,0.0,-244.26741329232172,0.0,5.598161366455566e-150,hard,False,False,-299.8683470969354,0.0,1.0,0.0,0.9804841750435145
1785,1767153488585,0.0,0.0,0.0,0.0,-244.26741329232172,0.0,2.2392645465822266e-150,hard,False,False,-299.8683470969354,0.0,1.0,0.0,0.9804841750435145
1786,1767153488642,0.0,0.0,0.0,0.0,-244.26741329232172,0.0,8.957058186328907e-151,hard,False,False,-299.8683470969354,0.0,1.0,0.0,0.9804841750435145
1787,1767153488675,0.0,0.0,0.0,0.0,-244.26741329232172,0.0,3.582823274531563e-151,hard,False,False,-299.8683470969354,0.0,1.0,0.0,0.9804841750435145
1788,1767153488708,0.0,0.0,0.0,0.0,-244.26741329232172,0.0,1.4331293098126252e-151,hard,False,False,-299.8683470969354,0.0,1.0,0.0,0.9804841750435145
1789,1767153488742,0.0,0.0,0.0,0.0,-244.26741329232172,0.0,5.732517239250501e-152,hard,False,False,-299.8683470969354,0.0,1.0,0.0,0.9804841750435145
1790,1767153488781,0.0,0.0,0.0,0.0,-244.26741329232172,0.0,2.2930068957002003e-152,hard,False,False,-299.8683470969354,0.0,1.0,0.0,0.9804841750435145
1791,1767153488808,0.0,0.0,0.0,0.0,-244.26741329232172,0.0,9.172027582800802e-153,hard,False,False,-299.8683470969354,0.0,1.0,0.0,0.9804841750435145
1792,1767153488842,0.0,0.0,0.0,0.0,-244.26741329232172,0.0,3.6688110331203213e-153,hard,False,False,-299.8683470969354,0.0,1.0,0.0,0.9804841750435145
1793,1767153488875,0.0,0.0,0.0,0.0,-244.26741329232172,0.0,1.4675244132481286e-153,hard,False,False,-299.8683470969354,0.0,1.0,0.0,0.9804841750435145
1794,1767153488908,0.0,0.0,0.0,0.0,-244.26741329232172,0.0,5.870097652992515e-154,hard,False,False,-299.8683470969354,0.0,1.0,0.0,0.9804841750435145
1795,1767153488942,0.0,0.0,0.0,0.0,-244.26741329232172,0.0,2.348039061197006e-154,hard,False,False,-299.8683470969354,0.0,1.0,0.0,0.9804841750435145
1796,1767153488975,0.0,0.0,0.0,0.0,-244.26741329232172,0.0,9.392156244788026e-155,hard,False,False,-299.8683470969354,0.0,1.0,0.0,0.9804841750435145
1797,1767153489012,0.0,0.0,0.0,0.0,-244.26741329232172,0.0,3.75686249791521e-155,hard,False,False,-299.8683470969354,0.0,1.0,0.0,0.9804841750435145
1798,1767153489042,0.0,0.0,0.0,0.0,-244.26741329232172,0.0,1.5027449991660843e-155,hard,False,False,-299.8683470969354,0.0,1.0,0.0,0.9804841750435145
1799,1767153489075,0.0,0.0,0.0,0.0,-244.26741329232172,0.0,6.010979996664338e-156,hard,False,False,-299.8683470969354,0.0,1.0,0.0,0.9804841750435145
1800,1767153489109,0.0,0.0,0.0,0.0,-244.26741329232172,0.0,2.4043919986657353e-156,hard,False,False,-299.8683470969354,0.0,1.0,0.0,0.9804841750435145
1801,1767153489151,0.0,0.0,0.0,0.0,-244.26741329232172,0.0,9.617567994662942e-157,hard,False,False,-299.8683470969354,0.0,1.0,0.0,0.9804841750435145
1802,1767153489176,0.0,0.0,0.0,0.0,-244.26741329232172,0.0,3.847027197865177e-157,hard,False,False,-299.8683470969354,0.0,1.0,0.0,0.9804841750435145
1803,1767153489367,0.0,0.0,0.0,0.0,-244.26741329232172,0.0,1.5388108791460708e-157,hard,False,False,-299.8683470969354,0.0,1.0,0.0,0.9804841750435145
1804,1767153489387,0.0,0.0,0.0,0.0,-244.26741329232172,0.0,6.1552435165842835e-158,hard,False,False,-299.8683470969354,0.0,1.0,0.0,0.9804841750435145
1805,1767153489409,0.0,0.0,0.0,0.0,-244.26741329232172,0.0,2.4620974066337136e-158,hard,False,False,-299.8683470969354,0.0,1.0,0.0,0.9804841750435145
1806,1767153489428,0.0,0.0,0.0,0.0,-244.26741329232172,0.0,9.848389626534854e-159,hard,False,False,-299.8683470969354,0.0,1.0,0.0,0.9804841750435145
1807,1767153489451,0.0,0.0,0.0,0.0,-244.26741329232172,0.0,3.939355850613942e-159,hard,False,False,-299.8683470969354,0.0,1.0,0.0,0.9804841750435145
1808,1767153489471,0.0,0.0,0.0,0.0,-244.26741329232172,0.0,1.575742340245577e-159,hard,False,False,-299.8683470969354,0.0,1.0,0.0,0.9804841750435145
1809,1767153489499,0.0,0.0,0.0,0.0,-244.26741329232172,0.0,6.302969360982307e-160,hard,False,False,-299.8683470969354,0.0,1.0,0.0,0.9804841750435145
1810,1767153489521,0.0,0.0,0.0,0.0,-244.26741329232172,0.0,2.521187744392923e-160,hard,False,False,-299.8683470969354,0.0,1.0,0.0,0.9804841750435145
1811,1767153489543,0.0,0.0,0.0,0.0,-244.26741329232172,0.0,1.0084750977571693e-160,hard,False,False,-299.8683470969354,0.0,1.0,0.0,0.9804841750435145
1812,1767153489575,0.0,0.0,0.0,0.0,-244.26741329232172,0.0,4.033900391028677e-161,hard,False,False,-299.8683470969354,0.0,1.0,0.0,0.9804841750435145
1813,1767153489608,0.0,0.0,0.0,0.0,-244.26741329232172,0.0,1.613560156411471e-161,hard,False,False,-299.8683470969354,0.0,1.0,0.0,0.9804841750435145
1814,1767153489642,0.0,0.0,0.0,0.0,-244.26741329232172,0.0,6.454240625645885e-162,hard,False,False,-299.8683470969354,0.0,1.0,0.0,0.9804841750435145
1815,1767153489675,0.0,0.0,0.0,0.0,-244.26741329232172,0.0,2.581696250258354e-162,hard,False,False,-299.8683470969354,0.0,1.0,0.0,0.9804841750435145
1816,1767153489742,0.0,0.0,0.0,0.0,-244.26741329232172,0.0,1.0326785001033415e-162,hard,False,False,-299.8683470969354,0.0,1.0,0.0,0.9804841750435145
1817,1767153489831,0.0,0.0,0.0,0.0,-244.26741329232172,0.0,4.1307140004133663e-163,hard,False,False,-299.8683470969354,0.0,1.0,0.0,0.9804841750435145
1818,1767153489870,0.0,0.0,0.0,0.0,-244.26741329232172,0.0,1.6522856001653465e-163,hard,False,False,-299.8683470969354,0.0,1.0,0.0,0.9804841750435145
1819,1767153489896,0.0,0.0,0.0,0.0,-244.26741329232172,0.0,6.609142400661386e-164,hard,False,False,-299.8683470969354,0.0,1.0,0.0,0.9804841750435145
1820,1767153489923,0.0,0.0,0.0,0.0,-244.26741329232172,0.0,2.6436569602645545e-164,hard,False,False,-299.8683470969354,0.0,1.0,0.0,0.9804841750435145
1821,1767153489954,0.0,0.0,0.0,0.0,-244.26741329232172,0.0,1.0574627841058219e-164,hard,False,False,-299.8683470969354,0.0,1.0,0.0,0.9804841750435145
1822,1767153489981,0.0,0.0,0.0,0.0,-244.26741329232172,0.0,4.2298511364232874e-165,hard,False,False,-299.8683470969354,0.0,1.0,0.0,0.9804841750435145
1823,1767153490004,0.0,0.0,0.0,0.0,-244.26741329232172,0.0,1.691940454569315e-165,hard,False,False,-299.8683470969354,0.0,1.0,0.0,0.9804841750435145
1824,1767153490030,0.0,0.0,0.0,0.0,-244.26741329232172,0.0,6.76776181827726e-166,hard,False,False,-299.8683470969354,0.0,1.0,0.0,0.9804841750435145
1825,1767153490054,0.0,0.0,0.0,0.0,-244.26741329232172,0.0,2.7071047273109043e-166,hard,False,False,-299.8683470969354,0.0,1.0,0.0,0.9804841750435145
1826,1767153490077,0.0,0.0,0.0,0.0,-244.26741329232172,0.0,1.0828418909243618e-166,hard,False,False,-299.8683470969354,0.0,1.0,0.0,0.9804841750435145
1827,1767153490111,0.0,0.0,0.0,0.0,-244.26741329232172,0.0,4.331367563697447e-167,hard,False,False,-299.8683470969354,0.0,1.0,0.0,0.9804841750435145
1828,1767153490141,0.0,0.0,0.0,0.0,-244.26741329232172,0.0,1.732547025478979e-167,hard,False,False,-299.8683470969354,0.0,1.0,0.0,0.9804841750435145
1829,1767153490174,0.0,0.0,0.0,0.0,-244.26741329232172,0.0,6.930188101915917e-168,hard,False,False,-299.8683470969354,0.0,1.0,0.0,0.9804841750435145
1830,1767153490208,0.0,0.0,0.0,0.0,-244.26741329232172,0.0,2.772075240766367e-168,hard,False,False,-299.8683470969354,0.0,1.0,0.0,0.9804841750435145
1831,1767153490241,0.0,0.0,0.0,0.0,-244.26741329232172,0.0,1.108830096306547e-168,hard,False,False,-299.8683470969354,0.0,1.0,0.0,0.9804841750435145
1832,1767153490275,0.0,0.0,0.0,0.0,-244.26741329232172,0.0,4.4353203852261876e-169,hard,False,False,-299.8683470969354,0.0,1.0,0.0,0.9804841750435145
1833,1767153490308,0.0,0.0,0.0,0.0,-244.26741329232172,0.0,1.7741281540904752e-169,hard,False,False,-299.8683470969354,0.0,1.0,0.0,0.9804841750435145
1834,1767153490341,0.0,0.0,0.0,0.0,-244.26741329232172,0.0,7.0965126163619e-170,hard,False,False,-299.8683470969354,0.0,1.0,0.0,0.9804841750435145
1835,1767153490374,0.0,0.0,0.0,0.0,-244.26741329232172,0.0,2.8386050465447602e-170,hard,False,False,-299.8683470969354,0.0,1.0,0.0,0.9804841750435145
1836,1767153490408,0.0,0.0,0.0,0.0,-244.26741329232172,0.0,1.1354420186179042e-170,hard,False,False,-299.8683470969354,0.0,1.0,0.0,0.9804841750435145
1837,1767153490441,0.0,0.0,0.0,0.0,-244.26741329232172,0.0,4.541768074471617e-171,hard,False,False,-299.8683470969354,0.0,1.0,0.0,0.9804841750435145
1838,1767153490475,0.0,0.0,0.0,0.0,-244.26741329232172,0.0,1.816707229788647e-171,hard,False,False,-299.8683470969354,0.0,1.0,0.0,0.9804841750435145
1839,1767153490508,0.0,0.0,0.0,0.0,-244.26741329232172,0.0,7.266828919154588e-172,hard,False,False,-299.8683470969354,0.0,1.0,0.0,0.9804841750435145
1840,1767153490541,0.0,0.0,0.0,0.0,-244.26741329232172,0.0,2.9067315676618354e-172,hard,False,False,-299.8683470969354,0.0,1.0,0.0,0.9804841750435145
1841,1767153490575,0.0,0.0,0.0,0.0,-244.26741329232172,0.0,1.1626926270647343e-172,hard,False,False,-299.8683470969354,0.0,1.0,0.0,0.9804841750435145
1842,1767153490608,0.0,0.0,0.0,0.0,-244.26741329232172,0.0,4.650770508258937e-173,hard,False,False,-299.8683470969354,0.0,1.0,0.0,0.9804841750435145
1843,1767153490641,0.0,0.0,0.0,0.0,-244.26741329232172,0.0,1.860308203303575e-173,hard,False,False,-299.8683470969354,0.0,1.0,0.0,0.9804841750435145
1844,1767153490675,0.0,0.0,0.0,0.0,-244.26741329232172,0.0,7.4412328132143e-174,hard,False,False,-299.8683470969354,0.0,1.0,0.0,0.9804841750435145
1845,1767153490708,0.0,0.0,0.0,0.0,-244.26741329232172,0.0,2.9764931252857203e-174,hard,False,False,-299.8683470969354,0.0,1.0,0.0,0.9804841750435145
1846,1767153490741,0.0,0.0,0.0,0.0,-244.26741329232172,0.0,1.1905972501142881e-174,hard,False,False,-299.8683470969354,0.0,1.0,0.0,0.9804841750435145
1847,1767153490775,0.0,0.0,0.0,0.0,-244.26741329232172,0.0,4.7623890004571525e-175,hard,False,False,-299.8683470969354,0.0,1.0,0.0,0.9804841750435145
1848,1767153490818,0.0,0.0,0.0,0.0,-244.26741329232172,0.0,1.904955600182861e-175,hard,False,False,-299.8683470969354,0.0,1.0,0.0,0.9804841750435145
1849,1767153490848,0.0,0.0,0.0,0.0,-244.26741329232172,0.0,7.619822400731444e-176,hard,False,False,-299.8683470969354,0.0,1.0,0.0,0.9804841750435145
1850,1767153490899,0.0,0.0,0.0,0.0,-244.26741329232172,0.0,3.0479289602925776e-176,hard,False,False,-299.8683470969354,0.0,1.0,0.0,0.9804841750435145
1851,1767153490940,0.0,0.0,0.0,0.0,-244.26741329232172,0.0,1.2191715841170311e-176,hard,False,False,-299.8683470969354,0.0,1.0,0.0,0.9804841750435145
1852,1767153490972,0.0,0.0,0.0,0.0,-244.26741329232172,0.0,4.876686336468125e-177,hard,False,False,-299.8683470969354,0.0,1.0,0.0,0.9804841750435145
1853,1767153491007,0.0,0.0,0.0,0.0,-244.26741329232172,0.0,1.95067453458725e-177,hard,False,False,-299.8683470969354,0.0,1.0,0.0,0.9804841750435145
1854,1767153491035,0.0,0.0,0.0,0.0,-244.26741329232172,0.0,7.802698138349e-178,hard,False,False,-299.8683470969354,0.0,1.0,0.0,0.9804841750435145
1855,1767153491059,0.0,0.0,0.0,0.0,-244.26741329232172,0.0,3.1210792553396004e-178,hard,False,False,-299.8683470969354,0.0,1.0,0.0,0.9804841750435145
1856,1767153491084,0.0,0.0,0.0,0.0,-244.26741329232172,0.0,1.2484317021358402e-178,hard,False,False,-299.8683470969354,0.0,1.0,0.0,0.9804841750435145
1857,1767153491110,0.0,0.0,0.0,0.0,-244.26741329232172,0.0,4.9937268085433614e-179,hard,False,False,-299.8683470969354,0.0,1.0,0.0,0.9804841750435145
1858,1767153491141,0.0,0.0,0.0,0.0,-244.26741329232172,0.0,1.9974907234173448e-179,hard,False,False,-299.8683470969354,0.0,1.0,0.0,0.9804841750435145
1859,1767153491174,0.0,0.0,0.0,0.0,-244.26741329232172,0.0,7.989962893669379e-180,hard,False,False,-299.8683470969354,0.0,1.0,0.0,0.9804841750435145
1860,1767153491208,0.0,0.0,0.0,0.0,-244.26741329232172,0.0,3.195985157467752e-180,hard,False,False,-299.8683470969354,0.0,1.0,0.0,0.9804841750435145
1861,1767153491241,0.0,0.0,0.0,0.0,-244.26741329232172,0.0,1.2783940629871009e-180,hard,False,False,-299.8683470969354,0.0,1.0,0.0,0.9804841750435145
1862,1767153491274,0.0,0.0,0.0,0.0,-244.26741329232172,0.0,5.113576251948404e-181,hard,False,False,-299.8683470969354,0.0,1.0,0.0,0.9804841750435145
1863,1767153491308,0.0,0.0,0.0,0.0,-244.26741329232172,0.0,2.0454305007793618e-181,hard,False,False,-299.8683470969354,0.0,1.0,0.0,0.9804841750435145
1864,1767153491342,0.0,0.0,0.0,0.0,-244.26741329232172,0.0,8.181722003117448e-182,hard,False,False,-299.8683470969354,0.0,1.0,0.0,0.9804841750435145
1865,1767153491376,0.0,0.0,0.0,0.0,-244.26741329232172,0.0,3.272688801246979e-182,hard,False,False,-299.8683470969354,0.0,1.0,0.0,0.9804841750435145
1866,1767153491476,0.0,0.0,0.0,0.0,-244.26741329232172,0.0,1.3090755204987917e-182,hard,False,False,-299.8683470969354,0.0,1.0,0.0,0.9804841750435145
1867,1767153491508,0.0,0.0,0.0,0.0,-244.26741329232172,0.0,5.236302081995167e-183,hard,False,False,-299.8683470969354,0.0,1.0,0.0,0.9804841750435145
1868,1767153491541,0.0,0.0,0.0,0.0,-244.26741329232172,0.0,2.094520832798067e-183,hard,False,False,-299.8683470969354,0.0,1.0,0.0,0.9804841750435145
1869,1767153491575,0.0,0.0,0.0,0.0,-244.26741329232172,0.0,8.378083331192268e-184,hard,False,False,-299.8683470969354,0.0,1.0,0.0,0.9804841750435145
1870,1767153491608,0.0,0.0,0.0,0.0,-244.26741329232172,0.0,3.3512333324769076e-184,hard,False,False,-299.8683470969354,0.0,1.0,0.0,0.9804841750435145
1871,1767153491641,0.0,0.0,0.0,0.0,-244.26741329232172,0.0,1.340493332990763e-184,hard,False,False,-299.8683470969354,0.0,1.0,0.0,0.9804841750435145
1872,1767153491674,0.0,0.0,0.0,0.0,-244.26741329232172,0.0,5.3619733319630523e-185,hard,False,False,-299.8683470969354,0.0,1.0,0.0,0.9804841750435145
1873,1767153491708,0.0,0.0,0.0,0.0,-244.26741329232172,0.0,2.144789332785221e-185,hard,False,False,-299.8683470969354,0.0,1.0,0.0,0.9804841750435145
1874,1767153491741,0.0,0.0,0.0,0.0,-244.26741329232172,0.0,8.579157331140884e-186,hard,False,False,-299.8683470969354,0.0,1.0,0.0,0.9804841750435145
1875,1767153491808,0.0,0.0,0.0,0.0,-244.26741329232172,0.0,3.4316629324563537e-186,hard,False,False,-299.8683470969354,0.0,1.0,0.0,0.9804841750435145
1876,1767153491841,0.0,0.0,0.0,0.0,-244.26741329232172,0.0,1.3726651729825416e-186,hard,False,False,-299.8683470969354,0.0,1.0,0.0,0.9804841750435145
1877,1767153491874,0.0,0.0,0.0,0.0,-244.26741329232172,0.0,5.490660691930167e-187,hard,False,False,-299.8683470969354,0.0,1.0,0.0,0.9804841750435145
1878,1767153491908,0.0,0.0,0.0,0.0,-244.26741329232172,0.0,2.1962642767720668e-187,hard,False,False,-299.8683470969354,0.0,1.0,0.0,0.9804841750435145
1879,1767153491942,0.0,0.0,0.0,0.0,-244.26741329232172,0.0,8.785057107088268e-188,hard,False,False,-299.8683470969354,0.0,1.0,0.0,0.9804841750435145
1880,1767153491975,0.0,0.0,0.0,0.0,-244.26741329232172,0.0,3.514022842835307e-188,hard,False,False,-299.8683470969354,0.0,1.0,0.0,0.9804841750435145
1881,1767153492008,0.0,0.0,0.0,0.0,-244.26741329232172,0.0,1.405609137134123e-188,hard,False,False,-299.8683470969354,0.0,1.0,0.0,0.9804841750435145
1882,1767153492042,0.0,0.0,0.0,0.0,-244.26741329232172,0.0,5.622436548536492e-189,hard,False,False,-299.8683470969354,0.0,1.0,0.0,0.9804841750435145
1883,1767153492074,0.0,0.0,0.0,0.0,-244.26741329232172,0.0,2.248974619414597e-189,hard,False,False,-299.8683470969354,0.0,1.0,0.0,0.9804841750435145
1884,1767153492112,0.0,0.0,0.0,0.0,-244.26741329232172,0.0,8.995898477658387e-190,hard,False,False,-299.8683470969354,0.0,1.0,0.0,0.9804841750435145
1885,1767153492152,0.0,0.0,0.0,0.0,-244.26741329232172,0.0,3.598359391063355e-190,hard,False,False,-299.8683470969354,0.0,1.0,0.0,0.9804841750435145
1886,1767153492180,0.0,0.0,0.0,0.0,-244.26741329232172,0.0,1.4393437564253422e-190,hard,False,False,-299.8683470969354,0.0,1.0,0.0,0.9804841750435145
1887,1767153492207,0.0,0.0,0.0,0.0,-244.26741329232172,0.0,5.75737502570137e-191,hard,False,False,-299.8683470969354,0.0,1.0,0.0,0.9804841750435145
1888,1767153492241,0.0,0.0,0.0,0.0,-244.26741329232172,0.0,2.302950010280548e-191,hard,False,False,-299.8683470969354,0.0,1.0,0.0,0.9804841750435145
1889,1767153492275,0.0,0.0,0.0,0.0,-244.26741329232172,0.0,9.211800041122193e-192,hard,False,False,-299.8683470969354,0.0,1.0,0.0,0.9804841750435145
1890,1767153492308,0.0,0.0,0.0,0.0,-244.26741329232172,0.0,3.684720016448878e-192,hard,False,False,-299.8683470969354,0.0,1.0,0.0,0.9804841750435145
1891,1767153492342,0.0,0.0,0.0,0.0,-244.26741329232172,0.0,1.4738880065795512e-192,hard,False,False,-299.8683470969354,0.0,1.0,0.0,0.9804841750435145
1892,1767153492374,0.0,0.0,0.0,0.0,-244.26741329232172,0.0,5.895552026318206e-193,hard,False,False,-299.8683470969354,0.0,1.0,0.0,0.9804841750435145
1893,1767153492408,0.0,0.0,0.0,0.0,-244.26741329232172,0.0,2.3582208105272823e-193,hard,False,False,-299.8683470969354,0.0,1.0,0.0,0.9804841750435145
1894,1767153492441,0.0,0.0,0.0,0.0,-244.26741329232172,0.0,9.432883242109129e-194,hard,False,False,-299.8683470969354,0.0,1.0,0.0,0.9804841750435145
1895,1767153492475,0.0,0.0,0.0,0.0,-244.26741329232172,0.0,3.773153296843652e-194,hard,False,False,-299.8683470969354,0.0,1.0,0.0,0.9804841750435145
1896,1767153492508,0.0,0.0,0.0,0.0,-244.26741329232172,0.0,1.509261318737461e-194,hard,False,False,-299.8683470969354,0.0,1.0,0.0,0.9804841750435145
1897,1767153492541,0.0,0.0,0.0,0.0,-244.26741329232172,0.0,6.037045274949844e-195,hard,False,False,-299.8683470969354,0.0,1.0,0.0,0.9804841750435145
1898,1767153492581,0.0,0.0,0.0,0.0,-244.26741329232172,0.0,2.414818109979938e-195,hard,False,False,-299.8683470969354,0.0,1.0,0.0,0.9804841750435145
1899,1767153492618,0.0,0.0,0.0,0.0,-244.26741329232172,0.0,9.659272439919752e-196,hard,False,False,-299.8683470969354,0.0,1.0,0.0,0.9804841750435145
1900,1767153492645,0.0,0.0,0.0,0.0,-244.26741329232172,0.0,3.863708975967901e-196,hard,False,False,-299.8683470969354,0.0,1.0,0.0,0.9804841750435145
1901,1767153492674,0.0,0.0,0.0,0.0,-244.26741329232172,0.0,1.5454835903871605e-196,hard,False,False,-299.8683470969354,0.0,1.0,0.0,0.9804841750435145
1902,1767153492708,0.0,0.0,0.0,0.0,-244.26741329232172,0.0,6.181934361548643e-197,hard,False,False,-299.8683470969354,0.0,1.0,0.0,0.9804841750435145
1903,1767153492741,0.0,0.0,0.0,0.0,-244.26741329232172,0.0,2.472773744619457e-197,hard,False,False,-299.8683470969354,0.0,1.0,0.0,0.9804841750435145
1904,1767153492775,0.0,0.0,0.0,0.0,-244.26741329232172,0.0,9.891094978477829e-198,hard,False,False,-299.8683470969354,0.0,1.0,0.0,0.9804841750435145
1905,1767153492841,0.0,0.0,0.0,0.0,-244.26741329232172,0.0,3.9564379913911316e-198,hard,False,False,-299.8683470969354,0.0,1.0,0.0,0.9804841750435145
1906,1767153492874,0.0,0.0,0.0,0.0,-244.26741329232172,0.0,1.5825751965564526e-198,hard,False,False,-299.8683470969354,0.0,1.0,0.0,0.9804841750435145
1907,1767153492908,0.0,0.0,0.0,0.0,-244.26741329232172,0.0,6.330300786225811e-199,hard,False,False,-299.8683470969354,0.0,1.0,0.0,0.9804841750435145
1908,1767153492954,0.0,0.0,0.0,0.0,-244.26741329232172,0.0,2.5321203144903247e-199,hard,False,False,-299.8683470969354,0.0,1.0,0.0,0.9804841750435145
1909,1767153492981,0.0,0.0,0.0,0.0,-244.26741329232172,0.0,1.0128481257961299e-199,hard,False,False,-299.8683470969354,0.0,1.0,0.0,0.9804841750435145
1910,1767153493008,0.0,0.0,0.0,0.0,-244.26741329232172,0.0,4.05139250318452e-200,hard,False,False,-299.8683470969354,0.0,1.0,0.0,0.9804841750435145
1911,1767153493043,0.0,0.0,0.0,0.0,-244.26741329232172,0.0,1.620557001273808e-200,hard,False,False,-299.8683470969354,0.0,1.0,0.0,0.9804841750435145
1912,1767153493074,0.0,0.0,0.0,0.0,-244.26741329232172,0.0,6.4822280050952326e-201,hard,False,False,-299.8683470969354,0.0,1.0,0.0,0.9804841750435145
1913,1767153493108,0.0,0.0,0.0,0.0,-244.26741329232172,0.0,2.592891202038093e-201,hard,False,False,-299.8683470969354,0.0,1.0,0.0,0.9804841750435145
1914,1767153493148,0.0,0.0,0.0,0.0,-244.26741329232172,0.0,1.0371564808152372e-201,hard,False,False,-299.8683470969354,0.0,1.0,0.0,0.9804841750435145
1915,1767153493185,0.0,0.0,0.0,0.0,-244.26741329232172,0.0,4.148625923260949e-202,hard,False,False,-299.8683470969354,0.0,1.0,0.0,0.9804841750435145
1916,1767153493216,0.0,0.0,0.0,0.0,-244.26741329232172,0.0,1.6594503693043796e-202,hard,False,False,-299.8683470969354,0.0,1.0,0.0,0.9804841750435145
1917,1767153493248,0.0,0.0,0.0,0.0,-244.26741329232172,0.0,6.637801477217519e-203,hard,False,False,-299.8683470969354,0.0,1.0,0.0,0.9804841750435145
1918,1767153493297,0.0,0.0,0.0,0.0,-244.26741329232172,0.0,2.6551205908870076e-203,hard,False,False,-299.8683470969354,0.0,1.0,0.0,0.9804841750435145
1919,1767153493341,0.0,0.0,0.0,0.0,-244.26741329232172,0.0,1.062048236354803e-203,hard,False,False,-299.8683470969354,0.0,1.0,0.0,0.9804841750435145
1920,1767153493374,0.0,0.0,0.0,0.0,-244.26741329232172,0.0,4.248192945419212e-204,hard,False,False,-299.8683470969354,0.0,1.0,0.0,0.9804841750435145
1921,1767153493407,0.0,0.0,0.0,0.0,-244.26741329232172,0.0,1.699277178167685e-204,hard,False,False,-299.8683470969354,0.0,1.0,0.0,0.9804841750435145
1922,1767153493441,0.0,0.0,0.0,0.0,-244.26741329232172,0.0,6.79710871267074e-205,hard,False,False,-299.8683470969354,0.0,1.0,0.0,0.9804841750435145
1923,1767153493474,0.0,0.0,0.0,0.0,-244.26741329232172,0.0,2.718843485068296e-205,hard,False,False,-299.8683470969354,0.0,1.0,0.0,0.9804841750435145
1924,1767153493507,0.0,0.0,0.0,0.0,-244.26741329232172,0.0,1.0875373940273185e-205,hard,False,False,-299.8683470969354,0.0,1.0,0.0,0.9804841750435145
1925,1767153493541,0.0,0.0,0.0,0.0,-244.26741329232172,0.0,4.350149576109274e-206,hard,False,False,-299.8683470969354,0.0,1.0,0.0,0.9804841750435145
1926,1767153493574,0.0,0.0,0.0,0.0,-244.26741329232172,0.0,1.7400598304437098e-206,hard,False,False,-299.8683470969354,0.0,1.0,0.0,0.9804841750435145
1927,1767153493607,0.0,0.0,0.0,0.0,-244.26741329232172,0.0,6.96023932177484e-207,hard,False,False,-299.8683470969354,0.0,1.0,0.0,0.9804841750435145
1928,1767153493640,0.0,0.0,0.0,0.0,-244.26741329232172,0.0,2.784095728709936e-207,hard,False,False,-299.8683470969354,0.0,1.0,0.0,0.9804841750435145
1929,1767153493674,0.0,0.0,0.0,0.0,-244.26741329232172,0.0,1.1136382914839746e-207,hard,False,False,-299.8683470969354,0.0,1.0,0.0,0.9804841750435145
1930,1767153493707,0.0,0.0,0.0,0.0,-244.26741329232172,0.0,4.454553165935898e-208,hard,False,False,-299.8683470969354,0.0,1.0,0.0,0.9804841750435145
1931,1767153493741,0.0,0.0,0.0,0.0,-244.26741329232172,0.0,1.7818212663743594e-208,hard,False,False,-299.8683470969354,0.0,1.0,0.0,0.9804841750435145
1932,1767153493774,0.0,0.0,0.0,0.0,-244.26741329232172,0.0,7.127285065497438e-209,hard,False,False,-299.8683470969354,0.0,1.0,0.0,0.9804841750435145
1933,1767153493811,0.0,0.0,0.0,0.0,-244.26741329232172,0.0,2.850914026198975e-209,hard,False,False,-299.8683470969354,0.0,1.0,0.0,0.9804841750435145
1934,1767153493841,0.0,0.0,0.0,0.0,-244.26741329232172,0.0,1.14036561047959e-209,hard,False,False,-299.8683470969354,0.0,1.0,0.0,0.9804841750435145
1935,1767153493874,0.0,0.0,0.0,0.0,-244.26741329232172,0.0,4.56146244191836e-210,hard,False,False,-299.8683470969354,0.0,1.0,0.0,0.9804841750435145
1936,1767153493907,0.0,0.0,0.0,0.0,-244.26741329232172,0.0,1.8245849767673442e-210,hard,False,False,-299.8683470969354,0.0,1.0,0.0,0.9804841750435145
1937,1767153493941,0.0,0.0,0.0,0.0,-244.26741329232172,0.0,7.298339907069377e-211,hard,False,False,-299.8683470969354,0.0,1.0,0.0,0.9804841750435145
1938,1767153493974,0.0,0.0,0.0,0.0,-244.26741329232172,0.0,2.919335962827751e-211,hard,False,False,-299.8683470969354,0.0,1.0,0.0,0.9804841750435145
1939,1767153494007,0.0,0.0,0.0,0.0,-244.26741329232172,0.0,1.1677343851311005e-211,hard,False,False,-299.8683470969354,0.0,1.0,0.0,0.9804841750435145
1940,1767153494041,0.0,0.0,0.0,0.0,-244.26741329232172,0.0,4.670937540524402e-212,hard,False,False,-299.8683470969354,0.0,1.0,0.0,0.9804841750435145
1941,1767153494074,0.0,0.0,0.0,0.0,-244.26741329232172,0.0,1.868375016209761e-212,hard,False,False,-299.8683470969354,0.0,1.0,0.0,0.9804841750435145
1942,1767153494108,0.0,0.0,0.0,0.0,-244.26741329232172,0.0,7.473500064839044e-213,hard,False,False,-299.8683470969354,0.0,1.0,0.0,0.9804841750435145
1943,1767153494141,0.0,0.0,0.0,0.0,-244.26741329232172,0.0,2.989400025935618e-213,hard,False,False,-299.8683470969354,0.0,1.0,0.0,0.9804841750435145
1944,1767153494174,0.0,0.0,0.0,0.0,-244.26741329232172,0.0,1.1957600103742473e-213,hard,False,False,-299.8683470969354,0.0,1.0,0.0,0.9804841750435145
1945,1767153494207,0.0,0.0,0.0,0.0,-244.26741329232172,0.0,4.783040041496989e-214,hard,False,False,-299.8683470969354,0.0,1.0,0.0,0.9804841750435145
1946,1767153494241,0.0,0.0,0.0,0.0,-244.26741329232172,0.0,1.9132160165987957e-214,hard,False,False,-299.8683470969354,0.0,1.0,0.0,0.9804841750435145
1947,1767153494274,0.0,0.0,0.0,0.0,-244.26741329232172,0.0,7.652864066395183e-215,hard,False,False,-299.8683470969354,0.0,1.0,0.0,0.9804841750435145
1948,1767153494307,0.0,0.0,0.0,0.0,-244.26741329232172,0.0,3.0611456265580733e-215,hard,False,False,-299.8683470969354,0.0,1.0,0.0,0.9804841750435145
1949,1767153494340,0.0,0.0,0.0,0.0,-244.26741329232172,0.0,1.2244582506232295e-215,hard,False,False,-299.8683470969354,0.0,1.0,0.0,0.9804841750435145
1950,1767153494375,0.0,0.0,0.0,0.0,-244.26741329232172,0.0,4.8978330024929184e-216,hard,False,False,-299.8683470969354,0.0,1.0,0.0,0.9804841750435145
1951,1767153494407,0.0,0.0,0.0,0.0,-244.26741329232172,0.0,1.9591332009971676e-216,hard,False,False,-299.8683470969354,0.0,1.0,0.0,0.9804841750435145
1952,1767153494440,0.0,0.0,0.0,0.0,-244.26741329232172,0.0,7.836532803988671e-217,hard,False,False,-299.8683470969354,0.0,1.0,0.0,0.9804841750435145
1953,1767153494474,0.0,0.0,0.0,0.0,-244.26741329232172,0.0,3.134613121595469e-217,hard,False,False,-299.8683470969354,0.0,1.0,0.0,0.9804841750435145
1954,1767153494507,0.0,0.0,0.0,0.0,-244.26741329232172,0.0,1.2538452486381877e-217,hard,False,False,-299.8683470969354,0.0,1.0,0.0,0.9804841750435145
1955,1767153494540,0.0,0.0,0.0,0.0,-244.26741329232172,0.0,5.015380994552751e-218,hard,False,False,-299.8683470969354,0.0,1.0,0.0,0.9804841750435145
1956,1767153494574,0.0,0.0,0.0,0.0,-244.26741329232172,0.0,2.0061523978211005e-218,hard,False,False,-299.8683470969354,0.0,1.0,0.0,0.9804841750435145
1957,1767153494607,0.0,0.0,0.0,0.0,-244.26741329232172,0.0,8.024609591284402e-219,hard,False,False,-299.8683470969354,0.0,1.0,0.0,0.9804841750435145
1958,1767153494640,0.0,0.0,0.0,0.0,-244.26741329232172,0.0,3.209843836513761e-219,hard,False,False,-299.8683470969354,0.0,1.0,0.0,0.9804841750435145
1959,1767153494674,0.0,0.0,0.0,0.0,-244.26741329232172,0.0,1.2839375346055046e-219,hard,False,False,-299.8683470969354,0.0,1.0,0.0,0.9804841750435145
1960,1767153494707,0.0,0.0,0.0,0.0,-244.26741329232172,0.0,5.135750138422019e-220,hard,False,False,-299.8683470969354,0.0,1.0,0.0,0.9804841750435145
1961,1767153494740,0.0,0.0,0.0,0.0,-244.26741329232172,0.0,2.0543000553688077e-220,hard,False,False,-299.8683470969354,0.0,1.0,0.0,0.9804841750435145
1962,1767153494774,0.0,0.0,0.0,0.0,-244.26741329232172,0.0,8.217200221475231e-221,hard,False,False,-299.8683470969354,0.0,1.0,0.0,0.9804841750435145
1963,1767153494807,0.0,0.0,0.0,0.0,-244.26741329232172,0.0,3.2868800885900927e-221,hard,False,False,-299.8683470969354,0.0,1.0,0.0,0.9804841750435145
1964,1767153494840,0.0,0.0,0.0,0.0,-244.26741329232172,0.0,1.3147520354360371e-221,hard,False,False,-299.8683470969354,0.0,1.0,0.0,0.9804841750435145
1965,1767153494873,0.0,0.0,0.0,0.0,-244.26741329232172,0.0,5.2590081417441487e-222,hard,False,False,-299.8683470969354,0.0,1.0,0.0,0.9804841750435145
1966,1767153494907,0.0,0.0,0.0,0.0,-244.26741329232172,0.0,2.1036032566976595e-222,hard,False,False,-299.8683470969354,0.0,1.0,0.0,0.9804841750435145
1967,1767153494940,0.0,0.0,0.0,0.0,-244.26741329232172,0.0,8.414413026790639e-223,hard,False,False,-299.8683470969354,0.0,1.0,0.0,0.9804841750435145
1968,1767153494974,0.0,0.0,0.0,0.0,-244.26741329232172,0.0,3.3657652107162557e-223,hard,False,False,-299.8683470969354,0.0,1.0,0.0,0.9804841750435145
1969,1767153495007,0.0,0.0,0.0,0.0,-244.26741329232172,0.0,1.3463060842865024e-223,hard,False,False,-299.8683470969354,0.0,1.0,0.0,0.9804841750435145
1970,1767153495040,0.0,0.0,0.0,0.0,-244.26741329232172,0.0,5.38522433714601e-224,hard,False,False,-299.8683470969354,0.0,1.0,0.0,0.9804841750435145
1971,1767153495074,0.0,0.0,0.0,0.0,-244.26741329232172,0.0,2.154089734858404e-224,hard,False,False,-299.8683470969354,0.0,1.0,0.0,0.9804841750435145
