{
  "n_pairs": 36,
  "mean_dt_ms": -107.72222222222223,
  "median_dt_ms": -205.0,
  "std_dt_ms": 259.86926318943006,
  "min_dt_ms": -450.0,
  "max_dt_ms": 432.0,
  "offset_ms": 190.0
}