{
  "n_pairs": 39,
  "mean_dt_ms": -47.46153846153846,
  "median_dt_ms": -204.0,
  "std_dt_ms": 369.193080341428,
  "min_dt_ms": -519.0,
  "max_dt_ms": 838.0,
  "offset_ms": 190.0
}