{
  "n_pairs": 28,
  "mean_dt_ms": -78.85714285714286,
  "median_dt_ms": -159.0,
  "std_dt_ms": 219.71746700279076,
  "min_dt_ms": -344.0,
  "max_dt_ms": 325.0,
  "offset_ms": 190.0
}