frame_idx,timestamp_ms,depth_raw_mm,depth_ema_mm,depth_kf_mm,depth_corr_mm,sig_mm,conf,conf_ema,vision_state,has_hand,has_main_hand,velocity_mm_s,motion_mm,gain,offset_mm,cos_tilt
0,1767153304343,-0.18585622325421416,-0.18585622325421416,-0.18585622325421416,-0.18585622325421416,-0.18585622325421416,0.9311728477478027,0.5587037086486816,ok,True,True,0.0,0.0,1.0,0.0,0.9804841750435145
1,1767153304377,0.3326225109889359,0.12523101729167585,0.08945709434278057,0.08945709434278057,0.08945709434278057,0.9446917772293091,0.790296549797058,ok,True,True,0.05658105823806415,0.20739149369726007,1.0,0.0,0.9804841750435145
2,1767153304410,-0.17615471898202822,-0.055600424472546595,-0.03857357704172633,-0.03857357704172633,-0.03857357704172633,0.9448244571685791,0.8830132942199707,ok,True,True,0.019610837043442,0.12055429450948163,1.0,0.0,0.9804841750435145
3,1767153304443,-0.3511438780905858,-0.2329264966433701,-0.21037739434803532,-0.21037739434803532,-0.21037739434803532,0.9398189187049866,0.9170966689109803,ok,True,True,-0.04053298261917451,0.11821738144721569,1.0,0.0,0.9804841750435145
4,1767153304476,-0.40856551860208434,-0.33830990981859865,-0.32370326802517274,-0.32370326802517274,-0.32370326802517274,0.9370074272155762,0.9290431238937378,ok,True,True,-0.08641370154926699,0.07025560878348569,1.0,0.0,0.9804841750435145
5,1767153304510,-0.04699482235357181,-0.16352085733958255,-0.18229952585520784,-0.18229952585520784,-0.18229952585520784,0.9278740286827087,0.9283416667671203,ok,True,True,-0.01878006117715829,0.11652603498601075,1.0,0.0,0.9804841750435145
6,1767153304543,-0.3439769492828749,-0.271794512505558,-0.26158001882049825,-0.26158001882049825,-0.26158001882049825,0.9285816550254822,0.9284856597221374,ok,True,True,-0.060134260498218864,0.07218243677731695,1.0,0.0,0.9804841750435145
7,1767153304577,0.15539763792191846,-0.015479222249072125,-0.04394276312869361,-0.04394276312869361,-0.04394276312869361,0.9486680626869202,0.9405951015010071,ok,True,True,0.06740502406694308,0.17087686017099057,1.0,0.0,0.9804841750435145
8,1767153304618,-0.570536960189018,-0.34851386501303966,-0.31337795247683736,-0.31337795247683736,-0.31337795247683736,0.9373264312744141,0.9386338993650513,ok,True,True,-0.10466166989612029,0.22202309517597835,1.0,0.0,0.9804841750435145
9,1767153304651,-0.578336096028684,-0.48640720362242623,-0.4670253933401378,-0.4670253933401378,-0.4670253933401378,0.933282732963562,0.9354231995241578,ok,True,True,-0.2073238243602123,0.09192889240625773,1.0,0.0,0.9804841750435145
10,1767153304682,-0.124014880855683,-0.2689718099623803,-0.2923646719443995,-0.2923646719443995,-0.2923646719443995,0.9461951851844788,0.9418863909203503,ok,True,True,-0.07447383328172894,0.14495692910669727,1.0,0.0,0.9804841750435145
11,1767153304713,-0.33578124721407326,-0.3090574723133961,-0.3074381691765225,-0.3074381691765225,-0.3074381691765225,0.9410829544067383,0.9414043290121831,ok,True,True,-0.08426002354744393,0.026723774900677177,1.0,0.0,0.9804841750435145
12,1767153304743,-0.22004138167303047,-0.25564781792917673,-0.26186025815672653,-0.26186025815672653,-0.26186025815672653,0.9409906268119812,0.9411561076920619,ok,True,True,-0.0445645380178505,0.03560643625614626,1.0,0.0,0.9804841750435145
13,1767153304776,0.15115035613451008,-0.011568913490964644,-0.040176537366661685,-0.040176537366661685,-0.040176537366661685,0.9436682462692261,0.9426633908383604,ok,True,True,0.14761118170161242,0.16271926962547473,1.0,0.0,0.9804841750435145
14,1767153304811,-0.3116884119599244,-0.19164061257234052,-0.17389532956446965,-0.17389532956446965,-0.17389532956446965,0.9475786685943604,0.9456125574919603,ok,True,True,0.022907772903034376,0.12004779938758389,1.0,0.0,0.9804841750435145
15,1767153304846,-0.44407831178800666,-0.3431032321017402,-0.32384027408518734,-0.32384027408518734,-0.32384027408518734,0.9436855912208557,0.9444563777292976,ok,True,True,-0.11808169799138322,0.10097507968626646,1.0,0.0,0.9804841750435145
16,1767153304876,-0.039546274049808205,-0.160969057270581,-0.17985126646398328,-0.17985126646398328,-0.17985126646398328,0.9370874166488647,0.9400350010810379,ok,True,True,0.025297448896968958,0.1214227832207728,1.0,0.0,0.9804841750435145
17,1767153304910,-0.03351157056296268,-0.08449456524601001,-0.09518154214542462,-0.09518154214542462,-0.09518154214542462,0.9480249881744385,0.9448289933370783,ok,True,True,0.10919330898657151,0.05098299468304733,1.0,0.0,0.9804841750435145
18,1767153304943,-0.1612403803645386,-0.13054205431712718,-0.12613666924887812,-0.12613666924887812,-0.12613666924887812,0.9392442107200623,0.9414781237668686,ok,True,True,0.0735512557510342,0.030698326047411434,1.0,0.0,0.9804841750435145
19,1767153304976,0.1040566795904985,0.01021718602744822,-0.0048936526683275305,-0.0048936526683275305,-0.0048936526683275305,0.9402691721916199,0.9407527528217194,ok,True,True,0.19919451443110492,0.09383949356305027,1.0,0.0,0.9804841750435145
20,1767153305010,-0.33617206610655476,-0.19761636525295356,-0.17513832656045936,-0.17513832656045936,-0.17513832656045936,0.9417876601219177,0.9413736972018385,ok,True,True,0.007601002236974241,0.1385557008536012,1.0,0.0,0.9804841750435145
21,1767153305043,-0.11952046359214662,-0.15075882425646941,-0.15347679006912873,-0.15347679006912873,-0.15347679006912873,0.9476221203804016,0.9451227511089764,ok,True,True,0.03129539320003685,0.031238360664322798,1.0,0.0,0.9804841750435145
22,1767153305076,0.14156379859540688,0.02463474945465636,0.004702118397592908,0.004702118397592908,0.004702118397592908,0.947497546672821,0.9465476284472831,ok,True,True,0.2086523894691574,0.11692904914075053,1.0,0.0,0.9804841750435145
23,1767153305110,0.1729040253704246,0.11359631500411731,0.10212913488359843,0.10212913488359843,0.10212913488359843,0.9361813068389893,0.9403278354823068,ok,True,True,0.31259909722627977,0.05930771036630729,1.0,0.0,0.9804841750435145
24,1767153305143,-0.45777421503481897,-0.22922600301924445,-0.19080474868544942,-0.19080474868544942,-0.19080474868544942,0.948715329170227,0.945360331695059,ok,True,True,-0.04161084648991448,0.22854821201557451,1.0,0.0,0.9804841750435145
25,1767153305176,-0.3865474718800795,-0.3236188843357455,-0.30885321175320973,-0.30885321175320973,-0.30885321175320973,0.9426320195198059,0.9437233443899071,ok,True,True,-0.17984358200936132,0.062928587544334,1.0,0.0,0.9804841750435145
26,1767153305210,-0.7543482810616782,-0.5820565223713051,-0.552052725376332,-0.552052725376332,-0.552052725376332,0.9453631043434143,0.9447072003620114,ok,True,True,-0.4646813121969019,0.17229175869037305,1.0,0.0,0.9804841750435145
27,1767153305243,-0.4755909586626485,-0.5181771841461111,-0.5237173283123772,-0.5237173283123772,-0.5237173283123772,0.9554022550582886,0.9511242331797778,ok,True,True,-0.41141447240179324,0.042586225483462636,1.0,0.0,0.9804841750435145
28,1767153305276,-0.3574199697169051,-0.4217228554885875,-0.43470246604284335,-0.43470246604284335,-0.43470246604284335,0.9346625208854675,0.9412472058031917,ok,True,True,-0.28516969459493313,0.06430288577168242,1.0,0.0,0.9804841750435145
29,1767153305310,0.2679017529266813,-0.007948090439426264,-0.05686440612558635,-0.05686440612558635,-0.05686440612558635,0.9493073225021362,0.9460832758225585,ok,True,True,0.19563456870316903,0.2758498433661075,1.0,0.0,0.9804841750435145
30,1767153305343,-0.668373872052419,-0.4042035594072219,-0.36454228481650713,-0.36454228481650713,-0.36454228481650713,0.9416772127151489,0.9434396379581127,ok,True,True,-0.19794473620296776,0.26417031264519714,1.0,0.0,0.9804841750435145
31,1767153305376,-0.6263435991007036,-0.5374875832233109,-0.51884994292283,-0.51884994292283,-0.51884994292283,0.9463157057762146,0.9451652786489738,ok,True,True,-0.38451102254633096,0.08885601587739267,1.0,0.0,0.9804841750435145
32,1767153305410,-0.4729931624949779,-0.4987909307863111,-0.5024731456862995,-0.5024731456862995,-0.5024731456862995,0.9404850006103516,0.9423571118258005,ok,True,True,-0.34735855873266785,0.02579776829133318,1.0,0.0,0.9804841750435145
33,1767153305443,-1.0366804468595823,-0.8215246404302738,-0.7870973761002746,-0.7870973761002746,-0.7870973761002746,0.9458373785018921,0.9444452718314554,ok,True,True,-0.6972293349664399,0.21515580642930843,1.0,0.0,0.9804841750435145
34,1767153305476,-0.5915549703332028,-0.6835428383720312,-0.6977359298808541,-0.6977359298808541,-0.6977359298808541,0.9381007552146912,0.9406385618613969,ok,True,True,-0.5520425009919173,0.09198786803882841,1.0,0.0,0.9804841750435145
35,1767153305510,-1.0554512483719987,-0.9066878843720116,-0.88536376716341,-0.88536376716341,-0.88536376716341,0.9408465623855591,0.9407633621758942,ok,True,True,-0.771479682338259,0.14876336399998702,1.0,0.0,0.9804841750435145
36,1767153305543,-0.24170884085913297,-0.5077004582642844,-0.5528311308483251,-0.5528311308483251,-0.5528311308483251,0.9488919973373413,0.9456405432727625,ok,True,True,-0.3045334823916531,0.2659916174051515,1.0,0.0,0.9804841750435145
37,1767153305576,0.0346460948184668,-0.1822925264146337,-0.224875446986468,-0.224875446986468,-0.224875446986468,0.945062518119812,0.9452937281809921,ok,True,True,0.13823259894589424,0.21693862123310048,1.0,0.0,0.9804841750435145
38,1767153305616,0.17061658538207747,0.029452940663393004,0.0015253877927036974,0.0015253877927036974,0.0015253877927036974,0.9469678401947021,0.9462981953892182,ok,True,True,0.42992339478844355,0.14116364471868448,1.0,0.0,0.9804841750435145
39,1767153305647,-0.1210550024788016,-0.060851825221923755,-0.05227472205890639,-0.05227472205890639,-0.05227472205890639,0.9472336769104004,0.9468594843019276,ok,True,True,0.339972418510425,0.06020317725687785,1.0,0.0,0.9804841750435145
40,1767153305684,-0.07404753598460212,-0.06876925167953077,-0.06565829564402449,-0.06565829564402449,-0.06565829564402449,0.949225127696991,0.9482788703389656,ok,True,True,0.3072251715968264,0.005278284305071351,1.0,0.0,0.9804841750435145
41,1767153305718,0.08184322342225288,0.021598233381539413,0.01298944261539689,0.01298944261539689,0.01298944261539689,0.9399541616439819,0.9432840451219755,ok,True,True,0.3981522828724593,0.060244990040713466,1.0,0.0,0.9804841750435145
42,1767153305743,0.17423740747418473,0.1131817378371266,0.10346712052527676,0.10346712052527676,0.10346712052527676,0.9418359994888306,0.9424152177420886,ok,True,True,0.5010758876282956,0.061055669637058135,1.0,0.0,0.9804841750435145
43,1767153305776,0.15167911110669083,0.13628016179886512,0.1344798072098589,0.1344798072098589,0.1344798072098589,0.9415954351425171,0.9419233481823457,ok,True,True,0.5202036876619761,0.015398949307825704,1.0,0.0,0.9804841750435145
44,1767153305812,-0.5745658431835691,-0.29022744119059535,-0.2408341687089163,-0.2408341687089163,-0.2408341687089163,0.9361151456832886,0.9384384266829114,ok,True,True,-0.005914017132348848,0.2843384019929737,1.0,0.0,0.9804841750435145
45,1767153305843,0.1533573334096993,-0.024076576430418578,-0.04831602546596797,-0.04831602546596797,-0.04831602546596797,0.9478126764297485,0.9440629765310137,ok,True,True,0.25287528512818325,0.17743390984011786,1.0,0.0,0.9804841750435145
46,1767153305876,-0.11802040872541644,-0.0804428758074173,-0.07591215125063003,-0.07591215125063003,-0.07591215125063003,0.934002161026001,0.9380264872280061,ok,True,True,0.20440127169465866,0.037577532917999146,1.0,0.0,0.9804841750435145
47,1767153305910,-0.25817496037324,-0.18708212654691092,-0.17390273772635073,-0.17390273772635073,-0.17390273772635073,0.9404687285423279,0.9394918320165991,ok,True,True,0.06312417016515762,0.07109283382632908,1.0,0.0,0.9804841750435145
48,1767153305943,-0.4230890383270926,-0.32868627361501995,-0.3111624454869383,-0.3111624454869383,-0.3111624454869383,0.9296117424964905,0.9335637783045339,ok,True,True,-0.12505239937466314,0.09440276471207265,1.0,0.0,0.9804841750435145
49,1767153305976,-0.06339197382782918,-0.1695096937427055,-0.18579625435197233,-0.18579625435197233,-0.18579625435197233,0.9392209649085999,0.9369580902669734,ok,True,True,0.05011675206655025,0.10611771991487631,1.0,0.0,0.9804841750435145
50,1767153306011,-0.2397375043867634,-0.21164638012914022,-0.2085728358204743,-0.2085728358204743,-0.2085728358204743,0.9412117600440979,0.9395102921332481,ok,True,True,0.01701147807987393,0.028091124257623168,1.0,0.0,0.9804841750435145
51,1767153306043,-0.203017770503472,-0.20646921435373927,-0.20664081036707424,-0.20664081036707424,-0.20664081036707424,0.9359530210494995,0.937375929482999,ok,True,True,0.018862185380360472,0.0034514438502672717,1.0,0.0,0.9804841750435145
52,1767153306078,-0.33309149365993646,-0.2824425819374576,-0.2739077048591136,-0.2739077048591136,-0.2739077048591136,0.9252551794052124,0.930103479436327,ok,True,True,-0.07329922641590628,0.05064891172247887,1.0,0.0,0.9804841750435145
53,1767153306113,-0.5085979130673663,-0.41813578061540285,-0.4023036822857666,-0.4023036822857666,-0.4023036822857666,0.9360354542732239,0.9336626643384651,ok,True,True,-0.24444443052384654,0.0904621324519635,1.0,0.0,0.9804841750435145
54,1767153306145,-0.4527912741556807,-0.4389290767395696,-0.43574936889932064,-0.43574936889932064,-0.43574936889932064,0.9506975412368774,0.9438835904775125,ok,True,True,-0.27885130326077767,0.01386219741611111,1.0,0.0,0.9804841750435145
55,1767153306176,-0.5070576268440573,-0.47980620680226227,-0.4759249401667463,-0.4759249401667463,-0.4759249401667463,0.9242895245552063,0.9321271509241288,ok,True,True,-0.3208875904912495,0.027251420041795038,1.0,0.0,0.9804841750435145
56,1767153306209,-0.6769948770336269,-0.5981194089410811,-0.5856707410410268,-0.5856707410410268,-0.5856707410410268,0.9365631341934204,0.9347887408857037,ok,True,True,-0.4558246666886352,0.07887546809254586,1.0,0.0,0.9804841750435145
57,1767153306243,-0.573772710725298,-0.5835113900116112,-0.5854488258909428,-0.5854488258909428,-0.5854488258909428,0.9338893890380859,0.9342491297771331,ok,True,True,-0.43480813104064997,0.009738679286313223,1.0,0.0,0.9804841750435145
58,1767153306276,-0.4346584270118735,-0.4941996122117686,-0.5060049231856396,-0.5060049231856396,-0.5060049231856396,0.9436038732528687,0.9398619758625745,ok,True,True,-0.3066614609392546,0.0595411851998951,1.0,0.0,0.9804841750435145
59,1767153306309,-0.2851184746078417,-0.3687509296494125,-0.38521494242942345,-0.38521494242942345,-0.38521494242942345,0.9339479804039001,0.9363135785873699,ok,True,True,-0.12783365345319864,0.0836324550415708,1.0,0.0,0.9804841750435145
60,1767153306343,-0.39276609013985736,-0.38316002594367937,-0.3838651211224412,-0.3838651211224412,-0.3838651211224412,0.9423949122428894,0.9399623787806816,ok,True,True,-0.12017076818965716,0.009606064196177988,1.0,0.0,0.9804841750435145
61,1767153306376,0.3124148753129846,0.03418491481031902,-0.012930451103034202,-0.012930451103034202,-0.012930451103034202,0.9397358298301697,0.9398264494103744,ok,True,True,0.3921362486992684,0.2782299605026656,1.0,0.0,0.9804841750435145
62,1767153306411,-0.2230127547232201,-0.12013368690980446,-0.10670737228445334,-0.10670737228445334,-0.10670737228445334,0.9491729736328125,0.9454343639438373,ok,True,True,0.24607747951290293,0.10287906781341564,1.0,0.0,0.9804841750435145
63,1767153306451,0.005995621597585953,-0.04445610180537021,-0.050489474349723756,-0.050489474349723756,-0.050489474349723756,0.948864221572876,0.9474922785212605,ok,True,True,0.3117397307644145,0.050451723402956165,1.0,0.0,0.9804841750435145
64,1767153306476,-0.5499097689373147,-0.34772830208453687,-0.3133886276350634,-0.3133886276350634,-0.3133886276350634,0.9447453618049622,0.9458441284914815,ok,True,True,-0.06212972115367882,0.20218146685277782,1.0,0.0,0.9804841750435145
65,1767153306510,0.12595977957942064,-0.06351545308616237,-0.09163864144354963,-0.09163864144354963,-0.09163864144354963,0.9460247755050659,0.9459525166996321,ok,True,True,0.2441663410330056,0.18947523266558303,1.0,0.0,0.9804841750435145
66,1767153306543,-0.33126958794057454,-0.22416793399880966,-0.208466124754768,-0.208466124754768,-0.208466124754768,0.9488115906715393,0.9476679610827764,ok,True,True,0.07309950039870472,0.10710165394176488,1.0,0.0,0.9804841750435145
67,1767153306576,0.00893251062785077,-0.0843076672228134,-0.09789444370495191,-0.09789444370495191,-0.09789444370495191,0.9422050714492798,0.9443902273026784,ok,True,True,0.22116685486938137,0.09324017785066417,1.0,0.0,0.9804841750435145
68,1767153306609,0.418263574472255,0.21723507779422763,0.18288315160215884,0.18288315160215884,0.18288315160215884,0.9450980424880981,0.9448149164139303,ok,True,True,0.5956302101809796,0.20102849667802736,1.0,0.0,0.9804841750435145
69,1767153306646,0.5734818954905757,0.4309831684120365,0.405506626483909,0.405506626483909,0.405506626483909,0.9466909766197205,0.9459405525374045,ok,True,True,0.8734119382102428,0.14249872707853922,1.0,0.0,0.9804841750435145
70,1767153306676,0.1901058039762614,0.28645674975057145,0.3029944484397095,0.3029944484397095,0.3029944484397095,0.9433922171592712,0.9444115513105246,ok,True,True,0.693054609707614,0.09635094577431005,1.0,0.0,0.9804841750435145
71,1767153306709,-0.2177654363579916,-0.01607656191456637,0.02211567163834144,0.02211567163834144,0.02211567163834144,0.9392827749252319,0.9413342854793489,ok,True,True,0.2764532301624515,0.2016888744434252,1.0,0.0,0.9804841750435145
72,1767153306743,0.007202562294955056,-0.0021090873888535144,0.0016233319958864935,0.0016233319958864935,0.0016233319958864935,0.9393269419670105,0.9401298793719459,ok,True,True,0.23573253450399206,0.00931164968380857,1.0,0.0,0.9804841750435145
73,1767153306776,-0.04463266698872085,-0.027623235148773916,-0.02348183641751855,-0.02348183641751855,-0.02348183641751855,0.9381734132766724,0.9389559997147817,ok,True,True,0.19054238407365567,0.017009431839946933,1.0,0.0,0.9804841750435145
74,1767153306809,0.15808739147605536,0.08380314082612364,0.07253751850165938,0.07253751850165938,0.07253751850165938,0.9384186267852783,0.9386335759570796,ok,True,True,0.3134892435673639,0.07428425064993172,1.0,0.0,0.9804841750435145
75,1767153306843,0.06758982851998918,0.07407515344244298,0.07506985392970324,0.07506985392970324,0.07506985392970324,0.9219898581504822,0.9286473452731211,ok,True,True,0.30263213452454313,0.0064853249224537945,1.0,0.0,0.9804841750435145
76,1767153306876,-0.06353565724418266,-0.008491332969532403,0.001961093847505674,0.001961093847505674,0.001961093847505674,0.9393918514251709,0.935094048964351,ok,True,True,0.18853013444465344,0.05504432427465025,1.0,0.0,0.9804841750435145
77,1767153306909,-0.03368973799924098,-0.023610375987357546,-0.020054875931532698,-0.020054875931532698,-0.020054875931532698,0.9367731213569641,0.9361014923999189,ok,True,True,0.14971275770043774,0.010079362011883433,1.0,0.0,0.9804841750435145
78,1767153306943,-0.531684964407041,-0.3284551290391676,-0.2934770401482181,-0.2934770401482181,-0.2934770401482181,0.9369686841964722,0.9366218074778508,ok,True,True,-0.23220205144313416,0.20322983536787342,1.0,0.0,0.9804841750435145
79,1767153307087,0.09630926978071969,-0.07359648974723523,-0.09900152028254816,-0.09900152028254816,-0.09900152028254816,0.9426713585853577,0.940251538142355,ok,True,True,0.04521364448127385,0.16990575952795492,1.0,0.0,0.9804841750435145
80,1767153307107,-0.12860700284233972,-0.10660279760429793,-0.10558620148546999,-0.10558620148546999,-0.10558620148546999,0.9355334639549255,0.9374206936298972,ok,True,True,0.03411175338039011,0.022004205238041794,1.0,0.0,0.9804841750435145
81,1767153307138,0.24151573034753104,0.10226831916679945,0.07919649058398079,0.07919649058398079,0.07919649058398079,0.9435588121414185,0.94110356473681,ok,True,True,0.28609077870534383,0.13924741118073158,1.0,0.0,0.9804841750435145
82,1767153307164,0.39395234042524874,0.277278731921869,0.25623511024791273,0.25623511024791273,0.25623511024791273,0.9412906169891357,0.9412157960882055,ok,True,True,0.515935044725653,0.11667360850337971,1.0,0.0,0.9804841750435145
83,1767153307188,-0.2608762086006851,-0.04561423239166343,-0.010005456019967107,-0.010005456019967107,-0.010005456019967107,0.9439605474472046,0.942862646903605,ok,True,True,0.12698101153706332,0.21526197620902168,1.0,0.0,0.9804841750435145
84,1767153307211,0.0038288756789757066,-0.01594836754927995,-0.014812673097578982,-0.014812673097578982,-0.014812673097578982,0.9471005201339722,0.9454053708418253,ok,True,True,0.11457511226673792,0.019777243228255657,1.0,0.0,0.9804841750435145
85,1767153307242,-0.3495978445306225,-0.21613805373808548,-0.19324203951862495,-0.19324203951862495,-0.19324203951862495,0.9528223276138306,0.9498555449050284,ok,True,True,-0.13554571368193793,0.133459790792537,1.0,0.0,0.9804841750435145
86,1767153307273,-0.1485445136955465,-0.1755819297125621,-0.17805722597709972,-0.17805722597709972,-0.17805722597709972,0.9408897161483765,0.9444760476510372,ok,True,True,-0.10850374618034998,0.027037416017015592,1.0,0.0,0.9804841750435145
87,1767153307296,0.10444749848297992,-0.007564272795236901,-0.026996434738725678,-0.026996434738725678,-0.026996434738725678,0.9377957582473755,0.9404678740088401,ok,True,True,0.10379696640317317,0.11201177127821682,1.0,0.0,0.9804841750435145
88,1767153307325,-0.24505953812849574,-0.1500614319951922,-0.13594017924697704,-0.13594017924697704,-0.13594017924697704,0.9367963671684265,0.938264969904592,ok,True,True,-0.05048709306011202,0.09499810613330353,1.0,0.0,0.9804841750435145
89,1767153307357,-0.14491219693013088,-0.14697189095615543,-0.1459284862949458,-0.1459284862949458,-0.1459284862949458,0.9239028096199036,0.9296476737337789,ok,True,True,-0.0618873996027101,0.0020596940260245444,1.0,0.0,0.9804841750435145
90,1767153307383,0.019651293487819237,-0.04699798028977063,-0.05826966709217883,-0.05826966709217883,-0.05826966709217883,0.9516732096672058,0.942862995293835,ok,True,True,0.06127188633965856,0.06664927377758986,1.0,0.0,0.9804841750435145
91,1767153307409,-0.01940185907705246,-0.03044030756213973,-0.03331833832597886,-0.03331833832597886,-0.03331833832597886,0.9418232440948486,0.9422391445744431,ok,True,True,0.09271944022424809,0.011038448485087272,1.0,0.0,0.9804841750435145
92,1767153307433,0.6360588969808366,0.3694592151636461,0.3248510256621757,0.3248510256621757,0.3248510256621757,0.9449751973152161,0.9438807762189069,ok,True,True,0.5801559293851096,0.2665996818171905,1.0,0.0,0.9804841750435145
93,1767153307454,0.19464045259637675,0.2645679576232845,0.2734543414813035,0.2734543414813035,0.2734543414813035,0.939558207988739,0.9412872352808062,ok,True,True,0.4830514126436842,0.06992750502690775,1.0,0.0,0.9804841750435145
94,1767153307483,0.03907154404215351,0.1292701094746059,0.1471592370210644,0.1471592370210644,0.1471592370210644,0.9488322138786316,0.9458142224395014,ok,True,True,0.2875664021764237,0.09019856543245239,1.0,0.0,0.9804841750435145
95,1767153307511,-0.33283286351050023,-0.14799167431645777,-0.11398080634271743,-0.11398080634271743,-0.11398080634271743,0.9494142532348633,0.9479742409167184,ok,True,True,-0.08409808148260672,0.18484118919404247,1.0,0.0,0.9804841750435145
96,1767153307576,-3.123348723867716,-1.9332059040472127,-1.7304798191229522,-1.7304798191229522,-1.7304798191229522,0.9459699988365173,0.9467716956685978,ok,True,True,-2.299493283121921,1.1901428198205033,1.0,0.0,0.9804841750435145
97,1767153307692,-4.065929177156407,-3.212839867912729,-3.0559523490686034,-3.0559523490686034,-3.0559523490686034,0.9570332765579224,0.9529286442021926,ok,True,True,-4.013993177369747,0.8530893092436775,1.0,0.0,0.9804841750435145
98,1767153307714,-3.690093591332322,-3.4991921019644847,-3.4646563682482157,-3.4646563682482157,-3.4646563682482157,0.9541272521018982,0.953647808942016,ok,True,True,-4.391412882939921,0.19090148936783713,1.0,0.0,0.9804841750435145
99,1767153307735,-3.6587821012405746,-3.5949461015301383,-3.5967419380975327,-3.5967419380975327,-3.5967419380975327,0.953710675239563,0.9536855287205441,ok,True,True,-4.371787013828629,0.0638359997104363,1.0,0.0,0.9804841750435145
100,1767153307757,-3.910320037245604,-3.784170462959418,-3.7795161923345004,-3.7795161923345004,-3.7795161923345004,0.9530079364776611,0.9532789733748144,ok,True,True,-4.422652050803092,0.126149574286186,1.0,0.0,0.9804841750435145
101,1767153307786,-3.344460259625736,-3.520344340959209,-3.5657230361424537,-3.5657230361424537,-3.5657230361424537,0.9534748196601868,0.9533964811460378,ok,True,True,-3.9267169200296963,0.17588408133347322,1.0,0.0,0.9804841750435145
102,1767153307813,-3.5011843828474403,-3.5088483660921477,-3.5298042723923975,-3.5298042723923975,-3.5298042723923975,0.9440926909446716,0.947814207025218,ok,True,True,-3.69769133962876,0.007663983244707406,1.0,0.0,0.9804841750435145
103,1767153307852,-3.7052320760793234,-3.626678592084453,-3.629623011987735,-3.629623011987735,-3.629623011987735,0.9213389158248901,0.9319290323050213,ok,True,True,-3.66551167279176,0.07855348399487028,1.0,0.0,0.9804841750435145
104,1767153307877,-2.204407066237498,-2.77331567657628,-2.8825219913762683,-2.8825219913762683,-2.8825219913762683,0.9362404346466064,0.9345158737099724,ok,True,True,-2.471981446451111,0.5689086103387822,1.0,0.0,0.9804841750435145
105,1767153307898,0.2582922060409616,-0.954350947005935,-1.1787443158425202,-1.1787443158425202,-1.1787443158425202,0.9227585792541504,0.9274614970364792,ok,True,True,-0.019536810821982442,1.2126431530468966,1.0,0.0,0.9804841750435145
106,1767153307923,2.8938368808559845,1.3545617497112166,1.0717549339154586,1.0717549339154586,1.0717549339154586,0.8976936340332031,0.9096007792345135,ok,True,True,3.071344091847231,1.5392751311447679,1.0,0.0,0.9804841750435145
107,1767153307944,7.038385025571672,4.7648557152274895,4.364106844495948,4.364106844495948,4.364106844495948,0.9048182368278503,0.9067312537905157,ok,True,True,7.451278674432109,2.2735293103441823,1.0,0.0,0.9804841750435145
108,1767153307976,12.71140286943559,9.53278400775235,8.983645354492426,8.983645354492426,8.983645354492426,0.8996647596359253,0.9024913572977615,ok,True,True,13.453057488860264,3.1786188616832405,1.0,0.0,0.9804841750435145
109,1767153308009,20.193222505090006,15.929047106154943,15.203942204889977,15.203942204889977,15.203942204889977,0.9315121173858643,0.9199038133506232,ok,True,True,21.37809321610072,4.264175398935063,1.0,0.0,0.9804841750435145
110,1767153308045,27.237279002471993,22.713986243945172,21.955346564160493,21.955346564160493,21.955346564160493,0.9071013927459717,0.9122223609878323,ok,True,True,29.669689363062233,4.5232927585268214,1.0,0.0,0.9804841750435145
111,1767153308076,35.58958450042558,30.43934519783342,29.602852454533604,29.602852454533604,29.602852454533604,0.9500242471694946,0.9349034926968296,ok,True,True,38.812227181305495,5.150239302592162,1.0,0.0,0.9804841750435145
112,1767153308109,43.006510957918124,37.979644653884236,37.18912927589511,37.18912927589511,37.18912927589511,0.9621197581291199,0.9512332519562038,ok,True,True,47.45228664298569,5.026866304033888,1.0,0.0,0.9804841750435145
113,1767153308143,48.062644169346726,44.02944436316173,43.442553023934224,43.442553023934224,43.442553023934224,0.975726306438446,0.9659290846455492,ok,True,True,53.86683031546889,4.033199806184996,1.0,0.0,0.9804841750435145
114,1767153308176,52.75452267830934,49.264491352250296,48.81512116031234,48.81512116031234,48.81512116031234,0.9684461355209351,0.9674393151707807,ok,True,True,58.77832676659755,3.4900313260590465,1.0,0.0,0.9804841750435145
115,1767153308209,54.791419019892636,52.580647952835704,52.37905868719001,52.37905868719001,52.37905868719001,0.9577206969261169,0.9616081442239824,ok,True,True,60.98165068313418,2.210771067056932,1.0,0.0,0.9804841750435145
116,1767153308243,54.957752690000056,54.00691079513432,54.05209689087834,54.05209689087834,54.05209689087834,0.9718899130821228,0.9677772055388667,ok,True,True,60.48777571709828,0.9508418948657393,1.0,0.0,0.9804841750435145
117,1767153308276,54.18143693877895,54.111626481321096,54.33001028796943,54.33001028796943,54.33001028796943,0.9508216977119446,0.9576039008427134,ok,True,True,58.1008782536786,0.06981045745785508,1.0,0.0,0.9804841750435145
118,1767153308309,50.13767983696689,51.72725849470857,52.23389046250465,52.23389046250465,52.23389046250465,0.9708005785942078,0.96552190749361,ok,True,True,52.5634647569003,1.5895786577416828,1.0,0.0,0.9804841750435145
119,1767153308343,44.747022895584145,47.53911713523392,48.25863189414902,48.25863189414902,48.25863189414902,0.9337098598480225,0.9464346789062574,ok,True,True,44.6992563685267,2.792094239649778,1.0,0.0,0.9804841750435145
120,1767153308377,37.80009064032044,41.695701238285835,42.59445787278794,42.59445787278794,42.59445787278794,0.9423245191574097,0.9439685830569488,ok,True,True,34.875936812247254,3.895610597965394,1.0,0.0,0.9804841750435145
121,1767153308410,28.801554608975508,33.95921326069964,35.05270863433229,35.05270863433229,35.05270863433229,0.9297358989715576,0.9354289726057141,ok,True,True,22.924120989265724,5.157658651724134,1.0,0.0,0.9804841750435145
122,1767153308443,16.373048293797243,23.407514280558203,24.792476135991024,24.792476135991024,24.792476135991024,0.92099928855896,0.9267711621776616,ok,True,True,7.786575418128471,7.03446598676096,1.0,0.0,0.9804841750435145
123,1767153308476,5.6978359930038085,12.781707308025567,14.15115461048941,14.15115461048941,14.15115461048941,0.9202121496200562,0.9228357546430983,ok,True,True,-7.1814193139134606,7.083871315021758,1.0,0.0,0.9804841750435145
124,1767153308509,0.2840230322415401,5.283096742555151,6.2461129247119045,6.2461129247119045,6.2461129247119045,0.9428354501724243,0.934835571960694,ok,True,True,-17.707155214698524,4.999073710313611,1.0,0.0,0.9804841750435145
125,1767153308542,-3.5596520386299924,-0.02255252615593495,0.6111966087372691,0.6111966087372691,0.6111966087372691,0.9219743013381958,0.9271188095871951,ok,True,True,-24.634021403087296,3.5370995124740574,1.0,0.0,0.9804841750435145
126,1767153308576,-6.522725934691064,-3.9226565712770123,-3.5082931497225998,-3.5082931497225998,-3.5082931497225998,0.93002849817276,0.9288646227385341,ok,True,True,-29.163010921312516,2.600069363414052,1.0,0.0,0.9804841750435145
127,1767153308609,-7.410798647151905,-6.015541816801948,-5.84420936456013,-5.84420936456013,-5.84420936456013,0.9308055639266968,0.9300291874514317,ok,True,True,-31.035675425089686,1.3952568303499575,1.0,0.0,0.9804841750435145
128,1767153308643,-7.444690691401361,-6.8730311415615954,-6.873667380571836,-6.873667380571836,-6.873667380571836,0.9243806600570679,0.9266400710148135,ok,True,True,-31.02872132328413,0.5716595498397652,1.0,0.0,0.9804841750435145
129,1767153308676,-6.897504010570788,-6.887714862967111,-7.001580578478645,-7.001580578478645,-7.001580578478645,0.9280310869216919,0.9274746805589404,ok,True,True,-29.784166315758178,0.009789147603677328,1.0,0.0,0.9804841750435145
130,1767153308709,-5.345004696871603,-5.962088763309806,-6.188906230258327,-6.188906230258327,-6.188906230258327,0.9177676439285278,0.9216504585806928,ok,True,True,-27.305044045787987,0.6170840664382027,1.0,0.0,0.9804841750435145
131,1767153308742,-2.5344536209380597,-3.9055076778867583,-4.2619302653568525,-4.2619302653568525,-4.2619302653568525,0.9221859574317932,0.921971757891353,ok,True,True,-23.40933088205435,1.3710540569486986,1.0,0.0,0.9804841750435145
132,1767153308776,0.9457656272624027,-0.9947436947972619,-1.4464704524904999,-1.4464704524904999,-1.4464704524904999,0.9296830892562866,0.9265985567103132,ok,True,True,-18.471936178067068,1.9405093220596645,1.0,0.0,0.9804841750435145
133,1767153308809,6.236286722120091,3.3438745553531493,2.740521704737563,2.740521704737563,2.740521704737563,0.9460493922233582,0.9382690580181402,ok,True,True,-11.877257330842587,2.8924121667669414,1.0,0.0,0.9804841750435145
134,1767153308843,13.240950974074613,9.282120406586026,8.507850025219142,8.507850025219142,8.507850025219142,0.9492868185043335,0.9448797143098562,ok,True,True,-3.414436295738957,3.9588305674885866,1.0,0.0,0.9804841750435145
135,1767153308887,20.186279722411808,15.824615996081494,14.995315492375479,14.995315492375479,14.995315492375479,0.9394758939743042,0.9416374221085251,ok,True,True,5.649871574546776,4.361663726330313,1.0,0.0,0.9804841750435145
136,1767153308914,29.671724367758706,24.13288101908782,23.13408877765621,23.13408877765621,23.13408877765621,0.9062703847885132,0.920417199716518,ok,True,True,16.56673980721806,5.538843348670888,1.0,0.0,0.9804841750435145
137,1767153308942,43.10247423803227,35.51463695045449,34.19452013696621,34.19452013696621,34.19452013696621,0.9278630614280701,0.9248847167434493,ok,True,True,30.9957135497035,7.587837287577784,1.0,0.0,0.9804841750435145
138,1767153308976,52.73624040041253,45.847599020429314,44.6623513369279,44.6623513369279,44.6623513369279,0.93288654088974,0.9296858112312237,ok,True,True,43.950562474607125,6.888641379983213,1.0,0.0,0.9804841750435145
139,1767153309009,58.655020106944065,53.53205167233817,52.70564171326346,52.70564171326346,52.70564171326346,0.9737109541893005,0.9561008970060698,ok,True,True,52.98329026526752,5.122968434605895,1.0,0.0,0.9804841750435145
140,1767153309042,59.97498792695346,57.397813425107344,57.07124613842336,57.07124613842336,57.07124613842336,0.9659805297851562,0.9620286766735218,ok,True,True,56.552698228082164,2.577174501846116,1.0,0.0,0.9804841750435145
141,1767153309076,58.865441596525386,58.27839032795817,58.35405342020607,58.35405342020607,58.35405342020607,0.9766446352005005,0.9707982517897089,ok,True,True,55.72569402863167,0.5870512685672153,1.0,0.0,0.9804841750435145
142,1767153309109,57.952948450621115,58.083125201555944,58.32067401559041,58.32067401559041,58.32067401559041,0.970346212387085,0.9705270281481345,ok,True,True,53.129264123134185,0.1301767509348295,1.0,0.0,0.9804841750435145
143,1767153309143,54.19820191979907,55.75217123250182,56.23648481599385,56.23648481599385,56.23648481599385,0.9453914761543274,0.9554456969518502,ok,True,True,47.83567189682695,1.5539693127027547,1.0,0.0,0.9804841750435145
144,1767153309182,49.04405362907079,51.7273006704432,52.40851343085592,52.40851343085592,52.40851343085592,0.9614385962486267,0.959041436529916,ok,True,True,40.38995194225061,2.683247041372411,1.0,0.0,0.9804841750435145
145,1767153309243,33.242245769469,40.63626772985868,42.100385017759216,42.100385017759216,42.100385017759216,0.8893839120864868,0.9172469218638585,ok,True,True,24.387008404816555,7.394021960389679,1.0,0.0,0.9804841750435145
146,1767153309277,22.25921186481655,29.610034210833405,31.09476225012257,31.09476225012257,31.09476225012257,0.8712916374206543,0.8896737511979359,ok,True,True,8.158784604163621,7.350822346016855,1.0,0.0,0.9804841750435145
147,1767153309309,13.9187688697171,20.19527500616362,21.442080014496113,21.442080014496113,21.442080014496113,0.774411141872406,0.820516185602618,ok,True,True,-5.468919126253496,6.276506136446519,1.0,0.0,0.9804841750435145
148,1767153309342,5.042714329808514,11.103738600350557,12.237218165194337,12.237218165194337,12.237218165194337,0.9135825634002686,0.8763560122812083,ok,True,True,-17.857966142058366,6.061024270542043,1.0,0.0,0.9804841750435145
149,1767153309376,-2.4251737617962688,2.9863911830624614,3.9524072671834682,3.9524072671834682,3.9524072671834682,0.8951289653778076,0.8876197841391679,ok,True,True,-28.416621620249764,5.41156494485873,1.0,0.0,0.9804841750435145
150,1767153309409,-5.241788277899928,-1.9505164935149717,-1.3974283027560022,-1.3974283027560022,-1.3974283027560022,0.9261759519577026,0.9107534848302887,ok,True,True,-34.461933320340236,3.291271784384956,1.0,0.0,0.9804841750435145
151,1767153309442,-6.783810196878619,-4.85049271553316,-4.593314365570186,-4.593314365570186,-4.593314365570186,0.9389232397079468,0.9276553377568835,ok,True,True,-37.27291984815032,1.9333174813454592,1.0,0.0,0.9804841750435145
152,1767153309476,-7.559269594938267,-6.475758843176225,-6.4043292039520585,-6.4043292039520585,-6.4043292039520585,0.9368190169334412,0.9331535452628181,ok,True,True,-38.05365342448489,1.0835107517620424,1.0,0.0,0.9804841750435145
153,1767153309509,-7.184790380564559,-6.9011777656092255,-6.9872939963321965,-6.9872939963321965,-6.9872939963321965,0.9351234436035156,0.9343354842672366,ok,True,True,-37.11239375374293,0.2836126149553335,1.0,0.0,0.9804841750435145
154,1767153309542,-6.497748009592178,-6.659119911998997,-6.83381226395597,-6.83381226395597,-6.83381226395597,0.9282797574996948,0.9307020482067115,ok,True,True,-35.20298739161018,0.16137190240681853,1.0,0.0,0.9804841750435145
155,1767153309576,-4.42848841530943,-5.320741013985257,-5.620572074216268,-5.620572074216268,-5.620572074216268,0.9378840327262878,0.9350112389184573,ok,True,True,-31.92580113134459,0.8922525986758272,1.0,0.0,0.9804841750435145
156,1767153309609,-2.0313547595813843,-3.3471092613429336,-3.7196130538307037,-3.7196130538307037,-3.7196130538307037,0.9265874624252319,0.929956973022522,ok,True,True,-27.854293694815787,1.3157545017615493,1.0,0.0,0.9804841750435145
157,1767153309642,3.215877395597332,0.5906827328212256,0.006002221826184595,0.006002221826184595,0.006002221826184595,0.9477590918540955,0.9406382443214661,ok,True,True,-21.463670995411736,2.6251946627761065,1.0,0.0,0.9804841750435145
158,1767153309681,9.300663174047008,5.816670997556695,5.088313740079138,5.088313740079138,5.088313740079138,0.9286125898361206,0.9334228516302588,ok,True,True,-13.502645118031863,3.483992176490313,1.0,0.0,0.9804841750435145
159,1767153309709,17.34961274872186,12.736436048255793,11.832623933834128,11.832623933834128,11.832623933834128,0.9177435636520386,0.9240152788433267,ok,True,True,-3.623877636530862,4.613176700466067,1.0,0.0,0.9804841750435145
160,1767153309743,25.19591123297178,20.212121159085385,19.263434047779857,19.263434047779857,19.263434047779857,0.9303570985794067,0.9278203706849747,ok,True,True,6.745379049819425,4.9837900738863965,1.0,0.0,0.9804841750435145
161,1767153309777,33.66013461759142,28.280929234189003,27.299613316275817,27.299613316275817,27.299613316275817,0.9427125453948975,0.9367556755109283,ok,True,True,17.47127270041091,5.3792053834024145,1.0,0.0,0.9804841750435145
162,1767153309809,43.2246453732893,37.24715891764918,36.20194603598998,36.20194603598998,36.20194603598998,0.9485774636268616,0.9438487483804883,ok,True,True,28.8955678001479,5.977486455640118,1.0,0.0,0.9804841750435145
163,1767153309842,48.33377477600571,43.8991284326631,43.14757130027442,43.14757130027442,43.14757130027442,0.963724672794342,0.9557743030288005,ok,True,True,37.110172603707646,4.434646343342614,1.0,0.0,0.9804841750435145
164,1767153309876,53.28604786675739,49.531280093119676,48.956875102300785,48.956875102300785,48.956875102300785,0.9635609984397888,0.9604463202753935,ok,True,True,43.38848457801451,3.7547677736377167,1.0,0.0,0.9804841750435145
165,1767153309909,54.042656000591464,52.23810563760275,52.03331373168924,52.03331373168924,52.03331373168924,0.9524252414703369,0.9556336729923596,ok,True,True,45.62688349883075,1.8045503629887136,1.0,0.0,0.9804841750435145
166,1767153309942,53.16227897191051,52.7926096381874,52.87760909459068,52.87760909459068,52.87760909459068,0.9624292254447937,0.95971100446382,ok,True,True,44.69782970864722,0.3696693337231096,1.0,0.0,0.9804841750435145
167,1767153309975,52.752844456006336,52.76875052887876,52.94718530066252,52.94718530066252,52.94718530066252,0.9618323445320129,0.9609838085047357,ok,True,True,42.74751717807396,0.015906072872425625,1.0,0.0,0.9804841750435145
168,1767153310009,49.72613030117398,50.943178392255895,51.325868265660155,51.325868265660155,51.325868265660155,0.9544445276260376,0.9570602399775168,ok,True,True,38.56467285969105,1.2170480910819137,1.0,0.0,0.9804841750435145
169,1767153310043,44.86802732150038,47.29808774980258,47.89108263259244,47.89108263259244,47.89108263259244,0.9473904371261597,0.9512583582667026,ok,True,True,32.083170481717445,2.4300604283022054,1.0,0.0,0.9804841750435145
170,1767153310079,38.13763746935466,41.801817581533825,42.60077475600465,42.60077475600465,42.60077475600465,0.9104098081588745,0.9267492282020058,ok,True,True,23.35047637578971,3.6641801121791673,1.0,0.0,0.9804841750435145
171,1767153310114,29.439485988238275,34.38441862555649,35.38828528819834,35.38828528819834,35.38828528819834,0.8832505345344543,0.9006500120014749,ok,True,True,12.378097743809054,4.944932637318217,1.0,0.0,0.9804841750435145
172,1767153310142,20.674579191884074,26.158514965353042,27.234665546284614,27.234665546284614,27.234665546284614,0.8776561617851257,0.8868537018716653,ok,True,True,0.6156473593986576,5.483935773468968,1.0,0.0,0.9804841750435145
173,1767153310176,13.079376098716816,18.31103164537131,19.309256618562458,19.309256618562458,19.309256618562458,0.9023247957229614,0.896136358182443,ok,True,True,-10.295067260034518,5.231655546654492,1.0,0.0,0.9804841750435145
174,1767153310209,6.457128133055365,11.198689537981743,12.06558086666144,12.06558086666144,12.06558086666144,0.9326236844062805,0.9180287539167455,ok,True,True,-19.770290042460367,4.741561404926378,1.0,0.0,0.9804841750435145
175,1767153310243,0.44117820571230554,4.744182738620081,5.487747913659571,5.487747913659571,5.487747913659571,0.8995915651321411,0.9069664406459829,ok,True,True,-27.897543749359933,4.303004532907775,1.0,0.0,0.9804841750435145
176,1767153310275,-2.283766290757843,0.5274133209933267,0.9772335833367083,0.9772335833367083,0.9772335833367083,0.9275661110877991,0.9193262429110726,ok,True,True,-32.81413149983215,2.81117961175117,1.0,0.0,0.9804841750435145
177,1767153310309,-3.657218825670649,-1.9833659670050585,-1.7750196836503636,-1.7750196836503636,-1.7750196836503636,0.9193058609962463,0.9193140137621768,ok,True,True,-35.0913806140044,1.6738528586655905,1.0,0.0,0.9804841750435145
178,1767153310342,-3.9909666651764777,-3.18792638590791,-3.1607843780105744,-3.1607843780105744,-3.1607843780105744,0.937598466873169,0.9302846856287721,ok,True,True,-35.38804592024269,0.8030402792685676,1.0,0.0,0.9804841750435145
179,1767153310377,-5.106921275973912,-4.339323319947511,-4.339441911648416,-4.339441911648416,-4.339441911648416,0.9542310237884521,0.9446524885245802,ok,True,True,-35.386749699135336,0.7675979560264006,1.0,0.0,0.9804841750435145
180,1767153310410,-6.247997495286587,-5.484527825150956,-5.488375166616104,-5.488375166616104,-5.488375166616104,0.961262583732605,0.9546185456493951,ok,True,True,-35.344697808399204,0.7634696701356303,1.0,0.0,0.9804841750435145
181,1767153310442,-5.030406983097365,-5.212055319918801,-5.374384195370739,-5.374384195370739,-5.374384195370739,0.910001277923584,0.9278481850139084,ok,True,True,-33.570424264332566,0.18164833682143655,1.0,0.0,0.9804841750435145
182,1767153310476,-3.0508633139857197,-3.9153401163589523,-4.203067906360582,-4.203067906360582,-4.203067906360582,0.922787070274353,0.9248115161701751,ok,True,True,-30.425525938740957,0.8644768023732325,1.0,0.0,0.9804841750435145
183,1767153310509,-0.11150867629627742,-1.6330412523213473,-2.0330621124538504,-2.0330621124538504,-2.0330621124538504,0.9184553623199463,0.9209978238600378,ok,True,True,-26.05325122814034,1.52153257602507,1.0,0.0,0.9804841750435145
184,1767153310542,6.988469406730478,3.539865143109748,2.820967160006667,2.820967160006667,2.820967160006667,0.945233166217804,0.9355390292746975,ok,True,True,-18.195612291944173,3.44860426362073,1.0,0.0,0.9804841750435145
185,1767153310578,13.27395792847933,9.380320814331498,8.580563427313669,8.580563427313669,8.580563427313669,0.9381688833236694,0.9371169417040806,ok,True,True,-9.4541705874838,3.8936371141478325,1.0,0.0,0.9804841750435145
186,1767153310609,20.510837570607666,16.058630868097197,15.188859172642303,15.188859172642303,15.188859172642303,0.9329390525817871,0.9346102082307045,ok,True,True,0.05253572765896841,4.45220670251047,1.0,0.0,0.9804841750435145
187,1767153310642,27.665323394462273,23.022646383916243,22.14854106131086,22.14854106131086,22.14854106131086,0.9063592553138733,0.9176596364806058,ok,True,True,9.60660912819915,4.642677010546031,1.0,0.0,0.9804841750435145
188,1767153310675,35.49888003334997,30.50838657357648,29.611112969784433,29.611112969784433,29.611112969784433,0.9342271089553833,0.9276001199654723,ok,True,True,19.41391458334763,4.990493459773489,1.0,0.0,0.9804841750435145
189,1767153310709,43.056162199273224,38.03705194899453,37.1688871591826,37.1688871591826,37.1688871591826,0.9571736454963684,0.94534423528401,ok,True,True,28.903057324427593,5.019110250278693,1.0,0.0,0.9804841750435145
190,1767153310742,47.796576966280035,43.89276695936584,43.249864496728634,43.249864496728634,43.249864496728634,0.9503164887428284,0.9483275873593011,ok,True,True,35.93005648923027,3.903810006914199,1.0,0.0,0.9804841750435145
191,1767153310775,49.76620647966329,47.416830671544304,47.08543806169567,47.08543806169567,47.08543806169567,0.9391394257545471,0.9428146903964487,ok,True,True,39.55221651138955,2.3493758081189853,1.0,0.0,0.9804841750435145
192,1767153310809,48.993304646414735,48.36271505646656,48.36730545238597,48.36730545238597,48.36730545238597,0.9456968903541565,0.9445440103710734,ok,True,True,39.50204294647603,0.6305895899481726,1.0,0.0,0.9804841750435145
193,1767153310844,48.62726826958596,48.521446984338205,48.65119982632729,48.65119982632729,48.65119982632729,0.9431161284446716,0.9436872812152323,ok,True,True,38.083829187203975,0.10582128524775669,1.0,0.0,0.9804841750435145
194,1767153310875,46.95715545859648,47.582872068893174,47.843784246182864,47.843784246182864,47.843784246182864,0.9584106802940369,0.9525213206625149,ok,True,True,35.23202852679412,0.625716610296692,1.0,0.0,0.9804841750435145
195,1767153310909,41.815237500268196,44.12229132771819,44.668704402841804,44.668704402841804,44.668704402841804,0.9545412063598633,0.953733252080924,ok,True,True,29.25966960016379,2.307053827449991,1.0,0.0,0.9804841750435145
196,1767153310942,35.82597820434695,39.14450345369545,39.86989182829096,39.86989182829096,39.86989182829096,0.952345609664917,0.9529006666313198,ok,True,True,21.331089670210723,3.3185252493484967,1.0,0.0,0.9804841750435145
197,1767153310976,29.48321747283962,33.347731865181956,34.15500284168577,34.15500284168577,34.15500284168577,0.9010265469551086,0.9217761948255931,ok,True,True,12.507523294772474,3.864514392342336,1.0,0.0,0.9804841750435145
198,1767153311009,20.474956947875878,25.62406691479831,26.622704590615513,26.622704590615513,26.622704590615513,0.9078958034515381,0.9134479600011601,ok,True,True,1.5922964562399837,5.149109966922431,1.0,0.0,0.9804841750435145
199,1767153311042,12.696902339057198,17.867768169353642,18.850798761887958,18.850798761887958,18.850798761887958,0.9190794825553894,0.9168268735336977,ok,True,True,-9.152343145172042,5.170865830296444,1.0,0.0,0.9804841750435145
200,1767153311075,3.8288825757910994,9.444436813216118,10.460198311305215,10.460198311305215,10.460198311305215,0.9177886843681335,0.9174039600343593,ok,True,True,-20.25473539241947,5.615554237425019,1.0,0.0,0.9804841750435145
201,1767153311110,-1.952323133250325,2.6063808453362522,3.4075651808904848,3.4075651808904848,3.4075651808904848,0.9347715377807617,0.9278245066822008,ok,True,True,-29.011774107574674,4.5587039785865775,1.0,0.0,0.9804841750435145
202,1767153311142,-4.073303010083666,-1.4014294679156984,-0.9726448878771206,-0.9726448878771206,-0.9726448878771206,0.9276045560836792,0.9276925363230879,ok,True,True,-33.69843984038707,2.671873542167967,1.0,0.0,0.9804841750435145
203,1767153311176,-6.286659828958976,-4.332567684541665,-4.0829441888243085,-4.0829441888243085,-4.0829441888243085,0.9232538342475891,0.9250293150777886,ok,True,True,-36.42685391791577,1.9540921444173112,1.0,0.0,0.9804841750435145
204,1767153311209,-6.994794925452046,-5.929904029087894,-5.859287159903081,-5.859287159903081,-5.859287159903081,0.945294976234436,0.937188711771777,ok,True,True,-37.19870457876484,1.064890896364152,1.0,0.0,0.9804841750435145
205,1767153311242,-7.3738490198024484,-6.796271023516626,-6.8300847434889835,-6.8300847434889835,-6.8300847434889835,0.9345325231552124,0.9355949986018383,ok,True,True,-36.82911665416934,0.5775779962858225,1.0,0.0,0.9804841750435145
206,1767153311310,-5.195039441555164,-5.835532074339749,-6.0835426815168665,-6.0835426815168665,-6.0835426815168665,0.9279828667640686,0.9310277194991765,ok,True,True,-34.118331632184734,0.6404926327845848,1.0,0.0,0.9804841750435145
207,1767153311342,-3.469602767932949,-4.415974490495669,-4.729013236874126,-4.729013236874126,-4.729013236874126,0.9335715174674988,0.9325539982801698,ok,True,True,-30.69678142068208,0.9463717225627204,1.0,0.0,0.9804841750435145
208,1767153311375,-1.2919254150065307,-2.541545045202186,-2.8998790610685905,-2.8998790610685905,-2.8998790610685905,0.9517910480499268,0.944096228142024,ok,True,True,-26.780148599464223,1.2496196301956555,1.0,0.0,0.9804841750435145
209,1767153311409,1.9827403377586654,0.17302618457432462,-0.2695575613906174,-0.2695575613906174,-0.2695575613906174,0.9564777612686157,0.951525148017979,ok,True,True,-21.94265634473716,1.8097141531843408,1.0,0.0,0.9804841750435145
210,1767153311450,6.975026386296448,4.254226305607599,3.667711726953103,3.667711726953103,3.667711726953103,0.9532651901245117,0.9525691732818986,ok,True,True,-15.531983204235182,2.720800080688849,1.0,0.0,0.9804841750435145
211,1767153311475,14.891287199637198,10.636462842025358,9.800923349120243,9.800923349120243,9.800923349120243,0.9553874731063843,0.95426015317659,ok,True,True,-6.399438537968061,4.25482435761184,1.0,0.0,0.9804841750435145
212,1767153311509,24.719905316602713,19.08652832677177,18.02638813545186,18.02638813545186,18.02638813545186,0.8703343868255615,0.9039046933659729,ok,True,True,5.188018111548132,5.633376989830943,1.0,0.0,0.9804841750435145
213,1767153311542,32.02860367756117,26.85177353724541,25.88610460418561,25.88610460418561,25.88610460418561,0.9298800230026245,0.9194898911479639,ok,True,True,15.742892829688063,5.1768301403157615,1.0,0.0,0.9804841750435145
214,1767153311575,39.428541007904066,34.397834019640605,33.50643748571702,33.50643748571702,33.50643748571702,0.9578468203544617,0.9425040486718625,ok,True,True,25.4859615153105,5.030706988263461,1.0,0.0,0.9804841750435145
215,1767153311609,45.40455269283752,41.00186522355875,40.26014075118162,40.26014075118162,40.26014075118162,0.9415051937103271,0.9419047356949413,ok,True,True,33.593097012241124,4.402687469278767,1.0,0.0,0.9804841750435145
216,1767153311642,50.01607194070197,46.410389253844684,45.84895566196106,45.84895566196106,45.84895566196106,0.9468349814414978,0.9448628831428751,ok,True,True,39.729632036350004,3.6056826868572855,1.0,0.0,0.9804841750435145
217,1767153311675,52.77173020425183,50.22719382408897,49.88635714052686,49.88635714052686,49.88635714052686,0.9185569882392883,0.9290793462007231,ok,True,True,43.45501697386799,2.54453638016286,1.0,0.0,0.9804841750435145
218,1767153311709,53.00422146658505,51.89341040958662,51.831072354852914,51.831072354852914,51.831072354852914,0.8875173926353455,0.9041421740614966,ok,True,True,44.136379225596535,1.110811056998429,1.0,0.0,0.9804841750435145
219,1767153311742,53.61207703313671,52.924610383716676,52.96676128639059,52.96676128639059,52.96676128639059,0.9346905946731567,0.9224712264284927,ok,True,True,43.67566491415421,0.6874666494200312,1.0,0.0,0.9804841750435145
220,1767153311775,47.715999306389016,49.799443737320075,50.31541942360594,50.31541942360594,50.31541942360594,0.9424039721488953,0.9344308738607343,ok,True,True,38.03599012700066,2.08344443093106,1.0,0.0,0.9804841750435145
221,1767153311810,48.772503466836035,49.18327957502965,49.451135618184395,49.451135618184395,49.451135618184395,0.9533371925354004,0.945774665065534,ok,True,True,35.10829214910116,0.4107761081936161,1.0,0.0,0.9804841750435145
222,1767153311842,40.05381675185443,43.70560188112452,44.47745053323964,44.47745053323964,44.47745053323964,0.8185106515884399,0.8694162569792776,ok,True,True,26.671895823209802,3.6517851292700954,1.0,0.0,0.9804841750435145
223,1767153311878,33.85967639888645,37.79804659178168,38.642735939401135,38.642735939401135,38.642735939401135,0.9246289730072021,0.9025438865960324,ok,True,True,17.439342148211978,3.9383701928952277,1.0,0.0,0.9804841750435145
224,1767153311909,22.966053810562435,28.898850923050134,30.05120889367752,30.05120889367752,30.05120889367752,0.875761866569519,0.8864746745801244,ok,True,True,4.843934324294976,5.932797112487698,1.0,0.0,0.9804841750435145
225,1767153311942,16.617097450141934,21.529798839305215,22.49886318117625,22.49886318117625,22.49886318117625,0.8710792064666748,0.8772373937120547,ok,True,True,-5.748052632712463,4.912701389163281,1.0,0.0,0.9804841750435145
226,1767153311975,9.440852209714759,14.276430861550942,15.172722925632574,15.172722925632574,15.172722925632574,0.9134997129440308,0.8989947852512403,ok,True,True,-15.544630055989408,4.835578651836183,1.0,0.0,0.9804841750435145
227,1767153312009,2.163040035935647,7.008396366181765,7.861758098761147,7.861758098761147,7.861758098761147,0.9491370916366577,0.9290801690824907,ok,True,True,-24.87197391965116,4.845356330246118,1.0,0.0,0.9804841750435145
228,1767153312043,-0.7365717687904276,2.36141548519845,2.882759859918184,2.882759859918184,2.882759859918184,0.933726966381073,0.9318682474616401,ok,True,True,-30.57032910609827,3.0979872539888778,1.0,0.0,0.9804841750435145
229,1767153312075,-2.030797267925933,-0.2739121666761798,-0.0353355182256454,-0.0353355182256454,-0.0353355182256454,0.9577364325523376,0.9473891585160586,ok,True,True,-33.17799986668975,1.7568851012497535,1.0,0.0,0.9804841750435145
230,1767153312109,-3.8913480789502928,-2.4443737140406476,-2.2989388749672326,-2.2989388749672326,-2.2989388749672326,0.9436352252960205,0.9451367985840358,ok,True,True,-34.767619722235324,1.4469743649096451,1.0,0.0,0.9804841750435145
231,1767153312142,-3.220978731611568,-2.9103367245831997,-2.9714437724203497,-2.9714437724203497,-2.9714437724203497,0.9375104308128357,0.9405609779213158,ok,True,True,-34.09971251939427,0.3106420070283682,1.0,0.0,0.9804841750435145
232,1767153312175,-2.640463245523646,-2.7484126371474673,-2.9001625403019498,-2.9001625403019498,-2.9001625403019498,0.9413040280342102,0.9410068079890525,ok,True,True,-32.441068272291965,0.10794939162382144,1.0,0.0,0.9804841750435145
233,1767153312208,-1.126752706903242,-1.7754166790009323,-2.021633203546581,-2.021633203546581,-2.021633203546581,0.9399052262306213,0.9403458589339937,ok,True,True,-29.74989276898753,0.6486639720976903,1.0,0.0,0.9804841750435145
234,1767153312242,-0.08453642537840504,-0.7608885268274159,-1.0122716424356848,-1.0122716424356848,-1.0122716424356848,0.9394333958625793,0.939798381091145,ok,True,True,-27.002245819026058,0.6763521014490109,1.0,0.0,0.9804841750435145
235,1767153312308,7.11635914195837,3.965460074444055,3.309459260240101,3.309459260240101,3.309459260240101,0.9506959319114685,0.9463369115833391,ok,True,True,-19.83207994679636,3.1508990675143145,1.0,0.0,0.9804841750435145
236,1767153312342,13.615769281310916,9.75564559856417,8.962430400903823,8.962430400903823,8.962430400903823,0.9291154146194458,0.9360040134050032,ok,True,True,-11.162144762799297,3.860123682746746,1.0,0.0,0.9804841750435145
237,1767153312375,20.37873503761229,16.129499261993043,15.28808297092445,15.28808297092445,15.28808297092445,0.9287551045417786,0.9316546680870684,ok,True,True,-1.9653659717802086,4.249235775619248,1.0,0.0,0.9804841750435145
238,1767153312408,29.125641175565725,23.92718441013665,22.955693844955974,22.955693844955974,22.955693844955974,0.9263219833374023,0.9284550572372688,ok,True,True,8.653139898175514,5.198456765429075,1.0,0.0,0.9804841750435145
239,1767153312442,36.63043866316339,31.549136961952694,30.622245263652204,30.622245263652204,30.622245263652204,0.9648984670639038,0.9503211031332499,ok,True,True,18.784174920267187,5.081301701210695,1.0,0.0,0.9804841750435145
240,1767153312477,43.543840956386845,38.745959358613185,37.909182034561326,37.909182034561326,37.909182034561326,0.9672901034355164,0.9605025033146097,ok,True,True,27.93024925819602,4.79788159777366,1.0,0.0,0.9804841750435145
241,1767153312508,49.10357304746104,44.9605275719219,44.277458785583505,44.277458785583505,44.277458785583505,0.9661340117454529,0.9638814083731156,ok,True,True,35.39627124317912,4.1430454755391395,1.0,0.0,0.9804841750435145
242,1767153312542,53.76872644098191,50.24544689335791,49.711062920147306,49.711062920147306,49.711062920147306,0.9485570192337036,0.9546867748894684,ok,True,True,41.2371507743306,3.523279547624,1.0,0.0,0.9804841750435145
243,1767153312575,54.86514010715527,53.01726282163632,52.801680756944656,52.801680756944656,52.801680756944656,0.9615426659584045,0.9588003095308302,ok,True,True,43.593488037588116,1.8478772855189476,1.0,0.0,0.9804841750435145
244,1767153312608,54.683162186675276,54.01680244065969,54.0433641587009,54.0433641587009,54.0433641587009,0.9363176226615906,0.9453106974092864,ok,True,True,43.30316534266818,0.666359746015587,1.0,0.0,0.9804841750435145
245,1767153312642,52.84962385792537,53.316495291019095,53.55871551511817,53.55871551511817,53.55871551511817,0.9543548822402954,0.9507372083078918,ok,True,True,40.65566987131004,0.46687143309372203,1.0,0.0,0.9804841750435145
246,1767153312675,49.86776191834193,51.2472552674128,51.65647677841912,51.65647677841912,51.65647677841912,0.9372289776802063,0.9426322699312805,ok,True,True,36.182830738178005,1.37949334907087,1.0,0.0,0.9804841750435145
247,1767153312711,44.09736694954693,46.957322276693276,47.61638582512475,47.61638582512475,47.61638582512475,0.8931759595870972,0.9129584837247705,ok,True,True,28.979188819568687,2.859955327146345,1.0,0.0,0.9804841750435145
248,1767153312745,37.46073914757683,41.25937239922341,42.07666452487797,42.07666452487797,42.07666452487797,0.8926323056221008,0.9007627768631687,ok,True,True,20.046089985331932,3.798633251646578,1.0,0.0,0.9804841750435145
249,1767153312775,27.495299934222892,33.0009289202231,34.0884148001184,34.0884148001184,34.0884148001184,0.8657352924346924,0.8797462862060829,ok,True,True,8.15974171266109,5.505628986000211,1.0,0.0,0.9804841750435145
250,1767153312808,16.673944356988017,23.20473818228205,24.449782094462357,24.449782094462357,24.449782094462357,0.9025291204452515,0.893415986749584,ok,True,True,-5.448734340846089,6.530793825294033,1.0,0.0,0.9804841750435145
251,1767153312842,9.913938479063521,15.230258360350932,16.23894573248775,16.23894573248775,16.23894573248775,0.7755769491195679,0.8227125641715742,ok,True,True,-16.473805677709972,5.316319881287411,1.0,0.0,0.9804841750435145
252,1767153312877,0.2112560028634914,6.218856945858468,7.275876882771108,7.275876882771108,7.275876882771108,0.9275347590446472,0.885605881095418,ok,True,True,-28.027157619007895,6.007600942994976,1.0,0.0,0.9804841750435145
253,1767153312908,-1.9589268230659302,1.3121866845038292,1.8735056575314957,1.8735056575314957,1.8735056575314957,0.9517829418182373,0.9253121175291096,ok,True,True,-34.1624398594774,3.2711135075697593,1.0,0.0,0.9804841750435145
254,1767153312942,-3.5636751742878894,-1.613330430771202,-1.3512687789482858,-1.3512687789482858,-1.3512687789482858,0.9306345582008362,0.9285055819321455,ok,True,True,-37.026804464285306,1.9503447435166874,1.0,0.0,0.9804841750435145
255,1767153312975,-4.255298172573618,-3.198511075852652,-3.1300946266845533,-3.1300946266845533,-3.1300946266845533,0.9437800645828247,0.937670271522553,ok,True,True,-37.77460428170121,1.0567870967209663,1.0,0.0,0.9804841750435145
256,1767153313011,-5.183050497294631,-4.38923472871784,-4.389236221344407,-4.389236221344407,-4.389236221344407,0.9504174590110779,0.9453185840156679,ok,True,True,-37.77458796711769,0.793815768576791,1.0,0.0,0.9804841750435145
257,1767153313042,-4.030996864972552,-4.174292010470667,-4.338810681394739,-4.338810681394739,-4.338810681394739,0.9593353271484375,0.9537286298953297,ok,True,True,-35.97637958922451,0.14329514549811506,1.0,0.0,0.9804841750435145
258,1767153313075,-2.010342496773854,-2.8759223022525795,-3.1730298068129557,-3.1730298068129557,-3.1730298068129557,0.9545143842697144,0.9542000825199606,ok,True,True,-32.72895970164027,0.8655798054787254,1.0,0.0,0.9804841750435145
259,1767153313108,0.14056950935424092,-1.0660272152884873,-1.4229408918923685,-1.4229408918923685,-1.4229408918923685,0.9633216261863708,0.9596730087198068,ok,True,True,-28.82785133591952,1.2065967246427283,1.0,0.0,0.9804841750435145
260,1767153313142,4.092374972036737,2.029014097106647,1.5365080842894336,1.5365080842894336,1.5365080842894336,0.9479221105575562,0.9526224698224565,ok,True,True,-23.444702824890673,2.06336087493009,1.0,0.0,0.9804841750435145
261,1767153313175,9.380074124597243,6.4396501136010045,5.805208804209467,5.805208804209467,5.805208804209467,0.9718368053436279,0.9641510711351593,ok,True,True,-16.510184867512727,2.9404240109962387,1.0,0.0,0.9804841750435145
262,1767153313209,15.572076468329877,11.919105926438329,11.175334488979827,11.175334488979827,11.175334488979827,0.9594082832336426,0.9613053983942492,ok,True,True,-8.38067578147468,3.6529705418915484,1.0,0.0,0.9804841750435145
263,1767153313407,22.996836545682005,18.565744297984534,17.709749386144523,17.709749386144523,17.709749386144523,0.9475211501121521,0.953034849424991,ok,True,True,0.9754490479533189,4.431092247697471,1.0,0.0,0.9804841750435145
264,1767153313436,32.402301254149904,26.867678471683753,25.849223881211067,25.849223881211067,25.849223881211067,0.9065545797348022,0.9251466876108777,ok,True,True,12.10727722799189,5.534622782466151,1.0,0.0,0.9804841750435145
265,1767153313459,39.20940655595508,34.27271532224655,33.37764144556972,33.37764144556972,33.37764144556972,0.963060200214386,0.9478947951729827,ok,True,True,21.890539728684963,4.93669123370853,1.0,0.0,0.9804841750435145
266,1767153313491,46.677737192482226,41.71572844438795,40.86658207240207,40.86658207240207,40.86658207240207,0.9540822505950928,0.9516072684262488,ok,True,True,31.171809213958618,4.962008748094277,1.0,0.0,0.9804841750435145
267,1767153313519,51.974729788412475,47.87112925080267,47.205342754938826,47.205342754938826,47.205342754938826,0.9653554558753967,0.9598561808957375,ok,True,True,38.44893373764763,4.1036005376098075,1.0,0.0,0.9804841750435145
268,1767153313545,53.11735778862177,51.01886637349413,50.73629097473147,50.73629097473147,50.73629097473147,0.9579740166664124,0.9587268823581424,ok,True,True,41.53751600374247,2.09849141512764,1.0,0.0,0.9804841750435145
269,1767153313571,51.827109446450926,51.503812217268205,51.572680353465046,51.572680353465046,51.572680353465046,0.9637656807899475,0.9617501614172255,ok,True,True,40.784779194068676,0.32329722918272097,1.0,0.0,0.9804841750435145
270,1767153313597,48.183912972749056,49.51187267055671,49.89360006612379,49.89360006612379,49.89360006612379,0.9681631922721863,0.9655979799302019,ok,True,True,36.61245396831602,1.3279596978076569,1.0,0.0,0.9804841750435145
271,1767153313624,42.61435868333294,45.37336427822245,46.01405764367601,46.01405764367601,46.01405764367601,0.9679653644561768,0.9670184106457869,ok,True,True,29.609600304416535,2.7590055948895156,1.0,0.0,0.9804841750435145
272,1767153313657,36.417465356107634,39.999824924953565,40.78120579607352,40.78120579607352,40.78120579607352,0.9579365849494934,0.9615693152280108,ok,True,True,21.06901569518446,3.5823595688459307,1.0,0.0,0.9804841750435145
273,1767153313688,28.388131441433355,33.03280883484144,33.97596073294438,33.97596073294438,33.97596073294438,0.9037321209907532,0.9268669986856563,ok,True,True,10.760254778668505,4.6446773934080845,1.0,0.0,0.9804841750435145
274,1767153313715,17.770852294113638,23.87563491040476,25.0429263258738,25.0429263258738,25.0429263258738,0.9028493762016296,0.9124564251952403,ok,True,True,-1.9983773633941802,6.104782616291121,1.0,0.0,0.9804841750435145
275,1767153313742,4.189648644908032,12.064043151106723,13.505135149003591,13.505135149003591,13.505135149003591,0.9423751831054688,0.9304076799413774,ok,True,True,-17.749681999404558,7.8743945061986915,1.0,0.0,0.9804841750435145
276,1767153313775,-0.16054495262938784,4.729290288865057,5.642698112214341,5.642698112214341,5.642698112214341,0.9612872004508972,0.9489353922470892,ok,True,True,-27.733336688694543,4.889835241494445,1.0,0.0,0.9804841750435145
277,1767153313864,-1.48895561018371,0.9983427494357969,1.4135085915911305,1.4135085915911305,1.4135085915911305,0.9565775394439697,0.9535206805652174,ok,True,True,-32.271148059382995,2.487298359619507,1.0,0.0,0.9804841750435145
278,1767153313888,-3.7701597382611265,-1.8627587431823571,-1.6171619024748236,-1.6171619024748236,-1.6171619024748236,0.9594623446464539,0.9570856790139592,ok,True,True,-34.95555034687073,1.9074009950787694,1.0,0.0,0.9804841750435145
279,1767153313915,-1.78275371260662,-1.8147557248369148,-1.9227450912017408,-1.9227450912017408,-1.9227450912017408,0.9482629895210266,0.9517920653181996,ok,True,True,-33.775213900933,0.03200201223029486,1.0,0.0,0.9804841750435145
280,1767153313940,-2.114191122777484,-1.9944169636012565,-2.112068921835901,-2.112068921835901,-2.112068921835901,0.9530405402183533,0.9525411502582918,ok,True,True,-32.48926419204014,0.11977415917622758,1.0,0.0,0.9804841750435145
281,1767153313964,-0.286584045454647,-0.9697172127132908,-1.218077961592989,-1.218077961592989,-1.218077961592989,0.9534320831298828,0.9530757099812464,ok,True,True,-29.774652063906647,0.6831331672586438,1.0,0.0,0.9804841750435145
282,1767153313987,1.4957799977268111,0.5095811135507703,0.2059952543900807,0.2059952543900807,0.2059952543900807,0.9601186513900757,0.9573014748265439,ok,True,True,-26.456423000235237,0.9861988841760408,1.0,0.0,0.9804841750435145
283,1767153314010,5.715922861454383,3.633386162292938,3.1524438771362435,3.1524438771362435,3.1524438771362435,0.9691466093063354,0.9644085555144188,ok,True,True,-21.19966738925848,2.0825366991614453,1.0,0.0,0.9804841750435145
284,1767153314042,10.78780377531533,7.926036730106373,7.314405948051933,7.314405948051933,7.314405948051933,0.9648212790489197,0.9646561896351193,ok,True,True,-14.514471172077315,2.861767045208957,1.0,0.0,0.9804841750435145
285,1767153314075,15.299555006200588,12.350147695762903,11.734129775524753,11.734129775524753,11.734129775524753,0.959484338760376,0.9615530791102733,ok,True,True,-7.781323019754984,2.9494073104376852,1.0,0.0,0.9804841750435145
286,1767153314108,21.962833208235928,18.117759003246718,17.376356964697138,17.376356964697138,17.376356964697138,0.9465741515159607,0.9525657225536858,ok,True,True,0.32228825840363307,3.84507420498921,1.0,0.0,0.9804841750435145
287,1767153314142,29.729243712993323,25.08464982909468,24.225554016767166,24.225554016767166,24.225554016767166,0.9530075192451477,0.9528308005685628,ok,True,True,9.712306294255695,4.644593883898644,1.0,0.0,0.9804841750435145
288,1767153314178,35.91613092710377,31.583538487900135,30.79847220252087,30.79847220252087,30.79847220252087,0.9623960852622986,0.9585699713848043,ok,True,True,18.293172913871214,4.332592439203637,1.0,0.0,0.9804841750435145
289,1767153314215,42.63070985611396,38.21184130882843,37.4525163974126,37.4525163974126,37.4525163974126,0.9650408029556274,0.9624524703272981,ok,True,True,26.592683295551165,4.418868547285527,1.0,0.0,0.9804841750435145
290,1767153314242,47.93153017825586,44.04365463048489,43.406971892650176,43.406971892650176,43.406971892650176,0.9539360404014587,0.9573426123717945,ok,True,True,33.551700329042106,3.8878755477709745,1.0,0.0,0.9804841750435145
291,1767153314275,50.82207843307836,48.11070891204097,47.71056125055024,47.71056125055024,47.71056125055024,0.9420835375785828,0.9481871674958675,ok,True,True,37.9253612228435,2.7113695210373905,1.0,0.0,0.9804841750435145
292,1767153314308,50.82639468290562,49.740120374559766,49.654699023955104,49.654699023955104,49.654699023955104,0.9469192028045654,0.9474263886810862,ok,True,True,38.859026608375245,1.0862743083458568,1.0,0.0,0.9804841750435145
293,1767153314342,50.584121453587066,50.24652102197615,50.32503376611223,50.32503376611223,50.32503376611223,0.9696450233459473,0.9607575694800029,ok,True,True,38.000873102207436,0.337600431610916,1.0,0.0,0.9804841750435145
294,1767153314377,48.990649376880526,49.49299803491878,49.72722989597882,49.72722989597882,49.72722989597882,0.9789661169052124,0.9716826979351286,ok,True,True,35.44069137583025,0.502348658038251,1.0,0.0,0.9804841750435145
295,1767153314409,44.672433960486735,46.60065959025955,47.08145176596585,47.08145176596585,47.08145176596585,0.9729243516921997,0.9724276901893713,ok,True,True,30.185576478745265,1.9282256297728182,1.0,0.0,0.9804841750435145
296,1767153314442,38.918028082263554,41.99108068546195,42.67149544202804,42.67149544202804,42.67149544202804,0.9682400822639465,0.9699151254341164,ok,True,True,22.748563348956765,3.0730526031983985,1.0,0.0,0.9804841750435145
297,1767153314486,32.73049716644784,36.43473057405349,37.215422936091855,37.215422936091855,37.215422936091855,0.9377069473266602,0.9505902185696427,ok,True,True,14.21550422468475,3.704233407605649,1.0,0.0,0.9804841750435145
298,1767153314511,24.044708206474514,29.000717153506102,29.97041557497429,29.97041557497429,29.97041557497429,0.8639776110649109,0.8986226540668036,ok,True,True,3.6165866926909036,4.956008947031588,1.0,0.0,0.9804841750435145
299,1767153314541,15.654872600169398,20.99321042150408,22.008578417196894,22.008578417196894,22.008578417196894,0.8951440453529358,0.8965354888384829,ok,True,True,-7.4815046444909274,5.338337821334683,1.0,0.0,0.9804841750435145
300,1767153314575,8.145356549178688,13.284498098108845,14.230328476807536,14.230328476807536,14.230328476807536,0.9245469570159912,0.913342369744988,ok,True,True,-17.819541668316894,5.139141548930157,1.0,0.0,0.9804841750435145
301,1767153314641,-1.351203445257316,4.5030771720891485,5.5224081479052956,5.5224081479052956,5.5224081479052956,0.9238827228546143,0.9196665816107638,ok,True,True,-28.960948843268483,5.854280617346465,1.0,0.0,0.9804841750435145
302,1767153314675,-3.083743826984047,-0.049015427354768715,0.46505017875768573,0.46505017875768573,0.46505017875768573,0.9443682432174683,0.9344875785747865,ok,True,True,-34.57974623903266,3.0347283996292784,1.0,0.0,0.9804841750435145
303,1767153314708,-2.4081501506267102,-1.4644962613179335,-1.3777905648853956,-1.3777905648853956,-1.3777905648853956,0.9646668434143066,0.9525951374784987,ok,True,True,-35.52744967517058,0.9436538893087767,1.0,0.0,0.9804841750435145
304,1767153314741,-2.8449592310145513,-2.2927740431359043,-2.3228257222334228,-2.3228257222334228,-2.3228257222334228,0.9492124915122986,0.9505655498987786,ok,True,True,-35.19898129634159,0.552185187878647,1.0,0.0,0.9804841750435145
305,1767153314775,-1.753045729441378,-1.9689370549191885,-2.1393810099871686,-2.1393810099871686,-2.1393810099871686,0.950047492980957,0.9502547157480856,ok,True,True,-33.33600886738983,0.21589132547781054,1.0,0.0,0.9804841750435145
306,1767153314808,1.9380720372827,0.3752684004019444,-0.029399621229362793,-0.029399621229362793,-0.029399621229362793,0.9341297745704651,0.9405797510415133,ok,True,True,-28.912939906821904,1.5628036368807556,1.0,0.0,0.9804841750435145
307,1767153314842,5.591797631734953,3.5051859392017497,3.0031412784010185,3.0031412784010185,3.0031412784010185,0.9623865485191345,0.9536638295280859,ok,True,True,-23.42553285386275,2.086611692533203,1.0,0.0,0.9804841750435145
308,1767153314875,9.067430505285412,6.8425326788519465,6.32688406080103,6.32688406080103,6.32688406080103,0.9685688614845276,0.962606848701951,ok,True,True,-17.78943295185732,2.224897826433465,1.0,0.0,0.9804841750435145
309,1767153314908,15.651424198176914,12.127867590446925,11.414260235969273,11.414260235969273,11.414260235969273,0.9604179859161377,0.9612935310304631,ok,True,True,-9.989620832037268,3.5235566077299882,1.0,0.0,0.9804841750435145
310,1767153314946,22.687762022432395,18.46380424963821,17.639866522399295,17.639866522399295,17.639866522399295,0.9432922601699829,0.950492768514175,ok,True,True,-0.9838847916633622,4.223957772794186,1.0,0.0,0.9804841750435145
311,1767153314983,32.789838417401825,27.05942475029638,26.00448153422785,26.00448153422785,26.00448153422785,0.9572085738182068,0.9545222516965941,ok,True,True,10.54676834802687,5.730413667105445,1.0,0.0,0.9804841750435145
312,1767153315009,39.78253096710577,34.693288480382016,33.762798270335715,33.762798270335715,33.762798270335715,0.9693416953086853,0.9634139178638488,ok,True,True,20.717135528457874,5.089242486723755,1.0,0.0,0.9804841750435145
313,1767153315041,45.64932026626398,41.266907551911196,40.506473114266846,40.506473114266846,40.506473114266846,0.9714816212654114,0.9682545399047864,ok,True,True,29.02877316202624,4.382412714352782,1.0,0.0,0.9804841750435145
314,1767153315075,50.29039806654066,46.68100186068887,46.09987818035828,46.09987818035828,46.09987818035828,0.9655352234840393,0.9666229500523381,ok,True,True,35.38052317765695,3.6093962058517874,1.0,0.0,0.9804841750435145
315,1767153315109,51.73745099464636,49.714871341063365,49.44303806982271,49.44303806982271,49.44303806982271,0.9632745981216431,0.9646139388939211,ok,True,True,38.35169272949753,2.0225796535829943,1.0,0.0,0.9804841750435145
316,1767153315142,51.520006259673686,50.79795229222955,50.78941167243811,50.78941167243811,50.78941167243811,0.9650865793228149,0.9648975231512574,ok,True,True,38.44504270598258,0.7220539674441326,1.0,0.0,0.9804841750435145
317,1767153315175,51.976781587598005,51.50524986945062,51.56838150405994,51.56838150405994,51.56838150405994,0.9683072566986084,0.966943363279668,ok,True,True,37.755006531775344,0.47153171814738215,1.0,0.0,0.9804841750435145
318,1767153315208,49.69280149591663,50.41778084533023,50.68665191408431,50.68665191408431,50.68665191408431,0.969106912612915,0.9682414928796163,ok,True,True,34.81621420070053,0.7249793494135943,1.0,0.0,0.9804841750435145
319,1767153315241,45.969412433879576,47.74875979845984,48.20617109293298,48.20617109293298,48.20617109293298,0.9602960348129272,0.9634742180396029,ok,True,True,29.81665507902286,1.7793473645802607,1.0,0.0,0.9804841750435145
320,1767153315275,40.392742941685626,43.335149684395304,43.989711148124144,43.989711148124144,43.989711148124144,0.9596893191337585,0.9612032786960962,ok,True,True,22.662221473587806,2.9424067427096787,1.0,0.0,0.9804841750435145
321,1767153315319,32.18632209002404,36.64585312777255,37.54978295746857,37.54978295746857,37.54978295746857,0.931753933429718,0.9435336715362692,ok,True,True,12.782162367004592,4.459531037748505,1.0,0.0,0.9804841750435145
322,1767153315347,24.352966607919235,29.270121215860563,30.241736800531484,30.241736800531484,30.241736800531484,0.911874532699585,0.9245381882342587,ok,True,True,2.16229001623333,4.9171546079413275,1.0,0.0,0.9804841750435145
323,1767153315375,14.017312703988962,20.1184361087376,21.256305404304577,21.256305404304577,21.256305404304577,0.9335147738456726,0.9299241396011071,ok,True,True,-10.274754903004107,6.101123404748639,1.0,0.0,0.9804841750435145
324,1767153315408,7.83296581267964,12.747153931102826,13.658605389134816,13.658605389134816,13.658605389134816,0.9542950987815857,0.9445467151093943,ok,True,True,-20.23702628989489,4.914188118423186,1.0,0.0,0.9804841750435145
325,1767153315441,1.946152792618419,6.2665532480121815,7.016267500698264,7.016267500698264,7.016267500698264,0.9659577012062073,0.957393306767482,ok,True,True,-28.43149104395387,4.320400455393763,1.0,0.0,0.9804841750435145
326,1767153315475,-0.481999239032013,2.217421755785665,2.6472324297864724,2.6472324297864724,2.6472324297864724,0.962422788143158,0.9604109955928877,ok,True,True,-33.12937214518554,2.699420994817678,1.0,0.0,0.9804841750435145
327,1767153315509,-1.0848086440013385,0.236083515913463,0.38193483011316154,0.38193483011316154,0.38193483011316154,0.9562452435493469,0.9579115443667632,ok,True,True,-34.723544123723435,1.3208921599148016,1.0,0.0,0.9804841750435145
328,1767153315541,-1.3498987998368268,-0.7155058735367108,-0.7222034590366039,-0.7222034590366039,-0.7222034590366039,0.9597060680389404,0.9589882585700695,ok,True,True,-34.6503387283084,0.634392926300116,1.0,0.0,0.9804841750435145
329,1767153315575,-1.723366482959406,-1.320222239190328,-1.382386166457846,-1.382386166457846,-1.382386166457846,0.9473239183425903,0.951989654433582,ok,True,True,-33.97087970889868,0.403144243769078,1.0,0.0,0.9804841750435145
330,1767153315608,0.06071601388163942,-0.4916592873471476,-0.7174490212123861,-0.7174490212123861,-0.7174490212123861,0.9556518197059631,0.9541869535970107,ok,True,True,-31.502971423364414,0.552375301228787,1.0,0.0,0.9804841750435145
331,1767153315642,2.348362906348345,1.212354028870148,0.8797778924471329,0.8797778924471329,0.8797778924471329,0.9307212829589844,0.9401075512141949,ok,True,True,-27.867875227453194,1.1360088774781971,1.0,0.0,0.9804841750435145
332,1767153315675,6.762397919439937,4.542380363212021,4.029936059746717,4.029936059746717,4.029936059746717,0.955768346786499,0.9495040285575773,ok,True,True,-22.266798859863876,2.2200175562279156,1.0,0.0,0.9804841750435145
333,1767153315708,11.867050146902782,8.937182233426478,8.30666492918739,8.30666492918739,8.30666492918739,0.946845293045044,0.9479087872500572,ok,True,True,-15.375170739016191,2.929867913476304,1.0,0.0,0.9804841750435145
334,1767153315745,18.19880472871745,14.494155730601062,13.746393262349805,13.746393262349805,13.746393262349805,0.9623215198516846,0.9565564268110336,ok,True,True,-7.202039217853775,3.70464899811639,1.0,0.0,0.9804841750435145
335,1767153315775,25.71308532179444,21.225513485317087,20.364002703142276,20.364002703142276,20.364002703142276,0.9507186412811279,0.9530537554930902,ok,True,True,2.214374721831067,4.487571836477354,1.0,0.0,0.9804841750435145
336,1767153315812,32.97894303533294,28.2775712153266,27.402604292662257,27.402604292662257,27.402604292662257,0.9342597723007202,0.9417773655776682,ok,True,True,11.777865856023135,4.70137182000634,1.0,0.0,0.9804841750435145
337,1767153315842,39.07171186439522,34.75405560476777,33.97740278374221,33.97740278374221,33.97740278374221,0.9646260738372803,0.9554865905334355,ok,True,True,20.26677232303095,4.317656259627448,1.0,0.0,0.9804841750435145
338,1767153315874,46.04044376758807,41.52588850245995,40.75882592339972,40.75882592339972,40.75882592339972,0.9675388932228088,0.9627179721470596,ok,True,True,28.65085632002936,4.5145552651281236,1.0,0.0,0.9804841750435145
339,1767153315909,49.151793201989264,46.10143132217753,45.61174967799492,45.61174967799492,45.61174967799492,0.9561746716499329,0.9587919918487836,ok,True,True,34.00313415066631,3.0503618798117316,1.0,0.0,0.9804841750435145
340,1767153315941,50.6775559055734,48.847106072215055,48.61251851175424,48.61251851175424,48.61251851175424,0.9680768847465515,0.9643629275874444,ok,True,True,36.56720371323583,1.8304498333583439,1.0,0.0,0.9804841750435145
341,1767153315974,50.724712802820605,49.97367011057838,49.957794680027334,49.957794680027334,49.957794680027334,0.9575691223144531,0.9602866444236496,ok,True,True,36.74072403199728,0.7510426922422226,1.0,0.0,0.9804841750435145
342,1767153316009,50.7915830647915,50.46441788310625,50.544558820497244,50.544558820497244,50.544558820497244,0.968392550945282,0.965150188336629,ok,True,True,35.86477418249804,0.32716518168525255,1.0,0.0,0.9804841750435145
343,1767153316042,48.445870830108035,49.25328965130732,49.530828158282894,49.530828158282894,49.530828158282894,0.959956169128418,0.9620337768117024,ok,True,True,32.83124573461627,0.8074188211992848,1.0,0.0,0.9804841750435145
344,1767153316079,43.283509595300984,45.671421617703515,46.22429531094691,46.22429531094691,46.22429531094691,0.9548212885856628,0.9577062838760786,ok,True,True,26.78827139272832,2.3879120224025314,1.0,0.0,0.9804841750435145
345,1767153316114,38.95192012651301,41.63972072298921,42.25104665608797,42.25104665608797,42.25104665608797,0.9345993399620056,0.9438421175276348,ok,True,True,20.106407210378435,2.687800596476201,1.0,0.0,0.9804841750435145
346,1767153316155,32.80067214699488,36.33629157739261,37.07121620283253,37.07121620283253,37.07121620283253,0.8930639624595642,0.9133752244867924,ok,True,True,12.073594817548647,3.5356194303977304,1.0,0.0,0.9804841750435145
347,1767153316186,24.189725004931734,29.048351633916084,29.988670989017837,29.988670989017837,29.988670989017837,0.9118286371231079,0.9124472720685817,ok,True,True,1.795793928297444,4.85862662898435,1.0,0.0,0.9804841750435145
348,1767153316209,16.067790002085985,21.260014654818026,22.240869274986007,22.240869274986007,22.240869274986007,0.9462653398513794,0.9327381127382602,ok,True,True,-8.925062164575152,5.19222465273204,1.0,0.0,0.9804841750435145
349,1767153316241,8.843543005923443,13.810131665481276,14.717852779498692,14.717852779498692,14.717852779498692,0.9528811573982239,0.9448239395342384,ok,True,True,-18.84656045366522,4.966588659557832,1.0,0.0,0.9804841750435145
350,1767153316275,3.5704133517811787,7.6663006772612174,8.383185776842765,8.383185776842765,8.383185776842765,0.9444022178649902,0.9445709065326895,ok,True,True,-26.682198712087423,4.095887325480039,1.0,0.0,0.9804841750435145
351,1767153316309,1.2635473655430332,3.824648690230307,4.2341471211981,4.2341471211981,4.2341471211981,0.9574356079101562,0.9522897273591696,ok,True,True,-31.158064613510177,2.561101324687274,1.0,0.0,0.9804841750435145
352,1767153316341,-0.10384747653631068,1.4675509901703365,1.6604061719532592,1.6604061719532592,1.6604061719532592,0.9519086480140686,0.952061079752109,ok,True,True,-33.26599438021241,1.5713984667066472,1.0,0.0,0.9804841750435145
353,1767153316374,-0.19402893597639922,0.47060303448229507,0.4796360832788909,0.4796360832788909,0.4796360832788909,0.944762110710144,0.9476816983269299,ok,True,True,-33.36472666350595,0.6646319704586943,1.0,0.0,0.9804841750435145
354,1767153316408,-0.04625916326184206,0.16048571583581278,0.07198104081247247,0.07198104081247247,0.07198104081247247,0.9572960734367371,0.9534503233928142,ok,True,True,-32.39736018027606,0.20674487909765485,1.0,0.0,0.9804841750435145
355,1767153316441,1.4024087664436755,0.9056395462005304,0.6920728360789306,0.6920728360789306,0.6920728360789306,0.9501429796218872,0.9514659171302581,ok,True,True,-30.06305097852117,0.49676922024314507,1.0,0.0,0.9804841750435145
356,1767153316475,3.987330900009045,2.7546543584856393,2.4126161062639104,2.4126161062639104,2.4126161062639104,0.9555676579475403,0.9539269616206274,ok,True,True,-26.324532746635974,1.2326765415234058,1.0,0.0,0.9804841750435145
357,1767153316508,8.581895504743786,6.250999046240527,5.724678081068193,5.724678081068193,5.724678081068193,0.9668267965316772,0.9616668625672573,ok,True,True,-20.57178283828759,2.3308964585032586,1.0,0.0,0.9804841750435145
358,1767153316541,13.887997629270842,10.833198196058715,10.18652325345873,10.18652325345873,10.18652325345873,0.9592239260673523,0.9602011006673143,ok,True,True,-13.503549834202058,3.0547994332121267,1.0,0.0,0.9804841750435145
359,1767153316575,19.336329093977866,15.935076734810206,15.243265308201847,15.243265308201847,15.243265308201847,0.9602862000465393,0.9602521602948494,ok,True,True,-5.941969763545991,3.4012523591676604,1.0,0.0,0.9804841750435145
360,1767153316608,26.012262931325626,21.981388452719457,21.207265411691857,21.207265411691857,21.207265411691857,0.9154759645462036,0.9333864428456619,ok,True,True,2.519285911237409,4.030874478606169,1.0,0.0,0.9804841750435145
361,1767153316642,34.579001559845125,29.539956316994857,28.619346988787356,28.619346988787356,28.619346988787356,0.9433613419532776,0.9393713823102312,ok,True,True,12.581653893740759,5.039045242850268,1.0,0.0,0.9804841750435145
362,1767153316678,39.782117158866676,35.685252822117945,34.94345896604286,34.94345896604286,34.94345896604286,0.9493680000305176,0.945369352942403,ok,True,True,20.68954778345509,4.09686433674873,1.0,0.0,0.9804841750435145
363,1767153316708,45.61599146100663,41.643696005451154,40.97287622008381,40.97287622008381,40.97287622008381,0.9619247317314148,0.9553025802158102,ok,True,True,28.02168675216719,3.972295455555475,1.0,0.0,0.9804841750435145
364,1767153316741,50.97526794425778,47.242639168735124,46.64714016603759,46.64714016603759,46.64714016603759,0.9461258053779602,0.9497965153131002,ok,True,True,34.53056072808434,3.732628775522656,1.0,0.0,0.9804841750435145
365,1767153316774,54.18225880792049,51.40641095224635,51.0037069365401,51.0037069365401,51.0037069365401,0.960074782371521,0.9559634755481526,ok,True,True,38.93216287343516,2.7758478556741437,1.0,0.0,0.9804841750435145
366,1767153316808,53.187009761533275,52.474770237818504,52.45542611053345,52.45542611053345,52.45542611053345,0.9387134909629822,0.9456134847970504,ok,True,True,39.1435964545195,0.7122395237147714,1.0,0.0,0.9804841750435145
367,1767153316842,52.558291362927086,52.524882912883655,52.66275361491726,52.66275361491726,52.66275361491726,0.9374638199806213,0.9407236859071929,ok,True,True,37.63665350340973,0.033408450043431515,1.0,0.0,0.9804841750435145
368,1767153316877,50.07167742283076,51.052959618851915,51.372639302995616,51.372639302995616,51.372639302995616,0.9327260255813599,0.9359250897116931,ok,True,True,34.14251704419355,0.9812821960211551,1.0,0.0,0.9804841750435145
369,1767153316908,47.86529787065358,49.14036256993292,49.51651637683684,49.51651637683684,49.51651637683684,0.9411068558692932,0.9390341494062531,ok,True,True,30.03111179647957,1.2750646992793406,1.0,0.0,0.9804841750435145
370,1767153316949,43.41602593653546,45.70576058989444,46.24278745248583,46.24278745248583,46.24278745248583,0.913711428642273,0.9238405169478651,ok,True,True,24.161345173100464,2.289734653358977,1.0,0.0,0.9804841750435145
371,1767153316975,35.962465955209446,39.859783809083446,40.662053203580804,40.662053203580804,40.662053203580804,0.8829754590988159,0.8993214822384357,ok,True,True,15.392446552172048,3.897317853874,1.0,0.0,0.9804841750435145
372,1767153317008,26.393966547873585,31.78029345235753,32.82881784026897,32.82881784026897,32.82881784026897,0.9405054450035095,0.9240318598974799,ok,True,True,3.9319519574269144,5.386326904483944,1.0,0.0,0.9804841750435145
373,1767153317041,18.315119327923906,23.701188977697356,24.73451844761239,24.73451844761239,24.73451844761239,0.9521098136901855,0.9408786321731033,ok,True,True,-7.362460400631045,5.38606964977345,1.0,0.0,0.9804841750435145
374,1767153317076,12.02377427012449,16.694740153153635,17.56464091841662,17.56464091841662,17.56464091841662,0.9556849002838135,0.9497623930395294,ok,True,True,-16.870577839958692,4.670965883029146,1.0,0.0,0.9804841750435145
375,1767153317108,6.166042773533209,10.37752172538138,11.116888056180576,11.116888056180576,11.116888056180576,0.935893714427948,0.9414411858725805,ok,True,True,-24.95193859355942,4.211478951848171,1.0,0.0,0.9804841750435145
376,1767153317141,0.8902808392033488,4.685177193674561,5.310170737253331,5.310170737253331,5.310170737253331,0.9462042450904846,0.9442990214033229,ok,True,True,-31.783191362226614,3.7948963544712124,1.0,0.0,0.9804841750435145
377,1767153317174,-0.6334013285119858,1.494030080362633,1.8016955403323687,1.8016955403323687,1.8016955403323687,0.9362024068832397,0.9394410526912731,ok,True,True,-35.14601094146062,2.1274314088746187,1.0,0.0,0.9804841750435145
378,1767153317208,-1.0808199923633666,-0.05087996327296673,0.025128658829912554,0.025128658829912554,0.025128658829912554,0.9508988857269287,0.9463157525126664,ok,True,True,-35.976794099970846,1.0299400290903997,1.0,0.0,0.9804841750435145
379,1767153317241,-1.3118341891764669,-0.8074524988150668,-0.8483724610921739,-0.8483724610921739,-0.8483724610921739,0.949418842792511,0.9481776066805732,ok,True,True,-35.52953411069383,0.5043816903614001,1.0,0.0,0.9804841750435145
380,1767153317274,-0.35855219503777036,-0.538112316548689,-0.7049167763390956,-0.7049167763390956,-0.7049167763390956,0.9557253122329712,0.9527062300120119,ok,True,True,-33.70634179218688,0.1795601215109186,1.0,0.0,0.9804841750435145
381,1767153317310,2.186311002048254,1.0965416746094767,0.7700926088644378,0.7700926088644378,0.7700926088644378,0.9554054141044617,0.9543257404674818,ok,True,True,-30.138215197742223,1.0897693274387772,1.0,0.0,0.9804841750435145
382,1767153317341,6.065309203996122,4.077802192241464,3.5965200564479263,3.5965200564479263,3.5965200564479263,0.9483097195625305,0.950716127924511,ok,True,True,-24.877744979404195,1.9875070117546585,1.0,0.0,0.9804841750435145
383,1767153317374,9.846263589961039,7.5388790308732085,7.006336034120965,7.006336034120965,7.006336034120965,0.9521799683570862,0.9515944321840561,ok,True,True,-19.056987535788146,2.30738455908783,1.0,0.0,0.9804841750435145
384,1767153317409,15.361626242065284,12.232527357588452,11.578354916912005,11.578354916912005,11.578354916912005,0.9410278797149658,0.9452545007026019,ok,True,True,-11.906805997963131,3.129098884476832,1.0,0.0,0.9804841750435145
385,1767153317441,21.911055452318795,18.03964421442666,17.27422713893428,17.27422713893428,17.27422713893428,0.9661170840263367,0.9577720506968428,ok,True,True,-3.540707548046168,3.8714112378921364,1.0,0.0,0.9804841750435145
386,1767153317476,28.703022269376955,24.437671047396837,23.625012695817848,23.625012695817848,23.625012695817848,0.9501927495002747,0.953224469978902,ok,True,True,5.341743592834815,4.265351221980119,1.0,0.0,0.9804841750435145
387,1767153317508,35.812615646626085,31.262637806934386,30.43010241208647,30.43010241208647,30.43010241208647,0.9621391296386719,0.9585732657747639,ok,True,True,14.4414531490368,4.549977839691699,1.0,0.0,0.9804841750435145
388,1767153317541,42.419840074273615,37.95695916733793,37.17063908948702,37.17063908948702,37.17063908948702,0.9542421102523804,0.9559745724613338,ok,True,True,23.036023867511148,4.462880906935688,1.0,0.0,0.9804841750435145
389,1767153317574,47.758621555016106,43.83795659994483,43.17954023597066,43.17954023597066,43.17954023597066,0.9465848803520203,0.9503407571957457,ok,True,True,30.232591984966376,3.920664955071274,1.0,0.0,0.9804841750435145
390,1767153317609,52.17886943903082,48.842504303396424,48.32295297641915,48.32295297641915,48.32295297641915,0.9449281692504883,0.9470932044285914,ok,True,True,35.91134895348679,3.336365135634395,1.0,0.0,0.9804841750435145
391,1767153317641,53.842079698698676,51.842249540577775,51.58307140675507,51.58307140675507,51.58307140675507,0.9531072378158569,0.9507016244609507,ok,True,True,38.7441963683837,1.9998301581209006,1.0,0.0,0.9804841750435145
392,1767153317674,53.88698938731412,53.06909344861958,53.04738055471522,53.04738055471522,53.04738055471522,0.9641510248184204,0.9587712646754325,ok,True,True,38.981520846570525,0.8178959386945337,1.0,0.0,0.9804841750435145
393,1767153317712,52.74560855915877,52.87500251494309,53.03926057654601,53.03926057654601,53.03926057654601,0.964118480682373,0.9619795942795969,ok,True,True,37.1861609590496,0.1293939557843231,1.0,0.0,0.9804841750435145
394,1767153317743,50.340629788897836,51.35437887931594,51.68076290291869,51.68076290291869,51.68076290291869,0.9663404226303101,0.9645960912900248,ok,True,True,33.618745282852274,1.0137490904181021,1.0,0.0,0.9804841750435145
395,1767153317777,47.10959781601085,48.807510241332885,49.25325251952537,49.25325251952537,49.25325251952537,0.9258926510810852,0.941374027164661,ok,True,True,28.746729878375284,1.6979124253220377,1.0,0.0,0.9804841750435145
396,1767153317808,40.99702366483841,44.1212182954362,44.80093010918226,44.80093010918226,44.80093010918226,0.9156845808029175,0.9259603593476149,ok,True,True,21.317399996084454,3.124194630597792,1.0,0.0,0.9804841750435145
397,1767153317847,33.63181174255982,37.82757436371037,38.6851507467829,38.6851507467829,38.6851507467829,0.8898146748542786,0.904272948651613,ok,True,True,11.943989500253464,4.19576262115055,1.0,0.0,0.9804841750435145
398,1767153317876,23.484302651339423,29.2216113362878,30.32223706024447,30.32223706024447,30.32223706024447,0.9268618822097778,0.917826308786512,ok,True,True,-0.08597881108757477,5.737308684948378,1.0,0.0,0.9804841750435145
399,1767153317908,15.200683573739441,20.809054678758784,21.87046682854684,21.87046682854684,21.87046682854684,0.9147850871086121,0.9160015757797719,ok,True,True,-11.687338155406648,5.6083711050193426,1.0,0.0,0.9804841750435145
400,1767153317941,9.611812485828764,14.090709363000773,14.915500672960857,14.915500672960857,14.915500672960857,0.9378920197486877,0.9291358421611213,ok,True,True,-20.702403955086154,4.478896877172009,1.0,0.0,0.9804841750435145
401,1767153317974,3.8263077689700453,7.932068406582337,8.63444676317059,8.63444676317059,8.63444676317059,0.9505455493927002,0.9419816665000686,ok,True,True,-28.37948181035635,4.105760637612292,1.0,0.0,0.9804841750435145
402,1767153318008,0.7593335208754551,3.628427475158208,4.081553527290542,4.081553527290542,4.081553527290542,0.9550409317016602,0.9498172256210236,ok,True,True,-33.33220273041513,2.869093954282753,1.0,0.0,0.9804841750435145
403,1767153318041,-1.3724341068577042,0.6279105259486609,0.8893562760843068,0.8893562760843068,0.8893562760843068,0.9484828114509583,0.9490165771189844,ok,True,True,-36.18983545769675,2.000344632806365,1.0,0.0,0.9804841750435145
404,1767153318076,-1.3123686914853019,-0.5362570045117168,-0.5117833475379023,-0.5117833475379023,-0.5117833475379023,0.9581669569015503,0.9545068049885239,ok,True,True,-36.4573354001833,0.7761116869735851,1.0,0.0,0.9804841750435145
405,1767153318107,-0.31515405596236995,-0.40359523538210873,-0.5512987823437667,-0.5512987823437667,-0.5512987823437667,0.9382758736610413,0.9447682461920344,ok,True,True,-34.842918300214286,0.08844117941973878,1.0,0.0,0.9804841750435145
406,1767153318174,1.5109414718204286,0.7451267889394136,0.47081431627963877,0.47081431627963877,0.47081431627963877,0.9475471377372742,0.9464355811191782,ok,True,True,-31.84465078595018,0.765814682881015,1.0,0.0,0.9804841750435145
407,1767153318208,4.593008225968787,3.053855651157037,2.6471028233205103,2.6471028233205103,2.6471028233205103,0.9572407007217407,0.9529186528807158,ok,True,True,-27.39879464892388,1.5391525748117498,1.0,0.0,0.9804841750435145
408,1767153318241,9.46240472216778,6.898985093763483,6.322518474825226,6.322518474825226,6.322518474825226,0.9650892615318298,0.9602210180713842,ok,True,True,-21.097946860774094,2.5634196284042963,1.0,0.0,0.9804841750435145
409,1767153318275,14.480180208766665,11.447702162765392,10.797210016469082,10.797210016469082,10.797210016469082,0.9557123184204102,0.9575157982807998,ok,True,True,-13.9879913723733,3.0324780460012732,1.0,0.0,0.9804841750435145
410,1767153318308,19.74408538757904,16.42553209765358,15.74533703859973,15.74533703859973,15.74533703859973,0.9616907238960266,0.9600207536499359,ok,True,True,-6.553379562163871,3.318553289925461,1.0,0.0,0.9804841750435145
411,1767153318341,25.7231661502858,22.004112529232913,21.28121317792734,21.28121317792734,21.28121317792734,0.9652328491210938,0.9631480109326307,ok,True,True,1.347995173320104,3.719053621052886,1.0,0.0,0.9804841750435145
412,1767153318375,32.53533485568326,28.322845925103124,27.541969494898535,27.541969494898535,27.541969494898535,0.9588760733604431,0.9605848483893181,ok,True,True,9.88306618425728,4.212488930580136,1.0,0.0,0.9804841750435145
413,1767153318407,39.099057692195615,34.78857298535861,34.01657279312545,34.01657279312545,34.01657279312545,0.965682864189148,0.963643657869216,ok,True,True,18.32111887262037,4.310484706837002,1.0,0.0,0.9804841750435145
414,1767153318441,46.394019918550676,41.75184114527385,40.95669418376856,40.95669418376856,40.95669418376856,0.978352427482605,0.9724689196372494,ok,True,True,27.01216846519224,4.642178773276825,1.0,0.0,0.9804841750435145
415,1767153318474,50.930553665088574,47.259068657162686,46.65617437639954,46.65617437639954,46.65617437639954,0.9690356254577637,0.9704089431295579,ok,True,True,33.601873698135634,3.671485007925888,1.0,0.0,0.9804841750435145
416,1767153318509,54.76299844013792,51.76142652694782,51.31665386397205,51.31665386397205,51.31665386397205,0.9514508247375488,0.9590340720943524,ok,True,True,38.463291094518404,3.001571913190098,1.0,0.0,0.9804841750435145
417,1767153318541,55.638794841505515,54.087847515682434,53.92165622140053,53.92165622140053,53.92165622140053,0.9561381936073303,0.9572965450021391,ok,True,True,40.279781442067964,1.5509473258230813,1.0,0.0,0.9804841750435145
418,1767153318574,53.99319442134595,54.031055659080536,54.168695357924555,54.168695357924555,54.168695357924555,0.9719083309173584,0.9660636165512707,ok,True,True,38.7753633829265,0.037861237734588826,1.0,0.0,0.9804841750435145
419,1767153318608,52.98294482629143,53.40218915940707,53.63198877442072,53.63198877442072,53.63198877442072,0.9764821529388428,0.972314738383814,ok,True,True,36.263626625916615,0.4192443331156426,1.0,0.0,0.9804841750435145
420,1767153318674,43.130785618390554,47.23934703479716,48.087715170088856,48.087715170088856,48.087715170088856,0.9257665276527405,0.9443858119451699,ok,True,True,26.990863358835,4.108561416406609,1.0,0.0,0.9804841750435145
421,1767153318708,34.82495308462234,39.79071066469227,40.817121210186315,40.817121210186315,40.817121210186315,0.8971426486968994,0.9160399139962077,ok,True,True,15.772075656571833,4.965757580069933,1.0,0.0,0.9804841750435145
422,1767153318741,24.80752921123171,30.800801792615935,31.977362598251332,31.977362598251332,31.977362598251332,0.9248139262199402,0.9213043213304472,ok,True,True,2.912127992185818,5.993272581384225,1.0,0.0,0.9804841750435145
423,1767153318774,16.73298099909933,22.36010931650597,23.444290041102548,23.444290041102548,23.444290041102548,0.9640794396400452,0.946969392316206,ok,True,True,-8.938094546477146,5.62712831740664,1.0,0.0,0.9804841750435145
424,1767153318808,9.076988326141246,14.390236722287135,15.367475373554779,15.367475373554779,15.367475373554779,0.972744345664978,0.9624343643254691,ok,True,True,-19.619427674967824,5.313248396145889,1.0,0.0,0.9804841750435145
425,1767153318841,4.829034100344296,8.653515149121432,9.32984760471206,9.32984760471206,9.32984760471206,0.9605447053909302,0.9613005689647458,ok,True,True,-27.011820776082583,3.8244810487771366,1.0,0.0,0.9804841750435145
426,1767153318874,0.40984372627394194,3.707312295412938,4.234333470031211,4.234333470031211,4.234333470031211,0.9757429361343384,0.9699659892665013,ok,True,True,-32.77222405583832,3.297468569138996,1.0,0.0,0.9804841750435145
427,1767153318907,-0.2735433385864066,1.3187989150133315,1.5222715603515629,1.5222715603515629,1.5222715603515629,0.9676671624183655,0.9685866931576198,ok,True,True,-34.99620394506361,1.592342253599738,1.0,0.0,0.9804841750435145
428,1767153318941,0.4188785394942478,0.7788466897018813,0.7316243199358903,0.7316243199358903,0.7316243199358903,0.9631887674331665,0.9653479377229478,ok,True,True,-34.48005790240246,0.3599681502076335,1.0,0.0,0.9804841750435145
429,1767153318974,0.7458962477780792,0.7590764245476,0.6277394264046519,0.6277394264046519,0.6277394264046519,0.9746371507644653,0.9709214655478583,ok,True,True,-33.04452910148873,0.01318017676952088,1.0,0.0,0.9804841750435145
430,1767153319008,1.3200321901799075,1.0956498839269844,0.9204953892416115,0.9204953892416115,0.9204953892416115,0.9610468149185181,0.9649966751702541,ok,True,True,-31.130069921778567,0.2243823062529231,1.0,0.0,0.9804841750435145
431,1767153319041,3.225797298662375,2.3737383327682187,2.095736625877216,2.095736625877216,2.095736625877216,0.9697719216346741,0.967861823048906,ok,True,True,-28.0914786444688,0.8520589658941562,1.0,0.0,0.9804841750435145
432,1767153319074,6.292834767460161,4.725196193583384,4.327225394690943,4.327225394690943,4.327225394690943,0.9628855586051941,0.9648760643826789,ok,True,True,-23.7416111142932,1.5676385738767769,1.0,0.0,0.9804841750435145
433,1767153319107,10.670351203451355,8.292289199504166,7.761438858677169,7.761438858677169,7.761438858677169,0.9728156328201294,0.9696398054451492,ok,True,True,-17.939354598557998,2.378062003947189,1.0,0.0,0.9804841750435145
434,1767153319141,15.125341737540339,12.39212072232587,11.808568779662172,11.808568779662172,11.808568779662172,0.9442659020423889,0.9544154634034929,ok,True,True,-11.561063390690343,2.7332210152144683,1.0,0.0,0.9804841750435145
435,1767153319178,21.16244186377063,17.654313407192728,16.958881290712775,16.958881290712775,16.958881290712775,0.96697598695755,0.9619517775359272,ok,True,True,-3.959908754882476,3.5081284565779036,1.0,0.0,0.9804841750435145
436,1767153319207,29.060627303334112,24.49810174487756,23.64194480909094,23.64194480909094,23.64194480909094,0.9269195199012756,0.9409324229551363,ok,True,True,5.397987015554148,4.562525558456553,1.0,0.0,0.9804841750435145
437,1767153319242,37.10085816830463,32.059755598933805,31.1403557290425,31.1403557290425,31.1403557290425,0.967815101146698,0.9570620298700733,ok,True,True,15.447135476742485,5.041102569370828,1.0,0.0,0.9804841750435145
438,1767153319274,42.63536519880382,38.405121358855816,37.651793679895384,37.651793679895384,37.651793679895384,0.9728178381919861,0.966515514863221,ok,True,True,23.68109540398367,4.2302438399480025,1.0,0.0,0.9804841750435145
439,1767153319307,48.658953336560224,44.55742054547846,43.874807136680694,43.874807136680694,43.874807136680694,0.9549379348754883,0.9595689668705814,ok,True,True,31.142140060665575,4.101532791081766,1.0,0.0,0.9804841750435145
440,1767153319341,53.63431347865157,50.003556305382325,49.4354040942768,49.4354040942768,49.4354040942768,0.953099250793457,0.9556871372243068,ok,True,True,37.35211039558288,3.630757173269245,1.0,0.0,0.9804841750435145
441,1767153319374,53.681504859918704,52.21032543810415,52.03958428039644,52.03958428039644,52.03958428039644,0.9563426971435547,0.9560804731758554,ok,True,True,39.21833128426192,1.4711794218145542,1.0,0.0,0.9804841750435145
442,1767153319408,51.57122077659871,51.82686264120089,51.99650429190003,51.99650429190003,51.99650429190003,0.9592483043670654,0.9579811718905814,ok,True,True,37.36412813620377,0.2556418646021825,1.0,0.0,0.9804841750435145
443,1767153319441,52.258205674204554,52.08566846100309,52.21471969325547,52.21471969325547,52.21471969325547,0.956390917301178,0.9570270191369393,ok,True,True,35.95358302468796,0.17253721320146553,1.0,0.0,0.9804841750435145
444,1767153319475,49.80939196728249,50.71990256477073,51.02048871392328,51.02048871392328,51.02048871392328,0.9709469079971313,0.9653789524530545,ok,True,True,32.668141143379,0.9105105974882406,1.0,0.0,0.9804841750435145
445,1767153319508,44.84983125365338,47.197859778100316,47.74602207152916,47.74602207152916,47.74602207152916,0.9577248692512512,0.9607865025319725,ok,True,True,26.676662954304245,2.3480285244469385,1.0,0.0,0.9804841750435145
446,1767153319691,39.058843577626604,42.31445005781609,43.019891114655266,43.019891114655266,43.019891114655266,0.9607250690460205,0.9607496424404013,ok,True,True,18.9661094259112,3.255606480189485,1.0,0.0,0.9804841750435145
447,1767153319717,30.59571218697126,35.283207335309186,36.217228707655146,36.217228707655146,36.217228707655146,0.9223517775535583,0.9377109235082955,ok,True,True,8.757146227192164,4.687495148337927,1.0,0.0,0.9804841750435145
448,1767153319746,22.526756133403353,27.629336614165688,28.620378759542888,28.620378759542888,28.620378759542888,0.8828149437904358,0.9047733356775797,ok,True,True,-2.07506071163138,5.1025804807623345,1.0,0.0,0.9804841750435145
449,1767153319769,11.258843992815223,17.807041041355408,19.00615903496522,19.00615903496522,19.00615903496522,0.959076464176178,0.9373552127767386,ok,True,True,-15.181561087460123,6.548197048540185,1.0,0.0,0.9804841750435145
450,1767153319794,0.6295644065616601,7.50055506047916,8.728175420570162,8.728175420570162,8.728175420570162,0.9682976007461548,0.9559206455583883,ok,True,True,-28.599595673423714,6.8709906539175,1.0,0.0,0.9804841750435145
451,1767153319819,-0.03228738785563116,2.9808495914782855,3.5158913252034543,3.5158913252034543,3.5158913252034543,0.9745802879333496,0.9671164309833651,ok,True,True,-34.44766460535805,3.013136979333917,1.0,0.0,0.9804841750435145
452,1767153319840,-1.0620836748708746,0.5550896316687896,0.7573813831357292,0.7573813831357292,0.7573813831357292,0.9725129008293152,0.9703543128909352,ok,True,True,-36.65873718600288,1.617173306539664,1.0,0.0,0.9804841750435145
453,1767153319866,-1.1728520942060876,-0.4816754038561367,-0.4797670593787789,-0.4797670593787789,-0.4797670593787789,0.9744728803634644,0.9728254533744527,ok,True,True,-36.6795956150674,0.6911766903499509,1.0,0.0,0.9804841750435145
454,1767153319888,-0.6346772372492046,-0.5734765038919774,-0.6994738473895503,-0.6994738473895503,-0.6994738473895503,0.9701406955718994,0.9712145986929208,ok,True,True,-35.3024298659879,0.0612007333572272,1.0,0.0,0.9804841750435145
455,1767153319913,1.06641371830608,0.41045762942685704,0.15524960969898838,0.15524960969898838,0.15524960969898838,0.9706986546516418,0.9709050322681534,ok,True,True,-32.51297626400464,0.655956088879223,1.0,0.0,0.9804841750435145
456,1767153319939,2.489069202314966,1.6576245731597223,1.3689947120747592,1.3689947120747592,1.3689947120747592,0.9545069932937622,0.9610662088835187,ok,True,True,-29.35821801423693,0.8314446291552435,1.0,0.0,0.9804841750435145
457,1767153319980,6.121627355870026,4.336026242785905,3.895667712819752,3.895667712819752,3.895667712819752,0.9756303429603577,0.969804689329622,ok,True,True,-24.545047609607998,1.7856011130841214,1.0,0.0,0.9804841750435145
458,1767153320015,10.918084402591345,8.285261138669169,7.704041621350896,7.704041621350896,7.704041621350896,0.9703495502471924,0.9701316058801643,ok,True,True,-18.192250084454912,2.6328232639221767,1.0,0.0,0.9804841750435145
459,1767153320041,16.08973908076814,12.967947903928552,12.31278324026291,12.31278324026291,12.31278324026291,0.9581549763679504,0.9629456281728359,ok,True,True,-11.031223432929567,3.1217911768395883,1.0,0.0,0.9804841750435145
460,1767153320145,22.843009080133985,18.892984609651812,18.117553540105913,18.117553540105913,18.117553540105913,0.9736524224281311,0.969369704726013,ok,True,True,-2.555670852955803,3.950024470482173,1.0,0.0,0.9804841750435145
461,1767153320170,30.268717468034044,25.718424324681152,24.86061088206953,24.86061088206953,24.86061088206953,0.9587978720664978,0.9630266051303039,ok,True,True,6.820330731454222,4.550293143352892,1.0,0.0,0.9804841750435145
462,1767153320194,37.992764354313785,33.08302834246073,32.19072703997387,32.19072703997387,32.19072703997387,0.9733611345291138,0.9692273227695898,ok,True,True,16.573288671139654,4.909736011853056,1.0,0.0,0.9804841750435145
463,1767153320217,44.82800861637761,40.130016506810854,39.305597182746425,39.305597182746425,39.305597182746425,0.9796255230903625,0.9754662429620535,ok,True,True,25.584288621330437,4.697992109566755,1.0,0.0,0.9804841750435145
464,1767153320241,50.06748761440989,46.09249917137028,45.43021650291117,45.43021650291117,45.43021650291117,0.966402530670166,0.9700280155869211,ok,True,True,32.82311590048198,3.9749884430396136,1.0,0.0,0.9804841750435145
465,1767153320266,53.21790744338592,50.36774413457966,49.93879345577571,49.93879345577571,49.93879345577571,0.9754788875579834,0.9732985387695585,ok,True,True,37.51159715329963,2.850163308806259,1.0,0.0,0.9804841750435145
466,1767153320291,54.68459327350216,52.95785361793316,52.76045833109799,52.76045833109799,52.76045833109799,0.9614133834838867,0.9661674455981555,ok,True,True,39.669150800963294,1.7267396555689984,1.0,0.0,0.9804841750435145
467,1767153320318,52.884843536941936,52.91404756933842,53.04448372756808,53.04448372756808,53.04448372756808,0.963767409324646,0.9647274238340499,ok,True,True,38.24346828600726,0.029204032396485502,1.0,0.0,0.9804841750435145
468,1767153320349,51.741893685880015,52.21075523926338,52.44607852865839,52.44607852865839,52.44607852865839,0.9676413536071777,0.9664757816979266,ok,True,True,35.67135711985575,0.46886155338336266,1.0,0.0,0.9804841750435145
469,1767153320392,49.25283138036902,50.436000923926755,50.793043497787686,50.793043497787686,50.793043497787686,0.9416225552558899,0.9515638458327046,ok,True,True,31.768839891832364,1.1831695435577387,1.0,0.0,0.9804841750435145
470,1767153320432,43.79469495933003,46.45121734516872,47.05397977686427,47.05397977686427,47.05397977686427,0.9606426358222961,0.9570111198264596,ok,True,True,25.180575784669113,2.6565223858386915,1.0,0.0,0.9804841750435145
471,1767153320461,38.152074779029846,41.4717318054854,42.18842349978428,42.18842349978428,42.18842349978428,0.9520770907402039,0.9540507023747061,ok,True,True,17.347051468680796,3.319657026455552,1.0,0.0,0.9804841750435145
472,1767153320491,31.817555728284546,35.679226159164884,36.47022895192095,36.47022895192095,36.47022895192095,0.923079252243042,0.9354678322957077,ok,True,True,8.701298126818704,3.861670430880338,1.0,0.0,0.9804841750435145
473,1767153320516,23.146221319996375,28.159423255663782,29.119333019754983,29.119333019754983,29.119333019754983,0.9139317870140076,0.9225462051266876,ok,True,True,-1.7906282314449573,5.013201935667407,1.0,0.0,0.9804841750435145
474,1767153320540,13.157378951786784,19.158196673337585,20.26326169182928,20.26326169182928,20.26326169182928,0.9583683013916016,0.9440394628856359,ok,True,True,-13.869118552964936,6.000817721550801,1.0,0.0,0.9804841750435145
475,1767153320565,6.640025627400019,11.647294045775045,12.557295072784845,12.557295072784845,12.557295072784845,0.9647742509841919,0.9564803357447695,ok,True,True,-23.815536558589045,5.007268418375026,1.0,0.0,0.9804841750435145
476,1767153320595,1.6603147514614904,5.655106469186912,6.336835996190355,6.336835996190355,6.336835996190355,0.9718297123908997,0.9656899617324476,ok,True,True,-31.26692028354349,3.994791717725422,1.0,0.0,0.9804841750435145
477,1767153320618,-0.7952693180391449,1.784880996851278,2.176588682917543,2.176588682917543,2.176588682917543,0.9692745804786682,0.96784073298018,ok,True,True,-35.54833125560923,2.580150314890423,1.0,0.0,0.9804841750435145
478,1767153320642,-1.5701769717799965,-0.22815378432748668,-0.09201651424423063,-0.09201651424423063,-0.09201651424423063,0.9542253017425537,0.9596714742376042,ok,True,True,-37.036327592099106,1.3420231874525097,1.0,0.0,0.9804841750435145
479,1767153320680,-1.6409324333290962,-1.0758209737284523,-1.1038051386671022,-1.1038051386671022,-1.1038051386671022,0.9561294913291931,0.9575462844925575,ok,True,True,-36.73045738563049,0.5651114596006439,1.0,0.0,0.9804841750435145
480,1767153320707,-0.053213440613349754,-0.46225645385939085,-0.6705025246438983,-0.6705025246438983,-0.6705025246438983,0.9624330401420593,0.9604783378822586,ok,True,True,-34.45430339615901,0.4090430132460411,1.0,0.0,0.9804841750435145
481,1767153320740,0.6521399449391163,0.20638138541971343,-0.01966182374497727,-0.01966182374497727,-0.01966182374497727,0.9510737061500549,0.9548355588429365,ok,True,True,-31.98362459585858,0.4457585595194029,1.0,0.0,0.9804841750435145
482,1767153320774,2.1280330083752883,1.3593723591930582,1.0864774193018394,1.0864774193018394,1.0864774193018394,0.9585368633270264,0.9570563415333904,ok,True,True,-29.000850881089466,0.7686606491822301,1.0,0.0,0.9804841750435145
483,1767153320807,4.473199246076613,3.227668491323191,2.880808521359467,2.880808521359467,2.880808521359467,0.9543690085411072,0.9554439417380205,ok,True,True,-25.209630708499194,1.2455307547534216,1.0,0.0,0.9804841750435145
484,1767153320841,7.7521869960057215,5.94237959413271,5.50690347589603,5.50690347589603,5.50690347589603,0.963492214679718,0.960272905503039,ok,True,True,-20.449825636980336,1.8098074018730115,1.0,0.0,0.9804841750435145
485,1767153320874,11.510318708117055,9.283143062523317,8.785612856238888,8.785612856238888,8.785612856238888,0.9599985480308533,0.9601082910197275,ok,True,True,-15.011762101612437,2.2271756455937375,1.0,0.0,0.9804841750435145
486,1767153320908,17.298266043053783,14.092216850841597,13.444118942856907,13.444118942856907,13.444118942856907,0.963057279586792,0.9618776841599662,ok,True,True,-7.92797591889991,3.206049192212186,1.0,0.0,0.9804841750435145
487,1767153320950,23.72034002038824,19.869090752569583,19.122529037346816,19.122529037346816,19.122529037346816,0.9597297310829163,0.9605889123137362,ok,True,True,0.232031230763881,3.8512492678186554,1.0,0.0,0.9804841750435145
488,1767153320976,31.313134979497416,26.735517288726285,25.88672230548375,25.88672230548375,25.88672230548375,0.936723530292511,0.946269683101001,ok,True,True,9.509459996034987,4.577617690771131,1.0,0.0,0.9804841750435145
489,1767153321007,39.44808769986479,34.36305953540939,33.452423296599186,33.452423296599186,33.452423296599186,0.9673550128936768,0.9589208809766065,ok,True,True,19.46282094117386,5.085028164455402,1.0,0.0,0.9804841750435145
490,1767153321040,46.941200852044595,41.90994432539051,41.03843672008723,41.03843672008723,41.03843672008723,0.9612810015678406,0.960336953331347,ok,True,True,28.988501330690124,5.031256526654083,1.0,0.0,0.9804841750435145
491,1767153321074,50.9550373192352,47.33700012169733,46.74188356060219,46.74188356060219,46.74188356060219,0.9358943104743958,0.9456713676171763,ok,True,True,35.49319517501705,3.6180371975378733,1.0,0.0,0.9804841750435145
492,1767153321107,52.616046348964524,50.504427858057646,50.216546099931215,50.216546099931215,50.216546099931215,0.9595977067947388,0.9540271711237137,ok,True,True,38.639776571664896,2.111618490906878,1.0,0.0,0.9804841750435145
493,1767153321141,52.434131649187734,51.66225013273569,51.64464852264599,51.64464852264599,51.64464852264599,0.9436725378036499,0.9478143911316754,ok,True,True,38.832164235335476,0.7718815164520407,1.0,0.0,0.9804841750435145
494,1767153321174,51.81637916891765,51.75472755444487,51.88690596155013,51.88690596155013,51.88690596155013,0.9500870108604431,0.9491779629689361,ok,True,True,37.38743873573196,0.06165161447277967,1.0,0.0,0.9804841750435145
495,1767153321207,49.798466280302975,50.580970789959736,50.86581075344041,50.86581075344041,50.86581075344041,0.9646754264831543,0.958476441077467,ok,True,True,34.27410451148943,0.7825045096567607,1.0,0.0,0.9804841750435145
496,1767153321241,45.36918358306795,47.453898465824665,47.96219668014484,47.96219668014484,47.96219668014484,0.9645695090293884,0.9621322818486199,ok,True,True,28.718345384762248,2.084714882756714,1.0,0.0,0.9804841750435145
497,1767153321274,39.72117814832285,42.814266275323575,43.49564660815797,43.49564660815797,43.49564660815797,0.9464858770370483,0.9527444389616769,ok,True,True,21.27077839305028,3.093088127000726,1.0,0.0,0.9804841750435145
498,1767153321307,33.19068066500807,37.04011490913427,37.83972537381472,37.83972537381472,37.83972537381472,0.9290854930877686,0.9385490714373319,ok,True,True,12.530942187022067,3.8494342441262006,1.0,0.0,0.9804841750435145
499,1767153321340,23.81063642656141,29.102427819590552,30.12418389579338,30.12418389579338,30.12418389579338,0.8736748695373535,0.8996245502973448,ok,True,True,1.363028380271853,5.291791393029143,1.0,0.0,0.9804841750435145
500,1767153321374,15.007992617736136,20.645766698477903,21.70868944704774,21.70868944704774,21.70868944704774,0.933204174041748,0.9197723245439867,ok,True,True,-10.254841985987223,5.637774080741767,1.0,0.0,0.9804841750435145
501,1767153321407,7.338459219620901,12.661382211163701,13.632969375173701,13.632969375173701,13.632969375173701,0.9434500932693481,0.9339789857792036,ok,True,True,-20.874403695600815,5.3229229915428,1.0,0.0,0.9804841750435145
502,1767153321440,1.9711594544005757,6.247248557105827,6.993885013779065,6.993885013779065,6.993885013779065,0.9598158001899719,0.9494810744256645,ok,True,True,-29.03522777808847,4.276089102705251,1.0,0.0,0.9804841750435145
503,1767153321474,-0.3998870402543351,2.25896719868973,2.67939707739019,2.67939707739019,2.67939707739019,0.9567356705665588,0.9538338321102011,ok,True,True,-33.63057568593603,2.6588542389440653,1.0,0.0,0.9804841750435145
504,1767153321507,-1.6514270700595535,-0.08726936255983997,0.09639539773999273,0.09639539773999273,0.09639539773999273,0.9571161270141602,0.9558032090525765,ok,True,True,-35.63805306741509,1.5641577074997135,1.0,0.0,0.9804841750435145
505,1767153321540,-0.8720997144316696,-0.5581675736829377,-0.61769531544747,-0.61769531544747,-0.61769531544747,0.9629771709442139,0.960107586187559,ok,True,True,-34.98740786488555,0.3139321407487319,1.0,0.0,0.9804841750435145
506,1767153321574,-0.923251010653503,-0.7772176358652769,-0.8895745421493066,-0.8895745421493066,-0.8895745421493066,0.9553513526916504,0.9572538460900138,ok,True,True,-33.75933369513226,0.1460333747882261,1.0,0.0,0.9804841750435145
507,1767153321607,-0.10923273098123855,-0.3764266929348539,-0.5592891954229844,-0.5592891954229844,-0.5592891954229844,0.9544245600700378,0.9555562744780282,ok,True,True,-31.760625085672817,0.2671939619536154,1.0,0.0,0.9804841750435145
508,1767153321640,1.5509371875965792,0.7799916353840058,0.5123630296201236,0.5123630296201236,0.5123630296201236,0.951725959777832,0.9532580856579105,ok,True,True,-28.83541302087227,0.7709455522125733,1.0,0.0,0.9804841750435145
509,1767153321678,5.18445514637288,3.42266974197733,2.990587010660549,2.990587010660549,2.990587010660549,0.9426853656768799,0.9469144536692922,ok,True,True,-24.112698066571237,1.7617854043955496,1.0,0.0,0.9804841750435145
510,1767153321707,9.493848401002571,7.065376937392475,6.520899936854652,6.520899936854652,6.520899936854652,0.9566236138343811,0.9527399497683455,ok,True,True,-18.161500561231183,2.428471463610096,1.0,0.0,0.9804841750435145
511,1767153321740,14.715964695002702,11.655729591958611,11.015085100401294,11.015085100401294,11.015085100401294,0.9514075517654419,0.9519405109666034,ok,True,True,-11.15918109466098,3.060235103044091,1.0,0.0,0.9804841750435145
512,1767153321774,19.847112144441127,16.57055912344812,15.909018151115879,15.909018151115879,15.909018151115879,0.9558328986167908,0.9542759435567159,ok,True,True,-3.9284606412074323,3.2765530209930063,1.0,0.0,0.9804841750435145
513,1767153321809,25.736321803887122,22.070016731711522,21.36779516714531,21.36779516714531,21.36779516714531,0.9513749480247498,0.9525353462375361,ok,True,True,3.7469034588637413,3.6663050721756,1.0,0.0,0.9804841750435145
514,1767153321840,32.4960920410088,28.325661917289885,27.563058758549282,27.563058758549282,27.563058758549282,0.9364497661590576,0.9428839981904491,ok,True,True,12.082245468496055,4.170430123718916,1.0,0.0,0.9804841750435145
515,1767153321874,41.12493064207627,36.00522315216172,35.10797213104507,35.10797213104507,35.10797213104507,0.9512012004852295,0.9478743195673173,ok,True,True,21.889304413609956,5.119707489914553,1.0,0.0,0.9804841750435145
516,1767153321907,46.33525914859876,42.20324475002394,41.4927998174375,41.4927998174375,41.4927998174375,0.9506036043167114,0.9495118904169537,ok,True,True,29.6545508910802,4.1320143985748174,1.0,0.0,0.9804841750435145
517,1767153321940,50.14846758786671,46.970378452729605,46.469366889756884,46.469366889756884,46.469366889756884,0.9459414482116699,0.9473696250937835,ok,True,True,35.13066606355687,3.178089135137107,1.0,0.0,0.9804841750435145
518,1767153321973,51.08338684139542,49.438183485929095,49.23753813111918,49.23753813111918,49.23753813111918,0.926648736000061,0.93493709163755,ok,True,True,37.32374333555063,1.6452033554663288,1.0,0.0,0.9804841750435145
519,1767153322011,50.896500695412804,50.31317381161932,50.33197827270315,50.33197827270315,50.33197827270315,0.9458218216896057,0.9414679296687833,ok,True,True,37.11820836937063,0.5833268837934824,1.0,0.0,0.9804841750435145
520,1767153322040,49.78452324158003,49.99598346959575,50.17157028890458,50.17157028890458,50.17157028890458,0.9475827217102051,0.9451368048936364,ok,True,True,35.19902383079667,0.21146022801571718,1.0,0.0,0.9804841750435145
521,1767153322075,46.678283189464366,48.00536330151692,48.37807373268495,48.37807373268495,48.37807373268495,0.9410602450370789,0.9426908689797019,ok,True,True,31.125255083924998,1.3270801120525562,1.0,0.0,0.9804841750435145
522,1767153322123,41.57195848703517,44.14532041282787,44.733515345933284,44.733515345933284,44.733515345933284,0.9377634525299072,0.9397344191098251,ok,True,True,24.69621544571637,2.573361925792703,1.0,0.0,0.9804841750435145
523,1767153322151,35.79500005978115,39.135128200999844,39.85181920656703,39.85181920656703,39.85181920656703,0.934393048286438,0.9365295966157929,ok,True,True,16.862698657646245,3.340128141218692,1.0,0.0,0.9804841750435145
524,1767153322176,27.168351193978907,31.95506199678728,32.89912345138127,32.89912345138127,32.89912345138127,0.9031312465667725,0.9164905865863806,ok,True,True,6.543996181843166,4.786710802808372,1.0,0.0,0.9804841750435145
525,1767153322210,17.09286772570818,23.037745434139822,24.16268336497296,24.16268336497296,24.16268336497296,0.9321433305740356,0.9258822329789737,ok,True,True,-5.751707403475683,5.94487770843164,1.0,0.0,0.9804841750435145
526,1767153322240,8.445677878704046,14.282504900878358,15.363798442667962,15.363798442667962,15.363798442667962,0.9490899443626404,0.9398068598091737,ok,True,True,-17.570372695273598,5.836827022174312,1.0,0.0,0.9804841750435145
527,1767153322307,0.9426620654691679,6.278599199632844,7.227200019889082,7.227200019889082,7.227200019889082,0.9522621035575867,0.9472800060582214,ok,True,True,-27.93869097041864,5.335937134163676,1.0,0.0,0.9804841750435145
528,1767153322340,-0.9319697203578312,1.9522578476384393,2.4370372498582973,2.4370372498582973,2.4370372498582973,0.9485495686531067,0.9480417436151526,ok,True,True,-33.23738672116899,2.8842275679962706,1.0,0.0,0.9804841750435145
529,1767153322373,-1.7736096999898854,-0.28326268093855544,-0.10330997287579113,-0.10330997287579113,-0.10330997287579113,0.9422951340675354,0.9445937778865823,ok,True,True,-35.20429093612107,1.49034701905133,1.0,0.0,0.9804841750435145
530,1767153322408,-0.6630058596174537,-0.5111085881458944,-0.596563122980317,-0.596563122980317,-0.596563122980317,0.9464578628540039,0.9457122288670352,ok,True,True,-34.27026284306247,0.1518972714715593,1.0,0.0,0.9804841750435145
531,1767153322440,-0.2984178116255184,-0.38349412223366885,-0.534766671014832,-0.534766671014832,-0.534766671014832,0.9482537508010864,0.9472371420274659,ok,True,True,-32.61683613441612,0.08507631060815046,1.0,0.0,0.9804841750435145
532,1767153322473,1.8003945877328102,0.9268391037462186,0.6423729640551363,0.6423729640551363,0.6423729640551363,0.9604933857917786,0.9551908882860536,ok,True,True,-29.507587848058645,0.8735554839865917,1.0,0.0,0.9804841750435145
533,1767153322507,5.516110955336601,3.680402214700448,3.2315641973872022,3.2315641973872022,3.2315641973872022,0.9567907452583313,0.9561508024694203,ok,True,True,-24.60173565173467,1.8357087406361532,1.0,0.0,0.9804841750435145
534,1767153322540,8.305000319420696,6.455161077532597,6.003863341953258,6.003863341953258,6.003863341953258,0.9485114812850952,0.9515672097588252,ok,True,True,-19.668998446136577,1.8498392418880991,1.0,0.0,0.9804841750435145
535,1767153322573,12.816257279353696,10.271818798625256,9.722314799400559,9.722314799400559,9.722314799400559,0.9415169358253479,0.9455370453987388,ok,True,True,-13.662855255276062,2.5444384807284397,1.0,0.0,0.9804841750435145
536,1767153322607,17.803968447914787,14.791108588198975,14.174570041545207,14.174570041545207,14.174570041545207,0.9387970566749573,0.9414930521644699,ok,True,True,-6.924016595116707,3.012859859715812,1.0,0.0,0.9804841750435145
537,1767153322640,25.23684951195921,21.058553142455114,20.264497773615112,20.264497773615112,20.264497773615112,0.9478189945220947,0.9452886175790448,ok,True,True,1.75510176153501,4.178296369504096,1.0,0.0,0.9804841750435145
538,1767153322673,32.579957177465985,27.971395563461638,27.11778582213211,27.11778582213211,27.11778582213211,0.9276301860809326,0.9346935586801774,ok,True,True,11.085156397665354,4.608561614004348,1.0,0.0,0.9804841750435145
539,1767153322707,40.46955609606819,35.47029188302557,34.5793379214268,34.5793379214268,34.5793379214268,0.9556206464767456,0.9472498113581184,ok,True,True,20.823387743345727,4.999264213042622,1.0,0.0,0.9804841750435145
540,1767153322740,46.8976647768895,42.32671561934393,41.53952615115133,41.53952615115133,41.53952615115133,0.9201847314834595,0.931010763433323,ok,True,True,29.42746100026992,4.57094915754557,1.0,0.0,0.9804841750435145
541,1767153322774,51.38023103224503,47.758824867084584,47.174187775535856,47.174187775535856,47.174187775535856,0.919204592704773,0.923927060996193,ok,True,True,35.81761301278339,3.621406165160444,1.0,0.0,0.9804841750435145
542,1767153322807,52.74221763053283,50.74886052515353,50.483153337106955,50.483153337106955,50.483153337106955,0.9228469133377075,0.9232789724011017,ok,True,True,38.721823756472794,1.993357105379296,1.0,0.0,0.9804841750435145
543,1767153322841,52.0906593160631,51.55393979969927,51.5784866218036,51.5784866218036,51.5784866218036,0.9458580017089844,0.9368263899858313,ok,True,True,38.45352411052447,0.5367195163638314,1.0,0.0,0.9804841750435145
544,1767153322873,51.54406461090791,51.54801468642445,51.69447085856425,51.69447085856425,51.69447085856425,0.9490973949432373,0.9441889929602749,ok,True,True,36.85274096372656,0.003950075516542029,1.0,0.0,0.9804841750435145
545,1767153322907,49.24917607425699,50.168711519123974,50.47609607621822,50.47609607621822,50.47609607621822,0.9484320878982544,0.9467348499230626,ok,True,True,33.492991685883105,0.9195354448669875,1.0,0.0,0.9804841750435145
546,1767153322943,44.30557571451641,46.65083003635944,47.20235526737102,47.20235526737102,47.20235526737102,0.9576377868652344,0.9532766120883657,ok,True,True,27.464756194418634,2.3452543218430293,1.0,0.0,0.9804841750435145
547,1767153322980,39.779272227222876,42.5278953508775,43.15176972934512,43.15176972934512,43.15176972934512,0.9275566339492798,0.9378446252049141,ok,True,True,20.6457360317402,2.7486231236546246,1.0,0.0,0.9804841750435145
548,1767153323007,32.140573290257095,36.295502114505254,37.13751198002241,37.13751198002241,37.13751198002241,0.8554394841194153,0.8884015405536148,ok,True,True,11.44246939937978,4.1549288242481595,1.0,0.0,0.9804841750435145
549,1767153323041,22.433356165436948,27.97821454506427,29.043019156609258,29.043019156609258,29.043019156609258,0.939967155456543,0.9193409094953717,ok,True,True,-0.1959699500173535,5.544858379627321,1.0,0.0,0.9804841750435145
550,1767153323074,15.581507847779317,20.540190526693298,21.488431544114896,21.488431544114896,21.488431544114896,0.9375419020652771,0.9302615050373149,ok,True,True,-10.560355537960136,4.958682678913981,1.0,0.0,0.9804841750435145
551,1767153323107,10.557105682018209,14.550339619888245,15.285388286975364,15.285388286975364,15.285388286975364,0.9396809935569763,0.9359131981491118,ok,True,True,-18.594523720549002,3.993233937870036,1.0,0.0,0.9804841750435145
552,1767153323142,4.760272964614182,8.676299626723807,9.344740606144727,9.344740606144727,9.344740606144727,0.9521480202674866,0.9456540914201366,ok,True,True,-25.90066206113534,3.9160266621096254,1.0,0.0,0.9804841750435145
553,1767153323173,1.220327393903911,4.20271628703187,4.6802431086863425,4.6802431086863425,4.6802431086863425,0.9679139852523804,0.9590100277194828,ok,True,True,-31.12008625528117,2.982388893127959,1.0,0.0,0.9804841750435145
554,1767153323209,-0.9063538408903355,1.1372742102785467,1.4169188469237906,1.4169188469237906,1.4169188469237906,0.956463634967804,0.9574821920684755,ok,True,True,-34.17663494758777,2.0436280511688825,1.0,0.0,0.9804841750435145
555,1767153323240,0.4692596926044267,0.7364654996740747,0.6852640764989862,0.6852640764989862,0.6852640764989862,0.9465449452400208,0.9509198439714027,ok,True,True,-33.61699738425918,0.267205807069648,1.0,0.0,0.9804841750435145
556,1767153323273,-0.1963795966679419,0.17675844186886477,0.10844852508975578,0.10844852508975578,0.10844852508975578,0.9428662657737732,0.946087697052825,ok,True,True,-32.87036197831134,0.3731380385368067,1.0,0.0,0.9804841750435145
557,1767153323307,0.1774789053471189,0.17719071995581726,0.047233895685829363,0.047233895685829363,0.047233895685829363,0.9530820846557617,0.9502843296145871,ok,True,True,-31.44991863978001,0.0002881853913016541,1.0,0.0,0.9804841750435145
558,1767153323340,0.7260391996380303,0.506499807765145,0.3382423905900638,0.3382423905900638,0.3382423905900638,0.9485548734664917,0.9492466559257299,ok,True,True,-29.610845326567134,0.2195393918728853,1.0,0.0,0.9804841750435145
559,1767153323375,3.092137237433728,2.0578822655662945,1.75580079643472,1.75580079643472,1.75580079643472,0.963554322719574,0.9578312560020363,ok,True,True,-26.309059422425165,1.0342549718674334,1.0,0.0,0.9804841750435145
560,1767153323407,6.650255886644385,4.813306438213149,4.374193938832434,4.374193938832434,4.374193938832434,0.9600799083709717,0.9591804474233975,ok,True,True,-21.509508278305507,1.8369494484312359,1.0,0.0,0.9804841750435145
561,1767153323440,11.810772226385458,9.011785911116535,8.414181023164737,8.414181023164737,8.414181023164737,0.95777827501297,0.9583391439771409,ok,True,True,-14.977616729452642,2.798986315268923,1.0,0.0,0.9804841750435145
562,1767153323474,17.033423022694425,13.82476817806327,13.165192112277929,13.165192112277929,13.165192112277929,0.9473583698272705,0.9517506794872187,ok,True,True,-7.768372935120777,3.2086548446311554,1.0,0.0,0.9804841750435145
563,1767153323511,23.99174075186997,19.924951722347288,19.141619304109973,19.141619304109973,19.141619304109973,0.9563034176826477,0.9544823224044762,ok,True,True,0.7935423132021064,4.066789029522681,1.0,0.0,0.9804841750435145
564,1767153323540,31.07916665164409,26.617480679925368,25.786078874150995,25.786078874150995,25.786078874150995,0.9620082974433899,0.9589979074278244,ok,True,True,9.880861607813788,4.4616859717187225,1.0,0.0,0.9804841750435145
565,1767153323573,38.35755930642527,33.66152785582531,32.81933628257359,32.81933628257359,32.81933628257359,0.9391070604324341,0.9470633992305901,ok,True,True,19.086114327034778,4.6960314505999605,1.0,0.0,0.9804841750435145
566,1767153323607,45.024010038293696,40.479017165306345,39.69515219513062,39.69515219513062,39.69515219513062,0.9652964472770691,0.9580032280584775,ok,True,True,27.65385043053467,4.5449928729873506,1.0,0.0,0.9804841750435145
567,1767153323642,50.86177528734849,46.70867203853163,46.02879657903979,46.02879657903979,46.02879657903979,0.9588652849197388,0.9585204621752343,ok,True,True,35.08496898002918,4.153103248816862,1.0,0.0,0.9804841750435145
568,1767153323673,52.261332225344404,50.0402681506193,49.72308582782841,49.72308582782841,49.72308582782841,0.9511644244194031,0.9541068395217356,ok,True,True,38.55180898661626,2.2210640747251063,1.0,0.0,0.9804841750435145
569,1767153323707,50.68206181751024,50.42534435075386,50.49038875719001,50.49038875719001,50.49038875719001,0.9610230326652527,0.9582565554078458,ok,True,True,37.840865991895114,0.25671746675637763,1.0,0.0,0.9804841750435145
570,1767153323740,49.955495012367344,50.143434747721955,50.32293312501605,50.32293312501605,50.32293312501605,0.9523186087608337,0.9546937874196386,ok,True,True,35.87892766555622,0.18793973535461106,1.0,0.0,0.9804841750435145
571,1767153323774,45.60817508315699,47.42227894898298,47.87948777188188,47.87948777188188,47.87948777188188,0.9433616399765015,0.9478944989537563,ok,True,True,30.881581581942577,1.8141038658259845,1.0,0.0,0.9804841750435145
572,1767153323812,40.85873125026653,43.484150329753106,44.08958417356307,44.08958417356307,44.08958417356307,0.9397370219230652,0.9430000127353416,ok,True,True,24.264118626902672,2.6254190794865764,1.0,0.0,0.9804841750435145
573,1767153323846,35.38561152257021,38.62502704544337,39.32517427272481,39.32517427272481,39.32517427272481,0.9530506730079651,0.9490304088989157,ok,True,True,16.611427276758807,3.239415522873159,1.0,0.0,0.9804841750435145
574,1767153323886,25.414988211554235,30.699003745109888,31.723537608892,31.723537608892,31.723537608892,0.9233493804931641,0.9336217918554647,ok,True,True,5.413151925818713,5.284015533555653,1.0,0.0,0.9804841750435145
575,1767153323913,16.797058055456322,22.35783633131775,23.423246585410794,23.423246585410794,23.423246585410794,0.935741126537323,0.9348933926645797,ok,True,True,-6.231907167695365,5.560778275861427,1.0,0.0,0.9804841750435145
576,1767153323940,10.657804767535369,15.337817393048322,16.21701898964166,16.21701898964166,16.21701898964166,0.9417486190795898,0.9390065285135858,ok,True,True,-15.841683784832364,4.680012625512953,1.0,0.0,0.9804841750435145
577,1767153323973,4.694103877715084,8.95158928384838,9.703523274099718,9.703523274099718,9.703523274099718,0.9436675310134888,0.9418031300135277,ok,True,True,-24.060410530946406,4.257485406133296,1.0,0.0,0.9804841750435145
578,1767153324007,-0.005090990808247378,3.5775811190544036,4.171765593383343,4.171765593383343,4.171765593383343,0.971114993095398,0.9593902478626498,ok,True,True,-30.55491655754676,3.582672109862651,1.0,0.0,0.9804841750435145
579,1767153324040,-2.0195497300937837,0.2193026095654913,0.5467519574511224,0.5467519574511224,0.5467519574511224,0.9515874981880188,0.9547085980578712,ok,True,True,-34.13397635316217,2.238852339659275,1.0,0.0,0.9804841750435145
580,1767153324073,-3.810695703682766,-2.1986963783834628,-2.0192724520578,-2.0192724520578,-2.0192724520578,0.9569051861763,0.9560265509289285,ok,True,True,-36.095100921679965,1.611999325299303,1.0,0.0,0.9804841750435145
581,1767153324106,-4.32941582606539,-3.477128046992619,-3.4487035088110933,-3.4487035088110933,-3.4487035088110933,0.9708588719367981,0.9649259435336504,ok,True,True,-36.40578445936704,0.8522877790727712,1.0,0.0,0.9804841750435145
582,1767153324140,-2.876885686128291,-3.1169826304740225,-3.289442083581342,-3.289442083581342,-3.289442083581342,0.9796786308288574,0.9737775559107746,ok,True,True,-34.520782400343805,0.24009694434573126,1.0,0.0,0.9804841750435145
583,1767153324173,-2.6696769577366326,-2.8485992268315887,-3.0262247811767473,-3.0262247811767473,-3.0262247811767473,0.9715684652328491,0.9724521015040194,ok,True,True,-32.57931424859564,0.17892226909495612,1.0,0.0,0.9804841750435145
584,1767153324206,-1.3615946299279986,-1.9563964686894346,-2.1969981479866796,-2.1969981479866796,-2.1969981479866796,0.9632241129875183,0.9669153083941188,ok,True,True,-29.94950966144131,0.594801838761436,1.0,0.0,0.9804841750435145
585,1767153324240,2.730089512242922,0.8554951198699792,0.4033987823323115,0.4033987823323115,0.4033987823323115,0.9663605690002441,0.9665824647577941,ok,True,True,-25.008043642729955,1.8745943923729427,1.0,0.0,0.9804841750435145
586,1767153324273,6.707240729570169,4.366542485690093,3.831195041418281,3.831195041418281,3.831195041418281,0.9520688652992249,0.9578743050826526,ok,True,True,-19.15663325864842,2.340698243880076,1.0,0.0,0.9804841750435145
587,1767153324307,12.63539434218461,9.327853599586803,8.643124582010705,8.643124582010705,8.643124582010705,0.9584982991218567,0.958248701506175,ok,True,True,-11.672464749771699,3.3075407425978067,1.0,0.0,0.9804841750435145
588,1767153324340,19.287223849604906,15.303475749597665,14.516713895425157,14.516713895425157,14.516713895425157,0.9688664078712463,0.9646193253252178,ok,True,True,-3.073065364263808,3.983748100007242,1.0,0.0,0.9804841750435145
589,1767153324373,25.4393799083144,21.385018244827705,20.607039084678256,20.607039084678256,20.607039084678256,0.9450931549072266,0.952903623074423,ok,True,True,5.430338145002198,4.054361663486695,1.0,0.0,0.9804841750435145
590,1767153324406,34.261202579554535,29.110728845663804,28.18186468632778,28.18186468632778,28.18186468632778,0.9409315586090088,0.9457203843951745,ok,True,True,15.582932400370241,5.150473733890731,1.0,0.0,0.9804841750435145
591,1767153324440,41.84783639377047,36.752993374527804,35.85437241500069,35.85437241500069,35.85437241500069,0.9694456458091736,0.959955541243574,ok,True,True,25.40496493306039,5.094843019242667,1.0,0.0,0.9804841750435145
592,1767153324473,49.009615587839185,44.10696670251463,43.280436275154436,43.280436275154436,43.280436275154436,0.9693701863288879,0.9656043282947623,ok,True,True,34.43903948999287,4.9026488853245525,1.0,0.0,0.9804841750435145
593,1767153324507,52.56210759446544,49.18005123768512,48.64973703863495,48.64973703863495,48.64973703863495,0.9543105363845825,0.9588280531486545,ok,True,True,40.23543591319592,3.3820563567803177,1.0,0.0,0.9804841750435145
594,1767153324540,50.551988094353774,50.00321335168631,50.0018411380954,50.0018411380954,50.0018411380954,0.9650818109512329,0.9625803078302015,ok,True,True,40.25043436876143,0.5487747426674616,1.0,0.0,0.9804841750435145
595,1767153324573,49.80721947402723,49.885617025090866,50.04832857812751,50.04832857812751,50.04832857812751,0.9622650146484375,0.9623911319211431,ok,True,True,38.47197800133879,0.0783975510636381,1.0,0.0,0.9804841750435145
596,1767153324606,49.404382900601995,49.59687655039754,49.790385446248735,49.790385446248735,49.790385446248735,0.9671513438224792,0.9652472590619448,ok,True,True,36.35690306316283,0.19249364979554429,1.0,0.0,0.9804841750435145
597,1767153324640,45.31453790616041,47.027473363855265,47.47108745837107,47.47108745837107,47.47108745837107,0.9689602851867676,0.9674750747368385,ok,True,True,31.508148955995065,1.7129354576948543,1.0,0.0,0.9804841750435145
598,1767153324708,31.86515517045412,37.930082447814584,39.11213667316862,39.11213667316862,39.11213667316862,0.9219092130661011,0.940135557734396,ok,True,True,18.588157569481105,6.064927277360464,1.0,0.0,0.9804841750435145
599,1767153324749,25.611851733968443,30.5391440195069,31.565096750570284,31.565096750570284,31.565096750570284,0.9394024610519409,0.939695699724923,ok,True,True,7.374373832665405,4.927292285538456,1.0,0.0,0.9804841750435145
600,1767153324777,15.514626091135108,21.524433262483825,22.67246978067109,22.67246978067109,22.67246978067109,0.939812421798706,0.9397657329691929,ok,True,True,-5.173800022844793,6.009807171348717,1.0,0.0,0.9804841750435145
601,1767153324806,7.4147953450611706,13.058650512030232,14.112366602400352,14.112366602400352,14.112366602400352,0.9483487010002136,0.9449155137878054,ok,True,True,-16.691040534662733,5.643855166969061,1.0,0.0,0.9804841750435145
602,1767153324840,2.2741015694402207,6.5879211464762255,7.365603163138037,7.365603163138037,7.365603163138037,0.9671359658241272,0.9582477850095985,ok,True,True,-25.191196230741767,4.313819577036005,1.0,0.0,0.9804841750435145
603,1767153324873,-1.2348543620309347,1.8942558413719293,2.4111765809613495,2.4111765809613495,2.4111765809613495,0.955062985420227,0.9563369052559756,ok,True,True,-30.841200570437266,3.129110203402864,1.0,0.0,0.9804841750435145
604,1767153324907,-0.8980546867617594,0.21886952449171615,0.3488091736508885,0.3488091736508885,0.3488091736508885,0.9450912475585938,0.9495895106375465,ok,True,True,-32.261456182992035,1.1169242112534756,1.0,0.0,0.9804841750435145
605,1767153324940,-1.1567997829310785,-0.6065320599619606,-0.6199293631876456,-0.6199293631876456,-0.6199293631876456,0.9417030811309814,0.9448576529336075,ok,True,True,-32.115022086682686,0.550267722969118,1.0,0.0,0.9804841750435145
606,1767153324973,-0.9749195671742089,-0.8275645642893096,-0.9238658777321926,-0.9238658777321926,-0.9238658777321926,0.9294646382331848,0.9356218441133539,ok,True,True,-31.062437430662044,0.14735500288489933,1.0,0.0,0.9804841750435145
607,1767153325006,0.7442927408515745,0.1155498187952208,-0.11601451280255914,-0.11601451280255914,-0.11601451280255914,0.9578434824943542,0.9489548271419541,ok,True,True,-28.531412114314058,0.6287429220563536,1.0,0.0,0.9804841750435145
608,1767153325040,2.1277456415425813,1.322867312443637,1.0561359593818225,1.0561359593818225,1.0561359593818225,0.9217777848243713,0.9326486017514044,ok,True,True,-25.61600712683162,0.8048783290989443,1.0,0.0,0.9804841750435145
609,1767153325073,4.090231215464742,2.9832856542563,2.6729064117218106,2.6729064117218106,2.6729064117218106,0.941723644733429,0.9380936275406191,ok,True,True,-22.223525585726975,1.106945561208442,1.0,0.0,0.9804841750435145
610,1767153325108,6.393125792074879,5.029189736947448,4.68353719083105,4.68353719083105,4.68353719083105,0.9551594257354736,0.9483331064575318,ok,True,True,-18.445502697468267,1.3639360551274313,1.0,0.0,0.9804841750435145
611,1767153325140,11.266545423931769,8.771603149138041,8.246727633752101,8.246727633752101,8.246727633752101,0.957451581954956,0.9538041917559863,ok,True,True,-12.708551724895644,2.4949422747937273,1.0,0.0,0.9804841750435145
612,1767153325181,15.475279824400875,12.793809154295742,12.239047246777309,12.239047246777309,12.239047246777309,0.9566786885261536,0.9555288898180867,ok,True,True,-6.644938979416529,2.681470670105133,1.0,0.0,0.9804841750435145
613,1767153325206,23.64175093897955,19.302574225106024,18.489518839248372,18.489518839248372,18.489518839248372,0.9547186493873596,0.9550427455596504,ok,True,True,2.241851792718612,4.339176713873524,1.0,0.0,0.9804841750435145
614,1767153325240,31.201176861474796,26.441735806927287,25.562557689959508,25.562557689959508,25.562557689959508,0.9774851202964783,0.9685081704017472,ok,True,True,11.85137177479314,4.7594410545475085,1.0,0.0,0.9804841750435145
615,1767153325273,37.79146388800258,33.25157265557246,32.43751902912317,32.43751902912317,32.43751902912317,0.948945164680481,0.9567703669689874,ok,True,True,20.749073433729368,4.539891232430122,1.0,0.0,0.9804841750435145
616,1767153325307,44.81416902971444,40.18913048005765,39.401192032867144,39.401192032867144,39.401192032867144,0.9750440716743469,0.9677345897922032,ok,True,True,29.36133311898654,4.625038549656793,1.0,0.0,0.9804841750435145
617,1767153325340,48.6935695452281,45.291793919159915,44.74359548664325,44.74359548664325,44.74359548664325,0.9497964382171631,0.9569716988471791,ok,True,True,35.3532063125318,3.4017756260681864,1.0,0.0,0.9804841750435145
618,1767153325373,50.34978529618787,48.32658874537668,48.05822524333532,48.05822524333532,48.05822524333532,0.9700281023979187,0.9648055409776228,ok,True,True,38.28645087987865,2.0231965508111855,1.0,0.0,0.9804841750435145
619,1767153325440,49.44321765437402,48.99656609077508,49.03427501084435,49.03427501084435,49.03427501084435,0.9486976861953735,0.9551408281082733,ok,True,True,37.87428795872022,0.4466515635989339,1.0,0.0,0.9804841750435145
620,1767153325473,47.954554008892345,48.371358841645446,48.58624495400861,48.58624495400861,48.58624495400861,0.9540829658508301,0.9545061107538073,ok,True,True,35.525557535645035,0.4168048327531011,1.0,0.0,0.9804841750435145
621,1767153325507,43.56837633656336,45.4895693385962,45.967340795839554,45.967340795839554,45.967340795839554,0.9435670375823975,0.9479426668509614,ok,True,True,30.303459445806908,1.9211930020328367,1.0,0.0,0.9804841750435145
622,1767153325542,36.39840144042586,40.03486859969399,40.809705777433614,40.809705777433614,40.809705777433614,0.9424570798873901,0.9446513146728186,ok,True,True,21.834398172963624,3.636467159268136,1.0,0.0,0.9804841750435145
623,1767153325576,28.61209365617183,33.181203633580694,34.113821889121894,34.113821889121894,34.113821889121894,0.9410618543624878,0.94249763848662,ok,True,True,11.640771205563636,4.569109977408864,1.0,0.0,0.9804841750435145
624,1767153325608,20.752961369173217,25.724258274936208,26.703893393123586,26.703893393123586,26.703893393123586,0.9162309169769287,0.9267376055808053,ok,True,True,0.9332444124365367,4.9712969057629905,1.0,0.0,0.9804841750435145
625,1767153325640,13.139326567356134,18.173299250388165,19.12883999486879,19.12883999486879,19.12883999486879,0.9543265700340271,0.9432909842527384,ok,True,True,-9.51092804881849,5.033972683032031,1.0,0.0,0.9804841750435145
626,1767153325673,7.2859113205921116,11.640866492510533,12.441189555323511,12.441189555323511,12.441189555323511,0.9535989761352539,0.9494757793822477,ok,True,True,-18.258553036052177,4.354955171918421,1.0,0.0,0.9804841750435145
627,1767153325706,3.3444338218771037,6.663006890130475,7.239963327809776,7.239963327809776,7.239963327809776,0.9461644887924194,0.9474890050283508,ok,True,True,-24.564754600517375,3.3185730682533716,1.0,0.0,0.9804841750435145
628,1767153325740,0.545210746488868,2.9923292039455114,3.375006219036708,3.375006219036708,3.375006219036708,0.9418674111366272,0.9441160486933166,ok,True,True,-28.747459279157887,2.4471184574566434,1.0,0.0,0.9804841750435145
629,1767153325773,0.288666880258084,1.3701318097330548,1.4869419405245976,1.4869419405245976,1.4869419405245976,0.9303199648857117,0.9358383984087537,ok,True,True,-30.02420771532399,1.0814649294749707,1.0,0.0,0.9804841750435145
630,1767153325928,0.32790969493254224,0.7447985408527472,0.7159300368927878,0.7159300368927878,0.7159300368927878,0.9383352994918823,0.9373365390586309,ok,True,True,-29.708671579583257,0.416888845920205,1.0,0.0,0.9804841750435145
631,1767153325953,0.3695031702985432,0.5196213185202249,0.4310080341476217,0.4310080341476217,0.4310080341476217,0.9471923112869263,0.9432500023956081,ok,True,True,-28.740117983421595,0.15011814822168168,1.0,0.0,0.9804841750435145
632,1767153325978,1.1459281209160872,0.8954053999577423,0.7366563159791627,0.7366563159791627,0.7366563159791627,0.9521162509918213,0.948569751553336,ok,True,True,-27.004971867763558,0.25052272095834494,1.0,0.0,0.9804841750435145
633,1767153326000,1.9120653389227231,1.5054013633367307,1.3191402447344198,1.3191402447344198,1.3191402447344198,0.96023029088974,0.9555660751551784,ok,True,True,-24.969115985379194,0.40666397558599243,1.0,0.0,0.9804841750435145
634,1767153326025,7.855334446937547,5.31536121349722,4.7764669539979705,4.7764669539979705,4.7764669539979705,0.9680134654045105,0.9630345093047776,ok,True,True,-19.078938494675022,2.5399732334403264,1.0,0.0,0.9804841750435145
635,1767153326062,11.209187004123462,8.851656687872966,8.32586172526787,8.32586172526787,8.32586172526787,0.970114529132843,0.9672825212016168,ok,True,True,-13.331937856108201,2.3575303162504966,1.0,0.0,0.9804841750435145
636,1767153326091,16.83169150613416,13.639677578829684,12.997024085637143,12.997024085637143,12.997024085637143,0.9609880447387695,0.9635058353239085,ok,True,True,-6.307659765926796,3.192013927304476,1.0,0.0,0.9804841750435145
637,1767153326119,23.04063125098654,19.280249782123796,18.555535761475184,18.555535761475184,18.555535761475184,0.9550144076347351,0.9584109787104045,ok,True,True,1.6135495184117126,3.760381468862743,1.0,0.0,0.9804841750435145
638,1767153326144,31.99451622386547,26.908809647168802,25.9825335941675,25.9825335941675,25.9825335941675,0.9642294049263,0.9619020344399418,ok,True,True,11.737855467850373,5.085706576696669,1.0,0.0,0.9804841750435145
639,1767153326172,40.94578615856677,35.330995554007586,34.33131472270577,34.33131472270577,34.33131472270577,0.9649114608764648,0.9637076903018555,ok,True,True,22.66448425750179,5.614790604559182,1.0,0.0,0.9804841750435145
640,1767153326199,48.59507168964948,43.28944123539272,42.37397372596402,42.37397372596402,42.37397372596402,0.9704505205154419,0.9677533884300074,ok,True,True,32.67065155740683,5.305630454256757,1.0,0.0,0.9804841750435145
641,1767153326225,53.41632274669675,49.36557014217513,48.70680504733702,48.70680504733702,48.70680504733702,0.9691247344017029,0.9685761960130247,ok,True,True,39.87103134412533,4.05075260452162,1.0,0.0,0.9804841750435145
642,1767153326253,53.91781235379026,52.09691546914421,51.86688619803281,51.86688619803281,51.86688619803281,0.9589568376541138,0.9628045809976782,ok,True,True,42.385278269231655,1.8208968846460536,1.0,0.0,0.9804841750435145
643,1767153326279,52.386549449028124,52.27069585707456,52.38331038903871,52.38331038903871,52.38331038903871,0.9605326652526855,0.9614414315506826,ok,True,True,41.154388220564584,0.11585359195356659,1.0,0.0,0.9804841750435145
644,1767153326306,52.231727694238934,52.247314959373185,52.41559601890652,52.41559601890652,52.41559601890652,0.9626191854476929,0.9621480838888887,ok,True,True,39.31505649360177,0.015587265134250572,1.0,0.0,0.9804841750435145
645,1767153326340,50.402321700543354,51.14031900407529,51.428908470231974,51.428908470231974,51.428908470231974,0.966310977935791,0.9646458203170301,ok,True,True,36.16073976514009,0.7379973035319338,1.0,0.0,0.9804841750435145
646,1767153326373,45.26896727382974,47.617507965927956,48.177410306179056,48.177410306179056,48.177410306179056,0.9676951169967651,0.9664753983248711,ok,True,True,30.040941486709507,2.3485406920982186,1.0,0.0,0.9804841750435145
647,1767153326407,38.69857752679858,42.26614970245033,43.0376429080012,43.0376429080012,43.0376429080012,0.9627953171730042,0.9642673496337509,ok,True,True,21.608430222274144,3.5675721756517476,1.0,0.0,0.9804841750435145
648,1767153326565,29.54252423977367,34.63197442484433,35.650488766399974,35.650488766399974,35.650488766399974,0.9474952220916748,0.9542040731085053,ok,True,True,10.475948955605944,5.08945018507066,1.0,0.0,0.9804841750435145
649,1767153326590,20.34974547152882,26.062637052855024,27.171675401194193,27.171675401194193,27.171675401194193,0.9452498555183411,0.9488315425544067,ok,True,True,-1.6459703273813524,5.712891581326204,1.0,0.0,0.9804841750435145
650,1767153326614,10.599417574465978,16.784705365821598,17.937834306294096,17.937834306294096,17.937834306294096,0.9561036229133606,0.9531947907697791,ok,True,True,-14.24980495601898,6.18528779135562,1.0,0.0,0.9804841750435145
651,1767153326642,4.8366205847277595,9.615854497165294,10.491628366349392,10.491628366349392,10.491628366349392,0.9670403599739075,0.9615021322922561,ok,True,True,-23.822116110360113,4.779233912437535,1.0,0.0,0.9804841750435145
652,1767153326668,0.7653452350156842,4.3055489398755284,4.907331624448747,4.907331624448747,4.907331624448747,0.9639666676521301,0.9629808535081805,ok,True,True,-30.399671466511833,3.5402037048598443,1.0,0.0,0.9804841750435145
653,1767153326701,-0.5384553269856163,1.3991463797588417,1.6775890347691478,1.6775890347691478,1.6775890347691478,0.9650262594223022,0.9642080970566536,ok,True,True,-33.443082358506864,1.937601706744458,1.0,0.0,0.9804841750435145
654,1767153326725,0.21844017368116464,0.6907226561122355,0.6764478594050677,0.6764478594050677,0.6764478594050677,0.9592491984367371,0.9612327578847036,ok,True,True,-33.28705715547897,0.47228248243107085,1.0,0.0,0.9804841750435145
655,1767153326747,0.6433062885017055,0.6622728355459175,0.5400199083925494,0.5400199083925494,0.5400199083925494,0.9653584957122803,0.9637082005812496,ok,True,True,-31.950818316415088,0.01896654704421208,1.0,0.0,0.9804841750435145
656,1767153326772,1.0356252358498594,0.8862842757282827,0.7287751002088125,0.7287751002088125,0.7287751002088125,0.9635016918182373,0.9635842953234423,ok,True,True,-30.229224545707183,0.14934096012157672,1.0,0.0,0.9804841750435145
657,1767153326795,3.183813004403893,2.2648015129336487,1.9809119782051972,1.9809119782051972,1.9809119782051972,0.9662090539932251,0.9651591505253119,ok,True,True,-27.126278619250655,0.9190114914702443,1.0,0.0,0.9804841750435145
658,1767153326820,7.236122143157311,5.247593891067846,4.782095752070486,4.782095752070486,4.782095752070486,0.9685350060462952,0.9671846638379018,ok,True,True,-22.038329338004406,1.9885282520894645,1.0,0.0,0.9804841750435145
659,1767153326847,12.791928803296727,9.774194838405174,9.135057361650809,9.135057361650809,9.135057361650809,0.9665539860725403,0.9668062571786848,ok,True,True,-15.052481720065032,3.017733964891553,1.0,0.0,0.9804841750435145
660,1767153326873,18.944113598689487,15.276146094575761,14.534762865958612,14.534762865958612,14.534762865958612,0.966607391834259,0.9666869379720293,ok,True,True,-6.949076036649341,3.667967504113726,1.0,0.0,0.9804841750435145
661,1767153326906,26.28334755929138,21.88046697340513,21.034787360155075,21.034787360155075,21.034787360155075,0.9625551700592041,0.9642078772243342,ok,True,True,2.2943013690433975,4.402880585886248,1.0,0.0,0.9804841750435145
662,1767153326939,34.29669238339384,29.330202219398355,28.412916145913876,28.412916145913876,28.412916145913876,0.9400895833969116,0.9497369009278807,ok,True,True,12.320345787470233,4.966490163995484,1.0,0.0,0.9804841750435145
663,1767153326973,42.160531739112194,37.02839993122666,36.11269114123487,36.11269114123487,36.11269114123487,0.9646056890487671,0.9586581738004125,ok,True,True,22.32915031224195,5.132131807885536,1.0,0.0,0.9804841750435145
664,1767153327011,48.736921705610264,44.05351299585682,43.25033568015331,43.25033568015331,43.25033568015331,0.9695560336112976,0.9651968896869436,ok,True,True,31.107972618489924,4.683408709753444,1.0,0.0,0.9804841750435145
665,1767153327039,52.16925414480845,48.9229576852278,48.40558507324352,48.40558507324352,48.40558507324352,0.9659750461578369,0.9656637835694796,ok,True,True,36.76291597648439,3.2462964595806483,1.0,0.0,0.9804841750435145
666,1767153327073,52.69388252927153,51.18551259165403,51.01202078396419,51.01202078396419,51.01202078396419,0.9710289239883423,0.9688828678207972,ok,True,True,38.65920179223207,1.5083699376174948,1.0,0.0,0.9804841750435145
667,1767153327106,52.1868180056235,51.78629584003571,51.84370226482179,51.84370226482179,51.84370226482179,0.9737368226051331,0.9717952406913987,ok,True,True,38.03174283319439,0.4005221655877875,1.0,0.0,0.9804841750435145
668,1767153327139,51.28814720437242,51.48740665863774,51.66865772043397,51.66865772043397,51.66865772043397,0.9639049172401428,0.9670610466206452,ok,True,True,36.05064745958542,0.19925945426531655,1.0,0.0,0.9804841750435145
669,1767153327175,47.914558293116194,49.343697639324816,49.73729415278339,49.73729415278339,49.73729415278339,0.9678230881690979,0.9675182715497168,ok,True,True,31.748591382484868,1.429139346208622,1.0,0.0,0.9804841750435145
670,1767153327206,42.36174024803693,45.154523204552085,45.78410128798175,45.78410128798175,45.78410128798175,0.9481076002120972,0.955871868747145,ok,True,True,24.867229055293002,2.792782956515154,1.0,0.0,0.9804841750435145
671,1767153327245,34.78541140844185,38.933056126885944,39.790187987363566,39.790187987363566,39.790187987363566,0.920499324798584,0.9346483423780084,ok,True,True,15.498677243585131,4.147644718444091,1.0,0.0,0.9804841750435145
672,1767153327273,24.861916257989822,30.490372205548272,31.585949521588773,31.585949521588773,31.585949521588773,0.9196134209632874,0.9256273895291758,ok,True,True,3.5238886231529314,5.62845594755845,1.0,0.0,0.9804841750435145
673,1767153327307,16.935798762287227,22.357628139591647,23.40067745618564,23.40067745618564,23.40067745618564,0.937419593334198,0.9327027118121891,ok,True,True,-7.876762799642325,5.4218293773044195,1.0,0.0,0.9804841750435145
674,1767153327339,8.67950252314102,14.15075276972127,15.153800299009848,15.153800299009848,15.153800299009848,0.9688031673431396,0.9543629851307595,ok,True,True,-18.840189993340715,5.471250246580251,1.0,0.0,0.9804841750435145
675,1767153327373,3.719798126095549,7.892179983545837,8.632533738993937,8.632533738993937,8.632533738993937,0.9449598789215088,0.948721121405209,ok,True,True,-26.932343414219325,4.172381857450288,1.0,0.0,0.9804841750435145
676,1767153327409,0.7586380931403044,3.6120548493025177,4.072178348890082,4.072178348890082,4.072178348890082,0.9549615979194641,0.9524654073137621,ok,True,True,-31.961547256051084,2.8534167561622135,1.0,0.0,0.9804841750435145
677,1767153327439,0.5899767516879535,1.7988079907337793,1.9336268943559918,1.9336268943559918,1.9336268943559918,0.9685558080673218,0.962119647765898,ok,True,True,-33.435133692423356,1.2088312390458258,1.0,0.0,0.9804841750435145
678,1767153327473,1.9032949031885076,1.8615001382066163,1.7451641188000946,1.7451641188000946,1.7451641188000946,0.958113968372345,0.9597162401297662,ok,True,True,-32.16356734932823,0.041794764981891275,1.0,0.0,0.9804841750435145
679,1767153327506,1.1053001981079813,1.4077801741474354,1.325779051754969,1.325779051754969,1.325779051754969,0.9558063745498657,0.9573703207818259,ok,True,True,-31.26728545948699,0.3024799760394541,1.0,0.0,0.9804841750435145
680,1767153327540,2.270762366844166,1.9255694897654738,1.74230807093953,1.74230807093953,1.74230807093953,0.9583671689033508,0.9579684296547408,ok,True,True,-29.26421664764601,0.3451928770786923,1.0,0.0,0.9804841750435145
681,1767153327572,2.887646999279477,2.502815995473876,2.3090693201461874,2.3090693201461874,2.3090693201461874,0.9619765281677246,0.960373288762531,ok,True,True,-27.146542751890756,0.3848310038056013,1.0,0.0,0.9804841750435145
682,1767153327606,4.028079516886889,3.4179741083216837,3.19322231277662,3.19322231277662,3.19322231277662,0.95573890209198,0.9575926567602003,ok,True,True,-24.689979253988582,0.6101054085652051,1.0,0.0,0.9804841750435145
683,1767153327639,8.070066439009473,6.209229506734357,5.78077182306141,5.78077182306141,5.78077182306141,0.9629049301147461,0.9607800207729278,ok,True,True,-20.006886495801275,1.8608369322751157,1.0,0.0,0.9804841750435145
684,1767153327673,14.224607642430431,11.018456388152002,10.359467401508152,10.359467401508152,10.359467401508152,0.9621753692626953,0.9616172298667883,ok,True,True,-12.804059545374358,3.2061512542784296,1.0,0.0,0.9804841750435145
685,1767153327719,20.278507233700765,16.574486895481257,15.83321713092443,15.83321713092443,15.83321713092443,0.9579587578773499,0.9594221466731252,ok,True,True,-4.701894037451947,3.7040203382195074,1.0,0.0,0.9804841750435145
686,1767153327773,34.221971259553385,27.162977513924535,25.88101173065023,25.88101173065023,25.88101173065023,0.9495797157287598,0.953516688106506,ok,True,True,9.310142400850058,7.05899374562885,1.0,0.0,0.9804841750435145
687,1767153327806,43.13608466278567,36.74684180324122,35.56878137372486,35.56878137372486,35.56878137372486,0.9589865803718567,0.9567986234657164,ok,True,True,22.186481130222287,6.389242859544453,1.0,0.0,0.9804841750435145
688,1767153327840,50.285662261137645,44.870134077979074,43.91458205640527,43.91458205640527,43.91458205640527,0.971554160118103,0.9656519454571484,ok,True,True,32.63077685142902,5.415528183158571,1.0,0.0,0.9804841750435145
689,1767153327872,54.19716739920132,50.46635407071243,49.85652785026069,49.85652785026069,49.85652785026069,0.9465909004211426,0.9542153184355449,ok,True,True,39.296248998569276,3.7308133284888925,1.0,0.0,0.9804841750435145
690,1767153327913,54.57730774017936,52.932926272392585,52.73577095436301,52.73577095436301,52.73577095436301,0.9540795087814331,0.9541338326430777,ok,True,True,41.45117975902956,1.644381467786772,1.0,0.0,0.9804841750435145
691,1767153327948,53.50314201419416,53.27505571747353,53.369075315555776,53.369075315555776,53.369075315555776,0.9617080688476562,0.9586783743658249,ok,True,True,40.423534519639354,0.22808629672063319,1.0,0.0,0.9804841750435145
692,1767153327979,52.01068512652076,52.516433362901864,52.76197782715667,52.76197782715667,52.76197782715667,0.9569615125656128,0.9576482572856977,ok,True,True,37.739704712907724,0.5057482363811019,1.0,0.0,0.9804841750435145
693,1767153328016,46.236858997743255,48.748688743806696,49.33699722724612,49.33699722724612,49.33699722724612,0.9596401453018188,0.9588433900953703,ok,True,True,31.309423956224236,2.511829746063441,1.0,0.0,0.9804841750435145
694,1767153328073,41.39094037177642,44.334039720588535,45.00887951538826,45.00887951538826,45.00887951538826,0.9399840831756592,0.9475278059435437,ok,True,True,23.933345812704328,2.9430993488121118,1.0,0.0,0.9804841750435145
695,1767153328111,34.59385267775942,38.48992749489107,39.30652139169216,39.30652139169216,39.30652139169216,0.931592583656311,0.9379666725712041,ok,True,True,15.007878700745119,3.896074817131648,1.0,0.0,0.9804841750435145
696,1767153328143,25.07405045389408,30.440401270292877,31.485749501060162,31.485749501060162,31.485749501060162,0.9293146729469299,0.9327754727966395,ok,True,True,3.5820998762789955,5.366350816398796,1.0,0.0,0.9804841750435145
697,1767153328179,17.832561447769123,22.875697376778625,23.84996044743694,23.84996044743694,23.84996044743694,0.9198110103607178,0.9249967953350864,ok,True,True,-7.066709806994178,5.043135929009502,1.0,0.0,0.9804841750435145
698,1767153328212,11.853101360843189,16.262139767217363,17.08269942684468,17.08269942684468,17.08269942684468,0.9629395604133606,0.9477624543820509,ok,True,True,-16.035523171990576,4.409038406374174,1.0,0.0,0.9804841750435145
699,1767153328248,7.571007955320657,11.04746068007934,11.661376365957702,11.661376365957702,11.661376365957702,0.9467863440513611,0.947176788183637,ok,True,True,-22.745693656105708,3.4764527247586825,1.0,0.0,0.9804841750435145
700,1767153328291,4.217540469690568,6.949508553846076,7.3907643128295195,7.3907643128295195,7.3907643128295195,0.9676764011383057,0.9594765559564382,ok,True,True,-27.568670879175347,2.7319680841555085,1.0,0.0,0.9804841750435145
701,1767153328330,2.0073906646682658,3.98423782033939,4.261866634141979,4.261866634141979,4.261866634141979,0.9549708366394043,0.9567731243662179,ok,True,True,-30.603186391273113,1.9768471556711242,1.0,0.0,0.9804841750435145
702,1767153328368,1.6585618137819784,2.588832216404943,2.6617031808098073,2.6617031808098073,2.6617031808098073,0.9537861347198486,0.9549809305783963,ok,True,True,-31.39967458296823,0.9302704026229645,1.0,0.0,0.9804841750435145
703,1767153328401,1.2770708486902214,1.8017753957761102,1.7809353526439353,1.7809353526439353,1.7809353526439353,0.9631630182266235,0.9598901831673327,ok,True,True,-31.171890466142596,0.5247045470858889,1.0,0.0,0.9804841750435145
704,1767153328433,1.8812826038031567,1.8494797205923383,1.7258636512660614,1.7258636512660614,1.7258636512660614,0.9702284336090088,0.9660931334323384,ok,True,True,-29.820752323176393,0.03180288321081837,1.0,0.0,0.9804841750435145
705,1767153328464,2.5445827270572905,2.2665415244713096,2.095258857733451,2.095258857733451,2.095258857733451,0.9664208292961121,0.9662897509506025,ok,True,True,-27.948612677256634,0.27804120258598086,1.0,0.0,0.9804841750435145
706,1767153328502,5.06016324389048,3.9427145561228114,3.632551883361657,3.632551883361657,3.632551883361657,0.9676148891448975,0.9670848338671796,ok,True,True,-24.55849826918705,1.1174486877676681,1.0,0.0,0.9804841750435145
707,1767153328533,10.104893739397276,7.640022066087491,7.101399907810287,7.101399907810287,7.101399907810287,0.9719235301017761,0.9699880516079376,ok,True,True,-18.671294876768453,2.4648716733097853,1.0,0.0,0.9804841750435145
708,1767153328581,16.085009022701787,12.707014240056068,12.011930623376728,12.011930623376728,12.011930623376728,0.9512321352958679,0.9587345018206958,ok,True,True,-11.07394938467455,3.377994782645718,1.0,0.0,0.9804841750435145
709,1767153328618,22.748701032976225,18.732026315808163,17.940823195260144,17.940823195260144,17.940823195260144,0.9364029765129089,0.9453355866360237,ok,True,True,-2.426006436539762,4.016674717168062,1.0,0.0,0.9804841750435145
710,1767153328651,29.833546378592633,25.392938353478844,24.552209369631328,24.552209369631328,24.552209369631328,0.9479029178619385,0.9468759853715725,ok,True,True,6.763260008871578,4.440608025113789,1.0,0.0,0.9804841750435145
711,1767153328683,39.09627598125501,33.61494093014454,32.62864288336418,32.62864288336418,32.62864288336418,0.9635762572288513,0.9568961484859397,ok,True,True,17.54361339335452,5.48133505111047,1.0,0.0,0.9804841750435145
712,1767153328715,46.93516040122109,41.607072612790475,40.670288402945076,40.670288402945076,40.670288402945076,0.9795737266540527,0.9705026953868076,ok,True,True,27.782774730136502,5.328087788430615,1.0,0.0,0.9804841750435145
713,1767153328755,51.78780915840992,47.71551454016215,47.03258008134163,47.03258008134163,47.03258008134163,0.9651221632957458,0.9672743761321705,ok,True,True,35.24732850123949,4.072294618247774,1.0,0.0,0.9804841750435145
714,1767153328790,53.03810776349785,50.90907047416357,50.60755692643153,50.60755692643153,50.60755692643153,0.9519543647766113,0.9580823693188351,ok,True,True,38.5429069578441,2.1290372893342777,1.0,0.0,0.9804841750435145
715,1767153328824,53.66836644832734,52.56464805866183,52.48961200133006,52.48961200133006,52.48961200133006,0.9735361337661743,0.9673546279872386,ok,True,True,39.363059869284434,1.1037183896655094,1.0,0.0,0.9804841750435145
716,1767153328860,52.44409753094601,52.49231774203234,52.63845474024988,52.63845474024988,52.63845474024988,0.9575511813163757,0.9614725599847208,ok,True,True,37.765765330909026,0.04822021108633123,1.0,0.0,0.9804841750435145
717,1767153328911,50.82862464952743,51.49410188652939,51.76231568530434,51.76231568530434,51.76231568530434,0.958290159702301,0.959563119815269,ok,True,True,34.83415703783047,0.6654772370019657,1.0,0.0,0.9804841750435145
718,1767153328952,45.90104786437859,48.138269473238914,48.6723267053609,48.6723267053609,48.6723267053609,0.9510599970817566,0.9544612461751616,ok,True,True,28.99684882394127,2.237221608860324,1.0,0.0,0.9804841750435145
719,1767153328986,41.35782996531193,44.07000576848272,44.69152868662793,44.69152868662793,44.69152868662793,0.970792293548584,0.964259874599215,ok,True,True,22.20353039850944,2.712175803170794,1.0,0.0,0.9804841750435145
720,1767153329030,33.35711778717526,37.64227297969825,38.51161687804773,38.51161687804773,38.51161687804773,0.9531065225601196,0.9575678633757578,ok,True,True,12.701499579889694,4.285155192522986,1.0,0.0,0.9804841750435145
721,1767153329072,24.32058611320982,29.64926085980519,30.685608770457286,30.685608770457286,30.685608770457286,0.9179495573043823,0.9337968797329325,ok,True,True,1.374095310388853,5.328674746595368,1.0,0.0,0.9804841750435145
722,1767153329103,15.512051284314053,21.16693511451051,22.234391912722742,22.234391912722742,22.234391912722742,0.9410359263420105,0.9381403076983792,ok,True,True,-10.293332750491455,5.6548838301964555,1.0,0.0,0.9804841750435145
723,1767153329138,7.233012834027421,12.806581746220656,13.82049227750134,13.82049227750134,13.82049227750134,0.96224045753479,0.9526003976002257,ok,True,True,-21.375493830638767,5.5735689121932355,1.0,0.0,0.9804841750435145
724,1767153329178,2.1245098910063014,6.397338633092044,7.146288670490654,7.146288670490654,7.146288670490654,0.953454852104187,0.9531130703026025,ok,True,True,-29.561605621932557,4.272828742085743,1.0,0.0,0.9804841750435145
725,1767153329216,2.1837706792471243,3.8691978607850923,4.124966682191919,4.124966682191919,4.124966682191919,0.9695920348167419,0.9630004490110862,ok,True,True,-32.357188852071836,1.685427181537968,1.0,0.0,0.9804841750435145
726,1767153329253,2.1524534418187233,2.839151209405271,2.862280799362302,2.862280799362302,2.862280799362302,0.9768242835998535,0.9712947497643465,ok,True,True,-32.6099979843508,0.6866977675865478,1.0,0.0,0.9804841750435145
727,1767153329286,2.4791263099033065,2.6231362697040925,2.528510183008131,2.528510183008131,2.528510183008131,0.9655958414077759,0.9678754047504041,ok,True,True,-31.57572375324675,0.144009959800786,1.0,0.0,0.9804841750435145
728,1767153329319,3.090108427594817,2.9033195644385272,2.744020014501798,2.744020014501798,2.744020014501798,0.9562797546386719,0.9609180146833647,ok,True,True,-29.834560980073924,0.18678886315628995,1.0,0.0,0.9804841750435145
729,1767153329350,6.44452422377284,5.028042360039114,4.6621399269217765,4.6621399269217765,4.6621399269217765,0.9538467526435852,0.956675257459497,ok,True,True,-25.835204450753473,1.4164818637337255,1.0,0.0,0.9804841750435145
730,1767153329380,10.69634065980137,8.429021339896467,7.9125008081318065,7.9125008081318065,7.9125008081318065,0.9204845428466797,0.9349608286918065,ok,True,True,-20.189574429543367,2.267319319904903,1.0,0.0,0.9804841750435145
731,1767153329414,16.6130283357908,13.339425537433069,12.658636499831518,12.658636499831518,12.658636499831518,0.9635773301124573,0.952130729544197,ok,True,True,-12.74847036410954,3.2736027983577323,1.0,0.0,0.9804841750435145
732,1767153329455,24.22474927450206,19.870619779674463,19.018289282676662,19.018289282676662,19.018289282676662,0.9734348058700562,0.9649131753397124,ok,True,True,-3.432398018632755,4.354129494827596,1.0,0.0,0.9804841750435145
733,1767153329492,31.245057776829146,26.695282577967273,25.825711764203692,25.825711764203692,25.825711764203692,0.98615962266922,0.9776610437374169,ok,True,True,6.072113012089558,4.549775198861873,1.0,0.0,0.9804841750435145
734,1767153329525,39.474531195810485,34.3628317486732,33.43262410189697,33.43262410189697,33.43262410189697,0.9857039451599121,0.982486784590914,ok,True,True,16.239391742825195,5.111699447137283,1.0,0.0,0.9804841750435145
735,1767153329558,46.69235841693036,41.76054774962749,40.89151219712393,40.89151219712393,40.89151219712393,0.9777170419692993,0.9796249390179452,ok,True,True,25.738052305167457,4.931810667302869,1.0,0.0,0.9804841750435145
736,1767153329592,53.32538838615496,48.69945213154398,47.92378713047802,47.92378713047802,47.92378713047802,0.9807068705558777,0.9802740979407047,ok,True,True,34.21616178410522,4.625936254610984,1.0,0.0,0.9804841750435145
737,1767153329625,57.52940997056768,53.9974268349582,53.44686120888511,53.44686120888511,53.44686120888511,0.9789256453514099,0.9794650263871278,ok,True,True,40.23390868099098,3.5319831356094795,1.0,0.0,0.9804841750435145
738,1767153329669,56.41183461083378,55.44607150048355,55.37262556251762,55.37262556251762,55.37262556251762,0.9722734093666077,0.9751500561748158,ok,True,True,41.036681401176516,0.9657631103502311,1.0,0.0,0.9804841750435145
739,1767153329717,55.48354203646728,55.46855382207379,55.6105128198145,55.6105128198145,55.6105128198145,0.9673730134963989,0.9704838305677657,ok,True,True,39.48505289826338,0.014988214393490296,1.0,0.0,0.9804841750435145
740,1767153329751,53.689298248421714,54.40100047788255,54.68288260872322,54.68288260872322,54.68288260872322,0.974894106388092,0.9731299960599615,ok,True,True,36.40404813185105,0.7117022294608333,1.0,0.0,0.9804841750435145
741,1767153329788,49.719222002515714,51.59193339266245,52.072333919447004,52.072333919447004,52.072333919447004,0.9736928939819336,0.9734677348131447,ok,True,True,31.153214003430087,1.8727113901467334,1.0,0.0,0.9804841750435145
742,1767153329843,37.964688614758316,43.41558652591997,44.49763151093856,44.49763151093856,44.49763151093856,0.9468967914581299,0.9575251688001358,ok,True,True,19.326335348964292,5.450897911161654,1.0,0.0,0.9804841750435145
743,1767153329878,30.14083922747946,35.45073814685567,36.53232740747282,36.53232740747282,36.53232740747282,0.9597547054290771,0.9588628907775005,ok,True,True,7.504437815681317,5.309898919376209,1.0,0.0,0.9804841750435145
744,1767153329914,23.613577494700962,28.348441755562845,29.289733855234743,29.289733855234743,29.289733855234743,0.956490159034729,0.9574392517318375,ok,True,True,-2.7839952858644423,4.734864260861883,1.0,0.0,0.9804841750435145
745,1767153329947,16.114498607074168,21.00807586646964,21.922004819417374,21.922004819417374,21.922004819417374,0.9665011167526245,0.9628763707443097,ok,True,True,-12.773345982896823,4.893577259395471,1.0,0.0,0.9804841750435145
746,1767153329982,5.238416890218588,11.546280480719009,12.656758119350183,12.656758119350183,12.656758119350183,0.9643473029136658,0.9637589300459233,ok,True,True,-24.91099687766347,6.307863590500421,1.0,0.0,0.9804841750435145
747,1767153330017,2.1966964393822823,5.936530055916973,6.593876276667799,6.593876276667799,6.593876276667799,0.9839513897895813,0.975874405892118,ok,True,True,-32.095868204115895,3.7398336165346904,1.0,0.0,0.9804841750435145
748,1767153330052,0.07338314386736086,2.418641908687206,2.765221299400995,2.765221299400995,2.765221299400995,0.9670941829681396,0.970606272137731,ok,True,True,-35.88402161258094,2.345258764819845,1.0,0.0,0.9804841750435145
749,1767153330086,0.0455947711446008,0.9948136261616429,1.0589062357064223,1.0589062357064223,1.0589062357064223,0.9667559266090393,0.9682960648205159,ok,True,True,-36.584561355594616,0.9492188550170422,1.0,0.0,0.9804841750435145
750,1767153330118,0.5915112905746084,0.7528322248094222,0.6508896731192643,0.6508896731192643,0.6508896731192643,0.9680444002151489,0.9681450660572957,ok,True,True,-35.47031730358287,0.16132093423481386,1.0,0.0,0.9804841750435145
751,1767153330149,0.644450008495879,0.6878028950212962,0.5517259995386282,0.5517259995386282,0.5517259995386282,0.964292049407959,0.9658332560676937,ok,True,True,-33.98298086856183,0.043352886525417245,1.0,0.0,0.9804841750435145
752,1767153330185,2.79785635873187,1.9538349732476403,1.6709267074359406,1.6709267074359406,1.6709267074359406,0.9628538489341736,0.9640456117875815,ok,True,True,-30.890760326508442,0.8440213854842296,1.0,0.0,0.9804841750435145
753,1767153330217,5.589446971043409,4.135202171925101,3.7452530508747484,3.7452530508747484,3.7452530508747484,0.962426483631134,0.9630741348937131,ok,True,True,-26.62857067641835,1.4542447991183076,1.0,0.0,0.9804841750435145
754,1767153330249,10.250266872727058,7.8042409924062754,7.252168011927748,7.252168011927748,7.252168011927748,0.9600682258605957,0.9612705894738427,ok,True,True,-20.59434821900671,2.446025880320783,1.0,0.0,0.9804841750435145
755,1767153330284,15.365793061139534,12.341172233646232,11.696591441550012,11.696591441550012,11.696591441550012,0.9688174724578857,0.9657987192642685,ok,True,True,-13.549004525656972,3.024620827493303,1.0,0.0,0.9804841750435145
756,1767153330319,21.505350957903158,17.839679468200387,17.10366636136712,17.10366636136712,17.10366636136712,0.9606476426124573,0.9627080732731818,ok,True,True,-5.5042949034744275,3.6656714897027705,1.0,0.0,0.9804841750435145
757,1767153330381,27.87953237889867,23.86359121461936,23.088663207238007,23.088663207238007,23.088663207238007,0.966149628162384,0.9647730062067031,ok,True,True,2.9657591480110153,4.015941164279312,1.0,0.0,0.9804841750435145
758,1767153330415,34.90418012039963,30.48794455808752,29.673170682791547,29.673170682791547,29.673170682791547,0.972585916519165,0.9694607523941803,ok,True,True,11.871333211356262,4.41623556231211,1.0,0.0,0.9804841750435145
759,1767153330455,42.46446239605635,37.67385526086882,36.82509157272836,36.82509157272836,36.82509157272836,0.9700744152069092,0.9698289500818176,ok,True,True,21.14841991748947,4.790607135187528,1.0,0.0,0.9804841750435145
760,1767153330485,48.58971517188782,44.22337120748022,43.47635250530123,43.47635250530123,43.47635250530123,0.9742645025253296,0.9724902815479248,ok,True,True,29.3134219882081,4.366343964407598,1.0,0.0,0.9804841750435145
761,1767153330522,53.575207868500414,49.83447320409233,49.233918441775195,49.233918441775195,49.233918441775195,0.9705911874771118,0.971350825105437,ok,True,True,35.8775560100153,3.7407346644080803,1.0,0.0,0.9804841750435145
762,1767153330566,53.767163165411986,52.194087180884125,51.99718557210441,51.99718557210441,51.99718557210441,0.9678855538368225,0.9692716623442683,ok,True,True,38.029713698604226,1.5730759845278612,1.0,0.0,0.9804841750435145
763,1767153330601,52.74997078767926,52.52761734496121,52.6098964100763,52.6098964100763,52.6098964100763,0.9699671268463135,0.9696889410454954,ok,True,True,37.13039386219059,0.22235344271805246,1.0,0.0,0.9804841750435145
764,1767153330635,50.15513449838551,51.10412763701579,51.410314047009884,51.410314047009884,51.410314047009884,0.9747119545936584,0.9727027491743931,ok,True,True,33.783740472743574,0.9489931386302857,1.0,0.0,0.9804841750435145
765,1767153330670,45.119139954593,47.513135027562114,48.073767854605016,48.073767854605016,48.073767854605016,0.9755247831344604,0.9743959695504336,ok,True,True,27.655957887962597,2.393995072969112,1.0,0.0,0.9804841750435145
766,1767153330706,31.55835659251955,37.94026796653658,39.17411743820729,39.17411743820729,39.17411743820729,0.9562857747077942,0.9635298526448499,ok,True,True,14.169838381502737,6.3819113740170295,1.0,0.0,0.9804841750435145
767,1767153330746,23.36395342180176,29.19447923969569,30.360985522323585,30.360985522323585,30.360985522323585,0.9515185952186584,0.956323098189135,ok,True,True,1.4197878333962528,5.830525817893928,1.0,0.0,0.9804841750435145
768,1767153330785,15.16368796769675,20.776004476496325,21.851031589514193,21.851031589514193,21.851031589514193,0.973137378692627,0.9664116664912301,ok,True,True,-10.330384656617738,5.612316508799575,1.0,0.0,0.9804841750435145
769,1767153330822,9.665998375803984,14.110000816080921,14.935518135829573,14.935518135829573,14.935518135829573,0.9677298665046692,0.9672025864992935,ok,True,True,-19.353385828476988,4.444002440276938,1.0,0.0,0.9804841750435145
770,1767153330854,4.805079201169846,8.527047847134277,9.170275404084794,9.170275404084794,9.170275404084794,0.9664980173110962,0.9667798449863751,ok,True,True,-26.383938502894285,3.7219686459644308,1.0,0.0,0.9804841750435145
771,1767153330891,2.1806326334339654,4.71919871891409,5.117813473237115,5.117813473237115,5.117813473237115,0.9770244359970093,0.9729265995927556,ok,True,True,-30.740844541488542,2.538566085480124,1.0,0.0,0.9804841750435145
772,1767153330924,1.4241509410062818,2.742170052169405,2.892944558241446,2.892944558241446,2.892944558241446,0.9769055843353271,0.9753139904382986,ok,True,True,-32.38882758488337,1.3180191111631232,1.0,0.0,0.9804841750435145
773,1767153330962,0.9890200829214496,1.690280070620632,1.7040117758864919,1.7040117758864919,1.7040117758864919,0.9828519225120544,0.9798367496825522,ok,True,True,-32.5389167347309,0.7012599876991824,1.0,0.0,0.9804841750435145
774,1767153330995,0.8924935638151921,1.2116081665373681,1.1455118506305886,1.1455118506305886,1.1455118506305886,0.9755268096923828,0.9772507856884506,ok,True,True,-31.8164762460637,0.31911460272217607,1.0,0.0,0.9804841750435145
775,1767153331028,3.408947675819809,2.5300118721068325,2.2571287371726134,2.2571287371726134,2.2571287371726134,0.9757978320121765,0.9763790134826862,ok,True,True,-28.833831560859803,0.8789358037129764,1.0,0.0,0.9804841750435145
776,1767153331060,3.4562482564833696,3.085753702732755,2.8860058541788796,2.8860058541788796,2.8860058541788796,0.9782779216766357,0.9775183583990559,ok,True,True,-26.650564137558803,0.3704945537506146,1.0,0.0,0.9804841750435145
777,1767153331093,9.011164079441395,6.640999928757939,6.122772788105241,6.122772788105241,6.122772788105241,0.9585475325584412,0.9661358628946871,ok,True,True,-20.986280680947303,2.370164150683456,1.0,0.0,0.9804841750435145
778,1767153331126,13.379019242516984,10.683811517013366,10.096696978962171,10.096696978962171,10.096696978962171,0.9591228365898132,0.9619280471117628,ok,True,True,-14.569049887455904,2.695207725503618,1.0,0.0,0.9804841750435145
779,1767153331158,17.49170990015878,14.768550546900617,14.192941830847133,14.192941830847133,14.192941830847133,0.9574349522590637,0.9592321902001433,ok,True,True,-8.277579078503848,2.723159353258165,1.0,0.0,0.9804841750435145
780,1767153331196,24.398991279845575,20.54681498666759,19.806887737734616,19.806887737734616,19.806887737734616,0.9725953936576843,0.9672501122746678,ok,True,True,-0.19008742388225208,3.8521762931779833,1.0,0.0,0.9804841750435145
781,1767153331245,30.214841934238148,26.347631155209925,25.61693518314257,25.61693518314257,25.61693518314257,0.9587414860725403,0.9621449365533913,ok,True,True,7.796505291391105,3.8672107790282233,1.0,0.0,0.9804841750435145
782,1767153331303,38.34000694028354,33.54305662625409,32.687455432206725,32.687455432206725,32.687455432206725,0.9798964858055115,0.9727958661046634,ok,True,True,17.14832673940643,4.796950314029445,1.0,0.0,0.9804841750435145
783,1767153331341,45.16180818191333,40.51430755964964,39.704576226150294,39.704576226150294,39.704576226150294,0.9805911183357239,0.9774730174432997,ok,True,True,25.998785229217695,4.647500622263692,1.0,0.0,0.9804841750435145
784,1767153331377,52.22899196199156,47.543118201054796,46.765007798584634,46.765007798584634,46.765007798584634,0.979303240776062,0.9785711514429571,ok,True,True,34.50362323244918,4.685873760936765,1.0,0.0,0.9804841750435145
785,1767153331415,55.02143892746457,52.03011063690066,51.57085231515999,51.57085231515999,51.57085231515999,0.9417391419410706,0.9564719457418251,ok,True,True,39.52337057889355,2.9913282905639136,1.0,0.0,0.9804841750435145
786,1767153331461,53.82084328976163,53.10455022861724,53.08041509667028,53.08041509667028,53.08041509667028,0.9758363962173462,0.9680906160271378,ok,True,True,39.78717040311375,0.7162930611443912,1.0,0.0,0.9804841750435145
787,1767153331519,51.87566869384174,52.36722130775194,52.594835054681546,52.594835054681546,52.594835054681546,0.9817981123924255,0.9763151138463104,ok,True,True,37.299325440754366,0.49155261391020133,1.0,0.0,0.9804841750435145
788,1767153331560,47.69275707695968,49.56254276927659,50.03972742986457,50.03972742986457,50.03972742986457,0.9597094058990479,0.9663516890779529,ok,True,True,32.08364110721481,1.8697856923169098,1.0,0.0,0.9804841750435145
789,1767153331626,41.73867722869842,44.86822344492968,45.56475435778138,45.56475435778138,45.56475435778138,0.9696958065032959,0.9683581595331587,ok,True,True,24.47047649812993,3.1295462162312617,1.0,0.0,0.9804841750435145
790,1767153331660,26.176947115813316,33.65345764745986,35.0738699469861,35.0738699469861,35.0738699469861,0.9697765707969666,0.9692092062914435,ok,True,True,8.945203391745192,7.476510531646543,1.0,0.0,0.9804841750435145
791,1767153331695,19.878147762373477,25.388271716408028,26.502524501427537,26.502524501427537,26.502524501427537,0.9587466716766357,0.9629316855225589,ok,True,True,-3.233710296025283,5.510123954034551,1.0,0.0,0.9804841750435145
792,1767153331729,9.810911722201432,16.04185571988407,17.197303180637014,17.197303180637014,17.197303180637014,0.956838071346283,0.9592755170167934,ok,True,True,-15.862886623385615,6.230943997682637,1.0,0.0,0.9804841750435145
793,1767153331761,7.098140084764751,10.675626338812478,11.344473872600954,11.344473872600954,11.344473872600954,0.9639076590538025,0.9620548022389988,ok,True,True,-23.17346865091484,3.5774862540477272,1.0,0.0,0.9804841750435145
794,1767153331795,5.479103854620603,7.557712848297353,7.894129357686614,7.894129357686614,7.894129357686614,0.9545057415962219,0.9575253658533327,ok,True,True,-26.8505405739804,2.07860899367675,1.0,0.0,0.9804841750435145
795,1767153331826,5.453286818370213,6.295057230341069,6.37363417262935,6.37363417262935,6.37363417262935,0.961405336856842,0.9598533484554383,ok,True,True,-27.709395773486264,0.841770411970856,1.0,0.0,0.9804841750435145
796,1767153331865,5.342932207274098,5.7237822165008865,5.693224991072305,5.693224991072305,5.693224991072305,0.9661691188812256,0.9636428107109106,ok,True,True,-27.37540171393727,0.3808500092267888,1.0,0.0,0.9804841750435145
797,1767153331895,6.466364103058567,6.169331348435494,6.0143525016215795,6.0143525016215795,6.0143525016215795,0.972965657711029,0.9692365189109817,ok,True,True,-25.681464732892316,0.2970327546230722,1.0,0.0,0.9804841750435145
798,1767153331929,6.572120844831371,6.41100504627302,6.271195559992767,6.271195559992767,6.271195559992767,0.9603993892669678,0.9639342411245733,ok,True,True,-24.153330642467832,0.16111579855835068,1.0,0.0,0.9804841750435145
799,1767153331962,10.015528401762076,8.573719059566454,8.226887167584913,8.226887167584913,8.226887167584913,0.9643419981002808,0.9641788953099978,ok,True,True,-20.36241736551753,1.4418093421956222,1.0,0.0,0.9804841750435145
800,1767153331994,13.190983629203531,11.3440778013487,10.920426851527122,10.920426851527122,10.920426851527122,0.9676432013511658,0.9662574789346986,ok,True,True,-15.731862772352518,1.8469058278548314,1.0,0.0,0.9804841750435145
801,1767153332026,17.575207207070104,15.082755444781542,14.559687063436794,14.559687063436794,14.559687063436794,0.9567989110946655,0.9605823382306787,ok,True,True,-10.014663986901004,2.492451762288562,1.0,0.0,0.9804841750435145
802,1767153332058,23.165377193064614,19.932328493751385,19.29545065603119,19.29545065603119,19.29545065603119,0.9646908640861511,0.9630474537439622,ok,True,True,-3.053514488753362,3.2330486993132297,1.0,0.0,0.9804841750435145
803,1767153332258,29.97045368503087,25.955203608519078,25.200572851787733,25.200572851787733,25.200572851787733,0.9615426063537598,0.9621445453098407,ok,True,True,5.1946882314283895,4.015250076511791,1.0,0.0,0.9804841750435145
804,1767153332286,49.614022752398355,40.15049509484665,38.50131348624053,38.50131348624053,38.50131348624053,0.9768109917640686,0.9709444131823775,ok,True,True,23.220436730069796,9.463527657551708,1.0,0.0,0.9804841750435145
805,1767153332315,55.3383815545937,49.26322697069487,48.14851355819404,48.14851355819404,48.14851355819404,0.9766523241996765,0.9743691597927568,ok,True,True,35.40438513026164,6.075154583898829,1.0,0.0,0.9804841750435145
806,1767153332342,56.593082619558686,53.66114036001316,53.17760780687399,53.17760780687399,53.17760780687399,0.9719619154930115,0.9729248132129096,ok,True,True,40.6894526742535,2.9319422595455293,1.0,0.0,0.9804841750435145
807,1767153332376,50.63720385492469,51.84677845696008,52.14668096593616,52.14668096593616,52.14668096593616,0.9658138751983643,0.9686582504041823,ok,True,True,37.411483060292404,1.2095746020353886,1.0,0.0,0.9804841750435145
808,1767153332404,44.34126667513861,47.3434713878672,48.01871899707835,48.01871899707835,48.01871899707835,0.9654094576835632,0.9667089747718108,ok,True,True,30.03094745740222,3.0022047127285845,1.0,0.0,0.9804841750435145
809,1767153332438,37.084771373009694,41.18825137895269,42.06229678752821,42.06229678752821,42.06229678752821,0.9662786722183228,0.9664507932397179,ok,True,True,20.477528580332088,4.103480005942998,1.0,0.0,0.9804841750435145
810,1767153332474,28.76107036958376,33.73194277333133,34.73784434311403,34.73784434311403,34.73784434311403,0.9490068554878235,0.9559844305885812,ok,True,True,9.482906389137142,4.970872403747574,1.0,0.0,0.9804841750435145
811,1767153332526,19.73264244030065,25.332362573512924,26.417352939397247,26.417352939397247,26.417352939397247,0.9614270925521851,0.9592500277667435,ok,True,True,-2.3761656238049724,5.599720133212273,1.0,0.0,0.9804841750435145
812,1767153332562,11.444161115891266,16.99944169893993,18.04170099665771,18.04170099665771,18.04170099665771,0.9675436019897461,0.964226172300545,ok,True,True,-13.76818204758167,5.555280583048663,1.0,0.0,0.9804841750435145
813,1767153332607,7.45376228757623,11.27203405212171,11.97635161543819,11.97635161543819,11.97635161543819,0.9649121761322021,0.9646377745995394,ok,True,True,-21.466455659939783,3.8182717645454796,1.0,0.0,0.9804841750435145
814,1767153332714,4.306572461799827,7.09275709792858,7.557937693885269,7.557937693885269,7.557937693885269,0.9538993239402771,0.958194704203982,ok,True,True,-26.550934158490687,2.786184636128753,1.0,0.0,0.9804841750435145
815,1767153332745,1.9799356374714452,4.025064221654299,4.320580364248835,4.320580364248835,4.320580364248835,0.9583718776702881,0.9583010082837656,ok,True,True,-29.78096027320102,2.0451285841828537,1.0,0.0,0.9804841750435145
816,1767153332778,3.5373029453166867,3.7324074558517317,3.68725979247408,3.68725979247408,3.68725979247408,0.9780458807945251,0.9701479317902213,ok,True,True,-29.28749101481249,0.19510451053504507,1.0,0.0,0.9804841750435145
817,1767153332809,2.9954497929011548,3.2902328580813855,3.225587892114906,3.225587892114906,3.225587892114906,0.9713799357414246,0.9708871341609433,ok,True,True,-28.580913951295585,0.2947830651802308,1.0,0.0,0.9804841750435145
818,1767153332844,10.765532845780545,7.775412850700881,7.1612961859651625,7.1612961859651625,7.1612961859651625,0.9551824927330017,0.9614643493041783,ok,True,True,-21.868546744686498,2.990119995079664,1.0,0.0,0.9804841750435145
819,1767153332874,15.863845760913877,12.62847259682868,11.936945079052638,11.936945079052638,11.936945079052638,0.9701782464981079,0.9666926876205362,ok,True,True,-14.31006983088179,3.235373164085198,1.0,0.0,0.9804841750435145
820,1767153332904,20.848361410295265,17.560405884908633,16.879555174735692,16.879555174735692,16.879555174735692,0.9580135941505432,0.9614852315385404,ok,True,True,-6.868291677005984,3.287955525386632,1.0,0.0,0.9804841750435145
821,1767153332942,26.216781906163146,22.75423149766134,22.073028530325445,22.073028530325445,22.073028530325445,0.974002480506897,0.9689955809195543,ok,True,True,0.5773366889951301,3.462550408501805,1.0,0.0,0.9804841750435145
822,1767153332973,33.95459366372955,29.474448797302266,28.650550764447615,28.650550764447615,28.650550764447615,0.9709338545799255,0.970158545115777,ok,True,True,9.58263886509422,4.480144866427281,1.0,0.0,0.9804841750435145
823,1767153333005,41.246044267388925,36.53740607935426,35.69283203415423,35.69283203415423,35.69283203415423,0.9810384511947632,0.9766864887631688,ok,True,True,18.8139322822718,4.708638188034662,1.0,0.0,0.9804841750435145
824,1767153333038,46.855755198007515,42.72841555054622,42.0131912635406,42.0131912635406,42.0131912635406,0.9532344937324524,0.9626152917447389,ok,True,True,26.631417664357787,4.127339647461298,1.0,0.0,0.9804841750435145
825,1767153333072,53.267782830870544,49.05203591874081,48.365530380344325,48.365530380344325,48.365530380344325,0.9783177375793457,0.9720367592455029,ok,True,True,34.13500375426,4.215746912129731,1.0,0.0,0.9804841750435145
826,1767153333103,55.73149938173678,53.05971399653839,52.662802569078195,52.662802569078195,52.662802569078195,0.9631482362747192,0.9667036454630327,ok,True,True,38.47329223037348,2.6717853851983904,1.0,0.0,0.9804841750435145
827,1767153333133,55.76051193716687,54.680192760915475,54.5981679611701,54.5981679611701,54.5981679611701,0.9622380137443542,0.9640242664318257,ok,True,True,39.36983291646032,1.0803191762513933,1.0,0.0,0.9804841750435145
828,1767153333168,54.65496575305008,54.665056556196234,54.80405553447528,54.80405553447528,54.80405553447528,0.9733521938323975,0.9696210228721688,ok,True,True,37.850557773594836,0.010090803146155736,1.0,0.0,0.9804841750435145
829,1767153333205,53.121915426588494,53.73917187843159,53.99883185235115,53.99883185235115,53.99883185235115,0.9785484671592712,0.9749774894444303,ok,True,True,35.01244378989975,0.6172564518430974,1.0,0.0,0.9804841750435145
830,1767153333241,47.12974797832026,49.77351753836479,50.375343401688255,50.375343401688255,50.375343401688255,0.9734277129173279,0.9740476235281688,ok,True,True,28.434416484941195,2.6437695600445323,1.0,0.0,0.9804841750435145
831,1767153333286,40.64878678962751,44.29867908912242,45.08265579109223,45.08265579109223,45.08265579109223,0.9621742963790894,0.9669236272387212,ok,True,True,19.86545913982132,3.6498922994949154,1.0,0.0,0.9804841750435145
832,1767153333331,31.038441024112863,36.34253625011669,37.39189324511326,37.39189324511326,37.39189324511326,0.9401572346687317,0.9508637916967275,ok,True,True,8.395864051936785,5.304095226003824,1.0,0.0,0.9804841750435145
833,1767153333367,21.354925915654384,27.349970049439307,28.501947320482014,28.501947320482014,28.501947320482014,0.9403273463249207,0.9445419244736435,ok,True,True,-4.195382694695198,5.995044133784923,1.0,0.0,0.9804841750435145
834,1767153333408,13.052691214631647,18.771602748554713,19.841963729271125,19.841963729271125,19.841963729271125,0.9714833498001099,0.9607067796695233,ok,True,True,-15.894553811125746,5.718911533923066,1.0,0.0,0.9804841750435145
835,1767153333440,8.252406441698675,12.46008496444109,13.22481872683045,13.22481872683045,13.22481872683045,0.9718436598777771,0.9673889077944756,ok,True,True,-24.253183568646072,4.207678522742416,1.0,0.0,0.9804841750435145
836,1767153333474,4.603922418274996,7.7463874367414345,8.267588399629178,8.267588399629178,8.267588399629178,0.9613415002822876,0.9637604632871628,ok,True,True,-29.949971251237827,3.1424650184664387,1.0,0.0,0.9804841750435145
837,1767153333506,3.2732702994255596,5.06251715435191,5.308803328708576,5.308803328708576,5.308803328708576,0.9598551988601685,0.9614173046309662,ok,True,True,-32.641908036415806,1.78924685492635,1.0,0.0,0.9804841750435145
838,1767153333536,4.091581839578465,4.479955965487843,4.451025775129785,4.451025775129785,4.451025775129785,0.9629092216491699,0.9623124548418884,ok,True,True,-32.32569766110551,0.3883741259093778,1.0,0.0,0.9804841750435145
839,1767153333571,4.597680810668601,4.550590872596297,4.419220282622987,4.419220282622987,4.419220282622987,0.9647039175033569,0.9637473324387695,ok,True,True,-30.88980169754423,0.047089938072303994,1.0,0.0,0.9804841750435145
840,1767153333605,6.293535942531966,5.596357914557698,5.350065175704334,5.350065175704334,5.350065175704334,0.9641169905662537,0.9639691273152601,ok,True,True,-28.19779316164705,0.6971780279742674,1.0,0.0,0.9804841750435145
841,1767153333638,9.711293135975248,8.065319047408227,7.657377542692619,7.657377542692619,7.657377542692619,0.9698004722595215,0.9674679342818169,ok,True,True,-23.73894464685189,1.645974088567021,1.0,0.0,0.9804841750435145
842,1767153333669,13.395370415298009,11.263349868142097,10.772586353336319,10.772586353336319,10.772586353336319,0.9558377265930176,0.9604898096685373,ok,True,True,-18.374841843355824,2.1320205471559124,1.0,0.0,0.9804841750435145
843,1767153333700,18.28560100686825,15.476700551377789,14.883332985040967,14.883332985040967,14.883332985040967,0.9664240479469299,0.9640503526355728,ok,True,True,-11.889264716966101,2.8089004554904626,1.0,0.0,0.9804841750435145
844,1767153333735,24.046191019331282,20.618394832149882,19.93409464308235,19.93409464308235,19.93409464308235,0.96209716796875,0.9628784418354791,ok,True,True,-4.409783354007178,3.4277961871814,1.0,0.0,0.9804841750435145
845,1767153333767,29.99943750377769,26.247020435126565,25.526052198764006,25.526052198764006,25.526052198764006,0.9689414501190186,0.9665162468056028,ok,True,True,3.470484068550814,3.7524170686511233,1.0,0.0,0.9804841750435145
846,1767153333817,36.67624493629688,32.50455513582875,31.738620507545328,31.738620507545328,31.738620507545328,0.9746619462966919,0.9714036665002563,ok,True,True,11.842239431204046,4.17168980046813,1.0,0.0,0.9804841750435145
847,1767153333853,42.4333520627475,38.46183329198,37.755535392890565,37.755535392890565,37.755535392890565,0.9689559936523438,0.9699350627915089,ok,True,True,19.562158345935067,3.971518770767503,1.0,0.0,0.9804841750435145
848,1767153333887,47.35846898780836,43.79981470947702,43.19800987301389,43.19800987301389,43.19800987301389,0.9691917896270752,0.9694890988928486,ok,True,True,26.13995582484284,3.558654278331339,1.0,0.0,0.9804841750435145
849,1767153333920,51.14413618982968,48.20640759768861,47.74468458260465,47.74468458260465,47.74468458260465,0.9657303094863892,0.967233825248973,ok,True,True,31.18664255873891,2.9377285921410703,1.0,0.0,0.9804841750435145
850,1767153333954,53.49281405022667,51.37825146921145,51.08874312117156,51.08874312117156,51.08874312117156,0.9666279554367065,0.9668703033616131,ok,True,True,34.351002774006446,2.114562581015221,1.0,0.0,0.9804841750435145
851,1767153333991,53.316198394844996,52.54101962459158,52.50672933170502,52.50672933170502,52.50672933170502,0.9651408195495605,0.9658326130743815,ok,True,True,34.725799698912915,0.7751787702534187,1.0,0.0,0.9804841750435145
852,1767153334030,53.32465272706323,53.011199486074574,53.084084769308554,53.084084769308554,53.084084769308554,0.9675174951553345,0.9668435423229533,ok,True,True,33.92915500073542,0.31345324098865746,1.0,0.0,0.9804841750435145
853,1767153334064,51.25619775991207,51.95819845037707,52.210078257222335,52.210078257222335,52.210078257222335,0.9659271240234375,0.9662936913432438,ok,True,True,31.17607915609472,0.7020006904649989,1.0,0.0,0.9804841750435145
854,1767153334099,46.71022688658807,48.80941551210367,49.30493289059715,49.30493289059715,49.30493289059715,0.9745204448699951,0.9712297434592947,ok,True,True,25.760016064669035,2.099188625515602,1.0,0.0,0.9804841750435145
855,1767153334134,41.11223477540727,44.191107070085835,44.85767549726327,44.85767549726327,44.85767549726327,0.9419745802879333,0.9536766455564779,ok,True,True,18.474344939831088,3.078872294678561,1.0,0.0,0.9804841750435145
856,1767153334180,24.57709549542068,32.42270012528674,33.87925142544378,33.87925142544378,33.87925142544378,0.9478573799133301,0.9501850861705892,ok,True,True,2.554068315966134,7.8456046298660596,1.0,0.0,0.9804841750435145
857,1767153334214,15.067845381652337,22.0097872791061,23.34399708516699,23.34399708516699,23.34399708516699,0.9634768962860107,0.9581601722398421,ok,True,True,-12.029001421757783,6.941941897453763,1.0,0.0,0.9804841750435145
858,1767153334245,8.973001764057916,14.187715970077189,15.164865064699875,15.164865064699875,15.164865064699875,0.9650890231132507,0.9623174827638872,ok,True,True,-22.709355685610383,5.2147142060192735,1.0,0.0,0.9804841750435145
859,1767153334281,3.998814078644014,8.074374835217284,8.781235256949905,8.781235256949905,8.781235256949905,0.9670950770378113,0.9651840393282416,ok,True,True,-30.435423038838415,4.075560756573271,1.0,0.0,0.9804841750435145
860,1767153334314,2.7398944685748825,4.873686615231843,5.196567776592989,5.196567776592989,5.196567776592989,0.957608163356781,0.9606385137453652,ok,True,True,-33.964552019705756,2.133792146656961,1.0,0.0,0.9804841750435145
861,1767153334349,1.8569368857362258,3.063636777534473,3.175330145469209,3.175330145469209,3.175330145469209,0.9564767479896545,0.9581414542919389,ok,True,True,-35.18537363744102,1.2066998917982472,1.0,0.0,0.9804841750435145
862,1767153334380,2.0722033801169863,2.4687767390839808,2.416735526447766,2.416735526447766,2.416735526447766,0.9525384902954102,0.9547796758940217,ok,True,True,-34.6165570767606,0.3965733589669944,1.0,0.0,0.9804841750435145
863,1767153334418,2.8253516172852686,2.6827216660047535,2.5242549376326404,2.5242549376326404,2.5242549376326404,0.9626355767250061,0.9594932163926124,ok,True,True,-32.88449714101312,0.14262995128051514,1.0,0.0,0.9804841750435145
864,1767153334452,3.4270173022604213,3.1292990477581544,2.9394349132196025,2.9394349132196025,2.9394349132196025,0.9569847583770752,0.95798814158329,ok,True,True,-30.809259871664246,0.29771825450226697,1.0,0.0,0.9804841750435145
865,1767153334498,6.281483777568237,5.020609885644204,4.6737204292604595,4.6737204292604595,4.6737204292604595,0.9630306959152222,0.9610136741824493,ok,True,True,-27.017717409043186,1.2608738919240334,1.0,0.0,0.9804841750435145
866,1767153334534,8.789920354940332,7.28219616722188,6.890561918718177,6.890561918718177,6.890561918718177,0.9529692530632019,0.9561870215109008,ok,True,True,-22.737109118153473,1.507724187718452,1.0,0.0,0.9804841750435145
867,1767153334566,14.491312799865733,11.607666146808192,10.996620245582733,10.996620245582733,10.996620245582733,0.9550718069076538,0.9555178927489526,ok,True,True,-16.058305717037896,2.883646653057541,1.0,0.0,0.9804841750435145
868,1767153334597,18.56701934613815,15.783278066406167,15.189316112088115,15.189316112088115,15.189316112088115,0.953015923500061,0.9540167111996177,ok,True,True,-9.566231860267267,2.7837412797319825,1.0,0.0,0.9804841750435145
869,1767153334636,28.407488471284495,23.35780430933316,22.41056035061201,22.41056035061201,22.41056035061201,0.9643268585205078,0.9602027995921518,ok,True,True,0.7872557590838021,5.049684161951333,1.0,0.0,0.9804841750435145
870,1767153334673,36.21152678911654,31.070037797203188,30.106513479054083,30.106513479054083,30.106513479054083,0.9718671441078186,0.9672014063015519,ok,True,True,11.318689617335618,5.141488991913352,1.0,0.0,0.9804841750435145
871,1767153334707,43.890698470800764,38.762434201361735,37.8384860159892,37.8384860159892,37.8384860159892,0.9778169989585876,0.9735707618957734,ok,True,True,21.4175517004376,5.128264269439029,1.0,0.0,0.9804841750435145
872,1767153334746,50.38686711228038,45.73709394791292,44.9352366348055,44.9352366348055,44.9352366348055,0.9645215272903442,0.9681412211325159,ok,True,True,30.181946223419956,4.64977316436746,1.0,0.0,0.9804841750435145
873,1767153334777,55.736488069952564,51.736730421136706,51.089923481358944,51.089923481358944,51.089923481358944,0.9646025896072388,0.9660180422173497,ok,True,True,37.25162197214732,3.9997576488158586,1.0,0.0,0.9804841750435145
874,1767153334811,56.85663248917087,54.808671661957206,54.532219553273066,54.532219553273066,54.532219553273066,0.9611400961875916,0.9630912745994948,ok,True,True,40.273275959224684,2.0479608272136645,1.0,0.0,0.9804841750435145
875,1767153334845,55.85905002410207,55.43889867924412,55.4875326629187,55.4875326629187,55.4875326629187,0.9685205221176147,0.9663488231103667,ok,True,True,39.74170081090242,0.420151344857949,1.0,0.0,0.9804841750435145
876,1767153334885,54.6317924916606,54.954634966694,55.161957359752016,55.161957359752016,55.161957359752016,0.9687426090240479,0.9677850946585754,ok,True,True,37.475642727366726,0.32284247503340424,1.0,0.0,0.9804841750435145
877,1767153334928,52.13466667282384,53.2626539903719,53.6140457781402,53.6140457781402,53.6140457781402,0.9572743773460388,0.9614786642710536,ok,True,True,33.6348892544045,1.1279873175480617,1.0,0.0,0.9804841750435145
878,1767153334969,47.65035322712544,49.89527353242403,50.435441263983925,50.435441263983925,50.435441263983925,0.9607005715370178,0.9610118086306321,ok,True,True,27.730792564647007,2.244920305298585,1.0,0.0,0.9804841750435145
879,1767153335010,40.05045455991174,43.988382148916656,44.811079649230564,44.811079649230564,44.811079649230564,0.9727262854576111,0.9680404947268195,ok,True,True,18.73861235008989,3.9379275890049144,1.0,0.0,0.9804841750435145
880,1767153335046,31.11569672341779,36.26477089361734,37.288305254828146,37.288305254828146,37.288305254828146,0.9486597180366516,0.9564120287127188,ok,True,True,7.551261679536761,5.1490741701995475,1.0,0.0,0.9804841750435145
881,1767153335086,14.533981027186057,23.226296973758572,24.823799355765978,24.823799355765978,24.823799355765978,0.9679141044616699,0.9633132741620896,ok,True,True,-9.909626808289914,8.692315946572515,1.0,0.0,0.9804841750435145
882,1767153335121,9.657015288613563,15.084727962671565,16.134804705891593,16.134804705891593,16.134804705891593,0.9699373245239258,0.9672877043791912,ok,True,True,-21.387088828712805,5.427712674058002,1.0,0.0,0.9804841750435145
883,1767153335153,6.768852178502534,10.095202492170145,10.689696203504255,10.689696203504255,10.689696203504255,0.9727194905281067,0.9705467760685405,ok,True,True,-27.88497485206584,3.3263503136676107,1.0,0.0,0.9804841750435145
884,1767153335186,5.5752682915176495,7.383241971778648,7.648525362895481,7.648525362895481,7.648525362895481,0.9653457403182983,0.9674261546183952,ok,True,True,-30.784553445584372,1.8079736802609983,1.0,0.0,0.9804841750435145
885,1767153335219,4.669579992211875,5.755044784038584,5.851844226096156,5.851844226096156,5.851844226096156,0.9653348326683044,0.9661713614483407,ok,True,True,-31.842582705814454,1.085464791826709,1.0,0.0,0.9804841750435145
886,1767153335252,5.385042942938971,5.533043679378816,5.450162662217519,5.450162662217519,5.450162662217519,0.9613140821456909,0.9632569938667509,ok,True,True,-30.936683462902185,0.1480007364398448,1.0,0.0,0.9804841750435145
887,1767153335284,5.876802309077031,5.7392988571977455,5.591938349061598,5.591938349061598,5.591938349061598,0.9658493399620056,0.9648124015239037,ok,True,True,-29.326015817548512,0.1375034518792857,1.0,0.0,0.9804841750435145
888,1767153335317,7.492545315318357,6.791246732070112,6.548297212494523,6.548297212494523,6.548297212494523,0.9601441621780396,0.9620114579163852,ok,True,True,-26.670549060654025,0.7012985832482448,1.0,0.0,0.9804841750435145
889,1767153335349,10.558496537488509,9.05159661532115,8.672992258911663,8.672992258911663,8.672992258911663,0.9633538722991943,0.9628169065460707,ok,True,True,-22.53235901929432,1.5068999221673582,1.0,0.0,0.9804841750435145
890,1767153335383,14.948611135425576,12.589805327383806,12.068838753035866,12.068838753035866,12.068838753035866,0.9578511714935303,0.9598374655145464,ok,True,True,-16.838133230946,2.3588058080417706,1.0,0.0,0.9804841750435145
891,1767153335425,19.50482376266725,16.73881638855387,16.154975564679205,16.154975564679205,16.154975564679205,0.9681499004364014,0.9648249264676594,ok,True,True,-10.456684517544893,2.7660073741133786,1.0,0.0,0.9804841750435145
892,1767153335457,25.067918045684113,21.736277382832014,21.074467300408173,21.074467300408173,21.074467300408173,0.9618905186653137,0.963064281786252,ok,True,True,-3.2230226592125453,3.3316406628520987,1.0,0.0,0.9804841750435145
893,1767153335501,31.81092330178567,27.781064934204206,27.020575404836215,27.020575404836215,27.020575404836215,0.9748414158821106,0.9701305622437673,ok,True,True,5.089217133361825,4.029858367581465,1.0,0.0,0.9804841750435145
894,1767153335535,40.20338544094172,35.23445723824672,34.33666845461885,34.33666845461885,34.33666845461885,0.9655251502990723,0.9673673150769503,ok,True,True,14.902153885824884,4.968928202695004,1.0,0.0,0.9804841750435145
895,1767153335567,48.242173724412055,43.03908712994592,42.123280726759496,42.123280726759496,42.123280726759496,0.9686068296432495,0.9681110238167299,ok,True,True,24.912025334267945,5.203086594466136,1.0,0.0,0.9804841750435145
896,1767153335600,54.125302701677974,49.69081647298515,48.938909120712275,48.938909120712275,48.938909120712275,0.9770774841308594,0.9734909000052077,ok,True,True,33.13046092415167,4.434486228692826,1.0,0.0,0.9804841750435145
897,1767153335634,55.293719001454384,53.05255799006669,52.71670084048714,52.71670084048714,52.71670084048714,0.9564853310585022,0.9632875586371844,ok,True,True,36.80141897886118,2.241161011387696,1.0,0.0,0.9804841750435145
898,1767153335672,54.009683530206665,53.62683331415067,53.66216583385292,53.66216583385292,53.66216583385292,0.9693686962127686,0.9669362411825349,ok,True,True,36.41523039256335,0.3828502160559921,1.0,0.0,0.9804841750435145
899,1767153335709,52.75721817920014,53.10506423318035,53.30271275753929,53.30271275753929,53.30271275753929,0.9723230600357056,0.9701683324944373,ok,True,True,34.25490882904978,0.34784605398021284,1.0,0.0,0.9804841750435145
900,1767153335746,48.20714370750508,50.16631191777519,50.64378988004535,50.64378988004535,50.64378988004535,0.9715702533721924,0.9710094850210904,ok,True,True,29.036018673707733,1.9591682102701071,1.0,0.0,0.9804841750435145
901,1767153335785,41.61293699737917,45.03428696553758,45.76836355549072,45.76836355549072,45.76836355549072,0.957912802696228,0.963151475626173,ok,True,True,21.01247540825775,3.4213499681584096,1.0,0.0,0.9804841750435145
902,1767153335822,33.93563894744419,38.375098154681545,39.27840475695194,39.27840475695194,39.27840475695194,0.9545156955718994,0.9579700075936088,ok,True,True,11.139228250565623,4.4394592072373555,1.0,0.0,0.9804841750435145
903,1767153335855,24.81701806404769,30.240250100301232,31.29040628110623,31.29040628110623,31.29040628110623,0.9529963135719299,0.9549857911806015,ok,True,True,-0.33910203198223954,5.423232036253541,1.0,0.0,0.9804841750435145
904,1767153335895,15.38170168899819,21.325121053519407,22.4360491006641,22.4360491006641,22.4360491006641,0.9623904824256897,0.9594286059276543,ok,True,True,-12.481675944652999,5.943419364521217,1.0,0.0,0.9804841750435145
905,1767153335930,9.969676149935358,14.511854111368978,15.34981046698725,15.34981046698725,15.34981046698725,0.9435740113258362,0.9499158491665635,ok,True,True,-21.640637238175792,4.5421779614336195,1.0,0.0,0.9804841750435145
906,1767153335968,6.500451556754263,9.705012578600149,10.254500347528335,10.254500347528335,10.254500347528335,0.9664248824119568,0.9598212691137995,ok,True,True,-27.646603029990953,3.204561021845886,1.0,0.0,0.9804841750435145
907,1767153335999,4.718110502919421,6.712871333191712,7.00528852846022,7.00528852846022,7.00528852846022,0.9589206576347351,0.9592809022263609,ok,True,True,-30.84275728679429,1.9947608302722912,1.0,0.0,0.9804841750435145
908,1767153336041,4.277634621746239,5.251729306324428,5.33269609919922,5.33269609919922,5.33269609919922,0.9490087032318115,0.9531175828296313,ok,True,True,-31.72773383363811,0.9740946845781888,1.0,0.0,0.9804841750435145
909,1767153336075,4.98272937714927,5.090329348819333,4.999345093336196,4.999345093336196,4.999345093336196,0.9521084427833557,0.952512098801866,ok,True,True,-30.733265245026242,0.10759997167006308,1.0,0.0,0.9804841750435145
910,1767153336105,6.585805253404875,5.987614891570658,5.762983360121753,5.762983360121753,5.762983360121753,0.9662749767303467,0.9607698255589545,ok,True,True,-28.27801624780699,0.5981903618342175,1.0,0.0,0.9804841750435145
911,1767153336140,9.223953471724222,7.929418039662797,7.582429820584805,7.582429820584805,7.582429820584805,0.9517430663108826,0.9553537700101113,ok,True,True,-24.48539429734888,1.2945354320614255,1.0,0.0,0.9804841750435145
912,1767153336174,13.554611871974226,11.304534339049654,10.798032776742414,10.798032776742414,10.798032776742414,0.9629986882209778,0.9599407209366312,ok,True,True,-18.949272787943997,2.2500775329245712,1.0,0.0,0.9804841750435145
913,1767153336205,18.213546647235315,15.44994172396105,14.860263591970302,14.860263591970302,14.860263591970302,0.9655340313911438,0.9632967072093387,ok,True,True,-12.504021611878668,2.763604923274265,1.0,0.0,0.9804841750435145
914,1767153336236,24.946189455349458,21.147690362794094,20.39945568804406,20.39945568804406,20.39945568804406,0.9683935642242432,0.9663548214182813,ok,True,True,-4.325728818275145,3.798499092555364,1.0,0.0,0.9804841750435145
915,1767153336276,31.91870885339738,27.610301457156066,26.78943230818328,26.78943230818328,26.78943230818328,0.9671194553375244,0.9668136017698272,ok,True,True,4.646467301582971,4.308407396241314,1.0,0.0,0.9804841750435145
916,1767153336332,39.73701780814165,34.886331267747416,33.99995139739375,33.99995139739375,33.99995139739375,0.975043773651123,0.9717517048986047,ok,True,True,14.334703293225964,4.850686540394236,1.0,0.0,0.9804841750435145
917,1767153336371,46.994743040314546,42.151378331287695,41.2949550939186,41.2949550939186,41.2949550939186,0.9794394373893738,0.9763643443930661,ok,True,True,23.69550977120715,4.843364709026851,1.0,0.0,0.9804841750435145
918,1767153336407,55.39564226967888,50.09793669432241,49.20361998432047,49.20361998432047,49.20361998432047,0.9616000056266785,0.9675057411332335,ok,True,True,33.47049635152226,5.297705575356474,1.0,0.0,0.9804841750435145
919,1767153336450,57.773648789021955,54.70336395114214,54.21407472617537,54.21407472617537,54.21407472617537,0.9637078046798706,0.9652269792612158,ok,True,True,38.81848499408336,3.070284837879818,1.0,0.0,0.9804841750435145
920,1767153336481,55.02822078471645,54.898278051286724,54.966329624909164,54.966329624909164,54.966329624909164,0.9730695486068726,0.9699325208686098,ok,True,True,38.07467330915217,0.12994273342972917,1.0,0.0,0.9804841750435145
921,1767153336528,53.584139229660934,54.10979475831125,54.347035432109024,54.347035432109024,54.347035432109024,0.9812670946121216,0.9767332651147169,ok,True,True,35.48160490649073,0.5256555286503186,1.0,0.0,0.9804841750435145
922,1767153336563,48.857368639871055,50.95833908724714,51.4685384127918,51.4685384127918,51.4685384127918,0.9665175080299377,0.9706038108638494,ok,True,True,29.905066411001734,2.100970447376085,1.0,0.0,0.9804841750435145
923,1767153336622,44.1794676536513,46.89101622708964,47.51315020905194,47.51315020905194,47.51315020905194,0.9774936437606812,0.9747377106019484,ok,True,True,23.105068986346176,2.7115485734383356,1.0,0.0,0.9804841750435145
924,1767153336662,38.66608783269274,41.9560591904515,42.662221880037286,42.662221880037286,42.662221880037286,0.9677519798278809,0.9705462721375079,ok,True,True,15.386627927355608,3.289971357758759,1.0,0.0,0.9804841750435145
925,1767153336695,22.734476374757232,30.423109501034936,31.846314272559404,31.846314272559404,31.846314272559404,0.9615076184272766,0.9651230799113691,ok,True,True,-0.16916722564112519,7.688633126277704,1.0,0.0,0.9804841750435145
926,1767153336735,15.78946947727267,21.642925486777578,22.78105960787289,22.78105960787289,22.78105960787289,0.974711537361145,0.9708761543812346,ok,True,True,-12.609106718979396,5.853456009504908,1.0,0.0,0.9804841750435145
927,1767153336768,10.565261152730432,14.99632688634929,15.818244291095727,15.818244291095727,15.818244291095727,0.9589120745658875,0.9636977064920264,ok,True,True,-21.592760397446877,4.431065733618858,1.0,0.0,0.9804841750435145
928,1767153336808,2.4195264287998897,7.450246611819651,8.303839009689845,8.303839009689845,8.303839009689845,0.9474280476570129,0.9539359111910184,ok,True,True,-30.922625467531613,5.030720183019762,1.0,0.0,0.9804841750435145
929,1767153336843,2.6972204939179036,4.598430941078602,4.896939424472194,4.896939424472194,4.896939424472194,0.9612729549407959,0.9583381374408849,ok,True,True,-34.18535821829981,1.9012104471606985,1.0,0.0,0.9804841750435145
930,1767153336876,2.2371634367640723,3.181670438489884,3.2459286078529312,3.2459286078529312,3.2459286078529312,0.9613886475563049,0.960168443510137,ok,True,True,-34.88770754955411,0.9445070017258117,1.0,0.0,0.9804841750435145
931,1767153336907,2.031799603438392,2.491747937458989,2.446129613475194,2.446129613475194,2.446129613475194,0.9707810282707214,0.9665359943664876,ok,True,True,-34.38909391551266,0.45994833402059676,1.0,0.0,0.9804841750435145
932,1767153336940,4.1633890637352735,3.49473261322476,3.249767048342335,3.249767048342335,3.249767048342335,0.9676769375801086,0.9672205602946602,ok,True,True,-31.711591546849736,0.6686564505105137,1.0,0.0,0.9804841750435145
933,1767153336973,5.57964201471145,4.745678254116774,4.460751111766954,4.460751111766954,4.460751111766954,0.9758358597755432,0.97238973998319,ok,True,True,-28.597304447337763,0.8339637605946759,1.0,0.0,0.9804841750435145
934,1767153337005,8.021127867399482,6.710948022086399,6.3534235820444085,6.3534235820444085,6.3534235820444085,0.9618234634399414,0.9660499740572408,ok,True,True,-24.689520365412733,1.3101798453130833,1.0,0.0,0.9804841750435145
935,1767153337043,12.920766849072551,10.436839318278091,9.889253720272023,9.889253720272023,9.889253720272023,0.9554529190063477,0.959691741026705,ok,True,True,-18.704345524978905,2.4839275307944604,1.0,0.0,0.9804841750435145
936,1767153337078,17.20905013617159,14.500165809014192,13.915974370329643,13.915974370329643,13.915974370329643,0.929915189743042,0.9418258102565071,ok,True,True,-12.31906455056428,2.7088843271573992,1.0,0.0,0.9804841750435145
937,1767153337124,24.788976808512153,20.67345240871297,19.873445085307193,19.873445085307193,19.873445085307193,0.9493921399116516,0.9463656080495938,ok,True,True,-3.574890632100491,4.115524399799185,1.0,0.0,0.9804841750435145
938,1767153337158,34.275306543703785,28.83456488970746,27.821147240104704,27.821147240104704,27.821147240104704,0.9582995772361755,0.9535259895615429,ok,True,True,7.501883193471853,5.4407416539963265,1.0,0.0,0.9804841750435145
939,1767153337193,42.47062354094958,37.016200080452734,36.017881968132805,36.017881968132805,36.017881968132805,0.9627568125724792,0.9590644833681048,ok,True,True,18.413617304748477,5.454423460496848,1.0,0.0,0.9804841750435145
940,1767153337226,50.41885104076066,45.057790656637486,44.11738160174329,44.11738160174329,44.11738160174329,0.974033772945404,0.9680460571144844,ok,True,True,28.69239862325665,5.361060384123171,1.0,0.0,0.9804841750435145
941,1767153337259,53.61923246727111,50.19465574301766,49.623134913746036,49.623134913746036,49.623134913746036,0.9708201289176941,0.9697105001964103,ok,True,True,34.939188350006376,3.4245767242534484,1.0,0.0,0.9804841750435145
942,1767153337304,53.396241552427185,52.11560722866338,51.96741260487708,51.96741260487708,51.96741260487708,0.9560276865959167,0.9615008120361141,ok,True,True,36.55897297729214,1.280634323763806,1.0,0.0,0.9804841750435145
943,1767153337340,52.133270070016884,52.12620493347548,52.24448986884284,52.24448986884284,52.24448986884284,0.960606575012207,0.96096426982177,ok,True,True,35.26610475405731,0.007065136541406503,1.0,0.0,0.9804841750435145
944,1767153337376,50.325594756210606,51.045838827116555,51.31081338066253,51.31081338066253,51.31081338066253,0.9671977162361145,0.9647043376703768,ok,True,True,32.36990179142754,0.7202440709059488,1.0,0.0,0.9804841750435145
945,1767153337416,45.19261965371616,47.53390732307632,48.075857136822634,48.075857136822634,48.075857136822634,0.9698486328125,0.9677909147556507,ok,True,True,26.446326734261277,2.341287669360163,1.0,0.0,0.9804841750435145
946,1767153337459,39.715390580312125,42.8427972774178,43.525226208106574,43.525226208106574,43.525226208106574,0.9633116126060486,0.9651033334658894,ok,True,True,18.9872984449575,3.127406697105677,1.0,0.0,0.9804841750435145
947,1767153337504,32.113026305673806,36.404934694371406,37.27024157450251,37.27024157450251,37.27024157450251,0.9610402584075928,0.9626654884309114,ok,True,True,9.529392709172237,4.2919083886976,1.0,0.0,0.9804841750435145
948,1767153337545,23.729857609887492,28.79988844368106,29.780685410512344,29.780685410512344,29.780685410512344,0.9562201499938965,0.9587982853687025,ok,True,True,-1.1908332259652283,5.070030833793567,1.0,0.0,0.9804841750435145
949,1767153337581,15.833034289111039,21.01977595093905,21.993119336361776,21.993119336361776,21.993119336361776,0.9661738276481628,0.9632236107363787,ok,True,True,-11.829590641696672,5.186741661828011,1.0,0.0,0.9804841750435145
950,1767153337614,6.485531470800119,12.299229262855691,13.337120806927672,13.337120806927672,13.337120806927672,0.9519796371459961,0.9564772265821491,ok,True,True,-23.173867005608283,5.813697792055573,1.0,0.0,0.9804841750435145
951,1767153337646,3.6949868737596328,7.1366838293980575,7.742480533411203,7.742480533411203,7.742480533411203,0.9690365791320801,0.9640128381121077,ok,True,True,-29.795296065247342,3.4416969556384247,1.0,0.0,0.9804841750435145
952,1767153337682,2.9461261497353375,4.622349221600426,4.859730980697806,4.859730980697806,4.859730980697806,0.9605323672294617,0.9619245555825201,ok,True,True,-32.389906546788566,1.6762230718650883,1.0,0.0,0.9804841750435145
953,1767153337714,2.8115177779587572,3.5358503554154246,3.5631065430917337,3.5631065430917337,3.5631065430917337,0.9604005813598633,0.9610101710489259,ok,True,True,-32.68781987635824,0.7243325774566673,1.0,0.0,0.9804841750435145
954,1767153337747,3.2277686351347445,3.351001323247017,3.2530679625738586,3.2530679625738586,3.2530679625738586,0.9666063189506531,0.9643678597899622,ok,True,True,-31.61739675260468,0.12323268811227228,1.0,0.0,0.9804841750435145
955,1767153337782,3.8477165980067114,3.6490304881028335,3.4872150795250736,3.4872150795250736,3.4872150795250736,0.9725244641304016,0.9692618223942258,ok,True,True,-29.848735349272086,0.19868610990387792,1.0,0.0,0.9804841750435145
956,1767153337814,6.547832600130982,5.388311755319722,5.06509354483314,5.06509354483314,5.06509354483314,0.9706685543060303,0.9701058615413085,ok,True,True,-26.315922381914053,1.1595208448112597,1.0,0.0,0.9804841750435145
957,1767153337849,11.80962275905463,9.241098357560666,8.677128664025727,8.677128664025727,8.677128664025727,0.965214729309082,0.9671711822019726,ok,True,True,-20.151667454823926,2.5685244014939634,1.0,0.0,0.9804841750435145
958,1767153337891,16.269613476032717,13.458207428643897,12.849639954186008,12.849639954186008,12.849639954186008,0.95945143699646,0.9625393350786651,ok,True,True,-13.499953549098912,2.81140604738882,1.0,0.0,0.9804841750435145
959,1767153337927,23.104076100311573,19.245728631644504,18.481661513835988,18.481661513835988,18.481661513835988,0.9591665267944336,0.9605156501081262,ok,True,True,-5.1486102950718955,3.85834746866707,1.0,0.0,0.9804841750435145
960,1767153337982,30.230376985214285,25.836517643786372,24.99651472275576,24.99651472275576,24.99651472275576,0.9553762674331665,0.9574320205031505,ok,True,True,4.032720198553752,4.393859341427913,1.0,0.0,0.9804841750435145
961,1767153338021,38.30467231453389,33.31741044623488,32.40374783403418,32.40374783403418,32.40374783403418,0.97342848777771,0.9670299008678862,ok,True,True,14.019159759968407,4.987261868299008,1.0,0.0,0.9804841750435145
962,1767153338056,45.48717065724076,40.61926657283841,39.754516390820314,39.754516390820314,39.754516390820314,0.9802204370498657,0.9749442225770739,ok,True,True,23.47098072005504,4.867904084402348,1.0,0.0,0.9804841750435145
963,1767153338090,50.63880161451454,46.63098759784409,45.950846475621915,45.950846475621915,45.950846475621915,0.9575949907302856,0.964534683469001,ok,True,True,30.90500299436522,4.0078140166704515,1.0,0.0,0.9804841750435145
964,1767153338123,52.79246084756331,50.32787154767563,49.9543407510274,49.9543407510274,49.9543407510274,0.9370387196540833,0.9480371051800504,ok,True,True,34.987738432197915,2.4645892998876846,1.0,0.0,0.9804841750435145
965,1767153338156,51.9034570665645,51.27322285900895,51.25618902639409,51.25618902639409,51.25618902639409,0.9790520071983337,0.9666460463910204,ok,True,True,35.17392022144486,0.6302342075555458,1.0,0.0,0.9804841750435145
966,1767153338211,51.505505729295294,51.41259258118076,51.525991427396725,51.525991427396725,51.525991427396725,0.9724602103233337,0.9701345447504084,ok,True,True,33.9344575259733,0.09291314811453333,1.0,0.0,0.9804841750435145
967,1767153338245,48.46856131521857,49.64617382160345,49.9822169094615,49.9822169094615,49.9822169094615,0.9754443168640137,0.9733204080185716,ok,True,True,30.261467144061534,1.1776125063848752,1.0,0.0,0.9804841750435145
968,1767153338279,44.13058655540785,46.33682146188609,46.85625002381149,46.85625002381149,46.85625002381149,0.9658554792404175,0.9688414507516792,ok,True,True,24.584052011963394,2.2062349064782367,1.0,0.0,0.9804841750435145
969,1767153338329,37.877076214802635,41.26097431363601,41.976900791290035,41.976900791290035,41.976900791290035,0.968372106552124,0.9685598442319461,ok,True,True,16.75889160369458,3.3838980988333773,1.0,0.0,0.9804841750435145
970,1767153338362,31.496480766101094,35.402278185115065,36.19839477591806,36.19839477591806,36.19839477591806,0.9721916913986206,0.9707389525319507,ok,True,True,8.057243849121493,3.9057974190139717,1.0,0.0,0.9804841750435145
971,1767153338548,21.79998242414091,27.240900728530573,28.27058903020653,28.27058903020653,28.27058903020653,0.9424117803573608,0.9537426492271968,ok,True,True,-3.1973701128251246,5.440918304389662,1.0,0.0,0.9804841750435145
972,1767153338579,15.449842112369657,20.166265558834024,21.058865002736333,21.058865002736333,21.058865002736333,0.9739341735839844,0.9658575638412694,ok,True,True,-12.953586773165632,4.716423446464367,1.0,0.0,0.9804841750435145
973,1767153338608,3.3465430944291725,10.074432080191112,11.252174956496084,11.252174956496084,11.252174956496084,0.9576426148414612,0.9609285944413845,ok,True,True,-25.826454608675377,6.72788898576194,1.0,0.0,0.9804841750435145
974,1767153338638,1.665642532539877,5.029158351600372,5.627606894968038,5.627606894968038,5.627606894968038,0.9609271883964539,0.960927750814426,ok,True,True,-32.36756741021903,3.3635158190604946,1.0,0.0,0.9804841750435145
975,1767153338666,0.43672401980534814,2.2736977525233577,2.5276012150942657,2.5276012150942657,2.5276012150942657,0.9617710113525391,0.9614337071372938,ok,True,True,-35.14276204939869,1.8369737327180096,1.0,0.0,0.9804841750435145
976,1767153338698,1.6566192139928797,1.903450629405071,1.8423712590446404,1.8423712590446404,1.8423712590446404,0.9612802863121033,0.9613416546421795,ok,True,True,-34.475157364246364,0.24683141541219134,1.0,0.0,0.9804841750435145
977,1767153338729,5.635586589702834,4.142732205583728,3.757742272003048,3.757742272003048,3.757742272003048,0.9517509341239929,0.9555872223312676,ok,True,True,-30.26717221511568,1.4928543841191058,1.0,0.0,0.9804841750435145
978,1767153338760,11.803927148430379,8.739449171291719,8.070858478932456,8.070858478932456,8.070858478932456,0.9704666137695312,0.9645148571942257,ok,True,True,-22.959397494545783,3.06447797713866,1.0,0.0,0.9804841750435145
979,1767153338793,17.553154676328177,14.027672474313594,13.27744007251528,13.27744007251528,13.27744007251528,0.9659326672554016,0.9653655432309313,ok,True,True,-14.759269309889344,3.525482202014583,1.0,0.0,0.9804841750435145
980,1767153338832,23.49726864283116,19.70943017542413,18.93667130571818,18.93667130571818,18.93667130571818,0.9657102227210999,0.9655723509250325,ok,True,True,-6.312924187724697,3.7878384674070276,1.0,0.0,0.9804841750435145
981,1767153338865,31.578874584374827,26.831096820794546,25.92654300882572,25.92654300882572,25.92654300882572,0.9664056897163391,0.9660723541998164,ok,True,True,3.5739551183200273,4.747777763580281,1.0,0.0,0.9804841750435145
982,1767153338898,38.65721394489874,33.92676709525706,33.04718678515516,33.04718678515516,33.04718678515516,0.9800724387168884,0.9744724049100596,ok,True,True,13.187871118544274,4.73044684964168,1.0,0.0,0.9804841750435145
983,1767153339003,43.57580189552051,39.71618797541513,39.02094647383445,39.02094647383445,39.02094647383445,0.9779053926467896,0.9765321975520975,ok,True,True,20.78694231113623,3.8596139201053816,1.0,0.0,0.9804841750435145
984,1767153339040,47.286282439432384,44.258244653825486,43.75106053195307,43.75106053195307,43.75106053195307,0.9537724852561951,0.962876370174556,ok,True,True,26.330524276680656,3.028037785606898,1.0,0.0,0.9804841750435145
985,1767153339076,48.39979443215181,46.74317452082128,46.5071906240324,46.5071906240324,46.5071906240324,0.9714623689651489,0.9680279694489118,ok,True,True,28.909855959163437,1.6566199113305302,1.0,0.0,0.9804841750435145
986,1767153339122,48.46252661173173,47.77478577536755,47.74086487639507,47.74086487639507,47.74086487639507,0.9640869498252869,0.9656633576747369,ok,True,True,29.280615365243904,0.6877408363641848,1.0,0.0,0.9804841750435145
987,1767153339157,41.59939627222202,44.06955207348023,44.588224200287556,44.588224200287556,44.588224200287556,0.9629855155944824,0.9640566524265842,ok,True,True,23.611468157747183,2.4701558012582083,1.0,0.0,0.9804841750435145
988,1767153339194,36.468656883686045,39.50901495960372,40.163726898677744,40.163726898677744,40.163726898677744,0.972806453704834,0.9693065331935341,ok,True,True,16.455389839131357,3.0403580759176734,1.0,0.0,0.9804841750435145
989,1767153339228,31.62339345409778,34.77764205630015,35.439981138344564,35.439981138344564,35.439981138344564,0.9681147336959839,0.968591453495004,ok,True,True,9.215945952872804,3.1542486022023724,1.0,0.0,0.9804841750435145
990,1767153339264,24.13355053647419,28.391187144404576,29.21216292912093,29.21216292912093,29.21216292912093,0.9575075507164001,0.9619411118278417,ok,True,True,0.24258429182472518,4.257636607930387,1.0,0.0,0.9804841750435145
991,1767153339309,16.12317708542192,21.030381109014982,21.944422764029127,21.944422764029127,21.944422764029127,0.9456126689910889,0.95214404612579,ok,True,True,-9.747998252018098,4.907204023593064,1.0,0.0,0.9804841750435145
992,1767153339344,3.930725381302435,10.770587672387455,11.98139451519683,11.98139451519683,11.98139451519683,0.9580152630805969,0.9556667762986741,ok,True,True,-22.982259121179048,6.839862291085019,1.0,0.0,0.9804841750435145
993,1767153339380,1.2953301372404196,5.085433151299234,5.769567648265473,5.769567648265473,5.769567648265473,0.9632485508918762,0.9602158410545955,ok,True,True,-30.459929450028365,3.790103014058814,1.0,0.0,0.9804841750435145
994,1767153339415,1.3574013731051164,2.8486140843827634,3.061293754764984,3.061293754764984,3.061293754764984,0.9538390040397644,0.9563897388456968,ok,True,True,-32.78454320334574,1.491212711277647,1.0,0.0,0.9804841750435145
995,1767153339450,1.3826839070466719,1.9690559779811085,1.9689912094413904,1.9689912094413904,1.9689912094413904,0.9477168917655945,0.9511860305976354,ok,True,True,-32.78383527560662,0.5863720709344367,1.0,0.0,0.9804841750435145
996,1767153339482,0.7567414720444386,1.2416672744191066,1.2008784204387042,1.2008784204387042,1.2008784204387042,0.9584512710571289,0.9555451748733316,ok,True,True,-32.33800831539696,0.484925802374668,1.0,0.0,0.9804841750435145
997,1767153339514,1.375131906683134,1.321746053777523,1.1879521662702268,1.1879521662702268,1.1879521662702268,0.9582054018974304,0.9571413110877909,ok,True,True,-30.875625425437118,0.05338585290561104,1.0,0.0,0.9804841750435145
998,1767153339557,2.2377554124394483,1.871351668974678,1.6802160025255883,1.6802160025255883,1.6802160025255883,0.96128910779953,0.9596299891148343,ok,True,True,-28.786490163103267,0.3664037434647702,1.0,0.0,0.9804841750435145
999,1767153339589,5.154086219492411,3.8409923992853177,3.4927440493736235,3.4927440493736235,3.4927440493736235,0.9678966999053955,0.964590015589171,ok,True,True,-24.980094834767826,1.3130938202070936,1.0,0.0,0.9804841750435145
1000,1767153339620,7.0866396641198195,5.788380758186019,5.439241737019858,5.439241737019858,5.439241737019858,0.9642202258110046,0.9643681417222711,ok,True,True,-21.163964365108818,1.2982589059338006,1.0,0.0,0.9804841750435145
1001,1767153339652,12.362344125083139,9.73275877832429,9.174840350744415,9.174840350744415,9.174840350744415,0.9758223295211792,0.9712406544016159,ok,True,True,-15.065850484968962,2.629585346758848,1.0,0.0,0.9804841750435145
1002,1767153339688,17.35371059975626,14.30532987118347,13.676686244794656,13.676686244794656,13.676686244794656,0.9718291163444519,0.9715937315673175,ok,True,True,-8.194701882883702,3.0483807285727877,1.0,0.0,0.9804841750435145
1003,1767153339721,23.536609162228736,19.84409744581063,19.125288864664828,19.125288864664828,19.125288864664828,0.9669138193130493,0.9687857842147566,ok,True,True,-0.33803974526094294,3.6925117164181067,1.0,0.0,0.9804841750435145
1004,1767153339774,30.913654850678206,26.485831888731173,25.663090622152527,25.663090622152527,25.663090622152527,0.9699317812919617,0.9694733824610797,ok,True,True,8.654618839705375,4.427822961947033,1.0,0.0,0.9804841750435145
1005,1767153339811,38.97108749425456,33.97698525204521,33.08129845515756,33.08129845515756,33.08129845515756,0.9833287596702576,0.9777866087865865,ok,True,True,18.44458063044867,4.994102242209351,1.0,0.0,0.9804841750435145
1006,1767153339842,46.01205192451662,41.19802525552806,40.36076439508878,40.36076439508878,40.36076439508878,0.9804134964942932,0.9793627414112106,ok,True,True,27.595940080054948,4.814026668988561,1.0,0.0,0.9804841750435145
1007,1767153339876,50.81800931872723,46.97001569344756,46.33504375082331,46.33504375082331,46.33504375082331,0.9767940044403076,0.9778214992286689,ok,True,True,34.53625792116428,3.8479936252796705,1.0,0.0,0.9804841750435145
1008,1767153339906,51.808959357297155,49.87338189175732,49.60696296430409,49.60696296430409,49.60696296430409,0.9704132676124573,0.9733765602589419,ok,True,True,37.44824806008455,1.9355774655398363,1.0,0.0,0.9804841750435145
1009,1767153339945,51.073932472599374,50.59371224026255,50.622900176820416,50.622900176820416,50.622900176820416,0.9713538885116577,0.9721629572105714,ok,True,True,37.12922048856612,0.4802202323368263,1.0,0.0,0.9804841750435145
1010,1767153339981,49.702594957575286,50.05904187065019,50.260100681967955,50.260100681967955,50.260100681967955,0.9717297554016113,0.9719030361251955,ok,True,True,34.93162408842614,0.3564469130749046,1.0,0.0,0.9804841750435145
1011,1767153340019,44.24378609814777,46.56988840714874,47.111692793347586,47.111692793347586,47.111692793347586,0.9716350436210632,0.9717422406227161,ok,True,True,29.009638571418268,2.326102309000966,1.0,0.0,0.9804841750435145
1012,1767153340055,38.393698559306486,41.66417449844339,42.3800744290327,42.3800744290327,42.3800744290327,0.9653580188751221,0.9679117075741597,ok,True,True,21.184768325681762,3.270475939136901,1.0,0.0,0.9804841750435145
1013,1767153340091,30.69947460292508,35.085354561132405,35.97830381792876,35.97830381792876,35.97830381792876,0.9456949234008789,0.9545816370701912,ok,True,True,11.424728169361913,4.385879958207326,1.0,0.0,0.9804841750435145
1014,1767153340128,23.589346723367115,28.187749858473232,29.099727941185005,29.099727941185005,29.099727941185005,0.9554024934768677,0.9550741509141971,ok,True,True,1.456700712925599,4.598403135106118,1.0,0.0,0.9804841750435145
1015,1767153340161,15.408438299113243,20.52016292285724,21.4831164993747,21.4831164993747,21.4831164993747,0.9599639773368835,0.9580080467678089,ok,True,True,-9.068494872320963,5.111724623743996,1.0,0.0,0.9804841750435145
1016,1767153340199,9.494365661301442,13.904684565923763,14.716749314063991,14.716749314063991,14.716749314063991,0.9623478651046753,0.9606119377699287,ok,True,True,-17.94445785796229,4.41031890462232,1.0,0.0,0.9804841750435145
1017,1767153340235,3.2966504649345953,7.539864105330262,8.274093195362088,8.274093195362088,8.274093195362088,0.9543958306312561,0.9568822734867252,ok,True,True,-25.969667967166814,4.243213640395667,1.0,0.0,0.9804841750435145
1018,1767153340268,-2.8679830616510302,1.295155805141487,1.9774371595213207,1.9774371595213207,1.9774371595213207,0.971596896648407,0.9657110473837343,ok,True,True,-33.42708323009717,4.163138866792517,1.0,0.0,0.9804841750435145
1019,1767153340300,-3.389525126330836,-1.5156527537419069,-1.2501574515856009,-1.2501574515856009,-1.2501574515856009,0.9735022187232971,0.970385750187472,ok,True,True,-36.328978036142985,1.873872372588929,1.0,0.0,0.9804841750435145
1020,1767153340331,-4.333881506645655,-3.206590005484156,-3.1233911620372883,-3.1233911620372883,-3.1233911620372883,0.9717094302177429,0.9711799582056346,ok,True,True,-37.23835115765059,1.127291501161499,1.0,0.0,0.9804841750435145
1021,1767153340365,-5.356913178418977,-4.496783909245049,-4.482039099831669,-4.482039099831669,-4.482039099831669,0.9793046116828918,0.976054750291989,ok,True,True,-37.39951365470914,0.8601292691739282,1.0,0.0,0.9804841750435145
1022,1767153340397,-3.9102970478989874,-4.144891792437412,-4.321653754242014,-4.321653754242014,-4.321653754242014,0.9799609780311584,0.9783984869354907,ok,True,True,-35.46748467076404,0.23459474453842466,1.0,0.0,0.9804841750435145
1023,1767153340428,-2.7945895725776806,-3.334710460521573,-3.5768062513332177,-3.5768062513332177,-3.5768062513332177,0.9771206974983215,0.9776318132731892,ok,True,True,-32.82134926943684,0.5401208879438926,1.0,0.0,0.9804841750435145
1024,1767153340458,-0.3093262565950734,-1.5194799381656734,-1.8711931332193248,-1.8711931332193248,-1.8711931332193248,0.9736670851707458,0.9752529764117231,ok,True,True,-28.9770827771315,1.2101536815706,1.0,0.0,0.9804841750435145
1025,1767153340492,4.176883810199191,1.8983383108532457,1.369833561341916,1.369833561341916,1.369833561341916,0.9667366147041321,0.9701431593871686,ok,True,True,-23.200463849710506,2.2785454993459457,1.0,0.0,0.9804841750435145
1026,1767153340523,9.899403464665204,6.69897740314042,6.017900187423586,6.017900187423586,6.017900187423586,0.9680493474006653,0.9688868721952666,ok,True,True,-15.756209963661549,3.2004260615247837,1.0,0.0,0.9804841750435145
1027,1767153340557,15.729013243007785,12.11699890706084,11.377684013411628,11.377684013411628,11.377684013411628,0.9524823427200317,0.9590441545101256,ok,True,True,-7.675411424145821,3.612014335946945,1.0,0.0,0.9804841750435145
1028,1767153340594,22.785834575098615,18.518300307883504,17.692807683982,17.692807683982,17.692807683982,0.9653250575065613,0.962812696307987,ok,True,True,1.3473198192062625,4.267534267215112,1.0,0.0,0.9804841750435145
1029,1767153340625,30.919017115776516,25.95873039261931,25.041212858510377,25.041212858510377,25.041212858510377,0.9775437712669373,0.9716513412833572,ok,True,True,11.375894129418116,4.960286723157207,1.0,0.0,0.9804841750435145
1030,1767153340661,36.983422838450615,32.573545860118095,31.77521006491336,31.77521006491336,31.77521006491336,0.9813731908798218,0.9774844510412359,ok,True,True,20.101798048505806,4.40987697833252,1.0,0.0,0.9804841750435145
1031,1767153340693,41.898838259239305,38.16872129959082,37.52994752180543,37.52994752180543,37.52994752180543,0.9765763282775879,0.9769395773830472,ok,True,True,27.083670394037462,3.730116959648484,1.0,0.0,0.9804841750435145
1032,1767153340730,45.292899183657575,42.44322803003087,41.99563152419226,41.99563152419226,41.99563152419226,0.9721734523773193,0.9740799023796105,ok,True,True,31.97595272426347,2.8496711536267014,1.0,0.0,0.9804841750435145
1033,1767153340761,46.12761362262139,44.65385938558518,44.47614151409402,44.47614151409402,44.47614151409402,0.9768350720405579,0.9757330041761789,ok,True,True,33.918429913249994,1.4737542370362107,1.0,0.0,0.9804841750435145
1034,1767153340797,45.28182406592505,45.0306381937891,45.094936609018696,45.094936609018696,45.094936609018696,0.9644362926483154,0.9689549772594608,ok,True,True,33.215640689951826,0.2511858721359488,1.0,0.0,0.9804841750435145
1035,1767153340832,45.59948511013594,45.3719463435972,45.464599551208956,45.464599551208956,45.464599551208956,0.9568365812301636,0.9616839396418825,ok,True,True,32.202930258737744,0.22753876653873562,1.0,0.0,0.9804841750435145
1036,1767153340867,44.093815095494676,44.60506759473569,44.82079862674318,44.82079862674318,44.82079862674318,0.9739100933074951,0.9690196318412501,ok,True,True,29.844964764806363,0.5112524992410101,1.0,0.0,0.9804841750435145
1037,1767153340899,39.268443198066386,41.403092956734106,41.895560405296266,41.895560405296266,41.895560405296266,0.9707819223403931,0.9700770061407358,ok,True,True,24.462237765411764,2.13464975866772,1.0,0.0,0.9804841750435145
1038,1767153340941,33.148156121104094,36.45013085535609,37.14888036799484,37.14888036799484,37.14888036799484,0.9786864519119263,0.9752426736034501,ok,True,True,16.824823600321764,3.301974734251999,1.0,0.0,0.9804841750435145
1039,1767153340977,28.02047431566811,31.3923369315433,32.097395934865034,32.097395934865034,32.097395934865034,0.9753947854042053,0.9753339406839032,ok,True,True,9.11844596170494,3.371862615875191,1.0,0.0,0.9804841750435145
1040,1767153341011,20.83778631085165,25.059606559128312,25.8789914372997,25.8789914372997,25.8789914372997,0.9675754904747009,0.9706788705583818,ok,True,True,0.16247309587186365,4.221820248276661,1.0,0.0,0.9804841750435145
1041,1767153341045,14.161955925563666,18.521016178989527,19.34281772111167,19.34281772111167,19.34281772111167,0.9638303518295288,0.96656975932107,ok,True,True,-8.81991419051664,4.359060253425861,1.0,0.0,0.9804841750435145
1042,1767153341079,7.843753563579457,12.114658609743485,12.888555443396918,12.888555443396918,12.888555443396918,0.9749897122383118,0.971621731071415,ok,True,True,-17.278697392157024,4.270905046164027,1.0,0.0,0.9804841750435145
1043,1767153341113,3.6992169135370787,7.065393592019641,7.65101526653966,7.65101526653966,7.65101526653966,0.9700769782066345,0.9706948793525467,ok,True,True,-23.67961101207862,3.366176678482562,1.0,0.0,0.9804841750435145
1044,1767153341146,1.3182677578270867,3.6171180915041083,3.979233618727732,3.979233618727732,3.979233618727732,0.9704344868659973,0.9705386438606172,ok,True,True,-27.637576215621543,2.298850333677022,1.0,0.0,0.9804841750435145
1045,1767153341177,-0.123807976736134,1.372562450559963,1.5606659509746996,1.5606659509746996,1.5606659509746996,0.9780881404876709,0.9750683418368494,ok,True,True,-29.693569547402596,1.496370427296097,1.0,0.0,0.9804841750435145
1046,1767153341208,0.23361888978474463,0.689196314094832,0.6759914899905066,0.6759914899905066,0.6759914899905066,0.9707171320915222,0.9724576159896531,ok,True,True,-29.549239270475397,0.4555774243100873,1.0,0.0,0.9804841750435145
1047,1767153341240,0.6263114140154176,0.6514653740471833,0.5442731745416307,0.5442731745416307,0.5442731745416307,0.9766497015953064,0.974972867353045,ok,True,True,-28.377615951842596,0.025153960031765732,1.0,0.0,0.9804841750435145
1048,1767153341271,0.1612714159824481,0.3573489992083422,0.2726401505591445,0.2726401505591445,0.2726401505591445,0.9763926863670349,0.9758247587614389,ok,True,True,-27.451738296288045,0.19607758322589408,1.0,0.0,0.9804841750435145
1049,1767153341302,1.6686254002633751,1.1441148398413619,0.944726369662878,0.944726369662878,0.944726369662878,0.9702445864677429,0.9724766553852213,ok,True,True,-25.27239892079989,0.5245105604220133,1.0,0.0,0.9804841750435145
1050,1767153341332,3.706297632294977,2.681424515313531,2.393579179779717,2.393579179779717,2.393579179779717,0.9644274711608887,0.9676471448506216,ok,True,True,-22.126215627363223,1.0248731169814458,1.0,0.0,0.9804841750435145
1051,1767153341366,7.167694352953136,5.373186417897294,4.958328949513659,4.958328949513659,4.958328949513659,0.9706118702888489,0.9694259801135581,ok,True,True,-17.591774818150604,1.794507935055842,1.0,0.0,0.9804841750435145
1052,1767153341398,12.697620756138967,9.767847020842298,9.165628884290332,9.165628884290332,9.165628884290332,0.9774765372276306,0.9742563143820016,ok,True,True,-11.009459920774798,2.929773735296669,1.0,0.0,0.9804841750435145
1053,1767153341431,19.1161256374112,15.376814190783639,14.642648639346799,14.642648639346799,14.642648639346799,0.9689539670944214,0.9710749060094535,ok,True,True,-2.984944295869136,3.7393114466275623,1.0,0.0,0.9804841750435145
1054,1767153341485,25.79732403513415,21.629120097393944,20.838280561173207,20.838280561173207,20.838280561173207,0.9826971292495728,0.9780482399535251,ok,True,True,5.659024632905089,4.168203937740206,1.0,0.0,0.9804841750435145
1055,1767153341520,31.370183043126396,27.473757864833416,26.754248929128877,26.754248929128877,26.754248929128877,0.9787081480026245,0.9784441847829847,ok,True,True,13.523341728035135,3.8964251782929793,1.0,0.0,0.9804841750435145
1056,1767153341553,36.03117536490967,32.60820836487917,32.0051787590984,32.0051787590984,32.0051787590984,0.9751864671707153,0.9764895542156231,ok,True,True,20.114526079300358,3.4229670000305035,1.0,0.0,0.9804841750435145
1057,1767153341591,41.22795739893836,37.78005778531468,37.21037467035269,37.21037467035269,37.21037467035269,0.9778919219970703,0.9773309748844915,ok,True,True,26.341229373006563,3.447899613623676,1.0,0.0,0.9804841750435145
1058,1767153341621,47.2611780729271,43.46872995788213,42.86825246336202,42.86825246336202,42.86825246336202,0.9672331809997559,0.9712722985536502,ok,True,True,32.90451884872557,3.7924481150449694,1.0,0.0,0.9804841750435145
1059,1767153341654,50.91949004202936,47.93918600837047,47.4956492125696,47.4956492125696,47.4956492125696,0.9751033782958984,0.9735709463989992,ok,True,True,37.75242807186874,2.9803040336588893,1.0,0.0,0.9804841750435145
1060,1767153341685,52.89124032263799,50.91041859693098,50.669755571928555,50.669755571928555,50.669755571928555,0.9743654131889343,0.9740476264729603,ok,True,True,40.38290317477908,1.9808217257070098,1.0,0.0,0.9804841750435145
1061,1767153341738,52.30546602351153,51.74744705287931,51.77740280039549,51.77740280039549,51.77740280039549,0.9778996706008911,0.9763588529497188,ok,True,True,40.05548333939061,0.5580189706322187,1.0,0.0,0.9804841750435145
1062,1767153341775,51.04709241042454,51.32723426740645,51.526490894546086,51.526490894546086,51.526490894546086,0.97920823097229,0.9780684797632615,ok,True,True,37.87758502378771,0.2801418569819134,1.0,0.0,0.9804841750435145
1063,1767153341809,47.6514107370698,49.12174014920446,49.531038408510604,49.531038408510604,49.531038408510604,0.9791871309280396,0.9787396704621284,ok,True,True,33.40390702211513,1.4703294121346602,1.0,0.0,0.9804841750435145
1064,1767153341843,41.34538123411906,44.45592480015322,45.14660960109943,45.14660960109943,45.14660960109943,0.9800023436546326,0.9794972743776309,ok,True,True,25.854641102145717,3.11054356603416,1.0,0.0,0.9804841750435145
1065,1767153341891,25.30556466899609,32.96570872145894,34.42135995840597,34.42135995840597,34.42135995840597,0.983090877532959,0.9816534362708277,ok,True,True,9.944202274780482,7.660144052462847,1.0,0.0,0.9804841750435145
1066,1767153341924,16.576595968740218,23.132241069827707,24.42917350681435,24.42917350681435,24.42917350681435,0.9710752367973328,0.9753065165867307,ok,True,True,-4.231421444799096,6.555645101087489,1.0,0.0,0.9804841750435145
1067,1767153341955,9.851108594760477,15.163561584787368,16.18192135705992,16.18192135705992,16.18192135705992,0.970958948135376,0.9726979755159179,ok,True,True,-15.36221325106581,5.312452990026891,1.0,0.0,0.9804841750435145
1068,1767153341997,3.6171334514426716,8.23570470478055,9.065402605856372,9.065402605856372,9.065402605856372,0.9702749252319336,0.9712441453455273,ok,True,True,-24.4309086673845,4.618571253337879,1.0,0.0,0.9804841750435145
1069,1767153342027,-1.7468558478648706,2.246168373193298,2.9163503462820275,2.9163503462820275,2.9163503462820275,0.9782524108886719,0.975449104671414,ok,True,True,-31.7560762730499,3.9930242210581683,1.0,0.0,0.9804841750435145
1070,1767153342059,-1.2076004916170096,0.1739070543071135,0.3618418938579224,0.3618418938579224,0.3618418938579224,0.9727596044540405,0.9738354045409898,ok,True,True,-33.81022612179739,1.381507545924123,1.0,0.0,0.9804841750435145
1071,1767153342090,-0.44158971501676464,-0.19539100728721337,-0.2589815015227186,-0.2589815015227186,-0.2589815015227186,0.9651987552642822,0.9686534149749653,ok,True,True,-33.11517455803278,0.24619870772955127,1.0,0.0,0.9804841750435145
1072,1767153342125,-0.9342341709995619,-0.6386969055146224,-0.7195137479815796,-0.7195137479815796,-0.7195137479815796,0.9684717059135437,0.9685443895381124,ok,True,True,-32.23183698674191,0.2955372654849394,1.0,0.0,0.9804841750435145
1073,1767153342163,0.46224219454972343,0.02186655452398506,-0.1807855362803672,-0.1807855362803672,-0.1807855362803672,0.9673490524291992,0.9678271872727645,ok,True,True,-30.016825854856588,0.44037564002573837,1.0,0.0,0.9804841750435145
1074,1767153342194,1.9159390438276125,1.1583100481061614,0.8971894220007268,0.8971894220007268,0.8971894220007268,0.9658634066581726,0.9666489189040094,ok,True,True,-27.162746771375552,0.757628995721451,1.0,0.0,0.9804841750435145
1075,1767153342230,5.219743793429291,3.5951702953000395,3.1930071609783077,3.1930071609783077,3.1930071609783077,0.9677470922470093,0.9673078229098093,ok,True,True,-22.767056523025072,1.624573498129252,1.0,0.0,0.9804841750435145
1076,1767153342260,9.672366424816769,7.241487973010077,6.704953311447558,6.704953311447558,6.704953311447558,0.9627792239189148,0.9645906635152726,ok,True,True,-16.902669714646873,2.4308784518066915,1.0,0.0,0.9804841750435145
1077,1767153342295,14.116684154739017,11.366605682047442,10.783453921513466,10.783453921513466,10.783453921513466,0.9636859893798828,0.9640478590340387,ok,True,True,-10.528752544414859,2.750078472691575,1.0,0.0,0.9804841750435145
1078,1767153342325,19.517375945919884,16.257067840370908,15.607008307957312,15.607008307957312,15.607008307957312,0.9697149991989136,0.9674481431329636,ok,True,True,-3.4235255765154458,3.260308105548976,1.0,0.0,0.9804841750435145
1079,1767153342362,34.28619774666339,27.074545784146395,25.781958999180617,25.781958999180617,25.781958999180617,0.9727457761764526,0.970626722959057,ok,True,True,10.704599656553064,7.211651962516996,1.0,0.0,0.9804841750435145
1080,1767153342400,47.593650003695714,39.38600831587598,37.907532780750714,37.907532780750714,37.907532780750714,0.9641222953796387,0.966724066411406,ok,True,True,26.864510741231815,8.20764168781973,1.0,0.0,0.9804841750435145
1081,1767153342436,50.866890416970676,46.2745375765328,45.44066802619817,45.44066802619817,45.44066802619817,0.9748005270957947,0.9715699428220392,ok,True,True,35.978802773454746,4.592352840437876,1.0,0.0,0.9804841750435145
1082,1767153342477,51.29523367046698,49.286955232893305,48.9915337942084,48.9915337942084,48.9915337942084,0.9764087796211243,0.9744732449014902,ok,True,True,39.207793763320176,2.008278437573672,1.0,0.0,0.9804841750435145
1083,1767153342510,50.61540995433219,50.08402806575664,50.107960069567284,50.107960069567284,50.107960069567284,0.9791809320449829,0.9772978571875859,ok,True,True,38.94621415346518,0.5313818885755524,1.0,0.0,0.9804841750435145
1084,1767153342541,50.76081182434525,50.49009832090981,50.59233746877439,50.59233746877439,50.59233746877439,0.9825705289840698,0.9804614602654762,ok,True,True,37.828728270464076,0.270713503435438,1.0,0.0,0.9804841750435145
1085,1767153342574,47.82891722963287,48.89338966614365,49.22373404450409,49.22373404450409,49.22373404450409,0.9688506722450256,0.9734949874532058,ok,True,True,34.21802545205328,1.0644724365107763,1.0,0.0,0.9804841750435145
1086,1767153342620,41.149862588481916,44.24727341954661,44.92997661062108,44.92997661062108,44.92997661062108,0.9703721404075623,0.9716212792258196,ok,True,True,26.755999464551778,3.0974108310646926,1.0,0.0,0.9804841750435145
1087,1767153342655,34.49056154341124,38.39324629386539,39.22232523572185,39.22232523572185,39.22232523572185,0.9769803285598755,0.9748367088262532,ok,True,True,17.69406934513003,3.9026847504541493,1.0,0.0,0.9804841750435145
1088,1767153342694,26.714915068650647,31.386247558736542,32.326629665538135,32.326629665538135,32.326629665538135,0.9671168923377991,0.9702048189331808,ok,True,True,7.415582572436131,4.671332490085895,1.0,0.0,0.9804841750435145
1089,1767153342729,18.68479951619141,23.765378733209467,24.7484566517181,24.7484566517181,24.7484566517181,0.9672030210494995,0.968403740202972,ok,True,True,-3.3295744321838736,5.080579217018055,1.0,0.0,0.9804841750435145
1090,1767153342764,11.523232973578905,16.42009127743113,17.337203402629374,17.337203402629374,17.337203402629374,0.9771695733070374,0.9736632400654113,ok,True,True,-13.35371757543086,4.896858303852225,1.0,0.0,0.9804841750435145
1091,1767153342821,5.8892395455965865,10.101580238330405,10.85944339269314,10.85944339269314,10.85944339269314,0.9761587977409363,0.9751605746707263,ok,True,True,-21.637250781016398,4.212340692733818,1.0,0.0,0.9804841750435145
1092,1767153342853,2.076502387934282,5.286533528092732,5.828010732043658,5.828010732043658,5.828010732043658,0.96847003698349,0.9711462520583845,ok,True,True,-27.555660157662604,3.2100311401584496,1.0,0.0,0.9804841750435145
1093,1767153342891,0.8837173807443224,2.644843839683686,2.8975926959458285,2.8975926959458285,2.8975926959458285,0.9777714014053345,0.9751213416665545,ok,True,True,-30.318234814404832,1.7611264589393636,1.0,0.0,0.9804841750435145
1094,1767153342924,-0.054569812063726464,1.0251956486352385,1.1213768384437308,1.1213768384437308,1.1213768384437308,0.9810298681259155,0.9786664575421711,ok,True,True,-31.36950650500616,1.0797654606989648,1.0,0.0,0.9804841750435145
1095,1767153342959,-0.14459609341415328,0.3233206034056035,0.2956875311864132,0.2956875311864132,0.2956875311864132,0.9785820245742798,0.9786157977614363,ok,True,True,-31.0674737831588,0.4679166968197568,1.0,0.0,0.9804841750435145
1096,1767153342991,0.4242408045925591,0.38387272411777684,0.25845306540737567,0.25845306540737567,0.25845306540737567,0.9703897833824158,0.973680189134024,ok,True,True,-29.696622196589182,0.04036808047478224,1.0,0.0,0.9804841750435145
1097,1767153343031,1.4527554355339296,1.0252023509674684,0.8291504589786327,0.8291504589786327,0.8291504589786327,0.9704286456108093,0.9717292630200952,ok,True,True,-27.553752012231215,0.42755308456646124,1.0,0.0,0.9804841750435145
1098,1767153343068,2.5691928226103125,1.9515966339531747,1.7238186277388947,1.7238186277388947,1.7238186277388947,0.9691150188446045,0.9701607165148007,ok,True,True,-25.064111676615994,0.6175961886571377,1.0,0.0,0.9804841750435145
1099,1767153343104,6.215665278205042,4.510037820504294,4.105834095321661,4.105834095321661,4.105834095321661,0.9690144062042236,0.9694729303284545,ok,True,True,-20.64611753071095,1.7056274577007473,1.0,0.0,0.9804841750435145
1100,1767153343137,10.342333458589703,8.00941520335554,7.49694262098203,7.49694262098203,7.49694262098203,0.9669950008392334,0.9679861726349219,ok,True,True,-15.044732071336439,2.332918255234164,1.0,0.0,0.9804841750435145
1101,1767153343173,14.739005767649145,12.047169541931703,11.483365498569128,11.483365498569128,11.483365498569128,0.9736729860305786,0.9713982606723159,ok,True,True,-8.882287720067804,2.6918362257174415,1.0,0.0,0.9804841750435145
1102,1767153343220,20.350481130620548,17.02915649514501,16.37716673936957,16.37716673936957,16.37716673936957,0.967359185218811,0.968974815400213,ok,True,True,-1.7559631843291914,3.3213246354755377,1.0,0.0,0.9804841750435145
1103,1767153343257,26.564886592631012,22.75059455363661,22.03274668147578,22.03274668147578,22.03274668147578,0.9822118282318115,0.9769170230991722,ok,True,True,6.090198291357317,3.8142920389944024,1.0,0.0,0.9804841750435145
1104,1767153343289,33.69237142888448,29.31566067878533,28.52549772438718,28.52549772438718,28.52549772438718,0.9814671874046326,0.9796471216824484,ok,True,True,14.726772101419915,4.3767107500991465,1.0,0.0,0.9804841750435145
1105,1767153343320,40.361052127374705,35.94289554793896,35.16985323441311,35.16985323441311,35.16985323441311,0.9790980219841003,0.9793176618634396,ok,True,True,23.17621529779555,4.418156579435745,1.0,0.0,0.9804841750435145
1106,1767153343355,49.709658434323224,44.20295327976952,43.28102199307907,43.28102199307907,43.28102199307907,0.9758286476135254,0.977224253313491,ok,True,True,33.253032441637416,5.506705154553707,1.0,0.0,0.9804841750435145
1107,1767153343395,52.1745991678968,48.985940812645886,48.47294374950066,48.47294374950066,48.47294374950066,0.9585152864456177,0.965998873192767,ok,True,True,38.8601505373899,3.188658355250915,1.0,0.0,0.9804841750435145
1108,1767153343426,51.134003635308424,50.27477850624341,50.21825026734862,50.21825026734862,50.21825026734862,0.9729865193367004,0.9701914608791271,ok,True,True,39.478010821588555,0.8592251290650168,1.0,0.0,0.9804841750435145
1109,1767153343459,51.247754922367136,50.85856435591764,50.93396782580677,50.93396782580677,50.93396782580677,0.9735919237136841,0.9722317385798613,ok,True,True,38.65384204778383,0.3891905664494928,1.0,0.0,0.9804841750435145
1110,1767153343502,47.98606090843034,49.135062287425264,49.47963218771446,49.47963218771446,49.47963218771446,0.9781596660614014,0.9757884950687854,ok,True,True,34.887652605455145,1.1490013789949245,1.0,0.0,0.9804841750435145
1111,1767153343541,42.021256529972455,44.866778832953585,45.51139228248675,45.51139228248675,45.51139228248675,0.9841411113739014,0.9808000648518549,ok,True,True,27.841951962487464,2.8455223029811307,1.0,0.0,0.9804841750435145
1112,1767153343591,36.85519975769679,40.059831387799505,40.7718384552113,40.7718384552113,40.7718384552113,0.9830334782600403,0.9821401128967662,ok,True,True,20.059631168073622,3.2046316301027176,1.0,0.0,0.9804841750435145
1113,1767153343631,29.544846163781944,33.75084025338897,34.60905467112039,34.60905467112039,34.60905467112039,0.9654154181480408,0.9721052960475309,ok,True,True,10.679246878553455,4.205994089607028,1.0,0.0,0.9804841750435145
1114,1767153343672,20.889092785163143,26.033791772453476,27.030575043176874,27.030575043176874,27.030575043176874,0.979938268661499,0.9768050796159118,ok,True,True,-0.21571123397330183,5.144698987290333,1.0,0.0,0.9804841750435145
1115,1767153343704,14.176398982575519,18.919356098526702,19.82381752817215,19.82381752817215,19.82381752817215,0.9686625599861145,0.9719195678380335,ok,True,True,-10.101580790383275,4.742957115951183,1.0,0.0,0.9804841750435145
1116,1767153343738,5.664231315587061,10.966281228762918,11.917258906631568,11.917258906631568,11.917258906631568,0.9712654948234558,0.9715271240292869,ok,True,True,-20.495878398134728,5.302049913175857,1.0,0.0,0.9804841750435145
1117,1767153343769,2.75638932477226,6.040346086368524,6.61999811351038,6.61999811351038,6.61999811351038,0.9749033451080322,0.9735528566765341,ok,True,True,-26.83154307172874,3.283956761596264,1.0,0.0,0.9804841750435145
1118,1767153343801,1.1150246917267839,3.08515324958348,3.37984548711009,3.37984548711009,3.37984548711009,0.9675753712654114,0.9699663654298605,ok,True,True,-30.052563807368816,1.9701285578566963,1.0,0.0,0.9804841750435145
1119,1767153343841,1.4270131146600429,2.090269168629418,2.1223921896106432,2.1223921896106432,2.1223921896106432,0.9693236351013184,0.9695807272327353,ok,True,True,-30.40367219604018,0.6632560539693753,1.0,0.0,0.9804841750435145
1120,1767153343879,1.621761617185529,1.8091646377630846,1.7310146926425674,1.7310146926425674,1.7310146926425674,0.9630226492881775,0.9656458804660006,ok,True,True,-29.549484125682238,0.18740302057755565,1.0,0.0,0.9804841750435145
1121,1767153343920,2.1774715982741886,2.030148814069747,1.8868331507158271,1.8868331507158271,1.8868331507158271,0.9677596092224121,0.9669141177198475,ok,True,True,-27.983027108424345,0.14732278420444178,1.0,0.0,0.9804841750435145
1122,1767153343957,3.9515652240103414,3.1829986600341034,2.9342354699368665,2.9342354699368665,2.9342354699368665,0.9667107462882996,0.9667920948609188,ok,True,True,-25.264016250546486,0.768566563976238,1.0,0.0,0.9804841750435145
1123,1767153343989,6.636732403497197,5.255238906111959,4.902212547694067,4.902212547694067,4.902212547694067,0.965165376663208,0.9658160639422922,ok,True,True,-21.405396728582126,1.3814934973852377,1.0,0.0,0.9804841750435145
1124,1767153344020,11.341117117019214,8.906765832656312,8.380199428902884,8.380199428902884,8.380199428902884,0.9555104970932007,0.9596327238328373,ok,True,True,-15.64996414774238,2.4343512843629025,1.0,0.0,0.9804841750435145
1125,1767153344055,15.55611036710468,12.896372553325333,12.334117539117006,12.334117539117006,12.334117539117006,0.9694817066192627,0.9655421135046925,ok,True,True,-9.504450866894286,2.659737813779346,1.0,0.0,0.9804841750435145
1126,1767153344092,27.199582221357495,21.47829835414463,20.422390696273368,20.422390696273368,20.422390696273368,0.966605544090271,0.9661801718560397,ok,True,True,2.0367437348718305,5.721283867212865,1.0,0.0,0.9804841750435145
1127,1767153344128,36.72516051856025,30.626415652794,29.495158313816596,29.495158313816596,29.495158313816596,0.9739487171173096,0.9708412990128016,ok,True,True,14.40151919273307,6.09874486576625,1.0,0.0,0.9804841750435145
1128,1767153344169,44.42301679170708,38.90437633614185,37.907824136647726,37.907824136647726,37.907824136647726,0.9745967388153076,0.9730945628943053,ok,True,True,25.29395166960973,5.518640455565226,1.0,0.0,0.9804841750435145
1129,1767153344201,50.5759717302115,45.90733357258364,45.108636040623644,45.108636040623644,45.108636040623644,0.9702815413475037,0.9714067499662242,ok,True,True,34.023809413878936,4.668638157627861,1.0,0.0,0.9804841750435145
1130,1767153344239,54.76502724997683,51.22194977901955,50.666240685134966,50.666240685134966,50.666240685134966,0.9757440686225891,0.9740091411600432,ok,True,True,40.09777501748394,3.5430774709572788,1.0,0.0,0.9804841750435145
1131,1767153344272,53.81848113439679,52.7798685922459,52.69314647020659,52.69314647020659,52.69314647020659,0.9672062993049622,0.9699274360469946,ok,True,True,41.04565798743185,1.0386125421508936,1.0,0.0,0.9804841750435145
1132,1767153344305,52.62375352741772,52.68619955334899,52.839673473681685,52.839673473681685,52.839673473681685,0.9711613655090332,0.9706677937242179,ok,True,True,39.368170029416206,0.062446025931272686,1.0,0.0,0.9804841750435145
1133,1767153344358,50.675417896338054,51.479730559142425,51.77796687499034,51.77796687499034,51.77796687499034,0.9772505164146423,0.9746174273384725,ok,True,True,36.108412101858626,0.8043126628043709,1.0,0.0,0.9804841750435145
1134,1767153344399,45.983131326473,48.18177101954077,48.717460474257074,48.717460474257074,48.717460474257074,0.9722123146057129,0.9731743596988167,ok,True,True,30.253263503486977,2.1986396930677685,1.0,0.0,0.9804841750435145
1135,1767153344432,40.61242913795343,43.640165890588364,44.31937303662277,44.31937303662277,44.31937303662277,0.9721154570579529,0.9725390181142984,ok,True,True,22.829449698502756,3.0277367526349366,1.0,0.0,0.9804841750435145
1136,1767153344469,34.672970514140296,38.25984866471953,39.02106076806237,39.02106076806237,39.02106076806237,0.9704784154891968,0.9713026565392374,ok,True,True,14.509312087595696,3.5868781505792313,1.0,0.0,0.9804841750435145
1137,1767153344502,19.496265978389236,27.001699052921353,28.397114442624936,28.397114442624936,28.397114442624936,0.9512955546379089,0.9592983953984403,ok,True,True,-0.7427418612656318,7.505433074532117,1.0,0.0,0.9804841750435145
1138,1767153344539,11.444074905841452,17.66712456467341,18.861896916356145,18.861896916356145,18.861896916356145,0.9684669375419617,0.9647995206845532,ok,True,True,-13.801743860909559,6.223049658831959,1.0,0.0,0.9804841750435145
1139,1767153344570,5.883796817785117,10.597127916540435,11.468183576244357,11.468183576244357,11.468183576244357,0.9753381013870239,0.9711226691060356,ok,True,True,-23.32248443199308,4.713331098755318,1.0,0.0,0.9804841750435145
1140,1767153344605,0.7249012269805108,4.673791902804481,5.3453248618743165,5.3453248618743165,5.3453248618743165,0.9777915477752686,0.9751239963075754,ok,True,True,-30.66241847295797,3.9488906758239706,1.0,0.0,0.9804841750435145
1141,1767153344638,0.642875238252645,2.2552419040733795,2.486044194389732,2.486044194389732,2.486044194389732,0.9745543003082275,0.9747821787079667,ok,True,True,-33.18511458868129,1.6123666658207345,1.0,0.0,0.9804841750435145
1142,1767153344832,-0.30710203730992175,0.7178355392433988,0.7917232339249332,0.7917232339249332,0.7917232339249332,0.9767205715179443,0.9759452143939533,ok,True,True,-33.99271576160453,1.0249375765533206,1.0,0.0,0.9804841750435145
1143,1767153344858,0.05520431803032052,0.32025680651555183,0.24641532479297001,0.24641532479297001,0.24641532479297001,0.9773116111755371,0.9767650524629036,ok,True,True,-33.18561970174531,0.26505248848523133,1.0,0.0,0.9804841750435145
1144,1767153344887,1.8176653343784968,1.2187019232333187,0.9867309376253489,0.9867309376253489,0.9867309376253489,0.9690902829170227,0.972160190735375,ok,True,True,-30.650149609348773,0.598963411145178,1.0,0.0,0.9804841750435145
1145,1767153344920,2.55456585082553,2.0202202797886453,1.7908511658569557,1.7908511658569557,1.7908511658569557,0.9764268398284912,0.9747201801912447,ok,True,True,-28.143118279680134,0.5343455710368845,1.0,0.0,0.9804841750435145
1146,1767153344949,24.64707506652147,15.59633315182834,13.950854647943522,13.950854647943522,13.950854647943522,0.9850759506225586,0.980933642450033,ok,True,True,-10.157845150168509,9.05074191469313,1.0,0.0,0.9804841750435145
1147,1767153344980,38.056404613085064,29.072376028582376,27.346928160672988,27.346928160672988,27.346928160672988,0.9701470136642456,0.9744616651785606,ok,True,True,8.701502511814759,8.984028584502688,1.0,0.0,0.9804841750435145
1148,1767153345015,45.682660566194635,39.03854675114973,37.76605877032557,37.76605877032557,37.76605877032557,0.9765259623527527,0.9757002434830758,ok,True,True,22.609945457202073,6.6441138150449035,1.0,0.0,0.9804841750435145
1149,1767153345051,52.649719994421126,47.20525069711257,46.23589031414361,46.23589031414361,46.23589031414361,0.9776750206947327,0.9768851098100699,ok,True,True,33.20516818874441,5.444469297308558,1.0,0.0,0.9804841750435145
1150,1767153345086,55.22717059033612,52.018402633046705,51.496567573785434,51.496567573785434,51.496567573785434,0.9768373966217041,0.9768564818970504,ok,True,True,38.90888661910428,3.2087679572894174,1.0,0.0,0.9804841750435145
1151,1767153345115,53.75136948428641,53.058182743790525,53.02864585606879,53.02864585606879,53.02864585606879,0.9880770444869995,0.9835888194510198,ok,True,True,39.23172826778997,0.6931867404958822,1.0,0.0,0.9804841750435145
1152,1767153345149,53.43714534739469,53.28556030595303,53.40283740449914,53.40283740449914,53.40283740449914,0.9840372204780579,0.9838578600672427,ok,True,True,37.949875819271966,0.1515850414416633,1.0,0.0,0.9804841750435145
1153,1767153345182,50.021365237760435,51.327043265037474,51.6998967999764,51.6998967999764,51.6998967999764,0.985492467880249,0.9848386247550465,ok,True,True,33.874542931392455,1.3056780272770396,1.0,0.0,0.9804841750435145
1154,1767153345291,45.57480604654307,47.875700933940834,48.42852617870021,48.42852617870021,48.42852617870021,0.9823940992355347,0.9833719094433393,ok,True,True,27.832098137119697,2.3008948873977673,1.0,0.0,0.9804841750435145
1155,1767153345335,39.44082306633396,42.81477421337671,43.54484618347111,43.54484618347111,43.54484618347111,0.9772356152534485,0.9796901329294048,ok,True,True,19.852325836631742,3.373951147042746,1.0,0.0,0.9804841750435145
1156,1767153345365,31.670969906920735,36.128491629503124,37.030059125178845,37.030059125178845,37.030059125178845,0.9760242104530334,0.977490579443582,ok,True,True,9.998087318087897,4.457521722582388,1.0,0.0,0.9804841750435145
1157,1767153345398,22.935317054136107,28.212586884282914,29.23386820819439,29.23386820819439,29.23386820819439,0.9691590070724487,0.972491636020902,ok,True,True,-1.1646373904099985,5.277269830146807,1.0,0.0,0.9804841750435145
1158,1767153345436,4.673827273999284,14.089331118112737,15.775225637057067,15.775225637057067,15.775225637057067,0.9622712731361389,0.9663594182900441,ok,True,True,-19.591662306976694,9.415503844113452,1.0,0.0,0.9804841750435145
1159,1767153345466,2.1487406623401495,6.924976844649185,7.839836063285157,7.839836063285157,7.839836063285157,0.9686987400054932,0.9677630113193135,ok,True,True,-29.591180917139795,4.776236182309036,1.0,0.0,0.9804841750435145
1160,1767153345498,2.1032562400592973,4.031944481895253,4.346844038533118,4.346844038533118,4.346844038533118,0.9653266668319702,0.9663012046269076,ok,True,True,-33.03307002181241,1.9286882418359554,1.0,0.0,0.9804841750435145
1161,1767153345532,1.6647919267150646,2.61165294878714,2.68242131016724,2.68242131016724,2.68242131016724,0.9751486778259277,0.9716096885463197,ok,True,True,-33.80657651572537,0.9468610220720752,1.0,0.0,0.9804841750435145
1162,1767153345562,2.805787683314581,2.7281337895036044,2.597264311096754,2.597264311096754,2.597264311096754,0.976563572883606,0.9745820191486914,ok,True,True,-32.37615776038641,0.07765389381097654,1.0,0.0,0.9804841750435145
1163,1767153345593,5.0339841254308775,4.111643991059968,3.82218332082712,3.82218332082712,3.82218332082712,0.9685863256454468,0.9709846030467446,ok,True,True,-29.212318669144352,0.9223401343709092,1.0,0.0,0.9804841750435145
1164,1767153345634,6.565655091095465,5.584050651081266,5.278738931957346,5.278738931957346,5.278738931957346,0.9688715934753418,0.9697167973039029,ok,True,True,-25.875225753545365,0.9816044400141992,1.0,0.0,0.9804841750435145
1165,1767153345668,11.381394452291419,9.062456931807358,8.543908441464081,8.543908441464081,8.543908441464081,0.966347336769104,0.9676951209830236,ok,True,True,-20.207429907108356,2.318937520484061,1.0,0.0,0.9804841750435145
1166,1767153345702,16.270923868789858,13.387537093996857,12.771781203705203,12.771781203705203,12.771781203705203,0.9722423553466797,0.9704234616012173,ok,True,True,-13.477145772824574,2.883386774793001,1.0,0.0,0.9804841750435145
1167,1767153345736,21.699852324952513,18.37492623257025,17.69944154817114,17.69944154817114,17.69944154817114,0.9754765033721924,0.9734552866638024,ok,True,True,-6.094018910311433,3.324926092382263,1.0,0.0,0.9804841750435145
1168,1767153345783,28.055027303632794,24.182986875207774,23.436710691889495,23.436710691889495,23.436710691889495,0.9787623286247253,0.9766395118403561,ok,True,True,2.06286734213169,3.87204042842502,1.0,0.0,0.9804841750435145
1169,1767153345818,35.08363496008845,30.723375726136183,29.917811602132534,29.917811602132534,29.917811602132534,0.9781758189201355,0.9775612960882237,ok,True,True,10.867777743170628,4.36025923395227,1.0,0.0,0.9804841750435145
1170,1767153345853,41.69348592058693,37.30544184280663,36.52136550007739,36.52136550007739,36.52136550007739,0.9776414036750793,0.9776093606403371,ok,True,True,19.437824173483094,4.3880440777803,1.0,0.0,0.9804841750435145
1171,1767153345885,49.41737188144035,44.57259986598687,43.746343457958126,43.746343457958126,43.746343457958126,0.980221152305603,0.9791764356394966,ok,True,True,28.468903666969062,4.844772015453486,1.0,0.0,0.9804841750435145
1172,1767153345917,54.9305160615961,50.78734958335241,50.10743865079644,50.10743865079644,50.10743865079644,0.9680430889129639,0.9724964276035769,ok,True,True,35.900409941216964,4.1431664782436926,1.0,0.0,0.9804841750435145
1173,1767153345955,55.22433140602897,53.44953867695835,53.21009611483849,53.21009611483849,53.21009611483849,0.9754089713096619,0.9742439538272278,ok,True,True,38.51754524161048,1.7747927290706258,1.0,0.0,0.9804841750435145
1174,1767153345990,54.69031762080969,54.194006043269155,54.22748888269829,54.22748888269829,54.22748888269829,0.9736916422843933,0.9739125669015272,ok,True,True,38.15157387774106,0.49631157754053135,1.0,0.0,0.9804841750435145
1175,1767153346029,53.492405989324226,53.77304601090219,53.965696732423226,53.965696732423226,53.965696732423226,0.9812296628952026,0.9783028244977324,ok,True,True,36.04587888569286,0.2806400215779661,1.0,0.0,0.9804841750435145
1176,1767153346065,50.61651919030645,51.87912991854475,52.246102478274544,52.246102478274544,52.246102478274544,0.9786009788513184,0.9784817171098841,ok,True,True,32.03482574692856,1.2626107282383003,1.0,0.0,0.9804841750435145
1177,1767153346101,45.102449688949385,47.813121780787526,48.4270471669008,48.4270471669008,48.4270471669008,0.97969651222229,0.9792105941773277,ok,True,True,25.324549238107647,2.7106720918381413,1.0,0.0,0.9804841750435145
1178,1767153346147,30.58517157154757,37.47635165524355,38.792732048772145,38.792732048772145,38.792732048772145,0.9613790512084961,0.9685116683960288,ok,True,True,10.936357071482329,6.8911800836959785,1.0,0.0,0.9804841750435145
1179,1767153346184,20.906352037135523,27.534351884378733,28.831544710514862,28.831544710514862,28.831544710514862,0.9639400839805603,0.9657687177467477,ok,True,True,-3.242112732055416,6.62799984724321,1.0,0.0,0.9804841750435145
1180,1767153346217,13.604832099658088,19.176640013546347,20.242127789159817,20.242127789159817,20.242127789159817,0.9732383489608765,0.970250496475225,ok,True,True,-14.8880191448842,5.571807913888259,1.0,0.0,0.9804841750435145
1181,1767153346256,6.043578524106824,11.296803119882634,12.239771970106084,12.239771970106084,12.239771970106084,0.9592286944389343,0.9636374152534506,ok,True,True,-25.194779326709984,5.25322459577581,1.0,0.0,0.9804841750435145
1182,1767153346292,1.810757035720222,5.605175469385187,6.251908928732907,6.251908928732907,6.251908928732907,0.9739024043083191,0.9697964086863717,ok,True,True,-32.263651925714704,3.7944184336649647,1.0,0.0,0.9804841750435145
1183,1767153346325,0.9225348925063744,2.7955911232579,3.0613106354884416,3.0613106354884416,3.0613106354884416,0.9622368216514587,0.965260656465424,ok,True,True,-35.16799737418094,1.8730562307515255,1.0,0.0,0.9804841750435145
1184,1767153346358,0.8257497432506807,1.6136862952535684,1.644417982846662,1.644417982846662,1.644417982846662,0.9765666127204895,0.9720442302184633,ok,True,True,-35.50389832565961,0.7879365520028877,1.0,0.0,0.9804841750435145
1185,1767153346390,0.847491917813287,1.1539696687893997,1.0766247656720689,1.0766247656720689,1.0766247656720689,0.9735068082809448,0.9729217770559523,ok,True,True,-34.65850945886091,0.30647775097611263,1.0,0.0,0.9804841750435145
1186,1767153346424,3.897178177252228,2.7998947738670963,2.4786297717494303,2.4786297717494303,2.4786297717494303,0.98106449842453,0.9778074098770989,ok,True,True,-31.147045288166517,1.0972834033851315,1.0,0.0,0.9804841750435145
1187,1767153346456,7.374598472502124,5.544716993048112,5.086648395461568,5.086648395461568,5.086648395461568,0.9712961912155151,0.9739006786801486,ok,True,True,-26.140301766330108,1.829881479454012,1.0,0.0,0.9804841750435145
1188,1767153346487,10.402720724814738,8.459519232108088,7.98583777406423,7.98583777406423,7.98583777406423,0.9713401794433594,0.9723643791380752,ok,True,True,-20.96290784766702,1.9432014927066508,1.0,0.0,0.9804841750435145
1189,1767153346518,15.40415653330591,12.62630161282678,12.030409676359575,12.030409676359575,12.030409676359575,0.9629968404769897,0.9667438559414239,ok,True,True,-14.44973905954016,2.7778549204791307,1.0,0.0,0.9804841750435145
1190,1767153346549,21.281641625977464,17.81950562071719,17.119649370212166,17.119649370212166,17.119649370212166,0.9769705533981323,0.972879874415449,ok,True,True,-6.8002281197060235,3.462136005260273,1.0,0.0,0.9804841750435145
1191,1767153346581,28.201159085400917,24.048497699527427,23.249895603720176,23.249895603720176,23.249895603720176,0.9815357327461243,0.9780733894138541,ok,True,True,1.9285864962151127,4.15266138587349,1.0,0.0,0.9804841750435145
1192,1767153346616,35.51297250282592,30.92718258150652,30.077522996427884,30.077522996427884,30.077522996427884,0.9827528595924377,0.9808810715210043,ok,True,True,11.215465461008021,4.585789921319396,1.0,0.0,0.9804841750435145
1193,1767153346650,42.62028993476,37.94304699345861,37.106928122897415,37.106928122897415,37.106928122897415,0.9743238687515259,0.9769467498593172,ok,True,True,20.354342827244658,4.677242941301394,1.0,0.0,0.9804841750435145
1194,1767153346682,49.77256878133943,45.040760066187104,44.23101616436564,44.23101616436564,44.23101616436564,0.975492000579834,0.9760739002916272,ok,True,True,29.204938690291506,4.731808715152326,1.0,0.0,0.9804841750435145
1195,1767153346714,54.73007769578302,50.85435064394465,50.223792746127074,50.223792746127074,50.223792746127074,0.9655982255935669,0.9697884954727911,ok,True,True,36.09701050371561,3.8757270518383677,1.0,0.0,0.9804841750435145
1196,1767153346747,57.088296135025885,54.59471793859339,54.24118330256619,54.24118330256619,54.24118330256619,0.963360607624054,0.9659317627635489,ok,True,True,39.961185559591456,2.4935781964324946,1.0,0.0,0.9804841750435145
1197,1767153346784,56.299675336028265,55.61769237705432,55.61272929015279,55.61272929015279,55.61272929015279,0.9492866396903992,0.955944688919659,ok,True,True,40.015432681798615,0.681982958973947,1.0,0.0,0.9804841750435145
1198,1767153346816,56.39629955985764,56.08485668673631,56.181030191251594,56.181030191251594,56.181030191251594,0.9651433825492859,0.9614639050974352,ok,True,True,38.96424499235382,0.31144287312132946,1.0,0.0,0.9804841750435145
1199,1767153346853,53.73035147414222,54.67215355917985,54.985509143360915,54.985509143360915,54.985509143360915,0.9793570041656494,0.9721997645383638,ok,True,True,35.53923168780522,0.9418020850376294,1.0,0.0,0.9804841750435145
1200,1767153346885,48.794078968635674,51.14530880485334,51.70611324825992,51.70611324825992,51.70611324825992,0.9767954349517822,0.9749571667864148,ok,True,True,29.409573316031633,2.3512298362176693,1.0,0.0,0.9804841750435145
1201,1767153346920,42.44259952742401,45.92368323839574,46.67844930132313,46.67844930132313,46.67844930132313,0.9724394679069519,0.973446547458737,ok,True,True,21.15989168325016,3.481083710971731,1.0,0.0,0.9804841750435145
1202,1767153346965,35.83430034782216,39.87005350405159,40.708633337151824,40.708633337151824,40.708633337151824,0.9663521647453308,0.9691899178306933,ok,True,True,11.99411570769006,4.035753156229433,1.0,0.0,0.9804841750435145
1203,1767153347003,26.154089957939803,31.640475376384515,32.697160481489206,32.697160481489206,32.697160481489206,0.9582943916320801,0.9626526021115254,ok,True,True,0.4444235164362311,5.486385418444712,1.0,0.0,0.9804841750435145
1204,1767153347037,19.214974080525735,24.185174598869246,25.136820024519025,25.136820024519025,25.136820024519025,0.9652089476585388,0.9641864094397334,ok,True,True,-9.957172652917158,4.9702005183435105,1.0,0.0,0.9804841750435145
1205,1767153347071,12.682867342947793,17.283790245316375,18.123195798797575,18.123195798797575,18.123195798797575,0.9606806039810181,0.9620829261645042,ok,True,True,-19.131973849132038,4.600922902368582,1.0,0.0,0.9804841750435145
1206,1767153347105,6.198089922716686,10.632370051756562,11.397219101427229,11.397219101427229,11.397219101427229,0.959475040435791,0.9605181947272763,ok,True,True,-27.491863710164985,4.434280129039876,1.0,0.0,0.9804841750435145
1207,1767153347136,2.7927814604662657,5.928616896982383,6.436672290318312,6.436672290318312,6.436672290318312,0.972795844078064,0.9678847843377489,ok,True,True,-33.04496877504147,3.1358354365161176,1.0,0.0,0.9804841750435145
1208,1767153347173,0.0811937743803352,2.420163023421155,2.745496820991897,2.745496820991897,2.745496820991897,0.9683759212493896,0.9681794664847334,ok,True,True,-36.60090535747442,2.3389692490408196,1.0,0.0,0.9804841750435145
1209,1767153347206,1.2600242481740462,1.7240797582728897,1.7019132640207444,1.7019132640207444,1.7019132640207444,0.9578843712806702,0.9620024093622954,ok,True,True,-36.35862297426044,0.4640555100988435,1.0,0.0,0.9804841750435145
1210,1767153347239,1.1272262874435202,1.3659676757752681,1.2681995221606477,1.2681995221606477,1.2681995221606477,0.9603343605995178,0.9610015801046288,ok,True,True,-35.29000558304225,0.23874138833174796,1.0,0.0,0.9804841750435145
1211,1767153347268,1.3016407128866636,1.3273714980421054,1.1894811812754817,1.1894811812754817,1.1894811812754817,0.958771288394928,0.9596634050788082,ok,True,True,-33.78284824059896,0.025730785155441804,1.0,0.0,0.9804841750435145
1212,1767153347300,2.825276901908765,2.2261147403621013,1.9847404048076138,1.9847404048076138,1.9847404048076138,0.9704105854034424,0.9661117132735887,ok,True,True,-31.14459842988874,0.5991621615466638,1.0,0.0,0.9804841750435145
1213,1767153347329,5.869037657257289,4.411868490499214,4.025120922682219,4.025120922682219,4.025120922682219,0.9544195532798767,0.9590964172773615,ok,True,True,-26.917402132312624,1.4571691667580753,1.0,0.0,0.9804841750435145
1214,1767153347362,8.657777590588376,6.959413950552711,6.531789602472212,6.531789602472212,6.531789602472212,0.9591507911682129,0.9591290416118723,ok,True,True,-22.243417829935193,1.698363640035665,1.0,0.0,0.9804841750435145
1215,1767153347394,13.186512201286611,10.695672900993051,10.148206631307279,10.148206631307279,10.148206631307279,0.9669663310050964,0.9638314152478067,ok,True,True,-16.259547262044315,2.49083930029356,1.0,0.0,0.9804841750435145
1216,1767153347451,18.69237450590156,15.493693863938157,14.836614310989816,14.836614310989816,14.836614310989816,0.9688027501106262,0.9668142161654983,ok,True,True,-9.0775906459641,3.1986806419634046,1.0,0.0,0.9804841750435145
1217,1767153347486,24.94120651447032,21.162201454257456,20.422454891650865,20.422454891650865,20.422454891650865,0.9750418066978455,0.9717507704849067,ok,True,True,-0.9920739140917494,3.7790050602128638,1.0,0.0,0.9804841750435145
1218,1767153347518,33.21010666289905,28.39094457944241,27.49791942960733,27.49791942960733,27.49791942960733,0.968070387840271,0.9695425408981253,ok,True,True,8.768795762046741,4.819162083456639,1.0,0.0,0.9804841750435145
1219,1767153347549,41.52611772988176,36.27204846970602,35.32542133103182,35.32542133103182,35.32542133103182,0.974640965461731,0.9726015956362887,ok,True,True,19.115541465906375,5.25406926017574,1.0,0.0,0.9804841750435145
1220,1767153347586,48.99030453668128,43.903002109891176,43.016803114762716,43.016803114762716,43.016803114762716,0.9722762107849121,0.9724063647254627,ok,True,True,28.801800470113847,5.087302426790103,1.0,0.0,0.9804841750435145
1221,1767153347631,54.44318214468173,50.2271101307655,49.52954258289726,49.52954258289726,49.52954258289726,0.96834397315979,0.9699689297860591,ok,True,True,36.42629562156938,4.216072013916225,1.0,0.0,0.9804841750435145
1222,1767153347664,54.65806356750666,52.885682192810194,52.64662913019966,52.64662913019966,52.64662913019966,0.9616290330886841,0.9649649917676341,ok,True,True,39.03917364662173,1.7723813746964652,1.0,0.0,0.9804841750435145
1223,1767153347722,53.770301211225146,53.41645360385917,53.475770318433256,53.475770318433256,53.475770318433256,0.9694647192955017,0.9676648282843547,ok,True,True,38.390834996045875,0.353847607365978,1.0,0.0,0.9804841750435145
1224,1767153347756,50.99330308667846,51.962563293550744,52.2742689698151,52.2742689698151,52.2742689698151,0.9816288948059082,0.9760432681972868,ok,True,True,34.98385537862879,0.9692602068722849,1.0,0.0,0.9804841750435145
1225,1767153347788,45.5146601684575,48.0938214184948,48.69053350910758,48.69053350910758,48.69053350910758,0.9688316583633423,0.9717163022969201,ok,True,True,28.461722209453097,2.579161250037295,1.0,0.0,0.9804841750435145
1226,1767153347822,40.22506439480114,43.3725672042786,44.071969938335606,44.071969938335606,44.071969938335606,0.9746667742729187,0.9734865854825192,ok,True,True,20.81716825761189,3.1475028094774657,1.0,0.0,0.9804841750435145
1227,1767153347861,32.30385512460118,36.73133995647215,37.62804552503491,37.62804552503491,37.62804552503491,0.9696316719055176,0.9711736373363182,ok,True,True,11.016071172915904,4.42748483187097,1.0,0.0,0.9804841750435145
1228,1767153347896,23.681010995663968,28.90114257998724,29.916102908120124,29.916102908120124,29.916102908120124,0.960537314414978,0.9647918435835141,ok,True,True,-0.07756431001011599,5.220131584323273,1.0,0.0,0.9804841750435145
1229,1767153347929,17.300283358219385,21.94062704692653,22.83045261612856,22.83045261612856,22.83045261612856,0.9691727757453918,0.9674204028806408,ok,True,True,-9.803462194387455,4.640343688707144,1.0,0.0,0.9804841750435145
1230,1767153347962,11.446132452363637,15.643930290188793,16.409521183940647,16.409521183940647,16.409521183940647,0.9693734645843506,0.9685922399028666,ok,True,True,-18.171460498276517,4.197797837825156,1.0,0.0,0.9804841750435145
1231,1767153347995,3.8069564864555607,8.541746007948854,9.352238339701556,9.352238339701556,9.352238339701556,0.9624130129814148,0.9648847037499955,ok,True,True,-27.030236788293294,4.734789521493293,1.0,0.0,0.9804841750435145
1232,1767153348028,1.599490687650742,4.376392815769987,4.831170761994949,4.831170761994949,4.831170761994949,0.9645615220069885,0.9646907947041913,ok,True,True,-32.00101310461938,2.7769021281192448,1.0,0.0,0.9804841750435145
1233,1767153348063,0.7238782010560743,2.1848840469416393,2.361175980155559,2.361175980155559,2.361175980155559,0.9683409929275513,0.9668809136382073,ok,True,True,-33.9279046209147,1.461005845885565,1.0,0.0,0.9804841750435145
1234,1767153348094,1.3804596877615203,1.702229431433568,1.6495530418170363,1.6495530418170363,1.6495530418170363,0.9654750227928162,0.9660373791309725,ok,True,True,-33.35214550130714,0.3217697436720477,1.0,0.0,0.9804841750435145
1235,1767153348126,1.8147686767048106,1.7697529785963138,1.6322608037179334,1.6322608037179334,1.6322608037179334,0.9744418263435364,0.9710800474585108,ok,True,True,-31.849339896420705,0.045015698108496816,1.0,0.0,0.9804841750435145
1236,1767153348158,3.1856406574599085,2.6192855859144704,2.390640970533404,2.390640970533404,2.390640970533404,0.9793370366096497,0.9760342409491942,ok,True,True,-29.35022742092375,0.5663550715454382,1.0,0.0,0.9804841750435145
1237,1767153348192,3.723677578337093,3.2819207813680435,3.0732591485687815,3.0732591485687815,3.0732591485687815,0.979766309261322,0.9782734819364709,ok,True,True,-27.069531289868557,0.44175679696904924,1.0,0.0,0.9804841750435145
1238,1767153348224,6.65329048039777,5.304742600785879,4.954990344293835,4.954990344293835,4.954990344293835,0.9803280234336853,0.9795062068347995,ok,True,True,-23.24669808614002,1.3485478796118908,1.0,0.0,0.9804841750435145
1239,1767153348256,10.359598457898736,8.337656115053594,7.873646302404813,7.873646302404813,7.873646302404813,0.9783548712730408,0.9788154054977443,ok,True,True,-18.17501638652541,2.0219423428451417,1.0,0.0,0.9804841750435145
1240,1767153348292,14.94979508677633,12.304939498087235,11.742763894149599,11.742763894149599,11.742763894149599,0.9671242833137512,0.9718007321873484,ok,True,True,-12.030371069254038,2.6448555886890954,1.0,0.0,0.9804841750435145
1241,1767153348328,21.823029244124008,18.015793345709298,17.270927584904474,17.270927584904474,17.270927584904474,0.9592335224151611,0.964260406324036,ok,True,True,-3.888900900383316,3.80723589841471,1.0,0.0,0.9804841750435145
1242,1767153348362,30.645708268525613,25.59374229939909,24.650395395892016,24.650395395892016,24.650395395892016,0.9656084179878235,0.9650692133223084,ok,True,True,6.4219914481936105,5.051965969126524,1.0,0.0,0.9804841750435145
1243,1767153348402,44.809427476974776,37.1231534059445,35.75500500174969,35.75500500174969,35.75500500174969,0.9673285484313965,0.9664248143877613,ok,True,True,21.376014045909468,7.686274071030276,1.0,0.0,0.9804841750435145
1244,1767153348441,54.07235823642005,47.29267630422983,46.08452171106373,46.08452171106373,46.08452171106373,0.971329391002655,0.9693675603566975,ok,True,True,34.581285515251885,6.779681932190222,1.0,0.0,0.9804841750435145
1245,1767153348483,53.90736944308969,51.26149218754575,50.8123589214178,50.8123589214178,50.8123589214178,0.9767788052558899,0.973814307296213,ok,True,True,39.49036481576534,2.645877255543944,1.0,0.0,0.9804841750435145
1246,1767153348517,52.31088001463973,51.891124883802135,51.91764027930339,51.91764027930339,51.91764027930339,0.9688618183135986,0.9708428139066444,ok,True,True,39.20054843159426,0.4197551308375935,1.0,0.0,0.9804841750435145
1247,1767153348550,49.76706283282476,50.61668765321571,50.907716687427204,50.907716687427204,50.907716687427204,0.9760355949401855,0.9739584825267691,ok,True,True,36.01956693803227,0.8496248203909502,1.0,0.0,0.9804841750435145
1248,1767153348582,45.14688809595918,47.33480791886179,47.86756786276098,47.86756786276098,47.86756786276098,0.9736818075180054,0.9737924775215109,ok,True,True,30.19643823664336,2.1879198229026144,1.0,0.0,0.9804841750435145
1249,1767153348627,39.35350378054764,42.546025435873304,43.25228080154699,43.25228080154699,43.25228080154699,0.9757300615310669,0.9749550279272445,ok,True,True,22.476984217137392,3.1925216553256632,1.0,0.0,0.9804841750435145
1250,1767153348663,32.83345495527008,36.71848314751137,37.531315936303585,37.531315936303585,37.531315936303585,0.9780488014221191,0.9768112920241693,ok,True,True,13.592626457047183,3.8850281922412933,1.0,0.0,0.9804841750435145
1251,1767153348706,24.856628708268016,29.601370483965358,30.536970592861852,30.536970592861852,30.536970592861852,0.9685326814651489,0.9718441256887571,ok,True,True,3.3664074825803,4.744741775697342,1.0,0.0,0.9804841750435145
1252,1767153348743,18.76855545325217,23.101681465537446,23.9440310491167,23.9440310491167,23.9440310491167,0.9702003002166748,0.9708578304055078,ok,True,True,-5.84057230806166,4.333126012285277,1.0,0.0,0.9804841750435145
1253,1767153348777,12.49653868862062,16.73859579938735,17.521040291812643,17.521040291812643,17.521040291812643,0.9629559516906738,0.9661167031766074,ok,True,True,-14.392782423069074,4.242057110766732,1.0,0.0,0.9804841750435145
1254,1767153348812,6.748052567151206,10.744269860045666,11.447056571396134,11.447056571396134,11.447056571396134,0.9775148034095764,0.9729555633163888,ok,True,True,-22.074323643807013,3.9962172928944595,1.0,0.0,0.9804841750435145
1255,1767153348845,4.601025760601309,7.058323400379051,7.4660129059378315,7.4660129059378315,7.4660129059378315,0.9799491763114929,0.9771517311134513,ok,True,True,-26.530417778248218,2.4572976397777424,1.0,0.0,0.9804841750435145
1256,1767153348883,3.0839070513450015,4.673673590958622,4.88661770973968,4.88661770973968,4.88661770973968,0.9763784408569336,0.9766877569595407,ok,True,True,-28.857921983595528,1.58976653961362,1.0,0.0,0.9804841750435145
1257,1767153348914,0.9548923978691747,2.4424048751049536,2.6078370397826482,2.6078370397826482,2.6078370397826482,0.9676480889320374,0.9712639561430387,ok,True,True,-30.66611495549409,1.487512477235779,1.0,0.0,0.9804841750435145
1258,1767153348945,0.6417027815752008,1.361983618987102,1.3869443437927502,1.3869443437927502,1.3869443437927502,0.9750152230262756,0.9735147162729809,ok,True,True,-30.93893860653559,0.7202808374119012,1.0,0.0,0.9804841750435145
1259,1767153348979,0.1257988541531048,0.6202727600867037,0.5907387644055195,0.5907387644055195,0.5907387644055195,0.9677106142044067,0.9700322550318364,ok,True,True,-30.616128568192423,0.49447390593359897,1.0,0.0,0.9804841750435145
1260,1767153349023,1.1515260268172183,0.9390247201250124,0.7862552528721942,0.7862552528721942,0.7862552528721942,0.9642901420593262,0.9665869872483304,ok,True,True,-28.946340365001014,0.2125013066922059,1.0,0.0,0.9804841750435145
1261,1767153349059,1.9738089765981341,1.5598952740088854,1.365865540247693,1.365865540247693,1.365865540247693,0.9683604836463928,0.9676510850871678,ok,True,True,-26.825572607353205,0.41391370258924876,1.0,0.0,0.9804841750435145
1262,1767153349091,3.719631453332579,2.8557369816031017,2.5896609479104766,2.5896609479104766,2.5896609479104766,0.9665516018867493,0.9669913951669167,ok,True,True,-23.917330337471817,0.8638944717294774,1.0,0.0,0.9804841750435145
1263,1767153349125,7.255668835118036,5.495696093712063,5.08238641282416,5.08238641282416,5.08238641282416,0.9667787551879883,0.9668638111795597,ok,True,True,-19.399807027206464,1.7599727414059734,1.0,0.0,0.9804841750435145
1264,1767153349180,11.525549150250525,9.11360792763514,8.591526400180342,8.591526400180342,8.591526400180342,0.9727572798728943,0.9703998923955605,ok,True,True,-13.693394670570509,2.4119412226153845,1.0,0.0,0.9804841750435145
1265,1767153349219,19.647645078522594,15.434030218167612,14.619420672752874,14.619420672752874,14.619420672752874,0.9523051381111145,0.959543039824893,ok,True,True,-4.789616752109783,4.213614860354982,1.0,0.0,0.9804841750435145
1266,1767153349251,27.17958723713775,22.481364429549693,21.586102818068433,21.586102818068433,21.586102818068433,0.9688636064529419,0.9651353798017224,ok,True,True,4.995697712249992,4.698222807588056,1.0,0.0,0.9804841750435145
1267,1767153349282,34.98697625223915,29.98473152316337,29.065975894647764,29.065975894647764,29.065975894647764,0.959139347076416,0.9615377601665385,ok,True,True,15.037804539606011,5.002244729075784,1.0,0.0,0.9804841750435145
1268,1767153349316,43.10583068263829,37.85739101884832,36.93215669201733,36.93215669201733,36.93215669201733,0.9662153720855713,0.9643443273179582,ok,True,True,25.15072429976597,5.2484396637899735,1.0,0.0,0.9804841750435145
1269,1767153349347,50.99683195138411,45.741055578369796,44.85149216974824,44.85149216974824,44.85149216974824,0.9719828963279724,0.9689274687239666,ok,True,True,34.87375673823652,5.255776373014314,1.0,0.0,0.9804841750435145
1270,1767153349382,54.84763371970677,51.20500246317198,50.62564788249937,50.62564788249937,50.62564788249937,0.9713675379753113,0.9703915102747733,ok,True,True,41.206170287018985,3.6426312565347914,1.0,0.0,0.9804841750435145
1271,1767153349412,53.51731494638327,52.59238995309876,52.52618469678647,52.52618469678647,52.52618469678647,0.9622820019721985,0.9655258052932284,ok,True,True,41.92980150710152,0.9249249932845132,1.0,0.0,0.9804841750435145
1272,1767153349446,52.93681670230531,52.79904600262269,52.92458073779956,52.92458073779956,52.92458073779956,0.970658540725708,0.9686054465527161,ok,True,True,40.55769212125023,0.13777069968261912,1.0,0.0,0.9804841750435145
1273,1767153349504,50.18570458204887,51.2310411502784,51.57093426466452,51.57093426466452,51.57093426466452,0.9730309247970581,0.9712607334993213,ok,True,True,36.84262049762078,1.04533656822953,1.0,0.0,0.9804841750435145
1274,1767153349542,44.65542759132713,47.285673014907644,47.9009979873472,47.9009979873472,47.9009979873472,0.9658212065696716,0.9679970173415315,ok,True,True,30.11704634602473,2.6302454235805115,1.0,0.0,0.9804841750435145
1275,1767153349579,38.9334999125365,42.274369153484955,43.014378759043026,43.014378759043026,43.014378759043026,0.9711644053459167,0.9698974501441626,ok,True,True,22.02865452382705,3.3408692409484573,1.0,0.0,0.9804841750435145
1276,1767153349624,32.80083881975784,36.590250953248685,37.38917600336517,37.38917600336517,37.38917600336517,0.966617226600647,0.9679293160180532,ok,True,True,13.296309979410173,3.789412133490842,1.0,0.0,0.9804841750435145
1277,1767153349658,24.701439123932968,29.456963855659254,30.391714581777713,30.391714581777713,30.391714581777713,0.9538407325744629,0.959476165951899,ok,True,True,3.0793748583745977,4.755524731726286,1.0,0.0,0.9804841750435145
1278,1767153349691,16.42024542240103,21.634932795704323,22.623701590979785,22.623701590979785,22.623701590979785,0.9553029537200928,0.9569722386128153,ok,True,True,-7.727984097079839,5.214687373303292,1.0,0.0,0.9804841750435145
1279,1767153349729,9.795347934542026,14.531181879006944,15.405609097757432,15.405609097757432,15.405609097757432,0.9498379826545715,0.952691685037869,ok,True,True,-17.285576204164357,4.735833944464918,1.0,0.0,0.9804841750435145
1280,1767153349761,2.866358864312548,7.532288070190306,8.346695032928668,8.346695032928668,8.346695032928668,0.9568946957588196,0.9552134914704394,ok,True,True,-26.187139870201033,4.665929205877758,1.0,0.0,0.9804841750435145
1281,1767153349797,0.2178999240356756,3.143655182497528,3.626925969225496,3.626925969225496,3.626925969225496,0.9614003300666809,0.9589255946281843,ok,True,True,-31.46934627660261,2.9257552584618525,1.0,0.0,0.9804841750435145
1282,1767153349837,-0.624079148458973,0.8830145839236275,1.0721799688079436,1.0721799688079436,1.0721799688079436,0.9706944823265076,0.9659869272471783,ok,True,True,-33.536946130238725,1.5070937323826006,1.0,0.0,0.9804841750435145
1283,1767153349874,0.2134629801386806,0.48128362165265937,0.4224668431765915,0.4224668431765915,0.4224668431765915,0.9656691551208496,0.9657962639713811,ok,True,True,-32.89407183987722,0.2678206415139788,1.0,0.0,0.9804841750435145
1284,1767153349906,0.7598565285109818,0.6484273657676528,0.5008357646621824,0.5008357646621824,0.5008357646621824,0.9700355529785156,0.9683398373756618,ok,True,True,-31.28087832125218,0.11142916274332904,1.0,0.0,0.9804841750435145
1285,1767153349937,2.550186380295076,1.7894827744841066,1.5292899873062369,1.5292899873062369,1.5292899873062369,0.968485414981842,0.96842718393937,ok,True,True,-28.436940626122947,0.7607036058109693,1.0,0.0,0.9804841750435145
1286,1767153349972,4.4733889081862,3.3998264547053627,3.0852711363787133,3.0852711363787133,3.0852711363787133,0.9626564979553223,0.9649647723489414,ok,True,True,-24.998814086585185,1.0735624534808372,1.0,0.0,0.9804841750435145
1287,1767153350008,6.9731585018838524,5.543825683012456,5.1764343493568985,5.1764343493568985,5.1764343493568985,0.9656245708465576,0.965360651447511,ok,True,True,-20.983183699672953,1.429332818871396,1.0,0.0,0.9804841750435145
1288,1767153350038,10.609090342054891,8.582984478437917,8.124729774784978,8.124729774784978,8.124729774784978,0.9722720980644226,0.969507519417658,ok,True,True,-15.974406016692987,2.0261058636169746,1.0,0.0,0.9804841750435145
1289,1767153350073,17.93755379376693,14.195726067635325,13.458735848742144,13.458735848742144,13.458735848742144,0.9694682359695435,0.9694839493487892,ok,True,True,-7.919016445040281,3.7418277261316053,1.0,0.0,0.9804841750435145
1290,1767153350116,24.880175546540023,20.606395754978145,19.779210756323824,19.779210756323824,19.779210756323824,0.9640095829963684,0.9661993295373368,ok,True,True,1.1222126529449845,4.2737797915618785,1.0,0.0,0.9804841750435145
1291,1767153350151,32.65883362570738,27.837858477415686,26.942636711189724,26.942636711189724,26.942636711189724,0.9680898189544678,0.9673336231876153,ok,True,True,10.907091603988889,4.820975148291694,1.0,0.0,0.9804841750435145
1292,1767153350184,38.93449994911432,34.49584336043487,33.69343388726731,33.69343388726731,33.69343388726731,0.9740427732467651,0.9713591132231052,ok,True,True,19.677521301219556,4.43865658867945,1.0,0.0,0.9804841750435145
1293,1767153350221,45.03606795059408,40.8199781145304,40.09781476561433,40.09781476561433,40.09781476561433,0.9618821144104004,0.9656729139354824,ok,True,True,27.570851444223074,4.216089836063681,1.0,0.0,0.9804841750435145
1294,1767153350253,49.677427370366814,46.13444766803225,45.56329026634166,45.56329026634166,45.56329026634166,0.9734912514686584,0.970363916455388,ok,True,True,33.81366886486716,3.542979702334563,1.0,0.0,0.9804841750435145
1295,1767153350283,48.944952303143474,47.82075044909898,47.69459751014507,47.69459751014507,47.69459751014507,0.9669109582901001,0.9682921415562153,ok,True,True,35.19253529054209,1.1242018540444931,1.0,0.0,0.9804841750435145
1296,1767153350317,48.655550913260974,48.32163072759617,48.382573544882185,48.382573544882185,48.382573544882185,0.974964439868927,0.9722955205438424,ok,True,True,34.52642314651642,0.33392018566480175,1.0,0.0,0.9804841750435145
1297,1767153350355,48.05262656155857,48.160228227973604,48.31348904392923,48.31348904392923,48.31348904392923,0.9726034998893738,0.9724803081511613,ok,True,True,32.85126444434798,0.10760166641503588,1.0,0.0,0.9804841750435145
1298,1767153350388,45.40847237643565,46.50917471705083,46.83276144675454,46.83276144675454,46.83276144675454,0.968539834022522,0.9701160236739776,ok,True,True,29.314423518704366,1.100702340615186,1.0,0.0,0.9804841750435145
1299,1767153350422,34.68530429860008,39.41485246598038,40.351794466633194,40.351794466633194,40.351794466633194,0.959958016872406,0.9640212195930347,ok,True,True,19.07353750988206,4.729548167380301,1.0,0.0,0.9804841750435145
1300,1767153350479,22.383135937753085,29.195822549044003,30.511858006074803,30.511858006074803,30.511858006074803,0.9592529535293579,0.9611602599548287,ok,True,True,4.689115539652834,6.812686611290918,1.0,0.0,0.9804841750435145
1301,1767153350511,14.667687067107936,20.47894125988236,21.616123458684854,21.616123458684854,21.616123458684854,0.9498330354690552,0.9543639252633647,ok,True,True,-7.740419331325434,5.811254192774426,1.0,0.0,0.9804841750435145
1302,1767153350545,8.547831040394705,13.320275128189767,14.217348859731054,14.217348859731054,14.217348859731054,0.9521777033805847,0.9530521921336967,ok,True,True,-17.545540480577245,4.772444087795062,1.0,0.0,0.9804841750435145
1303,1767153350579,4.524568941091304,8.04285141593069,8.666691676859248,8.666691676859248,8.666691676859248,0.9627913236618042,0.9588956710505612,ok,True,True,-24.364187734550335,3.5182824748393857,1.0,0.0,0.9804841750435145
1304,1767153350625,1.8556207456424278,4.330513013757733,4.723818317353132,4.723818317353132,4.723818317353132,0.9753196239471436,0.9687500427885105,ok,True,True,-28.66306085367551,2.4748922681153047,1.0,0.0,0.9804841750435145
1305,1767153350659,1.2807319021389079,2.500644346786438,2.6421320852095453,2.6421320852095453,2.6421320852095453,0.9704493880271912,0.969769649931719,ok,True,True,-30.209538436949128,1.2199124446475302,1.0,0.0,0.9804841750435145
1306,1767153350693,1.4505829422786654,1.8706075040817745,1.8443286581198421,1.8443286581198421,1.8443286581198421,0.9688371419906616,0.9692101451670846,ok,True,True,-29.922307566999823,0.4200245618031091,1.0,0.0,0.9804841750435145
1307,1767153350723,2.0695308685728118,1.989961522776397,1.8623905989210428,1.8623905989210428,1.8623905989210428,0.9681059122085571,0.9685476053919682,ok,True,True,-28.52794239996432,0.07956934579641484,1.0,0.0,0.9804841750435145
1308,1767153350756,2.0143966680496606,2.004622609940355,1.8826185788510945,1.8826185788510945,1.8826185788510945,0.9736490249633789,0.9716084571348147,ok,True,True,-27.194424024086846,0.009774058109305539,1.0,0.0,0.9804841750435145
1309,1767153350795,5.054709021405701,3.8346744568195628,3.5156434775005123,3.5156434775005123,3.5156434775005123,0.9691607356071472,0.9701398242182142,ok,True,True,-23.707377984723724,1.2200345645861383,1.0,0.0,0.9804841750435145
1310,1767153350828,9.145628767801622,7.021247043408798,6.541802758937726,6.541802758937726,6.541802758937726,0.9645415544509888,0.9667808623578789,ok,True,True,-18.466995696995504,2.1243817243928236,1.0,0.0,0.9804841750435145
1311,1767153350859,14.045704547060405,11.235921545599762,10.643326699127499,10.643326699127499,10.643326699127499,0.9554364085197449,0.9599741900549984,ok,True,True,-11.989864489397103,2.8097830014606426,1.0,0.0,0.9804841750435145
1312,1767153350889,18.30423387230097,15.476908941620486,14.892845390559874,14.892845390559874,14.892845390559874,0.9537410736083984,0.9562343201870385,ok,True,True,-5.605981341718554,2.827324930680483,1.0,0.0,0.9804841750435145
1313,1767153350926,25.129420295220054,21.268415753780225,20.536005870956778,20.536005870956778,20.536005870956778,0.9797375798225403,0.9703362759683396,ok,True,True,2.399344619230872,3.8610045414398293,1.0,0.0,0.9804841750435145
1314,1767153351116,32.757187797869655,28.16167898023388,27.319531153651592,27.319531153651592,27.319531153651592,0.9731447100639343,0.9720213364256964,ok,True,True,11.604119182221627,4.595508817635775,1.0,0.0,0.9804841750435145
1315,1767153351147,40.25437006440059,35.41729363073391,34.55670133489322,34.55670133489322,34.55670133489322,0.9715931415557861,0.9717644195037503,ok,True,True,21.010493958498685,4.837076433666681,1.0,0.0,0.9804841750435145
1316,1767153351180,48.82816642233137,43.46381730569239,42.547889702454775,42.547889702454775,42.547889702454775,0.9761926531791687,0.9744213597090013,ok,True,True,31.02169013772299,5.364349116638984,1.0,0.0,0.9804841750435145
1317,1767153351210,54.95704002025495,50.359750934429925,49.60330455085161,49.60330455085161,49.60330455085161,0.9664769768714905,0.9696547300064948,ok,True,True,39.28973787238951,4.597289085825025,1.0,0.0,0.9804841750435145
1318,1767153351241,41.8605150184295,45.26020938482967,45.89109279072467,45.89109279072467,45.89109279072467,0.9594034552574158,0.9635039651570474,ok,True,True,32.394108217483755,3.399694366400169,1.0,0.0,0.9804841750435145
1319,1767153351285,34.251299918499456,38.654863705031545,39.58298615096043,39.58298615096043,39.58298615096043,0.9631865620613098,0.9633135232996048,ok,True,True,22.249620976689076,4.403563786532089,1.0,0.0,0.9804841750435145
1320,1767153351324,26.18538420602159,31.17317600562557,32.19453794950334,32.19453794950334,32.19453794950334,0.9438703060150146,0.9516475929288507,ok,True,True,11.086015082499571,4.987791799603983,1.0,0.0,0.9804841750435145
1321,1767153351364,18.34943092774912,23.4789289588997,24.49288901572751,24.49288901572751,24.49288901572751,0.9504722952842712,0.950942414342103,ok,True,True,0.0033126823107902936,5.1294980311505824,1.0,0.0,0.9804841750435145
1322,1767153351404,11.502473593584156,16.293055739710375,17.208221911270975,17.208221911270975,17.208221911270975,0.9718741774559021,0.9635014722103824,ok,True,True,-9.99956095933667,4.790582146126219,1.0,0.0,0.9804841750435145
1323,1767153351434,5.490638759285459,9.811605551455425,10.59991475413247,10.59991475413247,10.59991475413247,0.9547834396362305,0.9582706526658912,ok,True,True,-18.615873045566556,4.320966792169966,1.0,0.0,0.9804841750435145
1324,1767153351467,1.839148878791667,5.02813154785717,5.58072317896293,5.58072317896293,5.58072317896293,0.9777889847755432,0.9699816519316824,ok,True,True,-24.655764415192813,3.1889826690655037,1.0,0.0,0.9804841750435145
1325,1767153351571,0.2495102756334378,2.160958784522931,2.4509016660372427,2.4509016660372427,2.4509016660372427,0.9674873948097229,0.9684850976585067,ok,True,True,-27.82487413232441,1.9114485088894932,1.0,0.0,0.9804841750435145
1326,1767153351605,0.20091654422269606,0.9849334403427901,1.0450304071489873,1.0450304071489873,1.0450304071489873,0.9673289656639099,0.9677914184617487,ok,True,True,-28.481741031352776,0.784016896120094,1.0,0.0,0.9804841750435145
1327,1767153351635,0.737637325006082,0.8365557711407652,0.753864724261896,0.753864724261896,0.753864724261896,0.9684200882911682,0.9681686203594003,ok,True,True,-27.57791818591874,0.09891844613468315,1.0,0.0,0.9804841750435145
1328,1767153351666,1.1073347552835464,0.999023161626434,0.8690661755920446,0.8690661755920446,0.8690661755920446,0.9779154658317566,0.9740167276428141,ok,True,True,-26.157473079283523,0.1083115936571124,1.0,0.0,0.9804841750435145
1329,1767153351695,8.876549960328163,5.72553924084747,5.08621440258895,5.08621440258895,5.08621440258895,0.9620697498321533,0.9668485409564176,ok,True,True,-19.169577578118577,3.1510107194806922,1.0,0.0,0.9804841750435145
1330,1767153351724,15.347786655402118,11.498887689580258,10.71187741292189,10.71187741292189,10.71187741292189,0.9651926159858704,0.9658549859740893,ok,True,True,-10.567462905690086,3.84889896582186,1.0,0.0,0.9804841750435145
1331,1767153351755,22.06323343224708,17.83749513518035,17.0029173996932,17.0029173996932,17.0029173996932,0.961020290851593,0.9629541689005916,ok,True,True,-1.4454303266510244,4.22573829706673,1.0,0.0,0.9804841750435145
1332,1767153351786,30.07848062478206,25.18208642894138,24.263861534365752,24.263861534365752,24.263861534365752,0.9646800756454468,0.9639897129475047,ok,True,True,8.590875516464184,4.896394195840681,1.0,0.0,0.9804841750435145
1333,1767153351823,37.85447768707855,32.78552118382368,31.866409342931743,31.866409342931743,31.866409342931743,0.9740387797355652,0.970019153020341,ok,True,True,18.63687578689186,5.068956503254867,1.0,0.0,0.9804841750435145
1334,1767153351867,45.69690246642358,40.532349953383616,39.634508697421495,39.634508697421495,39.634508697421495,0.9761860966682434,0.9737193192090825,ok,True,True,28.45038606812546,5.164552513039965,1.0,0.0,0.9804841750435145
1335,1767153351903,51.16687265363344,46.913063573533506,46.20657179138939,46.20657179138939,46.20657179138939,0.9748866558074951,0.9744197211681301,ok,True,True,36.17242414739457,4.253809080099934,1.0,0.0,0.9804841750435145
1336,1767153351939,53.96970505644048,51.147048463277685,50.730228793579414,50.730228793579414,50.730228793579414,0.9530338048934937,0.9615881714033483,ok,True,True,40.728312047222744,2.8226565931627974,1.0,0.0,0.9804841750435145
1337,1767153351971,54.861358359636846,53.37563440109318,53.23190821812536,53.23190821812536,53.23190821812536,0.9655892252922058,0.9639888037366628,ok,True,True,42.29925609203132,1.485723958543666,1.0,0.0,0.9804841750435145
1338,1767153352006,54.65827621896286,54.145219491814984,54.20065036347693,54.20065036347693,54.20065036347693,0.97440105676651,0.9702361555545711,ok,True,True,41.69339016045378,0.5130567271478768,1.0,0.0,0.9804841750435145
1339,1767153352061,53.10919082323623,53.52360229066773,53.75427348842144,53.75427348842144,53.75427348842144,0.9751371741294861,0.9731767666995201,ok,True,True,39.17212690182273,0.41441146743149915,1.0,0.0,0.9804841750435145
1340,1767153352101,49.08795753377174,50.862215436530136,51.330716280360946,51.330716280360946,51.330716280360946,0.9584676027297974,0.9643512683176865,ok,True,True,34.05135770440653,1.774257902758393,1.0,0.0,0.9804841750435145
1341,1767153352167,42.83561390250731,46.04625451611645,46.76271256504865,46.76271256504865,46.76271256504865,0.9572781324386597,0.9601073867902703,ok,True,True,26.220387159692145,3.2106406136091366,1.0,0.0,0.9804841750435145
1342,1767153352205,34.95873958725737,39.393745558801,40.31371484701247,40.31371484701247,40.31371484701247,0.9599593281745911,0.9600185516208628,ok,True,True,16.16501488944831,4.435005971543632,1.0,0.0,0.9804841750435145
1343,1767153352245,19.312466152189884,27.34497791483433,28.852509219354467,28.852509219354467,28.852509219354467,0.9507870674133301,0.9544796610963432,ok,True,True,-0.31247916414864463,8.032511762644447,1.0,0.0,0.9804841750435145
1344,1767153352277,12.155129649354825,18.231068955546625,19.415327144881665,19.415327144881665,19.415327144881665,0.9499720335006714,0.9517750845389401,ok,True,True,-13.256560135590219,6.075939306191801,1.0,0.0,0.9804841750435145
1345,1767153352315,1.6401530944787723,8.276519438905913,9.47036440306039,9.47036440306039,9.47036440306039,0.9427444934844971,0.9463567299062743,ok,True,True,-26.30542568072974,6.636366344427141,1.0,0.0,0.9804841750435145
1346,1767153352354,-0.5781924126123306,2.963692327994967,3.5920167618484564,3.5920167618484564,3.5920167618484564,0.962722897529602,0.9561764304802709,ok,True,True,-33.17308547094954,3.5418847406072977,1.0,0.0,0.9804841750435145
1347,1767153352384,-0.8751228135117465,0.660403243090939,0.8641791136983294,0.8641791136983294,0.8641791136983294,0.9647068381309509,0.961294675070679,ok,True,True,-35.40037964794748,1.5355260566026856,1.0,0.0,0.9804841750435145
1348,1767153352425,-1.6274434342018331,-0.7123047632847243,-0.6680560386899896,-0.6680560386899896,-0.6680560386899896,0.9634606838226318,0.9625942803218507,ok,True,True,-35.884023399956384,0.9151386709171089,1.0,0.0,0.9804841750435145
1349,1767153352456,-2.026136177899427,-1.500603612053546,-1.5411821957655365,-1.5411821957655365,-1.5411821957655365,0.9717298746109009,0.9680756368952808,ok,True,True,-35.440494718453785,0.5255325658458809,1.0,0.0,0.9804841750435145
1350,1767153352490,-0.27714691866855146,-0.7665295960225492,-0.9848319789917732,-0.9848319789917732,-0.9848319789917732,0.9663264155387878,0.967026104081385,ok,True,True,-33.05442405678589,0.48938267735399776,1.0,0.0,0.9804841750435145
1351,1767153352523,0.5322907336903644,0.012762601805198892,-0.22154484075373326,-0.22154484075373326,-0.22154484075373326,0.9632564187049866,0.964764292855546,ok,True,True,-30.4934162157532,0.5195281318851654,1.0,0.0,0.9804841750435145
1352,1767153352560,6.537521878173456,3.927618167626153,3.3511030233241934,3.3511030233241934,3.3511030233241934,0.9656019806861877,0.965266905553931,ok,True,True,-24.192038039684125,2.609903710547303,1.0,0.0,0.9804841750435145
1353,1767153352594,11.352312928821478,8.382435024343348,7.7309066477280375,7.7309066477280375,7.7309066477280375,0.9541652798652649,0.9586059301407313,ok,True,True,-17.07075643230439,2.96987790447813,1.0,0.0,0.9804841750435145
1354,1767153352630,17.427563875761944,13.809512335194505,13.067594201861745,13.067594201861745,13.067594201861745,0.9633258581161499,0.9614378869259824,ok,True,True,-8.961504177580803,3.618051540567439,1.0,0.0,0.9804841750435145
1355,1767153352673,23.68276393334348,19.73346329408389,18.956170955616944,18.956170955616944,18.956170955616944,0.9704004526138306,0.9668154263386912,ok,True,True,-0.4656077098968652,3.94930063925959,1.0,0.0,0.9804841750435145
1356,1767153352708,32.73483065828506,27.53428371260459,26.575179295047036,26.575179295047036,26.575179295047036,0.963617205619812,0.9648964939073638,ok,True,True,10.017516116253853,5.200546945680472,1.0,0.0,0.9804841750435145
1357,1767153352741,41.648398064535215,36.00275232376296,34.987842161883805,34.987842161883805,34.987842161883805,0.9658927917480469,0.9654942726117737,ok,True,True,21.110603276140104,5.6456457407722525,1.0,0.0,0.9804841750435145
1358,1767153352771,49.18450704222462,43.91180515483995,42.994369744167926,42.994369744167926,42.994369744167926,0.9646835923194885,0.9650078644364026,ok,True,True,31.13827996755021,5.272701887384663,1.0,0.0,0.9804841750435145
1359,1767153352816,55.07838353903377,50.611752185356245,49.87744461793205,49.87744461793205,49.87744461793205,0.9671750664710999,0.966308185657221,ok,True,True,39.16434784386196,4.466631353677528,1.0,0.0,0.9804841750435145
1360,1767153352848,54.875410597756215,53.16994723279623,52.948182604025,52.948182604025,52.948182604025,0.9554688334465027,0.9598045743307899,ok,True,True,41.5882612584091,1.7054633649599822,1.0,0.0,0.9804841750435145
1361,1767153352879,54.79739625001294,54.14641664312626,54.16740325913828,54.16740325913828,54.16740325913828,0.9687027931213379,0.9651435056051187,ok,True,True,41.35887508280769,0.6509796068866791,1.0,0.0,0.9804841750435145
1362,1767153352914,53.37821215734316,53.6854939516564,53.89314194748485,53.89314194748485,53.89314194748485,0.9669521450996399,0.9662286893018315,ok,True,True,39.08925812278461,0.30728179431324065,1.0,0.0,0.9804841750435145
1363,1767153352952,47.96657168983615,50.25414059456425,50.80569679943414,50.80569679943414,50.80569679943414,0.9595895409584045,0.9622452002957753,ok,True,True,33.06068408341432,2.287568904728097,1.0,0.0,0.9804841750435145
1364,1767153353010,42.322284781906276,45.49502710696947,46.21072461122864,46.21072461122864,46.21072461122864,0.9476306438446045,0.9534764664250729,ok,True,True,25.23802638121915,3.17274232506319,1.0,0.0,0.9804841750435145
1365,1767153353048,35.9412295462724,39.762748570551224,40.576274783888216,40.576274783888216,40.576274783888216,0.9495230317115784,0.9511044055969762,ok,True,True,16.34608940948744,3.821519024278821,1.0,0.0,0.9804841750435145
1366,1767153353086,27.993467580730314,32.70117997665868,33.64090187199345,33.64090187199345,33.64090187199345,0.9445469975471497,0.9471699607670803,ok,True,True,6.074818825595727,4.707712395928365,1.0,0.0,0.9804841750435145
1367,1767153353128,21.15757961696123,25.77501976084021,26.675502143621095,26.675502143621095,26.675502143621095,0.9292577505111694,0.9364226346135337,ok,True,True,-3.7675592816793984,4.61744014387898,1.0,0.0,0.9804841750435145
1368,1767153353160,5.951586653620682,13.880959896508493,15.294896533672778,15.294896533672778,15.294896533672778,0.9444220066070557,0.9412222578096469,ok,True,True,-19.222052638587424,7.929373242887811,1.0,0.0,0.9804841750435145
1369,1767153353192,2.0191554627992874,6.76387723628297,7.644483427953122,7.644483427953122,7.644483427953122,0.959427535533905,0.9521454244442017,ok,True,True,-28.84718164473056,4.744721773483683,1.0,0.0,0.9804841750435145
1370,1767153353227,1.1056737749905006,3.3689551595074883,3.7388137978157965,3.7388137978157965,3.7388137978157965,0.9607165455818176,0.9572880971267713,ok,True,True,-32.88977996101329,2.2632813845169877,1.0,0.0,0.9804841750435145
1371,1767153353257,0.9777610504159922,1.9342386940525906,2.0132838248245815,2.0132838248245815,2.0132838248245815,0.940838098526001,0.9474180979663092,ok,True,True,-33.7537525155838,0.9564776436365985,1.0,0.0,0.9804841750435145
1372,1767153353292,0.9456736698759365,1.3410996795465981,1.2905485733528792,1.2905485733528792,1.2905485733528792,0.9665440917015076,0.9588936942074282,ok,True,True,-33.201222993170404,0.39542600967066166,1.0,0.0,0.9804841750435145
1373,1767153353323,1.5060332463177943,1.4400598196093157,1.2998577790015886,1.2998577790015886,1.2998577790015886,0.9649810791015625,0.9625461251439088,ok,True,True,-31.66879823788392,0.06597342670847861,1.0,0.0,0.9804841750435145
1374,1767153353358,4.48806760600087,3.268864491444248,2.9312960644076216,2.9312960644076216,2.9312960644076216,0.9638140797615051,0.9633068979144666,ok,True,True,-27.979135719765523,1.2192031145566218,1.0,0.0,0.9804841750435145
1375,1767153353392,6.974037844391936,5.491968503212861,5.102092727569872,5.102092727569872,5.102092727569872,0.9600535035133362,0.9613548612737883,ok,True,True,-23.717747743584344,1.4820693411790753,1.0,0.0,0.9804841750435145
1376,1767153353421,12.101765628521148,9.457846778397833,8.883481683709999,8.883481683709999,8.883481683709999,0.9542529582977295,0.957093719488153,ok,True,True,-17.439869862086574,2.643918850123315,1.0,0.0,0.9804841750435145
1377,1767153353455,17.95021517641599,14.553267817208727,13.855603380638756,13.855603380638756,13.855603380638756,0.9560089707374573,0.9564428702377357,ok,True,True,-9.814315705752183,3.396947359207264,1.0,0.0,0.9804841750435145
1378,1767153353488,24.884083735464834,20.75175736816239,19.945591121522913,19.945591121522913,19.945591121522913,0.9678759574890137,0.9633027225885025,ok,True,True,-1.0028240336499739,4.1323263673024435,1.0,0.0,0.9804841750435145
1379,1767153353527,33.49850801620372,28.399807756987187,27.452532379874974,27.452532379874974,27.452532379874974,0.9671850800514221,0.9656321370662542,ok,True,True,9.351006992402091,5.098700259216535,1.0,0.0,0.9804841750435145
1380,1767153353558,43.1171069571537,37.2301872770871,36.17372618315921,36.17372618315921,36.17372618315921,0.9584384560585022,0.9613159284616031,ok,True,True,20.89825071520782,5.886919680066605,1.0,0.0,0.9804841750435145
1381,1767153353594,50.16416931160581,44.99057649779833,44.084305550415785,44.084305550415785,44.084305550415785,0.9707639813423157,0.9669847601900305,ok,True,True,30.803898512814825,5.173592813807481,1.0,0.0,0.9804841750435145
1382,1767153353627,54.90978541828462,50.9421018500901,50.291324984794706,50.291324984794706,50.291324984794706,0.9671518206596375,0.9670849964717947,ok,True,True,37.91696601328478,3.9676835681945235,1.0,0.0,0.9804841750435145
1383,1767153353664,55.60359815183558,53.73899963113739,53.4952762846308,53.4952762846308,53.4952762846308,0.964594304561615,0.9655905813256869,ok,True,True,40.580890789336706,1.8645985206981877,1.0,0.0,0.9804841750435145
1384,1767153353693,54.25561206563726,54.04896709183731,54.13814122270249,54.13814122270249,54.13814122270249,0.962684690952301,0.9638470471016554,ok,True,True,39.606207075200935,0.20664497379994629,1.0,0.0,0.9804841750435145
1385,1767153353733,52.10652196522853,52.883500015872045,53.17086953609549,53.17086953609549,53.17086953609549,0.9624575972557068,0.9630133771940863,ok,True,True,36.465224498939286,0.776978050643514,1.0,0.0,0.9804841750435145
1386,1767153353771,45.950308286841214,48.723584978453545,49.355588794922916,49.355588794922916,49.355588794922916,0.9582666158676147,0.9601653203982033,ok,True,True,29.557348624985543,2.773276691612331,1.0,0.0,0.9804841750435145
1387,1767153353815,39.40913225202304,43.13491334259524,43.93914015600348,43.93914015600348,43.93914015600348,0.9466474652290344,0.952054607296702,ok,True,True,20.76705518567575,3.725781090572198,1.0,0.0,0.9804841750435145
1388,1767153353861,31.229407779119924,35.99161000451005,36.955863083011266,36.955863083011266,36.955863083011266,0.950057864189148,0.9508565614321696,ok,True,True,10.227655891261891,4.762202225390126,1.0,0.0,0.9804841750435145
1389,1767153353897,21.48066614697363,27.2850436899882,28.402418058955277,28.402418058955277,28.402418058955277,0.9477109909057617,0.9489692191163248,ok,True,True,-1.9853770753452302,5.804377543014571,1.0,0.0,0.9804841750435145
1390,1767153353931,14.736281530075082,19.755786394040328,20.713419774005683,20.713419774005683,20.713419774005683,0.9599737524986267,0.9555719391457059,ok,True,True,-12.452422288000259,5.0195048639652455,1.0,0.0,0.9804841750435145
1391,1767153353964,8.104711384360622,12.765141388232504,13.60589443479902,13.60589443479902,13.60589443479902,0.9620328545570374,0.9594484883925047,ok,True,True,-21.6419517417538,4.660430003871882,1.0,0.0,0.9804841750435145
1392,1767153353998,2.6594949761201376,6.701753540965084,7.391787155044662,7.391787155044662,7.391787155044662,0.9717912673950195,0.9668541557940136,ok,True,True,-29.184100112860055,4.042258564844946,1.0,0.0,0.9804841750435145
1393,1767153354030,-0.7853724043207183,2.2094779737936032,2.6792857540763078,2.6792857540763078,2.6792857540763078,0.9718167185783386,0.9698316934646086,ok,True,True,-34.31915427905261,2.9948503781143216,1.0,0.0,0.9804841750435145
1394,1767153354062,-4.356474287033074,-1.7300933827024032,-1.365653036249217,-1.365653036249217,-1.365653036249217,0.9701600670814514,0.9700287176347143,ok,True,True,-38.302530029571216,2.626380904330671,1.0,0.0,0.9804841750435145
1395,1767153354094,-9.718957784137231,-6.523412023563299,-6.09026670560447,-6.09026670560447,-6.09026670560447,0.9762679934501648,0.9737722831239847,ok,True,True,-43.036859180554785,3.195545760573932,1.0,0.0,0.9804841750435145
1396,1767153354126,-15.907316316431142,-12.153754599284007,-11.637136855409224,-11.637136855409224,-11.637136855409224,0.979998767375946,0.9775081736751615,ok,True,True,-48.68355174153549,3.753561717147136,1.0,0.0,0.9804841750435145
1397,1767153354158,-27.542420048515535,-21.386953868822925,-20.479925114239677,-20.479925114239677,-20.479925114239677,0.9725432395935059,0.974529213226168,ok,True,True,-58.59748246076804,6.15546617969261,1.0,0.0,0.9804841750435145
1398,1767153354190,-41.09886991875177,-33.21410349878023,-32.01088286056003,-32.01088286056003,-32.01088286056003,0.9160152077674866,0.9394208099509591,invalid,True,True,-71.74882522359667,7.884766419971534,1.0,0.0,0.9804841750435145
1399,1767153354222,-56.29803217247887,-47.06446070299941,-45.65130604752161,-45.65130604752161,-45.65130604752161,0.9697578549385071,0.9576230369434879,invalid,True,True,-87.19477142891299,9.233571469479458,1.0,0.0,0.9804841750435145
1400,1767153354253,-74.03978455164528,-63.249655012186935,-61.609949834106814,-61.609949834106814,-61.609949834106814,0.9882818460464478,0.9760183224052638,invalid,True,True,-105.11694142993161,10.790129539458349,1.0,0.0,0.9804841750435145
1401,1767153354285,-92.06348402505378,-80.53795241990704,-78.8165236859452,-78.8165236859452,-78.8165236859452,0.985948920249939,0.9819766811120688,invalid,True,True,-123.93235948625919,11.525531605146739,1.0,0.0,0.9804841750435145
1402,1767153354335,-107.17982715759474,-96.52307726251965,-95.00796741878173,-95.00796741878173,-95.00796741878173,0.9273767471313477,0.9492167207236362,invalid,True,True,-140.49268786277966,10.656749895075095,1.0,0.0,0.9804841750435145
1403,1767153354375,-130.96773171822173,-117.18986993594089,-115.23689047452608,-115.23689047452608,-115.23689047452608,0.9669830799102783,0.9598765362356215,invalid,True,True,-161.83898254055612,13.777861782280837,1.0,0.0,0.9804841750435145
1404,1767153354427,-139.04294374773764,-130.30171422301893,-129.22245904783392,-129.22245904783392,-129.22245904783392,0.9766115546226501,0.9699175472678386,invalid,True,True,-173.63536824618188,8.741229524718705,1.0,0.0,0.9804841750435145
1405,1767153354453,-137.84623618328123,-134.82842739917632,-134.84872606450534,-134.84872606450534,-134.84872606450534,0.9838205575942993,0.9782593534637151,invalid,True,True,-173.41350145227065,3.017808784104915,1.0,0.0,0.9804841750435145
1406,1767153354496,-148.82128416365276,-143.22414145786217,-142.93452672545527,-142.93452672545527,-142.93452672545527,0.9965928792953491,0.9892594689626956,invalid,True,True,-176.57902446115298,5.5971427057905885,1.0,0.0,0.9804841750435145
1407,1767153354511,-158.03808105177526,-152.11250521421005,-151.74509572697085,-151.74509572697085,-151.74509572697085,0.9950919151306152,0.9927589366634473,invalid,True,True,-180.59485326886448,5.925575837565219,1.0,0.0,0.9804841750435145
1408,1767153354550,-158.34125880761772,-155.84975737025465,-156.06350223628542,-156.06350223628542,-156.06350223628542,0.9006251096725464,0.9374786404689067,invalid,True,True,-178.25859680211738,2.4915014373630697,1.0,0.0,0.9804841750435145
1409,1767153354598,-183.00236197344464,-172.14132013216863,-171.0100927962882,-171.0100927962882,-171.0100927962882,0.9984766840934753,0.9740774666436479,invalid,True,True,-190.623044322608,10.861041841276005,1.0,0.0,0.9804841750435145
1410,1767153354620,-198.49630799783085,-187.954312851566,-186.77238787362555,-186.77238787362555,-186.77238787362555,0.9975690841674805,0.9881724371579474,invalid,True,True,-203.5416230197252,10.541995146264867,1.0,0.0,0.9804841750435145
1411,1767153354668,-223.62943417572546,-209.3593856460617,-207.59575044562808,-207.59575044562808,-207.59575044562808,0.9984798431396484,0.994356880746968,invalid,True,True,-222.81836270713717,14.270048529663768,1.0,0.0,0.9804841750435145
1412,1767153354715,0.0,0.0,0.0,0.0,-207.59575044562808,0.0,0.39774275229878725,ok,False,False,-222.81836270713717,0.0,1.0,0.0,0.9804841750435145
1413,1767153354742,-288.8509736654352,-257.0543384576858,-252.36337547186298,-252.36337547186298,-252.36337547186298,0.9798853397369385,0.7470283047616779,invalid,True,True,-274.09113858434716,31.796635207749432,1.0,0.0,0.9804841750435145
1414,1767153354777,0.0,0.0,0.0,0.0,-252.36337547186298,0.0,0.2988113219046712,soft,False,False,-274.09113858434716,0.0,1.0,0.0,0.9804841750435145
1415,1767153354818,0.0,0.0,0.0,0.0,-252.36337547186298,0.0,0.11952452876186848,soft,False,False,-274.09113858434716,0.0,1.0,0.0,0.9804841750435145
1416,1767153354863,0.0,0.0,0.0,0.0,-252.36337547186298,0.0,0.04780981150474739,hard,False,False,-274.09113858434716,0.0,1.0,0.0,0.9804841750435145
1417,1767153354889,0.0,0.0,0.0,0.0,-252.36337547186298,0.0,0.019123924601898958,hard,False,False,-274.09113858434716,0.0,1.0,0.0,0.9804841750435145
1418,1767153354915,0.0,0.0,0.0,0.0,-252.36337547186298,0.0,0.007649569840759584,hard,False,False,-274.09113858434716,0.0,1.0,0.0,0.9804841750435145
1419,1767153354940,0.0,0.0,0.0,0.0,-252.36337547186298,0.0,0.0030598279363038337,hard,False,False,-274.09113858434716,0.0,1.0,0.0,0.9804841750435145
1420,1767153354963,0.0,0.0,0.0,0.0,-252.36337547186298,0.0,0.0012239311745215337,hard,False,False,-274.09113858434716,0.0,1.0,0.0,0.9804841750435145
1421,1767153354991,0.0,0.0,0.0,0.0,-252.36337547186298,0.0,0.0004895724698086135,hard,False,False,-274.09113858434716,0.0,1.0,0.0,0.9804841750435145
1422,1767153355022,0.0,0.0,0.0,0.0,-252.36337547186298,0.0,0.0001958289879234454,hard,False,False,-274.09113858434716,0.0,1.0,0.0,0.9804841750435145
1423,1767153355045,0.0,0.0,0.0,0.0,-252.36337547186298,0.0,7.833159516937817e-05,hard,False,False,-274.09113858434716,0.0,1.0,0.0,0.9804841750435145
1424,1767153355070,0.0,0.0,0.0,0.0,-252.36337547186298,0.0,3.133263806775127e-05,hard,False,False,-274.09113858434716,0.0,1.0,0.0,0.9804841750435145
1425,1767153355102,0.0,0.0,0.0,0.0,-252.36337547186298,0.0,1.2533055227100508e-05,hard,False,False,-274.09113858434716,0.0,1.0,0.0,0.9804841750435145
1426,1767153355135,0.0,0.0,0.0,0.0,-252.36337547186298,0.0,5.013222090840203e-06,hard,False,False,-274.09113858434716,0.0,1.0,0.0,0.9804841750435145
1427,1767153355168,0.0,0.0,0.0,0.0,-252.36337547186298,0.0,2.0052888363360813e-06,hard,False,False,-274.09113858434716,0.0,1.0,0.0,0.9804841750435145
1428,1767153355202,0.0,0.0,0.0,0.0,-252.36337547186298,0.0,8.021155345344326e-07,hard,False,False,-274.09113858434716,0.0,1.0,0.0,0.9804841750435145
1429,1767153355237,0.0,0.0,0.0,0.0,-252.36337547186298,0.0,3.208462138137731e-07,hard,False,False,-274.09113858434716,0.0,1.0,0.0,0.9804841750435145
1430,1767153355268,0.0,0.0,0.0,0.0,-252.36337547186298,0.0,1.2833848552550923e-07,hard,False,False,-274.09113858434716,0.0,1.0,0.0,0.9804841750435145
1431,1767153355302,0.0,0.0,0.0,0.0,-252.36337547186298,0.0,5.1335394210203696e-08,hard,False,False,-274.09113858434716,0.0,1.0,0.0,0.9804841750435145
1432,1767153355335,0.0,0.0,0.0,0.0,-252.36337547186298,0.0,2.053415768408148e-08,hard,False,False,-274.09113858434716,0.0,1.0,0.0,0.9804841750435145
1433,1767153355368,0.0,0.0,0.0,0.0,-252.36337547186298,0.0,8.213663073632592e-09,hard,False,False,-274.09113858434716,0.0,1.0,0.0,0.9804841750435145
1434,1767153355401,0.0,0.0,0.0,0.0,-252.36337547186298,0.0,3.285465229453037e-09,hard,False,False,-274.09113858434716,0.0,1.0,0.0,0.9804841750435145
1435,1767153355438,0.0,0.0,0.0,0.0,-252.36337547186298,0.0,1.3141860917812149e-09,hard,False,False,-274.09113858434716,0.0,1.0,0.0,0.9804841750435145
1436,1767153355468,0.0,0.0,0.0,0.0,-252.36337547186298,0.0,5.25674436712486e-10,hard,False,False,-274.09113858434716,0.0,1.0,0.0,0.9804841750435145
1437,1767153355502,0.0,0.0,0.0,0.0,-252.36337547186298,0.0,2.102697746849944e-10,hard,False,False,-274.09113858434716,0.0,1.0,0.0,0.9804841750435145
1438,1767153355537,0.0,0.0,0.0,0.0,-252.36337547186298,0.0,8.410790987399776e-11,hard,False,False,-274.09113858434716,0.0,1.0,0.0,0.9804841750435145
1439,1767153355568,0.0,0.0,0.0,0.0,-252.36337547186298,0.0,3.364316394959911e-11,hard,False,False,-274.09113858434716,0.0,1.0,0.0,0.9804841750435145
1440,1767153355601,0.0,0.0,0.0,0.0,-252.36337547186298,0.0,1.3457265579839643e-11,hard,False,False,-274.09113858434716,0.0,1.0,0.0,0.9804841750435145
1441,1767153355635,0.0,0.0,0.0,0.0,-252.36337547186298,0.0,5.382906231935858e-12,hard,False,False,-274.09113858434716,0.0,1.0,0.0,0.9804841750435145
1442,1767153355668,0.0,0.0,0.0,0.0,-252.36337547186298,0.0,2.153162492774343e-12,hard,False,False,-274.09113858434716,0.0,1.0,0.0,0.9804841750435145
1443,1767153355701,0.0,0.0,0.0,0.0,-252.36337547186298,0.0,8.612649971097372e-13,hard,False,False,-274.09113858434716,0.0,1.0,0.0,0.9804841750435145
1444,1767153355735,0.0,0.0,0.0,0.0,-252.36337547186298,0.0,3.445059988438949e-13,hard,False,False,-274.09113858434716,0.0,1.0,0.0,0.9804841750435145
1445,1767153355768,0.0,0.0,0.0,0.0,-252.36337547186298,0.0,1.3780239953755797e-13,hard,False,False,-274.09113858434716,0.0,1.0,0.0,0.9804841750435145
1446,1767153355801,0.0,0.0,0.0,0.0,-252.36337547186298,0.0,5.5120959815023194e-14,hard,False,False,-274.09113858434716,0.0,1.0,0.0,0.9804841750435145
1447,1767153355835,0.0,0.0,0.0,0.0,-252.36337547186298,0.0,2.204838392600928e-14,hard,False,False,-274.09113858434716,0.0,1.0,0.0,0.9804841750435145
1448,1767153355868,0.0,0.0,0.0,0.0,-252.36337547186298,0.0,8.819353570403712e-15,hard,False,False,-274.09113858434716,0.0,1.0,0.0,0.9804841750435145
1449,1767153355901,0.0,0.0,0.0,0.0,-252.36337547186298,0.0,3.5277414281614853e-15,hard,False,False,-274.09113858434716,0.0,1.0,0.0,0.9804841750435145
1450,1767153355935,0.0,0.0,0.0,0.0,-252.36337547186298,0.0,1.4110965712645941e-15,hard,False,False,-274.09113858434716,0.0,1.0,0.0,0.9804841750435145
1451,1767153355968,0.0,0.0,0.0,0.0,-252.36337547186298,0.0,5.644386285058377e-16,hard,False,False,-274.09113858434716,0.0,1.0,0.0,0.9804841750435145
1452,1767153356002,0.0,0.0,0.0,0.0,-252.36337547186298,0.0,2.257754514023351e-16,hard,False,False,-274.09113858434716,0.0,1.0,0.0,0.9804841750435145
1453,1767153356035,0.0,0.0,0.0,0.0,-252.36337547186298,0.0,9.031018056093404e-17,hard,False,False,-274.09113858434716,0.0,1.0,0.0,0.9804841750435145
1454,1767153356068,0.0,0.0,0.0,0.0,-252.36337547186298,0.0,3.6124072224373617e-17,hard,False,False,-274.09113858434716,0.0,1.0,0.0,0.9804841750435145
1455,1767153356101,0.0,0.0,0.0,0.0,-252.36337547186298,0.0,1.4449628889749447e-17,hard,False,False,-274.09113858434716,0.0,1.0,0.0,0.9804841750435145
1456,1767153356135,0.0,0.0,0.0,0.0,-252.36337547186298,0.0,5.779851555899779e-18,hard,False,False,-274.09113858434716,0.0,1.0,0.0,0.9804841750435145
1457,1767153356168,0.0,0.0,0.0,0.0,-252.36337547186298,0.0,2.3119406223599117e-18,hard,False,False,-274.09113858434716,0.0,1.0,0.0,0.9804841750435145
1458,1767153356201,0.0,0.0,0.0,0.0,-252.36337547186298,0.0,9.247762489439648e-19,hard,False,False,-274.09113858434716,0.0,1.0,0.0,0.9804841750435145
1459,1767153356239,0.0,0.0,0.0,0.0,-252.36337547186298,0.0,3.699104995775859e-19,hard,False,False,-274.09113858434716,0.0,1.0,0.0,0.9804841750435145
1460,1767153356268,0.0,0.0,0.0,0.0,-252.36337547186298,0.0,1.4796419983103437e-19,hard,False,False,-274.09113858434716,0.0,1.0,0.0,0.9804841750435145
1461,1767153356301,0.0,0.0,0.0,0.0,-252.36337547186298,0.0,5.918567993241375e-20,hard,False,False,-274.09113858434716,0.0,1.0,0.0,0.9804841750435145
1462,1767153356335,0.0,0.0,0.0,0.0,-252.36337547186298,0.0,2.36742719729655e-20,hard,False,False,-274.09113858434716,0.0,1.0,0.0,0.9804841750435145
1463,1767153356368,0.0,0.0,0.0,0.0,-252.36337547186298,0.0,9.4697087891862e-21,hard,False,False,-274.09113858434716,0.0,1.0,0.0,0.9804841750435145
1464,1767153356401,0.0,0.0,0.0,0.0,-252.36337547186298,0.0,3.787883515674481e-21,hard,False,False,-274.09113858434716,0.0,1.0,0.0,0.9804841750435145
1465,1767153356434,0.0,0.0,0.0,0.0,-252.36337547186298,0.0,1.5151534062697924e-21,hard,False,False,-274.09113858434716,0.0,1.0,0.0,0.9804841750435145
1466,1767153356468,0.0,0.0,0.0,0.0,-252.36337547186298,0.0,6.06061362507917e-22,hard,False,False,-274.09113858434716,0.0,1.0,0.0,0.9804841750435145
1467,1767153356502,0.0,0.0,0.0,0.0,-252.36337547186298,0.0,2.424245450031668e-22,hard,False,False,-274.09113858434716,0.0,1.0,0.0,0.9804841750435145
1468,1767153356535,0.0,0.0,0.0,0.0,-252.36337547186298,0.0,9.696981800126673e-23,hard,False,False,-274.09113858434716,0.0,1.0,0.0,0.9804841750435145
1469,1767153356568,0.0,0.0,0.0,0.0,-252.36337547186298,0.0,3.8787927200506693e-23,hard,False,False,-274.09113858434716,0.0,1.0,0.0,0.9804841750435145
1470,1767153356601,0.0,0.0,0.0,0.0,-252.36337547186298,0.0,1.5515170880202677e-23,hard,False,False,-274.09113858434716,0.0,1.0,0.0,0.9804841750435145
1471,1767153356634,0.0,0.0,0.0,0.0,-252.36337547186298,0.0,6.206068352081071e-24,hard,False,False,-274.09113858434716,0.0,1.0,0.0,0.9804841750435145
1472,1767153356668,0.0,0.0,0.0,0.0,-252.36337547186298,0.0,2.4824273408324285e-24,hard,False,False,-274.09113858434716,0.0,1.0,0.0,0.9804841750435145
1473,1767153356701,0.0,0.0,0.0,0.0,-252.36337547186298,0.0,9.929709363329714e-25,hard,False,False,-274.09113858434716,0.0,1.0,0.0,0.9804841750435145
1474,1767153356735,0.0,0.0,0.0,0.0,-252.36337547186298,0.0,3.971883745331886e-25,hard,False,False,-274.09113858434716,0.0,1.0,0.0,0.9804841750435145
1475,1767153356768,0.0,0.0,0.0,0.0,-252.36337547186298,0.0,1.5887534981327544e-25,hard,False,False,-274.09113858434716,0.0,1.0,0.0,0.9804841750435145
1476,1767153356801,0.0,0.0,0.0,0.0,-252.36337547186298,0.0,6.355013992531018e-26,hard,False,False,-274.09113858434716,0.0,1.0,0.0,0.9804841750435145
1477,1767153356835,0.0,0.0,0.0,0.0,-252.36337547186298,0.0,2.5420055970124072e-26,hard,False,False,-274.09113858434716,0.0,1.0,0.0,0.9804841750435145
1478,1767153356868,0.0,0.0,0.0,0.0,-252.36337547186298,0.0,1.016802238804963e-26,hard,False,False,-274.09113858434716,0.0,1.0,0.0,0.9804841750435145
1479,1767153356901,0.0,0.0,0.0,0.0,-252.36337547186298,0.0,4.067208955219852e-27,hard,False,False,-274.09113858434716,0.0,1.0,0.0,0.9804841750435145
1480,1767153356935,0.0,0.0,0.0,0.0,-252.36337547186298,0.0,1.626883582087941e-27,hard,False,False,-274.09113858434716,0.0,1.0,0.0,0.9804841750435145
1481,1767153356968,0.0,0.0,0.0,0.0,-252.36337547186298,0.0,6.507534328351765e-28,hard,False,False,-274.09113858434716,0.0,1.0,0.0,0.9804841750435145
1482,1767153357001,0.0,0.0,0.0,0.0,-252.36337547186298,0.0,2.603013731340706e-28,hard,False,False,-274.09113858434716,0.0,1.0,0.0,0.9804841750435145
1483,1767153357034,0.0,0.0,0.0,0.0,-252.36337547186298,0.0,1.0412054925362825e-28,hard,False,False,-274.09113858434716,0.0,1.0,0.0,0.9804841750435145
1484,1767153357068,0.0,0.0,0.0,0.0,-252.36337547186298,0.0,4.16482197014513e-29,hard,False,False,-274.09113858434716,0.0,1.0,0.0,0.9804841750435145
1485,1767153357101,0.0,0.0,0.0,0.0,-252.36337547186298,0.0,1.6659287880580523e-29,hard,False,False,-274.09113858434716,0.0,1.0,0.0,0.9804841750435145
1486,1767153357134,0.0,0.0,0.0,0.0,-252.36337547186298,0.0,6.66371515223221e-30,hard,False,False,-274.09113858434716,0.0,1.0,0.0,0.9804841750435145
1487,1767153357168,0.0,0.0,0.0,0.0,-252.36337547186298,0.0,2.665486060892884e-30,hard,False,False,-274.09113858434716,0.0,1.0,0.0,0.9804841750435145
1488,1767153357201,0.0,0.0,0.0,0.0,-252.36337547186298,0.0,1.0661944243571537e-30,hard,False,False,-274.09113858434716,0.0,1.0,0.0,0.9804841750435145
1489,1767153357397,0.0,0.0,0.0,0.0,-252.36337547186298,0.0,4.264777697428615e-31,hard,False,False,-274.09113858434716,0.0,1.0,0.0,0.9804841750435145
1490,1767153357415,0.0,0.0,0.0,0.0,-252.36337547186298,0.0,1.7059110789714463e-31,hard,False,False,-274.09113858434716,0.0,1.0,0.0,0.9804841750435145
1491,1767153357435,0.0,0.0,0.0,0.0,-252.36337547186298,0.0,6.823644315885785e-32,hard,False,False,-274.09113858434716,0.0,1.0,0.0,0.9804841750435145
1492,1767153357457,0.0,0.0,0.0,0.0,-252.36337547186298,0.0,2.729457726354314e-32,hard,False,False,-274.09113858434716,0.0,1.0,0.0,0.9804841750435145
1493,1767153357480,0.0,0.0,0.0,0.0,-252.36337547186298,0.0,1.0917830905417257e-32,hard,False,False,-274.09113858434716,0.0,1.0,0.0,0.9804841750435145
1494,1767153357501,0.0,0.0,0.0,0.0,-252.36337547186298,0.0,4.3671323621669034e-33,hard,False,False,-274.09113858434716,0.0,1.0,0.0,0.9804841750435145
1495,1767153357521,0.0,0.0,0.0,0.0,-252.36337547186298,0.0,1.7468529448667616e-33,hard,False,False,-274.09113858434716,0.0,1.0,0.0,0.9804841750435145
1496,1767153357542,0.0,0.0,0.0,0.0,-252.36337547186298,0.0,6.987411779467046e-34,hard,False,False,-274.09113858434716,0.0,1.0,0.0,0.9804841750435145
1497,1767153357568,0.0,0.0,0.0,0.0,-252.36337547186298,0.0,2.7949647117868186e-34,hard,False,False,-274.09113858434716,0.0,1.0,0.0,0.9804841750435145
1498,1767153357601,0.0,0.0,0.0,0.0,-252.36337547186298,0.0,1.1179858847147274e-34,hard,False,False,-274.09113858434716,0.0,1.0,0.0,0.9804841750435145
1499,1767153357635,0.0,0.0,0.0,0.0,-252.36337547186298,0.0,4.47194353885891e-35,hard,False,False,-274.09113858434716,0.0,1.0,0.0,0.9804841750435145
1500,1767153357669,0.0,0.0,0.0,0.0,-252.36337547186298,0.0,1.788777415543564e-35,hard,False,False,-274.09113858434716,0.0,1.0,0.0,0.9804841750435145
1501,1767153357701,0.0,0.0,0.0,0.0,-252.36337547186298,0.0,7.155109662174257e-36,hard,False,False,-274.09113858434716,0.0,1.0,0.0,0.9804841750435145
1502,1767153357734,0.0,0.0,0.0,0.0,-252.36337547186298,0.0,2.8620438648697028e-36,hard,False,False,-274.09113858434716,0.0,1.0,0.0,0.9804841750435145
1503,1767153357768,0.0,0.0,0.0,0.0,-252.36337547186298,0.0,1.1448175459478812e-36,hard,False,False,-274.09113858434716,0.0,1.0,0.0,0.9804841750435145
1504,1767153357854,0.0,0.0,0.0,0.0,-252.36337547186298,0.0,4.579270183791526e-37,hard,False,False,-274.09113858434716,0.0,1.0,0.0,0.9804841750435145
1505,1767153357882,0.0,0.0,0.0,0.0,-252.36337547186298,0.0,1.8317080735166104e-37,hard,False,False,-274.09113858434716,0.0,1.0,0.0,0.9804841750435145
1506,1767153357905,0.0,0.0,0.0,0.0,-252.36337547186298,0.0,7.326832294066442e-38,hard,False,False,-274.09113858434716,0.0,1.0,0.0,0.9804841750435145
1507,1767153357933,0.0,0.0,0.0,0.0,-252.36337547186298,0.0,2.930732917626577e-38,hard,False,False,-274.09113858434716,0.0,1.0,0.0,0.9804841750435145
1508,1767153357954,0.0,0.0,0.0,0.0,-252.36337547186298,0.0,1.1722931670506309e-38,hard,False,False,-274.09113858434716,0.0,1.0,0.0,0.9804841750435145
1509,1767153357975,0.0,0.0,0.0,0.0,-252.36337547186298,0.0,4.689172668202524e-39,hard,False,False,-274.09113858434716,0.0,1.0,0.0,0.9804841750435145
1510,1767153358006,0.0,0.0,0.0,0.0,-252.36337547186298,0.0,1.8756690672810095e-39,hard,False,False,-274.09113858434716,0.0,1.0,0.0,0.9804841750435145
1511,1767153358035,0.0,0.0,0.0,0.0,-252.36337547186298,0.0,7.502676269124039e-40,hard,False,False,-274.09113858434716,0.0,1.0,0.0,0.9804841750435145
1512,1767153358068,0.0,0.0,0.0,0.0,-252.36337547186298,0.0,3.0010705076496154e-40,hard,False,False,-274.09113858434716,0.0,1.0,0.0,0.9804841750435145
1513,1767153358102,0.0,0.0,0.0,0.0,-252.36337547186298,0.0,1.2004282030598463e-40,hard,False,False,-274.09113858434716,0.0,1.0,0.0,0.9804841750435145
1514,1767153358134,0.0,0.0,0.0,0.0,-252.36337547186298,0.0,4.801712812239386e-41,hard,False,False,-274.09113858434716,0.0,1.0,0.0,0.9804841750435145
1515,1767153358168,0.0,0.0,0.0,0.0,-252.36337547186298,0.0,1.9206851248957543e-41,hard,False,False,-274.09113858434716,0.0,1.0,0.0,0.9804841750435145
1516,1767153358201,0.0,0.0,0.0,0.0,-252.36337547186298,0.0,7.682740499583018e-42,hard,False,False,-274.09113858434716,0.0,1.0,0.0,0.9804841750435145
1517,1767153358234,0.0,0.0,0.0,0.0,-252.36337547186298,0.0,3.0730961998332074e-42,hard,False,False,-274.09113858434716,0.0,1.0,0.0,0.9804841750435145
1518,1767153358268,0.0,0.0,0.0,0.0,-252.36337547186298,0.0,1.229238479933283e-42,hard,False,False,-274.09113858434716,0.0,1.0,0.0,0.9804841750435145
1519,1767153358301,0.0,0.0,0.0,0.0,-252.36337547186298,0.0,4.916953919733132e-43,hard,False,False,-274.09113858434716,0.0,1.0,0.0,0.9804841750435145
1520,1767153358335,0.0,0.0,0.0,0.0,-252.36337547186298,0.0,1.966781567893253e-43,hard,False,False,-274.09113858434716,0.0,1.0,0.0,0.9804841750435145
1521,1767153358368,0.0,0.0,0.0,0.0,-252.36337547186298,0.0,7.867126271573012e-44,hard,False,False,-274.09113858434716,0.0,1.0,0.0,0.9804841750435145
1522,1767153358401,0.0,0.0,0.0,0.0,-252.36337547186298,0.0,3.146850508629205e-44,hard,False,False,-274.09113858434716,0.0,1.0,0.0,0.9804841750435145
1523,1767153358435,0.0,0.0,0.0,0.0,-252.36337547186298,0.0,1.258740203451682e-44,hard,False,False,-274.09113858434716,0.0,1.0,0.0,0.9804841750435145
1524,1767153358468,0.0,0.0,0.0,0.0,-252.36337547186298,0.0,5.0349608138067276e-45,hard,False,False,-274.09113858434716,0.0,1.0,0.0,0.9804841750435145
1525,1767153358501,0.0,0.0,0.0,0.0,-252.36337547186298,0.0,2.0139843255226912e-45,hard,False,False,-274.09113858434716,0.0,1.0,0.0,0.9804841750435145
1526,1767153358534,0.0,0.0,0.0,0.0,-252.36337547186298,0.0,8.055937302090765e-46,hard,False,False,-274.09113858434716,0.0,1.0,0.0,0.9804841750435145
1527,1767153358568,0.0,0.0,0.0,0.0,-252.36337547186298,0.0,3.2223749208363062e-46,hard,False,False,-274.09113858434716,0.0,1.0,0.0,0.9804841750435145
1528,1767153358601,0.0,0.0,0.0,0.0,-252.36337547186298,0.0,1.2889499683345225e-46,hard,False,False,-274.09113858434716,0.0,1.0,0.0,0.9804841750435145
1529,1767153358634,0.0,0.0,0.0,0.0,-252.36337547186298,0.0,5.1557998733380905e-47,hard,False,False,-274.09113858434716,0.0,1.0,0.0,0.9804841750435145
1530,1767153358669,0.0,0.0,0.0,0.0,-252.36337547186298,0.0,2.0623199493352363e-47,hard,False,False,-274.09113858434716,0.0,1.0,0.0,0.9804841750435145
1531,1767153358701,0.0,0.0,0.0,0.0,-252.36337547186298,0.0,8.249279797340945e-48,hard,False,False,-274.09113858434716,0.0,1.0,0.0,0.9804841750435145
1532,1767153358734,0.0,0.0,0.0,0.0,-252.36337547186298,0.0,3.299711918936378e-48,hard,False,False,-274.09113858434716,0.0,1.0,0.0,0.9804841750435145
1533,1767153358768,0.0,0.0,0.0,0.0,-252.36337547186298,0.0,1.3198847675745513e-48,hard,False,False,-274.09113858434716,0.0,1.0,0.0,0.9804841750435145
1534,1767153358801,0.0,0.0,0.0,0.0,-252.36337547186298,0.0,5.279539070298205e-49,hard,False,False,-274.09113858434716,0.0,1.0,0.0,0.9804841750435145
1535,1767153358837,0.0,0.0,0.0,0.0,-252.36337547186298,0.0,2.1118156281192823e-49,hard,False,False,-274.09113858434716,0.0,1.0,0.0,0.9804841750435145
1536,1767153358867,0.0,0.0,0.0,0.0,-252.36337547186298,0.0,8.44726251247713e-50,hard,False,False,-274.09113858434716,0.0,1.0,0.0,0.9804841750435145
1537,1767153358901,0.0,0.0,0.0,0.0,-252.36337547186298,0.0,3.378905004990852e-50,hard,False,False,-274.09113858434716,0.0,1.0,0.0,0.9804841750435145
1538,1767153358934,0.0,0.0,0.0,0.0,-252.36337547186298,0.0,1.351562001996341e-50,hard,False,False,-274.09113858434716,0.0,1.0,0.0,0.9804841750435145
1539,1767153358968,0.0,0.0,0.0,0.0,-252.36337547186298,0.0,5.406248007985363e-51,hard,False,False,-274.09113858434716,0.0,1.0,0.0,0.9804841750435145
1540,1767153359001,0.0,0.0,0.0,0.0,-252.36337547186298,0.0,2.1624992031941456e-51,hard,False,False,-274.09113858434716,0.0,1.0,0.0,0.9804841750435145
1541,1767153359034,0.0,0.0,0.0,0.0,-252.36337547186298,0.0,8.649996812776582e-52,hard,False,False,-274.09113858434716,0.0,1.0,0.0,0.9804841750435145
1542,1767153359067,0.0,0.0,0.0,0.0,-252.36337547186298,0.0,3.459998725110633e-52,hard,False,False,-274.09113858434716,0.0,1.0,0.0,0.9804841750435145
1543,1767153359101,0.0,0.0,0.0,0.0,-252.36337547186298,0.0,1.3839994900442534e-52,hard,False,False,-274.09113858434716,0.0,1.0,0.0,0.9804841750435145
1544,1767153359134,0.0,0.0,0.0,0.0,-252.36337547186298,0.0,5.535997960177014e-53,hard,False,False,-274.09113858434716,0.0,1.0,0.0,0.9804841750435145
1545,1767153359168,0.0,0.0,0.0,0.0,-252.36337547186298,0.0,2.2143991840708056e-53,hard,False,False,-274.09113858434716,0.0,1.0,0.0,0.9804841750435145
1546,1767153359201,0.0,0.0,0.0,0.0,-252.36337547186298,0.0,8.857596736283223e-54,hard,False,False,-274.09113858434716,0.0,1.0,0.0,0.9804841750435145
1547,1767153359234,0.0,0.0,0.0,0.0,-252.36337547186298,0.0,3.5430386945132895e-54,hard,False,False,-274.09113858434716,0.0,1.0,0.0,0.9804841750435145
1548,1767153359267,0.0,0.0,0.0,0.0,-252.36337547186298,0.0,1.4172154778053158e-54,hard,False,False,-274.09113858434716,0.0,1.0,0.0,0.9804841750435145
1549,1767153359301,0.0,0.0,0.0,0.0,-252.36337547186298,0.0,5.668861911221264e-55,hard,False,False,-274.09113858434716,0.0,1.0,0.0,0.9804841750435145
1550,1767153359334,0.0,0.0,0.0,0.0,-252.36337547186298,0.0,2.2675447644885055e-55,hard,False,False,-274.09113858434716,0.0,1.0,0.0,0.9804841750435145
1551,1767153359367,0.0,0.0,0.0,0.0,-252.36337547186298,0.0,9.070179057954022e-56,hard,False,False,-274.09113858434716,0.0,1.0,0.0,0.9804841750435145
1552,1767153359401,0.0,0.0,0.0,0.0,-252.36337547186298,0.0,3.628071623181609e-56,hard,False,False,-274.09113858434716,0.0,1.0,0.0,0.9804841750435145
1553,1767153359434,0.0,0.0,0.0,0.0,-252.36337547186298,0.0,1.4512286492726438e-56,hard,False,False,-274.09113858434716,0.0,1.0,0.0,0.9804841750435145
1554,1767153359467,0.0,0.0,0.0,0.0,-252.36337547186298,0.0,5.804914597090575e-57,hard,False,False,-274.09113858434716,0.0,1.0,0.0,0.9804841750435145
1555,1767153359501,0.0,0.0,0.0,0.0,-252.36337547186298,0.0,2.32196583883623e-57,hard,False,False,-274.09113858434716,0.0,1.0,0.0,0.9804841750435145
1556,1767153359534,0.0,0.0,0.0,0.0,-252.36337547186298,0.0,9.287863355344921e-58,hard,False,False,-274.09113858434716,0.0,1.0,0.0,0.9804841750435145
1557,1767153359568,0.0,0.0,0.0,0.0,-252.36337547186298,0.0,3.7151453421379686e-58,hard,False,False,-274.09113858434716,0.0,1.0,0.0,0.9804841750435145
1558,1767153359603,0.0,0.0,0.0,0.0,-252.36337547186298,0.0,1.4860581368551874e-58,hard,False,False,-274.09113858434716,0.0,1.0,0.0,0.9804841750435145
1559,1767153359634,0.0,0.0,0.0,0.0,-252.36337547186298,0.0,5.94423254742075e-59,hard,False,False,-274.09113858434716,0.0,1.0,0.0,0.9804841750435145
1560,1767153359668,0.0,0.0,0.0,0.0,-252.36337547186298,0.0,2.3776930189683e-59,hard,False,False,-274.09113858434716,0.0,1.0,0.0,0.9804841750435145
1561,1767153359701,0.0,0.0,0.0,0.0,-252.36337547186298,0.0,9.5107720758732e-60,hard,False,False,-274.09113858434716,0.0,1.0,0.0,0.9804841750435145
1562,1767153359734,0.0,0.0,0.0,0.0,-252.36337547186298,0.0,3.80430883034928e-60,hard,False,False,-274.09113858434716,0.0,1.0,0.0,0.9804841750435145
1563,1767153359768,0.0,0.0,0.0,0.0,-252.36337547186298,0.0,1.5217235321397123e-60,hard,False,False,-274.09113858434716,0.0,1.0,0.0,0.9804841750435145
1564,1767153359801,0.0,0.0,0.0,0.0,-252.36337547186298,0.0,6.08689412855885e-61,hard,False,False,-274.09113858434716,0.0,1.0,0.0,0.9804841750435145
1565,1767153359834,0.0,0.0,0.0,0.0,-252.36337547186298,0.0,2.43475765142354e-61,hard,False,False,-274.09113858434716,0.0,1.0,0.0,0.9804841750435145
1566,1767153359867,0.0,0.0,0.0,0.0,-252.36337547186298,0.0,9.739030605694162e-62,hard,False,False,-274.09113858434716,0.0,1.0,0.0,0.9804841750435145
1567,1767153359902,0.0,0.0,0.0,0.0,-252.36337547186298,0.0,3.895612242277665e-62,hard,False,False,-274.09113858434716,0.0,1.0,0.0,0.9804841750435145
1568,1767153359934,0.0,0.0,0.0,0.0,-252.36337547186298,0.0,1.558244896911066e-62,hard,False,False,-274.09113858434716,0.0,1.0,0.0,0.9804841750435145
1569,1767153359968,0.0,0.0,0.0,0.0,-252.36337547186298,0.0,6.232979587644265e-63,hard,False,False,-274.09113858434716,0.0,1.0,0.0,0.9804841750435145
1570,1767153360001,0.0,0.0,0.0,0.0,-252.36337547186298,0.0,2.493191835057706e-63,hard,False,False,-274.09113858434716,0.0,1.0,0.0,0.9804841750435145
1571,1767153360034,0.0,0.0,0.0,0.0,-252.36337547186298,0.0,9.972767340230824e-64,hard,False,False,-274.09113858434716,0.0,1.0,0.0,0.9804841750435145
1572,1767153360068,0.0,0.0,0.0,0.0,-252.36337547186298,0.0,3.9891069360923294e-64,hard,False,False,-274.09113858434716,0.0,1.0,0.0,0.9804841750435145
1573,1767153360101,0.0,0.0,0.0,0.0,-252.36337547186298,0.0,1.5956427744369318e-64,hard,False,False,-274.09113858434716,0.0,1.0,0.0,0.9804841750435145
1574,1767153360135,0.0,0.0,0.0,0.0,-252.36337547186298,0.0,6.382571097747727e-65,hard,False,False,-274.09113858434716,0.0,1.0,0.0,0.9804841750435145
1575,1767153360175,0.0,0.0,0.0,0.0,-252.36337547186298,0.0,2.553028439099091e-65,hard,False,False,-274.09113858434716,0.0,1.0,0.0,0.9804841750435145
1576,1767153360202,0.0,0.0,0.0,0.0,-252.36337547186298,0.0,1.0212113756396365e-65,hard,False,False,-274.09113858434716,0.0,1.0,0.0,0.9804841750435145
1577,1767153360235,0.0,0.0,0.0,0.0,-252.36337547186298,0.0,4.0848455025585465e-66,hard,False,False,-274.09113858434716,0.0,1.0,0.0,0.9804841750435145
1578,1767153360267,0.0,0.0,0.0,0.0,-252.36337547186298,0.0,1.6339382010234186e-66,hard,False,False,-274.09113858434716,0.0,1.0,0.0,0.9804841750435145
1579,1767153360301,0.0,0.0,0.0,0.0,-252.36337547186298,0.0,6.535752804093675e-67,hard,False,False,-274.09113858434716,0.0,1.0,0.0,0.9804841750435145
1580,1767153360334,0.0,0.0,0.0,0.0,-252.36337547186298,0.0,2.61430112163747e-67,hard,False,False,-274.09113858434716,0.0,1.0,0.0,0.9804841750435145
1581,1767153360378,0.0,0.0,0.0,0.0,-252.36337547186298,0.0,1.0457204486549882e-67,hard,False,False,-274.09113858434716,0.0,1.0,0.0,0.9804841750435145
1582,1767153360434,0.0,0.0,0.0,0.0,-252.36337547186298,0.0,4.182881794619953e-68,hard,False,False,-274.09113858434716,0.0,1.0,0.0,0.9804841750435145
1583,1767153360469,0.0,0.0,0.0,0.0,-252.36337547186298,0.0,1.6731527178479813e-68,hard,False,False,-274.09113858434716,0.0,1.0,0.0,0.9804841750435145
1584,1767153360501,0.0,0.0,0.0,0.0,-252.36337547186298,0.0,6.692610871391926e-69,hard,False,False,-274.09113858434716,0.0,1.0,0.0,0.9804841750435145
1585,1767153360534,0.0,0.0,0.0,0.0,-252.36337547186298,0.0,2.6770443485567706e-69,hard,False,False,-274.09113858434716,0.0,1.0,0.0,0.9804841750435145
1586,1767153360567,0.0,0.0,0.0,0.0,-252.36337547186298,0.0,1.0708177394227082e-69,hard,False,False,-274.09113858434716,0.0,1.0,0.0,0.9804841750435145
1587,1767153360601,0.0,0.0,0.0,0.0,-252.36337547186298,0.0,4.283270957690833e-70,hard,False,False,-274.09113858434716,0.0,1.0,0.0,0.9804841750435145
1588,1767153360634,0.0,0.0,0.0,0.0,-252.36337547186298,0.0,1.7133083830763334e-70,hard,False,False,-274.09113858434716,0.0,1.0,0.0,0.9804841750435145
1589,1767153360670,0.0,0.0,0.0,0.0,-252.36337547186298,0.0,6.853233532305334e-71,hard,False,False,-274.09113858434716,0.0,1.0,0.0,0.9804841750435145
1590,1767153360707,0.0,0.0,0.0,0.0,-252.36337547186298,0.0,2.7412934129221338e-71,hard,False,False,-274.09113858434716,0.0,1.0,0.0,0.9804841750435145
1591,1767153360735,0.0,0.0,0.0,0.0,-252.36337547186298,0.0,1.0965173651688535e-71,hard,False,False,-274.09113858434716,0.0,1.0,0.0,0.9804841750435145
1592,1767153360773,0.0,0.0,0.0,0.0,-252.36337547186298,0.0,4.3860694606754144e-72,hard,False,False,-274.09113858434716,0.0,1.0,0.0,0.9804841750435145
1593,1767153360800,0.0,0.0,0.0,0.0,-252.36337547186298,0.0,1.754427784270166e-72,hard,False,False,-274.09113858434716,0.0,1.0,0.0,0.9804841750435145
1594,1767153360834,0.0,0.0,0.0,0.0,-252.36337547186298,0.0,7.017711137080665e-73,hard,False,False,-274.09113858434716,0.0,1.0,0.0,0.9804841750435145
1595,1767153360867,0.0,0.0,0.0,0.0,-252.36337547186298,0.0,2.807084454832266e-73,hard,False,False,-274.09113858434716,0.0,1.0,0.0,0.9804841750435145
1596,1767153360901,0.0,0.0,0.0,0.0,-252.36337547186298,0.0,1.1228337819329065e-73,hard,False,False,-274.09113858434716,0.0,1.0,0.0,0.9804841750435145
1597,1767153360934,0.0,0.0,0.0,0.0,-252.36337547186298,0.0,4.491335127731626e-74,hard,False,False,-274.09113858434716,0.0,1.0,0.0,0.9804841750435145
1598,1767153360967,0.0,0.0,0.0,0.0,-252.36337547186298,0.0,1.7965340510926503e-74,hard,False,False,-274.09113858434716,0.0,1.0,0.0,0.9804841750435145
1599,1767153361000,0.0,0.0,0.0,0.0,-252.36337547186298,0.0,7.186136204370601e-75,hard,False,False,-274.09113858434716,0.0,1.0,0.0,0.9804841750435145
1600,1767153361036,0.0,0.0,0.0,0.0,-252.36337547186298,0.0,2.874454481748241e-75,hard,False,False,-274.09113858434716,0.0,1.0,0.0,0.9804841750435145
1601,1767153361067,0.0,0.0,0.0,0.0,-252.36337547186298,0.0,1.1497817926992964e-75,hard,False,False,-274.09113858434716,0.0,1.0,0.0,0.9804841750435145
1602,1767153361100,0.0,0.0,0.0,0.0,-252.36337547186298,0.0,4.599127170797186e-76,hard,False,False,-274.09113858434716,0.0,1.0,0.0,0.9804841750435145
1603,1767153361134,0.0,0.0,0.0,0.0,-252.36337547186298,0.0,1.8396508683188746e-76,hard,False,False,-274.09113858434716,0.0,1.0,0.0,0.9804841750435145
1604,1767153361167,0.0,0.0,0.0,0.0,-252.36337547186298,0.0,7.358603473275499e-77,hard,False,False,-274.09113858434716,0.0,1.0,0.0,0.9804841750435145
1605,1767153361201,0.0,0.0,0.0,0.0,-252.36337547186298,0.0,2.9434413893102e-77,hard,False,False,-274.09113858434716,0.0,1.0,0.0,0.9804841750435145
1606,1767153361234,0.0,0.0,0.0,0.0,-252.36337547186298,0.0,1.17737655572408e-77,hard,False,False,-274.09113858434716,0.0,1.0,0.0,0.9804841750435145
1607,1767153361270,0.0,0.0,0.0,0.0,-252.36337547186298,0.0,4.70950622289632e-78,hard,False,False,-274.09113858434716,0.0,1.0,0.0,0.9804841750435145
1608,1767153361300,0.0,0.0,0.0,0.0,-252.36337547186298,0.0,1.883802489158528e-78,hard,False,False,-274.09113858434716,0.0,1.0,0.0,0.9804841750435145
1609,1767153361334,0.0,0.0,0.0,0.0,-252.36337547186298,0.0,7.535209956634112e-79,hard,False,False,-274.09113858434716,0.0,1.0,0.0,0.9804841750435145
1610,1767153361368,0.0,0.0,0.0,0.0,-252.36337547186298,0.0,3.014083982653645e-79,hard,False,False,-274.09113858434716,0.0,1.0,0.0,0.9804841750435145
1611,1767153361400,0.0,0.0,0.0,0.0,-252.36337547186298,0.0,1.205633593061458e-79,hard,False,False,-274.09113858434716,0.0,1.0,0.0,0.9804841750435145
1612,1767153361434,0.0,0.0,0.0,0.0,-252.36337547186298,0.0,4.822534372245833e-80,hard,False,False,-274.09113858434716,0.0,1.0,0.0,0.9804841750435145
1613,1767153361467,0.0,0.0,0.0,0.0,-252.36337547186298,0.0,1.9290137488983333e-80,hard,False,False,-274.09113858434716,0.0,1.0,0.0,0.9804841750435145
1614,1767153361500,0.0,0.0,0.0,0.0,-252.36337547186298,0.0,7.716054995593334e-81,hard,False,False,-274.09113858434716,0.0,1.0,0.0,0.9804841750435145
1615,1767153361536,0.0,0.0,0.0,0.0,-252.36337547186298,0.0,3.086421998237334e-81,hard,False,False,-274.09113858434716,0.0,1.0,0.0,0.9804841750435145
1616,1767153361567,0.0,0.0,0.0,0.0,-252.36337547186298,0.0,1.2345687992949335e-81,hard,False,False,-274.09113858434716,0.0,1.0,0.0,0.9804841750435145
1617,1767153361600,0.0,0.0,0.0,0.0,-252.36337547186298,0.0,4.9382751971797344e-82,hard,False,False,-274.09113858434716,0.0,1.0,0.0,0.9804841750435145
