{
  "n_pairs": 38,
  "mean_dt_ms": -271.1578947368421,
  "median_dt_ms": -266.5,
  "std_dt_ms": 85.53593468176784,
  "min_dt_ms": -390.0,
  "max_dt_ms": -87.0,
  "offset_ms": 260.0
}