{
  "n_pairs": 49,
  "mean_dt_ms": -305.6530612244898,
  "median_dt_ms": -318.0,
  "std_dt_ms": 98.99980437424665,
  "min_dt_ms": -438.0,
  "max_dt_ms": -87.0,
  "offset_ms": 260.0
}