{
  "n_pairs": 29,
  "mean_dt_ms": -237.3448275862069,
  "median_dt_ms": -235.0,
  "std_dt_ms": 68.87233359858733,
  "min_dt_ms": -348.0,
  "max_dt_ms": -87.0,
  "offset_ms": 260.0
}