{
  "n_pairs": 54,
  "mean_dt_ms": -321.7037037037037,
  "median_dt_ms": -335.5,
  "std_dt_ms": 107.01256929110045,
  "min_dt_ms": -499.0,
  "max_dt_ms": -87.0,
  "offset_ms": 260.0
}