frame_idx,timestamp_ms,depth_raw_mm,depth_ema_mm,depth_kf_mm,depth_corr_mm,sig_mm,conf,conf_ema,vision_state,has_hand,has_main_hand,velocity_mm_s,motion_mm,gain,offset_mm,cos_tilt
0,1767151936892,0.37073361760284834,0.37073361760284834,0.37073361760284834,0.37073361760284834,0.37073361760284834,0.9806686639785767,0.588401198387146,ok,True,True,0.0,0.0,1.0,0.0,0.9804841750435145
1,1767151936926,-0.029763789804144902,0.13043517315865238,0.15806863707443763,0.15806863707443763,0.15806863707443763,0.9881253242492676,0.8282356739044189,ok,True,True,-0.04370587574004859,0.1601989629627973,1.0,0.0,0.9804841750435145
2,1767151936992,-0.170108003561555,-0.049890732873472045,-0.025962587744863513,-0.025962587744863513,-0.025962587744863513,0.9872499704360962,0.9236442518234252,ok,True,True,-0.09566081465495374,0.12021727068808297,1.0,0.0,0.9804841750435145
3,1767151937106,-0.2553122694591596,-0.17314365482488456,-0.15649345673713957,-0.15649345673713957,-0.15649345673713957,0.9848131537437439,0.9603455929756164,ok,True,True,-0.14007085360108773,0.08216861463427502,1.0,0.0,0.9804841750435145
4,1767151937126,0.40536706828068747,0.17396277903845864,0.13529158350854684,0.13529158350854684,0.13529158350854684,0.9809738993644714,0.9727225768089294,ok,True,True,-0.018601300373795815,0.23140428924222883,1.0,0.0,0.9804841750435145
5,1767151937152,-0.020493335781019358,0.05728911014677184,0.06620063626757983,0.06620063626757983,0.06620063626757983,0.9866929650306702,0.9811048097419739,ok,True,True,-0.0506972369051783,0.0777824459277912,1.0,0.0,0.9804841750435145
6,1767151937173,-0.5551910540621485,-0.3101989883785804,-0.26713030640572605,-0.26713030640572605,-0.26713030640572605,0.9876782894134521,0.9850488975448608,ok,True,True,-0.22506426024632362,0.24499206568356813,1.0,0.0,0.9804841750435145
7,1767151937203,0.37771088430097255,0.10254693522915136,0.05927554191237394,0.05927554191237394,0.05927554191237394,0.9841790795326233,0.9845270067375183,ok,True,True,-0.031174028208793864,0.2751639490718212,1.0,0.0,0.9804841750435145
8,1767151937230,0.15270840162810104,0.1326438150685212,0.12412289157424267,0.12412289157424267,0.12412289157424267,0.9862275123596191,0.9855473101107788,ok,True,True,0.010554420815036977,0.02006458655957985,1.0,0.0,0.9804841750435145
9,1767151937256,-0.47936069424744404,-0.23455889052105794,-0.19351430316709717,-0.19351430316709717,-0.19351430316709717,0.9851163625717163,0.9852887415873413,ok,True,True,-0.20685178146823713,0.2448018037263861,1.0,0.0,0.9804841750435145
10,1767151937282,0.4350635567726215,0.1672145778551497,0.1252571596779355,0.1252571596779355,0.1252571596779355,0.984179675579071,0.9846233019823791,ok,True,True,0.03142785420881514,0.2678489789174718,1.0,0.0,0.9804841750435145
11,1767151937310,-0.10925520306753568,0.0013327093015384761,0.015573581502383041,0.015573581502383041,0.015573581502383041,0.9865157008171082,0.9857587412832165,ok,True,True,-0.05463625678665143,0.11058791236907416,1.0,0.0,0.9804841750435145
12,1767151937340,-0.05718433298104009,-0.03377751606800866,-0.028369422634496086,-0.028369422634496086,-0.028369422634496086,0.9854241609573364,0.9855579930876885,ok,True,True,-0.08919222622369771,0.023406816913031425,1.0,0.0,0.9804841750435145
13,1767151937372,-0.3839031797588563,-0.24385291428251724,-0.21970685561015396,-0.21970685561015396,-0.21970685561015396,0.9867904186248779,0.9862974484100022,ok,True,True,-0.2513967568730201,0.14005026547633906,1.0,0.0,0.9804841750435145
14,1767151937396,0.6893084883417501,0.3160439272920431,0.25430023765141235,0.25430023765141235,0.25430023765141235,0.9798256754875183,0.9824143846565119,ok,True,True,0.18250156791407673,0.37326456104970696,1.0,0.0,0.9804841750435145
15,1767151937427,-0.7815843922053216,-0.34253306440637565,-0.2742042022992006,-0.2742042022992006,-0.2742042022992006,0.9860492944717407,0.9845953305456492,ok,True,True,-0.31761114099749915,0.43905132779894596,1.0,0.0,0.9804841750435145
16,1767151937459,0.3580779822904351,0.07783356361171079,0.036785249190893876,0.036785249190893876,0.036785249190893876,0.9858245253562927,0.9853328474320353,ok,True,True,-0.005917088538953064,0.2802444186787243,1.0,0.0,0.9804841750435145
17,1767151937492,-0.5740193289411065,-0.3132781719199796,-0.2737175409245854,-0.2737175409245854,-0.2737175409245854,0.9822136163711548,0.9834613087955071,ok,True,True,-0.31647948558388206,0.26074115702112693,1.0,0.0,0.9804841750435145
18,1767151937525,-0.17176323651794695,-0.22836921067876,-0.2346832832762926,-0.2346832832762926,-0.2346832832762926,0.9841664433479309,0.9838843895269613,ok,True,True,-0.2653950722652184,0.05660597416081306,1.0,0.0,0.9804841750435145
19,1767151937559,-0.077087359814322,-0.13760010016009722,-0.14955425048478294,-0.14955425048478294,-0.14955425048478294,0.9867036938667297,0.9855759721308224,ok,True,True,-0.1659989744189213,0.06051274034577521,1.0,0.0,0.9804841750435145
20,1767151937592,-0.20429890931702546,-0.17761938565425417,-0.17507893092286927,-0.17507893092286927,-0.17507893092286927,0.9866663813591003,0.9862302176677892,ok,True,True,-0.1876527606417717,0.026679523662771293,1.0,0.0,0.9804841750435145
21,1767151937752,-0.20093671737435437,-0.1916097846863143,-0.19045215340959026,-0.19045215340959026,-0.19045215340959026,0.9857838749885559,0.9859624120602493,ok,True,True,-0.19774463447403695,0.00932693268804008,1.0,0.0,0.9804841750435145
22,1767151937781,0.4853872365162589,0.2145884280352296,0.16825089952708136,0.16825089952708136,0.16825089952708136,0.9853389859199524,0.9855883563760712,ok,True,True,0.2145584301446017,0.27079880848102933,1.0,0.0,0.9804841750435145
23,1767151937814,-0.2723013966087932,-0.07754546675118407,-0.04909118969038534,-0.04909118969038534,-0.04909118969038534,0.9869601130485535,0.9864114103795605,ok,True,True,-0.04337145244149332,0.19475592985760914,1.0,0.0,0.9804841750435145
24,1767151937838,-0.40442691895078514,-0.2736743380709447,-0.24858994813072052,-0.24858994813072052,-0.24858994813072052,0.9866857528686523,0.9865760158730157,ok,True,True,-0.274627315971867,0.13075258087984043,1.0,0.0,0.9804841750435145
25,1767151937859,-0.295514889354859,-0.28677866884129327,-0.28351668136346964,-0.28351668136346964,-0.28351668136346964,0.9846741557121277,0.9854348997764829,ok,True,True,-0.30516527147435235,0.008736220513565707,1.0,0.0,0.9804841750435145
26,1767151937884,0.12054055837488739,-0.04238713251158488,-0.07060481733688106,-0.07060481733688106,-0.07060481733688106,0.9844092130661011,0.9848194877502539,ok,True,True,-0.03728379973491319,0.16292769088647227,1.0,0.0,0.9804841750435145
27,1767151937905,-0.31377992524171133,-0.20522280814966073,-0.1902543275427024,-0.1902543275427024,-0.1902543275427024,0.9884898066520691,0.987021679091343,ok,True,True,-0.181201292590415,0.1085571170920506,1.0,0.0,0.9804841750435145
28,1767151937929,-0.10914600367110704,-0.14757672546252854,-0.15304164132286904,-0.15304164132286904,-0.15304164132286904,0.9837468266487122,0.9850567676257644,ok,True,True,-0.12804737971776292,0.0384307217914215,1.0,0.0,0.9804841750435145
29,1767151937953,-0.3735292370981361,-0.2831482324438931,-0.2690384177392642,-0.2690384177392642,-0.2690384177392642,0.9818752408027649,0.9831478515319647,ok,True,True,-0.26673442041513223,0.09038100465424304,1.0,0.0,0.9804841750435145
30,1767151937975,-0.13016976115194598,-0.1913611496687248,-0.20106388727648622,-0.20106388727648622,-0.20106388727648622,0.9875769019126892,0.9858052817603994,ok,True,True,-0.1704491456034296,0.06119138851677883,1.0,0.0,0.9804841750435145
31,1767151938001,-0.05483367228949741,-0.10944466324118837,-0.12034631424166321,-0.12034631424166321,-0.12034631424166321,0.9805635809898376,0.9826602612980624,ok,True,True,-0.06132156778889697,0.05461099095169096,1.0,0.0,0.9804841750435145
32,1767151938025,1.0459537170776656,0.583794364950124,0.504699575911824,0.504699575911824,0.504699575911824,0.9832404851913452,0.9830083956340321,ok,True,True,0.736721557723402,0.46215935212754156,1.0,0.0,0.9804841750435145
33,1767151938059,3.3424227713084744,2.2389714087651345,2.0475373155890098,2.0475373155890098,2.0475373155890098,0.9811000823974609,0.9818634076920894,ok,True,True,2.6821911174053903,1.10345136254334,1.0,0.0,0.9804841750435145
34,1767151938095,5.427079480487659,4.151836251798649,3.9262955105664394,3.9262955105664394,3.9262955105664394,0.9822783470153809,0.9821123712860642,ok,True,True,4.989337952287405,1.2752432286890105,1.0,0.0,0.9804841750435145
35,1767151938125,8.121442398621136,6.533599939892141,6.260433435388093,6.260433435388093,6.260433435388093,0.9850828051567078,0.9838946316084503,ok,True,True,7.800375201811701,1.5878424587289954,1.0,0.0,0.9804841750435145
36,1767151938159,13.6601622268878,10.809537312089537,10.329667425082107,10.329667425082107,10.329667425082107,0.9727602601051331,0.97721400870646,ok,True,True,12.765367021724543,2.8506249147982636,1.0,0.0,0.9804841750435145
37,1767151938192,21.24496264071107,17.070792509262457,16.364345169427438,16.364345169427438,16.364345169427438,0.9775153994560242,0.9773948431561985,ok,True,True,20.110821869107095,4.174170131448612,1.0,0.0,0.9804841750435145
38,1767151938225,27.876337376979286,23.554119429892552,22.825019623785572,22.825019623785572,22.825019623785572,0.9763656258583069,0.9767773127774635,ok,True,True,27.725943168016087,4.322217947086735,1.0,0.0,0.9804841750435145
39,1767151938259,39.33006665893238,33.01968776731645,31.983110287706204,31.983110287706204,31.983110287706204,0.9646254181861877,0.969486176022698,ok,True,True,38.59688111834707,6.310378891615933,1.0,0.0,0.9804841750435145
40,1767151938292,49.78596059300389,43.07945146272891,41.98275216250774,41.98275216250774,41.98275216250774,0.9222888350486755,0.9411677714382846,ok,True,True,50.14120458818006,6.706509130274981,1.0,0.0,0.9804841750435145
41,1767151938329,55.910437478387045,50.77804307212379,49.981733715486605,49.981733715486605,49.981733715486605,0.9502278566360474,0.9466038225569422,ok,True,True,58.55192235885036,5.132394406263252,1.0,0.0,0.9804841750435145
42,1767151938359,58.44207030649524,55.376459412746655,54.99165538862788,54.99165538862788,54.99165538862788,0.9447762370109558,0.9455072712293504,ok,True,True,62.62881144418216,3.065610893748584,1.0,0.0,0.9804841750435145
43,1767151938392,55.620760216345154,55.52303989490575,55.696950473071034,55.696950473071034,55.696950473071034,0.9171770215034485,0.9285091213938093,ok,True,True,60.78110500723878,0.09772032143940379,1.0,0.0,0.9804841750435145
44,1767151938425,52.14907001573943,53.49865796740596,53.9706740083139,53.9706740083139,53.9706740083139,0.9234620332717896,0.9254808685205974,ok,True,True,55.75337585321883,1.3495879516665283,1.0,0.0,0.9804841750435145
45,1767151938459,46.65826573315832,49.39442262685738,50.11334458182312,50.11334458182312,50.11334458182312,0.9404380321502686,0.9344551666984,ok,True,True,48.07789977979386,2.7361568936990537,1.0,0.0,0.9804841750435145
46,1767151938495,36.876011380981744,41.88337587933199,42.98182287160316,42.98182287160316,42.98182287160316,0.9575546979904175,0.9483148854736105,ok,True,True,36.32566598319255,5.007364498350249,1.0,0.0,0.9804841750435145
47,1767151938526,25.422420035108352,32.00680237279781,33.36803170686597,33.36803170686597,33.36803170686597,0.9264280796051025,0.9351828019525058,ok,True,True,21.73390171760891,6.584382337689455,1.0,0.0,0.9804841750435145
48,1767151938559,16.532525908536602,22.722236494241084,23.992256320010874,23.992256320010874,23.992256320010874,0.9710522890090942,0.9567044941864589,ok,True,True,8.096015502670253,6.189710585704482,1.0,0.0,0.9804841750435145
49,1767151938592,10.636149320282895,15.470584189866171,16.452498837328122,16.452498837328122,16.452498837328122,0.9715534448623657,0.9656138645920029,ok,True,True,-2.464910140877956,4.834434869583276,1.0,0.0,0.9804841750435145
50,1767151938626,4.877938705194681,9.114996899063277,9.925282119166432,9.925282119166432,9.925282119166432,0.9757248163223267,0.9716804356301971,ok,True,True,-11.192526054283388,4.237058193868596,1.0,0.0,0.9804841750435145
51,1767151938659,1.7429447277983605,4.691765596304327,5.2345522032630205,5.2345522032630205,5.2345522032630205,0.9681504368782043,0.9695624363790015,ok,True,True,-17.04661972803262,2.9488208685059663,1.0,0.0,0.9804841750435145
52,1767151938692,0.05777389477503989,1.9113705753867547,2.21901281019244,2.21901281019244,2.21901281019244,0.9657535552978516,0.9672771077303115,ok,True,True,-20.36860578917831,1.8535966806117148,1.0,0.0,0.9804841750435145
53,1767151938726,-1.1352467532177393,0.08340017822405843,0.2460549576119111,0.2460549576119111,0.2460549576119111,0.9800623059272766,0.9749482266484906,ok,True,True,-22.126906226547156,1.2186469314417976,1.0,0.0,0.9804841750435145
54,1767151938759,-0.12806623593653127,-0.04347967027229539,-0.09350561059049972,-0.09350561059049972,-0.09350561059049972,0.9639820456504822,0.9683685180496855,ok,True,True,-21.58558725997851,0.08458656566423588,1.0,0.0,0.9804841750435145
55,1767151938792,0.544567562043924,0.3093486691174362,0.18403200282616505,0.18403200282616505,0.18403200282616505,0.9702535271644592,0.9694995235185497,ok,True,True,-20.228337713971793,0.2352188929264878,1.0,0.0,0.9804841750435145
56,1767151938825,3.0130658970064084,1.9315790058508195,1.6611845962079972,1.6611845962079972,1.6611845962079972,0.9836863875389099,0.9780116419307658,ok,True,True,-17.29740314729726,1.0814868911555888,1.0,0.0,0.9804841750435145
57,1767151938859,6.602794897814828,4.7343085410292245,4.326836567571344,4.326836567571344,4.326836567571344,0.9897327423095703,0.9850443021580486,ok,True,True,-12.877308863357985,1.8684863567856036,1.0,0.0,0.9804841750435145
58,1767151938892,13.443987653315686,9.960116008401101,9.283285454376617,9.283285454376617,9.283285454376617,0.9771726131439209,0.980321288749572,ok,True,True,-5.530312082579433,3.4838716449145846,1.0,0.0,0.9804841750435145
59,1767151938925,20.72140900820232,16.416891808281832,15.599926408479725,15.599926408479725,15.599926408479725,0.971569299697876,0.9750700953185544,ok,True,True,3.343352751789249,4.304517199920486,1.0,0.0,0.9804841750435145
60,1767151938959,30.4197235085452,24.818590828439852,23.80190027523514,23.80190027523514,23.80190027523514,0.9649823904037476,0.9690174723696703,ok,True,True,14.392617152398127,5.601132680105348,1.0,0.0,0.9804841750435145
61,1767151938995,39.442829404086574,33.59313397382788,32.553665135124476,32.553665135124476,32.553665135124476,0.9735521674156189,0.9717382893972395,ok,True,True,25.695239334818908,5.849695430258691,1.0,0.0,0.9804841750435145
62,1767151939025,49.32775417825269,43.03390609648277,41.959602507905615,41.959602507905615,41.959602507905615,0.939390242099762,0.9523294610187529,ok,True,True,37.38209937486291,6.293848081769923,1.0,0.0,0.9804841750435145
63,1767151939059,55.39020005912773,50.447682474069744,49.63926795048258,49.63926795048258,49.63926795048258,0.9602105617523193,0.9570581214588928,ok,True,True,46.18021637707422,4.942517585057985,1.0,0.0,0.9804841750435145
64,1767151939092,56.800107950437734,54.259137759890535,53.915269087327324,53.915269087327324,53.915269087327324,0.9321961402893066,0.9421409327571411,ok,True,True,49.92404896151451,2.540970190547199,1.0,0.0,0.9804841750435145
65,1767151939125,55.57342515166167,55.04771019495321,55.10706035491868,55.10706035491868,55.10706035491868,0.9208925366401672,0.9293918950869567,ok,True,True,49.27765282546626,0.5257149567084554,1.0,0.0,0.9804841750435145
66,1767151939158,52.85813618077047,53.73396578644357,54.07058549895595,54.07058549895595,54.07058549895595,0.9374932646751404,0.9342527168398669,ok,True,True,45.610274766051155,0.875829605673097,1.0,0.0,0.9804841750435145
67,1767151939192,44.77155879302098,48.35652159039002,49.16403722585337,49.16403722585337,49.16403722585337,0.9493906497955322,0.943335476613266,ok,True,True,36.81004875262178,3.5849627973690374,1.0,0.0,0.9804841750435145
68,1767151939227,36.79274396753659,41.41825501667796,42.41979881440185,42.41979881440185,42.41979881440185,0.9418386816978455,0.9424373996640136,ok,True,True,25.89242367127192,4.625511049141373,1.0,0.0,0.9804841750435145
69,1767151939259,23.452123830673223,30.63857630507512,32.049920117208536,32.049920117208536,32.049920117208536,0.9336169362068176,0.937145121589696,ok,True,True,10.503933189171285,7.1864524744018965,1.0,0.0,0.9804841750435145
70,1767151939292,14.924794689591145,21.210307335784734,22.459282136770526,22.459282136770526,22.459282136770526,0.964390754699707,0.9534925014557025,ok,True,True,-3.1171735141967805,6.285512646193588,1.0,0.0,0.9804841750435145
71,1767151939326,9.511924292040154,14.191277509537986,15.102528029222576,15.102528029222576,15.102528029222576,0.9803990125656128,0.9696364081216486,ok,True,True,-13.057106016074313,4.679353217497832,1.0,0.0,0.9804841750435145
72,1767151939358,4.701173619059994,8.497215175251192,9.1858934952169,9.1858934952169,9.1858934952169,0.9758400917053223,0.9733586182718528,ok,True,True,-20.57058651844187,3.7960415561911978,1.0,0.0,0.9804841750435145
73,1767151939394,3.0685736744120793,5.240030274747724,5.603914952466338,5.603914952466338,5.603914952466338,0.9637156128883362,0.9675728150417429,ok,True,True,-24.541226486357743,2.171456600335645,1.0,0.0,0.9804841750435145
74,1767151939425,1.0884495242983665,2.7490818244781097,2.9764168275946705,2.9764168275946705,2.9764168275946705,0.9740478992462158,0.9714578655644266,ok,True,True,-27.022236756467493,1.6606323001797432,1.0,0.0,0.9804841750435145
75,1767151939459,0.4062061794321916,1.3433564374505589,1.4250931629845422,1.4250931629845422,1.4250931629845422,0.9886512160301208,0.9817738758438432,ok,True,True,-27.914389272015004,0.9371502580183673,1.0,0.0,0.9804841750435145
76,1767151939492,1.4873491721155092,1.429752078249529,1.32537856443337,1.32537856443337,1.32537856443337,0.9795266389846802,0.9804255337283454,ok,True,True,-26.77501495347139,0.05759709386598022,1.0,0.0,0.9804841750435145
77,1767151939525,3.3548082817981433,2.584785800378697,2.3446064222914247,2.3446064222914247,2.3446064222914247,0.9831862449645996,0.9820819604700979,ok,True,True,-24.15284275293062,0.7700224814194461,1.0,0.0,0.9804841750435145
78,1767151939558,7.0450237166675205,5.260928550151991,4.845574617710939,4.845574617710939,4.845574617710939,0.9877955913543701,0.9855101390006613,ok,True,True,-19.617723114753318,1.7840951665155291,1.0,0.0,0.9804841750435145
79,1767151939592,11.27492555803382,8.869326754881088,8.347245282769872,8.347245282769872,8.347245282769872,0.9897975921630859,0.988082610898116,ok,True,True,-13.91674217266571,2.4055988031527313,1.0,0.0,0.9804841750435145
80,1767151939625,20.242288035366705,15.693103523172459,14.821450738775752,14.821450738775752,14.821450738775752,0.9633840322494507,0.9732634637089168,ok,True,True,-4.397726596144354,4.5491845121942465,1.0,0.0,0.9804841750435145
81,1767151939661,25.374188385906823,21.501754440813077,20.739801676786648,20.739801676786648,20.739801676786648,0.972684919834137,0.9729163373840489,ok,True,True,3.92394214952286,3.8724339450937464,1.0,0.0,0.9804841750435145
82,1767151939692,32.66289176264553,28.19843683391255,27.38057632356682,27.38057632356682,27.38057632356682,0.9744971394538879,0.9738648186259524,ok,True,True,12.856841230295387,4.46445492873298,1.0,0.0,0.9804841750435145
83,1767151939732,39.350061643152124,34.88941171945629,34.09918409140524,34.09918409140524,34.09918409140524,0.958581268787384,0.9646946887228114,ok,True,True,21.488483605735606,4.460649923695833,1.0,0.0,0.9804841750435145
84,1767151939762,49.24564197947501,43.50314987546752,42.53352235217314,42.53352235217314,42.53352235217314,0.9551064968109131,0.9589417735756723,ok,True,True,32.080330176535426,5.742492104007489,1.0,0.0,0.9804841750435145
85,1767151939792,54.595441104583486,50.1585246129371,49.42685303686148,49.42685303686148,49.42685303686148,0.9632684588432312,0.9615377847362077,ok,True,True,40.07326279690642,4.436916491646386,1.0,0.0,0.9804841750435145
86,1767151939825,57.283792308576736,54.433685230320876,54.023962528643864,54.023962528643864,54.023962528643864,0.923815906047821,0.9389046575231758,ok,True,True,44.54937668361413,2.85010707825586,1.0,0.0,0.9804841750435145
87,1767151939858,57.186627835101866,56.08545079318947,56.02110736956735,56.02110736956735,56.02110736956735,0.9367653131484985,0.9376210508983694,ok,True,True,45.25234296831088,1.1011770419123934,1.0,0.0,0.9804841750435145
88,1767151939892,54.319775849304385,55.02604582685842,55.30545466818198,55.30545466818198,55.30545466818198,0.9188815951347351,0.9263773774401889,ok,True,True,42.19961591512647,0.7062699775540366,1.0,0.0,0.9804841750435145
89,1767151939929,49.93556376611111,51.97175659041004,52.500819224963664,52.500819224963664,52.500819224963664,0.9490565657615662,0.9399848904330153,ok,True,True,36.419043488745366,2.0361928242989293,1.0,0.0,0.9804841750435145
90,1767151939959,42.21999994873288,46.12070260540374,46.968264211549425,46.968264211549425,46.968264211549425,0.9264633655548096,0.9318719755060918,ok,True,True,27.158221747072496,3.900702656670866,1.0,0.0,0.9804841750435145
91,1767151939992,33.13223651583245,38.32762295166097,39.39302323222147,39.39302323222147,39.39302323222147,0.9501954317092896,0.9428660492280105,ok,True,True,15.516847668467975,5.195386435828517,1.0,0.0,0.9804841750435145
92,1767151940025,21.580055356993967,28.27908239486077,29.577211975556537,29.577211975556537,29.577211975556537,0.954788088798523,0.950019272970318,ok,True,True,1.3321041861226668,6.699027037866802,1.0,0.0,0.9804841750435145
93,1767151940059,13.334696299500585,19.31245073764466,20.46303294153123,20.46303294153123,20.46303294153123,0.9704225659370422,0.9622612487503526,ok,True,True,-11.24069602876663,5.977754438144075,1.0,0.0,0.9804841750435145
94,1767151940092,5.307057849139284,10.909215004541435,11.933675333973445,11.933675333973445,11.933675333973445,0.9759520292282104,0.9704757170370673,ok,True,True,-22.43557614252356,5.602157155402152,1.0,0.0,0.9804841750435145
95,1767151940125,2.167431518399728,5.664144912856411,6.280405463558439,6.280405463558439,6.280405463558439,0.9728007316589355,0.9718707258101882,ok,True,True,-29.169957621788978,3.496713394456683,1.0,0.0,0.9804841750435145
96,1767151940160,1.01543535944419,2.8749191808090786,3.146477169233533,3.146477169233533,3.146477169233533,0.9676410555839539,0.9693329236744476,ok,True,True,-32.137549408248645,1.8594838213648885,1.0,0.0,0.9804841750435145
97,1767151940192,-0.8005965818572119,0.6696097232093042,0.8264866981102892,0.8264866981102892,0.8264866981102892,0.9762945771217346,0.9735099157428198,ok,True,True,-33.851934076062065,1.4702063050665162,1.0,0.0,0.9804841750435145
98,1767151940225,0.02623251121712734,0.2835833960139981,0.2182379867401294,0.2182379867401294,0.2182379867401294,0.9672035574913025,0.9697261007919094,ok,True,True,-33.13781445343803,0.2573508847968708,1.0,0.0,0.9804841750435145
99,1767151940258,1.3578904139810375,0.9281676067942217,0.7256538369104828,0.7256538369104828,0.7256538369104828,0.9840725064277649,0.9783339441734227,ok,True,True,-30.92463491743001,0.42972280718681577,1.0,0.0,0.9804841750435145
100,1767151940292,3.8155952507070507,2.660624193141919,2.32962088376813,2.32962088376813,2.32962088376813,0.9757527112960815,0.976785204447018,ok,True,True,-27.307205479650875,1.154971057565132,1.0,0.0,0.9804841750435145
101,1767151940325,6.241034539456728,4.808870400930804,4.430579584108427,4.430579584108427,4.430579584108427,0.9845027327537537,0.9814157214310595,ok,True,True,-23.17293707564329,1.4321641385259243,1.0,0.0,0.9804841750435145
102,1767151940360,10.560152287705222,8.259639532995454,7.746081106718673,7.746081106718673,7.746081106718673,0.9856131672859192,0.9839341889439753,ok,True,True,-17.560294274008466,2.300512754709768,1.0,0.0,0.9804841750435145
103,1767151940394,18.214616169113306,14.232625514666164,13.44335402477991,13.44335402477991,13.44335402477991,0.9708831906318665,0.97610358995671,ok,True,True,-8.93431889591296,3.9819906544471415,1.0,0.0,0.9804841750435145
104,1767151940425,28.002008640258687,22.494255390021678,21.45087499636957,21.45087499636957,21.45087499636957,0.9693007469177246,0.9720218841333187,ok,True,True,2.468923120592942,5.507753250237009,1.0,0.0,0.9804841750435145
105,1767151940465,37.36093716383803,31.41426445431149,30.31146720945941,30.31146720945941,30.31146720945941,0.9613123536109924,0.965596165819923,ok,True,True,14.521637518288298,5.946672709526542,1.0,0.0,0.9804841750435145
106,1767151940492,43.82457587985522,38.860451309637725,37.960350489950876,37.960350489950876,37.960350489950876,0.9575188755989075,0.9607497916873137,ok,True,True,24.35911058702866,4.964124570217493,1.0,0.0,0.9804841750435145
107,1767151940525,51.809212757370254,46.62970817827724,45.75277074451877,45.75277074451877,45.75277074451877,0.9653145670890808,0.9634886569283739,ok,True,True,33.9434884191373,5.179504579093013,1.0,0.0,0.9804841750435145
108,1767151940561,56.21411525251842,52.38035242282194,51.76694717938258,51.76694717938258,51.76694717938258,0.9597029089927673,0.96121720816701,ok,True,True,40.64766517464044,3.833762829696475,1.0,0.0,0.9804841750435145
109,1767151940592,57.204685966869164,55.27495254925027,55.03465406860357,55.03465406860357,55.03465406860357,0.9139902591705322,0.9328810387691233,ok,True,True,43.274007985183395,1.9297334176188912,1.0,0.0,0.9804841750435145
110,1767151940629,56.64301599767017,56.09579061830222,56.138349628767834,56.138349628767834,56.138349628767834,0.8949969410896301,0.9101505801614274,ok,True,True,42.80885682502345,0.5472253793679513,1.0,0.0,0.9804841750435145
111,1767151940659,54.72211815177735,55.271587138387304,55.52758200187784,55.52758200187784,55.52758200187784,0.9247201085090637,0.9188922971700092,ok,True,True,40.01093330508276,0.549468986609952,1.0,0.0,0.9804841750435145
112,1767151940692,48.95013691806582,51.478717006194415,52.07944661670692,52.07944661670692,52.07944661670692,0.9423490166664124,0.932966328867851,ok,True,True,33.445166591697706,2.5285800881285923,1.0,0.0,0.9804841750435145
113,1767151940729,39.965480704740635,44.57077522532215,45.53321584685949,45.53321584685949,45.53321584685949,0.9500784277915955,0.9432335882220977,ok,True,True,22.9259835907198,4.605294520581516,1.0,0.0,0.9804841750435145
114,1767151940760,28.616381686576137,34.998139102074546,36.259212646106725,36.259212646106725,36.259212646106725,0.9297839999198914,0.9351638352407738,ok,True,True,9.142785801353636,6.381757415498409,1.0,0.0,0.9804841750435145
115,1767151940792,18.637539684144745,25.181779451316665,26.452106839938132,26.452106839938132,26.452106839938132,0.9318554401397705,0.9331787981801718,ok,True,True,-4.741597914297605,6.54423976717192,1.0,0.0,0.9804841750435145
116,1767151940832,10.822351533203678,16.566122700448872,17.651823469368466,17.651823469368466,17.651823469368466,0.9721673130989075,0.9565719071314132,ok,True,True,-16.608089620350356,5.743771167245194,1.0,0.0,0.9804841750435145
117,1767151940860,5.645116191135716,10.013518794860978,10.804217787358388,10.804217787358388,10.804217787358388,0.9782893657684326,0.9696023823136248,ok,True,True,-25.250293676073795,4.368402603725262,1.0,0.0,0.9804841750435145
118,1767151940892,1.2391964173997676,4.748925368384252,5.330798906507883,5.330798906507883,5.330798906507883,0.9781888127326965,0.9747542405650679,ok,True,True,-31.61008655973336,3.509728950984484,1.0,0.0,0.9804841750435145
119,1767151940925,-0.8624436715923973,1.3821039443982626,1.705207625637723,1.705207625637723,1.705207625637723,0.9789665341377258,0.9772816167086626,ok,True,True,-35.14157031157337,2.24454761599066,1.0,0.0,0.9804841750435145
120,1767151940959,-1.4015093657306719,-0.28806404167909805,-0.19633622334258793,-0.19633622334258793,-0.19633622334258793,0.972574770450592,0.9744575089538203,ok,True,True,-36.144146133691294,1.1134453240515738,1.0,0.0,0.9804841750435145
121,1767151940992,-1.0785952558178955,-0.7623827701623765,-0.8336723448537084,-0.8336723448537084,-0.8336723448537084,0.9831002354621887,0.9796431448588414,ok,True,True,-35.36495685922828,0.31621248565551896,1.0,0.0,0.9804841750435145
122,1767151941025,-0.30477959604133037,-0.4878208656897488,-0.6579854130552054,-0.6579854130552054,-0.6579854130552054,0.9794009923934937,0.9794978533796328,ok,True,True,-33.505069108361994,0.18304126964841844,1.0,0.0,0.9804841750435145
123,1767151941058,1.438450831862098,0.6679421528413594,0.3953139644282406,0.3953139644282406,0.3953139644282406,0.9734339118003845,0.9758594884320838,ok,True,True,-30.525255806578194,0.7705086790207387,1.0,0.0,0.9804841750435145
124,1767151941092,3.465657163846514,2.3465711594444523,2.0152377050852373,2.0152377050852373,2.0152377050852373,0.9725348949432373,0.9738647323387759,ok,True,True,-26.90379180597405,1.1190860044020616,1.0,0.0,0.9804841750435145
125,1767151941125,6.632244250830634,4.917975014276161,4.4939228765149855,4.4939228765149855,4.4939228765149855,0.982836902141571,0.979248034220453,ok,True,True,-22.268909873288088,1.7142692365544727,1.0,0.0,0.9804841750435145
126,1767151941159,13.768873099700832,10.228513865530964,9.505651356925927,9.505651356925927,9.505651356925927,0.9613693356513977,0.9685208150790199,ok,True,True,-14.368027328422128,3.540359234169868,1.0,0.0,0.9804841750435145
127,1767151941193,18.86909987793999,15.41286547297638,14.70013012565389,14.70013012565389,14.70013012565389,0.9795571565628052,0.975142619969291,ok,True,True,-6.577826651002826,3.4562344049636113,1.0,0.0,0.9804841750435145
128,1767151941226,28.775065651596904,23.43018558014869,22.431384196341796,22.431384196341796,22.431384196341796,0.9654096364974976,0.969302829886215,ok,True,True,4.339087267716812,5.3448800714482125,1.0,0.0,0.9804841750435145
129,1767151941258,36.84749309650391,31.480570089961823,30.486764996082876,30.486764996082876,30.486764996082876,0.947612464427948,0.9562886106112548,ok,True,True,15.20140083186035,5.366923006542088,1.0,0.0,0.9804841750435145
130,1767151941292,44.69211335845082,39.40749605105522,38.46843751628151,38.46843751628151,38.46843751628151,0.9627666473388672,0.9601754326478222,ok,True,True,25.465341072809423,5.2846173073955995,1.0,0.0,0.9804841750435145
131,1767151941325,53.45980186574562,47.83887953986945,46.887814456829105,46.887814456829105,46.887814456829105,0.9137819409370422,0.9323393376213542,ok,True,True,35.86052054183956,5.620922325876165,1.0,0.0,0.9804841750435145
132,1767151941358,58.466755117424775,54.215604886402645,53.53118517909642,53.53118517909642,53.53118517909642,0.9415489435195923,0.9378651011602971,ok,True,True,43.341260127456685,4.25115023102213,1.0,0.0,0.9804841750435145
133,1767151941392,60.12952857950691,57.763959102265204,57.45279310106052,57.45279310106052,57.45279310106052,0.8675572872161865,0.8956804127938307,ok,True,True,46.74232112190848,2.3655694772417064,1.0,0.0,0.9804841750435145
134,1767151941425,59.77195228223303,58.9687550102459,58.973455366318746,58.973455366318746,58.973455366318746,0.8856527805328369,0.8896638334372344,ok,True,True,46.69094595219641,0.8031972719871305,1.0,0.0,0.9804841750435145
135,1767151941458,60.59360877231864,59.943667267489545,60.009085702468305,60.009085702468305,60.009085702468305,0.9191805720329285,0.9073738765946509,ok,True,True,45.975918248258175,0.6499415048290942,1.0,0.0,0.9804841750435145
136,1767151941492,56.54639752117745,57.90530541970229,58.3111410589621,58.3111410589621,58.3111410589621,0.9136642813682556,0.9111481194588137,ok,True,True,41.5401066608845,1.3589078985248406,1.0,0.0,0.9804841750435145
137,1767151941525,48.942257319513,52.52747655958871,53.32750871802513,53.32750871802513,53.32750871802513,0.886711597442627,0.8964862062491017,ok,True,True,32.79569640167412,3.585219240075716,1.0,0.0,0.9804841750435145
138,1767151941562,40.93599321416844,45.572586552336546,46.56009262388533,46.56009262388533,46.56009262388533,0.8417129516601562,0.8636222534957345,ok,True,True,22.002178601624884,4.636593338168105,1.0,0.0,0.9804841750435145
139,1767151941600,30.2521714030671,36.380337462774875,37.59831624078838,37.59831624078838,37.59831624078838,0.8849084377288818,0.8763939640356229,ok,True,True,8.689571903473379,6.128166059707777,1.0,0.0,0.9804841750435145
140,1767151941626,19.924379855679685,26.506762898517763,27.77697844119644,27.77697844119644,27.77697844119644,0.9346697330474854,0.9113594254427404,ok,True,True,-5.193991017253817,6.582383042838078,1.0,0.0,0.9804841750435145
141,1767151941658,9.857350719627192,16.517115591183423,17.75446571701523,17.75446571701523,17.75446571701523,0.9732646942138672,0.9485025867054164,ok,True,True,-18.718335844462054,6.659764871556231,1.0,0.0,0.9804841750435145
142,1767151941692,2.863991478871362,8.325241123796188,9.307966819552272,9.307966819552272,9.307966819552272,0.9713842868804932,0.9622316068104625,ok,True,True,-29.459616097672022,5.461249644924825,1.0,0.0,0.9804841750435145
143,1767151941725,-0.74319793069233,2.884177691103077,3.49151766076419,3.49151766076419,3.49151766076419,0.9507438540458679,0.9553389551517057,ok,True,True,-36.097898094519415,3.627375621795407,1.0,0.0,0.9804841750435145
144,1767151941758,-2.6369683475776107,-0.4285099321053354,-0.1253016256232624,-0.1253016256232624,-0.1253016256232624,0.9671885967254639,0.9624487400959606,ok,True,True,-39.411993585917834,2.2084584154722755,1.0,0.0,0.9804841750435145
145,1767151941792,-3.0369657366956933,-1.99358341485955,-1.931692230508057,-1.931692230508057,-1.931692230508057,0.9807871580123901,0.9734517908458182,ok,True,True,-40.088470215779985,1.0433823218361433,1.0,0.0,0.9804841750435145
146,1767151941825,-1.2677458524422502,-1.5580808774091701,-1.74891596685531,-1.74891596685531,-1.74891596685531,0.9655736684799194,0.9687249174262789,ok,True,True,-38.00262387988653,0.2903350249669199,1.0,0.0,0.9804841750435145
147,1767151941858,0.11696571497601319,-0.5530529219780602,-0.8278967716964005,-0.8278967716964005,-0.8278967716964005,0.9812980890274048,0.9762688203869545,ok,True,True,-34.9985530499994,0.6700186369540734,1.0,0.0,0.9804841750435145
148,1767151941892,2.0183685949379897,0.9897999881715697,0.6567313000269543,0.6567313000269543,0.6567313000269543,0.9738124012947083,0.9747949689316068,ok,True,True,-31.35807838693407,1.0285686067664201,1.0,0.0,0.9804841750435145
149,1767151941925,4.493183252883372,3.0918299469986508,2.7033985994286063,2.7033985994286063,2.7033985994286063,0.984090268611908,0.9803721487397875,ok,True,True,-27.11248367755243,1.4013533058847214,1.0,0.0,0.9804841750435145
150,1767151941958,11.639444637985907,8.220398761591005,7.503801991990407,7.503801991990407,7.503801991990407,0.9676192998886108,0.9727204394290815,ok,True,True,-19.280006130763883,3.419045876394902,1.0,0.0,0.9804841750435145
151,1767151941992,19.253205881209382,14.840083033362031,13.949581361281217,13.949581361281217,13.949581361281217,0.96739661693573,0.9695261459330706,ok,True,True,-9.54672880173557,4.413122847847351,1.0,0.0,0.9804841750435145
152,1767151942025,27.7903917046533,22.610268236136793,21.608164266911427,21.608164266911427,21.608164266911427,0.9635339975357056,0.9659308568946515,ok,True,True,1.4063744793418316,5.180123468516506,1.0,0.0,0.9804841750435145
153,1767151942062,35.68173206626171,30.45314653421174,29.471221904896517,29.471221904896517,29.471221904896517,0.9698074460029602,0.9682568103596367,ok,True,True,12.138916365155374,5.228585532049969,1.0,0.0,0.9804841750435145
154,1767151942092,44.67304944276904,38.98508827934612,37.96843925150348,37.96843925150348,37.96843925150348,0.9525566697120667,0.9588367259710947,ok,True,True,23.251000552429517,5.687961163422919,1.0,0.0,0.9804841750435145
155,1767151942125,49.42346457555406,45.248114057070886,44.52215443625058,44.52215443625058,44.52215443625058,0.9608364105224609,0.9600365367019145,ok,True,True,31.185818556364463,4.175350518483171,1.0,0.0,0.9804841750435145
156,1767151942158,55.334979648554764,51.300233411961216,50.659774314227434,50.659774314227434,50.659774314227434,0.9407920241355896,0.9484898291621195,ok,True,True,38.186106960948216,4.0347462365935485,1.0,0.0,0.9804841750435145
157,1767151942192,59.374299806469836,56.144673248666386,55.67458388807786,55.67458388807786,55.67458388807786,0.9509779214859009,0.9499826845563883,ok,True,True,43.324235703109814,3.2296265578034493,1.0,0.0,0.9804841750435145
158,1767151942225,61.603634221243645,59.42004983221274,59.163207261605315,59.163207261605315,59.163207261605315,0.8448188304901123,0.8868843721166226,ok,True,True,46.131553581838446,2.183584389030905,1.0,0.0,0.9804841750435145
159,1767151942259,59.33935025227601,59.371630084250704,59.51998798347608,59.51998798347608,59.51998798347608,0.8953713178634644,0.8919765395647277,ok,True,True,44.50998515284115,0.032279831974690865,1.0,0.0,0.9804841750435145
160,1767151942292,56.86028256520657,57.86482157282422,58.21513537543916,58.21513537543916,58.21513537543916,0.9098477959632874,0.9026992934038635,ok,True,True,40.68101594181544,1.0045390076176517,1.0,0.0,0.9804841750435145
161,1767151942327,51.98235702141283,54.335342841977386,54.91969457267156,54.91969457267156,54.91969457267156,0.9377666711807251,0.9237397200699805,ok,True,True,34.2939856251226,2.3529858205645553,1.0,0.0,0.9804841750435145
162,1767151942359,44.875418913697914,48.6593884850097,49.48565964494663,49.48565964494663,49.48565964494663,0.8899537324905396,0.903468127522316,ok,True,True,25.262748324892634,3.7839695713117862,1.0,0.0,0.9804841750435145
163,1767151942392,32.67869119110776,39.07097010866853,40.32729891397144,40.32729891397144,40.32729891397144,0.8451189398765564,0.8684586149348602,ok,True,True,11.530931814694808,6.392278917560773,1.0,0.0,0.9804841750435145
164,1767151942425,21.937384518791724,28.790818754742446,30.12126128341477,30.12126128341477,30.12126128341477,0.9428051114082336,0.9130665128188843,ok,True,True,-3.0109565609307793,6.853434235950722,1.0,0.0,0.9804841750435145
165,1767151942458,13.49482284602154,19.613221209509902,20.77478431624069,20.77478431624069,20.77478431624069,0.9709720015525818,0.9478098060591027,ok,True,True,-15.706973979042363,6.118398363488362,1.0,0.0,0.9804841750435145
166,1767151942492,5.590447524881549,11.199556998732891,12.209780339484302,12.209780339484302,12.209780339484302,0.9783421158790588,0.9661291919510764,ok,True,True,-26.74883075520816,5.609109473851342,1.0,0.0,0.9804841750435145
167,1767151942525,1.5403913420965543,5.404057604751089,6.0641084510273435,6.0641084510273435,6.0641084510273435,0.955696702003479,0.959869697982518,ok,True,True,-33.96326224431348,3.863666262654535,1.0,0.0,0.9804841750435145
168,1767151942563,-0.2833880090146266,1.9915902364916598,2.31975874665372,2.31975874665372,2.31975874665372,0.9612071514129639,0.9606721700407855,ok,True,True,-37.55018179353687,2.2749782455062864,1.0,0.0,0.9804841750435145
169,1767151942592,-1.8918836237350842,-0.3384940796443865,-0.18151074123293554,-0.18151074123293554,-0.18151074123293554,0.9799925684928894,0.9722644091120478,ok,True,True,-39.26602776581422,1.5533895440906977,1.0,0.0,0.9804841750435145
170,1767151942625,-2.390982338780479,-1.5699870351260419,-1.5611021946889112,-1.5611021946889112,-1.5611021946889112,0.9828457236289978,0.9786131978222179,ok,True,True,-39.3631400969837,0.8209953036544371,1.0,0.0,0.9804841750435145
171,1767151942658,-0.7020412529120434,-1.0492195657976429,-1.2527882178567495,-1.2527882178567495,-1.2527882178567495,0.9861239194869995,0.9831196308210869,ok,True,True,-37.138111205082595,0.3471783128855994,1.0,0.0,0.9804841750435145
172,1767151942692,1.0124352497107296,0.18777332350738057,-0.11116425450036482,-0.11116425450036482,-0.11116425450036482,0.9809138774871826,0.9817961788207443,ok,True,True,-33.87068888365609,0.824661926203349,1.0,0.0,0.9804841750435145
173,1767151942725,4.4635040064014015,2.753211733243793,2.3075228619527057,2.3075228619527057,2.3075228619527057,0.9828400015830994,0.9824224724781574,ok,True,True,-28.99925787931157,1.7102922731576085,1.0,0.0,0.9804841750435145
174,1767151942758,9.249903213977978,6.6512266216843035,6.058558069328065,6.058558069328065,6.058558069328065,0.9797669649124146,0.9808291679387117,ok,True,True,-22.52132185212116,2.5986765922936748,1.0,0.0,0.9804841750435145
175,1767151942791,16.713877369321295,12.688817070266499,11.865053628410212,11.865053628410212,11.865053628410212,0.958940327167511,0.9676958634759913,ok,True,True,-13.517491776190981,4.025060299054797,1.0,0.0,0.9804841750435145
176,1767151942825,26.909279016880625,21.221094238234976,20.126612298993273,20.126612298993273,20.126612298993273,0.9633617401123047,0.9650953894577793,ok,True,True,-1.5546769675485308,5.688184778645649,1.0,0.0,0.9804841750435145
177,1767151942872,35.141195053939974,29.573154727657972,28.513076429049764,28.513076429049764,28.513076429049764,0.9652966260910034,0.9652161314377138,ok,True,True,10.03210215607516,5.568040326282002,1.0,0.0,0.9804841750435145
178,1767151942895,44.25691353232614,38.383410010458874,37.31913919763069,37.31913919763069,37.31913919763069,0.9682186245918274,0.9670176273301819,ok,True,True,21.66470604457149,5.8735035218672635,1.0,0.0,0.9804841750435145
179,1767151942925,50.421960867150865,45.60654052447407,44.76221084528044,44.76221084528044,44.76221084528044,0.9471139907836914,0.9550754454022876,ok,True,True,30.893327806342008,4.815420342676795,1.0,0.0,0.9804841750435145
180,1767151942958,57.2463139262551,52.590404565542684,51.831657834115965,51.831657834115965,51.831657834115965,0.9489188194274902,0.9513814698174092,ok,True,True,39.186518035333215,4.655909360712414,1.0,0.0,0.9804841750435145
181,1767151942992,61.31483630170983,57.825063607242974,57.30194338473096,57.30194338473096,57.30194338473096,0.9491331577301025,0.9500324825650253,ok,True,True,44.90428308844066,3.4897726944668577,1.0,0.0,0.9804841750435145
182,1767151943025,61.569575504231224,60.07177074543593,59.92969380123775,59.92969380123775,59.92969380123775,0.9226617813110352,0.9336100618126312,ok,True,True,46.45720067040761,1.4978047587952972,1.0,0.0,0.9804841750435145
183,1767151943058,60.89477496033216,60.56557327437366,60.667435750385536,60.667435750385536,60.667435750385536,0.8818234205245972,0.9025380770398108,ok,True,True,45.343831913392435,0.32920168595849475,1.0,0.0,0.9804841750435145
184,1767151943092,57.97377156857938,59.01049225089709,59.36410646911876,59.36410646911876,59.36410646911876,0.9300311207771301,0.9190339032822024,ok,True,True,41.47878719940166,1.036720682317707,1.0,0.0,0.9804841750435145
185,1767151943125,53.39232238608938,55.63959033201247,56.20958009266346,56.20958009266346,56.20958009266346,0.9362027049064636,0.9293351842567592,ok,True,True,35.24873250312801,2.2472679459230847,1.0,0.0,0.9804841750435145
186,1767151943165,45.9119395845985,49.802999883564084,50.64914802020953,50.64914802020953,50.64914802020953,0.9519699215888977,0.9429160266560423,ok,True,True,26.000234447570534,3.8910602989655843,1.0,0.0,0.9804841750435145
187,1767151943191,36.991343185620345,42.11600586479784,43.16508553355361,43.16508553355361,43.16508553355361,0.9530513882637024,0.9489972436206384,ok,True,True,14.53367098078815,5.124662679177497,1.0,0.0,0.9804841750435145
188,1767151943225,26.759848263873018,32.90231130424294,34.10177091577972,34.10177091577972,34.10177091577972,0.9359696507453918,0.9411806878954905,ok,True,True,1.4234371103831176,6.142463040369925,1.0,0.0,0.9804841750435145
189,1767151943425,16.6316789604938,23.139931897993456,24.368638746173794,24.368638746173794,24.368638746173794,0.9630930423736572,0.9543281005823905,ok,True,True,-12.00647251754759,6.508252937499655,1.0,0.0,0.9804841750435145
190,1767151943449,9.734966932913967,15.096952918945762,16.08706573124775,16.08706573124775,16.08706573124775,0.9685057401657104,0.9628346843323825,ok,True,True,-22.82852144323771,5.3619859860317955,1.0,0.0,0.9804841750435145
191,1767151943471,4.517138152057822,8.749064058812998,9.483105019708006,9.483105019708006,9.483105019708006,0.9682869911193848,0.9661060684045839,ok,True,True,-30.851675080839044,4.231925906755175,1.0,0.0,0.9804841750435145
192,1767151943499,2.2250773050407378,4.834672006549642,5.238692057240627,5.238692057240627,5.238692057240627,0.9617380499839783,0.9634852573522206,ok,True,True,-35.26766154379222,2.6095947015089043,1.0,0.0,0.9804841750435145
193,1767151943521,0.7901972359684989,2.4079871442009564,2.5927086994528072,2.5927086994528072,2.5927086994528072,0.9805124998092651,0.9737016028264474,ok,True,True,-37.28668977682575,1.6177899082324574,1.0,0.0,0.9804841750435145
194,1767151943549,1.1781367127861992,1.6700768853521022,1.6343340611260837,1.6343340611260837,1.6343340611260837,0.9790211915969849,0.9768933560887698,ok,True,True,-36.89601652120572,0.49194017256590294,1.0,0.0,0.9804841750435145
195,1767151943574,3.912006823080225,3.015234847988976,2.7238564374891827,2.7238564374891827,2.7238564374891827,0.9808134436607361,0.9792454086319496,ok,True,True,-33.71121635773579,0.8967719750912493,1.0,0.0,0.9804841750435145
196,1767151943601,7.144033085208367,5.4925137903206105,5.058101005253383,5.058101005253383,5.058101005253383,0.9769213795661926,0.9778509911924954,ok,True,True,-28.963033715686127,1.6515192948877564,1.0,0.0,0.9804841750435145
197,1767151943625,10.968282158188911,8.777974811041592,8.255064436787803,8.255064436787803,8.255064436787803,0.9914547204971313,0.986013228775277,ok,True,True,-23.247562046413552,2.1903073471473196,1.0,0.0,0.9804841750435145
198,1767151943656,19.329737416095888,15.10903237407417,14.257599819214828,14.257599819214828,14.257599819214828,0.9819910526275635,0.9835999230866489,ok,True,True,-13.941304432613949,4.220705042021718,1.0,0.0,0.9804841750435145
199,1767151943686,27.5673605584528,22.584029284701348,21.60288186669878,21.60288186669878,21.60288186669878,0.9706401824951172,0.9758240787317298,ok,True,True,-3.217248149568494,4.983331273751453,1.0,0.0,0.9804841750435145
200,1767151943720,38.54673340965656,32.16165175967447,30.971256645786646,30.971256645786646,30.971256645786646,0.9489791393280029,0.9597171150894936,ok,True,True,9.793909989869197,6.385081649982091,1.0,0.0,0.9804841750435145
201,1767151943744,45.85442598670054,40.37731629589011,39.36397530176561,39.36397530176561,39.36397530176561,0.9560655355453491,0.9575261673630069,ok,True,True,20.869845855569146,5.47710969081043,1.0,0.0,0.9804841750435145
202,1767151943773,55.36972229862903,49.37275989753346,48.33335578705777,48.33335578705777,48.33335578705777,0.9619410634040833,0.9601751049876527,ok,True,True,32.23065464834918,5.9969624010955656,1.0,0.0,0.9804841750435145
203,1767151943883,59.173712009903745,55.253331164955625,54.60092255358831,54.60092255358831,54.60092255358831,0.9764755964279175,0.9699553998518116,ok,True,True,39.361557268073085,3.92038084494812,1.0,0.0,0.9804841750435145
204,1767151943913,60.26350474425153,58.25943531253317,57.997555271349384,57.997555271349384,57.997555271349384,0.9177090525627136,0.9386075914783527,ok,True,True,42.22393682672901,2.0040694317183565,1.0,0.0,0.9804841750435145
205,1767151943938,59.816333215876284,59.19357405453904,59.21717275594958,59.21717275594958,59.21717275594958,0.9417481422424316,0.9404919219368,ok,True,True,41.96600025291809,0.6227591613372425,1.0,0.0,0.9804841750435145
206,1767151943965,57.29048220844215,58.05171894688091,58.33791351686945,58.33791351686945,58.33791351686945,0.9247792363166809,0.9310643105647285,ok,True,True,38.8378600393658,0.761236738438761,1.0,0.0,0.9804841750435145
207,1767151944000,52.66686481692074,54.820806468904806,55.35782323524617,55.35782323524617,55.35782323524617,0.9464949369430542,0.940322686391724,ok,True,True,32.96820380123881,2.153941651984063,1.0,0.0,0.9804841750435145
208,1767151944040,45.557150745601874,49.26261303492305,50.065526232354166,50.065526232354166,50.065526232354166,0.9551830887794495,0.9492389278243593,ok,True,True,24.19226838231357,3.7054622893211757,1.0,0.0,0.9804841750435145
209,1767151944078,36.79116919729335,41.77974673234523,42.79449312557992,42.79449312557992,42.79449312557992,0.8993001580238342,0.9192756659440442,ok,True,True,13.100971283088768,4.988577535051881,1.0,0.0,0.9804841750435145
210,1767151944105,27.06071559038052,32.948328047166406,34.0959614624625,34.0959614624625,34.0959614624625,0.9244784116744995,0.9223973133823175,ok,True,True,0.5572034411045248,5.8876124567858845,1.0,0.0,0.9804841750435145
211,1767151944128,17.050159784291594,23.40942708944152,24.60418560271169,24.60418560271169,24.60418560271169,0.923653781414032,0.9231511942013462,ok,True,True,-12.501647254157364,6.3592673051499276,1.0,0.0,0.9804841750435145
212,1767151944152,10.908084554073461,15.908621568220685,16.83259334632119,16.83259334632119,16.83259334632119,0.9705787897109985,0.9516077515071376,ok,True,True,-22.60076717412385,5.000537014147223,1.0,0.0,0.9804841750435145
213,1767151944175,5.622851008937583,9.737159232650825,10.444975396003073,10.444975396003073,10.444975396003073,0.975304901599884,0.9658260415627855,ok,True,True,-30.3372808714065,4.114308223713242,1.0,0.0,0.9804841750435145
214,1767151944202,3.5475854478512594,6.023414961771086,6.404028237133261,6.404028237133261,6.404028237133261,0.9512358903884888,0.9570719508582075,ok,True,True,-34.49742862090548,2.4758295139198263,1.0,0.0,0.9804841750435145
215,1767151944227,2.422383372377316,3.862796008134824,4.018075990656245,4.018075990656245,4.018075990656245,0.961386501789093,0.9596606814167389,ok,True,True,-36.194657046209606,1.4404126357575078,1.0,0.0,0.9804841750435145
216,1767151944251,1.322573030241356,2.338662221398743,2.3914436991291232,2.3914436991291232,2.3914436991291232,0.9762867093086243,0.96963629815187,ok,True,True,-36.77156478988419,1.016089191157387,1.0,0.0,0.9804841750435145
217,1767151944281,2.394526031614706,2.372180507528321,2.23753234102111,2.23753234102111,2.23753234102111,0.9625441431999207,0.9653810051807004,ok,True,True,-35.29984453334386,0.022345524086385016,1.0,0.0,0.9804841750435145
218,1767151944306,3.0448774053870657,2.775798646243568,2.584401734561145,2.584401734561145,2.584401734561145,0.966050386428833,0.96578263392958,ok,True,True,-33.20785383400441,0.26907875914349777,1.0,0.0,0.9804841750435145
219,1767151944333,5.323972260912414,4.304702815044875,3.989165912477392,3.989165912477392,3.989165912477392,0.966669499874115,0.9663147534963009,ok,True,True,-29.758998469609594,1.0192694458675389,1.0,0.0,0.9804841750435145
220,1767151944359,10.398686611743852,7.96109309306426,7.407090791492274,7.407090791492274,7.407090791492274,0.980944037437439,0.9750923238609838,ok,True,True,-23.70368831596494,2.4375935186795914,1.0,0.0,0.9804841750435145
221,1767151944392,15.250272111651666,12.334600504216704,11.69647612418425,11.69647612418425,11.69647612418425,0.9768416285514832,0.9761419066752833,ok,True,True,-16.72891397424862,2.9156716074349625,1.0,0.0,0.9804841750435145
222,1767151944425,22.8986897948996,18.673054078626443,17.832188222783582,17.832188222783582,17.832188222783582,0.967559278011322,0.9709923294769065,ok,True,True,-7.538151514068579,4.225635716273157,1.0,0.0,0.9804841750435145
223,1767151944458,33.48906565934129,27.562661027055352,26.44863448550226,26.44863448550226,26.44863448550226,0.9423512816429138,0.9538077007765109,ok,True,True,4.6382892913561555,5.926404632285941,1.0,0.0,0.9804841750435145
224,1767151944492,40.3022056646333,35.20638780960212,34.246221940711465,34.246221940711465,34.246221940711465,0.9588820934295654,0.9568523363683437,ok,True,True,15.13301489359172,5.095817855031179,1.0,0.0,0.9804841750435145
225,1767151944526,49.125539885413474,43.55787905508893,42.574936596956206,42.574936596956206,42.574936596956206,0.9396167993545532,0.9465110141600694,ok,True,True,25.876691289659362,5.567660830324542,1.0,0.0,0.9804841750435145
226,1767151944558,55.52816487551033,50.74005054734177,49.92503840781369,49.92503840781369,49.92503840781369,0.9626145958900452,0.9561731631980548,ok,True,True,34.784869600909275,4.788114328168561,1.0,0.0,0.9804841750435145
227,1767151944592,58.82303826395147,55.589843177307586,55.08702185960922,55.08702185960922,55.08702185960922,0.9512178301811218,0.9531999633878949,ok,True,True,40.28076560034217,3.2331950866438817,1.0,0.0,0.9804841750435145
228,1767151944625,58.842263105059565,57.54129513395877,57.41723557382148,57.41723557382148,57.41723557382148,0.9453475475311279,0.9484885138738348,ok,True,True,41.63675114888999,1.3009679711007962,1.0,0.0,0.9804841750435145
229,1767151944660,58.240488220687986,57.960810985996304,58.0550420853389,58.0550420853389,58.0550420853389,0.9401583671569824,0.9434904258437233,ok,True,True,40.60679417661313,0.2796772346916825,1.0,0.0,0.9804841750435145
230,1767151944691,54.99476030797638,56.18118057918435,56.54138144332998,56.54138144332998,56.54138144332998,0.9322676062583923,0.9367567340925247,ok,True,True,36.66975646763934,1.1864202712079717,1.0,0.0,0.9804841750435145
231,1767151944725,48.73566930347999,51.71387381376174,52.38907385988703,52.38907385988703,52.38907385988703,0.9593313932418823,0.9503015295821393,ok,True,True,29.289740739052174,2.978204510281749,1.0,0.0,0.9804841750435145
232,1767151944764,40.972615243328605,45.26911867150186,46.17271529774118,46.17271529774118,46.17271529774118,0.9530505537986755,0.951950944112061,ok,True,True,19.413323590454997,4.296503428173253,1.0,0.0,0.9804841750435145
233,1767151944825,22.199158461377774,31.427142545427408,33.1450644948861,33.1450644948861,33.1450644948861,0.9748935699462891,0.9657165196125979,ok,True,True,0.6362351090721177,9.227984084049634,1.0,0.0,0.9804841750435145
234,1767151944860,11.360526390160562,19.3871728522673,20.92500849868051,20.92500849868051,20.92500849868051,0.9569562673568726,0.9604603682591626,ok,True,True,-16.172488950159337,8.02664646210674,1.0,0.0,0.9804841750435145
235,1767151944892,4.061385850057941,10.191700650941685,11.329441360007326,11.329441360007326,11.329441360007326,0.9751338362693787,0.9692644490652922,ok,True,True,-28.608128399003938,6.1303148008837445,1.0,0.0,0.9804841750435145
236,1767151944925,1.4982691117583726,4.975641727431698,5.578338073670506,5.578338073670506,5.578338073670506,0.977158784866333,0.9740010505459167,ok,True,True,-35.195670182034405,3.4773726156733256,1.0,0.0,0.9804841750435145
237,1767151944958,-0.3297000477736753,1.7924366623084744,2.0840320801817542,2.0840320801817542,2.0840320801817542,0.9773005247116089,0.975980735045332,ok,True,True,-38.38284231445121,2.1221367100821498,1.0,0.0,0.9804841750435145
238,1767151944991,-0.31980313405524863,0.5250927844902407,0.556288024504447,0.556288024504447,0.556288024504447,0.9821164011955261,0.9796621347354485,ok,True,True,-38.72380994818621,0.8448959185454893,1.0,0.0,0.9804841750435145
239,1767151945025,-0.28706630447327525,0.03779733111213113,-0.04839662091113173,-0.04839662091113173,-0.04839662091113173,0.9824248552322388,0.9813197670335227,ok,True,True,-37.781699938741426,0.3248636355854064,1.0,0.0,0.9804841750435145
240,1767151945058,2.0620713428560595,1.2523617381584882,0.9666328043234325,0.9666328043234325,0.9666328043234325,0.9749870300292969,0.9775201248309872,ok,True,True,-34.65864916497236,0.8097096046975714,1.0,0.0,0.9804841750435145
241,1767151945092,4.347074460461862,3.1091893715405123,2.741128787532935,2.741128787532935,2.741128787532935,0.9736170172691345,0.9751782602938756,ok,True,True,-30.63570379407242,1.2378850889213493,1.0,0.0,0.9804841750435145
242,1767151945125,7.480321247515324,5.731868497125399,5.284111463229289,5.284111463229289,5.284111463229289,0.9807221293449402,0.9785045817245144,ok,True,True,-25.741666874327077,1.7484527503899248,1.0,0.0,0.9804841750435145
243,1767151945158,11.770345977620567,9.3549549854225,8.804858317558008,8.804858317558008,8.804858317558008,0.984390139579773,0.9820359164376695,ok,True,True,-19.729045746791286,2.4153909921980663,1.0,0.0,0.9804841750435145
244,1767151945191,17.848183226055394,14.450891929802236,13.747362204125709,13.747362204125709,13.747362204125709,0.9812005758285522,0.9815347120721992,ok,True,True,-12.039383293566065,3.397291296253158,1.0,0.0,0.9804841750435145
245,1767151945230,28.216200382685123,22.71007700153197,21.664991622895663,21.664991622895663,21.664991622895663,0.96778804063797,0.9732867092116617,ok,True,True,-0.6164774754686349,5.506123381153152,1.0,0.0,0.9804841750435145
246,1767151945269,35.98708231535944,30.676280189828454,29.66826931316451,29.66826931316451,29.66826931316451,0.9671013951301575,0.9695755207627592,ok,True,True,10.401199685924656,5.310802125530984,1.0,0.0,0.9804841750435145
247,1767151945294,44.41478137554201,38.91938090125659,37.92559234965641,37.92559234965641,37.92559234965641,0.952902615070343,0.9595717773473095,ok,True,True,21.263425165665925,5.495400474285425,1.0,0.0,0.9804841750435145
248,1767151945325,50.78837656819882,46.04077830142193,45.21417611227901,45.21417611227901,45.21417611227901,0.9570167064666748,0.9580387348189287,ok,True,True,30.29828408627069,4.74759826677689,1.0,0.0,0.9804841750435145
249,1767151945358,56.183453211468596,52.12638324744993,51.467652791365516,51.467652791365516,51.467652791365516,0.9651988744735718,0.9623348186117145,ok,True,True,37.49828526659723,4.057069964018666,1.0,0.0,0.9804841750435145
250,1767151945391,57.952144340749854,55.62183990342989,55.29770766455566,55.29770766455566,55.29770766455566,0.9657502770423889,0.9643840936701191,ok,True,True,41.0410886711496,2.330304437319967,1.0,0.0,0.9804841750435145
251,1767151945425,57.73130867715123,56.8875211676627,56.86276941187075,56.86276941187075,56.86276941187075,0.8988990783691406,0.9250930844895321,ok,True,True,41.3116282663274,0.8437875094885356,1.0,0.0,0.9804841750435145
252,1767151945458,57.507823491355055,57.259702561878115,57.36909034929207,57.36909034929207,57.36909034929207,0.9421131014823914,0.9353050946852477,ok,True,True,40.11600691431707,0.24812092947693998,1.0,0.0,0.9804841750435145
253,1767151945492,54.352570152252895,55.51542311610298,55.87154433692693,55.87154433692693,55.87154433692693,0.9318401217460632,0.933226110921737,ok,True,True,36.223560183378154,1.162852963850085,1.0,0.0,0.9804841750435145
254,1767151945526,47.132921025413665,50.48592186168939,51.22175114949791,51.22175114949791,51.22175114949791,0.9437941312789917,0.9395669231360898,ok,True,True,28.18085972522806,3.3530008362757258,1.0,0.0,0.9804841750435145
255,1767151945563,39.26597810790208,43.753955609417005,44.69224817018962,44.69224817018962,44.69224817018962,0.9587754011154175,0.9510920099236864,ok,True,True,17.925211936426564,4.487977501514926,1.0,0.0,0.9804841750435145
256,1767151945593,29.019747014973547,34.91343045275093,36.071494675442885,36.071494675442885,36.071494675442885,0.93473881483078,0.9412800928679426,ok,True,True,5.267434094700443,5.8936834377773835,1.0,0.0,0.9804841750435145
257,1767151945629,17.585506951614644,24.516676352069158,25.82586397078495,25.82586397078495,25.82586397078495,0.9436100721359253,0.9426780804287322,ok,True,True,-9.042140198513112,6.931169400454515,1.0,0.0,0.9804841750435145
258,1767151945659,8.456230506061363,14.880408844464482,16.068352964677835,16.068352964677835,16.068352964677835,0.9653722047805786,0.9562945550398401,ok,True,True,-22.026508826386873,6.424178338403118,1.0,0.0,0.9804841750435145
259,1767151945691,2.878537987942987,7.6792863305515855,8.533616521917269,8.533616521917269,8.533616521917269,0.9564788341522217,0.956405122507269,ok,True,True,-31.364438065572095,4.800748342608598,1.0,0.0,0.9804841750435145
260,1767151945725,1.5725994167063468,4.015274182244442,4.402867693530412,4.402867693530412,4.402867693530412,0.9793162941932678,0.9701518255188682,ok,True,True,-35.600880624371634,2.4426747655380954,1.0,0.0,0.9804841750435145
261,1767151945758,0.9827272665454873,2.1957460328250695,2.309632061867645,2.309632061867645,2.309632061867645,0.9746788740158081,0.9728680546170321,ok,True,True,-36.845668285262775,1.2130187662795824,1.0,0.0,0.9804841750435145
262,1767151945791,1.4463649144348467,1.7461173617909358,1.6719354643982358,1.6719354643982358,1.6719354643982358,0.9781481027603149,0.9760360835030018,ok,True,True,-36.03485144220923,0.2997524473560891,1.0,0.0,0.9804841750435145
263,1767151945826,1.5342531865499343,1.618998856646335,1.4908495895467953,1.4908495895467953,1.4908495895467953,0.9823221564292908,0.9798077272587752,ok,True,True,-34.63416491569037,0.08474567009640066,1.0,0.0,0.9804841750435145
264,1767151945858,1.6300382992278077,1.6256225221952185,1.4817345221652642,1.4817345221652642,1.4817345221652642,0.9819108843803406,0.9810696215317144,ok,True,True,-33.06145219144467,0.004415777032589219,1.0,0.0,0.9804841750435145
265,1767151945891,5.150598103403669,3.7406078709202886,3.3655075033371435,3.3655075033371435,3.3655075033371435,0.9833910465240479,0.9824624765271145,ok,True,True,-28.961561159212764,1.4099902324833806,1.0,0.0,0.9804841750435145
266,1767151945925,8.52652043334148,6.612155408373003,6.1420655504154436,6.1420655504154436,6.1420655504154436,0.9835533499717712,0.9831170005939085,ok,True,True,-23.82342385104243,1.9143650249684763,1.0,0.0,0.9804841750435145
267,1767151945958,13.691054161403795,10.859494660191476,10.244371177647354,10.244371177647354,10.244371177647354,0.9889307022094727,0.986605221563247,ok,True,True,-17.100052007774707,2.8315595012123183,1.0,0.0,0.9804841750435145
268,1767151945992,21.044598990274494,16.970557258241286,16.15625602469617,16.15625602469617,16.15625602469617,0.9837764501571655,0.9849079587195981,ok,True,True,-8.19964397438105,4.0740417320332085,1.0,0.0,0.9804841750435145
269,1767151946025,30.489318008090166,25.081813708150612,24.055159950154472,24.055159950154472,24.055159950154472,0.9628102779388428,0.971649350251145,ok,True,True,3.021802068891642,5.4075042999395535,1.0,0.0,0.9804841750435145
270,1767151946068,40.08124930696494,34.08147506743921,32.97371591037276,32.97371591037276,32.97371591037276,0.9572179913520813,0.9629905349117067,ok,True,True,15.12973964099252,5.999774239525735,1.0,0.0,0.9804841750435145
271,1767151946093,48.90610082462181,42.97625052174877,41.91618953083623,41.91618953083623,41.91618953083623,0.9575826525688171,0.959745805505973,ok,True,True,26.716330660104376,5.929850302873042,1.0,0.0,0.9804841750435145
272,1767151946125,54.36031181472602,49.80668729753512,49.02544771834747,49.02544771834747,49.02544771834747,0.9780712127685547,0.970741049863522,ok,True,True,35.255370931937016,4.553624517190897,1.0,0.0,0.9804841750435145
273,1767151946158,58.25429332333122,54.87525091301278,54.35353295293266,54.35353295293266,54.35353295293266,0.9572664499282837,0.9626562899023791,ok,True,True,40.95780945444459,3.3790424103184407,1.0,0.0,0.9804841750435145
274,1767151946191,58.10074747727926,56.810548851572676,56.68870194452921,56.68870194452921,56.68870194452921,0.9500002861022949,0.9550626876223286,ok,True,True,42.28961044605138,1.2901986257065872,1.0,0.0,0.9804841750435145
275,1767151946224,57.86522736852932,57.44335596174666,57.51645811429654,57.51645811429654,57.51645811429654,0.9131272435188293,0.929901421160229,ok,True,True,41.490595340810536,0.4218714067826568,1.0,0.0,0.9804841750435145
276,1767151946258,55.31077761390419,56.16380895304118,56.469127114092785,56.469127114092785,56.469127114092785,0.9325564503669739,0.931494438684276,ok,True,True,38.15343201421332,0.8530313391369901,1.0,0.0,0.9804841750435145
277,1767151946291,48.349442532985215,51.4751891010076,52.17448343196658,52.17448343196658,52.17448343196658,0.9511730670928955,0.9433016157294477,ok,True,True,30.510062921010416,3.125746568022386,1.0,0.0,0.9804841750435145
278,1767151946327,39.221160376673105,44.12277186640691,45.13489832346255,45.13489832346255,45.13489832346255,0.9579961895942688,0.9521183600483404,ok,True,True,19.447401981562606,4.901611489733803,1.0,0.0,0.9804841750435145
279,1767151946373,29.11152048666683,35.11602103856286,36.3065403161823,36.3065403161823,36.3065403161823,0.9249311685562134,0.9358060451530642,ok,True,True,6.434886580570435,6.004500551896033,1.0,0.0,0.9804841750435145
280,1767151946401,18.701317878995727,25.267199142822584,26.523199386289242,26.523199386289242,26.523199386289242,0.9380205869674683,0.9371347702417067,ok,True,True,-7.293343460735418,6.565881263826856,1.0,0.0,0.9804841750435145
281,1767151946434,9.535459635638853,15.828155438512347,16.99465796609017,16.99465796609017,16.99465796609017,0.9541018009185791,0.94731498864783,ok,True,True,-20.043352965639023,6.292695802873494,1.0,0.0,0.9804841750435145
282,1767151946458,3.6431291723896595,8.517139678838735,9.388719403189004,9.388719403189004,9.388719403189004,0.9653170108795166,0.9581162019868419,ok,True,True,-29.569821624757218,4.874010506449075,1.0,0.0,0.9804841750435145
283,1767151946491,2.339891849380465,4.810790981163773,5.2117110362399375,5.2117110362399375,5.2117110362399375,0.9600338339805603,0.959266781183073,ok,True,True,-33.95192487107103,2.4708991317833084,1.0,0.0,0.9804841750435145
284,1767151946525,0.7657882971983723,2.3837893707845326,2.5730951186078075,2.5730951186078075,2.5730951186078075,0.9803445935249329,0.9719134685881888,ok,True,True,-36.02105890809234,1.6180010735861603,1.0,0.0,0.9804841750435145
285,1767151946559,2.225721006746001,2.2889483523614134,2.186654929161961,2.186654929161961,2.186654929161961,0.9721531867980957,0.972057299514133,ok,True,True,-34.902979789316305,0.06322734561541221,1.0,0.0,0.9804841750435145
286,1767151946591,1.8304479283576203,2.0138480979591376,1.9032879185032001,1.9032879185032001,1.9032879185032001,0.9868927597999573,0.9809585756856275,ok,True,True,-33.69454405462759,0.18340016960151728,1.0,0.0,0.9804841750435145
287,1767151946625,3.208176481741105,2.730445128228318,2.5127782036772017,2.5127782036772017,2.5127782036772017,0.9689080119132996,0.9737282374222308,ok,True,True,-31.315419028041802,0.47773135351278695,1.0,0.0,0.9804841750435145
288,1767151946659,6.541453573705207,5.017050195514451,4.621057385234847,4.621057385234847,4.621057385234847,0.981009840965271,0.978097199548055,ok,True,True,-26.987171145515006,1.5244033781907556,1.0,0.0,0.9804841750435145
289,1767151946691,10.586158986065199,8.3585154698449,7.840993208004781,7.840993208004781,7.840993208004781,0.9784736633300781,0.9783230778172689,ok,True,True,-21.330592097049717,2.227643516220299,1.0,0.0,0.9804841750435145
290,1767151946725,14.5914376689778,12.09826878932464,11.543775249821223,11.543775249821223,11.543775249821223,0.9900336861610413,0.9853494428235323,ok,True,True,-15.269912645478472,2.49316887965316,1.0,0.0,0.9804841750435145
291,1767151946758,20.575076069651292,17.184353157520633,16.498021249344585,16.498021249344585,16.498021249344585,0.9883840680122375,0.9871702179367554,ok,True,True,-7.768224354274464,3.3907229121306592,1.0,0.0,0.9804841750435145
292,1767151946791,28.6871543901352,24.086033897089372,23.210263694291513,23.210263694291513,23.210263694291513,0.9699659943580627,0.9768476837895399,ok,True,True,1.8040467260175816,4.601120493045826,1.0,0.0,0.9804841750435145
293,1767151946825,37.772900507870034,32.29815386355777,31.29059862422514,31.29059862422514,31.29059862422514,0.9751397967338562,0.9758229515561296,ok,True,True,12.816743719418433,5.474746644312262,1.0,0.0,0.9804841750435145
294,1767151946891,53.53260912648025,45.03882702131126,43.55211780479643,43.55211780479643,43.55211780479643,0.9403731822967529,0.9545530900005037,ok,True,True,29.066649907809005,8.49378210516899,1.0,0.0,0.9804841750435145
295,1767151946925,58.146381330313126,52.903359606712385,51.96783533762715,51.96783533762715,51.96783533762715,0.948639452457428,0.9510049074746583,ok,True,True,39.2920399442258,5.243021723600741,1.0,0.0,0.9804841750435145
296,1767151946958,58.686843627258355,56.37345001903997,56.027930004940856,56.027930004940856,56.027930004940856,0.908560037612915,0.9255379855576122,ok,True,True,43.0686142419795,2.3133936082183837,1.0,0.0,0.9804841750435145
297,1767151946991,58.12401269605522,57.42378762524912,57.428225414164594,57.428225414164594,57.428225414164594,0.9128974676132202,0.917953674790977,ok,True,True,43.02010868839893,0.7002250708060984,1.0,0.0,0.9804841750435145
298,1767151947025,57.78598883807871,57.64110835294687,57.777393232769775,57.777393232769775,57.777393232769775,0.9708412885665894,0.9496862430563444,ok,True,True,41.53049896013554,0.1448804851318357,1.0,0.0,0.9804841750435145
299,1767151947058,52.63738672722167,54.63887537751175,55.14365635893179,55.14365635893179,55.14365635893179,0.9502254128456116,0.9500097449299048,ok,True,True,36.013183601727576,2.001488650290085,1.0,0.0,0.9804841750435145
300,1767151947092,44.10947135780087,48.321232965685226,49.216635781368325,49.216635781368325,49.216635781368325,0.9541493654251099,0.9524935172270279,ok,True,True,26.22632575888099,4.211761607884355,1.0,0.0,0.9804841750435145
301,1767151947125,36.35218187631359,41.139802312062244,42.13879611860559,42.13879611860559,42.13879611860559,0.9672453999519348,0.9613446468619721,ok,True,True,15.3072062304642,4.787620435748657,1.0,0.0,0.9804841750435145
302,1767151947158,27.408084617756657,32.900771695478895,33.98874038761582,33.98874038761582,33.98874038761582,0.9527097344398499,0.9561636994086987,ok,True,True,3.4155807621097907,5.492687077722238,1.0,0.0,0.9804841750435145
303,1767151947191,18.077904272121312,24.007051241464346,25.1337782914698,25.1337782914698,25.1337782914698,0.9663419723510742,0.962270663174124,ok,True,True,-8.899678105691592,5.929146969343034,1.0,0.0,0.9804841750435145
304,1767151947224,9.003830995131034,15.005119093664359,16.102433552598278,16.102433552598278,16.102433552598278,0.9708007574081421,0.9673887197145349,ok,True,True,-20.893453901779917,6.001288098533324,1.0,0.0,0.9804841750435145
305,1767151947258,6.090511792484839,9.656354712956647,10.298050243148593,10.298050243148593,10.298050243148593,0.9703652858734131,0.9691746594098618,ok,True,True,-27.907261343952797,3.565842920471808,1.0,0.0,0.9804841750435145
306,1767151947292,5.161242170887133,6.9592871877149385,7.228093539734094,7.228093539734094,7.228093539734094,0.963842511177063,0.9659753704701826,ok,True,True,-30.84534631351996,1.798045016827805,1.0,0.0,0.9804841750435145
307,1767151947325,4.989528993671435,5.777432271288836,5.824584083171711,5.824584083171711,5.824584083171711,0.9681053757667542,0.9672533736481255,ok,True,True,-31.360721150239097,0.7879032776174011,1.0,0.0,0.9804841750435145
308,1767151947358,3.1954231417055716,4.2282267935388775,4.289721909111954,4.289721909111954,4.289721909111954,0.9745835661888123,0.9716514891725376,ok,True,True,-32.03286997934932,1.032803651833306,1.0,0.0,0.9804841750435145
309,1767151947391,4.47688955346889,4.3774244494968855,4.248467178194723,4.248467178194723,4.248467178194723,0.9904950261116028,0.9829576113359768,ok,True,True,-30.62335187204536,0.0994651039720047,1.0,0.0,0.9804841750435145
310,1767151947424,6.461783993005539,5.628040175602077,5.360145605155928,5.360145605155928,5.360145605155928,0.9848954677581787,0.984120325189298,ok,True,True,-27.695232782060057,0.8337438174034615,1.0,0.0,0.9804841750435145
311,1767151947458,8.509899135737712,7.357155551683457,7.031244295375215,7.031244295375215,7.031244295375215,0.9863049983978271,0.9854311291144155,ok,True,True,-24.132984507867736,1.1527435840542548,1.0,0.0,0.9804841750435145
312,1767151947491,13.580711044980989,11.091288847661977,10.548382055350572,10.548382055350572,10.548382055350572,0.9818460941314697,0.9832801081246481,ok,True,True,-18.198949562693812,2.489422197319012,1.0,0.0,0.9804841750435145
313,1767151947525,18.422589293279966,15.490069115032771,14.870841254380775,14.870841254380775,14.870841254380775,0.9829832315444946,0.983101982176556,ok,True,True,-11.430716384968788,2.932520178247195,1.0,0.0,0.9804841750435145
314,1767151947558,24.308022952544192,20.780841417539623,20.078722890898405,20.078722890898405,20.078722890898405,0.9779420495033264,0.9800060225726183,ok,True,True,-3.7564785015101068,3.527181535004569,1.0,0.0,0.9804841750435145
315,1767151947591,33.964485347371635,28.691027775438833,27.715864556655774,27.715864556655774,27.715864556655774,0.968617856502533,0.9731731229305671,ok,True,True,6.902169906388621,5.273457571932802,1.0,0.0,0.9804841750435145
316,1767151947625,41.76574195426308,36.53585628273338,35.57716632871386,35.57716632871386,35.57716632871386,0.9724951982498169,0.972766368122117,ok,True,True,17.380763597433134,5.229885671529701,1.0,0.0,0.9804841750435145
317,1767151947658,50.70904608036173,45.039770161310386,44.04834318833919,44.04834318833919,44.04834318833919,0.9561471939086914,0.9627948635940616,ok,True,True,28.21717674701327,5.669275919051344,1.0,0.0,0.9804841750435145
318,1767151947691,57.0321796571952,52.23521585884127,51.426482411960905,51.426482411960905,51.426482411960905,0.9721211194992065,0.9683906171371486,ok,True,True,37.0567282189848,4.796963798353929,1.0,0.0,0.9804841750435145
319,1767151947724,60.63861041832054,57.27725259452883,56.76212814562857,56.76212814562857,56.76212814562857,0.946480393409729,0.9552444829006969,ok,True,True,42.68709889066846,3.361357823791707,1.0,0.0,0.9804841750435145
320,1767151947758,60.7768683488725,59.37702204713503,59.243988270474226,59.243988270474226,59.243988270474226,0.9471447467803955,0.950384641228516,ok,True,True,44.1411736798838,1.399846301737469,1.0,0.0,0.9804841750435145
321,1767151947791,59.933797282413565,59.71108718830215,59.82317053946759,59.82317053946759,59.82317053946759,0.938421368598938,0.9432066776507692,ok,True,True,42.91608949967611,0.22271009411141307,1.0,0.0,0.9804841750435145
322,1767151947831,57.133970736676645,58.16481731732685,58.509557149384634,58.509557149384634,58.509557149384634,0.9483708739280701,0.9463051954171496,ok,True,True,39.1480426831772,1.0308465806502056,1.0,0.0,0.9804841750435145
323,1767151947858,51.601831608878975,54.227025892258126,54.850622842177145,54.850622842177145,54.850622842177145,0.9499771595001221,0.9485083738669331,ok,True,True,32.33205484708943,2.6251942833791517,1.0,0.0,0.9804841750435145
324,1767151947898,45.393920637287685,48.927162739275865,49.70854091721413,49.70854091721413,49.70854091721413,0.9571313858032227,0.9536821810287068,ok,True,True,23.79149967454835,3.5332421019881792,1.0,0.0,0.9804841750435145
325,1767151947958,27.044502353679196,35.797566507917864,37.4386296919608,37.4386296919608,37.4386296919608,0.977329671382904,0.9678706752412252,ok,True,True,5.854486509007803,8.753064154238668,1.0,0.0,0.9804841750435145
326,1767151947991,16.781161439531292,24.387723466885923,25.866068026015057,25.866068026015057,25.866068026015057,0.9611878395080566,0.9638609738013241,ok,True,True,-10.303992992663161,7.606562027354631,1.0,0.0,0.9804841750435145
327,1767151948024,8.602482981899229,14.916579175893908,16.10027912402261,16.10027912402261,16.10027912402261,0.9753668904304504,0.9707645237787998,ok,True,True,-23.24197232221404,6.314096193994679,1.0,0.0,0.9804841750435145
328,1767151948058,6.490497686929614,9.860930282515332,10.470816433166316,10.470816433166316,10.470816433166316,0.9651741981506348,0.9674103284019008,ok,True,True,-29.908099513463938,3.3704325955857177,1.0,0.0,0.9804841750435145
329,1767151948091,5.216824663669309,7.074466911207718,7.342256736635995,7.342256736635995,7.342256736635995,0.9660646319389343,0.966602910524121,ok,True,True,-32.83507372811383,1.8576422475384096,1.0,0.0,0.9804841750435145
330,1767151948125,4.8701108326717435,5.751853264086133,5.807198989617126,5.807198989617126,5.807198989617126,0.9771785140037537,0.9729482726119005,ok,True,True,-33.4400090024889,0.8817424314143896,1.0,0.0,0.9804841750435145
331,1767151948158,3.716195063273723,4.530458343598687,4.548546802985254,4.548546802985254,4.548546802985254,0.9822170734405518,0.9785095531090913,ok,True,True,-33.63771798610152,0.8142632803249636,1.0,0.0,0.9804841750435145
332,1767151948192,4.614618729048667,4.580954574868675,4.4521981766596515,4.4521981766596515,4.4521981766596515,0.9818367958068848,0.9805058987277673,ok,True,True,-32.23039544527576,0.033664154179992245,1.0,0.0,0.9804841750435145
333,1767151948224,6.76180646102488,5.889465706562397,5.609153512453708,5.609153512453708,5.609153512453708,0.9748633503913879,0.9771203697259396,ok,True,True,-29.166550271561974,0.8723407544624822,1.0,0.0,0.9804841750435145
334,1767151948258,8.964277824277252,7.73435297719131,7.38866133583324,7.38866133583324,7.38866133583324,0.9733483195304871,0.974857139608668,ok,True,True,-25.38810006772444,1.2299248470859414,1.0,0.0,0.9804841750435145
335,1767151948292,13.363001932522218,11.111542350389856,10.601595868199752,10.601595868199752,10.601595868199752,0.9894376993179321,0.9836054754342265,ok,True,True,-19.81432517976979,2.2514595821323624,1.0,0.0,0.9804841750435145
336,1767151948325,18.977988918189304,15.831410291069524,15.174016031798491,15.174016031798491,15.174016031798491,0.9874640703201294,0.9859206323657682,ok,True,True,-12.628928786654818,3.14657862711978,1.0,0.0,0.9804841750435145
337,1767151948358,27.731740134097816,22.9716081968865,22.0543647223322,22.0543647223322,22.0543647223322,0.9681269526481628,0.975244424535205,ok,True,True,-2.603349979533725,4.760131937211316,1.0,0.0,0.9804841750435145
338,1767151948391,37.56199624200977,31.725841023960463,30.636757383530522,30.636757383530522,30.636757383530522,0.9685779213905334,0.9712445226484021,ok,True,True,9.300462004500533,5.836155218049306,1.0,0.0,0.9804841750435145
339,1767151948425,46.35649607479612,40.504234054461854,39.43756023786706,39.43756023786706,39.43756023786706,0.9631901979446411,0.9664119278261456,ok,True,True,20.95933198442616,5.8522620203342655,1.0,0.0,0.9804841750435145
340,1767151948458,54.397037295945964,48.83991599935232,47.86852613398803,47.86852613398803,47.86852613398803,0.9501523375511169,0.9566561736611284,ok,True,True,31.576737196690786,5.5571212965936425,1.0,0.0,0.9804841750435145
341,1767151948491,59.175591388989645,55.04132123313472,54.35826361147908,54.35826361147908,54.35826361147908,0.9807658791542053,0.9711219969569745,ok,True,True,39.04263715203351,4.134270155854928,1.0,0.0,0.9804841750435145
342,1767151948524,60.69544583049333,58.43379599154988,58.12418744223885,58.12418744223885,58.12418744223885,0.9177374839782715,0.9390912891697527,ok,True,True,42.42669492577178,2.2616498389434483,1.0,0.0,0.9804841750435145
343,1767151948558,60.224014794100945,59.507927273080526,59.51132940808338,59.51132940808338,59.51132940808338,0.9414045810699463,0.9404792643098688,ok,True,True,42.38950919098075,0.7160875210204196,1.0,0.0,0.9804841750435145
344,1767151948591,57.79838009590503,58.48219896677523,58.75475452034173,58.75475452034173,58.75475452034173,0.937225878238678,0.9385272326671543,ok,True,True,39.4104450085648,0.6838188708701978,1.0,0.0,0.9804841750435145
345,1767151948624,53.28428395166489,55.36344995770902,55.88855649997681,55.88855649997681,55.88855649997681,0.9588760733604431,0.9507365370831276,ok,True,True,33.67096888506474,2.079166006044133,1.0,0.0,0.9804841750435145
346,1767151948658,46.11095261092136,49.811951549636426,50.61540271793256,50.61540271793256,50.61540271793256,0.9354711771011353,0.9415773210939322,ok,True,True,24.889153337845322,3.700998938715067,1.0,0.0,0.9804841750435145
347,1767151948691,38.197145910331926,42.843068166053726,43.80310337900771,43.80310337900771,43.80310337900771,0.9614129066467285,0.9534786724256099,ok,True,True,14.395855808791312,4.6459222557218,1.0,0.0,0.9804841750435145
348,1767151948725,28.0214059014664,33.95007080730133,35.10328792510932,35.10328792510932,35.10328792510932,0.9393802881240845,0.9450196418446947,ok,True,True,1.7910573915300478,5.928664905834928,1.0,0.0,0.9804841750435145
349,1767151948758,17.22379831928643,23.91430731449239,25.169732241597867,25.169732241597867,25.169732241597867,0.9610559940338135,0.954641453158166,ok,True,True,-11.930884374516639,6.69050899520596,1.0,0.0,0.9804841750435145
350,1767151948791,10.088324685083714,15.618717736847184,16.640286619190412,16.640286619190412,16.640286619190412,0.966058075428009,0.9614914265200718,ok,True,True,-23.09675213041588,5.53039305176347,1.0,0.0,0.9804841750435145
351,1767151948824,4.767802492891422,9.108168590473728,9.862876302299751,9.862876302299751,9.862876302299751,0.96171635389328,0.9616263829439967,ok,True,True,-31.345795978812376,4.340366097582305,1.0,0.0,0.9804841750435145
352,1767151948858,3.990015423486849,6.037276690281601,6.347625034245308,6.347625034245308,6.347625034245308,0.9709025025367737,0.9671920546996629,ok,True,True,-34.737939794912684,2.0472612667947523,1.0,0.0,0.9804841750435145
353,1767151948891,3.0524523950972204,4.246382113170973,4.351661721460045,4.351661721460045,4.351661721460045,0.9727594256401062,0.9705324772639289,ok,True,True,-35.88865826712403,1.1939297180737523,1.0,0.0,0.9804841750435145
354,1767151948924,2.482948806038628,3.188322128891566,3.184644807894698,3.184644807894698,3.184644807894698,0.9784648418426514,0.9752918960111624,ok,True,True,-35.84846471712783,0.705373322852938,1.0,0.0,0.9804841750435145
355,1767151948958,4.256852769665194,3.8294405133557428,3.6241132550913666,3.6241132550913666,3.6241132550913666,0.9813112020492554,0.9789034796340181,ok,True,True,-33.6042136909977,0.42741225630945134,1.0,0.0,0.9804841750435145
356,1767151948992,4.801866957240502,4.4128963796865985,4.199848296727859,4.199848296727859,4.199848296727859,0.9883816838264465,0.9845904021494751,ok,True,True,-31.2755731449891,0.38897057755390385,1.0,0.0,0.9804841750435145
357,1767151949024,6.401856513712835,5.606272460102341,5.332954725558236,5.332954725558236,5.332954725558236,0.9806317687034607,0.9822152220818665,ok,True,True,-28.28817823505281,0.7955840536104946,1.0,0.0,0.9804841750435145
358,1767151949058,10.280268487321981,8.410670076434124,7.961939300242291,7.961939300242291,7.961939300242291,0.9832105040550232,0.9828123912657605,ok,True,True,-23.383498196769665,1.869598410887857,1.0,0.0,0.9804841750435145
359,1767151949091,15.964769509820867,12.943129736466169,12.300205419858436,12.300205419858436,12.300205419858436,0.9860420823097229,0.9847502058921379,ok,True,True,-16.35625997488155,3.021639773354698,1.0,0.0,0.9804841750435145
360,1767151949158,31.010423275184255,23.783505859697023,22.441047297514515,22.441047297514515,22.441047297514515,0.9624263048171997,0.971355865247175,ok,True,True,-1.6830303648312963,7.226917415487232,1.0,0.0,0.9804841750435145
361,1767151949191,40.565692313542286,33.85281773200418,32.572929918949264,32.572929918949264,32.572929918949264,0.9470512270927429,0.9567730823545157,ok,True,True,12.306293615141746,6.712874581538102,1.0,0.0,0.9804841750435145
362,1767151949224,46.9390978440895,41.70458579925537,40.73121662444842,40.73121662444842,40.73121662444842,0.9689027667045593,0.9640508929645419,ok,True,True,22.94533291186886,5.234512044834133,1.0,0.0,0.9804841750435145
363,1767151949258,54.905963956669936,49.62541269370411,48.71812504760359,48.71812504760359,48.71812504760359,0.9683732986450195,0.9666443363728284,ok,True,True,32.862093345763704,5.2805512629658296,1.0,0.0,0.9804841750435145
364,1767151949291,59.78075720198717,55.71861939867395,55.05957344166,55.05957344166,55.05957344166,0.9642230272293091,0.9651915508867168,ok,True,True,40.0655429890208,4.06213780331322,1.0,0.0,0.9804841750435145
365,1767151949325,61.2002861348562,59.007619440383294,58.7160446145871,58.7160446145871,58.7160446145871,0.94889235496521,0.9554120333338127,ok,True,True,43.25249004864729,2.192666694472905,1.0,0.0,0.9804841750435145
366,1767151949358,60.10359084918679,59.66520228566539,59.720178703649346,59.720178703649346,59.720178703649346,0.9215786457061768,0.9351120007572312,ok,True,True,42.65159134909615,0.4383885635214,1.0,0.0,0.9804841750435145
367,1767151949391,59.284434450545724,59.43674158459359,59.627047994732834,59.627047994732834,59.627047994732834,0.9166342616081238,0.9240253572677668,ok,True,True,40.571519955534676,0.15230713404786655,1.0,0.0,0.9804841750435145
368,1767151949425,55.2946103558961,56.95146284737509,57.401009970845244,57.401009970845244,57.401009970845244,0.9167472124099731,0.9196584703530906,ok,True,True,35.65791714570847,1.6568524914789933,1.0,0.0,0.9804841750435145
369,1767151949461,48.74378454283563,52.02685586465141,52.759300896396184,52.759300896396184,52.759300896396184,0.9490982294082642,0.9373223257861947,ok,True,True,27.65220700292459,3.2830713218157825,1.0,0.0,0.9804841750435145
370,1767151949493,41.2216760772357,45.543747992201986,46.451921960366185,46.451921960366185,46.451921960366185,0.9590883255004883,0.9503819256147708,ok,True,True,17.725758964871773,4.322071914966287,1.0,0.0,0.9804841750435145
371,1767151949524,32.04654163251905,37.44542417639222,38.51655054641662,38.51655054641662,38.51655054641662,0.9342342615127563,0.9406933271535621,ok,True,True,6.018222053493451,5.398882543873171,1.0,0.0,0.9804841750435145
372,1767151949713,21.21116255384808,27.704867202865735,28.933909295318465,28.933909295318465,28.933909295318465,0.9428998827934265,0.9420172605374808,ok,True,True,-7.415352234011255,6.493704649017655,1.0,0.0,0.9804841750435145
373,1767151949741,12.232644496069513,18.421533578788,19.567195264582793,19.567195264582793,19.567195264582793,0.9742695093154907,0.9613686098042868,ok,True,True,-19.937568892806585,6.188889082718488,1.0,0.0,0.9804841750435145
374,1767151949769,5.855514691370422,10.881922246337453,11.777082266974372,11.777082266974372,11.777082266974372,0.9774978756904602,0.9710461693359909,ok,True,True,-29.72177295731697,5.026407554967031,1.0,0.0,0.9804841750435145
375,1767151949794,4.453394441226771,7.024805563271045,7.444618710524766,7.444618710524766,7.444618710524766,0.9552031755447388,0.9615403730612396,ok,True,True,-34.310379918083804,2.5714111220442737,1.0,0.0,0.9804841750435145
376,1767151949819,4.469303069085427,5.491504066759674,5.581842225640527,5.581842225640527,5.581842225640527,0.9740442037582397,0.9690426714794398,ok,True,True,-35.29778659501908,1.022200997674247,1.0,0.0,0.9804841750435145
377,1767151949847,5.127327137291062,5.272997909078507,5.17615161771337,5.17615161771337,5.17615161771337,0.9841534495353699,0.9781091383129978,ok,True,True,-34.239245266359966,0.1456707717874446,1.0,0.0,0.9804841750435145
378,1767151949873,7.20205819606855,6.430434081272533,6.163070841431388,6.163070841431388,6.163070841431388,0.9798595905303955,0.9791594096434364,ok,True,True,-31.316933682233238,0.7716241147960172,1.0,0.0,0.9804841750435145
379,1767151949898,9.818228599022472,8.463110791922496,8.089905949086473,8.089905949086473,8.089905949086473,0.9729522466659546,0.9754351118569473,ok,True,True,-27.23776095781569,1.355117807099976,1.0,0.0,0.9804841750435145
380,1767151949926,14.447915178050652,12.053993423599389,11.510245624569581,11.510245624569581,11.510245624569581,0.9876599311828613,0.9827700034524958,ok,True,True,-21.294533710523446,2.393921754451263,1.0,0.0,0.9804841750435145
381,1767151949972,20.957957890213354,17.396372103567767,16.660222529062835,16.660222529062835,16.660222529062835,0.9867488741874695,0.98515732589348,ok,True,True,-13.24833248067634,3.561585786645587,1.0,0.0,0.9804841750435145
382,1767151949996,29.087312704679597,24.410936464234865,23.496620586199118,23.496620586199118,23.496620586199118,0.9605717062950134,0.9704059541344001,ok,True,True,-3.2547526470297967,4.676376240444732,1.0,0.0,0.9804841750435145
383,1767151950018,38.73693002155197,33.00653259862513,31.933057209568624,31.933057209568624,31.933057209568624,0.9709274768829346,0.9707188677835208,ok,True,True,8.478459318005694,5.730397422926842,1.0,0.0,0.9804841750435145
384,1767151950057,53.83954564049453,45.506340423746764,44.02301686572783,44.02301686572783,44.02301686572783,0.9721892476081848,0.9716010956783192,ok,True,True,24.69135986178386,8.333205216747764,1.0,0.0,0.9804841750435145
385,1767151950167,60.019386619867,54.2141681414189,53.16862759026199,53.16862759026199,53.16862759026199,0.9531120657920837,0.960507677746578,ok,True,True,36.119240770675646,5.805218478448097,1.0,0.0,0.9804841750435145
386,1767151950191,61.48883691891388,58.57896940791589,58.10951192873599,58.10951192873599,58.10951192873599,0.9438420534133911,0.9505083031466659,ok,True,True,41.250466104709915,2.909867510997991,1.0,0.0,0.9804841750435145
387,1767151950214,60.38407811991871,59.66203463511758,59.6422236994872,59.6422236994872,59.6422236994872,0.9052191972732544,0.923334839622619,ok,True,True,41.46700195578445,0.7220434848011337,1.0,0.0,0.9804841750435145
388,1767151950243,59.28742306560587,59.43726769341055,59.61440818416433,59.61440818416433,59.61440818416433,0.9220201969146729,0.9225460539978513,ok,True,True,39.53083560600784,0.14984462780467567,1.0,0.0,0.9804841750435145
389,1767151950276,55.27431651017034,56.93949698346642,57.385097322490395,57.385097322490395,57.385097322490395,0.954388439655304,0.9416514853923229,ok,True,True,34.66037161329792,1.6651804732960827,1.0,0.0,0.9804841750435145
390,1767151950306,47.700344078603464,51.39600524054865,52.19337020203608,52.19337020203608,52.19337020203608,0.9459419250488281,0.944225749186226,ok,True,True,25.94507902065896,3.695661161945182,1.0,0.0,0.9804841750435145
391,1767151950339,38.945184765214684,43.92551295534827,44.94477993958334,44.94477993958334,44.94477993958334,0.9570720195770264,0.9519335114207063,ok,True,True,14.804371281188786,4.980328190133584,1.0,0.0,0.9804841750435145
392,1767151950365,29.546001895709747,35.297806319565154,36.42954570487819,36.42954570487819,36.42954570487819,0.9482107162475586,0.9496998343168177,ok,True,True,2.4343270003153563,5.751804423855408,1.0,0.0,0.9804841750435145
393,1767151950393,12.97428656525621,21.903694466979786,23.53392860205561,23.53392860205561,23.53392860205561,0.9800980091094971,0.9679387391924253,ok,True,True,-15.384323389324909,8.929407901723577,1.0,0.0,0.9804841750435145
394,1767151950424,5.013794249025208,11.76975433620704,13.02547847588162,13.02547847588162,13.02547847588162,0.9534636735916138,0.9592536998319384,ok,True,True,-29.109535583861884,6.7559600871818315,1.0,0.0,0.9804841750435145
395,1767151950458,3.5884375167888765,6.860964244556142,7.440669787509036,7.440669787509036,7.440669787509036,0.9666677713394165,0.9637021427364253,ok,True,True,-35.44578519155016,3.272526727767265,1.0,0.0,0.9804841750435145
396,1767151950491,2.3494036915430643,4.154027912748296,4.388972291417181,4.388972291417181,4.388972291417181,0.9746745824813843,0.9702856065834007,ok,True,True,-38.01375481900333,1.8046242212052315,1.0,0.0,0.9804841750435145
397,1767151950527,3.3378249019851634,3.6643061062904163,3.603764214531067,3.603764214531067,3.603764214531067,0.9770543575286865,0.9743468571505722,ok,True,True,-37.35202483802909,0.32648120430525296,1.0,0.0,0.9804841750435145
398,1767151950558,3.466570990374522,3.5456650367408793,3.4131917795862465,3.4131917795862465,3.4131917795862465,0.9727954268455505,0.9734159989675593,ok,True,True,-35.90407659278791,0.07909404636635742,1.0,0.0,0.9804841750435145
399,1767151950593,4.224305602192808,3.9528493760120362,3.75904931524543,3.75904931524543,3.75904931524543,0.9848827123641968,0.9802960270055419,ok,True,True,-33.785819187920985,0.2714562261807716,1.0,0.0,0.9804841750435145
400,1767151950624,6.642940044343986,5.5669037770112055,5.239445202684612,5.239445202684612,5.239445202684612,0.9727838635444641,0.9757887289288952,ok,True,True,-30.20665854622322,1.0760362673327801,1.0,0.0,0.9804841750435145
401,1767151950657,9.56331122906481,7.964748248243369,7.548211783855759,7.548211783855759,7.548211783855759,0.9814257621765137,0.9791709488774663,ok,True,True,-25.65386611367213,1.5985629808214412,1.0,0.0,0.9804841750435145
402,1767151950691,14.688107871500412,11.998764022197594,11.406616070182576,11.406616070182576,11.406616070182576,0.9929937720298767,0.9874646427689125,ok,True,True,-19.18161951493044,2.6893438493028174,1.0,0.0,0.9804841750435145
403,1767151950724,21.002781368778976,17.401174430146423,16.66078365543953,16.66078365543953,16.66078365543953,0.9871500730514526,0.9872759009384366,ok,True,True,-11.089061469209371,3.6016069386325533,1.0,0.0,0.9804841750435145
404,1767151950757,29.443808502662506,24.626754873656072,23.69644785442749,23.69644785442749,23.69644785442749,0.9741635918617249,0.9794085154924095,ok,True,True,-0.9206965859090541,4.817053629006434,1.0,0.0,0.9804841750435145
405,1767151950791,38.214054574768404,32.779134694323474,31.7620235537106,31.7620235537106,31.7620235537106,0.9720211625099182,0.9749761037029148,ok,True,True,10.196447529801725,5.43491988044493,1.0,0.0,0.9804841750435145
406,1767151950828,47.04473389179257,41.33849421280493,40.30763178589449,40.30763178589449,40.30763178589449,0.9606565833091736,0.96638439146667,ok,True,True,21.463894818334218,5.706239678987636,1.0,0.0,0.9804841750435145
407,1767151950858,53.18944714953494,48.44906597484294,47.62028010438014,47.62028010438014,47.62028010438014,0.970959484577179,0.9691294473329753,ok,True,True,30.522621633033957,4.740381174692004,1.0,0.0,0.9804841750435145
408,1767151950894,57.36461135660723,53.79839320390151,53.2224269216849,53.2224269216849,53.2224269216849,0.9710875153541565,0.970304288145684,ok,True,True,36.81800068210618,3.5662181527057157,1.0,0.0,0.9804841750435145
409,1767151950924,59.261399125235926,57.07619675670216,56.78306220399463,56.78306220399463,56.78306220399463,0.9522439241409302,0.9594680697428317,ok,True,True,40.021995739893455,2.1852023685337656,1.0,0.0,0.9804841750435145
410,1767151950961,59.270738547298905,58.39292183106021,58.36214155659239,58.36214155659239,58.36214155659239,0.9508535861968994,0.9542993796152723,ok,True,True,40.35842775161405,0.8778167162386978,1.0,0.0,0.9804841750435145
411,1767151950993,58.734943087716836,58.59813458505418,58.721938210393226,58.721938210393226,58.721938210393226,0.9612219333648682,0.9584529118650298,ok,True,True,39.00523959942033,0.1368085026626531,1.0,0.0,0.9804841750435145
412,1767151951025,56.053390982985434,57.07128842381293,57.400619307635175,57.400619307635175,57.400619307635175,0.9534651637077332,0.9554602629706518,ok,True,True,35.4056143952365,1.0178974408274968,1.0,0.0,0.9804841750435145
413,1767151951059,47.24140775209719,51.17336002078349,52.000078427945525,52.000078427945525,52.000078427945525,0.9522580504417419,0.9535389354533059,ok,True,True,26.369485197012217,3.9319522686863024,1.0,0.0,0.9804841750435145
414,1767151951091,39.32811831180663,44.066214995397374,45.04978501489978,45.04978501489978,45.04978501489978,0.9574568271636963,0.9558896704795401,ok,True,True,15.618949470786616,4.738096683590747,1.0,0.0,0.9804841750435145
415,1767151951125,29.35406384080813,35.23892430264383,36.39198494039078,36.39198494039078,36.39198494039078,0.9731681942939758,0.9662567847682015,ok,True,True,3.0158613989540104,5.8848604618357,1.0,0.0,0.9804841750435145
416,1767151951158,19.846877020898628,26.00369593359671,27.174315087792202,27.174315087792202,27.174315087792202,0.9683569073677063,0.9675168583279043,ok,True,True,-9.779143317994674,6.156818912698082,1.0,0.0,0.9804841750435145
417,1767151951191,12.575122539952977,17.946551897410473,18.940048800792653,18.940048800792653,18.940048800792653,0.9761414527893066,0.9726916150047458,ok,True,True,-20.638181049856364,5.371429357457496,1.0,0.0,0.9804841750435145
418,1767151951229,8.231768273033982,12.117681722784578,12.802323096923654,12.802323096923654,12.802323096923654,0.9594785571098328,0.964763780267798,ok,True,True,-28.12139160568227,3.8859134497505963,1.0,0.0,0.9804841750435145
419,1767151951258,5.549388551824383,8.176705820208461,8.588336725055017,8.588336725055017,8.588336725055017,0.9471179246902466,0.9541762669212671,ok,True,True,-32.62056569682649,2.627317268384078,1.0,0.0,0.9804841750435145
420,1767151951291,2.964891721171419,5.049617360786236,5.323205618764241,5.323205618764241,5.323205618764241,0.9701141715049744,0.9637390096714915,ok,True,True,-35.6109174596388,2.084725639614817,1.0,0.0,0.9804841750435145
421,1767151951324,3.2848402053706605,3.9907510675368907,4.00698131277651,4.00698131277651,4.00698131277651,0.9728217720985413,0.9691886671277213,ok,True,True,-35.788315944580624,0.7059108621662302,1.0,0.0,0.9804841750435145
422,1767151951357,3.492083417782243,3.691550477684102,3.593614410143649,3.593614410143649,3.593614410143649,0.9766344428062439,0.9736561325348349,ok,True,True,-34.7178632344499,0.19946705990185887,1.0,0.0,0.9804841750435145
423,1767151951391,4.4981604464258576,4.175516458929156,3.9814146136747754,3.9814146136747754,3.9814146136747754,0.973312497138977,0.9734499512973203,ok,True,True,-32.59630728971992,0.32264398749670153,1.0,0.0,0.9804841750435145
424,1767151951424,6.515498601375117,5.579505744396732,5.279883337567616,5.279883337567616,5.279883337567616,0.9838564395904541,0.9796938442732006,ok,True,True,-29.321399225092584,0.9359928569783849,1.0,0.0,0.9804841750435145
425,1767151951457,8.59271250958719,7.387429803511008,7.043132278618116,7.043132278618116,7.043132278618116,0.9827059507369995,0.98150110815148,ok,True,True,-25.5581868778063,1.2052827060761828,1.0,0.0,0.9804841750435145
426,1767151951492,11.699245675872216,9.974519326927734,9.552275875331008,9.552275875331008,9.552275875331008,0.9868041276931763,0.9846829198764977,ok,True,True,-20.94301640539615,1.7247263489444826,1.0,0.0,0.9804841750435145
427,1767151951524,17.926151595105438,14.745498687834356,14.08798931432286,14.08798931432286,14.08798931432286,0.9777384996414185,0.9805162677354502,ok,True,True,-13.756361800125088,3.1806529072710816,1.0,0.0,0.9804841750435145
428,1767151951560,24.308063183900774,20.48303738547421,19.718132512617963,19.718132512617963,19.718132512617963,0.9768373966217041,0.9783089450672025,ok,True,True,-5.395861785123408,3.825025798426566,1.0,0.0,0.9804841750435145
429,1767151951600,35.26655596104004,29.353148530813705,28.257745351879677,28.257745351879677,28.257745351879677,0.9645678400993347,0.9700642820864818,ok,True,True,6.577023496301615,5.913407430226336,1.0,0.0,0.9804841750435145
430,1767151951624,44.335146278862275,38.34234717964284,37.24130903462741,37.24130903462741,37.24130903462741,0.9634286761283875,0.9660829185116252,ok,True,True,18.611499618208775,5.992799099219432,1.0,0.0,0.9804841750435145
431,1767151951658,51.14054462168116,46.02126564486583,45.11060506921229,45.11060506921229,45.11060506921229,0.9709599018096924,0.9690091084904655,ok,True,True,28.56512656790105,5.11927897681533,1.0,0.0,0.9804841750435145
432,1767151951691,57.59280935845981,52.964191873022216,52.193949708411616,52.193949708411616,52.193949708411616,0.9575943350791931,0.9621602444437021,ok,True,True,36.98396380806084,4.628617485437594,1.0,0.0,0.9804841750435145
433,1767151951725,61.144324317854846,57.872271339921795,57.37612255334312,57.37612255334312,57.37612255334312,0.9537101984024048,0.9570902168189237,ok,True,True,42.406928263947684,3.2720529779330505,1.0,0.0,0.9804841750435145
434,1767151951760,61.47754914972516,60.03543802580381,59.89640422318832,59.89640422318832,59.89640422318832,0.8844141960144043,0.913484604336212,ok,True,True,43.92658404089684,1.442111123921343,1.0,0.0,0.9804841750435145
435,1767151951791,60.36033012486381,60.23037328523981,60.35651646072288,60.35651646072288,60.35651646072288,0.9390425682067871,0.9288193826585571,ok,True,True,42.5478243311038,0.1299568396240005,1.0,0.0,0.9804841750435145
436,1767151951824,57.23654345394306,58.43407538646176,58.80691908722466,58.80691908722466,58.80691908722466,0.9323400259017944,0.9309317686044996,ok,True,True,38.472598931922285,1.1975319325187002,1.0,0.0,0.9804841750435145
437,1767151951857,51.65701178809535,54.36783722744191,55.00639343128551,55.00639343128551,55.00639343128551,0.947687029838562,0.940984925344937,ok,True,True,31.493104695104734,2.710825439346557,1.0,0.0,0.9804841750435145
438,1767151951924,37.414329921354984,44.195732843789756,45.51943278561811,45.51943278561811,45.51943278561811,0.9345707297325134,0.9371364079774829,ok,True,True,17.02490900668021,6.781402922434772,1.0,0.0,0.9804841750435145
439,1767151951957,27.221893899509183,34.01142947722141,35.35913255453431,35.35913255453431,35.35913255453431,0.9441922903060913,0.9413699373746479,ok,True,True,2.294356230858229,6.789535577712229,1.0,0.0,0.9804841750435145
440,1767151951991,17.43658771156926,24.06652441783012,25.335387218750775,25.335387218750775,25.335387218750775,0.9720358848571777,0.9597695058641658,ok,True,True,-11.574463072801693,6.62993670626086,1.0,0.0,0.9804841750435145
441,1767151952025,9.699023089478983,15.446023620819439,16.506680389612917,16.506680389612917,16.506680389612917,0.9607394337654114,0.9603514626049131,ok,True,True,-23.16756601421288,5.747000531340456,1.0,0.0,0.9804841750435145
442,1767151952057,5.190743249932828,9.292855398287472,10.011776128282673,10.011776128282673,10.011776128282673,0.9577521681785583,0.9587918859491003,ok,True,True,-31.025453951919214,4.102112148354644,1.0,0.0,0.9804841750435145
443,1767151952091,4.51942559204617,6.4287975145426905,6.71325954370705,6.71325954370705,6.71325954370705,0.9786275625228882,0.9706932918933731,ok,True,True,-34.13465730973728,1.9093719224965202,1.0,0.0,0.9804841750435145
444,1767151952124,3.2418443798610497,4.516625633733707,4.634795826081176,4.634795826081176,4.634795826081176,0.9761389493942261,0.9739606863938849,ok,True,True,-35.426271378300605,1.274781253872657,1.0,0.0,0.9804841750435145
445,1767151952157,3.938208930886443,4.169575612025349,4.089703880361251,4.089703880361251,4.089703880361251,0.9818295836448669,0.9786820247444741,ok,True,True,-34.553263978985214,0.23136668113890568,1.0,0.0,0.9804841750435145
446,1767151952191,3.4950720328423954,3.764873464515577,3.6725811069809593,3.6725811069809593,3.6725811069809593,0.9740406274795532,0.9758971863855216,ok,True,True,-33.544497681456704,0.2698014316731814,1.0,0.0,0.9804841750435145
447,1767151952224,5.852675507063275,5.0175546900441965,4.742654350276638,4.742654350276638,4.742654350276638,0.9745208024978638,0.9750713560529269,ok,True,True,-30.539804710723626,0.8351208170190789,1.0,0.0,0.9804841750435145
448,1767151952257,7.9836442550015105,6.797208429018585,6.45429246531807,6.45429246531807,6.45429246531807,0.9840683937072754,0.980469578645536,ok,True,True,-26.79169298938377,1.186435825982926,1.0,0.0,0.9804841750435145
449,1767151952292,11.130598439975092,9.397242435592489,8.969119582178468,8.969119582178468,8.969119582178468,0.9774807691574097,0.9786762929526602,ok,True,True,-22.112259965215845,1.7333560043826033,1.0,0.0,0.9804841750435145
450,1767151952324,15.862150813861225,13.27618746255373,12.713228812809637,12.713228812809637,12.713228812809637,0.9901723861694336,0.9855739488827242,ok,True,True,-15.959055865396543,2.5859633513074947,1.0,0.0,0.9804841750435145
451,1767151952357,22.740408143444622,18.954719871088265,18.19875845155967,18.19875845155967,18.19875845155967,0.98821622133255,0.9871593123526197,ok,True,True,-7.696308844699596,3.7856882723563565,1.0,0.0,0.9804841750435145
452,1767151952395,31.672131386185196,26.585166780146423,25.62055805308524,25.62055805308524,25.62055805308524,0.9736741781234741,0.9790682318151323,ok,True,True,2.846977730206877,5.086964606038773,1.0,0.0,0.9804841750435145
453,1767151952425,42.58834100755997,36.187071316594555,35.01837220696173,35.01837220696173,35.01837220696173,0.9656052589416504,0.9709904480910431,ok,True,True,15.620996134785681,6.401269690965414,1.0,0.0,0.9804841750435145
454,1767151952458,49.93198892271224,44.43402188026516,43.441288581635085,43.441288581635085,43.441288581635085,0.9668853878974915,0.9685274119749121,ok,True,True,26.47168757710479,5.49796704244708,1.0,0.0,0.9804841750435145
455,1767151952491,55.33873840672658,50.976851796142014,50.23431505904989,50.23431505904989,50.23431505904989,0.9714927077293396,0.9703065894275685,ok,True,True,34.58770124350575,4.361886610584563,1.0,0.0,0.9804841750435145
456,1767151952524,61.05820047809259,57.02566100531236,56.39637697752555,56.39637697752555,56.39637697752555,0.9548879265785217,0.9610553917181405,ok,True,True,41.46584950801639,4.032539472780229,1.0,0.0,0.9804841750435145
457,1767151952557,61.50807325469529,59.71510835494212,59.498978505430564,59.498978505430564,59.498978505430564,0.9392404556274414,0.947966430063721,ok,True,True,43.828174124064745,1.7929648997531729,1.0,0.0,0.9804841750435145
458,1767151952591,60.16798400905975,59.9868337474127,60.09543613493573,60.09543613493573,60.09543613493573,0.951005220413208,0.9497897042734132,ok,True,True,42.64113728492811,0.18115026164704773,1.0,0.0,0.9804841750435145
459,1767151952624,57.99011124668709,58.78880024697734,59.09326329374823,59.09326329374823,59.09326329374823,0.9443660378456116,0.9465355044167322,ok,True,True,39.31332045773176,0.7986890002902456,1.0,0.0,0.9804841750435145
460,1767151952658,52.314788720824865,54.90439333128585,55.51815195013592,55.51815195013592,55.51815195013592,0.9473446607589722,0.9470209982220762,ok,True,True,32.60486673466623,2.589604610460988,1.0,0.0,0.9804841750435145
461,1767151952697,45.26133532801336,49.11855852932236,49.9540911497434,49.9540911497434,49.9540911497434,0.9596439003944397,0.9545947395254942,ok,True,True,23.472397151252636,3.8572232013089973,1.0,0.0,0.9804841750435145
462,1767151952728,37.58729601796128,42.19980102250571,43.152551727127864,43.152551727127864,43.152551727127864,0.9411563873291016,0.9465317282076586,ok,True,True,13.05872015303672,4.612505004544431,1.0,0.0,0.9804841750435145
463,1767151952757,27.344547811045157,33.28664909562938,34.43632816467965,34.43632816467965,34.43632816467965,0.9536721706390381,0.9508159936664864,ok,True,True,0.4925930238553189,5.942101284584222,1.0,0.0,0.9804841750435145
464,1767151952791,16.70841739949986,23.33971007795167,24.579996192228755,24.579996192228755,24.579996192228755,0.9615851044654846,0.9572774601458853,ok,True,True,-13.063879741574112,6.631292678451807,1.0,0.0,0.9804841750435145
465,1767151952825,10.172885249276055,15.4396151807463,16.411139754074775,16.411139754074775,16.411139754074775,0.9603387117385864,0.9591142111015061,ok,True,True,-23.682757327694205,5.266729931470245,1.0,0.0,0.9804841750435145
466,1767151952857,5.989720749581211,9.769678522047247,10.42280317357048,10.42280317357048,10.42280317357048,0.9489141702651978,0.952994186599721,ok,True,True,-30.821486407126,3.7799577724660365,1.0,0.0,0.9804841750435145
467,1767151952891,5.171633355557817,7.010851422153589,7.27698456218839,7.27698456218839,7.27698456218839,0.9479106664657593,0.9499440745193439,ok,True,True,-33.730352856028276,1.8392180665957722,1.0,0.0,0.9804841750435145
468,1767151952924,4.336786727850954,5.406412605572008,5.489696296895456,5.489696296895456,5.489696296895456,0.9723907113075256,0.963412056592253,ok,True,True,-34.640653374783035,1.0696258777210543,1.0,0.0,0.9804841750435145
469,1767151952957,4.193574593103127,4.678709798090679,4.640350462152682,4.640350462152682,4.640350462152682,0.9785124659538269,0.9724723022091974,ok,True,True,-34.22138133185888,0.4851352049875519,1.0,0.0,0.9804841750435145
470,1767151952993,5.230641260985857,5.009868675827786,4.841317243727964,4.841317243727964,4.841317243727964,0.9684075713157654,0.9700334636731381,ok,True,True,-32.37909440101859,0.22077258515807152,1.0,0.0,0.9804841750435145
471,1767151953024,5.225060597094689,5.138983828587928,4.985305198114213,4.985305198114213,4.985305198114213,0.9721897840499878,0.9713272558992478,ok,True,True,-30.699368937140687,0.0860767685067616,1.0,0.0,0.9804841750435145
472,1767151953057,8.832704046254058,7.355215959187605,6.976510559465726,6.976510559465726,6.976510559465726,0.974925696849823,0.9734863204695929,ok,True,True,-26.560074480520026,1.4774880870664528,1.0,0.0,0.9804841750435145
473,1767151953091,12.926175610124416,10.69779174974969,10.183663823464073,10.183663823464073,10.183663823464073,0.9857515692710876,0.9808454697504898,ok,True,True,-20.940595917946517,2.2283838603747252,1.0,0.0,0.9804841750435145
474,1767151953125,17.724305131812088,14.913699778987127,14.307894026435653,14.307894026435653,14.307894026435653,0.9860522150993347,0.9839695169597967,ok,True,True,-14.31906795672176,2.810605352824961,1.0,0.0,0.9804841750435145
475,1767151953157,23.82018901734091,20.257593321999394,19.54029883449102,19.54029883449102,19.54029883449102,0.9874372482299805,0.9860501557219069,ok,True,True,-6.478955040221294,3.562595695341514,1.0,0.0,0.9804841750435145
476,1767151953194,31.717058316810594,27.133272318886114,26.261744811745945,26.261744811745945,26.261744811745945,0.9716532826423645,0.9774120318741815,ok,True,True,3.04694287870746,4.58378599792448,1.0,0.0,0.9804841750435145
477,1767151953224,41.517163896634926,35.7636072655354,34.714473909796105,34.714473909796105,34.714473909796105,0.9685301184654236,0.9720828838289268,ok,True,True,14.514093563267934,5.753556631099528,1.0,0.0,0.9804841750435145
478,1767151953257,48.98940272208689,43.6990845394663,42.75034004185534,42.75034004185534,42.75034004185534,0.9763045907020569,0.9746159079528048,ok,True,True,24.88398224875932,5.290318182620595,1.0,0.0,0.9804841750435145
479,1767151953291,54.55165789395226,50.21062855215788,49.4705863512134,49.4705863512134,49.4705863512134,0.9764881730079651,0.975739266985901,ok,True,True,32.972730342355305,4.341029341794382,1.0,0.0,0.9804841750435145
480,1767151953325,58.16876720658099,54.985511744811745,54.49267637980771,54.49267637980771,54.49267637980771,0.9627636671066284,0.9679539070583375,ok,True,True,38.35947871163119,3.1832554617692423,1.0,0.0,0.9804841750435145
481,1767151953358,59.7728086353945,57.8578898791614,57.62501596575595,57.62501596575595,57.62501596575595,0.9724635481834412,0.9706596917333997,ok,True,True,40.90481791080458,1.9149187562330994,1.0,0.0,0.9804841750435145
482,1767151953392,59.67247737942319,58.946642379318476,58.95131506201826,58.95131506201826,58.95131506201826,0.943159818649292,0.9541597678829351,ok,True,True,40.853744940598766,0.7258350001047162,1.0,0.0,0.9804841750435145
483,1767151953425,58.579345442479344,58.726264217215004,58.90336597365405,58.90336597365405,58.90336597365405,0.9569212794303894,0.9558166748114076,ok,True,True,38.918001961427436,0.14691877473565995,1.0,0.0,0.9804841750435145
484,1767151953457,52.577258091146064,55.03686054157364,55.61317054757653,55.61317054757653,55.61317054757653,0.9740096926689148,0.966732485525912,ok,True,True,32.618865971038325,2.4596024504275746,1.0,0.0,0.9804841750435145
485,1767151953508,44.285805393686495,48.58622745284136,49.49182839015234,49.49182839015234,49.49182839015234,0.9541509747505188,0.959183579060676,ok,True,True,22.720541462133074,4.300422059154862,1.0,0.0,0.9804841750435145
486,1767151953547,35.66457051901245,40.833233292544016,41.88411315318623,41.88411315318623,41.88411315318623,0.9604828357696533,0.9599631330860623,ok,True,True,11.234301274047152,5.168662773531565,1.0,0.0,0.9804841750435145
487,1767151953584,25.943122988636652,31.8991671101996,33.05534495823404,33.05534495823404,33.05534495823404,0.9568861126899719,0.9581169208484082,ok,True,True,-1.4028582720042522,5.956044121562947,1.0,0.0,0.9804841750435145
488,1767151953616,18.091238093158914,23.614409699975187,24.662859536252768,24.662859536252768,24.662859536252768,0.9669621586799622,0.9634240635473406,ok,True,True,-12.862538008643366,5.523171606816273,1.0,0.0,0.9804841750435145
489,1767151953650,10.914831927305421,15.994663036373328,16.914237831836672,16.914237831836672,16.914237831836672,0.9673801064491272,0.9657976892884126,ok,True,True,-22.913598426860005,5.079831109067907,1.0,0.0,0.9804841750435145
490,1767151953683,7.7249853688820025,11.032856435878532,11.6040127506105,11.6040127506105,11.6040127506105,0.9613642692565918,0.9631376372693201,ok,True,True,-29.156403966918802,3.3078710669965297,1.0,0.0,0.9804841750435145
491,1767151953713,5.460833588657415,7.689642727545863,8.018043422377131,8.018043422377131,8.018043422377131,0.9318879246711731,0.9443878097104319,ok,True,True,-32.74586209628201,2.2288091388884474,1.0,0.0,0.9804841750435145
492,1767151953744,4.203988767120428,5.598250351290602,5.7464931478903685,5.7464931478903685,5.7464931478903685,0.9775088429450989,0.964260429651232,ok,True,True,-34.36617325807162,1.3942615841701738,1.0,0.0,0.9804841750435145
493,1767151953774,3.6974874824645023,4.457792629994943,4.473770359071025,4.473770359071025,4.473770359071025,0.9711520671844482,0.9683954121711618,ok,True,True,-34.54081171171549,0.7603051475304405,1.0,0.0,0.9804841750435145
494,1767151953813,3.2897656728832567,3.7569764557279313,3.7084760558654506,3.7084760558654506,3.7084760558654506,0.9792413711547852,0.9749029875613359,ok,True,True,-34.01069665013441,0.46721078284467454,1.0,0.0,0.9804841750435145
495,1767151953844,4.920635669198276,4.455171983810138,4.245308897944784,4.245308897944784,4.245308897944784,0.969988226890564,0.9719541311588726,ok,True,True,-31.71686849608716,0.465463685388138,1.0,0.0,0.9804841750435145
496,1767151953880,7.152280513307056,6.073437101508288,5.751412785647267,5.751412785647267,5.751412785647267,0.9843486547470093,0.9793908453117546,ok,True,True,-28.197104937079278,1.0788434117987675,1.0,0.0,0.9804841750435145
497,1767151953910,10.204219728714419,8.551906677831967,8.134454401895146,8.134454401895146,8.134454401895146,0.9849047064781189,0.9826991620115733,ok,True,True,-23.634302576833104,1.6523130508824515,1.0,0.0,0.9804841750435145
498,1767151953945,13.28773481169962,11.393403558152558,10.94175933973832,10.94175933973832,10.94175933973832,0.98337322473526,0.9831035996457853,ok,True,True,-18.697778273192924,1.8943312535470618,1.0,0.0,0.9804841750435145
499,1767151953976,19.140948901680744,16.04193076426947,15.403159285511464,15.403159285511464,15.403159285511464,0.9908337593078613,0.9877416954430309,ok,True,True,-11.715931056300334,3.0990181374112744,1.0,0.0,0.9804841750435145
500,1767151954025,26.81951711301629,22.50848257351756,21.671897280305082,21.671897280305082,21.671897280305082,0.9748509526252747,0.9800072497523772,ok,True,True,-2.5719556357546356,4.311034539498728,1.0,0.0,0.9804841750435145
501,1767151954058,35.29559150581676,30.18074793289708,29.221537545832014,29.221537545832014,29.221537545832014,0.982279360294342,0.9813705160775561,ok,True,True,7.912326449547773,5.114843572919678,1.0,0.0,0.9804841750435145
502,1767151954091,43.16713803998831,37.97258199715182,37.02534499778733,37.02534499778733,37.02534499778733,0.9758906364440918,0.9780825882974775,ok,True,True,18.265738002313935,5.1945560428364885,1.0,0.0,0.9804841750435145
503,1767151954135,51.35326504592413,46.00099182641521,45.06720466362664,45.06720466362664,45.06720466362664,0.9625933170318604,0.9687890255381072,ok,True,True,28.472141263088332,5.352273219508923,1.0,0.0,0.9804841750435145
504,1767151954175,57.08622186375406,52.65212984881852,51.911526114304145,51.911526114304145,51.911526114304145,0.9764758348464966,0.9734011111231409,ok,True,True,36.5670269844941,4.434092014935544,1.0,0.0,0.9804841750435145
505,1767151954205,60.58745912209871,57.413327412786636,56.935328330680754,56.935328330680754,56.935328330680754,0.97406405210495,0.9737988757122262,ok,True,True,41.79161304078936,3.1741317093120713,1.0,0.0,0.9804841750435145
506,1767151954241,61.32429641784255,59.75990881582018,59.60014127675951,59.60014127675951,59.60014127675951,0.9515892863273621,0.9604731220813078,ok,True,True,43.53789099000123,1.5643876020223644,1.0,0.0,0.9804841750435145
507,1767151954271,58.91018512963818,59.25007460411098,59.451114522310164,59.451114522310164,59.451114522310164,0.9507913589477539,0.9546640642011754,ok,True,True,41.34050109386431,0.33988947447279827,1.0,0.0,0.9804841750435145
508,1767151954307,56.330608019161154,57.498394653141084,57.870126161225386,57.870126161225386,57.870126161225386,0.949308454990387,0.9514506986747023,ok,True,True,37.2774320911656,1.1677866339799294,1.0,0.0,0.9804841750435145
509,1767151954352,50.26731727979796,53.159748229135204,53.8241365346249,53.8241365346249,53.8241365346249,0.972740650177002,0.9642246695760821,ok,True,True,30.01558995219227,2.892430949337246,1.0,0.0,0.9804841750435145
510,1767151954389,43.205202650648665,47.187020882043285,48.03942984120362,48.03942984120362,48.03942984120362,0.9695689082145691,0.9674312127591742,ok,True,True,20.698660006072135,3.9818182313946195,1.0,0.0,0.9804841750435145
511,1767151954423,33.14697268701366,38.762991965025506,39.87530520192978,39.87530520192978,39.87530520192978,0.9480910301208496,0.9558271031761794,ok,True,True,8.54094580678972,5.616019278011848,1.0,0.0,0.9804841750435145
512,1767151954461,23.946791349158275,29.873271595505166,31.02133666827938,31.02133666827938,31.02133666827938,0.9438188076019287,0.948622125831629,ok,True,True,-4.00754015370646,5.926480246346891,1.0,0.0,0.9804841750435145
513,1767151954494,15.216598466195071,21.07926771791911,22.17395730796932,22.17395730796932,22.17395730796932,0.9608452916145325,0.9559560253013711,ok,True,True,-15.972625824898168,5.8626692517240375,1.0,0.0,0.9804841750435145
514,1767151954529,9.463209866559676,14.109633007103449,14.950241612358077,14.950241612358077,14.950241612358077,0.9686027765274048,0.9635440760369913,ok,True,True,-25.16057651816387,4.646423140543773,1.0,0.0,0.9804841750435145
515,1767151954563,4.786814682543313,8.515942012367368,9.140448298041633,9.140448298041633,9.140448298041633,0.9736696481704712,0.9696194193170793,ok,True,True,-31.986503500759518,3.7291273298240553,1.0,0.0,0.9804841750435145
516,1767151954596,4.368247648695708,6.0273253941643725,6.255773211207563,6.255773211207563,6.255773211207563,0.9747877717018127,0.9727204307479194,ok,True,True,-34.48346494733099,1.6590777454686645,1.0,0.0,0.9804841750435145
517,1767151954632,3.075895781309452,4.25646762645142,4.351317076612739,4.351317076612739,4.351317076612739,0.9772776365280151,0.9754547542159768,ok,True,True,-35.520180567321084,1.1805718451419684,1.0,0.0,0.9804841750435145
518,1767151954668,3.227303618126079,3.6389692214562155,3.586329153198985,3.586329153198985,3.586329153198985,0.9807305932044983,0.9786202576090898,ok,True,True,-34.94481844443267,0.4116656033301367,1.0,0.0,0.9804841750435145
519,1767151954703,3.613495904600921,3.623685231343039,3.489513878080179,3.489513878080179,3.489513878080179,0.9772682785987854,0.9778090702029072,ok,True,True,-33.478309809472314,0.01018932674211781,1.0,0.0,0.9804841750435145
520,1767151954734,5.40842937304498,4.694531716364203,4.435497566003622,4.435497566003622,4.435497566003622,0.9750468730926514,0.9761517519367537,ok,True,True,-30.647036150711628,0.7138976566807766,1.0,0.0,0.9804841750435145
521,1767151954767,7.514799520103501,6.3866923986077815,6.054913064140093,6.054913064140093,6.054913064140093,0.9799056053161621,0.9784040639643987,ok,True,True,-27.020649093669483,1.1281071214957192,1.0,0.0,0.9804841750435145
522,1767151954798,10.529093680426257,8.872133167698866,8.457190806171495,8.457190806171495,8.457190806171495,0.9871657490730286,0.9836610750295766,ok,True,True,-22.48528039243439,1.656960512727391,1.0,0.0,0.9804841750435145
523,1767151954831,16.99388761111092,13.745185833746099,13.07136172388557,13.07136172388557,13.07136172388557,0.9874470233917236,0.9859326440468648,ok,True,True,-15.120303804481338,3.248701777364822,1.0,0.0,0.9804841750435145
524,1767151954869,23.601951149909958,19.659245023444413,18.867744350444415,18.867744350444415,18.867744350444415,0.9877122044563293,0.9870003802925436,ok,True,True,-6.469108573131324,3.942706126465545,1.0,0.0,0.9804841750435145
525,1767151954907,30.49876662954957,26.16295798710751,25.32469901469166,25.32469901469166,25.32469901469166,0.9774746298789978,0.9812849300444161,ok,True,True,2.6931603574983303,4.3358086424420605,1.0,0.0,0.9804841750435145
526,1767151954943,37.64617748198293,33.05288968403276,32.200393299143116,32.200393299143116,32.200393299143116,0.9397686123847961,0.9563751394486442,ok,True,True,12.011045877098432,4.593287797950168,1.0,0.0,0.9804841750435145
527,1767151954979,44.0986893542377,39.680369486155726,38.890239946320904,38.890239946320904,38.890239946320904,0.9664806127548218,0.9624384234323508,ok,True,True,20.647254462062982,4.418319868081973,1.0,0.0,0.9804841750435145
528,1767151955010,51.19953528509924,46.59186896552183,45.809130089163126,45.809130089163126,45.809130089163126,0.9673640131950378,0.965393777289963,ok,True,True,29.20268222800588,4.607666319577405,1.0,0.0,0.9804841750435145
529,1767151955044,55.94329500203875,52.20272458743199,51.59779874664712,51.59779874664712,51.59779874664712,0.9704570174217224,0.9684317213690186,ok,True,True,35.814592650371935,3.740570414606765,1.0,0.0,0.9804841750435145
530,1767151955078,58.57660971023197,56.02705566111198,55.66596017712854,55.66596017712854,55.66596017712854,0.9677835702896118,0.9680428307213745,ok,True,True,39.76140866160681,2.5495540491199904,1.0,0.0,0.9804841750435145
531,1767151955111,60.07214142301533,58.45410711825399,58.29085300257384,58.29085300257384,58.29085300257384,0.9549903869628906,0.9602113644662842,ok,True,True,41.5457953023878,1.6180343047613448,1.0,0.0,0.9804841750435145
532,1767151955165,59.529472148794916,59.09932613657854,59.163654580475935,59.163654580475935,59.163654580475935,0.9631783962249756,0.9619915835214989,ok,True,True,40.84267786222699,0.43014601221637605,1.0,0.0,0.9804841750435145
533,1767151955204,57.62614965839046,58.21542024966569,58.47319273743346,58.47319273743346,58.47319273743346,0.9371994137763977,0.9471162816744382,ok,True,True,38.0251943236505,0.5892705912752305,1.0,0.0,0.9804841750435145
534,1767151955239,51.07641009195763,53.93201415504085,54.58030056569332,54.58030056569332,54.58030056569332,0.9628770351409912,0.95657273375437,ok,True,True,30.939347784660022,2.85560406308322,1.0,0.0,0.9804841750435145
535,1767151955293,43.01206914972299,47.380047151850135,48.29874246365336,48.29874246365336,48.29874246365336,0.9333995580673218,0.942668828342141,ok,True,True,20.8979002260479,4.3679780021271455,1.0,0.0,0.9804841750435145
536,1767151955326,32.52045551834601,38.46429217174766,39.639624379937544,39.639624379937544,39.639624379937544,0.9430670738220215,0.9429077756300693,ok,True,True,8.05138127590618,5.943836653401647,1.0,0.0,0.9804841750435145
537,1767151955358,23.182194417374944,29.29503351912403,30.479508888370056,30.479508888370056,30.479508888370056,0.93305903673172,0.9369985322910597,ok,True,True,-4.895073497446569,6.112839101749085,1.0,0.0,0.9804841750435145
538,1767151955392,13.8075756647298,20.002558806487492,21.153642739143706,21.153642739143706,21.153642739143706,0.9569494724273682,0.9489690963728448,ok,True,True,-17.476555950688947,6.194983141757692,1.0,0.0,0.9804841750435145
539,1767151955428,5.0924695404837115,11.056505246885223,12.11839386738618,12.11839386738618,12.11839386738618,0.9533182978630066,0.9515786172669418,ok,True,True,-29.08312317580959,5.9640357064015115,1.0,0.0,0.9804841750435145
540,1767151955460,4.109180701673758,6.888110519758344,7.363648179635282,7.363648179635282,7.363648179635282,0.9616079330444336,0.9575962067334369,ok,True,True,-34.280805598316775,2.7789298180845865,1.0,0.0,0.9804841750435145
541,1767151955494,3.4331329857207438,4.815123999335784,4.972023694085466,4.972023694085466,4.972023694085466,0.9726002216339111,0.9665986156737215,ok,True,True,-35.99573767269383,1.38199101361504,1.0,0.0,0.9804841750435145
542,1767151955529,3.9053054285414994,4.2692328568592135,4.213756990428917,4.213756990428917,4.213756990428917,0.9780861735343933,0.9734911503901246,ok,True,True,-35.38937994301847,0.3639274283177141,1.0,0.0,0.9804841750435145
543,1767151955561,4.198827658805011,4.226989738026692,4.093856839199376,4.093856839199376,4.093856839199376,0.980709433555603,0.9778221202894117,ok,True,True,-33.93422173689187,0.02816207922168079,1.0,0.0,0.9804841750435145
544,1767151955594,4.982919556519176,4.680547629122183,4.488826643192028,4.488826643192028,4.488826643192028,0.9779250621795654,0.9778838854235039,ok,True,True,-31.83868886394803,0.3023719273969938,1.0,0.0,0.9804841750435145
545,1767151955624,6.349205162624271,5.681742149223435,5.430158436097932,5.430158436097932,5.430158436097932,0.976669192314148,0.9771550695578903,ok,True,True,-29.088849358408297,0.6674630134008357,1.0,0.0,0.9804841750435145
546,1767151955661,10.767119627957408,8.732968636463818,8.256137167836505,8.256137167836505,8.256137167836505,0.9835737347602844,0.9810062686793268,ok,True,True,-23.87702545444273,2.03415099149359,1.0,0.0,0.9804841750435145
547,1767151955690,14.047820084209448,11.921879505111196,11.423931584591337,11.423931584591337,11.423931584591337,0.986046314239502,0.9840302960154319,ok,True,True,-18.434396253466605,2.125940579098252,1.0,0.0,0.9804841750435145
548,1767151955726,19.261459056644725,16.325627236031313,15.709986760468414,15.709986760468414,15.709986760468414,0.9836117029190063,0.9837791401575766,ok,True,True,-11.705373615710993,2.935831820613412,1.0,0.0,0.9804841750435145
549,1767151955757,27.402239576379397,22.971594640240163,22.117606262769254,22.117606262769254,22.117606262769254,0.9810143113136292,0.9821202428512081,ok,True,True,-2.3711804421258265,4.430644936139235,1.0,0.0,0.9804841750435145
550,1767151955793,38.81282934940653,32.47633546573998,31.31141372537048,31.31141372537048,31.31141372537048,0.9616056084632874,0.9698114622184557,ok,True,True,10.361550873164633,6.336493883666549,1.0,0.0,0.9804841750435145
551,1767151955999,47.42488572744391,41.445465622762335,40.352987782471125,40.352987782471125,40.352987782471125,0.9734737277030945,0.9720088215092391,ok,True,True,22.302461859961575,5.979420104681573,1.0,0.0,0.9804841750435145
552,1767151956028,55.41582168593188,49.827679260664056,48.853212996121535,48.853212996121535,48.853212996121535,0.9719986915588379,0.9720027435389984,ok,True,True,32.95349247623208,5.588142425267826,1.0,0.0,0.9804841750435145
553,1767151956057,59.04301182705198,55.3568788004968,54.75362211174501,54.75362211174501,54.75362211174501,0.9715781211853027,0.971747970126781,ok,True,True,39.54715887101667,3.6861330265551757,1.0,0.0,0.9804841750435145
554,1767151956089,62.15043583051839,59.433013018509754,59.05788692313083,59.05788692313083,59.05788692313083,0.9391751289367676,0.952204265412773,ok,True,True,43.64733111116974,2.7174228120086354,1.0,0.0,0.9804841750435145
555,1767151956117,35.66174857671527,45.170254353433066,46.882580365708094,46.882580365708094,46.882580365708094,0.9643616080284119,0.9594986709821562,ok,True,True,24.931406871001347,9.508505776717797,1.0,0.0,0.9804841750435145
556,1767151956154,20.85532195224374,30.58129491271947,32.493372797817955,32.493372797817955,32.493372797817955,0.9695255160331726,0.9655147780127661,ok,True,True,4.032171221793199,9.72597296047573,1.0,0.0,0.9804841750435145
557,1767151956184,12.181608146580762,19.541482853036246,21.001997160435792,21.001997160435792,21.001997160435792,0.9525311589241028,0.9577246065595681,ok,True,True,-11.931421536255478,7.359874706455484,1.0,0.0,0.9804841750435145
558,1767151956238,4.898945220665556,10.755960273613832,11.855096101476068,11.855096101476068,11.855096101476068,0.9536077976226807,0.9552545211974357,ok,True,True,-23.94510510845848,5.857015052948276,1.0,0.0,0.9804841750435145
559,1767151956269,3.67715340538216,6.508676152674829,7.016289922966675,7.016289922966675,7.016289922966675,0.9756606817245483,0.9674982175137032,ok,True,True,-29.493383181642663,2.8315227472926687,1.0,0.0,0.9804841750435145
560,1767151956301,3.1814973449925943,4.512368868065488,4.682100800918934,4.682100800918934,4.682100800918934,0.9818516373634338,0.9761102694235415,ok,True,True,-31.348573124241174,1.330871523072894,1.0,0.0,0.9804841750435145
561,1767151956337,1.6583899109426734,2.7999814937917993,2.8934146717748344,2.8934146717748344,2.8934146717748344,0.9862381219863892,0.9821869809612501,ok,True,True,-32.36980872313587,1.1415915828491259,1.0,0.0,0.9804841750435145
562,1767151956454,2.3454782606082873,2.527279553881692,2.4477199844553224,2.4477199844553224,2.4477199844553224,0.9793893694877625,0.9805084140771575,ok,True,True,-31.500213293708267,0.18180129327340477,1.0,0.0,0.9804841750435145
563,1767151956483,2.6607196760877887,2.60734362720535,2.4723410972524227,2.4723410972524227,2.4723410972524227,0.9785489439964294,0.9793327320287206,ok,True,True,-30.02461979999439,0.05337604888243863,1.0,0.0,0.9804841750435145
564,1767151956513,3.512434736874548,3.1503982930068686,2.963024784576477,2.963024784576477,2.963024784576477,0.977778971195221,0.9784004755286209,ok,True,True,-27.976605366260202,0.3620364438676793,1.0,0.0,0.9804841750435145
565,1767151956542,5.379830625853987,4.48805769271514,4.213775327102255,4.213775327102255,4.213775327102255,0.9744149446487427,0.9760091570006939,ok,True,True,-24.978666925551387,0.8917729331388475,1.0,0.0,0.9804841750435145
566,1767151956570,24.998582693548904,16.794372693215397,15.29737158225521,15.29737158225521,15.29737158225521,0.9867901802062988,0.9824777709240569,ok,True,True,-8.616269123187845,8.204210000333507,1.0,0.0,0.9804841750435145
567,1767151956602,38.18324885030221,29.62769838746749,27.996287886956356,27.996287886956356,27.996287886956356,0.9701419472694397,0.9750762767312866,ok,True,True,9.215239078696214,8.555550462834724,1.0,0.0,0.9804841750435145
568,1767151956632,48.966706489639705,41.23110324877082,39.78829584605875,39.78829584605875,39.78829584605875,0.9720504879951477,0.9732608034896033,ok,True,True,24.98529329076529,7.735603240868883,1.0,0.0,0.9804841750435145
569,1767151956664,58.41766136772512,51.5430381201434,50.324084306355815,50.324084306355815,50.324084306355815,0.9573593735694885,0.9637199455375345,ok,True,True,38.30860150869157,6.874623247581717,1.0,0.0,0.9804841750435145
570,1767151956702,60.147908562126844,56.70596038533347,56.13621835650387,56.13621835650387,56.13621835650387,0.9422300457954407,0.9508260056922782,ok,True,True,44.535948737883785,3.4419481767933746,1.0,0.0,0.9804841750435145
571,1767151956739,60.543336818604885,59.008386245296315,58.85351716154698,58.85351716154698,58.85351716154698,0.9534623622894287,0.9524078196505685,ok,True,True,46.228685995753146,1.5349505733085707,1.0,0.0,0.9804841750435145
572,1767151956771,59.13031961816499,59.08154626901752,59.22807733128084,59.22807733128084,59.22807733128084,0.9363075494766235,0.9427476575462016,ok,True,True,44.62708429111749,0.048773349147467115,1.0,0.0,0.9804841750435145
573,1767151956821,57.15312086240824,57.92449102505195,58.236001865324766,58.236001865324766,58.236001865324766,0.9471892714500427,0.9454126258885063,ok,True,True,41.22223425395012,0.7713701626437128,1.0,0.0,0.9804841750435145
574,1767151956860,51.71999110315141,54.20179107191162,54.80539030450998,54.80539030450998,54.80539030450998,0.970348596572876,0.960374208299128,ok,True,True,34.62482381472814,2.481799968760214,1.0,0.0,0.9804841750435145
575,1767151956903,43.598349214475014,47.83972595744966,48.74595038543541,48.74595038543541,48.74595038543541,0.960789680480957,0.9606234916082255,ok,True,True,24.719684479586732,4.241376742974644,1.0,0.0,0.9804841750435145
576,1767151956940,35.1423445212708,40.221297095742344,41.26466543210647,41.26466543210647,41.26466543210647,0.9254696369171143,0.9395311787935587,ok,True,True,13.315546133269905,5.078952574471543,1.0,0.0,0.9804841750435145
577,1767151956975,25.290265776083093,31.262678303946792,32.4285007207627,32.4285007207627,32.4285007207627,0.9538097977638245,0.9480983501757181,ok,True,True,0.572970318733919,5.9724125278637,1.0,0.0,0.9804841750435145
578,1767151957011,18.63259697462219,23.68462950635203,24.662633039907615,24.662633039907615,24.662633039907615,0.9314780831336975,0.9381261899505058,ok,True,True,-10.116723062915984,5.052032531729843,1.0,0.0,0.9804841750435145
579,1767151957044,4.396978584629747,12.11203895331866,13.475129172127064,13.475129172127064,13.475129172127064,0.9717444181442261,0.958297126866738,ok,True,True,-25.01545910082597,7.7150603686889125,1.0,0.0,0.9804841750435145
580,1767151957077,3.313703330047744,6.833037579356111,7.48127464839963,7.48127464839963,7.48127464839963,0.9805344939231873,0.9716395471006076,ok,True,True,-32.1007663302408,3.5193342493083666,1.0,0.0,0.9804841750435145
581,1767151957112,1.968544933483262,3.914341991832402,4.193012798192147,4.193012798192147,4.193012798192147,0.9813275933265686,0.9774523748361843,ok,True,True,-35.146670943256694,1.9457970583491397,1.0,0.0,0.9804841750435145
582,1767151957147,2.585372092552032,3.11696005226418,3.10630131187148,3.10630131187148,3.10630131187148,0.9840785264968872,0.981428065832606,ok,True,True,-35.0301696600575,0.531587959712148,1.0,0.0,0.9804841750435145
583,1767151957177,3.4871522029329927,3.339075342665468,3.1827765710826927,3.1827765710826927,3.1827765710826927,0.9837861657142639,0.9828429257616007,ok,True,True,-33.321805746407655,0.14807686026752487,1.0,0.0,0.9804841750435145
584,1767151957211,4.805993544958173,4.219226264041091,3.97958762551023,3.97958762551023,3.97958762551023,0.9813337922096252,0.9819374456304155,ok,True,True,-30.702527307834046,0.5867672809170816,1.0,0.0,0.9804841750435145
585,1767151957241,7.862668565768547,6.405291645077565,6.020347610987616,6.020347610987616,6.020347610987616,0.9849689602851868,0.9837563544232782,ok,True,True,-26.495043845522957,1.4573769206909821,1.0,0.0,0.9804841750435145
586,1767151957275,11.477881257301416,9.448845412411876,8.967635913077842,8.967635913077842,8.967635913077842,0.9888023734092712,0.986783965814874,ok,True,True,-21.235367552210544,2.02903584488954,1.0,0.0,0.9804841750435145
587,1767151957307,16.180719937263476,13.487970127322836,12.904471817219072,12.904471817219072,12.904471817219072,0.9871382117271423,0.986996513362235,ok,True,True,-14.857662554516281,2.69274980994064,1.0,0.0,0.9804841750435145
588,1767151957342,23.88031765341651,19.72337864297904,18.90707134805831,18.90707134805831,18.90707134805831,0.9768174290657043,0.9808890627843165,ok,True,True,-5.935328034739507,4.156939010437469,1.0,0.0,0.9804841750435145
589,1767151957372,34.12460039921929,28.36411169672319,27.286564811533314,27.286564811533314,27.286564811533314,0.9593145847320557,0.96794437595296,ok,True,True,5.842385860787026,5.760488702496101,1.0,0.0,0.9804841750435145
590,1767151957421,43.181879958506165,37.25477265379297,36.16399181347579,36.16399181347579,36.16399181347579,0.9628151059150696,0.9648668139302257,ok,True,True,17.76474843874023,5.927107304713196,1.0,0.0,0.9804841750435145
591,1767151957454,51.9756441322008,46.087295540837665,45.04588001801572,45.04588001801572,45.04588001801572,0.9648306965827942,0.9648451435217668,ok,True,True,29.14754230389603,5.888348591363133,1.0,0.0,0.9804841750435145
592,1767151957488,58.160157696273096,53.33101283409893,52.51477408466025,52.51477408466025,52.51477408466025,0.9711441993713379,0.9686245770315094,ok,True,True,38.06912761351073,4.829144862174168,1.0,0.0,0.9804841750435145
593,1767151957520,61.53514895767293,58.253494508243335,57.754641870848396,57.754641870848396,57.754641870848396,0.9621909856796265,0.9647644222203796,ok,True,True,43.521645476091884,3.2816544494295954,1.0,0.0,0.9804841750435145
594,1767151957552,61.19080302937687,60.01587962092346,59.92542082433958,59.92542082433958,59.92542082433958,0.9199068546295166,0.9378498816658618,ok,True,True,44.510370737276915,1.1749234084534166,1.0,0.0,0.9804841750435145
595,1767151957585,60.344036425449325,60.21277370363898,60.346291354312115,60.346291354312115,60.346291354312115,0.9428770542144775,0.9408661851950313,ok,True,True,43.05100714832832,0.13126272181034437,1.0,0.0,0.9804841750435145
596,1767151957624,57.63550057512674,58.666409826531634,59.01405427763648,59.01405427763648,59.01405427763648,0.9748319387435913,0.9612456373241673,ok,True,True,39.25121250481378,1.0309092514048928,1.0,0.0,0.9804841750435145
597,1767151957671,52.19333600264961,54.78256553220242,55.40084962503486,55.40084962503486,55.40084962503486,0.975118100643158,0.9695691153155617,ok,True,True,32.49329482009748,2.58922952955281,1.0,0.0,0.9804841750435145
598,1767151957708,45.53703506731239,49.2352472532684,50.04424990446956,50.04424990446956,50.04424990446956,0.9627260565757751,0.9654632800716897,ok,True,True,23.65080091330961,3.6982121859560095,1.0,0.0,0.9804841750435145
599,1767151957762,38.15074766152307,42.5845474982212,43.50508402874895,43.50508402874895,43.50508402874895,0.9533637166023254,0.9582035419900712,ok,True,True,13.589228617987981,4.433799836698128,1.0,0.0,0.9804841750435145
600,1767151957799,30.45613288624917,35.30749873103798,36.272956518075816,36.272956518075816,36.272956518075816,0.9320667386054993,0.9425214599593281,ok,True,True,3.036661717907185,4.851365844788813,1.0,0.0,0.9804841750435145
601,1767151957840,21.392795634128824,26.95867687289249,28.009507093550322,28.009507093550322,28.009507093550322,0.9615558981895447,0.9539421228974581,ok,True,True,-8.449035899324699,5.565881238763666,1.0,0.0,0.9804841750435145
602,1767151957878,15.692064132918649,20.198709228908186,21.03901202087501,21.03901202087501,21.03901202087501,0.9582931995391846,0.956552768882494,ok,True,True,-17.63364401747029,4.506645095989537,1.0,0.0,0.9804841750435145
603,1767151957911,7.6369764026971785,12.66166953318158,13.531033628594493,13.531033628594493,13.531033628594493,0.9571785926818848,0.9569282631621284,ok,True,True,-27.13589559236325,5.024693130484402,1.0,0.0,0.9804841750435145
604,1767151957944,6.566161373981348,9.00436463766144,9.408618536154775,9.408618536154775,9.408618536154775,0.957905650138855,0.9575146953481644,ok,True,True,-31.55443813844165,2.4382032636800925,1.0,0.0,0.9804841750435145
605,1767151957976,4.964045302946984,6.580173036832767,6.778456409733396,6.778456409733396,6.778456409733396,0.9719663858413696,0.9661857096440876,ok,True,True,-33.721698671009655,1.616127733885783,1.0,0.0,0.9804841750435145
606,1767151958007,4.935348851032871,5.593278525352829,5.600100049184313,5.600100049184313,5.600100049184313,0.9765466451644897,0.9724022709563289,ok,True,True,-33.79625872693202,0.6579296743199583,1.0,0.0,0.9804841750435145
607,1767151958044,6.548948100702203,6.166680270562454,5.977717004543768,5.977717004543768,5.977717004543768,0.977398157119751,0.9753998026543822,ok,True,True,-31.730868056214067,0.3822678301397495,1.0,0.0,0.9804841750435145
608,1767151958080,9.227942640622516,8.003437692598492,7.659308710126586,7.659308710126586,7.659308710126586,0.9830247759819031,0.9799747866508948,ok,True,True,-27.969497897366093,1.2245049480240233,1.0,0.0,0.9804841750435145
609,1767151958113,11.487145963987889,10.09366265543213,9.71792068647351,9.71792068647351,9.71792068647351,0.9768974781036377,0.9781284015225405,ok,True,True,-23.862594086719717,1.3934833085557585,1.0,0.0,0.9804841750435145
610,1767151958145,17.275271466360895,14.402627941989387,13.79101070607282,13.79101070607282,13.79101070607282,0.9895903468132019,0.9850055686969373,ok,True,True,-17.177545930389368,2.872643524371508,1.0,0.0,0.9804841750435145
611,1767151958178,23.38006372370363,19.789089411017933,19.055761324359256,19.055761324359256,19.055761324359256,0.9840686917304993,0.9844434425170745,ok,True,True,-9.162183893777964,3.5909743126856952,1.0,0.0,0.9804841750435145
612,1767151958230,32.603521775008275,27.47774882941214,26.50371587090403,26.50371587090403,26.50371587090403,0.9768348336219788,0.9798782771800171,ok,True,True,1.4841106366918329,5.125772945596136,1.0,0.0,0.9804841750435145
613,1767151958264,43.74723397050048,37.239439914065144,36.04678564279208,36.04678564279208,36.04678564279208,0.960992157459259,0.9685466053475622,ok,True,True,14.519961768920428,6.507794056435337,1.0,0.0,0.9804841750435145
614,1767151958298,52.05851497941683,46.13088495327615,45.05945231646858,45.05945231646858,45.05945231646858,0.958885908126831,0.9627501870151235,ok,True,True,26.23084621217656,5.927630026140676,1.0,0.0,0.9804841750435145
615,1767151958330,60.92254609104496,55.00588163593744,53.993380838065136,53.993380838065136,53.993380838065136,0.9681628346443176,0.9659977755926399,ok,True,True,37.29759874075086,5.916664455107515,1.0,0.0,0.9804841750435145
616,1767151958366,63.68064122533616,60.21073738957668,59.65559564656332,59.65559564656332,59.65559564656332,0.9707775712013245,0.9688656529578507,ok,True,True,43.36536313275978,3.4699038357594816,1.0,0.0,0.9804841750435145
617,1767151958397,62.283049876475985,61.45412488171626,61.41472591168771,61.41472591168771,61.41472591168771,0.9516632556915283,0.9585442145980573,ok,True,True,43.79599849828539,0.8289249947597241,1.0,0.0,0.9804841750435145
618,1767151958437,61.14454271664771,61.268375582675134,61.447639668725245,61.447639668725245,61.447639668725245,0.9459713697433472,0.9510005076852313,ok,True,True,41.836621002735185,0.12383286602742061,1.0,0.0,0.9804841750435145
619,1767151958473,57.76694791174355,59.167518980116185,59.577636185872386,59.577636185872386,59.577636185872386,0.9693212509155273,0.9619929536234089,ok,True,True,37.353991820267446,1.400571068372635,1.0,0.0,0.9804841750435145
620,1767151958506,52.47679464643172,55.15308437990551,55.78585747981647,55.78585747981647,55.78585747981647,0.9668606519699097,0.9649135726313094,ok,True,True,30.437707588028648,2.676289733473787,1.0,0.0,0.9804841750435145
621,1767151958545,45.27323231488743,49.22517314089467,50.0706222441363,50.0706222441363,50.0706222441363,0.970267117023468,0.9681256992666045,ok,True,True,21.1968496837762,3.951940826007238,1.0,0.0,0.9804841750435145
622,1767151958589,20.467060624573413,31.970305631101915,34.06927355294199,34.06927355294199,34.06927355294199,0.9824208617210388,0.9767027967392651,ok,True,True,-1.7451159968765317,11.503245006528502,1.0,0.0,0.9804841750435145
623,1767151958622,9.755042379846872,18.64114768034889,20.356533017337085,20.356533017337085,20.356533017337085,0.952494740486145,0.962177962987393,ok,True,True,-20.49447901514401,8.886105300502019,1.0,0.0,0.9804841750435145
624,1767151958659,6.030521092488941,11.074771727632921,12.03443183067483,12.03443183067483,12.03443183067483,0.9748169779777527,0.9697613719816088,ok,True,True,-30.983676548843427,5.04425063514398,1.0,0.0,0.9804841750435145
625,1767151958696,5.388888428420909,7.663241748105714,8.03582864020282,8.03582864020282,8.03582864020282,0.9729195833206177,0.9716562987850141,ok,True,True,-35.05609499917367,2.2743533196848045,1.0,0.0,0.9804841750435145
626,1767151958729,3.043871621472592,4.891619672125841,5.112117357880211,5.112117357880211,5.112117357880211,0.9762226343154907,0.9743961001033,ok,True,True,-37.46616057788219,1.8477480506532489,1.0,0.0,0.9804841750435145
627,1767151958762,3.526205355497864,4.072371082149054,4.049031311400203,4.049031311400203,4.049031311400203,0.9688883423805237,0.9710914454696342,ok,True,True,-37.211054144885814,0.5461657266511901,1.0,0.0,0.9804841750435145
628,1767151958799,3.7050912088579278,3.8520031581743783,3.7355597044405915,3.7355597044405915,3.7355597044405915,0.9809826016426086,0.9770261391734189,ok,True,True,-35.93831353198723,0.14691194931645057,1.0,0.0,0.9804841750435145
629,1767151958830,5.392624197246098,4.776375781617411,4.526515859789895,4.526515859789895,4.526515859789895,0.9834850430488586,0.9809014814986827,ok,True,True,-33.20731526760585,0.6162484156286876,1.0,0.0,0.9804841750435145
630,1767151958866,7.862737533808397,6.628192832932002,6.270093944701833,6.270093944701833,6.270093944701833,0.9841201305389404,0.9828326709228373,ok,True,True,-29.29325239957772,1.2345447008763948,1.0,0.0,0.9804841750435145
631,1767151958896,11.933576085934757,9.811422784733654,9.307210687225002,9.307210687225002,9.307210687225002,0.9815265536308289,0.9820490005476322,ok,True,True,-23.782155009069434,2.1221533012011022,1.0,0.0,0.9804841750435145
632,1767151958926,18.23791587190918,14.86731863703897,14.15830033424942,14.15830033424942,14.15830033424942,0.9874593019485474,0.9852951813881813,ok,True,True,-16.032501762681296,3.3705972348702105,1.0,0.0,0.9804841750435145
633,1767151958970,24.362674376788394,20.564532080888625,19.78991131229911,19.78991131229911,19.78991131229911,0.9772437810897827,0.9804643412091422,ok,True,True,-7.565805867242336,3.798142295899769,1.0,0.0,0.9804841750435145
634,1767151959001,34.33803924054403,28.828636376681864,27.791710427960034,27.791710427960034,27.791710427960034,0.9813147187232971,0.9809745677176351,ok,True,True,3.7679164261882345,5.509402863862164,1.0,0.0,0.9804841750435145
635,1767151959045,43.793994301518545,37.807851131583874,36.70400320867292,36.70400320867292,36.70400320867292,0.9702212810516357,0.9745225957180355,ok,True,True,15.83310375019556,5.986143169934671,1.0,0.0,0.9804841750435145
636,1767151959080,52.99821026970514,46.92206661445663,45.84056789582415,45.84056789582415,45.84056789582415,0.9588136672973633,0.9650972386656322,ok,True,True,27.65401164896172,6.076143655248508,1.0,0.0,0.9804841750435145
637,1767151959113,58.121322942501074,53.6416204112833,52.87385186753526,52.87385186753526,52.87385186753526,0.9695843458175659,0.9677895029567924,ok,True,True,36.04581192283666,4.479702531217775,1.0,0.0,0.9804841750435145
638,1767151959153,61.895110399658286,58.59371440430829,58.089439261909135,58.089439261909135,58.089439261909135,0.9780852794647217,0.97396696886155,ok,True,True,41.55759840139581,3.301395995349999,1.0,0.0,0.9804841750435145
639,1767151959187,60.88532633887275,59.968681565046964,59.913549230037916,59.913549230037916,59.913549230037916,0.9817963242530823,0.9786645820964694,ok,True,True,42.16020129232662,0.9166447738257872,1.0,0.0,0.9804841750435145
640,1767151959225,59.04156924555179,59.41241417334986,59.625188990144245,59.625188990144245,59.625188990144245,0.9720379710197449,0.9746886154504347,ok,True,True,39.83454757755971,0.37084492779806766,1.0,0.0,0.9804841750435145
641,1767151959269,55.38985521892848,56.99887880069703,57.44018482926167,57.44018482926167,57.44018482926167,0.9737563133239746,0.9741292341745587,ok,True,True,35.01102090206888,1.6090235817685468,1.0,0.0,0.9804841750435145
642,1767151959327,48.58235335089418,51.94896353081532,52.69206741812508,52.69206741812508,52.69206741812508,0.9789435863494873,0.9770178454795158,ok,True,True,26.88880821723918,3.366610179921139,1.0,0.0,0.9804841750435145
643,1767151959362,40.66347175203914,45.17766846354961,46.11635555638102,46.11635555638102,46.11635555638102,0.9686364531517029,0.971989010082828,ok,True,True,16.62884814613391,4.514196711510465,1.0,0.0,0.9804841750435145
644,1767151959397,30.957271905806785,36.645430528903916,37.76430920808706,37.76430920808706,37.76430920808706,0.9516170620918274,0.9597658412882277,ok,True,True,4.399372892347904,5.688158623097131,1.0,0.0,0.9804841750435145
645,1767151959434,20.7788823747437,27.125501636407783,28.32922722276848,28.32922722276848,28.32922722276848,0.9441418647766113,0.9503914553812578,ok,True,True,-8.757489012907438,6.346619261664085,1.0,0.0,0.9804841750435145
646,1767151959468,8.14051206163957,15.734507891546855,17.107579410422645,17.107579410422645,17.107579410422645,0.9669711589813232,0.9603392775412971,ok,True,True,-23.765321831769455,7.593995829907286,1.0,0.0,0.9804841750435145
647,1767151959503,5.526335984504634,9.609604747321523,10.358014619281153,10.358014619281153,10.358014619281153,0.9624821543693542,0.9616250036381314,ok,True,True,-31.94552955143167,4.083268762816889,1.0,0.0,0.9804841750435145
648,1767151959547,3.9523818630755487,6.215271016773938,6.5587835220635435,6.5587835220635435,6.5587835220635435,0.9713948369026184,0.9674869035968237,ok,True,True,-35.70016154233906,2.2628891536983895,1.0,0.0,0.9804841750435145
649,1767151959578,2.847381675940902,4.194537412274117,4.325590188769666,4.325590188769666,4.325590188769666,0.9778354167938232,0.9736960115150234,ok,True,True,-37.13258376729587,1.3471557363332147,1.0,0.0,0.9804841750435145
650,1767151959610,3.91720816275222,4.028139862560979,3.9231960922665756,3.9231960922665756,3.9231960922665756,0.98117995262146,0.9781863761788853,ok,True,True,-35.985536043773806,0.11093169980875839,1.0,0.0,0.9804841750435145
651,1767151959651,5.189737466018353,4.725098424635403,4.501727127238873,4.501727127238873,4.501727127238873,0.9834969639778137,0.9813727288582423,ok,True,True,-33.544061552624086,0.46463904138294954,1.0,0.0,0.9804841750435145
652,1767151959687,11.692797164146276,8.905717668341927,8.289413090115247,8.289413090115247,8.289413090115247,0.9796242713928223,0.9803236543789903,ok,True,True,-26.807780194826876,2.787079495804349,1.0,0.0,0.9804841750435145
653,1767151959716,18.4559698245672,14.63586896207709,13.82783323008125,13.82783323008125,13.82783323008125,0.9843949675559998,0.9827664422851959,ok,True,True,-17.975854828412402,3.8201008624901114,1.0,0.0,0.9804841750435145
654,1767151959747,26.764434638523024,21.913008367944652,20.943777088956963,20.943777088956963,20.943777088956963,0.9854830503463745,0.9843964071219031,ok,True,True,-7.382043218534518,4.851426270578372,1.0,0.0,0.9804841750435145
655,1767151959782,35.11670565245669,29.835226738651876,28.81542130456267,28.81542130456267,28.81542130456267,0.9669997692108154,0.9739584243752506,ok,True,True,3.764549841023605,5.281478913804811,1.0,0.0,0.9804841750435145
656,1767151959831,42.96451568624665,37.71280010720874,36.73380064471651,36.73380064471651,36.73380064471651,0.9678216576576233,0.9702763643446741,ok,True,True,14.465128842814353,5.251715579037906,1.0,0.0,0.9804841750435145
657,1767151959864,50.95789426281263,45.659856600571075,44.71746501992938,44.71746501992938,44.71746501992938,0.9697840213775635,0.9699809585644077,ok,True,True,24.76557940037423,5.298037662241555,1.0,0.0,0.9804841750435145
658,1767151959900,56.338562333090486,52.06708004008273,51.33894922477039,51.33894922477039,51.33894922477039,0.9795424342155457,0.9757178439550904,ok,True,True,32.7241346513173,4.271482293007757,1.0,0.0,0.9804841750435145
659,1767151959932,61.080132314764775,57.474911404891955,56.911839532780085,56.911839532780085,56.911839532780085,0.9744576811790466,0.9749617462894642,ok,True,True,38.87857628490201,3.60522090987282,1.0,0.0,0.9804841750435145
660,1767151959963,61.946824934872225,60.158059522880116,59.94039719996599,59.94039719996599,59.94039719996599,0.9677074551582336,0.9706091716107259,ok,True,True,41.2576510150624,1.7887654119921095,1.0,0.0,0.9804841750435145
661,1767151960005,60.655478851400446,60.456511119992314,60.552396764191776,60.552396764191776,60.552396764191776,0.9728541374206543,0.971956151096683,ok,True,True,40.20960967264741,0.19896773140813195,1.0,0.0,0.9804841750435145
662,1767151960052,57.495144866696016,58.67969136801453,59.038285591833436,59.038285591833436,59.038285591833436,0.9714693427085876,0.9716640660638258,ok,True,True,36.29013272851125,1.1845465013185148,1.0,0.0,0.9804841750435145
663,1767151960091,52.169064999959176,54.77331554718131,55.384320519019674,55.384320519019674,55.384320519019674,0.9754193425178528,0.973917231936242,ok,True,True,29.61177669039934,2.6042505472221364,1.0,0.0,0.9804841750435145
664,1767151960146,45.07832288693563,48.956319951033905,49.783888057610916,49.783888057610916,49.783888057610916,0.9818150997161865,0.9786559526042088,ok,True,True,20.566360177864816,3.877997064098274,1.0,0.0,0.9804841750435145
665,1767151960180,36.28918531924758,41.35603917196211,42.373152265555014,42.373152265555014,42.373152265555014,0.9754705429077148,0.9767447067863124,ok,True,True,9.449194715853142,5.06685385271453,1.0,0.0,0.9804841750435145
666,1767151960220,15.491533809719098,25.8373359546163,27.71799185322402,27.71799185322402,27.71799185322402,0.9657590389251709,0.9701533060696275,ok,True,True,-11.106594933924402,10.345802144897203,1.0,0.0,0.9804841750435145
667,1767151960256,4.993350972546437,13.330944965374384,14.895312530100826,14.895312530100826,14.895312530100826,0.9538787007331848,0.9603885428677619,ok,True,True,-28.205315980798407,8.337593992827948,1.0,0.0,0.9804841750435145
668,1767151960288,3.093982649760026,7.18876757600577,7.943937501673407,7.943937501673407,7.943937501673407,0.9677151441574097,0.9647845036415506,ok,True,True,-36.459411880720424,4.094784926245744,1.0,0.0,0.9804841750435145
669,1767151960320,2.8298293097991625,4.573404616281805,4.813940860963584,4.813940860963584,4.813940860963584,0.9770404100418091,0.9721380474817056,ok,True,True,-39.08850125984953,1.7435753064826427,1.0,0.0,0.9804841750435145
670,1767151960356,2.4054114872376444,3.2726087388553085,3.2992137039185323,3.2992137039185323,3.2992137039185323,0.9775291085243225,0.9753726841072757,ok,True,True,-39.379296649843084,0.867197251617664,1.0,0.0,0.9804841750435145
671,1767151960391,2.6574839255515084,2.9035338508730284,2.801194873150002,2.801194873150002,2.801194873150002,0.9799410700798035,0.9781137156907923,ok,True,True,-38.26071961477506,0.24604992532152004,1.0,0.0,0.9804841750435145
672,1767151960425,4.602859678254299,3.923129347301791,3.655576247620167,3.655576247620167,3.655576247620167,0.9832562804222107,0.9811992545296433,ok,True,True,-35.33633284031356,0.6797303309525082,1.0,0.0,0.9804841750435145
673,1767151960459,7.068432618859828,5.810311310236614,5.438370400464471,5.438370400464471,5.438370400464471,0.9852079153060913,0.9836044509955121,ok,True,True,-31.27097505259536,1.2581213086232141,1.0,0.0,0.9804841750435145
674,1767151960493,11.93021964132874,9.48225630889189,8.914598077725191,8.914598077725191,8.914598077725191,0.9872772097587585,0.9858081062534599,ok,True,True,-25.066403976373525,2.447963332436851,1.0,0.0,0.9804841750435145
675,1767151960528,18.432239071522265,14.852245966470115,14.096314111383197,14.096314111383197,14.096314111383197,0.9853817224502563,0.9855522759715378,ok,True,True,-16.80398009849324,3.57999310505215,1.0,0.0,0.9804841750435145
676,1767151960559,29.2055641563385,23.464236880391145,22.356202383948762,22.356202383948762,22.356202383948762,0.9747235774993896,0.9790550568882489,ok,True,True,-4.693033034530785,5.741327275947356,1.0,0.0,0.9804841750435145
677,1767151960590,38.83743944495954,32.688158419132186,31.517586948817204,31.517586948817204,31.517586948817204,0.9666589498519897,0.9716173926664934,ok,True,True,8.101450492008658,6.1492810258273565,1.0,0.0,0.9804841750435145
678,1767151960625,48.306262792702675,42.05902104327448,40.91266868843557,40.91266868843557,40.91266868843557,0.9747312664985657,0.9734857169657367,ok,True,True,20.63121624449989,6.247241749428198,1.0,0.0,0.9804841750435145
679,1767151960672,56.74531284277719,50.8707961229761,49.83615792312774,49.83615792312774,49.83615792312774,0.9728946089744568,0.9731310521709687,ok,True,True,31.939933174296712,5.874516719801086,1.0,0.0,0.9804841750435145
680,1767151960706,61.53282703366466,57.26801466938924,56.55739527718828,56.55739527718828,56.55739527718828,0.9691810011863708,0.97076102158021,ok,True,True,39.70708651582498,4.264812364275421,1.0,0.0,0.9804841750435145
681,1767151960738,64.52171796597611,61.62023664734136,61.20290999226831,61.20290999226831,61.20290999226831,0.9614425301551819,0.9651699267251932,ok,True,True,44.26851582528966,2.901481318634751,1.0,0.0,0.9804841750435145
682,1767151960778,62.36463906761814,62.06687809950743,62.13514205030936,62.13514205030936,62.13514205030936,0.9612210392951965,0.9628005942671951,ok,True,True,43.52238283286601,0.2977609681107154,1.0,0.0,0.9804841750435145
683,1767151960828,61.33467610783992,61.627556904506925,61.84611919829936,61.84611919829936,61.84611919829936,0.9666449427604675,0.9651072033631586,ok,True,True,41.133471315402204,0.2928807966670064,1.0,0.0,0.9804841750435145
684,1767151960866,57.798270896508605,59.329985299707936,59.76382722269608,59.76382722269608,59.76382722269608,0.9711368083953857,0.9687249663824948,ok,True,True,36.39152818970791,1.5317144031993308,1.0,0.0,0.9804841750435145
685,1767151960912,50.70718969062246,54.156307934256645,54.9175272026829,54.9175272026829,54.9175272026829,0.9700098037719727,0.9694958688161815,ok,True,True,28.07131226359848,3.4491182436341887,1.0,0.0,0.9804841750435145
686,1767151960954,33.66780208194835,41.863204422871675,43.42458162051629,43.42458162051629,43.42458162051629,0.9770888686180115,0.9740516686972795,ok,True,True,11.005276279821384,8.195402340923323,1.0,0.0,0.9804841750435145
687,1767151960989,22.85702735149375,30.45949818004492,31.947426403668715,31.947426403668715,31.947426403668715,0.9600960612297058,0.9656783042167354,ok,True,True,-5.25795379933389,7.602470828551173,1.0,0.0,0.9804841750435145
688,1767151961026,12.72588667506434,19.819331277056573,21.1533435669261,21.1533435669261,21.1533435669261,0.9676508903503418,0.9668618558968992,ok,True,True,-19.83886466190944,7.093444601992234,1.0,0.0,0.9804841750435145
689,1767151961060,4.845736377921542,10.835174337575554,11.912943221742777,11.912943221742777,11.912943221742777,0.9590985774993896,0.9622038888583935,ok,True,True,-31.619005032307992,5.989437959654012,1.0,0.0,0.9804841750435145
690,1767151961091,4.82052855935649,7.2263868706441166,7.63180709826608,7.63180709826608,7.63180709826608,0.9514229893684387,0.9557353491644207,ok,True,True,-36.050295692620494,2.405858311287626,1.0,0.0,0.9804841750435145
691,1767151961127,4.305480985095861,5.473843339315163,5.580571112176553,5.580571112176553,5.580571112176553,0.9780309200286865,0.9691126916829802,ok,True,True,-37.21684277353632,1.168362354219302,1.0,0.0,0.9804841750435145
692,1767151961161,5.211950922186598,5.316707889038025,5.207702121715409,5.207702121715409,5.207702121715409,0.982353687286377,0.9770572890450182,ok,True,True,-36.0253969458572,0.10475696685142655,1.0,0.0,0.9804841750435145
693,1767151961200,6.448168552471882,5.995584287098339,5.773629438968615,5.773629438968615,5.773629438968615,0.9742695689201355,0.9753846569700886,ok,True,True,-33.599404411401224,0.45258426537354346,1.0,0.0,0.9804841750435145
694,1767151961234,7.878215111417991,7.12516278169013,6.849326066038854,6.849326066038854,6.849326066038854,0.9788094758987427,0.977439548327281,ok,True,True,-30.584476742383853,0.7530523297278613,1.0,0.0,0.9804841750435145
695,1767151961270,10.676627812337994,9.256041800078847,8.873656153396874,8.873656153396874,8.873656153396874,0.9851201772689819,0.9820479256923016,ok,True,True,-26.404956754645596,1.4205860122591467,1.0,0.0,0.9804841750435145
696,1767151961304,16.18649026326423,13.414310877990077,12.809312694785483,12.809312694785483,12.809312694785483,0.9832533001899719,0.9827711503909038,ok,True,True,-19.7922556211432,2.7721793852741516,1.0,0.0,0.9804841750435145
697,1767151961339,21.76509086057396,18.424778867540407,17.724425509444256,17.724425509444256,17.724425509444256,0.9855269193649292,0.984424611775319,ok,True,True,-12.137311237006958,3.340311993033552,1.0,0.0,0.9804841750435145
698,1767151961368,30.33550778455211,25.571216217747427,24.65031079316222,24.65031079316222,24.65031079316222,0.967089056968689,0.974023278891341,ok,True,True,-2.0717068863509933,4.764291566804683,1.0,0.0,0.9804841750435145
699,1767151961421,38.72863661476005,33.465668455955,32.47411095785289,32.47411095785289,32.47411095785289,0.9826741814613342,0.9792138204333369,ok,True,True,8.76613291822776,5.262968158805052,1.0,0.0,0.9804841750435145
700,1767151961456,48.44462992265106,42.45304533597263,41.37194430812706,41.37194430812706,41.37194430812706,0.9656105041503906,0.9710518306635691,ok,True,True,20.582694010027584,5.991584586678428,1.0,0.0,0.9804841750435145
701,1767151961489,55.63559983958614,50.36257803814074,49.43573781168527,49.43573781168527,49.43573781168527,0.9734029769897461,0.9724625184592752,ok,True,True,30.713166441520883,5.2730218014454024,1.0,0.0,0.9804841750435145
702,1767151961521,61.864413874588536,57.26367954000941,56.504290696235046,56.504290696235046,56.504290696235046,0.9696516990661621,0.9707760268234074,ok,True,True,39.013375611401386,4.600734334579123,1.0,0.0,0.9804841750435145
703,1767151961559,64.86837432360714,61.826496410168055,61.3776422826977,61.3776422826977,61.3776422826977,0.9696771502494812,0.9701167008790517,ok,True,True,43.919403893632904,3.0418779134390874,1.0,0.0,0.9804841750435145
704,1767151961605,63.03974996769652,62.55444854468514,62.586498985373744,62.586498985373744,62.586498985373744,0.9702633619308472,0.9702046975101289,ok,True,True,43.569088816076466,0.4853014230113857,1.0,0.0,0.9804841750435145
705,1767151961637,59.65381577730721,60.81406888425838,61.173969722453435,61.173969722453435,61.173969722453435,0.9660325050354004,0.9677013820252918,ok,True,True,39.635330423489584,1.1602531069511741,1.0,0.0,0.9804841750435145
706,1767151961675,52.605770628287246,55.8890899306757,56.626368203352904,56.626368203352904,56.626368203352904,0.9709229469299316,0.9696343209680758,ok,True,True,31.576792390177015,3.283319302388456,1.0,0.0,0.9804841750435145
707,1767151961716,42.8164183153428,48.04548696147596,49.12064060057632,49.12064060057632,49.12064060057632,0.9590625166893005,0.9632912384008107,ok,True,True,19.825236955234686,5.2290686461331575,1.0,0.0,0.9804841750435145
708,1767151961754,32.268452048072,38.57926601343358,39.82950495905029,39.82950495905029,39.82950495905029,0.9501688480377197,0.9554178041829561,ok,True,True,6.159978575388269,6.310813965361582,1.0,0.0,0.9804841750435145
709,1767151961795,20.137364657408753,27.514125199818686,28.911516795848016,28.911516795848016,28.911516795848016,0.9585690498352051,0.9573085515743055,ok,True,True,-9.113675540503436,7.376760542409933,1.0,0.0,0.9804841750435145
710,1767151961831,11.772886300421694,18.069381860180492,19.24552865945272,19.24552865945272,19.24552865945272,0.9579817652702332,0.9577124797918621,ok,True,True,-21.969098066760075,6.296495559758798,1.0,0.0,0.9804841750435145
711,1767151961865,5.118539459546883,10.298876419800328,11.215650311866149,11.215650311866149,11.215650311866149,0.9590433239936829,0.9585109863129546,ok,True,True,-31.989544282181054,5.180336960253444,1.0,0.0,0.9804841750435145
712,1767151961904,3.9537094978426546,6.491776266625724,6.899982902613555,6.899982902613555,6.899982902613555,0.9756642580032349,0.9688029493271229,ok,True,True,-36.45129071289237,2.5380667687830694,1.0,0.0,0.9804841750435145
713,1767151961938,3.112828166648946,4.464407406639657,4.6006266382457675,4.6006266382457675,4.6006266382457675,0.9780067205429077,0.9743252120565937,ok,True,True,-37.940182898444505,1.3515792399907105,1.0,0.0,0.9804841750435145
714,1767151961968,4.869794729155767,4.707639800149323,4.55455087626746,4.55455087626746,4.55455087626746,0.9841030240058899,0.9801918992261714,ok,True,True,-36.266902996812284,0.16215492900644346,1.0,0.0,0.9804841750435145
715,1767151961999,6.204814823862348,5.605944814377138,5.3536819127282484,5.3536819127282484,5.3536819127282484,0.9787688255310059,0.9793380550090721,ok,True,True,-33.509639881015296,0.5988700094852097,1.0,0.0,0.9804841750435145
716,1767151962032,8.63817394252143,7.425282291263713,7.069415431363417,7.069415431363417,7.069415431363417,0.9839046001434326,0.9820779820896884,ok,True,True,-29.61997334454105,1.212891651257717,1.0,0.0,0.9804841750435145
717,1767151962065,11.867723102551638,10.090746778036468,9.643354255611357,9.643354255611357,9.643354255611357,0.9839916825294495,0.9832262023535451,ok,True,True,-24.729920576960176,1.7769763245151697,1.0,0.0,0.9804841750435145
718,1767151962096,18.241387263248285,14.981131069163556,14.293400453419263,14.293400453419263,14.293400453419263,0.9880691170692444,0.9861319511829647,ok,True,True,-17.212944247894637,3.2602561940847288,1.0,0.0,0.9804841750435145
719,1767151962282,27.522525585213863,22.50596777879374,21.52535690679273,21.52535690679273,21.52535690679273,0.9603375792503357,0.9706553280233873,ok,True,True,-6.494752351088609,5.016557806420124,1.0,0.0,0.9804841750435145
720,1767151962310,37.87389270755656,31.72672273605143,30.564023188056733,30.564023188056733,30.564023188056733,0.9597838521003723,0.9641324424695783,ok,True,True,6.213690140791012,6.147169971505129,1.0,0.0,0.9804841750435145
721,1767151962345,45.5397650522231,40.01454812575443,38.9829253402831,38.9829253402831,38.9829253402831,0.9626550674438477,0.96324601745414,ok,True,True,17.489448237615278,5.525216926468673,1.0,0.0,0.9804841750435145
722,1767151962388,53.37248832729595,48.02931224667934,47.084742075235084,47.084742075235084,47.084742075235084,0.9800689220428467,0.9733397602073639,ok,True,True,27.813711048285047,5.343176080616608,1.0,0.0,0.9804841750435145
723,1767151962424,45.67834483362769,46.61873179884835,46.77421446262645,46.77421446262645,46.77421446262645,0.9734565615653992,0.9734098410221851,ok,True,True,26.114267288703147,0.9403869652206609,1.0,0.0,0.9804841750435145
724,1767151962454,37.190097581793765,40.961551268615594,41.70743230720721,41.70743230720721,41.70743230720721,0.9544373750686646,0.9620263614500728,ok,True,True,17.961700014489036,3.771453686821829,1.0,0.0,0.9804841750435145
725,1767151962491,25.48161185530933,31.673587620631835,32.86025022790681,32.86025022790681,32.86025022790681,0.9416555762290955,0.9498038903174865,ok,True,True,4.991338472827211,6.191975765322507,1.0,0.0,0.9804841750435145
726,1767151962523,15.152653598581125,21.761027207401412,23.018340341299627,23.018340341299627,23.018340341299627,0.9530845880508423,0.9517723089575,ok,True,True,-8.751241615028237,6.608373608820287,1.0,0.0,0.9804841750435145
727,1767151962556,8.933799698000355,14.064690701760778,15.031418792890083,15.031418792890083,15.031418792890083,0.9633132815361023,0.9586968925046614,ok,True,True,-19.317693087887488,5.130891003760423,1.0,0.0,0.9804841750435145
728,1767151962589,6.056866883711511,9.259996410931219,9.8322581309206,9.8322581309206,9.8322581309206,0.9602782130241394,0.9596456848163482,ok,True,True,-25.572580837119137,3.2031295272197076,1.0,0.0,0.9804841750435145
729,1767151962622,5.174696685994472,6.808816575969171,7.051116540747552,7.051116540747552,7.051116540747552,0.9508174657821655,0.9543487533958386,ok,True,True,-28.220947883860745,1.6341198899746994,1.0,0.0,0.9804841750435145
730,1767151962737,3.3256003169218107,4.718886820540755,4.874190632770322,4.874190632770322,4.874190632770322,0.9812162518501282,0.9704692524684123,ok,True,True,-29.91843677503053,1.3932865036189441,1.0,0.0,0.9804841750435145
731,1767151962767,3.5595973814584094,4.023313157091348,4.006973562033877,4.006973562033877,4.006973562033877,0.9808147549629211,0.9766765539651177,ok,True,True,-29.739843083748372,0.4637157756329384,1.0,0.0,0.9804841750435145
732,1767151962793,3.2039406946270055,3.5316896796127426,3.4740958435009417,3.4740958435009417,3.4740958435009417,0.9745872020721436,0.9754229428293333,ok,True,True,-29.110335696929553,0.3277489849857371,1.0,0.0,0.9804841750435145
733,1767151962828,4.766928897719994,4.272833210477094,4.0753923547694235,4.0753923547694235,4.0753923547694235,0.9705596566200256,0.9725049711037488,ok,True,True,-26.95228397614237,0.49409568724290054,1.0,0.0,0.9804841750435145
734,1767151962856,10.614941648029125,8.078098273008312,7.5311024438624585,7.5311024438624585,7.5311024438624585,0.9809603691101074,0.977578209907564,ok,True,True,-20.973555378554746,2.5368433750208137,1.0,0.0,0.9804841750435145
735,1767151962890,16.311448856798506,13.018108623282428,12.327697535208141,12.327697535208141,12.327697535208141,0.9911400079727173,0.985715288746656,ok,True,True,-13.427281172393162,3.293340233516078,1.0,0.0,0.9804841750435145
736,1767151962919,27.884412384978354,21.937890880299985,20.81537947779575,20.81537947779575,20.81537947779575,0.9761887192726135,0.9799993470622306,ok,True,True,-1.1580998264404236,5.946521504678369,1.0,0.0,0.9804841750435145
737,1767151962952,41.86929746609734,33.8967348317784,32.43246351496141,32.43246351496141,32.43246351496141,0.9681121706962585,0.9728670412426473,ok,True,True,14.846557485392022,7.97256263431894,1.0,0.0,0.9804841750435145
738,1767151962987,51.15535550823887,44.251907237654684,42.9880140692076,42.9880140692076,42.9880140692076,0.9619656205177307,0.9663261888076974,ok,True,True,28.661058122974232,6.903448270584185,1.0,0.0,0.9804841750435145
739,1767151963034,60.04583011581269,53.72826096454949,52.63620595369176,52.63620595369176,52.63620595369176,0.9716014266014099,0.9694913314839249,ok,True,True,40.597347534448076,6.3175691512632,1.0,0.0,0.9804841750435145
740,1767151963067,65.09465271501722,60.54809601483012,59.81610926139096,59.81610926139096,59.81610926139096,0.9749838709831238,0.9727868551834442,ok,True,True,48.59804864157682,4.546556700187097,1.0,0.0,0.9804841750435145
741,1767151963101,66.15601912227366,63.912849879296246,63.63642252323768,63.63642252323768,63.63642252323768,0.9706379771232605,0.9714975283473339,ok,True,True,51.61943207955225,2.243169242977416,1.0,0.0,0.9804841750435145
742,1767151963133,65.04167376573938,64.59014421116213,64.67573806412722,64.67573806412722,64.67573806412722,0.9750381708145142,0.9736219138276421,ok,True,True,50.68388122297773,0.45152955457724886,1.0,0.0,0.9804841750435145
743,1767151963178,63.25261407535585,63.78762612967836,64.07529994837529,64.07529994837529,64.07529994837529,0.9685775637626648,0.9705953037886557,ok,True,True,47.53957262869418,0.5350120543225074,1.0,0.0,0.9804841750435145
744,1767151963210,58.48248557784714,60.60454179857963,61.16875795757611,61.16875795757611,61.16875795757611,0.9594756960868835,0.9639235391675924,ok,True,True,41.37262380518892,2.122056220732489,1.0,0.0,0.9804841750435145
745,1767151963258,51.429819570157264,55.099708461526205,55.930968191335765,55.930968191335765,55.930968191335765,0.9754456877708435,0.970836828329543,ok,True,True,32.286857417543985,3.6698888913689416,1.0,0.0,0.9804841750435145
746,1767151963295,42.81612520117344,47.72955850531454,48.76500228462452,48.76500228462452,48.76500228462452,0.9621684551239014,0.9656358044061579,ok,True,True,20.969335409704158,4.913433304141101,1.0,0.0,0.9804841750435145
747,1767151963328,24.58568828097894,33.843236370713186,35.58661129983053,35.58661129983053,35.58661129983053,0.9749863147735596,0.9712461106265989,ok,True,True,1.914042865139102,9.257548089734247,1.0,0.0,0.9804841750435145
748,1767151963362,14.04426823015719,21.963855486379586,23.491362827090157,23.491362827090157,23.491362827090157,0.9557461142539978,0.9619461128030383,ok,True,True,-14.781791608026843,7.919587256222396,1.0,0.0,0.9804841750435145
749,1767151963394,4.746502863251186,11.633443912502546,12.901872101363585,12.901872101363585,12.901872101363585,0.95537269115448,0.9580020598139034,ok,True,True,-28.645860550877348,6.8869410492513605,1.0,0.0,0.9804841750435145
750,1767151963429,3.1080751192359735,6.518222636542602,7.124110043347895,7.124110043347895,7.124110043347895,0.9667389392852783,0.9632441874967284,ok,True,True,-35.26828100267773,3.410147517306629,1.0,0.0,0.9804841750435145
751,1767151963462,1.8766565150568946,3.733282963651178,3.980515431092585,3.980515431092585,3.980515431092585,0.9713355302810669,0.9680989931673315,ok,True,True,-37.970560882310885,1.8566264485942834,1.0,0.0,0.9804841750435145
752,1767151963495,1.5162640228224806,2.4030715991539595,2.43786583862512,2.43786583862512,2.43786583862512,0.9609168767929077,0.9637897233426773,ok,True,True,-38.350866002520625,0.8868075763314789,1.0,0.0,0.9804841750435145
753,1767151963528,1.371551833207925,1.7841597395863389,1.7144441228044902,1.7144441228044902,1.7144441228044902,0.9792057871818542,0.9730393616461834,ok,True,True,-37.588866130596635,0.4126079063784138,1.0,0.0,0.9804841750435145
754,1767151963562,2.6845653758658092,2.3244031213540213,2.116489198062423,2.116489198062423,2.116489198062423,0.9720064997673035,0.9724196445188554,ok,True,True,-35.31634255219717,0.36016225451178796,1.0,0.0,0.9804841750435145
755,1767151963595,4.241616580195072,3.474731196658652,3.191758376106317,3.191758376106317,3.191758376106317,0.9798608422279358,0.9768843631443036,ok,True,True,-32.223416419253724,0.7668853835364202,1.0,0.0,0.9804841750435145
756,1767151963628,6.239005729617817,5.133295916434151,4.796729926827768,4.796729926827768,4.796729926827768,0.9711891412734985,0.9734672300218206,ok,True,True,-28.544710659874873,1.1057098131836662,1.0,0.0,0.9804841750435145
757,1767151963659,11.932208219811073,9.212643298460305,8.613606707420546,8.613606707420546,8.613606707420546,0.9884135723114014,0.982435035395569,ok,True,True,-21.997170428273154,2.719564921350768,1.0,0.0,0.9804841750435145
758,1767151963689,19.06554384477845,15.124383626251191,14.31590510837712,14.31590510837712,14.31590510837712,0.9892767071723938,0.9865400384616639,ok,True,True,-13.160405360252664,3.9411602185272585,1.0,0.0,0.9804841750435145
759,1767151963719,28.213292230338126,22.977728788703352,21.962054342405224,21.962054342405224,21.962054342405224,0.9783292412757874,0.981613560150138,ok,True,True,-2.0589644819851802,5.235563441634774,1.0,0.0,0.9804841750435145
760,1767151963781,38.712894659664364,32.41882831127996,31.244125657792566,31.244125657792566,31.244125657792566,0.9577524065971375,0.9672968680183377,ok,True,True,10.780673361385723,6.294066348384405,1.0,0.0,0.9804841750435145
761,1767151963816,49.43298791238997,42.627324071945964,41.39699271466027,41.39699271466027,41.39699271466027,0.972893476486206,0.9706548330990588,ok,True,True,24.228339464798317,6.805663840444005,1.0,0.0,0.9804841750435145
762,1767151963849,56.2456106573831,50.79829602320824,49.83918502320913,49.83918502320913,49.83918502320913,0.9709550142288208,0.970834941776916,ok,True,True,34.711535237807595,5.447314634174859,1.0,0.0,0.9804841750435145
763,1767151963882,60.46927663847966,56.60088439237109,55.97536980110112,55.97536980110112,55.97536980110112,0.9711094498634338,0.9709996466288267,ok,True,True,41.5484831188799,3.86839224610857,1.0,0.0,0.9804841750435145
764,1767151963915,62.9426314729149,60.40593264069737,60.06602270230865,60.06602270230865,60.06602270230865,0.9463083148002625,0.9561848475316882,ok,True,True,45.26373863083194,2.5366988322175246,1.0,0.0,0.9804841750435145
765,1767151963958,60.75488478617042,60.6153039279812,60.72239138885817,60.72239138885817,60.72239138885817,0.9664646983146667,0.9623527580014752,ok,True,True,44.09326011769967,0.13958085818921973,1.0,0.0,0.9804841750435145
766,1767151963998,57.99047332889631,59.04040556853027,59.39216227543253,59.39216227543253,59.39216227543253,0.9637463092803955,0.9631888887688274,ok,True,True,40.248518035783285,1.0499322396339608,1.0,0.0,0.9804841750435145
767,1767151964033,51.1960811357701,54.33381090887417,55.048088348870884,55.048088348870884,55.048088348870884,0.9711112380027771,0.9679422983091972,ok,True,True,32.44138180260857,3.13772977310407,1.0,0.0,0.9804841750435145
768,1767151964076,43.85289875488681,48.045263616481755,48.947512511318614,48.947512511318614,48.947512511318614,0.9701992869377136,0.969296491486307,ok,True,True,22.57969551127745,4.192364861594946,1.0,0.0,0.9804841750435145
769,1767151964118,26.275778834178197,34.98357274709962,36.626039033686496,36.626039033686496,36.626039033686496,0.9801470041275024,0.9758067990710242,ok,True,True,4.627346270288825,8.707793912921424,1.0,0.0,0.9804841750435145
770,1767151964151,15.887324148406352,23.525823587883657,25.005106148121605,25.005106148121605,25.005106148121605,0.9684062600135803,0.9713664756365579,ok,True,True,-11.541385693568628,7.638499439477306,1.0,0.0,0.9804841750435145
771,1767151964184,9.023584591211309,14.824480189880248,15.917766756184285,15.917766756184285,15.917766756184285,0.9715881943702698,0.9714995068767851,ok,True,True,-23.491136150582463,5.800895598668939,1.0,0.0,0.9804841750435145
772,1767151964217,6.982607640603576,10.119356660314246,10.679104283709687,10.679104283709687,10.679104283709687,0.9659743309020996,0.9681844012919738,ok,True,True,-29.609243355626063,3.1367490197106696,1.0,0.0,0.9804841750435145
773,1767151964250,5.483725230550849,7.337977802456209,7.600716191914693,7.600716191914693,7.600716191914693,0.973969042301178,0.9716551858974963,ok,True,True,-32.481004782385874,1.8542525719053593,1.0,0.0,0.9804841750435145
774,1767151964282,4.76078499483672,5.791662117884515,5.872727861218685,5.872727861218685,5.872727861218685,0.985964834690094,0.980240975173055,ok,True,True,-33.36706286936164,1.0308771230477953,1.0,0.0,0.9804841750435145
775,1767151964315,3.3748090133545454,4.341550255166533,4.3883068820877025,4.3883068820877025,4.3883068820877025,0.982886016368866,0.9818279998905416,ok,True,True,-33.87811828807818,0.9667412418119876,1.0,0.0,0.9804841750435145
776,1767151964348,4.122715679494254,4.210249509763166,4.104088027602125,4.104088027602125,4.104088027602125,0.9810887575149536,0.9813844544651887,ok,True,True,-32.71776083096626,0.08753383026891193,1.0,0.0,0.9804841750435145
777,1767151964382,4.867484299820801,4.604590383797747,4.427014072374981,4.427014072374981,4.427014072374981,0.9869489669799805,0.9847231619740637,ok,True,True,-30.77683091013806,0.2628939160230539,1.0,0.0,0.9804841750435145
778,1767151964412,8.163719807048981,6.740068037748488,6.367420045080886,6.367420045080886,6.367420045080886,0.9892311692237854,0.9874279663238967,ok,True,True,-26.70374462340269,1.423651769300493,1.0,0.0,0.9804841750435145
779,1767151964449,11.503330464005943,9.598025493502961,9.138125635279602,9.138125635279602,9.138125635279602,0.9835874438285828,0.9851236528267084,ok,True,True,-21.676985207923998,1.905304970502982,1.0,0.0,0.9804841750435145
780,1767151964486,19.114614605131482,15.307978960480074,14.538740853826027,14.538740853826027,14.538740853826027,0.9883174896240234,0.9870399549050974,ok,True,True,-13.26912243904649,3.806635644651408,1.0,0.0,0.9804841750435145
781,1767151964518,26.242386808217653,21.86862366912262,21.001197893030024,21.001197893030024,21.001197893030024,0.9874155521392822,0.9872653132456084,ok,True,True,-3.7880569217688524,4.373763139095033,1.0,0.0,0.9804841750435145
782,1767151964549,35.56665889177255,30.087444802712575,29.05926914367471,29.05926914367471,29.05926914367471,0.9790054559707642,0.9823093988807019,ok,True,True,7.450023678648472,5.4792140890599725,1.0,0.0,0.9804841750435145
783,1767151964585,45.27426683548517,39.19953802237613,38.09553482520578,38.09553482520578,38.09553482520578,0.9439325928688049,0.9592833152735637,ok,True,True,19.51690816853101,6.07472881310904,1.0,0.0,0.9804841750435145
784,1767151964618,63.72189560783959,53.9129525736542,52.220234629431,52.220234629431,52.220234629431,0.9609775543212891,0.9602998587021989,ok,True,True,38.01851392406317,9.80894303418539,1.0,0.0,0.9804841750435145
785,1767151964655,63.43487936266855,59.626108647062814,58.94100271012633,58.94100271012633,58.94100271012633,0.9491399526596069,0.9536039150766438,ok,True,True,45.50680220577699,3.808770715605739,1.0,0.0,0.9804841750435145
786,1767151964687,62.03791447350366,61.07319214292732,61.00452117040312,61.00452117040312,61.00452117040312,0.976000964641571,0.9670421448156001,ok,True,True,46.25738399338528,0.9647223305763433,1.0,0.0,0.9804841750435145
787,1767151964725,59.07005879334634,59.87131213317873,60.16987284285763,60.16987284285763,60.16987284285763,0.9553219079971313,0.9600100027245189,ok,True,True,42.99408040319043,0.8012533398323924,1.0,0.0,0.9804841750435145
788,1767151964786,52.397625084020966,55.387099903684074,56.08083510576747,56.08083510576747,56.08083510576747,0.9671590328216553,0.9642994207828007,ok,True,True,35.411473240854484,2.9894748196631085,1.0,0.0,0.9804841750435145
789,1767151964829,42.669711799909265,47.75666704141919,48.81743567816356,48.81743567816356,48.81743567816356,0.9634503126144409,0.9637899558817848,ok,True,True,23.81714756961336,5.086955241509926,1.0,0.0,0.9804841750435145
790,1767151964876,33.14631174329844,38.990453862546744,40.17581276360299,40.17581276360299,40.17581276360299,0.9558194875717163,0.9590076748957437,ok,True,True,10.861035689900376,5.844142119248303,1.0,0.0,0.9804841750435145
791,1767151964914,23.299399853762793,29.575821457276376,30.79925366355924,30.79925366355924,30.79925366355924,0.9512985348701477,0.9543821908803861,ok,True,True,-2.5112218834982283,6.276421603513583,1.0,0.0,0.9804841750435145
792,1767151964955,13.029713879948723,19.648156910879784,20.883348360809713,20.883348360809713,20.883348360809713,0.9683799147605896,0.9627808252085083,ok,True,True,-16.012009369800356,6.618443030931061,1.0,0.0,0.9804841750435145
793,1767151964991,7.91802691242121,12.61007891180464,13.473860617022186,13.473860617022186,13.473860617022186,0.9583628177642822,0.9601300207419727,ok,True,True,-25.45324476481489,4.69205199938343,1.0,0.0,0.9804841750435145
794,1767151965022,5.86022176009016,8.560164620775952,9.013873028735613,9.013873028735613,9.013873028735613,0.9407711029052734,0.9485146700399532,ok,True,True,-30.41233090240057,2.699942860685792,1.0,0.0,0.9804841750435145
795,1767151965053,5.734510265454187,6.864772007582893,6.9914850734270155,6.9914850734270155,6.9914850734270155,0.9778394103050232,0.9661095141989952,ok,True,True,-31.797319580711413,1.130261742128706,1.0,0.0,0.9804841750435145
796,1767151965084,4.522448691126246,5.459378017708905,5.512078156912163,5.512078156912163,5.512078156912163,0.9796464443206787,0.9742316722720052,ok,True,True,-32.373338286088696,0.9369293265826588,1.0,0.0,0.9804841750435145
797,1767151965115,4.1506534829700215,4.674143296865575,4.647226466024665,4.647226466024665,4.647226466024665,0.9813501238822937,0.9785027432381783,ok,True,True,-32.079134166550396,0.5234898138955533,1.0,0.0,0.9804841750435145
798,1767151965152,4.68989159720792,4.683592277070982,4.5601924005210295,4.5601924005210295,4.5601924005210295,0.9809408187866211,0.979965588567244,ok,True,True,-30.73035903599769,0.0062993201369376806,1.0,0.0,0.9804841750435145
799,1767151965183,6.474985625300095,5.758428286008449,5.51037400779302,5.51037400779302,5.51037400779302,0.9855853915214539,0.9833374703397699,ok,True,True,-28.0190966681724,0.7165573392916453,1.0,0.0,0.9804841750435145
800,1767151965219,9.673780786894007,8.107639786539783,7.713531296823852,7.713531296823852,7.713531296823852,0.988133430480957,0.9862150464244821,ok,True,True,-23.711444630503163,1.5661410003542233,1.0,0.0,0.9804841750435145
801,1767151965253,14.131053013634684,11.721687722796723,11.18614019553835,11.18614019553835,11.18614019553835,0.9845572113990784,0.9852203454092399,ok,True,True,-17.857847315900585,2.409365290837961,1.0,0.0,0.9804841750435145
802,1767151965286,21.012517357071086,17.296185503361343,16.547830361358386,16.547830361358386,16.547830361358386,0.986092209815979,0.9857434640532834,ok,True,True,-9.678237801086901,3.716331853709743,1.0,0.0,0.9804841750435145
803,1767151965341,28.540304191285305,24.04265671611572,23.170181042426435,23.170181042426435,23.170181042426435,0.9800938963890076,0.9823537234547179,ok,True,True,-0.14197631051753667,4.497647475169586,1.0,0.0,0.9804841750435145
804,1767151965373,36.3265027761429,31.41296435213203,30.492488823797306,30.492488823797306,30.492488823797306,0.9675865173339844,0.9734933997822778,ok,True,True,9.918929223676157,4.9135384240108735,1.0,0.0,0.9804841750435145
805,1767151965411,46.10976291223395,40.23104348819318,39.18105902217022,39.18105902217022,39.18105902217022,0.9792694449424744,0.9769590268783958,ok,True,True,21.395382643507215,5.878719424040767,1.0,0.0,0.9804841750435145
806,1767151965442,54.767320954562145,48.952809968014556,47.94181543849841,47.94181543849841,47.94181543849841,0.9655306935310364,0.97010202686998,ok,True,True,32.4456714822017,5.814510986547589,1.0,0.0,0.9804841750435145
807,1767151965473,60.07679101836854,55.62719859822694,54.89016549082779,54.89016549082779,54.89016549082779,0.9695378541946411,0.9697635232647767,ok,True,True,40.50152983025721,4.449592420141599,1.0,0.0,0.9804841750435145
808,1767151965511,63.257430343472016,60.20533764537399,59.76280475914131,59.76280475914131,59.76280475914131,0.9602102637290955,0.9640315675433679,ok,True,True,45.33846620402035,3.052092698098029,1.0,0.0,0.9804841750435145
809,1767151965543,57.71795186676701,58.7129061782098,58.9987503379127,58.9987503379127,58.9987503379127,0.9726992249488831,0.969232161986677,ok,True,True,42.21415599723542,0.9949543114427897,1.0,0.0,0.9804841750435145
810,1767151965578,51.54819746322255,54.41408094921745,55.082805042710156,55.082805042710156,55.082805042710156,0.9769065380096436,0.973836787600457,ok,True,True,34.90492318662359,2.8658834859948996,1.0,0.0,0.9804841750435145
811,1767151965619,43.48762102649638,47.858204995584806,48.794370333490924,48.794370333490924,48.794370333490924,0.9778244495391846,0.9762293847636936,ok,True,True,24.672526192757026,4.370583969088429,1.0,0.0,0.9804841750435145
812,1767151965678,34.42390445015686,39.79762466832804,40.89350609487182,40.89350609487182,40.89350609487182,0.943709135055542,0.9567172349388027,ok,True,True,12.694413608839366,5.373720218171179,1.0,0.0,0.9804841750435145
813,1767151965715,25.658325215414127,31.314044996579693,32.430400060140435,32.430400060140435,32.430400060140435,0.9703439474105835,0.9648932624218711,ok,True,True,0.4925217699297768,5.6557197811655655,1.0,0.0,0.9804841750435145
814,1767151965749,16.868279568534724,22.646585739752712,23.740354290662513,23.740354290662513,23.740354290662513,0.9682772159576416,0.9669236345433334,ok,True,True,-11.462496835381613,5.778306171217988,1.0,0.0,0.9804841750435145
815,1767151965782,11.465438273445205,15.937897259968206,16.766058444261148,16.766058444261148,16.766058444261148,0.9654182195663452,0.9660203855571405,ok,True,True,-20.514395756943596,4.472458986523002,1.0,0.0,0.9804841750435145
816,1767151965814,8.224469155483225,11.309840397277219,11.84247130802678,11.84247130802678,11.84247130802678,0.9637038707733154,0.9646304766868454,ok,True,True,-26.336114110866234,3.085371241793993,1.0,0.0,0.9804841750435145
817,1767151965847,6.2092345257493795,8.249476874360516,8.552502077226839,8.552502077226839,8.552502077226839,0.955715000629425,0.9592811910523932,ok,True,True,-29.648215135467634,2.0402423486111365,1.0,0.0,0.9804841750435145
818,1767151965886,5.2268997448240135,6.435930596638615,6.561855831252435,6.561855831252435,6.561855831252435,0.9748168587684631,0.9686025916820351,ok,True,True,-31.024592725986395,1.2090308518146013,1.0,0.0,0.9804841750435145
819,1767151965919,4.654539729448314,5.367096076324435,5.385020807429449,5.385020807429449,5.385020807429449,0.9769203662872314,0.9735932564451529,ok,True,True,-31.220512140269612,0.7125563468761209,1.0,0.0,0.9804841750435145
820,1767151965952,4.949372352468969,5.116461842011155,5.030287778132435,5.030287778132435,5.030287778132435,0.980100154876709,0.9774973955040865,ok,True,True,-30.2786195103266,0.16708948954218616,1.0,0.0,0.9804841750435145
821,1767151965983,7.1363718854484,6.328407868073502,6.070886441045911,6.070886441045911,6.070886441045911,0.9851530194282532,0.9820907698585866,ok,True,True,-27.463880095099913,0.8079640173748981,1.0,0.0,0.9804841750435145
822,1767151966013,9.301313140349247,8.112151031438948,7.782161355107122,7.782161355107122,7.782161355107122,0.9852055311203003,0.9839596266156148,ok,True,True,-23.85705421148297,1.189162108910299,1.0,0.0,0.9804841750435145
823,1767151966051,12.791889089200467,10.91999386609586,10.481038356494196,10.481038356494196,10.481038356494196,0.9852185845375061,0.9847150013687496,ok,True,True,-19.059218984069688,1.871895223104607,1.0,0.0,0.9804841750435145
824,1767151966079,20.688149170984815,16.780887049029232,16.0068792763494,16.0068792763494,16.0068792763494,0.9871794581413269,0.986193675432296,ok,True,True,-10.599223205853075,3.9072621219555828,1.0,0.0,0.9804841750435145
825,1767151966115,29.81717273372531,24.60265845984688,23.603883145620443,23.603883145620443,23.603883145620443,0.9783300757408142,0.9814755156174069,ok,True,True,0.3175081759102021,5.214514273878432,1.0,0.0,0.9804841750435145
826,1767151966150,39.68295312949649,33.650835261636644,32.53071233357365,32.53071233357365,32.53071233357365,0.9647183418273926,0.9714212113433982,ok,True,True,12.560583215954267,6.032117867859846,1.0,0.0,0.9804841750435145
827,1767151966184,49.084728047832435,42.911170933354114,41.799373398040345,41.799373398040345,41.799373398040345,0.962038516998291,0.9657915947363338,ok,True,True,24.71266073633963,6.173557114478321,1.0,0.0,0.9804841750435145
828,1767151966219,55.35373895539387,50.37671174657797,49.5113622853967,49.5113622853967,49.5113622853967,0.9831334948539734,0.9761967348069175,ok,True,True,34.171031887999604,4.977027208815905,1.0,0.0,0.9804841750435145
829,1767151966251,60.49716271592554,56.44898232818651,55.80182307666667,55.80182307666667,55.80182307666667,0.9780793190002441,0.9773262853229134,ok,True,True,41.244558445408416,4.0481803877390306,1.0,0.0,0.9804841750435145
830,1767151966286,60.74730979646027,59.02797880915077,58.82135774387783,58.82135774387783,58.82135774387783,0.9783624410629272,0.9779479787669216,ok,True,True,43.502950933958644,1.7193309873095046,1.0,0.0,0.9804841750435145
831,1767151966319,60.12458586998435,59.685943045650916,59.751290048955795,59.751290048955795,59.751290048955795,0.9612126350402832,0.9679067725309385,ok,True,True,42.788700519955285,0.43864282433343504,1.0,0.0,0.9804841750435145
832,1767151966360,57.729923569017586,58.512331359670924,58.80979016484051,58.80979016484051,58.80979016484051,0.9741128087043762,0.9716303942350011,ok,True,True,39.53744087534575,0.7824077906533375,1.0,0.0,0.9804841750435145
833,1767151966400,52.42040177918131,54.857173611377156,55.44539861422063,55.44539861422063,55.44539861422063,0.9729097485542297,0.9723980068265383,ok,True,True,33.108072571371736,2.436771832195845,1.0,0.0,0.9804841750435145
834,1767151966433,46.052582659861926,49.574419040468015,50.352827007043366,50.352827007043366,50.352827007043366,0.9806566834449768,0.9773532127976015,ok,True,True,24.59998215755408,3.5218363806060893,1.0,0.0,0.9804841750435145
835,1767151966487,38.5300488913496,42.94779695099697,43.865762854129564,43.865762854129564,43.865762854129564,0.9515202641487122,0.9618534436082679,ok,True,True,14.566507121301484,4.417748059647366,1.0,0.0,0.9804841750435145
836,1767151966521,29.984914501313,35.17006748118659,36.19475322343426,36.19475322343426,36.19475322343426,0.9530934691429138,0.9565974589290555,ok,True,True,3.3665717209112493,5.1851529798735925,1.0,0.0,0.9804841750435145
837,1767151966555,20.667389790990068,26.46846086706868,27.56650167748529,27.56650167748529,27.56650167748529,0.9585290551185608,0.9577564166427587,ok,True,True,-8.635143182120663,5.80107107607861,1.0,0.0,0.9804841750435145
838,1767151966586,12.83367797401271,18.287591131235096,19.291052331163407,19.291052331163407,19.291052331163407,0.9663012027740479,0.9628832883215322,ok,True,True,-19.603091844451804,5.453913157222386,1.0,0.0,0.9804841750435145
839,1767151966618,3.567511464031158,9.455543330912734,10.480321371105601,10.480321371105601,10.480321371105601,0.9792299270629883,0.9726912715664058,ok,True,True,-30.804036072213393,5.888031866881576,1.0,0.0,0.9804841750435145
840,1767151966652,2.011989051251896,4.989410763116231,5.487633929545018,5.487633929545018,5.487633929545018,0.975955069065094,0.9746495500656187,ok,True,True,-36.249673743271714,2.977421711864335,1.0,0.0,0.9804841750435145
841,1767151966685,1.376908350969582,2.8219093158282416,2.9845647193492733,2.9845647193492733,2.9845647193492733,0.9870779514312744,0.9821065908850122,ok,True,True,-38.02751638990009,1.4450009648586595,1.0,0.0,0.9804841750435145
842,1767151966716,3.1871124929036876,3.041031222073509,2.8932587294908956,2.8932587294908956,2.8932587294908956,0.9827433228492737,0.9824886300635691,ok,True,True,-36.412345706203894,0.1460812708301784,1.0,0.0,0.9804841750435145
843,1767151966751,4.20010356754223,3.7364746293547415,3.5069046505903554,3.5069046505903554,3.5069046505903554,0.9844626188278198,0.9836730233221196,ok,True,True,-33.90311890034421,0.46362893818748807,1.0,0.0,0.9804841750435145
844,1767151966781,5.605775671738137,4.858055254784778,4.581131372540893,4.581131372540893,4.581131372540893,0.98317551612854,0.9833745190059718,ok,True,True,-30.876308372900436,0.7477204169533582,1.0,0.0,0.9804841750435145
845,1767151966818,8.098838123560409,6.802524976050156,6.43973678874174,6.43973678874174,6.43973678874174,0.9708909392356873,0.975884371143801,ok,True,True,-26.910990915700136,1.2963131475102525,1.0,0.0,0.9804841750435145
846,1767151966847,13.235094955284364,10.66206696359068,10.090713281467622,10.090713281467622,10.090713281467622,0.9859305024147034,0.9819120499063425,ok,True,True,-20.666028126897476,2.5730279916936833,1.0,0.0,0.9804841750435145
847,1767151966882,19.710866298978438,16.091346564823336,15.344755473244483,15.344755473244483,15.344755473244483,0.9910743832588196,0.9874094499178288,ok,True,True,-12.505699890214627,3.6195197341551015,1.0,0.0,0.9804841750435145
848,1767151966915,27.472506514312897,22.920042534517073,22.028068169398384,22.028068169398384,22.028068169398384,0.9849916696548462,0.9859587817600391,ok,True,True,-2.7563154143264335,4.552463979795824,1.0,0.0,0.9804841750435145
849,1767151966968,38.7019747200215,32.38920184581973,31.222578966612005,31.222578966612005,31.222578966612005,0.9761945009231567,0.9801002132579097,ok,True,True,9.995009548079071,6.3127728742017695,1.0,0.0,0.9804841750435145
850,1767151967000,48.25658856200095,41.909633875528456,40.754073749720675,40.754073749720675,40.754073749720675,0.9688510894775391,0.9733507389896874,ok,True,True,22.625417317708948,6.346954686472493,1.0,0.0,0.9804841750435145
851,1767151967033,53.906663037941556,49.10785137297631,48.2596877282624,48.2596877282624,48.2596877282624,0.9776462316513062,0.9759280345866586,ok,True,True,31.89594547878032,4.798811664965243,1.0,0.0,0.9804841750435145
852,1767151967064,59.57361744163535,55.387311014171736,54.71048237871092,54.71048237871092,54.71048237871092,0.9764786958694458,0.976258431356331,ok,True,True,39.29376188409846,4.186306427463613,1.0,0.0,0.9804841750435145
853,1767151967099,61.51696438449924,59.065103036368235,58.7252806875109,58.7252806875109,58.7252806875109,0.9550727009773254,0.9635469931289277,ok,True,True,43.008060032194585,2.451861348131004,1.0,0.0,0.9804841750435145
854,1767151967135,61.62576146736208,60.60149809496454,60.55209938421581,60.55209938421581,60.55209938421581,0.9734430313110352,0.9694846160381922,ok,True,True,43.547993737171055,1.0242633723975416,1.0,0.0,0.9804841750435145
855,1767151967181,61.19432614674586,60.95719492603333,61.07399149472315,61.07399149472315,61.07399149472315,0.9795947670936584,0.9755507066714719,ok,True,True,42.271393536368166,0.23713122071252712,1.0,0.0,0.9804841750435145
856,1767151967223,58.658336837453824,59.57788007288563,59.90211427572045,59.90211427572045,59.90211427572045,0.9665549397468567,0.9701532465167028,ok,True,True,38.72747565342637,0.9195432354318029,1.0,0.0,0.9804841750435145
857,1767151967257,53.09935190014467,55.69076316924105,56.304851359981555,56.304851359981555,56.304851359981555,0.9723741412162781,0.971485783336448,ok,True,True,32.01541967092617,2.5914112690963833,1.0,0.0,0.9804841750435145
858,1767151967296,45.820551184461046,49.76863597837305,50.61722361481889,50.61722361481889,50.61722361481889,0.974827766418457,0.9734909731856534,ok,True,True,22.740257230473205,3.9480847939120025,1.0,0.0,0.9804841750435145
859,1767151967329,27.459781910960633,36.3833235379256,38.0565164461668,38.0565164461668,38.0565164461668,0.9794511198997498,0.9770670612141111,ok,True,True,4.45206240931104,8.923541626964965,1.0,0.0,0.9804841750435145
860,1767151967370,18.3055735190017,25.53667352657126,26.95053070692088,26.95053070692088,26.95053070692088,0.9770870208740234,0.9770790370100586,ok,True,True,-11.001562475289179,7.231100007569559,1.0,0.0,0.9804841750435145
861,1767151967403,10.790758423615879,16.68912446479803,17.793434885011877,17.793434885011877,17.793434885011877,0.971669614315033,0.9738333833930433,ok,True,True,-23.071804949087003,5.898366041182152,1.0,0.0,0.9804841750435145
862,1767151967439,6.1356571219030975,10.35704405906107,11.10116081152864,11.10116081152864,11.10116081152864,0.9613505005836487,0.9663436537074066,ok,True,True,-31.205088368942157,4.221386937157973,1.0,0.0,0.9804841750435145
863,1767151967477,5.2679759598911415,7.303603199559113,7.611345339245732,7.611345339245732,7.611345339245732,0.9728319644927979,0.9702366401786413,ok,True,True,-34.56874606647937,2.0356272396679715,1.0,0.0,0.9804841750435145
864,1767151967512,4.6138370912637034,5.689743534581867,5.775603481868361,5.775603481868361,5.775603481868361,0.9840174317359924,0.9785051151130519,ok,True,True,-35.5072053652106,1.0759064433181633,1.0,0.0,0.9804841750435145
865,1767151967545,4.198971342221364,4.795280219165566,4.772596191139236,4.772596191139236,4.772596191139236,0.9847411513328552,0.9822467368449339,ok,True,True,-35.25926627711688,0.5963088769442013,1.0,0.0,0.9804841750435145
866,1767151967580,5.099320365775445,4.977704307131494,4.823640940352315,4.823640940352315,4.823640940352315,0.9840577244758606,0.9833333294234899,ok,True,True,-33.57533560027492,0.12161605864395142,1.0,0.0,0.9804841750435145
867,1767151967612,8.29429929583101,6.967661300351203,6.6034675051671785,6.6034675051671785,6.6034675051671785,0.9844262599945068,0.9839890877661001,ok,True,True,-29.594654684058824,1.3266379954798069,1.0,0.0,0.9804841750435145
868,1767151967650,12.676321643759048,10.39285750639591,9.859838915691363,9.859838915691363,9.859838915691363,0.9851179718971252,0.9846664182447151,ok,True,True,-23.76869894273745,2.283464137363138,1.0,0.0,0.9804841750435145
869,1767151967684,18.50042547358696,15.25739828671054,14.566571504568596,14.566571504568596,14.566571504568596,0.9770572185516357,0.9801008984288675,ok,True,True,-16.217881151638412,3.2430271868764216,1.0,0.0,0.9804841750435145
870,1767151967714,27.924281659348118,22.857528310293088,21.871870517727643,21.871870517727643,21.871870517727643,0.9643092155456543,0.9706258886989396,ok,True,True,-5.44452582085254,5.0667533490550305,1.0,0.0,0.9804841750435145
871,1767151967743,37.13233684841967,31.422413433169037,30.33625695228449,30.33625695228449,30.33625695228449,0.9723180532455444,0.9716411874269025,ok,True,True,6.427291965875106,5.709923415250632,1.0,0.0,0.9804841750435145
872,1767151967777,46.890550091371985,40.70329542809081,39.57017851319473,39.57017851319473,39.57017851319473,0.961068868637085,0.965297796153012,ok,True,True,18.812392806731843,6.187254663281173,1.0,0.0,0.9804841750435145
873,1767151967818,54.62877565717749,49.05858356554282,48.069602977325914,48.069602977325914,48.069602977325914,0.9623920917510986,0.963554373511864,ok,True,True,29.622066683888228,5.570192091634674,1.0,0.0,0.9804841750435145
874,1767151967851,60.89774058604569,56.162077777844544,55.369106227247556,55.369106227247556,55.369106227247556,0.9557482004165649,0.9588706696546846,ok,True,True,38.28933877996754,4.735662808201148,1.0,0.0,0.9804841750435145
875,1767151967884,62.21070240267369,59.79125255274203,59.440157239271734,59.440157239271734,59.440157239271734,0.9439054727554321,0.9498915515151332,ok,True,True,42.126851754064006,2.4194498499316595,1.0,0.0,0.9804841750435145
876,1767151967915,60.61325316900248,60.2844529224983,60.34694499464705,60.34694499464705,60.34694499464705,0.9582253098487854,0.9548918065153245,ok,True,True,41.44380607259753,0.32880024650417994,1.0,0.0,0.9804841750435145
877,1767151967948,55.05271070346005,57.145407591075355,57.65689944119386,57.65689944119386,57.65689944119386,0.9603500366210938,0.958166744578786,ok,True,True,35.85314013185031,2.092696887615304,1.0,0.0,0.9804841750435145
878,1767151967993,49.479328687832286,52.545760249129515,53.249577405095685,53.249577405095685,53.249577405095685,0.9615650773048401,0.9602057442144185,ok,True,True,28.16033603054934,3.066431561297229,1.0,0.0,0.9804841750435145
879,1767151968038,41.42364898193544,45.87249348881308,46.80058569956736,46.80058569956736,46.80058569956736,0.954010009765625,0.9564883035451424,ok,True,True,18.01617926376093,4.448844506877634,1.0,0.0,0.9804841750435145
880,1767151968085,32.866652089044706,38.06898864895206,39.11051476404123,39.11051476404123,39.11051476404123,0.9184234142303467,0.9336493699562649,ok,True,True,6.632176612147335,5.202336559907351,1.0,0.0,0.9804841750435145
881,1767151968127,23.065282095156462,29.0667647166747,30.21238458270151,30.21238458270151,30.21238458270151,0.9266068935394287,0.9294238841061633,ok,True,True,-5.889582951676825,6.001482621518239,1.0,0.0,0.9804841750435145
882,1767151968158,15.140952021153298,20.71127709936186,21.749750968355386,21.749750968355386,21.749750968355386,0.9712640643119812,0.954527992229654,ok,True,True,-17.24022419531149,5.57032507820856,1.0,0.0,0.9804841750435145
883,1767151968200,8.165472744728492,13.183794486581839,14.075672715920042,14.075672715920042,14.075672715920042,0.9752240777015686,0.9669456435128028,ok,True,True,-26.98855789583831,5.018321741853347,1.0,0.0,0.9804841750435145
884,1767151968232,6.882770655584535,9.403180187983455,9.824257053683134,9.824257053683134,9.824257053683134,0.9766907095909119,0.9727926831596683,ok,True,True,-31.590977447505416,2.5204095323989204,1.0,0.0,0.9804841750435145
885,1767151968272,6.0797240415850204,7.409106500144395,7.561127579239917,7.561127579239917,7.561127579239917,0.9748597741127014,0.9740329377314881,ok,True,True,-33.252585680321,1.3293824585593743,1.0,0.0,0.9804841750435145
886,1767151968303,5.981375616759402,6.552467970113399,6.541334125600132,6.541334125600132,6.541334125600132,0.9846671223640442,0.9804134485110217,ok,True,True,-33.130891453334826,0.5710923533539978,1.0,0.0,0.9804841750435145
887,1767151968338,6.749673833347993,6.670791488054156,6.533089237487976,6.533089237487976,6.533089237487976,0.975724995136261,0.9776003764861654,ok,True,True,-31.625789696530262,0.0788823452938372,1.0,0.0,0.9804841750435145
888,1767151968372,7.5892505191212125,7.221866906694389,7.027340231412022,7.027340231412022,7.027340231412022,0.9797866940498352,0.9789121670243672,ok,True,True,-29.499590309744406,0.36738361242682327,1.0,0.0,0.9804841750435145
889,1767151968566,10.61871190087424,9.259973903202301,8.901052937127027,8.901052937127027,8.901052937127027,0.973377525806427,0.9755913822936031,ok,True,True,-25.576542034405847,1.3587379976719394,1.0,0.0,0.9804841750435145
890,1767151968594,14.082097200014731,12.153247881289758,11.695131931221463,11.695131931221463,11.695131931221463,0.980362057685852,0.9784537875289525,ok,True,True,-20.56928094438752,1.9288493187249731,1.0,0.0,0.9804841750435145
891,1767151968622,18.875335738209735,16.186500595441743,15.608713010224701,15.608713010224701,15.608713010224701,0.9838477373123169,0.9816901573989711,ok,True,True,-14.253994839807154,2.688835142767992,1.0,0.0,0.9804841750435145
892,1767151968649,26.205270508105226,22.197762543039833,21.40935456502169,21.40935456502169,21.40935456502169,0.9816968441009521,0.9816941694201597,ok,True,True,-5.636603127508696,4.007507965065393,1.0,0.0,0.9804841750435145
893,1767151968680,56.43093927513245,42.737668582295406,40.3363229358816,40.3363229358816,40.3363229358816,0.9751426577568054,0.9777632624221472,ok,True,True,20.610386564031668,13.693270692837046,1.0,0.0,0.9804841750435145
894,1767151968709,62.37390952164126,54.51941314590292,53.013164582505574,53.013164582505574,53.013164582505574,0.9699622988700867,0.9730826842909108,ok,True,True,37.073860106638335,7.854496375738343,1.0,0.0,0.9804841750435145
895,1767151968743,58.39335588101477,56.843778786970034,56.554180402374776,56.554180402374776,56.554180402374776,0.97331303358078,0.9732208938648323,ok,True,True,40.23920443202108,1.5495770940447358,1.0,0.0,0.9804841750435145
896,1767151968778,51.91583159964118,53.88701047457272,54.3343821211007,54.3343821211007,54.3343821211007,0.9668655395507812,0.9694076812764016,ok,True,True,35.34937984044539,1.9711788749315389,1.0,0.0,0.9804841750435145
897,1767151968820,44.276983231922394,48.120994128982524,48.945955206383225,48.945955206383225,48.945955206383225,0.9467899799346924,0.9558370604713762,ok,True,True,26.332458462719288,3.84401089706013,1.0,0.0,0.9804841750435145
898,1767151968860,35.29314314040209,40.42428353583426,41.473318967541296,41.473318967541296,41.473318967541296,0.9250547289848328,0.9373676615794501,ok,True,True,14.866378099321969,5.131140395432176,1.0,0.0,0.9804841750435145
899,1767151968895,26.551547541517074,32.10064193924395,33.20199874883968,33.20199874883968,33.20199874883968,0.9511672258377075,0.9456474001344045,ok,True,True,2.8284189361597036,5.549094397726876,1.0,0.0,0.9804841750435145
900,1767151968929,17.493572554495042,23.336400308394605,24.447986525820255,24.447986525820255,24.447986525820255,0.9694141745567322,0.9599074647878011,ok,True,True,-9.321348854912273,5.842827753899563,1.0,0.0,0.9804841750435145
901,1767151969023,11.056814132009261,15.968648602563398,16.880319551501046,16.880319551501046,16.880319551501046,0.9586159586906433,0.9591325611295064,ok,True,True,-19.286019303158024,4.911834470554137,1.0,0.0,0.9804841750435145
902,1767151969052,7.743215920748931,11.033388993474718,11.614195742169695,11.614195742169695,11.614195742169695,0.9735556244850159,0.9677863991428121,ok,True,True,-25.63430521882382,3.2901730727257874,1.0,0.0,0.9804841750435145
903,1767151969082,6.423391784155893,8.267390667883422,8.545550442104144,8.545550442104144,8.545550442104144,0.9804622530937195,0.9753919115133565,ok,True,True,-28.67462419059517,1.8439988837275294,1.0,0.0,0.9804841750435145
904,1767151969111,5.521393274982074,6.619792232142613,6.728043451044011,6.728043451044011,6.728043451044011,0.9798378944396973,0.9780595012691609,ok,True,True,-29.857822715490922,1.0983989571605388,1.0,0.0,0.9804841750435145
905,1767151969138,8.38994072509253,7.681881327912563,7.46434945203047,7.46434945203047,7.46434945203047,0.974799633026123,0.9761035803233382,ok,True,True,-27.480173786697428,0.7080593971799667,1.0,0.0,0.9804841750435145
906,1767151969173,10.971006395762972,9.655356368622808,9.30859387478316,9.30859387478316,9.30859387478316,0.9716813564300537,0.9734502459873675,ok,True,True,-23.69001903958126,1.3156500271401637,1.0,0.0,0.9804841750435145
907,1767151969205,15.383989646246855,13.092536335197236,12.582092228551684,12.582092228551684,12.582092228551684,0.9821087121963501,0.9786453257127571,ok,True,True,-18.110805057936645,2.2914533110496187,1.0,0.0,0.9804841750435145
908,1767151969237,21.604291875664465,18.199589659477574,17.5052649546103,17.5052649546103,17.5052649546103,0.9807909727096558,0.9799327139108962,ok,True,True,-10.521754561000094,3.404702216186891,1.0,0.0,0.9804841750435145
909,1767151969269,30.24235495206183,25.42524883502813,24.502184799544096,24.502184799544096,24.502184799544096,0.9730406403541565,0.9757974697768523,ok,True,True,-0.43255633992650466,4.817106117033703,1.0,0.0,0.9804841750435145
910,1767151969303,39.90955911909586,34.11583500546877,33.041280942453646,33.041280942453646,33.041280942453646,0.9640913009643555,0.9687737684893541,ok,True,True,11.312445658049317,5.793724113627093,1.0,0.0,0.9804841750435145
911,1767151969339,50.34042914937525,43.85059149181265,42.68628799771503,42.68628799771503,42.68628799771503,0.9615949988365173,0.9644665066976521,ok,True,True,24.03841946904256,6.489837657562596,1.0,0.0,0.9804841750435145
912,1767151969388,60.24953296884533,53.689956378032264,52.551304642864054,52.551304642864054,52.551304642864054,0.923221230506897,0.939719340983199,ok,True,True,36.48401654493493,6.559576590813066,1.0,0.0,0.9804841750435145
913,1767151969419,65.16352305014378,60.57409638129918,59.814429822863296,59.814429822863296,59.814429822863296,0.9651042222976685,0.9549502697718806,ok,True,True,44.787261168653124,4.589426668844602,1.0,0.0,0.9804841750435145
914,1767151969450,65.18324216220412,63.33958384984215,63.112772271770055,63.112772271770055,63.112772271770055,0.9669418931007385,0.9621452437691953,ok,True,True,47.266338331272685,1.843658312361974,1.0,0.0,0.9804841750435145
915,1767151969487,61.973331651521114,62.51983253084953,62.76184925625398,62.76184925625398,62.76184925625398,0.9640524387359619,0.9632895607492553,ok,True,True,44.621067124123655,0.5465008793284127,1.0,0.0,0.9804841750435145
916,1767151969539,59.31952768815589,60.59964962523334,61.006964819930765,61.006964819930765,61.006964819930765,0.9583171606063843,0.9603061206635327,ok,True,True,40.1690642513191,1.2801219370774533,1.0,0.0,0.9804841750435145
917,1767151969584,52.90099981753704,55.98045974061556,56.69088734621593,56.69088734621593,56.69088734621593,0.9639480113983154,0.9624912551044024,ok,True,True,32.4040071598397,3.0794599230785167,1.0,0.0,0.9804841750435145
918,1767151969646,44.96672110378557,49.372216558517565,50.30957685194352,50.30957685194352,50.30957685194352,0.9711198210716248,0.9676683946847358,ok,True,True,22.158549161924054,4.405495454731998,1.0,0.0,0.9804841750435145
919,1767151969678,36.38395890067432,41.57926196381162,42.636055480673804,42.636055480673804,42.636055480673804,0.9606797695159912,0.963475219583489,ok,True,True,10.607672017439619,5.195303063137295,1.0,0.0,0.9804841750435145
920,1767151969712,27.31009827514025,33.01776375060879,34.130689437393045,34.130689437393045,34.130689437393045,0.9578048586845398,0.9600730030441196,ok,True,True,-1.5567363308965358,5.707665475468545,1.0,0.0,0.9804841750435145
921,1767151969749,11.754822421317739,20.259998953034163,21.802265350356876,21.802265350356876,21.802265350356876,0.9801267385482788,0.972105244346615,ok,True,True,-18.41388902467523,8.505176531716424,1.0,0.0,0.9804841750435145
922,1767151969786,4.791878086135609,10.97912643289503,12.118554377751806,12.118554377751806,12.118554377751806,0.962760329246521,0.9664982952865586,ok,True,True,-30.867970163544815,6.1872483467594215,1.0,0.0,0.9804841750435145
923,1767151969816,4.634659691961648,7.172446388335002,7.609628248993511,7.609628248993511,7.609628248993511,0.9681857228279114,0.9675107518113703,ok,True,True,-35.64641919988773,2.537786696373354,1.0,0.0,0.9804841750435145
924,1767151969849,3.2260851827554013,4.804629664987242,4.985073170058463,4.985073170058463,4.985073170058463,0.972953200340271,0.9707762209287107,ok,True,True,-37.61868788373284,1.578544482231841,1.0,0.0,0.9804841750435145
925,1767151969880,4.7205076595645155,4.754156461733606,4.639978703103701,4.639978703103701,4.639978703103701,0.9811489582061768,0.9769998632951903,ok,True,True,-36.370711584178544,0.03364880216909061,1.0,0.0,0.9804841750435145
926,1767151969912,5.812237246364758,5.389004932512297,5.170102011310714,5.170102011310714,5.170102011310714,0.979791522026062,0.9786748585337134,ok,True,True,-33.978076969163226,0.42323231385246096,1.0,0.0,0.9804841750435145
927,1767151969948,8.068653111452875,6.996793839876643,6.666517654971332,6.666517654971332,6.666517654971332,0.9720560908317566,0.9747035979125394,ok,True,True,-30.368119513218904,1.0718592715762316,1.0,0.0,0.9804841750435145
928,1767151969978,12.065718850286713,10.038148846122684,9.548877356920448,9.548877356920448,9.548877356920448,0.983792781829834,0.9801571082629161,ok,True,True,-25.020324724645292,2.027570004164028,1.0,0.0,0.9804841750435145
929,1767151970009,17.439622305322644,14.47903292164266,13.835715079455024,13.835715079455024,13.835715079455024,0.985884428024292,0.9835935001197417,ok,True,True,-17.988785221992146,2.9605893836799844,1.0,0.0,0.9804841750435145
930,1767151970046,26.437577855665506,21.654159882056366,20.714649310928095,20.714649310928095,20.714649310928095,0.9731659293174744,0.9773369576383812,ok,True,True,-7.71982443647452,4.78341797360914,1.0,0.0,0.9804841750435145
931,1767151970097,36.68355606578126,30.671797592291302,29.53179675551109,29.53179675551109,29.53179675551109,0.9722912311553955,0.9743095217485898,ok,True,True,4.740518478341963,6.011758473489959,1.0,0.0,0.9804841750435145
932,1767151970145,47.457243232806704,40.74306497660054,39.50945146457189,39.50945146457189,39.50945146457189,0.9650703072547913,0.9687659930523106,ok,True,True,18.2240589182264,6.714178256206161,1.0,0.0,0.9804841750435145
933,1767151970179,55.65293380693502,49.68898627480122,48.62068245695269,48.62068245695269,48.62068245695269,0.9755133390426636,0.9728144006465224,ok,True,True,29.900745003121507,5.963947532133794,1.0,0.0,0.9804841750435145
934,1767151970214,61.256523824016945,56.629508804330655,55.846909698971416,55.846909698971416,55.846909698971416,0.978171169757843,0.9760284621133148,ok,True,True,38.45464505563938,4.62701501968629,1.0,0.0,0.9804841750435145
935,1767151970253,64.05914357536778,61.087289666952934,60.64548921936064,60.64548921936064,60.64548921936064,0.9827749133110046,0.9800763328319286,ok,True,True,43.28357578911805,2.9718539084148503,1.0,0.0,0.9804841750435145
936,1767151970284,61.777922205280404,61.50166918994942,61.567138159666435,61.567138159666435,61.567138159666435,0.9744973182678223,0.9767289240934648,ok,True,True,42.567992267918385,0.2762530153309868,1.0,0.0,0.9804841750435145
937,1767151970320,56.408277526705184,58.44563419200287,58.95237601106206,58.95237601106206,58.95237601106206,0.9773554801940918,0.977104857753841,ok,True,True,37.029244724022796,2.037356665297686,1.0,0.0,0.9804841750435145
938,1767151970356,49.261079325728026,52.934901272237965,53.74424663288851,53.74424663288851,53.74424663288851,0.9783577919006348,0.9778566182419173,ok,True,True,28.183004962739275,3.673821946509939,1.0,0.0,0.9804841750435145
939,1767151970395,31.81238938989279,40.261394142830866,41.871013518087196,41.871013518087196,41.871013518087196,0.9788632988929749,0.9784606266325518,ok,True,True,10.589676316882056,8.449004752938077,1.0,0.0,0.9804841750435145
940,1767151970443,23.32555598287578,30.099891246857815,31.453019645781136,31.453019645781136,31.453019645781136,0.9687390923500061,0.9726277060630244,ok,True,True,-4.200175860754337,6.774335263982035,1.0,0.0,0.9804841750435145
941,1767151970478,14.601840348321792,20.8010607077362,21.974261915649315,21.974261915649315,21.974261915649315,0.9658301472663879,0.9685491707850425,ok,True,True,-17.023402727817277,6.19922035941441,1.0,0.0,0.9804841750435145
942,1767151970512,9.995005179830466,14.317427390992759,15.10864841638489,15.10864841638489,15.10864841638489,0.9575909376144409,0.9619742308826815,ok,True,True,-25.671541377999162,4.3224222111622925,1.0,0.0,0.9804841750435145
943,1767151970544,6.256293718273467,9.480747187361183,10.01335335809803,10.01335335809803,10.01335335809803,0.9790704846382141,0.9722319831360011,ok,True,True,-31.492989320679797,3.2244534690877167,1.0,0.0,0.9804841750435145
944,1767151970579,5.426613946218675,7.048267242675678,7.262029185123723,7.262029185123723,7.262029185123723,0.9784499406814575,0.975962757663275,ok,True,True,-33.829432434671496,1.6216532964570032,1.0,0.0,0.9804841750435145
945,1767151970611,3.289064497811452,4.792745595757142,4.9424807380752585,4.9424807380752585,4.9424807380752585,0.9794796705245972,0.9780729053800683,ok,True,True,-35.46605511027597,1.5036810979456905,1.0,0.0,0.9804841750435145
946,1767151970651,3.824256487044837,4.211652130529759,4.161275990701426,4.161275990701426,4.161275990701426,0.9774560928344727,0.977702817852711,ok,True,True,-34.91543799076696,0.3873956434849224,1.0,0.0,0.9804841750435145
947,1767151970684,4.0703459479017425,4.126868420952949,4.000815651417165,4.000815651417165,4.000815651417165,0.9794618487358093,0.97875823638257,ok,True,True,-33.537666428586064,0.05652247305120639,1.0,0.0,0.9804841750435145
948,1767151970716,5.670720575929902,5.053179713939121,4.810961882195083,4.810961882195083,4.810961882195083,0.9801269769668579,0.9795794807331427,ok,True,True,-30.890197105547394,0.617540861990781,1.0,0.0,0.9804841750435145
949,1767151970746,9.041717438355116,7.446302348588718,7.037263374330525,7.037263374330525,7.037263374330525,0.9838773012161255,0.9821581730229323,ok,True,True,-26.419353119873634,1.595415089766398,1.0,0.0,0.9804841750435145
950,1767151970779,13.730262492058328,11.216678434670484,10.651943351286771,10.651943351286771,10.651943351286771,0.9844715595245361,0.9835462049238946,ok,True,True,-20.24673239192482,2.5135840573878436,1.0,0.0,0.9804841750435145
951,1767151970811,20.666746089284803,16.886719027439074,16.115556016564167,16.115556016564167,16.115556016564167,0.9841333031654358,0.9838984638688193,ok,True,True,-11.81783019404315,3.780027061845729,1.0,0.0,0.9804841750435145
952,1767151970847,30.567297871813516,25.095066334063738,24.04893069272441,24.04893069272441,24.04893069272441,0.9774277210235596,0.9800160181616635,ok,True,True,-0.3834448796290566,5.472231537749778,1.0,0.0,0.9804841750435145
953,1767151970886,49.30176472190268,39.6190853667671,37.87993000664494,37.87993000664494,37.87993000664494,0.9650403261184692,0.971030602935747,ok,True,True,18.625727280690388,9.682679355135576,1.0,0.0,0.9804841750435145
954,1767151970933,57.150505824230606,50.1379376412452,48.839157252229384,48.839157252229384,48.839157252229384,0.9544535875320435,0.9610843936935249,ok,True,True,32.82154933278931,7.0125681829854045,1.0,0.0,0.9804841750435145
955,1767151970970,62.77318274634092,57.71908470430263,56.85013115816946,56.85013115816946,56.85013115816946,0.9670436382293701,0.964659940415032,ok,True,True,42.31931355588044,5.054098042038291,1.0,0.0,0.9804841750435145
956,1767151971005,63.19979605150432,61.007511512623644,60.70095814070801,60.70095814070801,60.70095814070801,0.9732265472412109,0.9697999045107393,ok,True,True,45.66997788218963,2.1922845388806778,1.0,0.0,0.9804841750435145
957,1767151971037,61.16822749099942,61.10394109964911,61.22886767959704,61.22886767959704,61.22886767959704,0.9785885810852051,0.9750731104554187,ok,True,True,44.30451570435221,0.06428639135030778,1.0,0.0,0.9804841750435145
958,1767151971069,57.131683296688294,58.72058641787262,59.16534889764923,59.16534889764923,59.16534889764923,0.9690497517585754,0.9714590952373128,ok,True,True,39.443209611531174,1.5889031211843232,1.0,0.0,0.9804841750435145
959,1767151971098,51.45761369021668,54.36280278127906,55.04553479992076,55.04553479992076,55.04553479992076,0.9751188158988953,0.9736549276342623,ok,True,True,31.980868535337187,2.9051890910623754,1.0,0.0,0.9804841750435145
960,1767151971140,43.47728731519224,47.831493501626966,48.7556023088139,48.7556023088139,48.7556023088139,0.9771422743797302,0.975747335681543,ok,True,True,21.880250836956385,4.354206186434723,1.0,0.0,0.9804841750435145
961,1767151971178,35.488880184832084,40.425925511550034,41.43696992549116,41.43696992549116,41.43696992549116,0.9585148096084595,0.965407820037693,ok,True,True,10.829416755643376,4.93704532671795,1.0,0.0,0.9804841750435145
962,1767151971218,27.69114669530964,32.7850582218058,33.790954653453056,33.790954653453056,33.790954653453056,0.9477483034133911,0.9548121100631118,ok,True,True,-0.16514927512840138,5.093911526496157,1.0,0.0,0.9804841750435145
963,1767151971253,13.90260212896933,21.455584566103916,22.831676386303347,22.831676386303347,22.831676386303347,0.9687753319740295,0.9631900432096624,ok,True,True,-15.205994341862887,7.552982437134586,1.0,0.0,0.9804841750435145
964,1767151971288,9.140450934736563,14.066504387283505,14.98818411154,14.98818411154,14.98818411154,0.9701539874076843,0.9673684097284755,ok,True,True,-25.2800618787831,4.926053452546942,1.0,0.0,0.9804841750435145
965,1767151971319,7.7332442916540005,10.266548329905802,10.699465866575899,10.699465866575899,10.699465866575899,0.9814910292625427,0.9758419814489159,ok,True,True,-30.011901353552737,2.533304038251802,1.0,0.0,0.9804841750435145
966,1767151971353,5.824576778161193,7.601365398859036,7.835482556965193,7.835482556965193,7.835482556965193,0.9807227849960327,0.9787704635771859,ok,True,True,-32.57082936318843,1.7767886206978432,1.0,0.0,0.9804841750435145
967,1767151971388,5.856129656392413,6.554223953379062,6.576050179326763,6.576050179326763,6.576050179326763,0.9832449555397034,0.9814551587546964,ok,True,True,-32.80939257390741,0.6980942969866497,1.0,0.0,0.9804841750435145
968,1767151971423,6.467542824332984,6.502215275951415,6.388397787091356,6.388397787091356,6.388397787091356,0.9790119528770447,0.9799892352281054,ok,True,True,-31.56535406521194,0.03467245161843113,1.0,0.0,0.9804841750435145
969,1767151971460,6.524338005149182,6.515488913470075,6.383874882893549,6.383874882893549,6.383874882893549,0.980718731880188,0.9804269332193549,ok,True,True,-30.126797267291952,0.008849091679106635,1.0,0.0,0.9804841750435145
970,1767151971492,9.75048474188014,8.456486410516113,8.113091595763677,8.113091595763677,8.113091595763677,0.9850125908851624,0.9831783278188394,ok,True,True,-26.373451647765748,1.2939983313640262,1.0,0.0,0.9804841750435145
971,1767151971522,13.458149090831483,11.457484018705335,10.986113566532428,10.986113566532428,10.986113566532428,0.989421010017395,0.9869239371379728,ok,True,True,-21.221317294447815,2.0006650721261483,1.0,0.0,0.9804841750435145
972,1767151971553,20.417788707437484,16.833666831944626,16.102094655507415,16.102094655507415,16.102094655507415,0.9845296144485474,0.9854873435243175,ok,True,True,-13.225147562597238,3.5841218754928583,1.0,0.0,0.9804841750435145
973,1767151971582,29.26564106638421,24.292851372608375,23.329510158008713,23.329510158008713,23.329510158008713,0.9810418486595154,0.9828200466054362,ok,True,True,-2.6957150476263614,4.972789693775834,1.0,0.0,0.9804841750435145
974,1767151971622,40.5645256042015,34.05585591156425,32.848698474584396,32.848698474584396,32.848698474584396,0.9722884893417358,0.976501112247216,ok,True,True,10.498657387593054,6.508669692637248,1.0,0.0,0.9804841750435145
975,1767151971654,47.93929534733593,42.38591957302726,41.36056193327559,41.36056193327559,41.36056193327559,0.9761652946472168,0.9762996216872165,ok,True,True,21.705936706543074,5.55337577430867,1.0,0.0,0.9804841750435145
976,1767151971688,56.33619443038898,50.7560844874443,49.78823478049484,49.78823478049484,49.78823478049484,0.9724370241165161,0.9739820631447963,ok,True,True,32.28464757192812,5.580109942944681,1.0,0.0,0.9804841750435145
977,1767151971722,59.7585207564723,56.157546248861095,55.56679611780499,55.56679611780499,55.56679611780499,0.9774349331855774,0.976053785169265,ok,True,True,38.74161582356718,3.6009745076112054,1.0,0.0,0.9804841750435145
978,1767151971753,60.08248662899279,58.512510476940115,58.327876982646075,58.327876982646075,58.327876982646075,0.9770479798316956,0.9766503019667234,ok,True,True,40.75968158127511,1.569976152052675,1.0,0.0,0.9804841750435145
979,1767151971789,58.14773195442684,58.293643363432146,58.44909876108967,58.44909876108967,58.44909876108967,0.973861575126648,0.9749770658626782,ok,True,True,39.060535843590586,0.14591140900530775,1.0,0.0,0.9804841750435145
980,1767151971821,56.038298476931665,56.94043643153186,57.254126320680406,57.254126320680406,57.254126320680406,0.9695574045181274,0.9717252690559478,ok,True,True,35.6318685465198,0.9021379546001924,1.0,0.0,0.9804841750435145
981,1767151971851,50.729265210711006,53.21373369903935,53.797225510734876,53.797225510734876,53.797225510734876,0.9788143634796143,0.9759787257101478,ok,True,True,29.254234577190125,2.4844684883283463,1.0,0.0,0.9804841750435145
982,1767151971884,43.35756454534988,47.30003220682567,48.13399253245481,48.13399253245481,48.13399253245481,0.9751408696174622,0.9754760120545365,ok,True,True,20.138950360346612,3.9424676614757885,1.0,0.0,0.9804841750435145
983,1767151971917,36.60000703284005,40.880017102434294,41.764528353489204,41.764528353489204,41.764528353489204,0.9678815603256226,0.9709193410171881,ok,True,True,10.47113859690456,4.280010069594248,1.0,0.0,0.9804841750435145
984,1767151971951,28.633416792419006,33.53205691642512,34.48980826002444,34.48980826002444,34.48980826002444,0.966835081577301,0.9684687853532559,ok,True,True,0.002804027888377192,4.898640124006114,1.0,0.0,0.9804841750435145
985,1767151971982,20.294824439722188,25.58971743040336,26.583034932168538,26.583034932168538,26.583034932168538,0.9663520455360413,0.9671987414629271,ok,True,True,-10.854272823248285,5.2948929906811735,1.0,0.0,0.9804841750435145
986,1767151972011,13.092135703349323,18.09116839417094,18.99853481262773,18.99853481262773,18.99853481262773,0.9770597219467163,0.9731153297532006,ok,True,True,-20.771894248240493,4.9990326908216165,1.0,0.0,0.9804841750435145
987,1767151972047,8.79730619980122,12.514851077549107,13.161195782460734,13.161195782460734,13.161195782460734,0.9766522645950317,0.9752374906582992,ok,True,True,-27.836517715641882,3.717544877747887,1.0,0.0,0.9804841750435145
988,1767151972076,6.249718765141132,8.755771690104321,9.143887418622901,9.143887418622901,9.143887418622901,0.9689252376556396,0.9714501388567034,ok,True,True,-32.07866817022763,2.506052924963189,1.0,0.0,0.9804841750435145
989,1767151972111,5.421521805943108,6.755221759607593,6.902472641571346,6.902472641571346,6.902472641571346,0.9626927375793457,0.9661956980902888,ok,True,True,-33.68813758865338,1.3336999536644853,1.0,0.0,0.9804841750435145
990,1767151972144,4.645861251100564,5.489605454503376,5.521963415418669,5.521963415418669,5.521963415418669,0.977556049823761,0.9730119091303722,ok,True,True,-34.04181389837218,0.843744203402812,1.0,0.0,0.9804841750435145
991,1767151972175,5.39091723825982,5.430392524757242,5.3139696154158464,5.3139696154158464,5.3139696154158464,0.9817962646484375,0.9782825224412113,ok,True,True,-32.76929783809313,0.0394752864974226,1.0,0.0,0.9804841750435145
992,1767151972205,6.422592904360967,6.025712752519477,5.82436888999096,5.82436888999096,5.82436888999096,0.9796448945999146,0.9790999457364333,ok,True,True,-30.568585794771458,0.39688015184148995,1.0,0.0,0.9804841750435145
993,1767151972236,7.8962445065020255,7.148031804909007,6.886580898809041,6.886580898809041,6.886580898809041,0.9773176312446594,0.978030557041369,ok,True,True,-27.71089671219482,0.7482127015930189,1.0,0.0,0.9804841750435145
994,1767151972265,10.309947733803952,9.045181362245973,8.701177297401095,8.701177297401095,8.701177297401095,0.9756228923797607,0.9765859582444041,ok,True,True,-23.95089191766822,1.2647663715579789,1.0,0.0,0.9804841750435145
995,1767151972300,14.54247036068454,12.343554761309113,11.847939711127415,11.847939711127415,11.847939711127415,0.979243278503418,0.9781803503998124,ok,True,True,-18.533761263229458,2.198915599375427,1.0,0.0,0.9804841750435145
996,1767151972338,19.948530164300376,16.90654000310387,16.273018306918964,16.273018306918964,16.273018306918964,0.9763521552085876,0.9770834332850775,ok,True,True,-11.609294785875448,3.0419901611965052,1.0,0.0,0.9804841750435145
997,1767151972369,28.057792289823755,23.597291375135804,22.7366665955013,22.7366665955013,22.7366665955013,0.9747093915939331,0.9756590082703909,ok,True,True,-2.202564957920316,4.460500914687952,1.0,0.0,0.9804841750435145
998,1767151972419,37.72025490411812,32.07106949252519,31.02109640603765,31.02109640603765,31.02109640603765,0.978448212146759,0.9773325305962117,ok,True,True,9.27376408225334,5.649185411592931,1.0,0.0,0.9804841750435145
999,1767151972458,49.45379901841461,42.50070720805884,41.25400958770007,41.25400958770007,41.25400958770007,0.9582494497299194,0.9658826820764363,ok,True,True,22.900315361488005,6.953091810355765,1.0,0.0,0.9804841750435145
1000,1767151972488,55.98882540301284,50.59357812503124,49.636416587573386,49.636416587573386,49.636416587573386,0.9734072685241699,0.9703974339450765,ok,True,True,33.362203280169595,5.395247277981596,1.0,0.0,0.9804841750435145
1001,1767151972519,60.315207784792165,56.42655592088779,55.79284744508533,55.79284744508533,55.79284744508533,0.9720513224601746,0.9713897670541354,ok,True,True,40.28871128066043,3.8886518639043715,1.0,0.0,0.9804841750435145
1002,1767151972557,61.33091734966811,59.369172778155985,59.119914590163475,59.119914590163475,59.119914590163475,0.9752719402313232,0.9737190709604481,ok,True,True,43.01313252361715,1.9617445715121278,1.0,0.0,0.9804841750435145
1003,1767151972588,59.64151647686735,59.53257899738281,59.646541034511905,59.646541034511905,59.646541034511905,0.9733343124389648,0.9734882158475582,ok,True,True,41.76751408537968,0.10893747948454546,1.0,0.0,0.9804841750435145
1004,1767151972622,56.820602952946395,57.90539337072096,58.255100646645786,58.255100646645786,58.255100646645786,0.9635168313980103,0.9675053851778295,ok,True,True,37.94517252452891,1.0847904177745633,1.0,0.0,0.9804841750435145
1005,1767151972653,51.827288131147526,54.2585302269769,54.84573718467236,54.84573718467236,54.84573718467236,0.9760131239891052,0.9726100284645949,ok,True,True,31.526931573481118,2.4312420958293757,1.0,0.0,0.9804841750435145
1006,1767151972687,44.914587012995874,48.65216429858829,49.46069356077654,49.46069356077654,49.46069356077654,0.9772266149520874,0.9753799803570904,ok,True,True,22.68961186415227,3.7375772855924154,1.0,0.0,0.9804841750435145
1007,1767151972722,37.93021660676711,42.218995683495585,43.111625685803155,43.111625685803155,43.111625685803155,0.9710066318511963,0.9727559712535538,ok,True,True,12.933061196856501,4.288779076728474,1.0,0.0,0.9804841750435145
1008,1767151972764,30.040646424848184,34.91198612830715,35.87523210115535,35.87523210115535,35.87523210115535,0.9673174023628235,0.9694928299191156,ok,True,True,2.4046696854048513,4.871339703458965,1.0,0.0,0.9804841750435145
1009,1767151972802,14.380947211356629,22.593362778136836,24.084650242263976,24.084650242263976,24.084650242263976,0.9742465615272522,0.9723450688839976,ok,True,True,-13.895277286628602,8.212415566780207,1.0,0.0,0.9804841750435145
1010,1767151972834,9.581633738318201,14.786325354245655,15.772384498409092,15.772384498409092,15.772384498409092,0.9661125540733337,0.9686055599975993,ok,True,True,-24.673019437475546,5.204691615927453,1.0,0.0,0.9804841750435145
1011,1767151972873,6.696775346783302,9.932595349768242,10.49256428231049,10.49256428231049,10.49256428231049,0.97190260887146,0.9705837893219158,ok,True,True,-30.793545577462353,3.2358200029849398,1.0,0.0,0.9804841750435145
1012,1767151972906,5.58593586560805,7.324599659272128,7.563606220846224,7.563606220846224,7.563606220846224,0.9639880657196045,0.966626355160529,ok,True,True,-33.40591534072999,1.7386637936640774,1.0,0.0,0.9804841750435145
1013,1767151972944,4.3217172111438025,5.522870190395133,5.626352257630158,5.626352257630158,5.626352257630158,0.9790823459625244,0.9740999496417262,ok,True,True,-34.5369864782954,1.2011529792513302,1.0,0.0,0.9804841750435145
1014,1767151972974,4.780756989709851,5.077602269983964,5.010361324842114,5.010361324842114,5.010361324842114,0.9761219620704651,0.9753131570989696,ok,True,True,-33.80203505777697,0.2968452802741126,1.0,0.0,0.9804841750435145
1015,1767151973011,5.931787596107494,5.5901134656580815,5.399658639987342,5.399658639987342,5.399658639987342,0.9857004284858704,0.98154551993111,ok,True,True,-31.720341465041002,0.3416741304494124,1.0,0.0,0.9804841750435145
1016,1767151973041,8.766057930412666,7.495680144510832,7.143744302372699,7.143744302372699,7.143744302372699,0.9793806076049805,0.9802465725354323,ok,True,True,-27.873641413976646,1.2703777859018341,1.0,0.0,0.9804841750435145
1017,1767151973072,11.653835968967869,9.990573639185055,9.569153384500225,9.569153384500225,9.569153384500225,0.9801719188690186,0.980201780335584,ok,True,True,-23.267468580408263,1.663262329782814,1.0,0.0,0.9804841750435145
1018,1767151973107,17.113075878644448,14.264074982860691,13.653531754725286,13.653531754725286,13.653531754725286,0.9844151735305786,0.9827298162525808,ok,True,True,-16.594159455151114,2.8490008957837567,1.0,0.0,0.9804841750435145
1019,1767151973144,25.01495110833989,20.71460065814821,19.86480638750965,19.86480638750965,19.86480638750965,0.978541910648346,0.9802170728900399,ok,True,True,-7.305808361384079,4.300350450191679,1.0,0.0,0.9804841750435145
1020,1767151973177,34.891444539634385,29.220706987039915,28.149349465795467,28.149349465795467,28.149349465795467,0.9786367416381836,0.9792688741389262,ok,True,True,4.404255059952943,5.6707375525944705,1.0,0.0,0.9804841750435145
1021,1767151973227,45.499907272526656,38.98822715833196,37.79492383984156,37.79492383984156,37.79492383984156,0.9722495079040527,0.9750572543980021,ok,True,True,17.44720035442692,6.5116801141946965,1.0,0.0,0.9804841750435145
1022,1767151973263,53.57000704608873,47.737295090986024,46.69257016395046,46.69257016395046,46.69257016395046,0.9802862405776978,0.9781946461058195,ok,True,True,28.866166395966353,5.83271195510271,1.0,0.0,0.9804841750435145
1023,1767151973297,57.9433164316491,53.86090789538387,53.16826384311881,53.16826384311881,53.16826384311881,0.976537823677063,0.9772005526485656,ok,True,True,36.43684716275132,4.082408536265234,1.0,0.0,0.9804841750435145
1024,1767151973328,59.00475755428202,56.947217690722766,56.66101510843982,56.66101510843982,56.66101510843982,0.9714252948760986,0.9737353979850853,ok,True,True,39.56507497039373,2.0575398635592563,1.0,0.0,0.9804841750435145
1025,1767151973362,58.56405177964268,57.91731814407472,57.92429720420804,57.92429720420804,57.92429720420804,0.9568644762039185,0.9636128449163852,ok,True,True,39.48879302420682,0.646733635567962,1.0,0.0,0.9804841750435145
1026,1767151973395,57.00416139100627,57.36942409223366,57.578258211370766,57.578258211370766,57.578258211370766,0.9540942311286926,0.9579016766437697,ok,True,True,37.20621159723926,0.3652627012273868,1.0,0.0,0.9804841750435145
1027,1767151973427,52.16909373664245,54.24922587887893,54.75918222360569,54.75918222360569,54.75918222360569,0.9715521335601807,0.9660919507936163,ok,True,True,31.63232891060149,2.0801321422364794,1.0,0.0,0.9804841750435145
1028,1767151973463,45.9439465024254,49.26605825300681,49.99680503604569,49.99680503604569,49.99680503604569,0.9746448993682861,0.9712237199384182,ok,True,True,23.645180825447106,3.3221117505814135,1.0,0.0,0.9804841750435145
1029,1767151973510,38.32684605660587,42.70253093516625,43.60458370065,43.60458370065,43.60458370065,0.9687375426292419,0.9697320135529125,ok,True,True,13.785638250959497,4.375684878560378,1.0,0.0,0.9804841750435145
1030,1767151973544,21.771792255112686,30.144087727134114,31.697650697979416,31.697650697979416,31.697650697979416,0.9803467988967896,0.9761008847592387,ok,True,True,-3.1949873169720675,8.372295472021428,1.0,0.0,0.9804841750435145
1031,1767151973577,12.850874005281891,19.768159494022782,21.087680990866396,21.087680990866396,21.087680990866396,0.9551675915718079,0.9635409088467801,ok,True,True,-17.617512111410647,6.917285488740891,1.0,0.0,0.9804841750435145
1032,1767151973610,7.574071803017632,12.451706879419692,13.34999593263212,13.34999593263212,13.34999593263212,0.9706569910049438,0.9678105581416783,ok,True,True,-27.435916869135056,4.87763507640206,1.0,0.0,0.9804841750435145
1033,1767151973640,5.215474039555586,8.109967175501229,8.592720444118155,8.592720444118155,8.592720444118155,0.9814811944961548,0.9760129399543642,ok,True,True,-32.71246674185688,2.894493135945643,1.0,0.0,0.9804841750435145
1034,1767151973679,4.79461381838298,6.12075516123028,6.274944948250484,6.274944948250484,6.274944948250484,0.9841691851615906,0.9809066870787001,ok,True,True,-34.397779206767524,1.3261413428472997,1.0,0.0,0.9804841750435145
1035,1767151973709,4.576094331455977,5.193958663365699,5.186636574427898,5.186636574427898,5.186636574427898,0.9851406812667847,0.9834470835915508,ok,True,True,-34.31774791549631,0.6178643319097219,1.0,0.0,0.9804841750435145
1036,1767151973741,4.6364126296411605,4.859431043130975,4.768279933650059,4.768279933650059,4.768279933650059,0.9840752482414246,0.983823982381475,ok,True,True,-33.32145559310992,0.22301841348981455,1.0,0.0,0.9804841750435145
1037,1767151973772,5.752229304358896,5.395109999867728,5.2011888346497805,5.2011888346497805,5.2011888346497805,0.9783908724784851,0.980564116439681,ok,True,True,-31.20187450237931,0.35711930449116824,1.0,0.0,0.9804841750435145
1038,1767151973805,7.064829038777684,6.3969414232137005,6.147410158743251,6.147410158743251,6.147410158743251,0.9766005873680115,0.9781859989966794,ok,True,True,-28.474468501475645,0.6678876155639832,1.0,0.0,0.9804841750435145
1039,1767151973835,10.306183228295492,8.742486506262775,8.346928290757667,8.346928290757667,8.346928290757667,0.9771887063980103,0.9775876234374778,ok,True,True,-24.150970790818466,1.5636967220327165,1.0,0.0,0.9804841750435145
1040,1767151973871,16.38649757882825,13.32889314980206,12.683027240953813,12.683027240953813,12.683027240953813,0.9710432291030884,0.9736609868368442,ok,True,True,-17.09158062057221,3.057604429026192,1.0,0.0,0.9804841750435145
1041,1767151973910,23.809907032066654,19.617501479160815,18.779985470180783,18.779985470180783,18.779985470180783,0.97645503282547,0.9753374144300196,ok,True,True,-7.937432367476088,4.192405552905839,1.0,0.0,0.9804841750435145
1042,1767151973941,32.82110444606065,27.539663259300717,26.532498241731123,26.532498241731123,26.532498241731123,0.9643256664276123,0.9687303656285753,ok,True,True,3.070999456283877,5.281441186759935,1.0,0.0,0.9804841750435145
1043,1767151973979,43.18731693898098,36.928255467108876,35.77944723224214,35.77944723224214,35.77944723224214,0.9411464929580688,0.9521800420262714,ok,True,True,15.627608265654674,6.259061471872101,1.0,0.0,0.9804841750435145
1044,1767151974011,51.77610235090576,45.836963597387005,44.77261846848337,44.77261846848337,44.77261846848337,0.968863308429718,0.9621900018683394,ok,True,True,27.26102541586564,5.939138753518755,1.0,0.0,0.9804841750435145
1045,1767151974047,59.391800446581684,53.96986570690381,53.04481090807561,53.04481090807561,53.04481090807561,0.9740406274795532,0.9693003772350677,ok,True,True,37.371982913889084,5.421934739677873,1.0,0.0,0.9804841750435145
1046,1767151974080,63.5475099190797,59.71645223420934,59.11088612928808,59.11088612928808,59.11088612928808,0.9667033553123474,0.9677421640814355,ok,True,True,43.99089149839513,3.831057684870359,1.0,0.0,0.9804841750435145
1047,1767151974117,63.07452135445406,61.73129370635617,61.602494954743285,61.602494954743285,61.602494954743285,0.9729316234588623,0.9708558397078917,ok,True,True,45.39867696689493,1.3432276480978942,1.0,0.0,0.9804841750435145
1048,1767151974147,61.58173686859137,61.64155960369729,61.80609249775861,61.80609249775861,61.80609249775861,0.979890763759613,0.9762767941389245,ok,True,True,43.60031312835456,0.05982273510591796,1.0,0.0,0.9804841750435145
1049,1767151974180,58.65032505015795,59.84681887157369,60.227688803498296,60.227688803498296,60.227688803498296,0.9723467230796814,0.9739187515033787,ok,True,True,39.43736008076978,1.1964938214157357,1.0,0.0,0.9804841750435145
1050,1767151974211,52.69309566141023,55.55458494547561,56.22284861854599,56.22284861854599,56.22284861854599,0.9787557125091553,0.9768209281068446,ok,True,True,32.133159719400176,2.861489284065378,1.0,0.0,0.9804841750435145
1051,1767151974255,46.1028143822191,49.88352260752171,50.71057414880162,50.71057414880162,50.71057414880162,0.9662258625030518,0.9704638887445689,ok,True,True,23.093389326177284,3.780708225302611,1.0,0.0,0.9804841750435145
1052,1767151974291,37.313596351817885,42.34156685409942,43.361513937010784,43.361513937010784,43.361513937010784,0.9491351246833801,0.9576666303078556,ok,True,True,11.945248028371728,5.0279705022815335,1.0,0.0,0.9804841750435145
1053,1767151974335,28.69814904515457,34.155516168732504,35.22740327992505,35.22740327992505,35.22740327992505,0.9536958336830139,0.9552841523329506,ok,True,True,0.2293961267594291,5.457367123577935,1.0,0.0,0.9804841750435145
1054,1767151974369,17.946721312990597,24.43023925528736,25.636125232057797,25.636125232057797,25.636125232057797,0.9668501019477844,0.9622237221018508,ok,True,True,-12.951079099176656,6.483517942296764,1.0,0.0,0.9804841750435145
1055,1767151974409,10.481942530515703,16.061261220424367,17.08169651838607,17.08169651838607,17.08169651838607,0.9667555689811707,0.9649428302294427,ok,True,True,-24.10455664477002,5.579318689908664,1.0,0.0,0.9804841750435145
1056,1767151974442,6.437616442374885,10.287074353594678,10.955723561579223,10.955723561579223,10.955723561579223,0.9716243147850037,0.9689517209627793,ok,True,True,-31.412970947990527,3.849457911219792,1.0,0.0,0.9804841750435145
1057,1767151974476,6.813635942971902,8.203011307221011,8.39336865363437,8.39336865363437,8.39336865363437,0.9629350304603577,0.9653417066613263,ok,True,True,-33.493599081005016,1.3893753642491093,1.0,0.0,0.9804841750435145
1058,1767151974508,5.412389287999682,6.528638095688214,6.612150624079455,6.612150624079455,6.612150624079455,0.9712800979614258,0.968904741441386,ok,True,True,-34.40640081576272,1.1162488076885317,1.0,0.0,0.9804841750435145
1059,1767151974540,5.370623392534056,5.833829273795719,5.792695767794619,5.792695767794619,5.792695767794619,0.9790624976158142,0.974999395146043,ok,True,True,-33.956806768525034,0.46320588126166307,1.0,0.0,0.9804841750435145
1060,1767151974573,6.017658553056978,5.944126841352475,5.80089960297767,5.80089960297767,5.80089960297767,0.9834871292114258,0.9800920355852727,ok,True,True,-32.39131624666474,0.07353171170450334,1.0,0.0,0.9804841750435145
1061,1767151974611,7.311625422043048,6.764625989766818,6.536565356762555,6.536565356762555,6.536565356762555,0.9816285371780396,0.9810139365409328,ok,True,True,-29.898586767071293,0.5469994322762295,1.0,0.0,0.9804841750435145
1062,1767151974642,11.307403757466357,9.490292650386543,9.049408671401498,9.049408671401498,9.049408671401498,0.9851202964782715,0.983477752503336,ok,True,True,-25.07967314300916,1.817111107079814,1.0,0.0,0.9804841750435145
1063,1767151974851,15.37462148750061,13.020889952654983,12.48434550434003,12.48434550434003,12.48434550434003,0.9746994972229004,0.9782107993350747,ok,True,True,-19.215179364278473,2.353731534845627,1.0,0.0,0.9804841750435145
1064,1767151974877,20.687591679329362,17.62091098865961,16.976152857632123,16.976152857632123,16.976152857632123,0.9834203720092773,0.9813365429395963,ok,True,True,-12.167897335600859,3.0666806906697524,1.0,0.0,0.9804841750435145
1065,1767151974909,28.383189249171117,24.078277944966516,23.240368180474988,23.240368180474988,23.240368180474988,0.9774641990661621,0.9790131366155357,ok,True,True,-3.0094452885604532,4.304911304204602,1.0,0.0,0.9804841750435145
1066,1767151974935,38.35654829243446,32.64524015344728,31.584400500412553,31.584400500412553,31.584400500412553,0.9558922052383423,0.9651405777892197,ok,True,True,8.585656599067454,5.711308138987178,1.0,0.0,0.9804841750435145
1067,1767151974967,62.40454282600783,50.500821756983605,48.42156861029308,48.42156861029308,48.42156861029308,0.9672130942344666,0.9663840876563677,ok,True,True,31.312137473984684,11.903721069024222,1.0,0.0,0.9804841750435145
1068,1767151974994,61.41767914379899,57.050936189072836,56.20433139365268,56.20433139365268,56.20433139365268,0.976499080657959,0.9724530834573225,ok,True,True,40.565627229358384,4.366742954726156,1.0,0.0,0.9804841750435145
1069,1767151975024,57.081417090311206,57.06922472981586,57.123609883998995,57.123609883998995,57.123609883998995,0.9592527747154236,0.9645328982121831,ok,True,True,39.97119111252972,0.012192360495347998,1.0,0.0,0.9804841750435145
1070,1767151975052,51.07146738243507,53.470570321387385,54.0269742590392,54.0269742590392,54.0269742590392,0.966608464717865,0.9657782381155923,ok,True,True,33.889630785015314,2.3991029389523177,1.0,0.0,0.9804841750435145
1071,1767151975095,41.826341871944315,46.48403325172154,47.45195037297502,47.45195037297502,47.45195037297502,0.959373950958252,0.9619356658211882,ok,True,True,23.310183073376862,4.657691379777226,1.0,0.0,0.9804841750435145
1072,1767151975128,31.337107637942147,37.395877883453906,38.604918753176435,38.604918753176435,38.604918753176435,0.9471606016159058,0.9530706272980187,ok,True,True,10.095224497276178,6.058770245511759,1.0,0.0,0.9804841750435145
1073,1767151975178,21.756343414186357,28.01215720189338,29.231933540332648,29.231933540332648,29.231933540332648,0.953789234161377,0.9535017914160336,ok,True,True,-3.237074011608815,6.255813787707023,1.0,0.0,0.9804841750435145
1074,1767151975212,12.428904548135037,18.662205609638377,19.82981225534524,19.82981225534524,19.82981225534524,0.9621551632881165,0.9586938145392834,ok,True,True,-15.99915165728602,6.23330106150334,1.0,0.0,0.9804841750435145
1075,1767151975306,7.587940126364069,12.017646319673792,12.830013756571038,12.830013756571038,12.830013756571038,0.9805846810340881,0.9718283344361662,ok,True,True,-24.878423066559332,4.429706193309723,1.0,0.0,0.9804841750435145
1076,1767151975342,7.306780417243608,9.191126778215683,9.504696804154051,9.504696804154051,9.504696804154051,0.9772696495056152,0.9750931234778357,ok,True,True,-28.305780244678008,1.8843463609720743,1.0,0.0,0.9804841750435145
1077,1767151975375,5.4931336206536745,6.972330883678477,7.1496555816517064,7.1496555816517064,7.1496555816517064,0.9834356307983398,0.9800986278701382,ok,True,True,-30.243960000978205,1.479197263024803,1.0,0.0,0.9804841750435145
1078,1767151975415,5.2155315129221265,5.9182512612246665,5.9431698804466135,5.9431698804466135,5.9431698804466135,0.9768244624137878,0.9781341285963281,ok,True,True,-30.51632343304914,0.70271974830254,1.0,0.0,0.9804841750435145
1079,1767151975446,6.260270875238131,6.123463029632745,5.989813930618096,5.989813930618096,5.989813930618096,0.9856771230697632,0.9826599252803891,ok,True,True,-29.055523098303556,0.13680784560538584,1.0,0.0,0.9804841750435145
1080,1767151975474,8.98867526837407,7.84259037287754,7.5277159282685355,7.5277159282685355,7.5277159282685355,0.9830662608146667,0.9829037266009557,ok,True,True,-25.613908471053076,1.1460848954965304,1.0,0.0,0.9804841750435145
1081,1767151975507,12.631388965796994,10.715869528629213,10.264761991087607,10.264761991087607,10.264761991087607,0.9871274828910828,0.9854379803750319,ok,True,True,-20.683250152325417,1.9155194371677808,1.0,0.0,0.9804841750435145
1082,1767151975541,26.428025782146328,20.14316328073948,18.96372440409256,18.96372440409256,18.96372440409256,0.9587104320526123,0.9694014513815801,ok,True,True,-7.791844834067819,6.284862501406849,1.0,0.0,0.9804841750435145
1083,1767151975575,38.41445845656156,31.10594038623273,29.72180408500114,29.72180408500114,29.72180408500114,0.9635946750640869,0.9659173855910842,ok,True,True,7.336927354295428,7.30851807032883,1.0,0.0,0.9804841750435145
1084,1767151975607,49.61485088613687,42.211286686175214,40.844675467289115,40.844675467289115,40.844675467289115,0.9647387862205505,0.965210225968764,ok,True,True,22.274148336212214,7.403564199961657,1.0,0.0,0.9804841750435145
1085,1767151975645,60.47739762517196,53.17095324957326,51.878126379641614,51.878126379641614,51.878126379641614,0.9577470421791077,0.9607323156949703,ok,True,True,36.40489772612942,7.306444375598701,1.0,0.0,0.9804841750435145
1086,1767151975678,67.27777854309177,61.63504842568436,60.68154749286643,60.68154749286643,60.68154749286643,0.976399302482605,0.9701325077675511,ok,True,True,46.82677480655768,5.64273011740741,1.0,0.0,0.9804841750435145
1087,1767151975711,68.05260573411948,65.48558281074543,65.12362732526908,65.12362732526908,65.12362732526908,0.9795888066291809,0.975806287084529,ok,True,True,50.78299073502336,2.5670229233740542,1.0,0.0,0.9804841750435145
1088,1767151975751,66.02571550565105,65.8096624276888,65.92202007582085,65.92202007582085,65.92202007582085,0.9558829665184021,0.9638522947448529,ok,True,True,49.55490845678417,0.21605307796224338,1.0,0.0,0.9804841750435145
1089,1767151975789,64.22342544628968,64.85792023884933,65.16103541383313,65.16103541383313,65.16103541383313,0.9753156304359436,0.9707302961595073,ok,True,True,46.24182402638133,0.63449479255965,1.0,0.0,0.9804841750435145
1090,1767151975828,58.485255794114444,61.034321572008395,61.66691868084052,61.66691868084052,61.66691868084052,0.9750653505325317,0.973331328783322,ok,True,True,39.32746339728521,2.5490657778939507,1.0,0.0,0.9804841750435145
1091,1767151975866,49.56596978789342,54.15331050153941,55.138183788384126,55.138183788384126,55.138183788384126,0.9819097518920898,0.9784783826485827,ok,True,True,28.56268280608157,4.587340713645986,1.0,0.0,0.9804841750435145
1092,1767151975906,38.66897351295343,44.86270830838782,46.115776374369446,46.115776374369446,46.115776374369446,0.9598420262336731,0.9672965687996369,ok,True,True,14.866501808674874,6.193734795434395,1.0,0.0,0.9804841750435145
1093,1767151975939,27.43534998284389,34.40629331306147,35.768453084640186,35.768453084640186,35.768453084640186,0.9503276944160461,0.9571152441694823,ok,True,True,-0.022064331835057516,6.97094333021758,1.0,0.0,0.9804841750435145
1094,1767151975971,18.37635196989742,24.78832850716304,26.013698565497734,26.013698565497734,26.013698565497734,0.9623810648918152,0.9602747366028821,ok,True,True,-13.415502855549628,6.41197653726562,1.0,0.0,0.9804841750435145
1095,1767151976006,11.473174188581677,16.799235916014222,17.777720361080114,17.777720361080114,17.777720361080114,0.9696279168128967,0.9658866447288909,ok,True,True,-24.11045265643778,5.3260617274325455,1.0,0.0,0.9804841750435145
1096,1767151976040,9.915760902043203,12.669150907631611,13.149603912984126,13.149603912984126,13.149603912984126,0.9800293445587158,0.9743722646267858,ok,True,True,-29.36186038176445,2.7533900055884075,1.0,0.0,0.9804841750435145
1097,1767151976072,8.233044181771202,10.007486872115365,10.248934852382657,10.248934852382657,10.248934852382657,0.9801331162452698,0.9778287755978763,ok,True,True,-32.00091513782717,1.7744426903441628,1.0,0.0,0.9804841750435145
1098,1767151976104,8.52563534349674,9.11837595494419,9.125503332107035,9.125503332107035,9.125503332107035,0.982801616191864,0.980812479954269,ok,True,True,-32.07881820655046,0.59274061144745,1.0,0.0,0.9804841750435145
1099,1767151976136,9.289209249355633,9.220875931591056,9.09089169542548,9.09089169542548,9.09089169542548,0.9665884375572205,0.9722780545160399,ok,True,True,-30.65807525278382,0.0683333177645764,1.0,0.0,0.9804841750435145
1100,1767151976175,12.634475285580265,11.269035543984582,10.911886179737088,10.911886179737088,10.911886179737088,0.9870777130126953,0.9811578496140332,ok,True,True,-26.75439079330439,1.365439741595683,1.0,0.0,0.9804841750435145
1101,1767151976206,17.040038724443658,14.731637452260028,14.205796736768491,14.205796736768491,14.205796736768491,0.9821186661720276,0.9817343395488298,ok,True,True,-21.00689007032009,2.3084012721836302,1.0,0.0,0.9804841750435145
1102,1767151976238,24.461712482012512,20.56968247011152,19.78128200228742,19.78128200228742,19.78128200228742,0.9800391793251038,0.9807172434145942,ok,True,True,-12.389580445323766,3.8920300119009923,1.0,0.0,0.9804841750435145
1103,1767151976276,31.2585128091968,26.982980673562686,26.13313315169615,26.13313315169615,26.13313315169615,0.9744513630867004,0.9769577152178579,ok,True,True,-3.1006473093864013,4.275532135634116,1.0,0.0,0.9804841750435145
1104,1767151976308,39.91273164892895,34.74083125878244,33.768622017711756,33.768622017711756,33.768622017711756,0.9804040789604187,0.9790255334633944,ok,True,True,7.525713775495641,5.171900390146504,1.0,0.0,0.9804841750435145
1105,1767151976343,46.6308739266647,41.874856859511794,40.998146455810485,40.998146455810485,40.998146455810485,0.9732910394668579,0.9755848370654725,ok,True,True,17.108261362003745,4.756017067152904,1.0,0.0,0.9804841750435145
1106,1767151976391,53.34826905063541,48.75890417418596,47.95640034779521,47.95640034779521,47.95640034779521,0.9690992832183838,0.9716935047572193,ok,True,True,25.87972235103542,4.5893648764494515,1.0,0.0,0.9804841750435145
1107,1767151976423,58.50463581331219,54.6063431576617,53.960445086145924,53.960445086145924,53.960445086145924,0.9744898080825806,0.973371286752436,ok,True,True,32.93946406301171,3.8982926556504935,1.0,0.0,0.9804841750435145
1108,1767151976461,63.351623443896706,59.85351132940271,59.318349268969214,59.318349268969214,59.318349268969214,0.9761894345283508,0.9750621754179849,ok,True,True,38.78884817998733,3.498112114493999,1.0,0.0,0.9804841750435145
1109,1767151976495,66.01769222368186,63.552019865970195,63.223817930952606,63.223817930952606,63.223817930952606,0.9657400846481323,0.9694689209560734,ok,True,True,42.376133841264355,2.465672357711668,1.0,0.0,0.9804841750435145
1110,1767151976528,64.8775643149171,64.34734653533835,64.379601809761,64.379601809761,64.379601809761,0.9774599671363831,0.9742635486642592,ok,True,True,42.02357990695949,0.5302177795787486,1.0,0.0,0.9804841750435145
1111,1767151976578,63.648404414043114,63.927981262561204,64.1347216826683,64.1347216826683,64.1347216826683,0.9642220735549927,0.9682386635986993,ok,True,True,39.7638828560666,0.27957684851809006,1.0,0.0,0.9804841750435145
1112,1767151976611,57.142741172410865,59.856837208471,60.48220660444994,60.48220660444994,60.48220660444994,0.974319577217102,0.971887211769741,ok,True,True,32.92852197656266,2.714096036060134,1.0,0.0,0.9804841750435145
1113,1767151976656,46.2230831490436,51.676584772814564,52.781849621684096,52.781849621684096,52.781849621684096,0.9494467973709106,0.9584229631304428,ok,True,True,20.847847485564635,5.453501623770961,1.0,0.0,0.9804841750435145
1114,1767151976697,36.83052121136424,42.768946635944374,43.964009099454884,43.964009099454884,43.964009099454884,0.9213348031044006,0.9361700671148174,ok,True,True,7.785674529601128,5.938425424580132,1.0,0.0,0.9804841750435145
1115,1767151976749,25.21061918473004,32.233950165215774,33.57206414849776,33.57206414849776,33.57206414849776,0.9459480047225952,0.9420368296794841,ok,True,True,-6.840068323269348,7.023330980485735,1.0,0.0,0.9804841750435145
1116,1767151976785,15.552053264687176,22.224812024898615,23.465791437217135,23.465791437217135,23.465791437217135,0.9708051085472107,0.95929779700012,ok,True,True,-20.404118917643906,6.672758760211439,1.0,0.0,0.9804841750435145
1117,1767151976823,9.14215789372284,14.37521954619315,15.313877848140242,15.313877848140242,15.313877848140242,0.9567120671272278,0.9577463590763846,ok,True,True,-30.663764301005166,5.23306165247031,1.0,0.0,0.9804841750435145
1118,1767151976852,8.132632463086745,10.629667296329307,11.038379416953354,11.038379416953354,11.038379416953354,0.9673235416412354,0.963492668615295,ok,True,True,-35.13103573810439,2.4970348332425623,1.0,0.0,0.9804841750435145
1119,1767151976883,5.370939496050034,7.474430616161744,7.741495156780815,7.741495156780815,7.741495156780815,0.9818969964981079,0.9745352653449827,ok,True,True,-38.050082504684184,2.10349112011171,1.0,0.0,0.9804841750435145
1120,1767151976921,4.076880669677499,5.435900648271197,5.551665323812581,5.551665323812581,5.551665323812581,0.9836016893386841,0.9799751197412034,ok,True,True,-39.315403992291316,1.3590199785936976,1.0,0.0,0.9804841750435145
1121,1767151976957,6.254649979990382,5.927150247302707,5.738982041711839,5.738982041711839,5.738982041711839,0.9848995804786682,0.9829297961836823,ok,True,True,-37.258703425342574,0.3274997326876745,1.0,0.0,0.9804841750435145
1122,1767151976988,8.710055882054741,7.596893628153927,7.2509284886054175,7.2509284886054175,7.2509284886054175,0.9845808744430542,0.9839204431393054,ok,True,True,-33.477263854190866,1.1131622539008141,1.0,0.0,0.9804841750435145
1123,1767151977021,11.70444126820756,10.061422212186105,9.623210574024949,9.623210574024949,9.623210574024949,0.9846466183662415,0.984356148275467,ok,True,True,-28.687559228908917,1.6430190560214548,1.0,0.0,0.9804841750435145
1124,1767151977052,19.332369696283486,15.623990702644534,14.84754141604608,14.84754141604608,14.84754141604608,0.981416642665863,0.9825924449097047,ok,True,True,-20.200877417072135,3.708378993638952,1.0,0.0,0.9804841750435145
1125,1767151977082,27.842428090719874,22.955053135489734,21.975051392634853,21.975051392634853,21.975051392634853,0.978814423084259,0.9803256318144373,ok,True,True,-9.489343373309088,4.88737495523014,1.0,0.0,0.9804841750435145
1126,1767151977113,36.19715321740485,30.900313184638804,29.868894493252547,29.868894493252547,29.868894493252547,0.9624204635620117,0.969582530862982,ok,True,True,1.7841839512167095,5.296840032766049,1.0,0.0,0.9804841750435145
1127,1767151977145,46.66624303643427,40.35987109571609,39.19564854118181,39.19564854118181,39.19564854118181,0.9735643863677979,0.9719716441658715,ok,True,True,14.50927308328504,6.306371940718179,1.0,0.0,0.9804841750435145
1128,1767151977186,54.213059302310334,48.671784019672636,47.668164271451055,47.668164271451055,47.668164271451055,0.9730401635169983,0.9726127557765476,ok,True,True,25.478954697065838,5.541275282637699,1.0,0.0,0.9804841750435145
1129,1767151977220,60.6528523185495,55.86042499899875,55.04090344058176,55.04090344058176,55.04090344058176,0.9597358703613281,0.9648866245274159,ok,True,True,34.436421494021616,4.792427319550747,1.0,0.0,0.9804841750435145
1130,1767151977255,65.18973090528664,61.45800854277148,60.869929394264155,60.869929394264155,60.869929394264155,0.9670175313949585,0.9661651686479414,ok,True,True,40.864195592986846,3.731722362515157,1.0,0.0,0.9804841750435145
1131,1767151977288,66.87739033508122,64.70963761815733,64.43312513905074,64.43312513905074,64.43312513905074,0.9733039140701294,0.9704484159012543,ok,True,True,43.886509435865555,2.1677527169238857,1.0,0.0,0.9804841750435145
1132,1767151977320,66.68456719033486,65.89459536146384,65.8947531087856,65.8947531087856,65.8947531087856,0.9417303204536438,0.953217558632688,ok,True,True,43.88478523912854,0.7899718288710176,1.0,0.0,0.9804841750435145
1133,1767151977365,65.23856027750021,65.50097431108567,65.70818330264146,65.70818330264146,65.70818330264146,0.9680272340774536,0.9621033638995473,ok,True,True,41.61996664731879,0.2624140335854577,1.0,0.0,0.9804841750435145
1134,1767151977401,61.575627449728024,63.14576619427109,63.58658348591402,63.58658348591402,63.58658348591402,0.9355202317237854,0.9461534845940902,ok,True,True,36.80178192373114,1.5701387445430655,1.0,0.0,0.9804841750435145
1135,1767151977438,53.98109104761265,57.646961106276024,58.446771435502846,58.446771435502846,58.446771435502846,0.9702603220939636,0.9606175870940142,ok,True,True,28.059761174758826,3.665870058663373,1.0,0.0,0.9804841750435145
1136,1767151977476,44.44970219305256,49.72860575834194,50.805997112558245,50.805997112558245,50.805997112558245,0.9365204572677612,0.9461593091982624,ok,True,True,16.283747251023616,5.278903565289383,1.0,0.0,0.9804841750435145
1137,1767151977510,34.054586344098574,40.324194109795926,41.55460938865869,41.55460938865869,41.55460938865869,0.8999865651130676,0.9184556627471456,ok,True,True,2.8351638749262094,6.2696077656973515,1.0,0.0,0.9804841750435145
1138,1767151977543,21.96397169815377,29.308060662810632,30.68540125556091,30.68540125556091,30.68540125556091,0.9359751343727112,0.928967345722485,ok,True,True,-12.219330422321251,7.344088964656862,1.0,0.0,0.9804841750435145
1139,1767151977580,13.322385504387421,19.716655567756707,20.89537923850613,20.89537923850613,20.89537923850613,0.9582792520523071,0.9465544895203782,ok,True,True,-25.102918456196242,6.3942700633692855,1.0,0.0,0.9804841750435145
1140,1767151977610,6.768634296969997,11.94784280528468,12.853056898928617,12.853056898928617,12.853056898928617,0.975018322467804,0.9636327892888337,ok,True,True,-34.997014718428055,5.179208508314683,1.0,0.0,0.9804841750435145
1141,1767151977650,7.14545267736194,9.066408728531036,9.358826530169715,9.358826530169715,9.358826530169715,0.9699832201004028,0.9674430477757752,ok,True,True,-38.19317560292853,1.920956051169096,1.0,0.0,0.9804841750435145
1142,1767151977679,6.96983705855808,7.8084657265472615,7.8394091525797265,7.8394091525797265,7.8394091525797265,0.9831017255783081,0.9768382544572949,ok,True,True,-38.53139088039512,0.8386286679891812,1.0,0.0,0.9804841750435145
1143,1767151977713,7.554703278493186,7.656208257714816,7.533309659300922,7.533309659300922,7.533309659300922,0.9828329086303711,0.9804350469611407,ok,True,True,-37.18809477869,0.10150497922163026,1.0,0.0,0.9804841750435145
1144,1767151977746,9.801607301418702,8.943447683937148,8.647719617500988,8.647719617500988,8.647719617500988,0.9736300706863403,0.9763520611962604,ok,True,True,-33.95575231152337,0.8581596174815544,1.0,0.0,0.9804841750435145
1145,1767151977779,11.638260686635155,10.560335485555951,10.220552680677077,10.220552680677077,10.220552680677077,0.9765946865081787,0.9764976363834115,ok,True,True,-30.241886383751936,1.0779252010792035,1.0,0.0,0.9804841750435145
1146,1767151977808,16.87111875284187,14.346805445927501,13.773782975924206,13.773782975924206,13.773782975924206,0.9847351908683777,0.9814401690743912,ok,True,True,-23.97868354760109,2.524313306914369,1.0,0.0,0.9804841750435145
1147,1767151977839,23.136865173183757,19.620841282281255,18.87906635601963,18.87906635601963,18.87906635601963,0.9654721617698669,0.9718593646916767,ok,True,True,-15.870996562969104,3.5160238909025026,1.0,0.0,0.9804841750435145
1148,1767151977874,32.792166606007065,27.523636476516742,26.499803660606393,26.499803660606393,26.499803660606393,0.9700722098350525,0.9707870717777022,ok,True,True,-4.680383747528973,5.268530129490323,1.0,0.0,0.9804841750435145
1149,1767151977905,41.2142447709419,35.73800145317184,34.68954745751457,34.68954745751457,34.68954745751457,0.9669939279556274,0.9685111854844574,ok,True,True,6.779341451618146,5.476243317770063,1.0,0.0,0.9804841750435145
1150,1767151977939,50.42259882151948,44.54875987418042,43.47362929518684,43.47362929518684,43.47362929518684,0.9583505988121033,0.962414833481045,ok,True,True,18.530644836887497,5.87383894733906,1.0,0.0,0.9804841750435145
1151,1767151977972,59.22139191478647,53.35233909854405,52.31874984082188,52.31874984082188,52.31874984082188,0.9603215456008911,0.9611588607529526,ok,True,True,29.827896706161233,5.869052816242423,1.0,0.0,0.9804841750435145
1152,1767151978009,65.66576555833899,60.740394974421015,59.911451640532555,59.911451640532555,59.911451640532555,0.9745680093765259,0.9692043499270966,ok,True,True,38.88834461458042,4.925370583917974,1.0,0.0,0.9804841750435145
1153,1767151978041,67.66308573972188,64.89400943360154,64.48259704484774,64.48259704484774,64.48259704484774,0.9791778326034546,0.9751884395329113,ok,True,True,43.38513029918997,2.76907630612034,1.0,0.0,0.9804841750435145
1154,1767151978072,66.23989000606751,65.70153777708111,65.7268981296617,65.7268981296617,65.7268981296617,0.9762866497039795,0.9758473656355522,ok,True,True,43.10793866967556,0.5383522289863976,1.0,0.0,0.9804841750435145
1155,1767151978117,63.288471708741035,64.25369813607706,64.5784874032295,64.5784874032295,64.5784874032295,0.9565181136131287,0.9642498144220981,ok,True,True,39.55795386861034,0.9652264273360274,1.0,0.0,0.9804841750435145
1156,1767151978150,59.00841860773071,61.106530419069244,61.6411870519235,61.6411870519235,61.6411870519235,0.9628757834434509,0.9634253958349098,ok,True,True,33.71409413438319,2.0981118113385335,1.0,0.0,0.9804841750435145
1157,1767151978192,51.957034256114696,55.61683272129652,56.41461282131024,56.41461282131024,56.41461282131024,0.9593973159790039,0.9610085479213663,ok,True,True,24.99426402893907,3.6597984651818223,1.0,0.0,0.9804841750435145
1158,1767151978235,34.472624622973996,42.93030786230301,44.5282265461693,44.5282265461693,44.5282265461693,0.9517909288406372,0.9554779764729289,ok,True,True,7.528825312945525,8.457683239329015,1.0,0.0,0.9804841750435145
1159,1767151978267,24.880199053146956,32.10024257680938,33.51529392476059,33.51529392476059,33.51529392476059,0.9444865584373474,0.94888312565158,ok,True,True,-7.937851963664853,7.220043523662422,1.0,0.0,0.9804841750435145
1160,1767151978300,16.743004871484466,22.885899953614434,24.04267781477827,24.04267781477827,24.04267781477827,0.9571671485900879,0.9538535394146848,ok,True,True,-20.581569723626707,6.142895082129968,1.0,0.0,0.9804841750435145
1161,1767151978333,10.28547557433063,15.325645326044151,16.22195408633953,16.22195408633953,16.22195408633953,0.9752586483955383,0.9666966048031969,ok,True,True,-30.37832964739827,5.040169751713522,1.0,0.0,0.9804841750435145
1162,1767151978367,7.261899465311441,10.487397809604525,11.014397109933574,11.014397109933574,11.014397109933574,0.9514674544334412,0.9575591145813435,ok,True,True,-36.13849383860605,3.2254983442930847,1.0,0.0,0.9804841750435145
1163,1767151978404,6.288886864439086,7.968291242505262,8.173813240179776,8.173813240179776,8.173813240179776,0.963670015335083,0.9612256550335871,ok,True,True,-38.38487338933991,1.6794043780661756,1.0,0.0,0.9804841750435145
1164,1767151978445,5.885452568001829,6.718588037803202,6.7382005655156085,6.7382005655156085,6.7382005655156085,0.9724209308624268,0.9679428205308909,ok,True,True,-38.59924061858962,0.8331354698013733,1.0,0.0,0.9804841750435145
1165,1767151978476,5.80835204678656,6.172446443193216,6.091990816650562,6.091990816650562,6.091990816650562,0.9722384810447693,0.970520216839218,ok,True,True,-37.719851179736814,0.36409439640665653,1.0,0.0,0.9804841750435145
1166,1767151978513,6.808630012746147,6.554156584924975,6.36225003924763,6.36225003924763,6.36225003924763,0.9612544775009155,0.9649607732362365,ok,True,True,-35.62229011698241,0.2544734278211722,1.0,0.0,0.9804841750435145
1167,1767151978542,8.43053416388071,7.679983132298416,7.400393174560236,7.400393174560236,7.400393174560236,0.9674299359321594,0.9664422708537903,ok,True,True,-32.5663390715461,0.7505510315822939,1.0,0.0,0.9804841750435145
1168,1767151978577,10.344782341264688,9.278862657678179,8.94805972131207,8.94805972131207,8.94805972131207,0.9747259020805359,0.9714124495898376,ok,True,True,-28.950624160325738,1.0659196835865092,1.0,0.0,0.9804841750435145
1169,1767151978606,15.580209466955802,13.059670743244753,12.49308615626841,12.49308615626841,12.49308615626841,0.9839930534362793,0.9789608118977027,ok,True,True,-22.75778814108692,2.5205387237110486,1.0,0.0,0.9804841750435145
1170,1767151978641,23.348821201651734,19.23316101828894,18.39626172306332,18.39626172306332,18.39626172306332,0.9753525853157043,0.9767958759485037,ok,True,True,-13.610380641692316,4.115660183362795,1.0,0.0,0.9804841750435145
1171,1767151978677,29.896008950610128,25.630869777681653,24.77280772106926,24.77280772106926,24.77280772106926,0.9813652038574219,0.9795374726938546,ok,True,True,-4.231661677081242,4.265139172928475,1.0,0.0,0.9804841750435145
1172,1767151978709,38.41620564690442,33.302071299215314,32.33440823870095,32.33440823870095,32.33440823870095,0.9699583053588867,0.9737899722928739,ok,True,True,6.345009120866884,5.1141343476891095,1.0,0.0,0.9804841750435145
1173,1767151978744,47.72068965035911,41.95324230990159,40.90332368307048,40.90332368307048,40.90332368307048,0.9571882486343384,0.9638289380977526,ok,True,True,17.82074291060531,5.767447340457522,1.0,0.0,0.9804841750435145
1174,1767151978776,53.89928345767764,49.12086699856722,48.270033560779666,48.270033560779666,48.270033560779666,0.9690790772438049,0.9669790215853841,ok,True,True,27.12045222324773,4.778416459110417,1.0,0.0,0.9804841750435145
1175,1767151978809,66.24312000926713,59.39421880498717,58.25358243590075,58.25358243590075,58.25358243590075,0.963818371295929,0.965082631411711,ok,True,True,39.58774158074497,6.8489012042799615,1.0,0.0,0.9804841750435145
1176,1767151978844,66.71015433311908,63.783780121866315,63.31384952367842,63.31384952367842,63.31384952367842,0.9594080448150635,0.9616778794537225,ok,True,True,44.7241381610528,2.9263742112527638,1.0,0.0,0.9804841750435145
1177,1767151978879,65.71738813616646,64.9439449304464,64.92839918597139,64.92839918597139,64.92839918597139,0.9684736728668213,0.9657553555015818,ok,True,True,44.894054972317505,0.7734432057200564,1.0,0.0,0.9804841750435145
1178,1767151978908,64.41976021373169,64.62943410041757,64.8298159737939,64.8298159737939,64.8298159737939,0.9800410866737366,0.9743267942048747,ok,True,True,42.70385758330997,0.20967388668587716,1.0,0.0,0.9804841750435145
1179,1767151978947,57.42936659868941,60.30939359938067,60.972769109413775,60.972769109413775,60.972769109413775,0.9692469835281372,0.9712789077988322,ok,True,True,35.45308541751956,2.880027000691257,1.0,0.0,0.9804841750435145
1180,1767151978986,47.945680638358674,52.891165822767476,53.92501748481139,53.92501748481139,53.92501748481139,0.974211573600769,0.9730385072799943,ok,True,True,24.15296543821841,4.945485184408803,1.0,0.0,0.9804841750435145
1181,1767151979031,38.5875452472376,44.30899347744955,45.47205745169257,45.47205745169257,45.47205745169257,0.9549740552902222,0.962199836086131,ok,True,True,11.440539724682381,5.721448230211948,1.0,0.0,0.9804841750435145
1182,1767151979067,30.08754469194595,35.77612420614739,36.900813628194754,36.900813628194754,36.900813628194754,0.9351357221603394,0.9459613677306561,ok,True,True,-0.8524476304476991,5.688579514201436,1.0,0.0,0.9804841750435145
1183,1767151979101,21.743486622091048,27.356541655713585,28.418572175291953,28.418572175291953,28.418572175291953,0.9605873227119446,0.9547369407194292,ok,True,True,-12.460565829135003,5.613055033622537,1.0,0.0,0.9804841750435145
1184,1767151979140,14.820428803288644,19.83487394425862,20.746513614607213,20.746513614607213,20.746513614607213,0.9761781692504883,0.9676016778380646,ok,True,True,-22.424894398732114,5.014445140969977,1.0,0.0,0.9804841750435145
1185,1767151979171,9.406225023633894,13.577684591883784,14.294346380716366,14.294346380716366,14.294346380716366,0.977258026599884,0.9733954870951563,ok,True,True,-30.258091844464662,4.17145956824989,1.0,0.0,0.9804841750435145
1186,1767151979206,8.329886804393436,10.429005919389574,10.747836087670471,10.747836087670471,10.747836087670471,0.9660010933876038,0.9689588508706248,ok,True,True,-33.74294299561741,2.099119114996139,1.0,0.0,0.9804841750435145
1187,1767151979237,6.998677193888548,8.37080868408896,8.510569205069197,8.510569205069197,8.510569205069197,0.9687724113464355,0.9688469871561113,ok,True,True,-35.2705418895671,1.3721314902004123,1.0,0.0,0.9804841750435145
1188,1767151979270,6.024440410308862,6.962987719820902,7.0044937767571325,7.0044937767571325,7.0044937767571325,0.9830031991004944,0.977340714322741,ok,True,True,-35.72420796224126,0.9385473095120398,1.0,0.0,0.9804841750435145
1189,1767151979299,5.81565691167397,6.274589234932742,6.223149579802884,6.223149579802884,6.223149579802884,0.9824960827827454,0.9804339353987437,ok,True,True,-35.16196649569266,0.45893232325877253,1.0,0.0,0.9804841750435145
1190,1767151979330,7.055265470585196,6.742994976324214,6.554166891607975,6.554166891607975,6.554166891607975,0.9853763580322266,0.9833993889788334,ok,True,True,-33.098053372472755,0.3122704942609822,1.0,0.0,0.9804841750435145
1191,1767151979361,8.675732787556225,7.9026376630634205,7.629007882725643,7.629007882725643,7.629007882725643,0.9817553162574768,0.9824129453460194,ok,True,True,-30.107247765395872,0.7730951244928042,1.0,0.0,0.9804841750435145
1192,1767151979391,11.908937253698465,10.306417417444447,9.895596004542103,9.895596004542103,9.895596004542103,0.9821244478225708,0.9822398468319503,ok,True,True,-25.616921516188473,1.602519836254018,1.0,0.0,0.9804841750435145
1193,1767151979425,17.184963565514416,14.433545106286427,13.831780547021157,13.831780547021157,13.831780547021157,0.9863200187683105,0.9846879499937665,ok,True,True,-19.039564271779465,2.7514184592279882,1.0,0.0,0.9804841750435145
1194,1767151979458,27.955363255973698,22.54663599609879,21.503171140388172,21.503171140388172,21.503171140388172,0.969846248626709,0.975782929173532,ok,True,True,-7.634370957679771,5.408727259874908,1.0,0.0,0.9804841750435145
1195,1767151979492,39.6058181242613,32.78214527299629,31.49493812070179,31.49493812070179,31.49493812070179,0.9638518691062927,0.9686242931331884,ok,True,True,6.434954259040278,6.823672851265009,1.0,0.0,0.9804841750435145
1196,1767151979532,48.9112906696205,42.45963251097081,41.25984187819926,41.25984187819926,41.25984187819926,0.9536020755767822,0.9596109625993446,ok,True,True,19.548806659835023,6.4516581586496855,1.0,0.0,0.9804841750435145
1197,1767151979563,58.59012744604251,52.13792947201382,50.99659103897501,50.99659103897501,50.99659103897501,0.9705727696418762,0.9661880468248636,ok,True,True,32.02376965871281,6.452197974028685,1.0,0.0,0.9804841750435145
1198,1767151979594,64.82903955154623,59.75259551973326,58.89450465943021,58.89450465943021,58.89450465943021,0.9743123650550842,0.9710626377629961,ok,True,True,41.40280345104259,5.076444031812969,1.0,0.0,0.9804841750435145
1199,1767151979626,68.81946136920787,65.19271502941803,64.64382171992783,64.64382171992783,64.64382171992783,0.9755903482437134,0.9737792640514265,ok,True,True,47.402271731446106,3.6267463397898467,1.0,0.0,0.9804841750435145
1200,1767151979656,67.86361031558478,66.79525220111807,66.73148535532002,66.73148535532002,66.73148535532002,0.9762229919433594,0.9752455007865862,ok,True,True,48.0992508384826,1.0683581144667045,1.0,0.0,0.9804841750435145
1201,1767151979692,66.92592084578875,66.87365338792048,67.03672599546961,67.03672599546961,67.03672599546961,0.9580183625221252,0.9649092178279096,ok,True,True,46.316848102872,0.05226745786826825,1.0,0.0,0.9804841750435145
1202,1767151979721,64.61781918216998,65.52015286447019,65.86172067854925,65.86172067854925,65.86172067854925,0.9767022132873535,0.971985015103576,ok,True,True,42.58347181508789,0.9023336823002097,1.0,0.0,0.9804841750435145
1203,1767151979762,56.70531137966437,60.231247973586704,61.01806434073784,61.01806434073784,61.01806434073784,0.9599606990814209,0.9647704254902829,ok,True,True,33.98347659632704,3.5259365939223315,1.0,0.0,0.9804841750435145
1204,1767151979810,48.353321985226756,53.10449238057073,54.11412341350566,54.11412341350566,54.11412341350566,0.9695302248001099,0.9676263050761791,ok,True,True,22.948090935259373,4.751170395343976,1.0,0.0,0.9804841750435145
1205,1767151979851,38.02836962214649,44.05881872551619,45.26642684371266,45.26642684371266,45.26642684371266,0.9286199808120728,0.9442225105177152,ok,True,True,9.748792501458986,6.030449103369698,1.0,0.0,0.9804841750435145
1206,1767151979892,16.215663744120633,27.352925736678856,29.388454639182957,29.388454639182957,29.388454639182957,0.980319619178772,0.9658807757143493,ok,True,True,-12.499777253855147,11.137261992558223,1.0,0.0,0.9804841750435145
1207,1767151979929,10.060668501104,16.977571395333943,18.3162035206324,18.3162035206324,18.3162035206324,0.9617401361465454,0.963396391973667,ok,True,True,-27.13118345976489,6.916902894229942,1.0,0.0,0.9804841750435145
1208,1767151979962,7.797533999467195,11.469548957813895,12.132745617141564,12.132745617141564,12.132745617141564,0.9745984077453613,0.9701176014366836,ok,True,True,-34.380000766358386,3.6720149583467006,1.0,0.0,0.9804841750435145
1209,1767151979996,7.5683187190268395,9.128810814541662,9.336168220810602,9.336168220810602,9.336168220810602,0.9533294439315796,0.9600447069336212,ok,True,True,-36.646441548397945,1.5604920955148227,1.0,0.0,0.9804841750435145
1210,1767151980037,7.747854021428821,8.300236738673958,8.279520742137079,8.279520742137079,8.279520742137079,0.9710017442703247,0.9666189293356433,ok,True,True,-36.42001327541465,0.5523827172451368,1.0,0.0,0.9804841750435145
1211,1767151980069,7.53014490897005,7.838181640851613,7.751947692480518,7.751947692480518,7.751947692480518,0.9702314138412476,0.9687864200390058,ok,True,True,-35.47746610094306,0.3080367318815629,1.0,0.0,0.9804841750435145
1212,1767151980100,8.043709670373913,7.961498458564993,7.806127513744153,7.806127513744153,7.806127513744153,0.9615030884742737,0.9644164211001666,ok,True,True,-33.77924344267327,0.08221121180891977,1.0,0.0,0.9804841750435145
1213,1767151980132,9.745450074971115,9.031869428408665,8.769402801268495,8.769402801268495,8.769402801268495,0.9764642119407654,0.9716450956045258,ok,True,True,-30.9104524099415,0.7135806465624501,1.0,0.0,0.9804841750435145
1214,1767151980171,13.556158422794507,11.74644282504017,11.299192640285963,11.299192640285963,11.299192640285963,0.9839313626289368,0.9790168558191724,ok,True,True,-26.021955409805635,1.8097155977543373,1.0,0.0,0.9804841750435145
1215,1767151980203,19.258556651634386,16.253711120996698,15.60394794180716,15.60394794180716,15.60394794180716,0.9782702326774597,0.9785688819341448,ok,True,True,-18.919967617419584,3.004845530637688,1.0,0.0,0.9804841750435145
1216,1767151980233,26.225098819562003,22.23654374013588,21.42591730665365,21.42591730665365,21.42591730665365,0.9742591381072998,0.9759830356380378,ok,True,True,-10.059725579763432,3.988555079426124,1.0,0.0,0.9804841750435145
1217,1767151980264,38.05751436631963,31.729126115846128,30.54179777922651,30.54179777922651,30.54179777922651,0.9613990783691406,0.9672326612766995,ok,True,True,2.917912461752673,6.328388250473502,1.0,0.0,0.9804841750435145
1218,1767151980315,45.71147248210215,40.11853393559974,39.06056417502288,39.06056417502288,39.06056417502288,0.9786781072616577,0.9740999288676745,ok,True,True,14.481646088060065,5.59293854650241,1.0,0.0,0.9804841750435145
1219,1767151980349,54.56787687799023,48.788139701034034,47.756354856742,47.756354856742,47.756354856742,0.9652330875396729,0.9687798240708736,ok,True,True,25.759175506810735,5.779737176956196,1.0,0.0,0.9804841750435145
1220,1767151980383,59.6490799719042,55.30470386355613,54.55808945342015,54.55808945342015,54.55808945342015,0.975497305393219,0.9728103128642809,ok,True,True,33.91975861805912,4.344376108348072,1.0,0.0,0.9804841750435145
1221,1767151980418,64.80878593717705,61.00715310772868,60.41358508429928,60.41358508429928,60.41358508429928,0.9811773300170898,0.9778305231559663,ok,True,True,40.40752676399261,3.8016328294483657,1.0,0.0,0.9804841750435145
1222,1767151980454,65.11052685885595,63.46917735840505,63.27847832983912,63.27847832983912,63.27847832983912,0.9774036407470703,0.9775743937106287,ok,True,True,42.49188952302801,1.6413495004509002,1.0,0.0,0.9804841750435145
1223,1767151980486,63.489467566209555,63.48135148308775,63.61678843107993,63.61678843107993,63.61678843107993,0.9715902209281921,0.9739838900411668,ok,True,True,41.011547789170066,0.008116083121805673,1.0,0.0,0.9804841750435145
1224,1767151980541,62.980397222069236,63.180778926476634,63.382012079090536,63.382012079090536,63.382012079090536,0.9764928221702576,0.9754892493186212,ok,True,True,38.812045818205945,0.20038170440739833,1.0,0.0,0.9804841750435145
1225,1767151980574,58.20115919596371,60.19300708816888,60.69330953154364,60.69330953154364,60.69330953154364,0.9705742001533508,0.9725402198194589,ok,True,True,33.34368140614376,1.9918478922051719,1.0,0.0,0.9804841750435145
1226,1767151980633,49.823657374118376,53.97139725973858,54.84565127391073,54.84565127391073,54.84565127391073,0.9681223034858704,0.9698894700193057,ok,True,True,23.787982445424454,4.147739885620204,1.0,0.0,0.9804841750435145
1227,1767151980673,40.55914034975657,45.92404311374938,47.008248022729404,47.008248022729404,47.008248022729404,0.957485020160675,0.9624468001041273,ok,True,True,11.93749556861252,5.364902763992809,1.0,0.0,0.9804841750435145
1228,1767151980708,30.802984653326433,36.85140803749561,38.029386381804414,38.029386381804414,38.029386381804414,0.9455704092979431,0.9523209656204168,ok,True,True,-0.937945959809138,6.048423384169176,1.0,0.0,0.9804841750435145
1229,1767151980741,21.825081560569856,27.835612151340158,28.969813205738483,28.969813205738483,28.969813205738483,0.9478055238723755,0.9496117005715919,ok,True,True,-13.334896572639462,6.010530590770301,1.0,0.0,0.9804841750435145
1230,1767151980774,9.837286767367596,17.03661692095662,18.318829303934642,18.318829303934642,18.318829303934642,0.9657998085021973,0.9593245653299551,ok,True,True,-27.349628374639295,7.199330153589026,1.0,0.0,0.9804841750435145
1231,1767151980805,7.595923176976667,11.37220067456865,12.045742417591104,12.045742417591104,12.045742417591104,0.9542242288589478,0.9562643634473507,ok,True,True,-34.711518659918966,3.776277497591982,1.0,0.0,0.9804841750435145
1232,1767151980838,6.8872363361648,8.681222071526339,8.927589813845843,8.927589813845843,8.927589813845843,0.9651250243186951,0.9615807599701574,ok,True,True,-37.40434699250204,1.793985735361539,1.0,0.0,0.9804841750435145
1233,1767151980873,6.3569295830874335,7.286646578462996,7.330634193967358,7.330634193967358,7.330634193967358,0.979619562625885,0.972404041563594,ok,True,True,-37.88513679151437,0.9297169953755624,1.0,0.0,0.9804841750435145
1234,1767151980912,6.647727575776884,6.903295176851328,6.810048157637322,6.810048157637322,6.810048157637322,0.9683178663253784,0.9699523364206646,ok,True,True,-36.86593592980922,0.25556760107444454,1.0,0.0,0.9804841750435145
1235,1767151980945,7.301596319581577,7.142275862489477,6.968047982711733,6.968047982711733,6.968047982711733,0.970669150352478,0.9703824247797527,ok,True,True,-34.96160475976933,0.1593204570921003,1.0,0.0,0.9804841750435145
1236,1767151981136,8.828951035418905,8.154280966247134,7.891825152341159,7.891825152341159,7.891825152341159,0.9752705693244934,0.9733153115065971,ok,True,True,-32.092931916956154,0.6746700691717713,1.0,0.0,0.9804841750435145
1237,1767151981174,12.466745012665886,10.741759394098384,10.304295951799745,10.304295951799745,10.304295951799745,0.9852381348609924,0.9804690055192342,ok,True,True,-27.311405160245545,1.7249856185675014,1.0,0.0,0.9804841750435145
1238,1767151981209,24.601723350243983,19.057737767785742,17.97919341476387,17.97919341476387,17.97919341476387,0.9690092206001282,0.9735931345677706,ok,True,True,-15.522788824271396,5.543985582458241,1.0,0.0,0.9804841750435145
1239,1767151981240,34.721070491859095,28.45573740222975,27.22873999072424,27.22873999072424,27.22873999072424,0.9602139592170715,0.9655656293573511,ok,True,True,-2.111563139444611,6.265333089629344,1.0,0.0,0.9804841750435145
1240,1767151981278,62.058547412092025,48.61742340814712,46.22245405090342,46.22245405090342,46.22245405090342,0.9705533385276794,0.968558254859548,ok,True,True,24.065732963266484,13.441124003944907,1.0,0.0,0.9804841750435145
1241,1767151981306,67.31185450211417,59.83408206452735,58.40446696326997,58.40446696326997,58.40446696326997,0.9787440299987793,0.9746697199430868,ok,True,True,39.691593772438374,7.477772437586822,1.0,0.0,0.9804841750435145
1242,1767151981336,60.033818182205536,59.95392373513427,59.92865563993076,59.92865563993076,59.92865563993076,0.9571864604949951,0.9641797642742318,ok,True,True,39.96777701799558,0.07989444707126836,1.0,0.0,0.9804841750435145
1243,1767151981366,52.446948727186786,55.44973873036578,56.098303161889035,56.098303161889035,56.098303161889035,0.9682957530021667,0.9666493575109927,ok,True,True,32.8788916782642,3.002790003178994,1.0,0.0,0.9804841750435145
1244,1767151981399,43.457861317301244,48.25461228252706,49.252334848388735,49.252334848388735,49.252334848388735,0.9684162735939026,0.9677095071607387,ok,True,True,21.973666959658274,4.796750965225819,1.0,0.0,0.9804841750435145
1245,1767151981435,32.4586486599674,38.777034108991266,40.02789140825837,40.02789140825837,40.02789140825837,0.9204540252685547,0.9393562180254282,ok,True,True,8.301649901854827,6.3183854490238645,1.0,0.0,0.9804841750435145
1246,1767151981471,20.549207307371017,27.84033802801912,29.231430856459518,29.231430856459518,29.231430856459518,0.956474781036377,0.9496273558319975,ok,True,True,-6.903157945186395,7.291130720648102,1.0,0.0,0.9804841750435145
1247,1767151981594,11.736402207341223,18.17797653561238,19.385931526882302,19.385931526882302,19.385931526882302,0.9610031843185425,0.9564528529239245,ok,True,True,-20.106247742382095,6.441574328271157,1.0,0.0,0.9804841750435145
1248,1767151981623,7.683466608892506,11.881270579580455,12.64403921947404,12.64403921947404,12.64403921947404,0.9694830179214478,0.9642709519224384,ok,True,True,-28.443398480434233,4.197803970687949,1.0,0.0,0.9804841750435145
1249,1767151981659,6.595150940064824,8.709598795871077,9.042892008237638,9.042892008237638,9.042892008237638,0.960482120513916,0.961997653077325,ok,True,True,-32.086332400550965,2.1144478558062536,1.0,0.0,0.9804841750435145
1250,1767151981689,6.3179281565524485,7.2745964122799,7.352581514147812,7.352581514147812,7.352581514147812,0.9673433303833008,0.9652050594609104,ok,True,True,-32.938718714815074,0.9566682557274513,1.0,0.0,0.9804841750435145
1251,1767151981724,7.037856787859811,7.132552637627846,7.034570210548236,7.034570210548236,7.034570210548236,0.9596879482269287,0.9618947927205214,ok,True,True,-31.867759289481498,0.09469584976803525,1.0,0.0,0.9804841750435145
1252,1767151981752,7.844627676011206,7.559797660657862,7.382624057570738,7.382624057570738,7.382624057570738,0.971064567565918,0.9673966576277593,ok,True,True,-29.93123101801605,0.28483001535334385,1.0,0.0,0.9804841750435145
1253,1767151981785,10.241749837065944,9.16896896650271,8.858250885782937,8.858250885782937,8.858250885782937,0.974922776222229,0.9719123287844411,ok,True,True,-26.53504593578664,1.0727808705632338,1.0,0.0,0.9804841750435145
1254,1767151981817,13.992818072429342,12.063278430058688,11.606860824649033,11.606860824649033,11.606860824649033,0.9864656925201416,0.9806443470258613,ok,True,True,-21.546347952172678,1.9295396423706546,1.0,0.0,0.9804841750435145
1255,1767151981851,20.31575623981656,17.014765115913413,16.33105139405783,16.33105139405783,16.33105139405783,0.981025218963623,0.9808728701885183,ok,True,True,-14.07327674465701,3.300991123903149,1.0,0.0,0.9804841750435145
1256,1767151981882,27.831818507256333,23.504997150719163,22.651983322406146,22.651983322406146,22.651983322406146,0.9744616746902466,0.9770261528895553,ok,True,True,-4.749735507722123,4.32682135653717,1.0,0.0,0.9804841750435145
1257,1767151981914,37.132704677965535,31.681621667066985,30.65618623660807,30.65618623660807,30.65618623660807,0.968026340007782,0.9716262651604912,ok,True,True,6.458394072786129,5.45108301089855,1.0,0.0,0.9804841750435145
1258,1767151981953,47.1519274677289,40.963805147464136,39.83743554259126,39.83743554259126,39.83743554259126,0.970229983329773,0.9707884960620602,ok,True,True,18.769746023353395,6.1881223202647675,1.0,0.0,0.9804841750435145
1259,1767151981988,54.336460367611345,48.987398279552465,48.036031363609624,48.036031363609624,48.036031363609624,0.9610932469367981,0.964971346586903,ok,True,True,29.16829804892938,5.349062088058879,1.0,0.0,0.9804841750435145
1260,1767151982020,61.53005107006071,56.51298995385741,55.67541943671591,55.67541943671591,55.67541943671591,0.9732307195663452,0.9699269703745683,ok,True,True,38.323042082626316,5.017061116203301,1.0,0.0,0.9804841750435145
1261,1767151982053,66.04611855077322,62.23286711200689,61.64358389191705,61.64358389191705,61.64358389191705,0.975719690322876,0.9734026023435529,ok,True,True,44.76397682527546,3.813251438766322,1.0,0.0,0.9804841750435145
1262,1767151982084,65.81276518794189,64.3808059575679,64.24184600403335,64.24184600403335,64.24184600403335,0.9696243405342102,0.9711356452579473,ok,True,True,46.28282542310442,1.431959230373991,1.0,0.0,0.9804841750435145
1263,1767151982115,66.38259062785312,65.58187675973903,65.60450273483417,65.60450273483417,65.60450273483417,0.9726663827896118,0.972054087776946,ok,True,True,46.03552086036059,0.8007138681140873,1.0,0.0,0.9804841750435145
1264,1767151982153,64.57926604789402,64.98031033263203,65.221236151516,65.221236151516,65.221236151516,0.9718244075775146,0.9719162796572871,ok,True,True,43.40217338948856,0.40104428473800624,1.0,0.0,0.9804841750435145
1265,1767151982197,60.17472563495505,62.09695951402584,62.60711411242093,62.60711411242093,62.60711411242093,0.9660157561302185,0.968375965541046,ok,True,True,37.82612376699267,1.922233879070788,1.0,0.0,0.9804841750435145
1266,1767151982229,52.40688404337078,56.2829142316328,57.12945664019769,57.12945664019769,57.12945664019769,0.9682235717773438,0.9682845292828246,ok,True,True,28.573315907267617,3.876030188262021,1.0,0.0,0.9804841750435145
1267,1767151982272,42.96476856905943,48.29202683408878,49.38463936113589,49.38463936113589,49.38463936113589,0.9444954991340637,0.9540111111935681,ok,True,True,16.630932778424402,5.32725826502935,1.0,0.0,0.9804841750435145
1268,1767151982307,31.605789879186478,38.2802846611474,39.581472296057086,39.581472296057086,39.581472296057086,0.9384226202964783,0.9446580166553142,ok,True,True,2.408799246236887,6.67449478196092,1.0,0.0,0.9804841750435145
1269,1767151982344,19.408958704536534,26.957489087180882,28.37536761534006,28.37536761534006,28.37536761534006,0.9608302116394043,0.9543613336457683,ok,True,True,-13.088779441790637,7.548530382644348,1.0,0.0,0.9804841750435145
1270,1767151982374,11.384797392850988,17.613874070582945,18.766232540635933,18.766232540635933,18.766232540635933,0.9606105089187622,0.9581108388095647,ok,True,True,-25.684192738335256,6.229076677731957,1.0,0.0,0.9804841750435145
1271,1767151982411,7.455475511159483,11.518834934928869,12.232140195412232,12.232140195412232,12.232140195412232,0.9599260091781616,0.9591999410307228,ok,True,True,-33.480702935352554,4.063359423769386,1.0,0.0,0.9804841750435145
1272,1767151982445,6.480175470298781,8.495639256150817,8.788101309164107,8.788101309164107,8.788101309164107,0.9548057317733765,0.956563415476315,ok,True,True,-36.677347492570014,2.0154637858520354,1.0,0.0,0.9804841750435145
1273,1767151982480,5.692778854008487,6.813923014865419,6.897806387798359,6.897806387798359,6.897806387798359,0.954020082950592,0.9550374159608812,ok,True,True,-37.59420260168374,1.1211441608569324,1.0,0.0,0.9804841750435145
1274,1767151982511,5.484288469542955,6.016142287671941,5.9746831912477205,5.9746831912477205,5.9746831912477205,0.9683119654655457,0.9630021456636799,ok,True,True,-37.14104981291625,0.5318538181289858,1.0,0.0,0.9804841750435145
1275,1767151982548,7.126147373540687,6.682145339193188,6.465015412895122,6.465015412895122,6.465015412895122,0.9705262184143066,0.9675165893140559,ok,True,True,-34.767794240241315,0.4440020343474984,1.0,0.0,0.9804841750435145
1276,1767151982581,7.863455950890164,7.390931706211374,7.158249916630742,7.158249916630742,7.158249916630742,0.9818060994148254,0.9760902953745176,ok,True,True,-32.22455497701715,0.47252424467879006,1.0,0.0,0.9804841750435145
1277,1767151982615,10.516259877677564,9.266128609091087,8.910993647150002,8.910993647150002,8.910993647150002,0.973716139793396,0.9746658020258446,ok,True,True,-28.3428881711187,1.2501312685864772,1.0,0.0,0.9804841750435145
1278,1767151982647,14.919616339265767,12.658221247195895,12.134565088520047,12.134565088520047,12.134565088520047,0.9825782775878906,0.9794132873630722,ok,True,True,-22.6192649104679,2.261395092069872,1.0,0.0,0.9804841750435145
1279,1767151982679,21.58069905869923,18.011707934097895,17.271632708011452,17.271632708011452,17.271632708011452,0.9792174696922302,0.979295796760567,ok,True,True,-14.5301558481951,3.568991124601336,1.0,0.0,0.9804841750435145
1280,1767151982710,28.34999837999347,24.214682201635238,23.385738185626725,23.385738185626725,23.385738185626725,0.9834086298942566,0.9817634966407808,ok,True,True,-5.4697004841236865,4.135316178358231,1.0,0.0,0.9804841750435145
1281,1767151982743,39.10364458410593,33.14805963111765,32.03817365642364,32.03817365642364,32.03817365642364,0.9707955718040466,0.9751827417387402,ok,True,True,6.661483454383324,5.955584952988282,1.0,0.0,0.9804841750435145
1282,1767151982776,48.18375256458305,42.16947539119689,41.06353944687497,41.06353944687497,41.06353944687497,0.9562680721282959,0.9638339399724736,ok,True,True,18.749493097422977,6.014277173386162,1.0,0.0,0.9804841750435145
1283,1767151982811,58.750294223920044,52.117966690830784,50.95397400790546,50.95397400790546,50.95397400790546,0.9585807919502258,0.960682051159125,ok,True,True,31.47206970583212,6.63232753308926,1.0,0.0,0.9804841750435145
1284,1767151982851,65.49631683176503,60.14497677539133,59.23628488215433,59.23628488215433,59.23628488215433,0.967751681804657,0.9649238295464442,ok,True,True,41.404178725704476,5.351340056373701,1.0,0.0,0.9804841750435145
1285,1767151982882,69.77808263909827,65.92484029361549,65.33238709678704,65.33238709678704,65.33238709678704,0.9733264446258545,0.9699653985940904,ok,True,True,47.87976168607456,3.8532423454827835,1.0,0.0,0.9804841750435145
1286,1767151982926,68.19238096154811,67.28536469437506,67.24552282433129,67.24552282433129,67.24552282433129,0.9820592999458313,0.9772217394051349,ok,True,True,48.315238000736834,0.9070162671730486,1.0,0.0,0.9804841750435145
1287,1767151982967,66.62346150702805,66.88822278196686,67.10784274006247,67.10784274006247,67.10784274006247,0.969153642654419,0.9723808813547054,ok,True,True,45.91476608833199,0.26476127493880597,1.0,0.0,0.9804841750435145
1288,1767151983000,63.10231547451348,64.61667839749484,65.06552099438292,65.06552099438292,65.06552099438292,0.9714339375495911,0.9718127150716367,ok,True,True,41.00886383671769,1.5143629229813556,1.0,0.0,0.9804841750435145
1289,1767151983035,56.44496277656855,59.713649024939066,60.4635138903695,60.4635138903695,60.4635138903695,0.9559697508811951,0.9623069365573718,ok,True,True,32.81275286768929,3.268686248370514,1.0,0.0,0.9804841750435145
1290,1767151983067,47.29304757193462,52.2612881531364,53.2987794521943,53.2987794521943,53.2987794521943,0.972265362739563,0.9682819922666865,ok,True,True,21.472851228746716,4.968240581201776,1.0,0.0,0.9804841750435145
1291,1767151983098,36.49553769447777,42.801837877941225,44.053247291504874,44.053247291504874,44.053247291504874,0.9290533661842346,0.9447448166172154,ok,True,True,7.79479949689634,6.306300183463456,1.0,0.0,0.9804841750435145
1292,1767151983131,25.560350367471028,32.4569453716591,33.78016516331951,33.78016516331951,33.78016516331951,0.9400174021720886,0.9419083679501394,ok,True,True,-6.668148093851254,6.896595004188075,1.0,0.0,0.9804841750435145
1293,1767151983168,14.911771224732869,21.92984088350336,23.227605946504646,23.227605946504646,23.227605946504646,0.96486496925354,0.9556823287321797,ok,True,True,-20.852872513472043,7.018069658770491,1.0,0.0,0.9804841750435145
1294,1767151983202,7.38643850326997,13.203799455363326,14.244943249490321,14.244943249490321,14.244943249490321,0.9652543067932129,0.9614255155687996,ok,True,True,-32.23269635210714,5.817360952093356,1.0,0.0,0.9804841750435145
1295,1767151983234,7.93364817344716,10.041708686213626,10.390904047952114,10.390904047952114,10.390904047952114,0.9570420980453491,0.9587954650547292,ok,True,True,-36.04944263083273,2.1080605127664667,1.0,0.0,0.9804841750435145
1296,1767151983265,6.866706849636218,8.136707584267182,8.254178716146189,8.254178716146189,8.254178716146189,0.9517422318458557,0.9545635251294051,ok,True,True,-37.33341588644732,1.2700007346309636,1.0,0.0,0.9804841750435145
1297,1767151983297,7.530455265149374,7.772956192796498,7.687775436980795,7.687775436980795,7.687775436980795,0.9562987089157104,0.9556046354011883,ok,True,True,-36.402380230188825,0.24250092764712328,1.0,0.0,0.9804841750435145
1298,1767151983328,7.857444236749936,7.823649019168561,7.673060041598859,7.673060041598859,7.673060041598859,0.9760442972183228,0.967868432491469,ok,True,True,-34.756425035094665,0.0337952175813756,1.0,0.0,0.9804841750435145
1299,1767151983360,8.338605514097763,8.132622916126081,7.952031447197711,7.952031447197711,7.952031447197711,0.9484809637069702,0.9562359512207698,ok,True,True,-32.782539088928694,0.2059825979716816,1.0,0.0,0.9804841750435145
1300,1767151983393,10.61768312761315,9.623659043018321,9.315136674270082,9.315136674270082,9.315136674270082,0.9582867622375488,0.9574664378308373,ok,True,True,-29.41035339619514,0.9940240845948285,1.0,0.0,0.9804841750435145
1301,1767151983424,15.172079596472113,12.952711375090596,12.437321983159087,12.437321983159087,12.437321983159087,0.9846079349517822,0.9737513361034043,ok,True,True,-23.77708686609043,2.219368221381517,1.0,0.0,0.9804841750435145
1302,1767151983453,20.29953725577858,17.360806903503388,16.722858657832486,16.722858657832486,16.722858657832486,0.9824039936065674,0.9789429306053021,ok,True,True,-16.804237683438856,2.9387303522751935,1.0,0.0,0.9804841750435145
1303,1767151983487,27.521123235070252,23.456996702443508,22.642908471209964,22.642908471209964,22.642908471209964,0.9788822531700134,0.9789065241441289,ok,True,True,-7.906157790150132,4.064126532626744,1.0,0.0,0.9804841750435145
1304,1767151983517,38.52473260494451,32.49763824394411,31.36837476808688,31.36837476808688,31.36837476808688,0.9707816243171692,0.974031584247953,ok,True,True,4.436824509845728,6.027094361000401,1.0,0.0,0.9804841750435145
1305,1767151983568,44.821985924824396,39.89224685247228,38.9574341341672,38.9574341341672,38.9574341341672,0.9746794104576111,0.9744202799737478,ok,True,True,14.654437212755262,4.929739072352113,1.0,0.0,0.9804841750435145
1306,1767151983609,53.38718426712059,47.98920930126126,47.03572304786564,47.03572304786564,47.03572304786564,0.9713830351829529,0.9725979330992708,ok,True,True,25.07615384537523,5.397974965859326,1.0,0.0,0.9804841750435145
1307,1767151983641,60.10557942766911,55.25903137710597,54.43454620267113,54.43454620267113,54.43454620267113,0.9545362591743469,0.9617609287443165,ok,True,True,34.087873547841625,4.846548050563143,1.0,0.0,0.9804841750435145
1308,1767151983673,64.54087958638102,60.828140302671,60.241388459725734,60.241388459725734,60.241388459725734,0.9668465852737427,0.9648123226619723,ok,True,True,40.50114004126622,3.7127392837100217,1.0,0.0,0.9804841750435145
1309,1767151983706,65.80951219539565,63.81696343830579,63.56857927496055,63.56857927496055,63.56857927496055,0.9642599821090698,0.9644809183302308,ok,True,True,43.216008092269426,1.992548757089864,1.0,0.0,0.9804841750435145
1310,1767151983753,64.17489493558212,64.03172233667158,64.14080537342406,64.14080537342406,64.14080537342406,0.9675703644752502,0.9663345860172424,ok,True,True,42.02371770065502,0.1431725989105388,1.0,0.0,0.9804841750435145
1311,1767151983787,60.17212209145073,61.71596218953907,62.14292739116458,62.14292739116458,62.14292739116458,0.9767618179321289,0.9725909251661744,ok,True,True,37.35693794637552,1.5438400980883387,1.0,0.0,0.9804841750435145
1312,1767151983820,52.82646835580617,56.38226588929933,57.16416833854109,57.16416833854109,57.16416833854109,0.9595817923545837,0.96478544547922,ok,True,True,28.810652426968023,3.5557975334931626,1.0,0.0,0.9804841750435145
1313,1767151983854,43.47979315397344,48.6407822481038,49.69922843001539,49.69922843001539,49.69922843001539,0.9664713740348816,0.965797002612617,ok,True,True,17.241711459568226,5.160989094130358,1.0,0.0,0.9804841750435145
1314,1767151983893,34.0414996585371,39.88121269436378,41.041108899115635,41.041108899115635,41.041108899115635,0.9650267362594604,0.9653348428007231,ok,True,True,4.563909838279905,5.8397130358266836,1.0,0.0,0.9804841750435145
1315,1767151983932,24.04461676634837,30.379255137554537,31.586164938655244,31.586164938655244,31.586164938655244,0.9625049233436584,0.9636368911264843,ok,True,True,-8.627755907722586,6.334638371206168,1.0,0.0,0.9804841750435145
1316,1767151983969,14.423546470637103,20.805829937404077,21.97688719331092,21.97688719331092,21.97688719331092,0.9601079821586609,0.9615195457457903,ok,True,True,-21.42754912778357,6.3822834667669746,1.0,0.0,0.9804841750435145
1317,1767151984004,9.875196199938292,14.247449694924608,15.030389312909872,15.030389312909872,15.030389312909872,0.958389401435852,0.9596414591598273,ok,True,True,-29.985171023259987,4.372253494986316,1.0,0.0,0.9804841750435145
1318,1767151984043,7.914888866608051,10.447913197934675,10.847795616307097,10.847795616307097,10.847795616307097,0.9539721608161926,0.9562398801536465,ok,True,True,-34.35593277866309,2.533024331326624,1.0,0.0,0.9804841750435145
1319,1767151984074,7.675466316269945,8.784445068935836,8.88691679348001,8.88691679348001,8.88691679348001,0.9416325092315674,0.947475457600399,ok,True,True,-35.47596075206288,1.1089787526658919,1.0,0.0,0.9804841750435145
1320,1767151984112,6.889092725904088,7.647233663116786,7.65361209206145,7.65361209206145,7.65361209206145,0.9608880281448364,0.9555229999270615,ok,True,True,-35.54567772887912,0.7581409372126986,1.0,0.0,0.9804841750435145
1321,1767151984142,7.918659119453166,7.810088936918614,7.660387619418085,7.660387619418085,7.660387619418085,0.963821291923523,0.9605019751249383,ok,True,True,-33.90942476249991,0.1085701825345522,1.0,0.0,0.9804841750435145
1322,1767151984172,10.147384316541643,9.212466164692431,8.913093979742548,8.913093979742548,8.913093979742548,0.9813535213470459,0.9730129028582029,ok,True,True,-30.63725165237388,0.934918151849212,1.0,0.0,0.9804841750435145
1323,1767151984205,14.572488700029105,12.428479685894436,11.922163044279767,11.922163044279767,11.922163044279767,0.9849901795387268,0.9801992688665172,ok,True,True,-25.1031513478376,2.144009014134669,1.0,0.0,0.9804841750435145
1324,1767151984235,20.066465512443298,17.01127118182375,16.349905082995072,16.349905082995072,16.349905082995072,0.9801434874534607,0.9801658000186834,ok,True,True,-17.874342282297825,3.055194330619546,1.0,0.0,0.9804841750435145
1325,1767151984265,27.112792207803672,23.072183797411704,22.25543812600302,22.25543812600302,22.25543812600302,0.975604772567749,0.9774291835481228,ok,True,True,-8.947216256068213,4.040608410391968,1.0,0.0,0.9804841750435145
1326,1767151984297,36.71683314500872,31.25897340596991,30.22083572108911,30.22083572108911,30.22083572108911,0.9682649970054626,0.9719306716225267,ok,True,True,2.399750455766176,5.45785973903881,1.0,0.0,0.9804841750435145
1327,1767151984328,45.26869191893066,39.66480451374636,38.619724767117674,38.619724767117674,38.619724767117674,0.9683541059494019,0.9697847322186518,ok,True,True,13.822594717093253,5.603887405184295,1.0,0.0,0.9804841750435145
1328,1767151984361,52.5121752508746,47.3732269560233,46.44770311563737,46.44770311563737,46.44770311563737,0.9759206175804138,0.973466263435709,ok,True,True,23.938678894380566,5.138948294851296,1.0,0.0,0.9804841750435145
1329,1767151984397,59.619711081601544,54.721117431370246,53.88680845895236,53.88680845895236,53.88680845895236,0.9717103838920593,0.9724127357095191,ok,True,True,33.057773861535594,4.898593650231298,1.0,0.0,0.9804841750435145
1330,1767151984451,64.88193229077424,60.81760634701264,60.16706693436074,60.16706693436074,60.16706693436074,0.9664798378944397,0.9688529970204715,ok,True,True,40.16824597674926,4.064325943761602,1.0,0.0,0.9804841750435145
1331,1767151984486,66.55838441409325,64.26207318726101,63.95447873401254,63.95447873401254,63.95447873401254,0.9574648141860962,0.9620200873198463,ok,True,True,43.53028944418785,2.2963112268322448,1.0,0.0,0.9804841750435145
1332,1767151984542,66.5327627872891,65.62448694727786,65.60004530648297,65.60004530648297,65.60004530648297,0.9694423079490662,0.9664734196973782,ok,True,True,43.79743944608187,0.9082758400112425,1.0,0.0,0.9804841750435145
1333,1767151984578,66.12670770533755,65.92581940211367,66.05239674284174,66.05239674284174,66.05239674284174,0.9779205322265625,0.9733416872148888,ok,True,True,42.4139342592157,0.20088830322387707,1.0,0.0,0.9804841750435145
1334,1767151984614,63.17007082632912,64.27237025664294,64.62882147873938,64.62882147873938,64.62882147873938,0.9746440649032593,0.9741231138279112,ok,True,True,38.517880575367926,1.1022994303138205,1.0,0.0,0.9804841750435145
1335,1767151984648,57.254285482194376,60.0615193919738,60.71455425073852,60.71455425073852,60.71455425073852,0.9766339063644409,0.975629589349829,ok,True,True,31.380132941323055,2.807233909779427,1.0,0.0,0.9804841750435145
1336,1767151984693,38.258487234441546,46.97970009745445,48.62933846818466,48.62933846818466,48.62933846818466,0.9494958519935608,0.959949346936068,ok,True,True,13.349391979068354,8.721212863012902,1.0,0.0,0.9804841750435145
1337,1767151984728,27.20779568269658,35.11655744859973,36.674332835898895,36.674332835898895,36.674332835898895,0.9575120210647583,0.9584869514132822,ok,True,True,-3.6772757949929833,7.908761765903147,1.0,0.0,0.9804841750435145
1338,1767151984764,18.01013167829571,24.852701986417316,26.158391361744556,26.158391361744556,26.158391361744556,0.9669589996337891,0.9635701803455863,ok,True,True,-17.94861387818295,6.842570308121605,1.0,0.0,0.9804841750435145
1339,1767151984801,10.824638973192025,16.43586417848214,17.45418773598065,17.45418773598065,17.45418773598065,0.9665881991386414,0.9653809916214193,ok,True,True,-29.07900985271989,5.611225205290117,1.0,0.0,0.9804841750435145
1340,1767151984833,8.633374916415224,11.754370621241993,12.28232655556005,12.28232655556005,12.28232655556005,0.9714574813842773,0.9690268854791342,ok,True,True,-34.84963016567991,3.1209957048267682,1.0,0.0,0.9804841750435145
1341,1767151984870,7.231042014815371,9.04037345738602,9.272548106530873,9.272548106530873,9.272548106530873,0.964915931224823,0.9665603129265474,ok,True,True,-37.38732632443268,1.8093314425706488,1.0,0.0,0.9804841750435145
1342,1767151984904,5.276027978543589,6.781766170080561,6.920664541529753,6.920664541529753,6.920664541529753,0.9716501832008362,0.9696142350911208,ok,True,True,-38.90550182284255,1.505738191536972,1.0,0.0,0.9804841750435145
1343,1767151984935,4.964792456712022,5.691581942059438,5.6840186598730575,5.6840186598730575,5.6840186598730575,0.9722216725349426,0.9711786975574138,ok,True,True,-38.82283426106252,0.7267894853474157,1.0,0.0,0.9804841750435145
1344,1767151984969,5.560578616289991,5.61297994659777,5.47647909969935,5.47647909969935,5.47647909969935,0.979855477809906,0.9763847657089091,ok,True,True,-37.33086398732045,0.05240133030777905,1.0,0.0,0.9804841750435145
1345,1767151985003,6.251678606940194,5.996199142803224,5.799316287182458,5.799316287182458,5.799316287182458,0.9764879941940308,0.9764467027999821,ok,True,True,-35.178911272959404,0.25547946413697,1.0,0.0,0.9804841750435145
1346,1767151985038,7.5883999132964,6.95151960509913,6.692053292997066,6.692053292997066,6.692053292997066,0.9832576513290405,0.9805332719174171,ok,True,True,-32.34291403565401,0.63688030819727,1.0,0.0,0.9804841750435145
1347,1767151985069,11.598500611661825,9.739708209036746,9.279247887889511,9.279247887889511,9.279247887889511,0.9781173467636108,0.9790837168251334,ok,True,True,-27.310028694652097,1.8587924026250793,1.0,0.0,0.9804841750435145
1348,1767151985099,15.42364052182376,13.150067596708954,12.61646022557062,12.61646022557062,12.61646022557062,0.9784092903137207,0.9786790609182858,ok,True,True,-21.477637514101364,2.273572925114806,1.0,0.0,0.9804841750435145
1349,1767151985132,22.240320886494715,18.604219570580412,17.856045932893426,17.856045932893426,17.856045932893426,0.9826062321662903,0.9810353636670885,ok,True,True,-13.30001186275911,3.6361013159143027,1.0,0.0,0.9804841750435145
1350,1767151985165,31.362114299724304,26.258956408066748,25.271658965765283,25.271658965765283,25.271658965765283,0.9797343611717224,0.980254762169869,ok,True,True,-2.5087349679604447,5.103157891657556,1.0,0.0,0.9804841750435145
1351,1767151985217,40.52941512458136,34.821231637975515,33.746105210420296,33.746105210420296,33.746105210420296,0.9828880429267883,0.9818347306240206,ok,True,True,9.242523041600458,5.708183486605847,1.0,0.0,0.9804841750435145
1352,1767151985251,49.63431136804779,43.70907947601888,42.6315319716677,42.6315319716677,42.6315319716677,0.972784161567688,0.976404389190221,ok,True,True,21.020243704632712,5.925231892028911,1.0,0.0,0.9804841750435145
1353,1767151985292,57.74304473859899,52.12945863356694,51.14762904893995,51.14762904893995,51.14762904893995,0.976755678653717,0.9766151628683186,ok,True,True,31.751756273445622,5.613586105032049,1.0,0.0,0.9804841750435145
1354,1767151985330,64.5649436849519,59.59074966439791,58.76656669717528,58.76656669717528,58.76656669717528,0.9777374267578125,0.9772885212020149,ok,True,True,40.76017281562126,4.974194020553988,1.0,0.0,0.9804841750435145
1355,1767151985367,65.84441002355958,63.34294587989491,62.983829222409796,62.983829222409796,62.983829222409796,0.9625083804130554,0.9684204367286392,ok,True,True,44.685360021032025,2.5014641436646627,1.0,0.0,0.9804841750435145
1356,1767151985401,64.29489357758389,63.9141144985083,63.976527778329505,63.976527778329505,63.976527778329505,0.9765677452087402,0.9733088218166998,ok,True,True,44.00317554895118,0.3807790790755945,1.0,0.0,0.9804841750435145
1357,1767151985434,60.1892319126701,61.67918494700538,62.09928429894936,62.09928429894936,62.09928429894936,0.9834539890289307,0.9793959221440383,ok,True,True,39.411440337336316,1.4899530343352794,1.0,0.0,0.9804841750435145
1358,1767151985466,53.32390609055852,56.666017633137265,57.41902391132173,57.41902391132173,57.41902391132173,0.9744839072227478,0.976448713191264,ok,True,True,31.180993358289875,3.342111542578742,1.0,0.0,0.9804841750435145
1359,1767151985501,45.78334292696215,50.1364128094322,51.06519873912145,51.06519873912145,51.06519873912145,0.974182665348053,0.9750890844853374,ok,True,True,21.029254162140624,4.353069882470052,1.0,0.0,0.9804841750435145
1360,1767151985552,38.454908211933386,43.12751005093291,44.09164019527551,44.09164019527551,44.09164019527551,0.9602972865104675,0.9662140057004155,ok,True,True,10.491198552505704,4.672601838999526,1.0,0.0,0.9804841750435145
1361,1767151985586,30.464345830327932,35.52961151856992,36.52421818559267,36.52421818559267,36.52421818559267,0.9466779232025146,0.9544923562016749,ok,True,True,-0.3799690261681512,5.06526568824199,1.0,0.0,0.9804841750435145
1362,1767151985618,22.403510763452324,27.653951065499363,28.64251605311926,28.64251605311926,28.64251605311926,0.9598240852355957,0.9576913936220274,ok,True,True,-11.185100340032287,5.250440302047039,1.0,0.0,0.9804841750435145
1363,1767151985650,12.323820244750767,18.455872573050208,19.5511561907708,19.5511561907708,19.5511561907708,0.969815731048584,0.9649659960779613,ok,True,True,-23.156678803365047,6.132052328299441,1.0,0.0,0.9804841750435145
1364,1767151985686,5.257860647379857,10.537065417647998,11.456947827880557,11.456947827880557,11.456947827880557,0.961543083190918,0.9629122483457353,ok,True,True,-33.211101487105054,5.279204770268141,1.0,0.0,0.9804841750435145
1365,1767151985716,5.573188272909171,7.558739130804702,7.870251778904675,7.870251778904675,7.870251778904675,0.9636027216911316,0.963326532352973,ok,True,True,-36.61597128403534,1.9855508578955314,1.0,0.0,0.9804841750435145
1366,1767151985754,4.204638216162345,5.546278582019288,5.669429636290901,5.669429636290901,5.669429636290901,0.9786964058876038,0.9725484564737514,ok,True,True,-37.962026757888744,1.341640365856943,1.0,0.0,0.9804841750435145
1367,1767151985786,5.223163975998823,5.3524098184070095,5.246564423779955,5.246564423779955,5.246564423779955,0.980347752571106,0.9772280341321642,ok,True,True,-36.805124174613326,0.12924584240818682,1.0,0.0,0.9804841750435145
1368,1767151985822,6.350406355984986,5.951207740953795,5.735642129206488,5.735642129206488,5.735642129206488,0.9762381315231323,0.976634092566745,ok,True,True,-34.448966743536374,0.3991986150311906,1.0,0.0,0.9804841750435145
1369,1767151985856,7.530369055099563,6.898704529441256,6.640741823584472,6.640741823584472,6.640741823584472,0.9782618880271912,0.9776107698430128,ok,True,True,-31.62940409892653,0.6316645256583069,1.0,0.0,0.9804841750435145
1370,1767151985888,10.360972588619394,8.976065364948138,8.597760191083854,8.597760191083854,8.597760191083854,0.9834055304527283,0.981087626208842,ok,True,True,-27.49448415789227,1.3849072236712558,1.0,0.0,0.9804841750435145
1371,1767151985920,15.830080675331132,13.088474551177935,12.484996757855882,12.484996757855882,12.484996757855882,0.9876603484153748,0.9850312595327617,ok,True,True,-20.898401064210095,2.741606124153197,1.0,0.0,0.9804841750435145
1372,1767151985953,22.519526501152768,18.747105721162836,17.970467794173608,17.970467794173608,17.970467794173608,0.9798626899719238,0.9819301177962589,ok,True,True,-12.409657390766915,3.7724207799899325,1.0,0.0,0.9804841750435145
1373,1767151985983,31.330469464106617,26.297123966929103,25.321649301061935,25.321649301061935,25.321649301061935,0.9800741076469421,0.980816511706669,ok,True,True,-1.7476048296911877,5.033345497177514,1.0,0.0,0.9804841750435145
1374,1767151986036,40.867094142358624,35.03910607218682,33.94807427165536,33.94807427165536,33.94807427165536,0.9802242517471313,0.9804611557309464,ok,True,True,10.17750077285201,5.827988070171806,1.0,0.0,0.9804841750435145
1375,1767151986069,49.81918019886481,43.90715054819361,42.83351640088456,42.83351640088456,42.83351640088456,0.9626337885856628,0.9697647354437763,ok,True,True,21.91244798421669,5.912029650671194,1.0,0.0,0.9804841750435145
1376,1767151986101,58.88704635226861,52.89508803063861,51.8536712521469,51.8536712521469,51.8536712521469,0.9693138599395752,0.9694942101412556,ok,True,True,33.29525557399037,5.991958321630001,1.0,0.0,0.9804841750435145
1377,1767151986135,65.32367258601136,60.35223876386226,59.52760971484716,59.52760971484716,59.52760971484716,0.9702808856964111,0.9699662154743489,ok,True,True,42.30854784250133,4.971433822149095,1.0,0.0,0.9804841750435145
1378,1767151986177,66.69172837180592,64.15593252862845,63.79677891489862,63.79677891489862,63.79677891489862,0.9774177670478821,0.9744371464184689,ok,True,True,46.23413898400333,2.5357958431774676,1.0,0.0,0.9804841750435145
1379,1767151986216,65.89108414452784,65.19702349816808,65.21274810098619,65.21274810098619,65.21274810098619,0.9782304167747498,0.9767131086322374,ok,True,True,46.06226723006121,0.694060646359759,1.0,0.0,0.9804841750435145
1380,1767151986259,64.17972844570826,64.58664646669219,64.82788487028938,64.82788487028938,64.82788487028938,0.9807714223861694,0.9791480968845967,ok,True,True,43.42550317159464,0.40691802098392316,1.0,0.0,0.9804841750435145
1381,1767151986300,62.059673890076226,63.070462920722605,63.428154583983606,63.428154583983606,63.428154583983606,0.9728322625160217,0.9753585962634517,ok,True,True,39.51589132026372,1.0107890306463787,1.0,0.0,0.9804841750435145
1382,1767151986335,45.28857195641732,52.401328342139436,53.779000230760495,53.779000230760495,53.779000230760495,0.9435227513313293,0.9562570893041783,ok,True,True,24.45777592027406,7.112756385722115,1.0,0.0,0.9804841750435145
1383,1767151986373,36.03882558725665,42.58382668920977,43.92426781322627,43.92426781322627,43.92426781322627,0.9498183727264404,0.9523938593575355,ok,True,True,9.806597146106405,6.545001101953119,1.0,0.0,0.9804841750435145
1384,1767151986410,25.89329932718193,32.56951027199307,33.87325648208385,33.87325648208385,33.87325648208385,0.9600611925125122,0.9569942592505216,ok,True,True,-4.443501913036215,6.676210944811139,1.0,0.0,0.9804841750435145
1385,1767151986442,15.27898005823909,22.19519214374068,23.482008053491214,23.482008053491214,23.482008053491214,0.9647988080978394,0.9616769885589123,ok,True,True,-18.508550802841945,6.91621208550159,1.0,0.0,0.9804841750435145
1386,1767151986476,9.711753440167898,14.705128921597012,15.615829022525983,15.615829022525983,15.615829022525983,0.9613704085350037,0.9614930405445672,ok,True,True,-28.4626097684326,4.993375481429114,1.0,0.0,0.9804841750435145
1387,1767151986513,5.3975209280754255,9.12056412548406,9.739590260511253,9.739590260511253,9.739590260511253,0.9856017827987671,0.9759582858970872,ok,True,True,-35.22863806140952,3.723043197408635,1.0,0.0,0.9804841750435145
1388,1767151986557,-5.279208669594705,0.4807004484368016,1.382993734816794,1.382993734816794,1.382993734816794,0.9798002243041992,0.9782634489413544,ok,True,True,-45.090809557516046,5.759909118031507,1.0,0.0,0.9804841750435145
1389,1767151986589,-17.18622464612305,-10.119454608299108,-9.003455218781118,-9.003455218781118,-9.003455218781118,0.9662512540817261,0.9710561320255774,ok,True,True,-57.28881383740318,7.066770037823943,1.0,0.0,0.9804841750435145
1390,1767151986621,-35.000249783715255,-25.047931713548795,-23.470392104026278,-23.470392104026278,-23.470392104026278,0.9675108790397644,0.9689289802340897,ok,True,True,-74.53150687951884,9.95231807016646,1.0,0.0,0.9804841750435145
1391,1767151986652,-51.24384679091569,-40.76548075996893,-39.11251132794838,-39.11251132794838,-39.11251132794838,0.9725980758666992,0.9711304376136554,ok,True,True,-92.59865673254684,10.47836603094676,1.0,0.0,0.9804841750435145
1392,1767151986693,-71.77106886885699,-59.36883362530176,-57.452585225935096,-57.452585225935096,-57.452585225935096,0.9811679124832153,0.9771529225353913,invalid,True,True,-113.54347659207843,12.402235243555225,1.0,0.0,0.9804841750435145
1393,1767151986730,-91.90556393854769,-78.89087181324932,-76.92062783412406,-76.92062783412406,-76.92062783412406,0.9652037620544434,0.9699834262468225,invalid,True,True,-135.07847447426528,13.014692125298367,1.0,0.0,0.9804841750435145
1394,1767151986761,-113.73113522967382,-99.79502986310402,-97.74462099798237,-97.74462099798237,-97.74462099798237,0.9778951406478882,0.9747304548874619,invalid,True,True,-157.4896839670186,13.936105366569805,1.0,0.0,0.9804841750435145
1395,1767151986793,-131.64810091407833,-118.90687249368861,-117.13092505875895,-117.13092505875895,-117.13092505875895,0.9603363275527954,0.966093978486662,invalid,True,True,-176.90099782220184,12.741228420389717,1.0,0.0,0.9804841750435145
1396,1767151986830,-147.54573986505122,-136.09019291650617,-134.63232677464882,-134.63232677464882,-134.63232677464882,0.9449617862701416,0.9534146631567497,invalid,True,True,-192.83564582013605,11.455546948545049,1.0,0.0,0.9804841750435145
1397,1767151986873,-156.5797714475721,-148.38394003514574,-147.56656174787577,-147.56656174787577,-147.56656174787577,0.9721760153770447,0.9646714744889267,invalid,True,True,-201.7696864119613,8.195831412426372,1.0,0.0,0.9804841750435145
1398,1767151986908,-162.4410289352007,-156.8181933751787,-156.53627836043987,-156.53627836043987,-156.53627836043987,0.994674801826477,0.982673470891457,invalid,True,True,-204.85105060323937,5.622835560021997,1.0,0.0,0.9804841750435145
1399,1767151986946,-152.51234106608166,-154.23468198972049,-155.25364445703062,-155.25364445703062,-155.25364445703062,0.8779346346855164,0.9198301691678926,invalid,True,True,-193.71367126949113,1.722340923638825,1.0,0.0,0.9804841750435145
1400,1767151986983,-170.9839103692689,-164.28421901744952,-163.99700529133753,-163.99700529133753,-163.99700529133753,0.9893416166305542,0.9615370376454895,invalid,True,True,-196.8529509978334,6.699691351819382,1.0,0.0,0.9804841750435145
1401,1767151987000,-154.6662847922948,-158.51345848235667,-159.8577923374274,-159.8577923374274,-159.8577923374274,0.6044189929962158,0.7472662108559254,invalid,True,True,-182.15922421646607,3.8471736900618794,1.0,0.0,0.9804841750435145
1402,1767151987058,-154.96586758906008,-156.3849039463787,-157.45017166308685,-157.45017166308685,-157.45017166308685,0.7687344551086426,0.7601471574075557,invalid,True,True,-170.5157230732943,1.4190363573186175,1.0,0.0,0.9804841750435145
1403,1767151987097,-199.35357015806267,-182.16610367338907,-180.0420024032966,-180.0420024032966,-180.0420024032966,0.9960031509399414,0.9016607535269872,invalid,True,True,-193.7323991995172,17.187466484673593,1.0,0.0,0.9804841750435145
1404,1767151987124,-193.25738310052535,-188.82087132967084,-188.56181923436426,-188.56181923436426,-188.56181923436426,0.9584688544273376,0.9357456140671975,invalid,True,True,-196.56386899864316,4.4365117708545085,1.0,0.0,0.9804841750435145
1405,1767151987169,-203.6406795516501,-197.71275626285836,-197.4227126586609,-197.4227126586609,-197.4227126586609,0.9665983319282532,0.9542572447838309,invalid,True,True,-199.73407962652044,5.927923288791732,1.0,0.0,0.9804841750435145
1406,1767151987193,-244.43446259300632,-225.74578006094714,-223.3277979230535,-223.3277979230535,-223.3277979230535,0.9990955591201782,0.9811602333856393,invalid,True,True,-226.1629081220773,18.688682532059175,1.0,0.0,0.9804841750435145
1407,1767151987220,-276.87056637663727,-256.4206518503612,-253.56865190158518,-253.56865190158518,-253.56865190158518,0.9965032935142517,0.9903660694628067,invalid,True,True,-257.3356022186513,20.449914526276075,1.0,0.0,0.9804841750435145
1408,1767151987422,0.0,0.0,0.0,0.0,-253.56865190158518,0.0,0.3961464277851227,ok,False,False,-257.3356022186513,0.0,1.0,0.0,0.9804841750435145
1409,1767151987439,0.0,0.0,0.0,0.0,-253.56865190158518,0.0,0.1584585711140491,soft,False,False,-257.3356022186513,0.0,1.0,0.0,0.9804841750435145
1410,1767151987459,0.0,0.0,0.0,0.0,-253.56865190158518,0.0,0.06338342844561964,hard,False,False,-257.3356022186513,0.0,1.0,0.0,0.9804841750435145
1411,1767151987478,0.0,0.0,0.0,0.0,-253.56865190158518,0.0,0.02535337137824786,hard,False,False,-257.3356022186513,0.0,1.0,0.0,0.9804841750435145
1412,1767151987497,0.0,0.0,0.0,0.0,-253.56865190158518,0.0,0.010141348551299145,hard,False,False,-257.3356022186513,0.0,1.0,0.0,0.9804841750435145
1413,1767151987528,0.0,0.0,0.0,0.0,-253.56865190158518,0.0,0.004056539420519658,hard,False,False,-257.3356022186513,0.0,1.0,0.0,0.9804841750435145
1414,1767151987562,0.0,0.0,0.0,0.0,-253.56865190158518,0.0,0.0016226157682078632,hard,False,False,-257.3356022186513,0.0,1.0,0.0,0.9804841750435145
1415,1767151987588,0.0,0.0,0.0,0.0,-253.56865190158518,0.0,0.0006490463072831453,hard,False,False,-257.3356022186513,0.0,1.0,0.0,0.9804841750435145
1416,1767151987620,0.0,0.0,0.0,0.0,-253.56865190158518,0.0,0.00025961852291325814,hard,False,False,-257.3356022186513,0.0,1.0,0.0,0.9804841750435145
1417,1767151987643,0.0,0.0,0.0,0.0,-253.56865190158518,0.0,0.00010384740916530327,hard,False,False,-257.3356022186513,0.0,1.0,0.0,0.9804841750435145
1418,1767151987665,0.0,0.0,0.0,0.0,-253.56865190158518,0.0,4.153896366612131e-05,hard,False,False,-257.3356022186513,0.0,1.0,0.0,0.9804841750435145
1419,1767151987688,0.0,0.0,0.0,0.0,-253.56865190158518,0.0,1.6615585466448524e-05,hard,False,False,-257.3356022186513,0.0,1.0,0.0,0.9804841750435145
1420,1767151987721,0.0,0.0,0.0,0.0,-253.56865190158518,0.0,6.6462341865794105e-06,hard,False,False,-257.3356022186513,0.0,1.0,0.0,0.9804841750435145
1421,1767151987754,0.0,0.0,0.0,0.0,-253.56865190158518,0.0,2.6584936746317644e-06,hard,False,False,-257.3356022186513,0.0,1.0,0.0,0.9804841750435145
1422,1767151987788,0.0,0.0,0.0,0.0,-253.56865190158518,0.0,1.0633974698527058e-06,hard,False,False,-257.3356022186513,0.0,1.0,0.0,0.9804841750435145
1423,1767151987877,0.0,0.0,0.0,0.0,-253.56865190158518,0.0,4.253589879410824e-07,hard,False,False,-257.3356022186513,0.0,1.0,0.0,0.9804841750435145
1424,1767151987897,0.0,0.0,0.0,0.0,-253.56865190158518,0.0,1.7014359517643297e-07,hard,False,False,-257.3356022186513,0.0,1.0,0.0,0.9804841750435145
1425,1767151987920,0.0,0.0,0.0,0.0,-253.56865190158518,0.0,6.80574380705732e-08,hard,False,False,-257.3356022186513,0.0,1.0,0.0,0.9804841750435145
1426,1767151987941,0.0,0.0,0.0,0.0,-253.56865190158518,0.0,2.722297522822928e-08,hard,False,False,-257.3356022186513,0.0,1.0,0.0,0.9804841750435145
1427,1767151987961,0.0,0.0,0.0,0.0,-253.56865190158518,0.0,1.0889190091291712e-08,hard,False,False,-257.3356022186513,0.0,1.0,0.0,0.9804841750435145
1428,1767151987988,0.0,0.0,0.0,0.0,-253.56865190158518,0.0,4.355676036516685e-09,hard,False,False,-257.3356022186513,0.0,1.0,0.0,0.9804841750435145
1429,1767151988021,0.0,0.0,0.0,0.0,-253.56865190158518,0.0,1.742270414606674e-09,hard,False,False,-257.3356022186513,0.0,1.0,0.0,0.9804841750435145
1430,1767151988059,0.0,0.0,0.0,0.0,-253.56865190158518,0.0,6.969081658426697e-10,hard,False,False,-257.3356022186513,0.0,1.0,0.0,0.9804841750435145
1431,1767151988087,0.0,0.0,0.0,0.0,-253.56865190158518,0.0,2.7876326633706787e-10,hard,False,False,-257.3356022186513,0.0,1.0,0.0,0.9804841750435145
1432,1767151988121,0.0,0.0,0.0,0.0,-253.56865190158518,0.0,1.1150530653482715e-10,hard,False,False,-257.3356022186513,0.0,1.0,0.0,0.9804841750435145
1433,1767151988154,0.0,0.0,0.0,0.0,-253.56865190158518,0.0,4.460212261393086e-11,hard,False,False,-257.3356022186513,0.0,1.0,0.0,0.9804841750435145
1434,1767151988188,0.0,0.0,0.0,0.0,-253.56865190158518,0.0,1.7840849045572345e-11,hard,False,False,-257.3356022186513,0.0,1.0,0.0,0.9804841750435145
1435,1767151988221,0.0,0.0,0.0,0.0,-253.56865190158518,0.0,7.136339618228939e-12,hard,False,False,-257.3356022186513,0.0,1.0,0.0,0.9804841750435145
1436,1767151988254,0.0,0.0,0.0,0.0,-253.56865190158518,0.0,2.8545358472915757e-12,hard,False,False,-257.3356022186513,0.0,1.0,0.0,0.9804841750435145
1437,1767151988287,0.0,0.0,0.0,0.0,-253.56865190158518,0.0,1.1418143389166304e-12,hard,False,False,-257.3356022186513,0.0,1.0,0.0,0.9804841750435145
1438,1767151988321,0.0,0.0,0.0,0.0,-253.56865190158518,0.0,4.567257355666522e-13,hard,False,False,-257.3356022186513,0.0,1.0,0.0,0.9804841750435145
1439,1767151988354,0.0,0.0,0.0,0.0,-253.56865190158518,0.0,1.8269029422666088e-13,hard,False,False,-257.3356022186513,0.0,1.0,0.0,0.9804841750435145
1440,1767151988387,0.0,0.0,0.0,0.0,-253.56865190158518,0.0,7.307611769066436e-14,hard,False,False,-257.3356022186513,0.0,1.0,0.0,0.9804841750435145
1441,1767151988421,0.0,0.0,0.0,0.0,-253.56865190158518,0.0,2.923044707626575e-14,hard,False,False,-257.3356022186513,0.0,1.0,0.0,0.9804841750435145
1442,1767151988487,0.0,0.0,0.0,0.0,-253.56865190158518,0.0,1.16921788305063e-14,hard,False,False,-257.3356022186513,0.0,1.0,0.0,0.9804841750435145
1443,1767151988521,0.0,0.0,0.0,0.0,-253.56865190158518,0.0,4.6768715322025205e-15,hard,False,False,-257.3356022186513,0.0,1.0,0.0,0.9804841750435145
1444,1767151988554,0.0,0.0,0.0,0.0,-253.56865190158518,0.0,1.870748612881008e-15,hard,False,False,-257.3356022186513,0.0,1.0,0.0,0.9804841750435145
1445,1767151988588,0.0,0.0,0.0,0.0,-253.56865190158518,0.0,7.482994451524032e-16,hard,False,False,-257.3356022186513,0.0,1.0,0.0,0.9804841750435145
1446,1767151988621,0.0,0.0,0.0,0.0,-253.56865190158518,0.0,2.993197780609613e-16,hard,False,False,-257.3356022186513,0.0,1.0,0.0,0.9804841750435145
1447,1767151988654,0.0,0.0,0.0,0.0,-253.56865190158518,0.0,1.1972791122438453e-16,hard,False,False,-257.3356022186513,0.0,1.0,0.0,0.9804841750435145
1448,1767151988688,0.0,0.0,0.0,0.0,-253.56865190158518,0.0,4.7891164489753815e-17,hard,False,False,-257.3356022186513,0.0,1.0,0.0,0.9804841750435145
1449,1767151988721,0.0,0.0,0.0,0.0,-253.56865190158518,0.0,1.9156465795901527e-17,hard,False,False,-257.3356022186513,0.0,1.0,0.0,0.9804841750435145
1450,1767151988754,0.0,0.0,0.0,0.0,-253.56865190158518,0.0,7.662586318360611e-18,hard,False,False,-257.3356022186513,0.0,1.0,0.0,0.9804841750435145
1451,1767151988789,0.0,0.0,0.0,0.0,-253.56865190158518,0.0,3.0650345273442447e-18,hard,False,False,-257.3356022186513,0.0,1.0,0.0,0.9804841750435145
1452,1767151988821,0.0,0.0,0.0,0.0,-253.56865190158518,0.0,1.226013810937698e-18,hard,False,False,-257.3356022186513,0.0,1.0,0.0,0.9804841750435145
1453,1767151988856,0.0,0.0,0.0,0.0,-253.56865190158518,0.0,4.904055243750792e-19,hard,False,False,-257.3356022186513,0.0,1.0,0.0,0.9804841750435145
1454,1767151988887,0.0,0.0,0.0,0.0,-253.56865190158518,0.0,1.961622097500317e-19,hard,False,False,-257.3356022186513,0.0,1.0,0.0,0.9804841750435145
1455,1767151988920,0.0,0.0,0.0,0.0,-253.56865190158518,0.0,7.846488390001268e-20,hard,False,False,-257.3356022186513,0.0,1.0,0.0,0.9804841750435145
1456,1767151988954,0.0,0.0,0.0,0.0,-253.56865190158518,0.0,3.1385953560005076e-20,hard,False,False,-257.3356022186513,0.0,1.0,0.0,0.9804841750435145
1457,1767151988987,0.0,0.0,0.0,0.0,-253.56865190158518,0.0,1.2554381424002031e-20,hard,False,False,-257.3356022186513,0.0,1.0,0.0,0.9804841750435145
1458,1767151989021,0.0,0.0,0.0,0.0,-253.56865190158518,0.0,5.021752569600813e-21,hard,False,False,-257.3356022186513,0.0,1.0,0.0,0.9804841750435145
1459,1767151989054,0.0,0.0,0.0,0.0,-253.56865190158518,0.0,2.0087010278403252e-21,hard,False,False,-257.3356022186513,0.0,1.0,0.0,0.9804841750435145
1460,1767151989087,0.0,0.0,0.0,0.0,-253.56865190158518,0.0,8.034804111361302e-22,hard,False,False,-257.3356022186513,0.0,1.0,0.0,0.9804841750435145
1461,1767151989121,0.0,0.0,0.0,0.0,-253.56865190158518,0.0,3.213921644544521e-22,hard,False,False,-257.3356022186513,0.0,1.0,0.0,0.9804841750435145
1462,1767151989154,0.0,0.0,0.0,0.0,-253.56865190158518,0.0,1.2855686578178086e-22,hard,False,False,-257.3356022186513,0.0,1.0,0.0,0.9804841750435145
1463,1767151989188,0.0,0.0,0.0,0.0,-253.56865190158518,0.0,5.1422746312712346e-23,hard,False,False,-257.3356022186513,0.0,1.0,0.0,0.9804841750435145
1464,1767151989220,0.0,0.0,0.0,0.0,-253.56865190158518,0.0,2.056909852508494e-23,hard,False,False,-257.3356022186513,0.0,1.0,0.0,0.9804841750435145
1465,1767151989254,0.0,0.0,0.0,0.0,-253.56865190158518,0.0,8.227639410033977e-24,hard,False,False,-257.3356022186513,0.0,1.0,0.0,0.9804841750435145
1466,1767151989287,0.0,0.0,0.0,0.0,-253.56865190158518,0.0,3.291055764013591e-24,hard,False,False,-257.3356022186513,0.0,1.0,0.0,0.9804841750435145
1467,1767151989321,0.0,0.0,0.0,0.0,-253.56865190158518,0.0,1.3164223056054365e-24,hard,False,False,-257.3356022186513,0.0,1.0,0.0,0.9804841750435145
1468,1767151989354,0.0,0.0,0.0,0.0,-253.56865190158518,0.0,5.265689222421746e-25,hard,False,False,-257.3356022186513,0.0,1.0,0.0,0.9804841750435145
1469,1767151989387,0.0,0.0,0.0,0.0,-253.56865190158518,0.0,2.106275688968699e-25,hard,False,False,-257.3356022186513,0.0,1.0,0.0,0.9804841750435145
1470,1767151989420,0.0,0.0,0.0,0.0,-253.56865190158518,0.0,8.425102755874795e-26,hard,False,False,-257.3356022186513,0.0,1.0,0.0,0.9804841750435145
1471,1767151989454,0.0,0.0,0.0,0.0,-253.56865190158518,0.0,3.3700411023499185e-26,hard,False,False,-257.3356022186513,0.0,1.0,0.0,0.9804841750435145
1472,1767151989487,0.0,0.0,0.0,0.0,-253.56865190158518,0.0,1.3480164409399675e-26,hard,False,False,-257.3356022186513,0.0,1.0,0.0,0.9804841750435145
1473,1767151989521,0.0,0.0,0.0,0.0,-253.56865190158518,0.0,5.39206576375987e-27,hard,False,False,-257.3356022186513,0.0,1.0,0.0,0.9804841750435145
1474,1767151989554,0.0,0.0,0.0,0.0,-253.56865190158518,0.0,2.156826305503948e-27,hard,False,False,-257.3356022186513,0.0,1.0,0.0,0.9804841750435145
1475,1767151989587,0.0,0.0,0.0,0.0,-253.56865190158518,0.0,8.627305222015792e-28,hard,False,False,-257.3356022186513,0.0,1.0,0.0,0.9804841750435145
1476,1767151989620,0.0,0.0,0.0,0.0,-253.56865190158518,0.0,3.450922088806317e-28,hard,False,False,-257.3356022186513,0.0,1.0,0.0,0.9804841750435145
1477,1767151989654,0.0,0.0,0.0,0.0,-253.56865190158518,0.0,1.380368835522527e-28,hard,False,False,-257.3356022186513,0.0,1.0,0.0,0.9804841750435145
1478,1767151989687,0.0,0.0,0.0,0.0,-253.56865190158518,0.0,5.521475342090108e-29,hard,False,False,-257.3356022186513,0.0,1.0,0.0,0.9804841750435145
1479,1767151989720,0.0,0.0,0.0,0.0,-253.56865190158518,0.0,2.2085901368360432e-29,hard,False,False,-257.3356022186513,0.0,1.0,0.0,0.9804841750435145
1480,1767151989757,0.0,0.0,0.0,0.0,-253.56865190158518,0.0,8.834360547344173e-30,hard,False,False,-257.3356022186513,0.0,1.0,0.0,0.9804841750435145
1481,1767151989787,0.0,0.0,0.0,0.0,-253.56865190158518,0.0,3.5337442189376694e-30,hard,False,False,-257.3356022186513,0.0,1.0,0.0,0.9804841750435145
1482,1767151989820,0.0,0.0,0.0,0.0,-253.56865190158518,0.0,1.4134976875750678e-30,hard,False,False,-257.3356022186513,0.0,1.0,0.0,0.9804841750435145
1483,1767151989854,0.0,0.0,0.0,0.0,-253.56865190158518,0.0,5.653990750300271e-31,hard,False,False,-257.3356022186513,0.0,1.0,0.0,0.9804841750435145
1484,1767151989888,0.0,0.0,0.0,0.0,-253.56865190158518,0.0,2.2615963001201086e-31,hard,False,False,-257.3356022186513,0.0,1.0,0.0,0.9804841750435145
1485,1767151989921,0.0,0.0,0.0,0.0,-253.56865190158518,0.0,9.046385200480435e-32,hard,False,False,-257.3356022186513,0.0,1.0,0.0,0.9804841750435145
1486,1767151989954,0.0,0.0,0.0,0.0,-253.56865190158518,0.0,3.6185540801921745e-32,hard,False,False,-257.3356022186513,0.0,1.0,0.0,0.9804841750435145
1487,1767151989988,0.0,0.0,0.0,0.0,-253.56865190158518,0.0,1.44742163207687e-32,hard,False,False,-257.3356022186513,0.0,1.0,0.0,0.9804841750435145
1488,1767151990021,0.0,0.0,0.0,0.0,-253.56865190158518,0.0,5.78968652830748e-33,hard,False,False,-257.3356022186513,0.0,1.0,0.0,0.9804841750435145
1489,1767151990054,0.0,0.0,0.0,0.0,-253.56865190158518,0.0,2.3158746113229922e-33,hard,False,False,-257.3356022186513,0.0,1.0,0.0,0.9804841750435145
1490,1767151990088,0.0,0.0,0.0,0.0,-253.56865190158518,0.0,9.26349844529197e-34,hard,False,False,-257.3356022186513,0.0,1.0,0.0,0.9804841750435145
1491,1767151990121,0.0,0.0,0.0,0.0,-253.56865190158518,0.0,3.705399378116788e-34,hard,False,False,-257.3356022186513,0.0,1.0,0.0,0.9804841750435145
1492,1767151990156,0.0,0.0,0.0,0.0,-253.56865190158518,0.0,1.4821597512467153e-34,hard,False,False,-257.3356022186513,0.0,1.0,0.0,0.9804841750435145
1493,1767151990187,0.0,0.0,0.0,0.0,-253.56865190158518,0.0,5.928639004986861e-35,hard,False,False,-257.3356022186513,0.0,1.0,0.0,0.9804841750435145
1494,1767151990221,0.0,0.0,0.0,0.0,-253.56865190158518,0.0,2.3714556019947446e-35,hard,False,False,-257.3356022186513,0.0,1.0,0.0,0.9804841750435145
1495,1767151990254,0.0,0.0,0.0,0.0,-253.56865190158518,0.0,9.485822407978979e-36,hard,False,False,-257.3356022186513,0.0,1.0,0.0,0.9804841750435145
1496,1767151990287,0.0,0.0,0.0,0.0,-253.56865190158518,0.0,3.7943289631915914e-36,hard,False,False,-257.3356022186513,0.0,1.0,0.0,0.9804841750435145
1497,1767151990321,0.0,0.0,0.0,0.0,-253.56865190158518,0.0,1.5177315852766366e-36,hard,False,False,-257.3356022186513,0.0,1.0,0.0,0.9804841750435145
1498,1767151990354,0.0,0.0,0.0,0.0,-253.56865190158518,0.0,6.070926341106547e-37,hard,False,False,-257.3356022186513,0.0,1.0,0.0,0.9804841750435145
1499,1767151990387,0.0,0.0,0.0,0.0,-253.56865190158518,0.0,2.428370536442619e-37,hard,False,False,-257.3356022186513,0.0,1.0,0.0,0.9804841750435145
1500,1767151990421,0.0,0.0,0.0,0.0,-253.56865190158518,0.0,9.713482145770476e-38,hard,False,False,-257.3356022186513,0.0,1.0,0.0,0.9804841750435145
1501,1767151990454,0.0,0.0,0.0,0.0,-253.56865190158518,0.0,3.8853928583081903e-38,hard,False,False,-257.3356022186513,0.0,1.0,0.0,0.9804841750435145
1502,1767151990487,0.0,0.0,0.0,0.0,-253.56865190158518,0.0,1.554157143323276e-38,hard,False,False,-257.3356022186513,0.0,1.0,0.0,0.9804841750435145
1503,1767151990521,0.0,0.0,0.0,0.0,-253.56865190158518,0.0,6.216628573293105e-39,hard,False,False,-257.3356022186513,0.0,1.0,0.0,0.9804841750435145
1504,1767151990555,0.0,0.0,0.0,0.0,-253.56865190158518,0.0,2.486651429317242e-39,hard,False,False,-257.3356022186513,0.0,1.0,0.0,0.9804841750435145
1505,1767151990590,0.0,0.0,0.0,0.0,-253.56865190158518,0.0,9.946605717268968e-40,hard,False,False,-257.3356022186513,0.0,1.0,0.0,0.9804841750435145
1506,1767151990621,0.0,0.0,0.0,0.0,-253.56865190158518,0.0,3.978642286907587e-40,hard,False,False,-257.3356022186513,0.0,1.0,0.0,0.9804841750435145
1507,1767151990654,0.0,0.0,0.0,0.0,-253.56865190158518,0.0,1.591456914763035e-40,hard,False,False,-257.3356022186513,0.0,1.0,0.0,0.9804841750435145
1508,1767151990688,0.0,0.0,0.0,0.0,-253.56865190158518,0.0,6.365827659052141e-41,hard,False,False,-257.3356022186513,0.0,1.0,0.0,0.9804841750435145
1509,1767151990721,0.0,0.0,0.0,0.0,-253.56865190158518,0.0,2.5463310636208565e-41,hard,False,False,-257.3356022186513,0.0,1.0,0.0,0.9804841750435145
1510,1767151990756,0.0,0.0,0.0,0.0,-253.56865190158518,0.0,1.0185324254483427e-41,hard,False,False,-257.3356022186513,0.0,1.0,0.0,0.9804841750435145
1511,1767151990793,0.0,0.0,0.0,0.0,-253.56865190158518,0.0,4.074129701793371e-42,hard,False,False,-257.3356022186513,0.0,1.0,0.0,0.9804841750435145
1512,1767151990821,0.0,0.0,0.0,0.0,-253.56865190158518,0.0,1.6296518807173484e-42,hard,False,False,-257.3356022186513,0.0,1.0,0.0,0.9804841750435145
1513,1767151990854,0.0,0.0,0.0,0.0,-253.56865190158518,0.0,6.518607522869394e-43,hard,False,False,-257.3356022186513,0.0,1.0,0.0,0.9804841750435145
1514,1767151990888,0.0,0.0,0.0,0.0,-253.56865190158518,0.0,2.607443009147758e-43,hard,False,False,-257.3356022186513,0.0,1.0,0.0,0.9804841750435145
1515,1767151990921,0.0,0.0,0.0,0.0,-253.56865190158518,0.0,1.0429772036591031e-43,hard,False,False,-257.3356022186513,0.0,1.0,0.0,0.9804841750435145
1516,1767151990955,0.0,0.0,0.0,0.0,-253.56865190158518,0.0,4.1719088146364126e-44,hard,False,False,-257.3356022186513,0.0,1.0,0.0,0.9804841750435145
1517,1767151990987,0.0,0.0,0.0,0.0,-253.56865190158518,0.0,1.6687635258545652e-44,hard,False,False,-257.3356022186513,0.0,1.0,0.0,0.9804841750435145
1518,1767151991021,0.0,0.0,0.0,0.0,-253.56865190158518,0.0,6.675054103418261e-45,hard,False,False,-257.3356022186513,0.0,1.0,0.0,0.9804841750435145
1519,1767151991056,0.0,0.0,0.0,0.0,-253.56865190158518,0.0,2.6700216413673046e-45,hard,False,False,-257.3356022186513,0.0,1.0,0.0,0.9804841750435145
1520,1767151991087,0.0,0.0,0.0,0.0,-253.56865190158518,0.0,1.0680086565469219e-45,hard,False,False,-257.3356022186513,0.0,1.0,0.0,0.9804841750435145
1521,1767151991122,0.0,0.0,0.0,0.0,-253.56865190158518,0.0,4.272034626187688e-46,hard,False,False,-257.3356022186513,0.0,1.0,0.0,0.9804841750435145
1522,1767151991154,0.0,0.0,0.0,0.0,-253.56865190158518,0.0,1.7088138504750753e-46,hard,False,False,-257.3356022186513,0.0,1.0,0.0,0.9804841750435145
1523,1767151991187,0.0,0.0,0.0,0.0,-253.56865190158518,0.0,6.835255401900301e-47,hard,False,False,-257.3356022186513,0.0,1.0,0.0,0.9804841750435145
1524,1767151991220,0.0,0.0,0.0,0.0,-253.56865190158518,0.0,2.7341021607601206e-47,hard,False,False,-257.3356022186513,0.0,1.0,0.0,0.9804841750435145
1525,1767151991254,0.0,0.0,0.0,0.0,-253.56865190158518,0.0,1.0936408643040483e-47,hard,False,False,-257.3356022186513,0.0,1.0,0.0,0.9804841750435145
1526,1767151991287,0.0,0.0,0.0,0.0,-253.56865190158518,0.0,4.3745634572161934e-48,hard,False,False,-257.3356022186513,0.0,1.0,0.0,0.9804841750435145
1527,1767151991320,0.0,0.0,0.0,0.0,-253.56865190158518,0.0,1.7498253828864775e-48,hard,False,False,-257.3356022186513,0.0,1.0,0.0,0.9804841750435145
1528,1767151991355,0.0,0.0,0.0,0.0,-253.56865190158518,0.0,6.99930153154591e-49,hard,False,False,-257.3356022186513,0.0,1.0,0.0,0.9804841750435145
1529,1767151991421,0.0,0.0,0.0,0.0,-253.56865190158518,0.0,2.7997206126183644e-49,hard,False,False,-257.3356022186513,0.0,1.0,0.0,0.9804841750435145
1530,1767151991455,0.0,0.0,0.0,0.0,-253.56865190158518,0.0,1.1198882450473458e-49,hard,False,False,-257.3356022186513,0.0,1.0,0.0,0.9804841750435145
1531,1767151991489,0.0,0.0,0.0,0.0,-253.56865190158518,0.0,4.479552980189383e-50,hard,False,False,-257.3356022186513,0.0,1.0,0.0,0.9804841750435145
1532,1767151991520,0.0,0.0,0.0,0.0,-253.56865190158518,0.0,1.7918211920757534e-50,hard,False,False,-257.3356022186513,0.0,1.0,0.0,0.9804841750435145
1533,1767151991554,0.0,0.0,0.0,0.0,-253.56865190158518,0.0,7.167284768303014e-51,hard,False,False,-257.3356022186513,0.0,1.0,0.0,0.9804841750435145
1534,1767151991587,0.0,0.0,0.0,0.0,-253.56865190158518,0.0,2.866913907321206e-51,hard,False,False,-257.3356022186513,0.0,1.0,0.0,0.9804841750435145
1535,1767151991620,0.0,0.0,0.0,0.0,-253.56865190158518,0.0,1.1467655629284823e-51,hard,False,False,-257.3356022186513,0.0,1.0,0.0,0.9804841750435145
1536,1767151991657,0.0,0.0,0.0,0.0,-253.56865190158518,0.0,4.5870622517139294e-52,hard,False,False,-257.3356022186513,0.0,1.0,0.0,0.9804841750435145
1537,1767151991687,0.0,0.0,0.0,0.0,-253.56865190158518,0.0,1.834824900685572e-52,hard,False,False,-257.3356022186513,0.0,1.0,0.0,0.9804841750435145
1538,1767151991722,0.0,0.0,0.0,0.0,-253.56865190158518,0.0,7.3392996027422885e-53,hard,False,False,-257.3356022186513,0.0,1.0,0.0,0.9804841750435145
1539,1767151991754,0.0,0.0,0.0,0.0,-253.56865190158518,0.0,2.9357198410969158e-53,hard,False,False,-257.3356022186513,0.0,1.0,0.0,0.9804841750435145
1540,1767151991787,0.0,0.0,0.0,0.0,-253.56865190158518,0.0,1.1742879364387663e-53,hard,False,False,-257.3356022186513,0.0,1.0,0.0,0.9804841750435145
1541,1767151991820,0.0,0.0,0.0,0.0,-253.56865190158518,0.0,4.697151745755065e-54,hard,False,False,-257.3356022186513,0.0,1.0,0.0,0.9804841750435145
1542,1767151991855,0.0,0.0,0.0,0.0,-253.56865190158518,0.0,1.878860698302026e-54,hard,False,False,-257.3356022186513,0.0,1.0,0.0,0.9804841750435145
1543,1767151991888,0.0,0.0,0.0,0.0,-253.56865190158518,0.0,7.515442793208105e-55,hard,False,False,-257.3356022186513,0.0,1.0,0.0,0.9804841750435145
1544,1767151991920,0.0,0.0,0.0,0.0,-253.56865190158518,0.0,3.0061771172832422e-55,hard,False,False,-257.3356022186513,0.0,1.0,0.0,0.9804841750435145
1545,1767151991954,0.0,0.0,0.0,0.0,-253.56865190158518,0.0,1.202470846913297e-55,hard,False,False,-257.3356022186513,0.0,1.0,0.0,0.9804841750435145
1546,1767151991987,0.0,0.0,0.0,0.0,-253.56865190158518,0.0,4.809883387653188e-56,hard,False,False,-257.3356022186513,0.0,1.0,0.0,0.9804841750435145
1547,1767151992021,0.0,0.0,0.0,0.0,-253.56865190158518,0.0,1.9239533550612754e-56,hard,False,False,-257.3356022186513,0.0,1.0,0.0,0.9804841750435145
1548,1767151992054,0.0,0.0,0.0,0.0,-253.56865190158518,0.0,7.695813420245102e-57,hard,False,False,-257.3356022186513,0.0,1.0,0.0,0.9804841750435145
1549,1767151992087,0.0,0.0,0.0,0.0,-253.56865190158518,0.0,3.0783253680980414e-57,hard,False,False,-257.3356022186513,0.0,1.0,0.0,0.9804841750435145
1550,1767151992120,0.0,0.0,0.0,0.0,-253.56865190158518,0.0,1.2313301472392167e-57,hard,False,False,-257.3356022186513,0.0,1.0,0.0,0.9804841750435145
1551,1767151992154,0.0,0.0,0.0,0.0,-253.56865190158518,0.0,4.925320588956867e-58,hard,False,False,-257.3356022186513,0.0,1.0,0.0,0.9804841750435145
1552,1767151992187,0.0,0.0,0.0,0.0,-253.56865190158518,0.0,1.970128235582747e-58,hard,False,False,-257.3356022186513,0.0,1.0,0.0,0.9804841750435145
1553,1767151992221,0.0,0.0,0.0,0.0,-253.56865190158518,0.0,7.880512942330988e-59,hard,False,False,-257.3356022186513,0.0,1.0,0.0,0.9804841750435145
1554,1767151992256,0.0,0.0,0.0,0.0,-253.56865190158518,0.0,3.1522051769323954e-59,hard,False,False,-257.3356022186513,0.0,1.0,0.0,0.9804841750435145
1555,1767151992287,0.0,0.0,0.0,0.0,-253.56865190158518,0.0,1.2608820707729582e-59,hard,False,False,-257.3356022186513,0.0,1.0,0.0,0.9804841750435145
1556,1767151992321,0.0,0.0,0.0,0.0,-253.56865190158518,0.0,5.043528283091832e-60,hard,False,False,-257.3356022186513,0.0,1.0,0.0,0.9804841750435145
1557,1767151992354,0.0,0.0,0.0,0.0,-253.56865190158518,0.0,2.017411313236733e-60,hard,False,False,-257.3356022186513,0.0,1.0,0.0,0.9804841750435145
1558,1767151992387,0.0,0.0,0.0,0.0,-253.56865190158518,0.0,8.069645252946932e-61,hard,False,False,-257.3356022186513,0.0,1.0,0.0,0.9804841750435145
1559,1767151992420,0.0,0.0,0.0,0.0,-253.56865190158518,0.0,3.227858101178773e-61,hard,False,False,-257.3356022186513,0.0,1.0,0.0,0.9804841750435145
1560,1767151992454,0.0,0.0,0.0,0.0,-253.56865190158518,0.0,1.2911432404715092e-61,hard,False,False,-257.3356022186513,0.0,1.0,0.0,0.9804841750435145
1561,1767151992487,0.0,0.0,0.0,0.0,-253.56865190158518,0.0,5.164572961886037e-62,hard,False,False,-257.3356022186513,0.0,1.0,0.0,0.9804841750435145
1562,1767151992521,0.0,0.0,0.0,0.0,-253.56865190158518,0.0,2.0658291847544147e-62,hard,False,False,-257.3356022186513,0.0,1.0,0.0,0.9804841750435145
1563,1767151992554,0.0,0.0,0.0,0.0,-253.56865190158518,0.0,8.26331673901766e-63,hard,False,False,-257.3356022186513,0.0,1.0,0.0,0.9804841750435145
1564,1767151992587,0.0,0.0,0.0,0.0,-253.56865190158518,0.0,3.305326695607064e-63,hard,False,False,-257.3356022186513,0.0,1.0,0.0,0.9804841750435145
1565,1767151992623,0.0,0.0,0.0,0.0,-253.56865190158518,0.0,1.3221306782428257e-63,hard,False,False,-257.3356022186513,0.0,1.0,0.0,0.9804841750435145
1566,1767151992654,0.0,0.0,0.0,0.0,-253.56865190158518,0.0,5.288522712971303e-64,hard,False,False,-257.3356022186513,0.0,1.0,0.0,0.9804841750435145
1567,1767151992688,0.0,0.0,0.0,0.0,-253.56865190158518,0.0,2.1154090851885213e-64,hard,False,False,-257.3356022186513,0.0,1.0,0.0,0.9804841750435145
1568,1767151992720,0.0,0.0,0.0,0.0,-253.56865190158518,0.0,8.461636340754085e-65,hard,False,False,-257.3356022186513,0.0,1.0,0.0,0.9804841750435145
1569,1767151992755,0.0,0.0,0.0,0.0,-253.56865190158518,0.0,3.384654536301634e-65,hard,False,False,-257.3356022186513,0.0,1.0,0.0,0.9804841750435145
1570,1767151992787,0.0,0.0,0.0,0.0,-253.56865190158518,0.0,1.3538618145206537e-65,hard,False,False,-257.3356022186513,0.0,1.0,0.0,0.9804841750435145
1571,1767151992821,0.0,0.0,0.0,0.0,-253.56865190158518,0.0,5.415447258082615e-66,hard,False,False,-257.3356022186513,0.0,1.0,0.0,0.9804841750435145
1572,1767151992854,0.0,0.0,0.0,0.0,-253.56865190158518,0.0,2.166178903233046e-66,hard,False,False,-257.3356022186513,0.0,1.0,0.0,0.9804841750435145
1573,1767151992887,0.0,0.0,0.0,0.0,-253.56865190158518,0.0,8.664715612932184e-67,hard,False,False,-257.3356022186513,0.0,1.0,0.0,0.9804841750435145
1574,1767151992920,0.0,0.0,0.0,0.0,-253.56865190158518,0.0,3.465886245172874e-67,hard,False,False,-257.3356022186513,0.0,1.0,0.0,0.9804841750435145
1575,1767151992954,0.0,0.0,0.0,0.0,-253.56865190158518,0.0,1.3863544980691495e-67,hard,False,False,-257.3356022186513,0.0,1.0,0.0,0.9804841750435145
1576,1767151992987,0.0,0.0,0.0,0.0,-253.56865190158518,0.0,5.545417992276599e-68,hard,False,False,-257.3356022186513,0.0,1.0,0.0,0.9804841750435145
1577,1767151993021,0.0,0.0,0.0,0.0,-253.56865190158518,0.0,2.2181671969106394e-68,hard,False,False,-257.3356022186513,0.0,1.0,0.0,0.9804841750435145
1578,1767151993054,0.0,0.0,0.0,0.0,-253.56865190158518,0.0,8.872668787642558e-69,hard,False,False,-257.3356022186513,0.0,1.0,0.0,0.9804841750435145
1579,1767151993087,0.0,0.0,0.0,0.0,-253.56865190158518,0.0,3.549067515057023e-69,hard,False,False,-257.3356022186513,0.0,1.0,0.0,0.9804841750435145
1580,1767151993122,0.0,0.0,0.0,0.0,-253.56865190158518,0.0,1.4196270060228094e-69,hard,False,False,-257.3356022186513,0.0,1.0,0.0,0.9804841750435145
1581,1767151993154,0.0,0.0,0.0,0.0,-253.56865190158518,0.0,5.678508024091238e-70,hard,False,False,-257.3356022186513,0.0,1.0,0.0,0.9804841750435145
1582,1767151993187,0.0,0.0,0.0,0.0,-253.56865190158518,0.0,2.2714032096364952e-70,hard,False,False,-257.3356022186513,0.0,1.0,0.0,0.9804841750435145
1583,1767151993220,0.0,0.0,0.0,0.0,-253.56865190158518,0.0,9.085612838545982e-71,hard,False,False,-257.3356022186513,0.0,1.0,0.0,0.9804841750435145
1584,1767151993254,0.0,0.0,0.0,0.0,-253.56865190158518,0.0,3.634245135418393e-71,hard,False,False,-257.3356022186513,0.0,1.0,0.0,0.9804841750435145
1585,1767151993287,0.0,0.0,0.0,0.0,-253.56865190158518,0.0,1.4536980541673572e-71,hard,False,False,-257.3356022186513,0.0,1.0,0.0,0.9804841750435145
1586,1767151993320,0.0,0.0,0.0,0.0,-253.56865190158518,0.0,5.81479221666943e-72,hard,False,False,-257.3356022186513,0.0,1.0,0.0,0.9804841750435145
1587,1767151993354,0.0,0.0,0.0,0.0,-253.56865190158518,0.0,2.325916886667772e-72,hard,False,False,-257.3356022186513,0.0,1.0,0.0,0.9804841750435145
1588,1767151993388,0.0,0.0,0.0,0.0,-253.56865190158518,0.0,9.303667546671088e-73,hard,False,False,-257.3356022186513,0.0,1.0,0.0,0.9804841750435145
1589,1767151993420,0.0,0.0,0.0,0.0,-253.56865190158518,0.0,3.7214670186684355e-73,hard,False,False,-257.3356022186513,0.0,1.0,0.0,0.9804841750435145
1590,1767151993454,0.0,0.0,0.0,0.0,-253.56865190158518,0.0,1.4885868074673743e-73,hard,False,False,-257.3356022186513,0.0,1.0,0.0,0.9804841750435145
1591,1767151993487,0.0,0.0,0.0,0.0,-253.56865190158518,0.0,5.954347229869498e-74,hard,False,False,-257.3356022186513,0.0,1.0,0.0,0.9804841750435145
1592,1767151993520,0.0,0.0,0.0,0.0,-253.56865190158518,0.0,2.3817388919477993e-74,hard,False,False,-257.3356022186513,0.0,1.0,0.0,0.9804841750435145
1593,1767151993706,0.0,0.0,0.0,0.0,-253.56865190158518,0.0,9.526955567791198e-75,hard,False,False,-257.3356022186513,0.0,1.0,0.0,0.9804841750435145
1594,1767151993728,0.0,0.0,0.0,0.0,-253.56865190158518,0.0,3.8107822271164794e-75,hard,False,False,-257.3356022186513,0.0,1.0,0.0,0.9804841750435145
1595,1767151993750,0.0,0.0,0.0,0.0,-253.56865190158518,0.0,1.5243128908465918e-75,hard,False,False,-257.3356022186513,0.0,1.0,0.0,0.9804841750435145
1596,1767151993783,0.0,0.0,0.0,0.0,-253.56865190158518,0.0,6.097251563386367e-76,hard,False,False,-257.3356022186513,0.0,1.0,0.0,0.9804841750435145
1597,1767151993802,0.0,0.0,0.0,0.0,-253.56865190158518,0.0,2.438900625354547e-76,hard,False,False,-257.3356022186513,0.0,1.0,0.0,0.9804841750435145
1598,1767151993822,0.0,0.0,0.0,0.0,-253.56865190158518,0.0,9.755602501418188e-77,hard,False,False,-257.3356022186513,0.0,1.0,0.0,0.9804841750435145
1599,1767151993842,0.0,0.0,0.0,0.0,-253.56865190158518,0.0,3.9022410005672755e-77,hard,False,False,-257.3356022186513,0.0,1.0,0.0,0.9804841750435145
1600,1767151993863,0.0,0.0,0.0,0.0,-253.56865190158518,0.0,1.5608964002269103e-77,hard,False,False,-257.3356022186513,0.0,1.0,0.0,0.9804841750435145
1601,1767151993885,0.0,0.0,0.0,0.0,-253.56865190158518,0.0,6.243585600907641e-78,hard,False,False,-257.3356022186513,0.0,1.0,0.0,0.9804841750435145
1602,1767151993907,0.0,0.0,0.0,0.0,-253.56865190158518,0.0,2.4974342403630567e-78,hard,False,False,-257.3356022186513,0.0,1.0,0.0,0.9804841750435145
1603,1767151993931,0.0,0.0,0.0,0.0,-253.56865190158518,0.0,9.989736961452227e-79,hard,False,False,-257.3356022186513,0.0,1.0,0.0,0.9804841750435145
1604,1767151993955,0.0,0.0,0.0,0.0,-253.56865190158518,0.0,3.9958947845808913e-79,hard,False,False,-257.3356022186513,0.0,1.0,0.0,0.9804841750435145
1605,1767151993990,0.0,0.0,0.0,0.0,-253.56865190158518,0.0,1.5983579138323565e-79,hard,False,False,-257.3356022186513,0.0,1.0,0.0,0.9804841750435145
1606,1767151994020,0.0,0.0,0.0,0.0,-253.56865190158518,0.0,6.3934316553294264e-80,hard,False,False,-257.3356022186513,0.0,1.0,0.0,0.9804841750435145
1607,1767151994054,0.0,0.0,0.0,0.0,-253.56865190158518,0.0,2.5573726621317707e-80,hard,False,False,-257.3356022186513,0.0,1.0,0.0,0.9804841750435145
1608,1767151994166,0.0,0.0,0.0,0.0,-253.56865190158518,0.0,1.0229490648527083e-80,hard,False,False,-257.3356022186513,0.0,1.0,0.0,0.9804841750435145
1609,1767151994192,0.0,0.0,0.0,0.0,-253.56865190158518,0.0,4.0917962594108333e-81,hard,False,False,-257.3356022186513,0.0,1.0,0.0,0.9804841750435145
1610,1767151994213,0.0,0.0,0.0,0.0,-253.56865190158518,0.0,1.6367185037643334e-81,hard,False,False,-257.3356022186513,0.0,1.0,0.0,0.9804841750435145
1611,1767151994255,0.0,0.0,0.0,0.0,-253.56865190158518,0.0,6.546874015057334e-82,hard,False,False,-257.3356022186513,0.0,1.0,0.0,0.9804841750435145
1612,1767151994280,0.0,0.0,0.0,0.0,-253.56865190158518,0.0,2.6187496060229338e-82,hard,False,False,-257.3356022186513,0.0,1.0,0.0,0.9804841750435145
1613,1767151994320,0.0,0.0,0.0,0.0,-253.56865190158518,0.0,1.0474998424091737e-82,hard,False,False,-257.3356022186513,0.0,1.0,0.0,0.9804841750435145
1614,1767151994361,0.0,0.0,0.0,0.0,-253.56865190158518,0.0,4.189999369636695e-83,hard,False,False,-257.3356022186513,0.0,1.0,0.0,0.9804841750435145
1615,1767151994390,0.0,0.0,0.0,0.0,-253.56865190158518,0.0,1.675999747854678e-83,hard,False,False,-257.3356022186513,0.0,1.0,0.0,0.9804841750435145
1616,1767151994417,0.0,0.0,0.0,0.0,-253.56865190158518,0.0,6.703998991418713e-84,hard,False,False,-257.3356022186513,0.0,1.0,0.0,0.9804841750435145
1617,1767151994454,0.0,0.0,0.0,0.0,-253.56865190158518,0.0,2.681599596567485e-84,hard,False,False,-257.3356022186513,0.0,1.0,0.0,0.9804841750435145
1618,1767151994487,0.0,0.0,0.0,0.0,-253.56865190158518,0.0,1.072639838626994e-84,hard,False,False,-257.3356022186513,0.0,1.0,0.0,0.9804841750435145
1619,1767151994521,0.0,0.0,0.0,0.0,-253.56865190158518,0.0,4.290559354507976e-85,hard,False,False,-257.3356022186513,0.0,1.0,0.0,0.9804841750435145
1620,1767151994554,0.0,0.0,0.0,0.0,-253.56865190158518,0.0,1.7162237418031905e-85,hard,False,False,-257.3356022186513,0.0,1.0,0.0,0.9804841750435145
1621,1767151994588,0.0,0.0,0.0,0.0,-253.56865190158518,0.0,6.864894967212762e-86,hard,False,False,-257.3356022186513,0.0,1.0,0.0,0.9804841750435145
1622,1767151994623,0.0,0.0,0.0,0.0,-253.56865190158518,0.0,2.7459579868851053e-86,hard,False,False,-257.3356022186513,0.0,1.0,0.0,0.9804841750435145
1623,1767151994653,0.0,0.0,0.0,0.0,-253.56865190158518,0.0,1.0983831947540422e-86,hard,False,False,-257.3356022186513,0.0,1.0,0.0,0.9804841750435145
1624,1767151994687,0.0,0.0,0.0,0.0,-253.56865190158518,0.0,4.393532779016169e-87,hard,False,False,-257.3356022186513,0.0,1.0,0.0,0.9804841750435145
1625,1767151994720,0.0,0.0,0.0,0.0,-253.56865190158518,0.0,1.7574131116064679e-87,hard,False,False,-257.3356022186513,0.0,1.0,0.0,0.9804841750435145
1626,1767151994753,0.0,0.0,0.0,0.0,-253.56865190158518,0.0,7.029652446425872e-88,hard,False,False,-257.3356022186513,0.0,1.0,0.0,0.9804841750435145
1627,1767151994787,0.0,0.0,0.0,0.0,-253.56865190158518,0.0,2.8118609785703486e-88,hard,False,False,-257.3356022186513,0.0,1.0,0.0,0.9804841750435145
1628,1767151994820,0.0,0.0,0.0,0.0,-253.56865190158518,0.0,1.1247443914281395e-88,hard,False,False,-257.3356022186513,0.0,1.0,0.0,0.9804841750435145
1629,1767151994853,0.0,0.0,0.0,0.0,-253.56865190158518,0.0,4.498977565712559e-89,hard,False,False,-257.3356022186513,0.0,1.0,0.0,0.9804841750435145
1630,1767151994887,0.0,0.0,0.0,0.0,-253.56865190158518,0.0,1.7995910262850234e-89,hard,False,False,-257.3356022186513,0.0,1.0,0.0,0.9804841750435145
1631,1767151994920,0.0,0.0,0.0,0.0,-253.56865190158518,0.0,7.198364105140094e-90,hard,False,False,-257.3356022186513,0.0,1.0,0.0,0.9804841750435145
1632,1767151994953,0.0,0.0,0.0,0.0,-253.56865190158518,0.0,2.879345642056038e-90,hard,False,False,-257.3356022186513,0.0,1.0,0.0,0.9804841750435145
1633,1767151994987,0.0,0.0,0.0,0.0,-253.56865190158518,0.0,1.1517382568224153e-90,hard,False,False,-257.3356022186513,0.0,1.0,0.0,0.9804841750435145
1634,1767151995020,0.0,0.0,0.0,0.0,-253.56865190158518,0.0,4.6069530272896615e-91,hard,False,False,-257.3356022186513,0.0,1.0,0.0,0.9804841750435145
1635,1767151995053,0.0,0.0,0.0,0.0,-253.56865190158518,0.0,1.8427812109158647e-91,hard,False,False,-257.3356022186513,0.0,1.0,0.0,0.9804841750435145
1636,1767151995087,0.0,0.0,0.0,0.0,-253.56865190158518,0.0,7.371124843663459e-92,hard,False,False,-257.3356022186513,0.0,1.0,0.0,0.9804841750435145
1637,1767151995121,0.0,0.0,0.0,0.0,-253.56865190158518,0.0,2.9484499374653837e-92,hard,False,False,-257.3356022186513,0.0,1.0,0.0,0.9804841750435145
1638,1767151995154,0.0,0.0,0.0,0.0,-253.56865190158518,0.0,1.1793799749861536e-92,hard,False,False,-257.3356022186513,0.0,1.0,0.0,0.9804841750435145
1639,1767151995187,0.0,0.0,0.0,0.0,-253.56865190158518,0.0,4.717519899944614e-93,hard,False,False,-257.3356022186513,0.0,1.0,0.0,0.9804841750435145
1640,1767151995220,0.0,0.0,0.0,0.0,-253.56865190158518,0.0,1.8870079599778458e-93,hard,False,False,-257.3356022186513,0.0,1.0,0.0,0.9804841750435145
1641,1767151995254,0.0,0.0,0.0,0.0,-253.56865190158518,0.0,7.548031839911384e-94,hard,False,False,-257.3356022186513,0.0,1.0,0.0,0.9804841750435145
1642,1767151995287,0.0,0.0,0.0,0.0,-253.56865190158518,0.0,3.019212735964554e-94,hard,False,False,-257.3356022186513,0.0,1.0,0.0,0.9804841750435145
1643,1767151995320,0.0,0.0,0.0,0.0,-253.56865190158518,0.0,1.2076850943858216e-94,hard,False,False,-257.3356022186513,0.0,1.0,0.0,0.9804841750435145
1644,1767151995353,0.0,0.0,0.0,0.0,-253.56865190158518,0.0,4.830740377543287e-95,hard,False,False,-257.3356022186513,0.0,1.0,0.0,0.9804841750435145
1645,1767151995388,0.0,0.0,0.0,0.0,-253.56865190158518,0.0,1.9322961510173148e-95,hard,False,False,-257.3356022186513,0.0,1.0,0.0,0.9804841750435145
1646,1767151995420,0.0,0.0,0.0,0.0,-253.56865190158518,0.0,7.72918460406926e-96,hard,False,False,-257.3356022186513,0.0,1.0,0.0,0.9804841750435145
1647,1767151995454,0.0,0.0,0.0,0.0,-253.56865190158518,0.0,3.091673841627704e-96,hard,False,False,-257.3356022186513,0.0,1.0,0.0,0.9804841750435145
1648,1767151995487,0.0,0.0,0.0,0.0,-253.56865190158518,0.0,1.2366695366510817e-96,hard,False,False,-257.3356022186513,0.0,1.0,0.0,0.9804841750435145
1649,1767151995521,0.0,0.0,0.0,0.0,-253.56865190158518,0.0,4.946678146604327e-97,hard,False,False,-257.3356022186513,0.0,1.0,0.0,0.9804841750435145
1650,1767151995562,0.0,0.0,0.0,0.0,-253.56865190158518,0.0,1.978671258641731e-97,hard,False,False,-257.3356022186513,0.0,1.0,0.0,0.9804841750435145
1651,1767151995592,0.0,0.0,0.0,0.0,-253.56865190158518,0.0,7.914685034566924e-98,hard,False,False,-257.3356022186513,0.0,1.0,0.0,0.9804841750435145
1652,1767151995620,0.0,0.0,0.0,0.0,-253.56865190158518,0.0,3.16587401382677e-98,hard,False,False,-257.3356022186513,0.0,1.0,0.0,0.9804841750435145
1653,1767151995654,0.0,0.0,0.0,0.0,-253.56865190158518,0.0,1.266349605530708e-98,hard,False,False,-257.3356022186513,0.0,1.0,0.0,0.9804841750435145
1654,1767151995687,0.0,0.0,0.0,0.0,-253.56865190158518,0.0,5.065398422122832e-99,hard,False,False,-257.3356022186513,0.0,1.0,0.0,0.9804841750435145
1655,1767151995757,0.0,0.0,0.0,0.0,-253.56865190158518,0.0,2.026159368849133e-99,hard,False,False,-257.3356022186513,0.0,1.0,0.0,0.9804841750435145
1656,1767151995787,0.0,0.0,0.0,0.0,-253.56865190158518,0.0,8.104637475396533e-100,hard,False,False,-257.3356022186513,0.0,1.0,0.0,0.9804841750435145
1657,1767151995827,0.0,0.0,0.0,0.0,-253.56865190158518,0.0,3.2418549901586137e-100,hard,False,False,-257.3356022186513,0.0,1.0,0.0,0.9804841750435145
1658,1767151995858,0.0,0.0,0.0,0.0,-253.56865190158518,0.0,1.2967419960634456e-100,hard,False,False,-257.3356022186513,0.0,1.0,0.0,0.9804841750435145
1659,1767151995894,0.0,0.0,0.0,0.0,-253.56865190158518,0.0,5.1869679842537826e-101,hard,False,False,-257.3356022186513,0.0,1.0,0.0,0.9804841750435145
1660,1767151995920,0.0,0.0,0.0,0.0,-253.56865190158518,0.0,2.0747871937015132e-101,hard,False,False,-257.3356022186513,0.0,1.0,0.0,0.9804841750435145
1661,1767151995953,0.0,0.0,0.0,0.0,-253.56865190158518,0.0,8.299148774806053e-102,hard,False,False,-257.3356022186513,0.0,1.0,0.0,0.9804841750435145
1662,1767151995987,0.0,0.0,0.0,0.0,-253.56865190158518,0.0,3.3196595099224214e-102,hard,False,False,-257.3356022186513,0.0,1.0,0.0,0.9804841750435145
1663,1767151996020,0.0,0.0,0.0,0.0,-253.56865190158518,0.0,1.3278638039689687e-102,hard,False,False,-257.3356022186513,0.0,1.0,0.0,0.9804841750435145
1664,1767151996053,0.0,0.0,0.0,0.0,-253.56865190158518,0.0,5.311455215875875e-103,hard,False,False,-257.3356022186513,0.0,1.0,0.0,0.9804841750435145
1665,1767151996087,0.0,0.0,0.0,0.0,-253.56865190158518,0.0,2.12458208635035e-103,hard,False,False,-257.3356022186513,0.0,1.0,0.0,0.9804841750435145
1666,1767151996120,0.0,0.0,0.0,0.0,-253.56865190158518,0.0,8.498328345401401e-104,hard,False,False,-257.3356022186513,0.0,1.0,0.0,0.9804841750435145
1667,1767151996153,0.0,0.0,0.0,0.0,-253.56865190158518,0.0,3.3993313381605605e-104,hard,False,False,-257.3356022186513,0.0,1.0,0.0,0.9804841750435145
1668,1767151996187,0.0,0.0,0.0,0.0,-253.56865190158518,0.0,1.3597325352642243e-104,hard,False,False,-257.3356022186513,0.0,1.0,0.0,0.9804841750435145
1669,1767151996220,0.0,0.0,0.0,0.0,-253.56865190158518,0.0,5.4389301410568975e-105,hard,False,False,-257.3356022186513,0.0,1.0,0.0,0.9804841750435145
1670,1767151996253,0.0,0.0,0.0,0.0,-253.56865190158518,0.0,2.1755720564227592e-105,hard,False,False,-257.3356022186513,0.0,1.0,0.0,0.9804841750435145
1671,1767151996287,0.0,0.0,0.0,0.0,-253.56865190158518,0.0,8.702288225691037e-106,hard,False,False,-257.3356022186513,0.0,1.0,0.0,0.9804841750435145
1672,1767151996320,0.0,0.0,0.0,0.0,-253.56865190158518,0.0,3.480915290276415e-106,hard,False,False,-257.3356022186513,0.0,1.0,0.0,0.9804841750435145
1673,1767151996353,0.0,0.0,0.0,0.0,-253.56865190158518,0.0,1.3923661161105662e-106,hard,False,False,-257.3356022186513,0.0,1.0,0.0,0.9804841750435145
1674,1767151996388,0.0,0.0,0.0,0.0,-253.56865190158518,0.0,5.569464464442265e-107,hard,False,False,-257.3356022186513,0.0,1.0,0.0,0.9804841750435145
1675,1767151996421,0.0,0.0,0.0,0.0,-253.56865190158518,0.0,2.2277857857769063e-107,hard,False,False,-257.3356022186513,0.0,1.0,0.0,0.9804841750435145
1676,1767151996453,0.0,0.0,0.0,0.0,-253.56865190158518,0.0,8.911143143107625e-108,hard,False,False,-257.3356022186513,0.0,1.0,0.0,0.9804841750435145
1677,1767151996496,0.0,0.0,0.0,0.0,-253.56865190158518,0.0,3.56445725724305e-108,hard,False,False,-257.3356022186513,0.0,1.0,0.0,0.9804841750435145
1678,1767151996524,0.0,0.0,0.0,0.0,-253.56865190158518,0.0,1.4257829028972202e-108,hard,False,False,-257.3356022186513,0.0,1.0,0.0,0.9804841750435145
1679,1767151996576,0.0,0.0,0.0,0.0,-253.56865190158518,0.0,5.703131611588882e-109,hard,False,False,-257.3356022186513,0.0,1.0,0.0,0.9804841750435145
1680,1767151996602,0.0,0.0,0.0,0.0,-253.56865190158518,0.0,2.281252644635553e-109,hard,False,False,-257.3356022186513,0.0,1.0,0.0,0.9804841750435145
1681,1767151996646,0.0,0.0,0.0,0.0,-253.56865190158518,0.0,9.125010578542212e-110,hard,False,False,-257.3356022186513,0.0,1.0,0.0,0.9804841750435145
1682,1767151996687,0.0,0.0,0.0,0.0,-253.56865190158518,0.0,3.650004231416885e-110,hard,False,False,-257.3356022186513,0.0,1.0,0.0,0.9804841750435145
1683,1767151996721,0.0,0.0,0.0,0.0,-253.56865190158518,0.0,1.460001692566754e-110,hard,False,False,-257.3356022186513,0.0,1.0,0.0,0.9804841750435145
1684,1767151996754,0.0,0.0,0.0,0.0,-253.56865190158518,0.0,5.840006770267017e-111,hard,False,False,-257.3356022186513,0.0,1.0,0.0,0.9804841750435145
1685,1767151996795,0.0,0.0,0.0,0.0,-253.56865190158518,0.0,2.3360027081068068e-111,hard,False,False,-257.3356022186513,0.0,1.0,0.0,0.9804841750435145
1686,1767151996822,0.0,0.0,0.0,0.0,-253.56865190158518,0.0,9.344010832427227e-112,hard,False,False,-257.3356022186513,0.0,1.0,0.0,0.9804841750435145
1687,1767151996866,0.0,0.0,0.0,0.0,-253.56865190158518,0.0,3.737604332970891e-112,hard,False,False,-257.3356022186513,0.0,1.0,0.0,0.9804841750435145
1688,1767151996920,0.0,0.0,0.0,0.0,-253.56865190158518,0.0,1.4950417331883565e-112,hard,False,False,-257.3356022186513,0.0,1.0,0.0,0.9804841750435145
1689,1767151996953,0.0,0.0,0.0,0.0,-253.56865190158518,0.0,5.980166932753426e-113,hard,False,False,-257.3356022186513,0.0,1.0,0.0,0.9804841750435145
1690,1767151996987,0.0,0.0,0.0,0.0,-253.56865190158518,0.0,2.3920667731013708e-113,hard,False,False,-257.3356022186513,0.0,1.0,0.0,0.9804841750435145
1691,1767151997020,0.0,0.0,0.0,0.0,-253.56865190158518,0.0,9.568267092405484e-114,hard,False,False,-257.3356022186513,0.0,1.0,0.0,0.9804841750435145
1692,1767151997053,0.0,0.0,0.0,0.0,-253.56865190158518,0.0,3.827306836962194e-114,hard,False,False,-257.3356022186513,0.0,1.0,0.0,0.9804841750435145
1693,1767151997087,0.0,0.0,0.0,0.0,-253.56865190158518,0.0,1.5309227347848776e-114,hard,False,False,-257.3356022186513,0.0,1.0,0.0,0.9804841750435145
1694,1767151997120,0.0,0.0,0.0,0.0,-253.56865190158518,0.0,6.123690939139511e-115,hard,False,False,-257.3356022186513,0.0,1.0,0.0,0.9804841750435145
1695,1767151997153,0.0,0.0,0.0,0.0,-253.56865190158518,0.0,2.4494763756558044e-115,hard,False,False,-257.3356022186513,0.0,1.0,0.0,0.9804841750435145
1696,1767151997187,0.0,0.0,0.0,0.0,-253.56865190158518,0.0,9.797905502623218e-116,hard,False,False,-257.3356022186513,0.0,1.0,0.0,0.9804841750435145
1697,1767151997220,0.0,0.0,0.0,0.0,-253.56865190158518,0.0,3.9191622010492875e-116,hard,False,False,-257.3356022186513,0.0,1.0,0.0,0.9804841750435145
1698,1767151997253,0.0,0.0,0.0,0.0,-253.56865190158518,0.0,1.567664880419715e-116,hard,False,False,-257.3356022186513,0.0,1.0,0.0,0.9804841750435145
1699,1767151997287,0.0,0.0,0.0,0.0,-253.56865190158518,0.0,6.2706595216788606e-117,hard,False,False,-257.3356022186513,0.0,1.0,0.0,0.9804841750435145
1700,1767151997324,0.0,0.0,0.0,0.0,-253.56865190158518,0.0,2.5082638086715442e-117,hard,False,False,-257.3356022186513,0.0,1.0,0.0,0.9804841750435145
1701,1767151997369,0.0,0.0,0.0,0.0,-253.56865190158518,0.0,1.0033055234686178e-117,hard,False,False,-257.3356022186513,0.0,1.0,0.0,0.9804841750435145
1702,1767151997397,0.0,0.0,0.0,0.0,-253.56865190158518,0.0,4.013222093874471e-118,hard,False,False,-257.3356022186513,0.0,1.0,0.0,0.9804841750435145
1703,1767151997422,0.0,0.0,0.0,0.0,-253.56865190158518,0.0,1.6052888375497886e-118,hard,False,False,-257.3356022186513,0.0,1.0,0.0,0.9804841750435145
1704,1767151997473,0.0,0.0,0.0,0.0,-253.56865190158518,0.0,6.421155350199155e-119,hard,False,False,-257.3356022186513,0.0,1.0,0.0,0.9804841750435145
1705,1767151997503,0.0,0.0,0.0,0.0,-253.56865190158518,0.0,2.568462140079662e-119,hard,False,False,-257.3356022186513,0.0,1.0,0.0,0.9804841750435145
1706,1767151997533,0.0,0.0,0.0,0.0,-253.56865190158518,0.0,1.0273848560318649e-119,hard,False,False,-257.3356022186513,0.0,1.0,0.0,0.9804841750435145
1707,1767151997560,0.0,0.0,0.0,0.0,-253.56865190158518,0.0,4.10953942412746e-120,hard,False,False,-257.3356022186513,0.0,1.0,0.0,0.9804841750435145
1708,1767151997587,0.0,0.0,0.0,0.0,-253.56865190158518,0.0,1.643815769650984e-120,hard,False,False,-257.3356022186513,0.0,1.0,0.0,0.9804841750435145
1709,1767151997620,0.0,0.0,0.0,0.0,-253.56865190158518,0.0,6.5752630786039365e-121,hard,False,False,-257.3356022186513,0.0,1.0,0.0,0.9804841750435145
1710,1767151997660,0.0,0.0,0.0,0.0,-253.56865190158518,0.0,2.630105231441575e-121,hard,False,False,-257.3356022186513,0.0,1.0,0.0,0.9804841750435145
1711,1767151997692,0.0,0.0,0.0,0.0,-253.56865190158518,0.0,1.0520420925766301e-121,hard,False,False,-257.3356022186513,0.0,1.0,0.0,0.9804841750435145
1712,1767151997720,0.0,0.0,0.0,0.0,-253.56865190158518,0.0,4.2081683703065206e-122,hard,False,False,-257.3356022186513,0.0,1.0,0.0,0.9804841750435145
1713,1767151997753,0.0,0.0,0.0,0.0,-253.56865190158518,0.0,1.6832673481226084e-122,hard,False,False,-257.3356022186513,0.0,1.0,0.0,0.9804841750435145
1714,1767151997788,0.0,0.0,0.0,0.0,-253.56865190158518,0.0,6.733069392490434e-123,hard,False,False,-257.3356022186513,0.0,1.0,0.0,0.9804841750435145
1715,1767151997820,0.0,0.0,0.0,0.0,-253.56865190158518,0.0,2.6932277569961737e-123,hard,False,False,-257.3356022186513,0.0,1.0,0.0,0.9804841750435145
1716,1767151997856,0.0,0.0,0.0,0.0,-253.56865190158518,0.0,1.0772911027984696e-123,hard,False,False,-257.3356022186513,0.0,1.0,0.0,0.9804841750435145
1717,1767151997888,0.0,0.0,0.0,0.0,-253.56865190158518,0.0,4.309164411193879e-124,hard,False,False,-257.3356022186513,0.0,1.0,0.0,0.9804841750435145
1718,1767151997930,0.0,0.0,0.0,0.0,-253.56865190158518,0.0,1.7236657644775514e-124,hard,False,False,-257.3356022186513,0.0,1.0,0.0,0.9804841750435145
1719,1767151997957,0.0,0.0,0.0,0.0,-253.56865190158518,0.0,6.894663057910206e-125,hard,False,False,-257.3356022186513,0.0,1.0,0.0,0.9804841750435145
1720,1767151998000,0.0,0.0,0.0,0.0,-253.56865190158518,0.0,2.7578652231640824e-125,hard,False,False,-257.3356022186513,0.0,1.0,0.0,0.9804841750435145
1721,1767151998029,0.0,0.0,0.0,0.0,-253.56865190158518,0.0,1.103146089265633e-125,hard,False,False,-257.3356022186513,0.0,1.0,0.0,0.9804841750435145
1722,1767151998058,0.0,0.0,0.0,0.0,-253.56865190158518,0.0,4.412584357062533e-126,hard,False,False,-257.3356022186513,0.0,1.0,0.0,0.9804841750435145
1723,1767151998087,0.0,0.0,0.0,0.0,-253.56865190158518,0.0,1.765033742825013e-126,hard,False,False,-257.3356022186513,0.0,1.0,0.0,0.9804841750435145
1724,1767151998120,0.0,0.0,0.0,0.0,-253.56865190158518,0.0,7.060134971300053e-127,hard,False,False,-257.3356022186513,0.0,1.0,0.0,0.9804841750435145
1725,1767151998153,0.0,0.0,0.0,0.0,-253.56865190158518,0.0,2.8240539885200213e-127,hard,False,False,-257.3356022186513,0.0,1.0,0.0,0.9804841750435145
1726,1767151998187,0.0,0.0,0.0,0.0,-253.56865190158518,0.0,1.1296215954080087e-127,hard,False,False,-257.3356022186513,0.0,1.0,0.0,0.9804841750435145
1727,1767151998220,0.0,0.0,0.0,0.0,-253.56865190158518,0.0,4.518486381632035e-128,hard,False,False,-257.3356022186513,0.0,1.0,0.0,0.9804841750435145
1728,1767151998253,0.0,0.0,0.0,0.0,-253.56865190158518,0.0,1.8073945526528142e-128,hard,False,False,-257.3356022186513,0.0,1.0,0.0,0.9804841750435145
1729,1767151998286,0.0,0.0,0.0,0.0,-253.56865190158518,0.0,7.229578210611257e-129,hard,False,False,-257.3356022186513,0.0,1.0,0.0,0.9804841750435145
1730,1767151998320,0.0,0.0,0.0,0.0,-253.56865190158518,0.0,2.8918312842445026e-129,hard,False,False,-257.3356022186513,0.0,1.0,0.0,0.9804841750435145
1731,1767151998353,0.0,0.0,0.0,0.0,-253.56865190158518,0.0,1.156732513697801e-129,hard,False,False,-257.3356022186513,0.0,1.0,0.0,0.9804841750435145
1732,1767151998387,0.0,0.0,0.0,0.0,-253.56865190158518,0.0,4.626930054791205e-130,hard,False,False,-257.3356022186513,0.0,1.0,0.0,0.9804841750435145
1733,1767151998420,0.0,0.0,0.0,0.0,-253.56865190158518,0.0,1.850772021916482e-130,hard,False,False,-257.3356022186513,0.0,1.0,0.0,0.9804841750435145
1734,1767151998453,0.0,0.0,0.0,0.0,-253.56865190158518,0.0,7.403088087665927e-131,hard,False,False,-257.3356022186513,0.0,1.0,0.0,0.9804841750435145
1735,1767151998486,0.0,0.0,0.0,0.0,-253.56865190158518,0.0,2.9612352350663714e-131,hard,False,False,-257.3356022186513,0.0,1.0,0.0,0.9804841750435145
1736,1767151998520,0.0,0.0,0.0,0.0,-253.56865190158518,0.0,1.1844940940265486e-131,hard,False,False,-257.3356022186513,0.0,1.0,0.0,0.9804841750435145
1737,1767151998553,0.0,0.0,0.0,0.0,-253.56865190158518,0.0,4.737976376106195e-132,hard,False,False,-257.3356022186513,0.0,1.0,0.0,0.9804841750435145
1738,1767151998587,0.0,0.0,0.0,0.0,-253.56865190158518,0.0,1.895190550442478e-132,hard,False,False,-257.3356022186513,0.0,1.0,0.0,0.9804841750435145
1739,1767151998622,0.0,0.0,0.0,0.0,-253.56865190158518,0.0,7.580762201769912e-133,hard,False,False,-257.3356022186513,0.0,1.0,0.0,0.9804841750435145
1740,1767151998654,0.0,0.0,0.0,0.0,-253.56865190158518,0.0,3.032304880707965e-133,hard,False,False,-257.3356022186513,0.0,1.0,0.0,0.9804841750435145
1741,1767151998720,0.0,0.0,0.0,0.0,-253.56865190158518,0.0,1.2129219522831862e-133,hard,False,False,-257.3356022186513,0.0,1.0,0.0,0.9804841750435145
1742,1767151998753,0.0,0.0,0.0,0.0,-253.56865190158518,0.0,4.851687809132745e-134,hard,False,False,-257.3356022186513,0.0,1.0,0.0,0.9804841750435145
1743,1767151998786,0.0,0.0,0.0,0.0,-253.56865190158518,0.0,1.9406751236530981e-134,hard,False,False,-257.3356022186513,0.0,1.0,0.0,0.9804841750435145
1744,1767151998820,0.0,0.0,0.0,0.0,-253.56865190158518,0.0,7.762700494612394e-135,hard,False,False,-257.3356022186513,0.0,1.0,0.0,0.9804841750435145
1745,1767151998853,0.0,0.0,0.0,0.0,-253.56865190158518,0.0,3.1050801978449575e-135,hard,False,False,-257.3356022186513,0.0,1.0,0.0,0.9804841750435145
1746,1767151998887,0.0,0.0,0.0,0.0,-253.56865190158518,0.0,1.2420320791379831e-135,hard,False,False,-257.3356022186513,0.0,1.0,0.0,0.9804841750435145
1747,1767151998920,0.0,0.0,0.0,0.0,-253.56865190158518,0.0,4.968128316551933e-136,hard,False,False,-257.3356022186513,0.0,1.0,0.0,0.9804841750435145
1748,1767151998953,0.0,0.0,0.0,0.0,-253.56865190158518,0.0,1.9872513266207733e-136,hard,False,False,-257.3356022186513,0.0,1.0,0.0,0.9804841750435145
1749,1767151998986,0.0,0.0,0.0,0.0,-253.56865190158518,0.0,7.949005306483093e-137,hard,False,False,-257.3356022186513,0.0,1.0,0.0,0.9804841750435145
1750,1767151999020,0.0,0.0,0.0,0.0,-253.56865190158518,0.0,3.1796021225932375e-137,hard,False,False,-257.3356022186513,0.0,1.0,0.0,0.9804841750435145
1751,1767151999053,0.0,0.0,0.0,0.0,-253.56865190158518,0.0,1.2718408490372951e-137,hard,False,False,-257.3356022186513,0.0,1.0,0.0,0.9804841750435145
1752,1767151999087,0.0,0.0,0.0,0.0,-253.56865190158518,0.0,5.087363396149181e-138,hard,False,False,-257.3356022186513,0.0,1.0,0.0,0.9804841750435145
1753,1767151999122,0.0,0.0,0.0,0.0,-253.56865190158518,0.0,2.0349453584596724e-138,hard,False,False,-257.3356022186513,0.0,1.0,0.0,0.9804841750435145
1754,1767151999154,0.0,0.0,0.0,0.0,-253.56865190158518,0.0,8.13978143383869e-139,hard,False,False,-257.3356022186513,0.0,1.0,0.0,0.9804841750435145
1755,1767151999195,0.0,0.0,0.0,0.0,-253.56865190158518,0.0,3.2559125735354764e-139,hard,False,False,-257.3356022186513,0.0,1.0,0.0,0.9804841750435145
1756,1767151999221,0.0,0.0,0.0,0.0,-253.56865190158518,0.0,1.3023650294141907e-139,hard,False,False,-257.3356022186513,0.0,1.0,0.0,0.9804841750435145
1757,1767151999254,0.0,0.0,0.0,0.0,-253.56865190158518,0.0,5.209460117656764e-140,hard,False,False,-257.3356022186513,0.0,1.0,0.0,0.9804841750435145
1758,1767151999286,0.0,0.0,0.0,0.0,-253.56865190158518,0.0,2.0837840470627056e-140,hard,False,False,-257.3356022186513,0.0,1.0,0.0,0.9804841750435145
1759,1767151999324,0.0,0.0,0.0,0.0,-253.56865190158518,0.0,8.335136188250823e-141,hard,False,False,-257.3356022186513,0.0,1.0,0.0,0.9804841750435145
1760,1767151999353,0.0,0.0,0.0,0.0,-253.56865190158518,0.0,3.334054475300329e-141,hard,False,False,-257.3356022186513,0.0,1.0,0.0,0.9804841750435145
1761,1767151999386,0.0,0.0,0.0,0.0,-253.56865190158518,0.0,1.3336217901201318e-141,hard,False,False,-257.3356022186513,0.0,1.0,0.0,0.9804841750435145
1762,1767151999420,0.0,0.0,0.0,0.0,-253.56865190158518,0.0,5.3344871604805274e-142,hard,False,False,-257.3356022186513,0.0,1.0,0.0,0.9804841750435145
1763,1767151999453,0.0,0.0,0.0,0.0,-253.56865190158518,0.0,2.133794864192211e-142,hard,False,False,-257.3356022186513,0.0,1.0,0.0,0.9804841750435145
1764,1767151999489,0.0,0.0,0.0,0.0,-253.56865190158518,0.0,8.535179456768845e-143,hard,False,False,-257.3356022186513,0.0,1.0,0.0,0.9804841750435145
1765,1767151999520,0.0,0.0,0.0,0.0,-253.56865190158518,0.0,3.414071782707538e-143,hard,False,False,-257.3356022186513,0.0,1.0,0.0,0.9804841750435145
1766,1767151999553,0.0,0.0,0.0,0.0,-253.56865190158518,0.0,1.3656287130830153e-143,hard,False,False,-257.3356022186513,0.0,1.0,0.0,0.9804841750435145
1767,1767151999586,0.0,0.0,0.0,0.0,-253.56865190158518,0.0,5.462514852332061e-144,hard,False,False,-257.3356022186513,0.0,1.0,0.0,0.9804841750435145
1768,1767151999620,0.0,0.0,0.0,0.0,-253.56865190158518,0.0,2.1850059409328245e-144,hard,False,False,-257.3356022186513,0.0,1.0,0.0,0.9804841750435145
1769,1767151999653,0.0,0.0,0.0,0.0,-253.56865190158518,0.0,8.740023763731299e-145,hard,False,False,-257.3356022186513,0.0,1.0,0.0,0.9804841750435145
1770,1767151999687,0.0,0.0,0.0,0.0,-253.56865190158518,0.0,3.49600950549252e-145,hard,False,False,-257.3356022186513,0.0,1.0,0.0,0.9804841750435145
1771,1767151999720,0.0,0.0,0.0,0.0,-253.56865190158518,0.0,1.398403802197008e-145,hard,False,False,-257.3356022186513,0.0,1.0,0.0,0.9804841750435145
1772,1767151999753,0.0,0.0,0.0,0.0,-253.56865190158518,0.0,5.593615208788032e-146,hard,False,False,-257.3356022186513,0.0,1.0,0.0,0.9804841750435145
1773,1767151999786,0.0,0.0,0.0,0.0,-253.56865190158518,0.0,2.237446083515213e-146,hard,False,False,-257.3356022186513,0.0,1.0,0.0,0.9804841750435145
1774,1767151999990,0.0,0.0,0.0,0.0,-253.56865190158518,0.0,8.949784334060852e-147,hard,False,False,-257.3356022186513,0.0,1.0,0.0,0.9804841750435145
1775,1767152000018,0.0,0.0,0.0,0.0,-253.56865190158518,0.0,3.579913733624341e-147,hard,False,False,-257.3356022186513,0.0,1.0,0.0,0.9804841750435145
1776,1767152000047,0.0,0.0,0.0,0.0,-253.56865190158518,0.0,1.4319654934497363e-147,hard,False,False,-257.3356022186513,0.0,1.0,0.0,0.9804841750435145
1777,1767152000069,0.0,0.0,0.0,0.0,-253.56865190158518,0.0,5.7278619737989456e-148,hard,False,False,-257.3356022186513,0.0,1.0,0.0,0.9804841750435145
1778,1767152000091,0.0,0.0,0.0,0.0,-253.56865190158518,0.0,2.2911447895195785e-148,hard,False,False,-257.3356022186513,0.0,1.0,0.0,0.9804841750435145
1779,1767152000114,0.0,0.0,0.0,0.0,-253.56865190158518,0.0,9.164579158078314e-149,hard,False,False,-257.3356022186513,0.0,1.0,0.0,0.9804841750435145
1780,1767152000136,0.0,0.0,0.0,0.0,-253.56865190158518,0.0,3.6658316632313258e-149,hard,False,False,-257.3356022186513,0.0,1.0,0.0,0.9804841750435145
1781,1767152000156,0.0,0.0,0.0,0.0,-253.56865190158518,0.0,1.4663326652925304e-149,hard,False,False,-257.3356022186513,0.0,1.0,0.0,0.9804841750435145
1782,1767152000180,0.0,0.0,0.0,0.0,-253.56865190158518,0.0,5.865330661170121e-150,hard,False,False,-257.3356022186513,0.0,1.0,0.0,0.9804841750435145
1783,1767152000204,0.0,0.0,0.0,0.0,-253.56865190158518,0.0,2.3461322644680485e-150,hard,False,False,-257.3356022186513,0.0,1.0,0.0,0.9804841750435145
1784,1767152000225,0.0,0.0,0.0,0.0,-253.56865190158518,0.0,9.384529057872195e-151,hard,False,False,-257.3356022186513,0.0,1.0,0.0,0.9804841750435145
1785,1767152000253,0.0,0.0,0.0,0.0,-253.56865190158518,0.0,3.753811623148878e-151,hard,False,False,-257.3356022186513,0.0,1.0,0.0,0.9804841750435145
1786,1767152000286,0.0,0.0,0.0,0.0,-253.56865190158518,0.0,1.5015246492595514e-151,hard,False,False,-257.3356022186513,0.0,1.0,0.0,0.9804841750435145
1787,1767152000320,0.0,0.0,0.0,0.0,-253.56865190158518,0.0,6.006098597038206e-152,hard,False,False,-257.3356022186513,0.0,1.0,0.0,0.9804841750435145
1788,1767152000357,0.0,0.0,0.0,0.0,-253.56865190158518,0.0,2.4024394388152827e-152,hard,False,False,-257.3356022186513,0.0,1.0,0.0,0.9804841750435145
1789,1767152000448,0.0,0.0,0.0,0.0,-253.56865190158518,0.0,9.609757755261132e-153,hard,False,False,-257.3356022186513,0.0,1.0,0.0,0.9804841750435145
1790,1767152000473,0.0,0.0,0.0,0.0,-253.56865190158518,0.0,3.843903102104453e-153,hard,False,False,-257.3356022186513,0.0,1.0,0.0,0.9804841750435145
1791,1767152000493,0.0,0.0,0.0,0.0,-253.56865190158518,0.0,1.5375612408417813e-153,hard,False,False,-257.3356022186513,0.0,1.0,0.0,0.9804841750435145
1792,1767152000513,0.0,0.0,0.0,0.0,-253.56865190158518,0.0,6.150244963367126e-154,hard,False,False,-257.3356022186513,0.0,1.0,0.0,0.9804841750435145
1793,1767152000535,0.0,0.0,0.0,0.0,-253.56865190158518,0.0,2.4600979853468505e-154,hard,False,False,-257.3356022186513,0.0,1.0,0.0,0.9804841750435145
1794,1767152000555,0.0,0.0,0.0,0.0,-253.56865190158518,0.0,9.840391941387402e-155,hard,False,False,-257.3356022186513,0.0,1.0,0.0,0.9804841750435145
1795,1767152000587,0.0,0.0,0.0,0.0,-253.56865190158518,0.0,3.936156776554961e-155,hard,False,False,-257.3356022186513,0.0,1.0,0.0,0.9804841750435145
1796,1767152000620,0.0,0.0,0.0,0.0,-253.56865190158518,0.0,1.5744627106219845e-155,hard,False,False,-257.3356022186513,0.0,1.0,0.0,0.9804841750435145
1797,1767152000653,0.0,0.0,0.0,0.0,-253.56865190158518,0.0,6.297850842487939e-156,hard,False,False,-257.3356022186513,0.0,1.0,0.0,0.9804841750435145
1798,1767152000687,0.0,0.0,0.0,0.0,-253.56865190158518,0.0,2.519140336995176e-156,hard,False,False,-257.3356022186513,0.0,1.0,0.0,0.9804841750435145
1799,1767152000720,0.0,0.0,0.0,0.0,-253.56865190158518,0.0,1.0076561347980704e-156,hard,False,False,-257.3356022186513,0.0,1.0,0.0,0.9804841750435145
1800,1767152000753,0.0,0.0,0.0,0.0,-253.56865190158518,0.0,4.030624539192282e-157,hard,False,False,-257.3356022186513,0.0,1.0,0.0,0.9804841750435145
1801,1767152000786,0.0,0.0,0.0,0.0,-253.56865190158518,0.0,1.612249815676913e-157,hard,False,False,-257.3356022186513,0.0,1.0,0.0,0.9804841750435145
1802,1767152000853,0.0,0.0,0.0,0.0,-253.56865190158518,0.0,6.448999262707652e-158,hard,False,False,-257.3356022186513,0.0,1.0,0.0,0.9804841750435145
1803,1767152000886,0.0,0.0,0.0,0.0,-253.56865190158518,0.0,2.5795997050830613e-158,hard,False,False,-257.3356022186513,0.0,1.0,0.0,0.9804841750435145
1804,1767152000920,0.0,0.0,0.0,0.0,-253.56865190158518,0.0,1.0318398820332246e-158,hard,False,False,-257.3356022186513,0.0,1.0,0.0,0.9804841750435145
1805,1767152000953,0.0,0.0,0.0,0.0,-253.56865190158518,0.0,4.127359528132898e-159,hard,False,False,-257.3356022186513,0.0,1.0,0.0,0.9804841750435145
1806,1767152000990,0.0,0.0,0.0,0.0,-253.56865190158518,0.0,1.6509438112531595e-159,hard,False,False,-257.3356022186513,0.0,1.0,0.0,0.9804841750435145
1807,1767152001020,0.0,0.0,0.0,0.0,-253.56865190158518,0.0,6.603775245012638e-160,hard,False,False,-257.3356022186513,0.0,1.0,0.0,0.9804841750435145
1808,1767152001053,0.0,0.0,0.0,0.0,-253.56865190158518,0.0,2.6415100980050552e-160,hard,False,False,-257.3356022186513,0.0,1.0,0.0,0.9804841750435145
1809,1767152001086,0.0,0.0,0.0,0.0,-253.56865190158518,0.0,1.056604039202022e-160,hard,False,False,-257.3356022186513,0.0,1.0,0.0,0.9804841750435145
1810,1767152001119,0.0,0.0,0.0,0.0,-253.56865190158518,0.0,4.226416156808088e-161,hard,False,False,-257.3356022186513,0.0,1.0,0.0,0.9804841750435145
1811,1767152001153,0.0,0.0,0.0,0.0,-253.56865190158518,0.0,1.6905664627232353e-161,hard,False,False,-257.3356022186513,0.0,1.0,0.0,0.9804841750435145
1812,1767152001186,0.0,0.0,0.0,0.0,-253.56865190158518,0.0,6.7622658508929415e-162,hard,False,False,-257.3356022186513,0.0,1.0,0.0,0.9804841750435145
1813,1767152001220,0.0,0.0,0.0,0.0,-253.56865190158518,0.0,2.704906340357177e-162,hard,False,False,-257.3356022186513,0.0,1.0,0.0,0.9804841750435145
1814,1767152001255,0.0,0.0,0.0,0.0,-253.56865190158518,0.0,1.0819625361428708e-162,hard,False,False,-257.3356022186513,0.0,1.0,0.0,0.9804841750435145
1815,1767152001293,0.0,0.0,0.0,0.0,-253.56865190158518,0.0,4.327850144571484e-163,hard,False,False,-257.3356022186513,0.0,1.0,0.0,0.9804841750435145
1816,1767152001334,0.0,0.0,0.0,0.0,-253.56865190158518,0.0,1.7311400578285936e-163,hard,False,False,-257.3356022186513,0.0,1.0,0.0,0.9804841750435145
1817,1767152001369,0.0,0.0,0.0,0.0,-253.56865190158518,0.0,6.924560231314375e-164,hard,False,False,-257.3356022186513,0.0,1.0,0.0,0.9804841750435145
1818,1767152001420,0.0,0.0,0.0,0.0,-253.56865190158518,0.0,2.76982409252575e-164,hard,False,False,-257.3356022186513,0.0,1.0,0.0,0.9804841750435145
1819,1767152001453,0.0,0.0,0.0,0.0,-253.56865190158518,0.0,1.1079296370103e-164,hard,False,False,-257.3356022186513,0.0,1.0,0.0,0.9804841750435145
1820,1767152001486,0.0,0.0,0.0,0.0,-253.56865190158518,0.0,4.4317185480412e-165,hard,False,False,-257.3356022186513,0.0,1.0,0.0,0.9804841750435145
1821,1767152001519,0.0,0.0,0.0,0.0,-253.56865190158518,0.0,1.7726874192164802e-165,hard,False,False,-257.3356022186513,0.0,1.0,0.0,0.9804841750435145
1822,1767152001556,0.0,0.0,0.0,0.0,-253.56865190158518,0.0,7.090749676865921e-166,hard,False,False,-257.3356022186513,0.0,1.0,0.0,0.9804841750435145
1823,1767152001586,0.0,0.0,0.0,0.0,-253.56865190158518,0.0,2.836299870746369e-166,hard,False,False,-257.3356022186513,0.0,1.0,0.0,0.9804841750435145
1824,1767152001620,0.0,0.0,0.0,0.0,-253.56865190158518,0.0,1.1345199482985476e-166,hard,False,False,-257.3356022186513,0.0,1.0,0.0,0.9804841750435145
1825,1767152001653,0.0,0.0,0.0,0.0,-253.56865190158518,0.0,4.538079793194191e-167,hard,False,False,-257.3356022186513,0.0,1.0,0.0,0.9804841750435145
1826,1767152001686,0.0,0.0,0.0,0.0,-253.56865190158518,0.0,1.8152319172776763e-167,hard,False,False,-257.3356022186513,0.0,1.0,0.0,0.9804841750435145
1827,1767152001723,0.0,0.0,0.0,0.0,-253.56865190158518,0.0,7.260927669110706e-168,hard,False,False,-257.3356022186513,0.0,1.0,0.0,0.9804841750435145
1828,1767152001753,0.0,0.0,0.0,0.0,-253.56865190158518,0.0,2.9043710676442823e-168,hard,False,False,-257.3356022186513,0.0,1.0,0.0,0.9804841750435145
1829,1767152001788,0.0,0.0,0.0,0.0,-253.56865190158518,0.0,1.161748427057713e-168,hard,False,False,-257.3356022186513,0.0,1.0,0.0,0.9804841750435145
1830,1767152001819,0.0,0.0,0.0,0.0,-253.56865190158518,0.0,4.6469937082308517e-169,hard,False,False,-257.3356022186513,0.0,1.0,0.0,0.9804841750435145
1831,1767152001853,0.0,0.0,0.0,0.0,-253.56865190158518,0.0,1.8587974832923407e-169,hard,False,False,-257.3356022186513,0.0,1.0,0.0,0.9804841750435145
1832,1767152001886,0.0,0.0,0.0,0.0,-253.56865190158518,0.0,7.435189933169364e-170,hard,False,False,-257.3356022186513,0.0,1.0,0.0,0.9804841750435145
1833,1767152001919,0.0,0.0,0.0,0.0,-253.56865190158518,0.0,2.9740759732677457e-170,hard,False,False,-257.3356022186513,0.0,1.0,0.0,0.9804841750435145
1834,1767152001953,0.0,0.0,0.0,0.0,-253.56865190158518,0.0,1.1896303893070984e-170,hard,False,False,-257.3356022186513,0.0,1.0,0.0,0.9804841750435145
1835,1767152001986,0.0,0.0,0.0,0.0,-253.56865190158518,0.0,4.758521557228394e-171,hard,False,False,-257.3356022186513,0.0,1.0,0.0,0.9804841750435145
1836,1767152002020,0.0,0.0,0.0,0.0,-253.56865190158518,0.0,1.9034086228913576e-171,hard,False,False,-257.3356022186513,0.0,1.0,0.0,0.9804841750435145
1837,1767152002053,0.0,0.0,0.0,0.0,-253.56865190158518,0.0,7.613634491565431e-172,hard,False,False,-257.3356022186513,0.0,1.0,0.0,0.9804841750435145
1838,1767152002086,0.0,0.0,0.0,0.0,-253.56865190158518,0.0,3.0454537966261724e-172,hard,False,False,-257.3356022186513,0.0,1.0,0.0,0.9804841750435145
1839,1767152002119,0.0,0.0,0.0,0.0,-253.56865190158518,0.0,1.218181518650469e-172,hard,False,False,-257.3356022186513,0.0,1.0,0.0,0.9804841750435145
1840,1767152002153,0.0,0.0,0.0,0.0,-253.56865190158518,0.0,4.872726074601876e-173,hard,False,False,-257.3356022186513,0.0,1.0,0.0,0.9804841750435145
1841,1767152002186,0.0,0.0,0.0,0.0,-253.56865190158518,0.0,1.9490904298407505e-173,hard,False,False,-257.3356022186513,0.0,1.0,0.0,0.9804841750435145
1842,1767152002220,0.0,0.0,0.0,0.0,-253.56865190158518,0.0,7.796361719363003e-174,hard,False,False,-257.3356022186513,0.0,1.0,0.0,0.9804841750435145
1843,1767152002253,0.0,0.0,0.0,0.0,-253.56865190158518,0.0,3.118544687745201e-174,hard,False,False,-257.3356022186513,0.0,1.0,0.0,0.9804841750435145
1844,1767152002287,0.0,0.0,0.0,0.0,-253.56865190158518,0.0,1.2474178750980806e-174,hard,False,False,-257.3356022186513,0.0,1.0,0.0,0.9804841750435145
1845,1767152002321,0.0,0.0,0.0,0.0,-253.56865190158518,0.0,4.9896715003923226e-175,hard,False,False,-257.3356022186513,0.0,1.0,0.0,0.9804841750435145
1846,1767152002353,0.0,0.0,0.0,0.0,-253.56865190158518,0.0,1.995868600156929e-175,hard,False,False,-257.3356022186513,0.0,1.0,0.0,0.9804841750435145
1847,1767152002386,0.0,0.0,0.0,0.0,-253.56865190158518,0.0,7.983474400627717e-176,hard,False,False,-257.3356022186513,0.0,1.0,0.0,0.9804841750435145
1848,1767152002419,0.0,0.0,0.0,0.0,-253.56865190158518,0.0,3.1933897602510866e-176,hard,False,False,-257.3356022186513,0.0,1.0,0.0,0.9804841750435145
1849,1767152002453,0.0,0.0,0.0,0.0,-253.56865190158518,0.0,1.2773559041004347e-176,hard,False,False,-257.3356022186513,0.0,1.0,0.0,0.9804841750435145
1850,1767152002486,0.0,0.0,0.0,0.0,-253.56865190158518,0.0,5.109423616401739e-177,hard,False,False,-257.3356022186513,0.0,1.0,0.0,0.9804841750435145
1851,1767152002520,0.0,0.0,0.0,0.0,-253.56865190158518,0.0,2.0437694465606956e-177,hard,False,False,-257.3356022186513,0.0,1.0,0.0,0.9804841750435145
1852,1767152002553,0.0,0.0,0.0,0.0,-253.56865190158518,0.0,8.175077786242783e-178,hard,False,False,-257.3356022186513,0.0,1.0,0.0,0.9804841750435145
1853,1767152002586,0.0,0.0,0.0,0.0,-253.56865190158518,0.0,3.2700311144971133e-178,hard,False,False,-257.3356022186513,0.0,1.0,0.0,0.9804841750435145
1854,1767152002619,0.0,0.0,0.0,0.0,-253.56865190158518,0.0,1.3080124457988454e-178,hard,False,False,-257.3356022186513,0.0,1.0,0.0,0.9804841750435145
1855,1767152002653,0.0,0.0,0.0,0.0,-253.56865190158518,0.0,5.232049783195382e-179,hard,False,False,-257.3356022186513,0.0,1.0,0.0,0.9804841750435145
1856,1767152002686,0.0,0.0,0.0,0.0,-253.56865190158518,0.0,2.0928199132781532e-179,hard,False,False,-257.3356022186513,0.0,1.0,0.0,0.9804841750435145
1857,1767152002720,0.0,0.0,0.0,0.0,-253.56865190158518,0.0,8.371279653112613e-180,hard,False,False,-257.3356022186513,0.0,1.0,0.0,0.9804841750435145
1858,1767152002753,0.0,0.0,0.0,0.0,-253.56865190158518,0.0,3.3485118612450455e-180,hard,False,False,-257.3356022186513,0.0,1.0,0.0,0.9804841750435145
1859,1767152002786,0.0,0.0,0.0,0.0,-253.56865190158518,0.0,1.3394047444980182e-180,hard,False,False,-257.3356022186513,0.0,1.0,0.0,0.9804841750435145
1860,1767152002820,0.0,0.0,0.0,0.0,-253.56865190158518,0.0,5.357618977992073e-181,hard,False,False,-257.3356022186513,0.0,1.0,0.0,0.9804841750435145
1861,1767152002853,0.0,0.0,0.0,0.0,-253.56865190158518,0.0,2.143047591196829e-181,hard,False,False,-257.3356022186513,0.0,1.0,0.0,0.9804841750435145
1862,1767152002887,0.0,0.0,0.0,0.0,-253.56865190158518,0.0,8.572190364787317e-182,hard,False,False,-257.3356022186513,0.0,1.0,0.0,0.9804841750435145
1863,1767152002919,0.0,0.0,0.0,0.0,-253.56865190158518,0.0,3.428876145914927e-182,hard,False,False,-257.3356022186513,0.0,1.0,0.0,0.9804841750435145
1864,1767152002953,0.0,0.0,0.0,0.0,-253.56865190158518,0.0,1.371550458365971e-182,hard,False,False,-257.3356022186513,0.0,1.0,0.0,0.9804841750435145
1865,1767152002987,0.0,0.0,0.0,0.0,-253.56865190158518,0.0,5.486201833463884e-183,hard,False,False,-257.3356022186513,0.0,1.0,0.0,0.9804841750435145
1866,1767152003019,0.0,0.0,0.0,0.0,-253.56865190158518,0.0,2.1944807333855536e-183,hard,False,False,-257.3356022186513,0.0,1.0,0.0,0.9804841750435145
1867,1767152003053,0.0,0.0,0.0,0.0,-253.56865190158518,0.0,8.777922933542215e-184,hard,False,False,-257.3356022186513,0.0,1.0,0.0,0.9804841750435145
1868,1767152003086,0.0,0.0,0.0,0.0,-253.56865190158518,0.0,3.511169173416886e-184,hard,False,False,-257.3356022186513,0.0,1.0,0.0,0.9804841750435145
1869,1767152003121,0.0,0.0,0.0,0.0,-253.56865190158518,0.0,1.4044676693667544e-184,hard,False,False,-257.3356022186513,0.0,1.0,0.0,0.9804841750435145
1870,1767152003153,0.0,0.0,0.0,0.0,-253.56865190158518,0.0,5.617870677467018e-185,hard,False,False,-257.3356022186513,0.0,1.0,0.0,0.9804841750435145
1871,1767152003186,0.0,0.0,0.0,0.0,-253.56865190158518,0.0,2.2471482709868072e-185,hard,False,False,-257.3356022186513,0.0,1.0,0.0,0.9804841750435145
1872,1767152003219,0.0,0.0,0.0,0.0,-253.56865190158518,0.0,8.98859308394723e-186,hard,False,False,-257.3356022186513,0.0,1.0,0.0,0.9804841750435145
1873,1767152003253,0.0,0.0,0.0,0.0,-253.56865190158518,0.0,3.595437233578892e-186,hard,False,False,-257.3356022186513,0.0,1.0,0.0,0.9804841750435145
1874,1767152003286,0.0,0.0,0.0,0.0,-253.56865190158518,0.0,1.4381748934315569e-186,hard,False,False,-257.3356022186513,0.0,1.0,0.0,0.9804841750435145
1875,1767152003320,0.0,0.0,0.0,0.0,-253.56865190158518,0.0,5.752699573726228e-187,hard,False,False,-257.3356022186513,0.0,1.0,0.0,0.9804841750435145
1876,1767152003353,0.0,0.0,0.0,0.0,-253.56865190158518,0.0,2.301079829490491e-187,hard,False,False,-257.3356022186513,0.0,1.0,0.0,0.9804841750435145
1877,1767152003386,0.0,0.0,0.0,0.0,-253.56865190158518,0.0,9.204319317961965e-188,hard,False,False,-257.3356022186513,0.0,1.0,0.0,0.9804841750435145
1878,1767152003419,0.0,0.0,0.0,0.0,-253.56865190158518,0.0,3.681727727184786e-188,hard,False,False,-257.3356022186513,0.0,1.0,0.0,0.9804841750435145
1879,1767152003453,0.0,0.0,0.0,0.0,-253.56865190158518,0.0,1.4726910908739144e-188,hard,False,False,-257.3356022186513,0.0,1.0,0.0,0.9804841750435145
1880,1767152003487,0.0,0.0,0.0,0.0,-253.56865190158518,0.0,5.890764363495658e-189,hard,False,False,-257.3356022186513,0.0,1.0,0.0,0.9804841750435145
1881,1767152003519,0.0,0.0,0.0,0.0,-253.56865190158518,0.0,2.3563057453982636e-189,hard,False,False,-257.3356022186513,0.0,1.0,0.0,0.9804841750435145
1882,1767152003553,0.0,0.0,0.0,0.0,-253.56865190158518,0.0,9.425222981593055e-190,hard,False,False,-257.3356022186513,0.0,1.0,0.0,0.9804841750435145
1883,1767152003587,0.0,0.0,0.0,0.0,-253.56865190158518,0.0,3.770089192637222e-190,hard,False,False,-257.3356022186513,0.0,1.0,0.0,0.9804841750435145
1884,1767152003620,0.0,0.0,0.0,0.0,-253.56865190158518,0.0,1.508035677054889e-190,hard,False,False,-257.3356022186513,0.0,1.0,0.0,0.9804841750435145
1885,1767152003655,0.0,0.0,0.0,0.0,-253.56865190158518,0.0,6.032142708219556e-191,hard,False,False,-257.3356022186513,0.0,1.0,0.0,0.9804841750435145
1886,1767152003687,0.0,0.0,0.0,0.0,-253.56865190158518,0.0,2.4128570832878225e-191,hard,False,False,-257.3356022186513,0.0,1.0,0.0,0.9804841750435145
1887,1767152003719,0.0,0.0,0.0,0.0,-253.56865190158518,0.0,9.651428333151291e-192,hard,False,False,-257.3356022186513,0.0,1.0,0.0,0.9804841750435145
1888,1767152003753,0.0,0.0,0.0,0.0,-253.56865190158518,0.0,3.860571333260517e-192,hard,False,False,-257.3356022186513,0.0,1.0,0.0,0.9804841750435145
1889,1767152003786,0.0,0.0,0.0,0.0,-253.56865190158518,0.0,1.5442285333042066e-192,hard,False,False,-257.3356022186513,0.0,1.0,0.0,0.9804841750435145
1890,1767152003820,0.0,0.0,0.0,0.0,-253.56865190158518,0.0,6.176914133216827e-193,hard,False,False,-257.3356022186513,0.0,1.0,0.0,0.9804841750435145
1891,1767152003854,0.0,0.0,0.0,0.0,-253.56865190158518,0.0,2.470765653286731e-193,hard,False,False,-257.3356022186513,0.0,1.0,0.0,0.9804841750435145
1892,1767152003890,0.0,0.0,0.0,0.0,-253.56865190158518,0.0,9.883062613146924e-194,hard,False,False,-257.3356022186513,0.0,1.0,0.0,0.9804841750435145
1893,1767152003920,0.0,0.0,0.0,0.0,-253.56865190158518,0.0,3.95322504525877e-194,hard,False,False,-257.3356022186513,0.0,1.0,0.0,0.9804841750435145
1894,1767152003956,0.0,0.0,0.0,0.0,-253.56865190158518,0.0,1.5812900181035082e-194,hard,False,False,-257.3356022186513,0.0,1.0,0.0,0.9804841750435145
1895,1767152003991,0.0,0.0,0.0,0.0,-253.56865190158518,0.0,6.325160072414033e-195,hard,False,False,-257.3356022186513,0.0,1.0,0.0,0.9804841750435145
1896,1767152004023,0.0,0.0,0.0,0.0,-253.56865190158518,0.0,2.5300640289656132e-195,hard,False,False,-257.3356022186513,0.0,1.0,0.0,0.9804841750435145
1897,1767152004055,0.0,0.0,0.0,0.0,-253.56865190158518,0.0,1.0120256115862454e-195,hard,False,False,-257.3356022186513,0.0,1.0,0.0,0.9804841750435145
1898,1767152004086,0.0,0.0,0.0,0.0,-253.56865190158518,0.0,4.048102446344982e-196,hard,False,False,-257.3356022186513,0.0,1.0,0.0,0.9804841750435145
1899,1767152004119,0.0,0.0,0.0,0.0,-253.56865190158518,0.0,1.6192409785379927e-196,hard,False,False,-257.3356022186513,0.0,1.0,0.0,0.9804841750435145
1900,1767152004153,0.0,0.0,0.0,0.0,-253.56865190158518,0.0,6.476963914151971e-197,hard,False,False,-257.3356022186513,0.0,1.0,0.0,0.9804841750435145
1901,1767152004186,0.0,0.0,0.0,0.0,-253.56865190158518,0.0,2.5907855656607886e-197,hard,False,False,-257.3356022186513,0.0,1.0,0.0,0.9804841750435145
1902,1767152004219,0.0,0.0,0.0,0.0,-253.56865190158518,0.0,1.0363142262643154e-197,hard,False,False,-257.3356022186513,0.0,1.0,0.0,0.9804841750435145
1903,1767152004253,0.0,0.0,0.0,0.0,-253.56865190158518,0.0,4.145256905057262e-198,hard,False,False,-257.3356022186513,0.0,1.0,0.0,0.9804841750435145
1904,1767152004286,0.0,0.0,0.0,0.0,-253.56865190158518,0.0,1.6581027620229047e-198,hard,False,False,-257.3356022186513,0.0,1.0,0.0,0.9804841750435145
1905,1767152004319,0.0,0.0,0.0,0.0,-253.56865190158518,0.0,6.632411048091619e-199,hard,False,False,-257.3356022186513,0.0,1.0,0.0,0.9804841750435145
1906,1767152004353,0.0,0.0,0.0,0.0,-253.56865190158518,0.0,2.652964419236648e-199,hard,False,False,-257.3356022186513,0.0,1.0,0.0,0.9804841750435145
1907,1767152004386,0.0,0.0,0.0,0.0,-253.56865190158518,0.0,1.0611857676946592e-199,hard,False,False,-257.3356022186513,0.0,1.0,0.0,0.9804841750435145
1908,1767152004419,0.0,0.0,0.0,0.0,-253.56865190158518,0.0,4.244743070778637e-200,hard,False,False,-257.3356022186513,0.0,1.0,0.0,0.9804841750435145
1909,1767152004452,0.0,0.0,0.0,0.0,-253.56865190158518,0.0,1.697897228311455e-200,hard,False,False,-257.3356022186513,0.0,1.0,0.0,0.9804841750435145
1910,1767152004487,0.0,0.0,0.0,0.0,-253.56865190158518,0.0,6.791588913245821e-201,hard,False,False,-257.3356022186513,0.0,1.0,0.0,0.9804841750435145
1911,1767152004520,0.0,0.0,0.0,0.0,-253.56865190158518,0.0,2.7166355652983285e-201,hard,False,False,-257.3356022186513,0.0,1.0,0.0,0.9804841750435145
1912,1767152004555,0.0,0.0,0.0,0.0,-253.56865190158518,0.0,1.0866542261193314e-201,hard,False,False,-257.3356022186513,0.0,1.0,0.0,0.9804841750435145
1913,1767152004586,0.0,0.0,0.0,0.0,-253.56865190158518,0.0,4.3466169044773255e-202,hard,False,False,-257.3356022186513,0.0,1.0,0.0,0.9804841750435145
1914,1767152004654,0.0,0.0,0.0,0.0,-253.56865190158518,0.0,1.7386467617909302e-202,hard,False,False,-257.3356022186513,0.0,1.0,0.0,0.9804841750435145
1915,1767152004693,0.0,0.0,0.0,0.0,-253.56865190158518,0.0,6.954587047163722e-203,hard,False,False,-257.3356022186513,0.0,1.0,0.0,0.9804841750435145
1916,1767152004736,0.0,0.0,0.0,0.0,-253.56865190158518,0.0,2.781834818865489e-203,hard,False,False,-257.3356022186513,0.0,1.0,0.0,0.9804841750435145
1917,1767152004768,0.0,0.0,0.0,0.0,-253.56865190158518,0.0,1.1127339275461956e-203,hard,False,False,-257.3356022186513,0.0,1.0,0.0,0.9804841750435145
1918,1767152004804,0.0,0.0,0.0,0.0,-253.56865190158518,0.0,4.450935710184783e-204,hard,False,False,-257.3356022186513,0.0,1.0,0.0,0.9804841750435145
1919,1767152004837,0.0,0.0,0.0,0.0,-253.56865190158518,0.0,1.780374284073913e-204,hard,False,False,-257.3356022186513,0.0,1.0,0.0,0.9804841750435145
1920,1767152004864,0.0,0.0,0.0,0.0,-253.56865190158518,0.0,7.1214971362956525e-205,hard,False,False,-257.3356022186513,0.0,1.0,0.0,0.9804841750435145
1921,1767152004887,0.0,0.0,0.0,0.0,-253.56865190158518,0.0,2.8485988545182613e-205,hard,False,False,-257.3356022186513,0.0,1.0,0.0,0.9804841750435145
1922,1767152004920,0.0,0.0,0.0,0.0,-253.56865190158518,0.0,1.1394395418073046e-205,hard,False,False,-257.3356022186513,0.0,1.0,0.0,0.9804841750435145
1923,1767152004953,0.0,0.0,0.0,0.0,-253.56865190158518,0.0,4.5577581672292185e-206,hard,False,False,-257.3356022186513,0.0,1.0,0.0,0.9804841750435145
1924,1767152004986,0.0,0.0,0.0,0.0,-253.56865190158518,0.0,1.8231032668916874e-206,hard,False,False,-257.3356022186513,0.0,1.0,0.0,0.9804841750435145
1925,1767152005019,0.0,0.0,0.0,0.0,-253.56865190158518,0.0,7.29241306756675e-207,hard,False,False,-257.3356022186513,0.0,1.0,0.0,0.9804841750435145
1926,1767152005053,0.0,0.0,0.0,0.0,-253.56865190158518,0.0,2.9169652270267004e-207,hard,False,False,-257.3356022186513,0.0,1.0,0.0,0.9804841750435145
1927,1767152005086,0.0,0.0,0.0,0.0,-253.56865190158518,0.0,1.1667860908106803e-207,hard,False,False,-257.3356022186513,0.0,1.0,0.0,0.9804841750435145
1928,1767152005119,0.0,0.0,0.0,0.0,-253.56865190158518,0.0,4.6671443632427214e-208,hard,False,False,-257.3356022186513,0.0,1.0,0.0,0.9804841750435145
1929,1767152005153,0.0,0.0,0.0,0.0,-253.56865190158518,0.0,1.8668577452970886e-208,hard,False,False,-257.3356022186513,0.0,1.0,0.0,0.9804841750435145
1930,1767152005187,0.0,0.0,0.0,0.0,-253.56865190158518,0.0,7.467430981188354e-209,hard,False,False,-257.3356022186513,0.0,1.0,0.0,0.9804841750435145
1931,1767152005230,0.0,0.0,0.0,0.0,-253.56865190158518,0.0,2.986972392475342e-209,hard,False,False,-257.3356022186513,0.0,1.0,0.0,0.9804841750435145
1932,1767152005257,0.0,0.0,0.0,0.0,-253.56865190158518,0.0,1.1947889569901369e-209,hard,False,False,-257.3356022186513,0.0,1.0,0.0,0.9804841750435145
1933,1767152005301,0.0,0.0,0.0,0.0,-253.56865190158518,0.0,4.779155827960548e-210,hard,False,False,-257.3356022186513,0.0,1.0,0.0,0.9804841750435145
1934,1767152005329,0.0,0.0,0.0,0.0,-253.56865190158518,0.0,1.9116623311842192e-210,hard,False,False,-257.3356022186513,0.0,1.0,0.0,0.9804841750435145
1935,1767152005365,0.0,0.0,0.0,0.0,-253.56865190158518,0.0,7.646649324736876e-211,hard,False,False,-257.3356022186513,0.0,1.0,0.0,0.9804841750435145
1936,1767152005392,0.0,0.0,0.0,0.0,-253.56865190158518,0.0,3.058659729894751e-211,hard,False,False,-257.3356022186513,0.0,1.0,0.0,0.9804841750435145
1937,1767152005419,0.0,0.0,0.0,0.0,-253.56865190158518,0.0,1.2234638919579005e-211,hard,False,False,-257.3356022186513,0.0,1.0,0.0,0.9804841750435145
1938,1767152005452,0.0,0.0,0.0,0.0,-253.56865190158518,0.0,4.893855567831602e-212,hard,False,False,-257.3356022186513,0.0,1.0,0.0,0.9804841750435145
1939,1767152005486,0.0,0.0,0.0,0.0,-253.56865190158518,0.0,1.957542227132641e-212,hard,False,False,-257.3356022186513,0.0,1.0,0.0,0.9804841750435145
1940,1767152005519,0.0,0.0,0.0,0.0,-253.56865190158518,0.0,7.830168908530564e-213,hard,False,False,-257.3356022186513,0.0,1.0,0.0,0.9804841750435145
1941,1767152005552,0.0,0.0,0.0,0.0,-253.56865190158518,0.0,3.132067563412226e-213,hard,False,False,-257.3356022186513,0.0,1.0,0.0,0.9804841750435145
1942,1767152005586,0.0,0.0,0.0,0.0,-253.56865190158518,0.0,1.2528270253648905e-213,hard,False,False,-257.3356022186513,0.0,1.0,0.0,0.9804841750435145
1943,1767152005619,0.0,0.0,0.0,0.0,-253.56865190158518,0.0,5.011308101459563e-214,hard,False,False,-257.3356022186513,0.0,1.0,0.0,0.9804841750435145
1944,1767152005652,0.0,0.0,0.0,0.0,-253.56865190158518,0.0,2.004523240583825e-214,hard,False,False,-257.3356022186513,0.0,1.0,0.0,0.9804841750435145
1945,1767152005686,0.0,0.0,0.0,0.0,-253.56865190158518,0.0,8.0180929623353e-215,hard,False,False,-257.3356022186513,0.0,1.0,0.0,0.9804841750435145
1946,1767152005719,0.0,0.0,0.0,0.0,-253.56865190158518,0.0,3.2072371849341205e-215,hard,False,False,-257.3356022186513,0.0,1.0,0.0,0.9804841750435145
1947,1767152005753,0.0,0.0,0.0,0.0,-253.56865190158518,0.0,1.2828948739736483e-215,hard,False,False,-257.3356022186513,0.0,1.0,0.0,0.9804841750435145
1948,1767152005786,0.0,0.0,0.0,0.0,-253.56865190158518,0.0,5.1315794958945935e-216,hard,False,False,-257.3356022186513,0.0,1.0,0.0,0.9804841750435145
1949,1767152005819,0.0,0.0,0.0,0.0,-253.56865190158518,0.0,2.0526317983578376e-216,hard,False,False,-257.3356022186513,0.0,1.0,0.0,0.9804841750435145
1950,1767152005855,0.0,0.0,0.0,0.0,-253.56865190158518,0.0,8.210527193431351e-217,hard,False,False,-257.3356022186513,0.0,1.0,0.0,0.9804841750435145
1951,1767152005886,0.0,0.0,0.0,0.0,-253.56865190158518,0.0,3.2842108773725407e-217,hard,False,False,-257.3356022186513,0.0,1.0,0.0,0.9804841750435145
1952,1767152005953,0.0,0.0,0.0,0.0,-253.56865190158518,0.0,1.3136843509490163e-217,hard,False,False,-257.3356022186513,0.0,1.0,0.0,0.9804841750435145
1953,1767152005986,0.0,0.0,0.0,0.0,-253.56865190158518,0.0,5.254737403796066e-218,hard,False,False,-257.3356022186513,0.0,1.0,0.0,0.9804841750435145
1954,1767152006019,0.0,0.0,0.0,0.0,-253.56865190158518,0.0,2.1018949615184264e-218,hard,False,False,-257.3356022186513,0.0,1.0,0.0,0.9804841750435145
1955,1767152006053,0.0,0.0,0.0,0.0,-253.56865190158518,0.0,8.407579846073706e-219,hard,False,False,-257.3356022186513,0.0,1.0,0.0,0.9804841750435145
1956,1767152006086,0.0,0.0,0.0,0.0,-253.56865190158518,0.0,3.3630319384294826e-219,hard,False,False,-257.3356022186513,0.0,1.0,0.0,0.9804841750435145
1957,1767152006276,0.0,0.0,0.0,0.0,-253.56865190158518,0.0,1.3452127753717931e-219,hard,False,False,-257.3356022186513,0.0,1.0,0.0,0.9804841750435145
1958,1767152006296,0.0,0.0,0.0,0.0,-253.56865190158518,0.0,5.380851101487173e-220,hard,False,False,-257.3356022186513,0.0,1.0,0.0,0.9804841750435145
1959,1767152006317,0.0,0.0,0.0,0.0,-253.56865190158518,0.0,2.152340440594869e-220,hard,False,False,-257.3356022186513,0.0,1.0,0.0,0.9804841750435145
1960,1767152006335,0.0,0.0,0.0,0.0,-253.56865190158518,0.0,8.609361762379477e-221,hard,False,False,-257.3356022186513,0.0,1.0,0.0,0.9804841750435145
1961,1767152006354,0.0,0.0,0.0,0.0,-253.56865190158518,0.0,3.443744704951791e-221,hard,False,False,-257.3356022186513,0.0,1.0,0.0,0.9804841750435145
1962,1767152006373,0.0,0.0,0.0,0.0,-253.56865190158518,0.0,1.3774978819807166e-221,hard,False,False,-257.3356022186513,0.0,1.0,0.0,0.9804841750435145
1963,1767152006394,0.0,0.0,0.0,0.0,-253.56865190158518,0.0,5.5099915279228665e-222,hard,False,False,-257.3356022186513,0.0,1.0,0.0,0.9804841750435145
1964,1767152006419,0.0,0.0,0.0,0.0,-253.56865190158518,0.0,2.2039966111691466e-222,hard,False,False,-257.3356022186513,0.0,1.0,0.0,0.9804841750435145
1965,1767152006452,0.0,0.0,0.0,0.0,-253.56865190158518,0.0,8.815986444676587e-223,hard,False,False,-257.3356022186513,0.0,1.0,0.0,0.9804841750435145
1966,1767152006486,0.0,0.0,0.0,0.0,-253.56865190158518,0.0,3.526394577870635e-223,hard,False,False,-257.3356022186513,0.0,1.0,0.0,0.9804841750435145
1967,1767152006522,0.0,0.0,0.0,0.0,-253.56865190158518,0.0,1.410557831148254e-223,hard,False,False,-257.3356022186513,0.0,1.0,0.0,0.9804841750435145
1968,1767152006553,0.0,0.0,0.0,0.0,-253.56865190158518,0.0,5.642231324593016e-224,hard,False,False,-257.3356022186513,0.0,1.0,0.0,0.9804841750435145
1969,1767152006586,0.0,0.0,0.0,0.0,-253.56865190158518,0.0,2.2568925298372064e-224,hard,False,False,-257.3356022186513,0.0,1.0,0.0,0.9804841750435145
1970,1767152006620,0.0,0.0,0.0,0.0,-253.56865190158518,0.0,9.027570119348826e-225,hard,False,False,-257.3356022186513,0.0,1.0,0.0,0.9804841750435145
1971,1767152006740,0.0,0.0,0.0,0.0,-253.56865190158518,0.0,3.6110280477395304e-225,hard,False,False,-257.3356022186513,0.0,1.0,0.0,0.9804841750435145
1972,1767152006764,0.0,0.0,0.0,0.0,-253.56865190158518,0.0,1.4444112190958123e-225,hard,False,False,-257.3356022186513,0.0,1.0,0.0,0.9804841750435145
1973,1767152006789,0.0,0.0,0.0,0.0,-253.56865190158518,0.0,5.7776448763832496e-226,hard,False,False,-257.3356022186513,0.0,1.0,0.0,0.9804841750435145
1974,1767152006812,0.0,0.0,0.0,0.0,-253.56865190158518,0.0,2.3110579505533e-226,hard,False,False,-257.3356022186513,0.0,1.0,0.0,0.9804841750435145
1975,1767152006838,0.0,0.0,0.0,0.0,-253.56865190158518,0.0,9.2442318022132e-227,hard,False,False,-257.3356022186513,0.0,1.0,0.0,0.9804841750435145
1976,1767152006867,0.0,0.0,0.0,0.0,-253.56865190158518,0.0,3.69769272088528e-227,hard,False,False,-257.3356022186513,0.0,1.0,0.0,0.9804841750435145
1977,1767152006891,0.0,0.0,0.0,0.0,-253.56865190158518,0.0,1.4790770883541122e-227,hard,False,False,-257.3356022186513,0.0,1.0,0.0,0.9804841750435145
1978,1767152006916,0.0,0.0,0.0,0.0,-253.56865190158518,0.0,5.916308353416448e-228,hard,False,False,-257.3356022186513,0.0,1.0,0.0,0.9804841750435145
1979,1767152006938,0.0,0.0,0.0,0.0,-253.56865190158518,0.0,2.3665233413665795e-228,hard,False,False,-257.3356022186513,0.0,1.0,0.0,0.9804841750435145
1980,1767152006964,0.0,0.0,0.0,0.0,-253.56865190158518,0.0,9.466093365466319e-229,hard,False,False,-257.3356022186513,0.0,1.0,0.0,0.9804841750435145
1981,1767152006990,0.0,0.0,0.0,0.0,-253.56865190158518,0.0,3.786437346186528e-229,hard,False,False,-257.3356022186513,0.0,1.0,0.0,0.9804841750435145
1982,1767152007022,0.0,0.0,0.0,0.0,-253.56865190158518,0.0,1.5145749384746112e-229,hard,False,False,-257.3356022186513,0.0,1.0,0.0,0.9804841750435145
1983,1767152007053,0.0,0.0,0.0,0.0,-253.56865190158518,0.0,6.058299753898445e-230,hard,False,False,-257.3356022186513,0.0,1.0,0.0,0.9804841750435145
1984,1767152007087,0.0,0.0,0.0,0.0,-253.56865190158518,0.0,2.423319901559378e-230,hard,False,False,-257.3356022186513,0.0,1.0,0.0,0.9804841750435145
1985,1767152007119,0.0,0.0,0.0,0.0,-253.56865190158518,0.0,9.693279606237512e-231,hard,False,False,-257.3356022186513,0.0,1.0,0.0,0.9804841750435145
1986,1767152007186,0.0,0.0,0.0,0.0,-253.56865190158518,0.0,3.877311842495005e-231,hard,False,False,-257.3356022186513,0.0,1.0,0.0,0.9804841750435145
1987,1767152007220,0.0,0.0,0.0,0.0,-253.56865190158518,0.0,1.550924736998002e-231,hard,False,False,-257.3356022186513,0.0,1.0,0.0,0.9804841750435145
1988,1767152007252,0.0,0.0,0.0,0.0,-253.56865190158518,0.0,6.203698947992008e-232,hard,False,False,-257.3356022186513,0.0,1.0,0.0,0.9804841750435145
1989,1767152007293,0.0,0.0,0.0,0.0,-253.56865190158518,0.0,2.4814795791968035e-232,hard,False,False,-257.3356022186513,0.0,1.0,0.0,0.9804841750435145
1990,1767152007334,0.0,0.0,0.0,0.0,-253.56865190158518,0.0,9.925918316787215e-233,hard,False,False,-257.3356022186513,0.0,1.0,0.0,0.9804841750435145
1991,1767152007364,0.0,0.0,0.0,0.0,-253.56865190158518,0.0,3.970367326714886e-233,hard,False,False,-257.3356022186513,0.0,1.0,0.0,0.9804841750435145
1992,1767152007408,0.0,0.0,0.0,0.0,-253.56865190158518,0.0,1.5881469306859546e-233,hard,False,False,-257.3356022186513,0.0,1.0,0.0,0.9804841750435145
1993,1767152007445,0.0,0.0,0.0,0.0,-253.56865190158518,0.0,6.352587722743818e-234,hard,False,False,-257.3356022186513,0.0,1.0,0.0,0.9804841750435145
1994,1767152007486,0.0,0.0,0.0,0.0,-253.56865190158518,0.0,2.5410350890975275e-234,hard,False,False,-257.3356022186513,0.0,1.0,0.0,0.9804841750435145
1995,1767152007519,0.0,0.0,0.0,0.0,-253.56865190158518,0.0,1.0164140356390111e-234,hard,False,False,-257.3356022186513,0.0,1.0,0.0,0.9804841750435145
1996,1767152007553,0.0,0.0,0.0,0.0,-253.56865190158518,0.0,4.0656561425560446e-235,hard,False,False,-257.3356022186513,0.0,1.0,0.0,0.9804841750435145
1997,1767152007586,0.0,0.0,0.0,0.0,-253.56865190158518,0.0,1.6262624570224178e-235,hard,False,False,-257.3356022186513,0.0,1.0,0.0,0.9804841750435145
1998,1767152007619,0.0,0.0,0.0,0.0,-253.56865190158518,0.0,6.505049828089672e-236,hard,False,False,-257.3356022186513,0.0,1.0,0.0,0.9804841750435145
1999,1767152007657,0.0,0.0,0.0,0.0,-253.56865190158518,0.0,2.602019931235869e-236,hard,False,False,-257.3356022186513,0.0,1.0,0.0,0.9804841750435145
2000,1767152007719,0.0,0.0,0.0,0.0,-253.56865190158518,0.0,1.0408079724943476e-236,hard,False,False,-257.3356022186513,0.0,1.0,0.0,0.9804841750435145
2001,1767152007753,0.0,0.0,0.0,0.0,-253.56865190158518,0.0,4.1632318899773905e-237,hard,False,False,-257.3356022186513,0.0,1.0,0.0,0.9804841750435145
2002,1767152007786,0.0,0.0,0.0,0.0,-253.56865190158518,0.0,1.6652927559909563e-237,hard,False,False,-257.3356022186513,0.0,1.0,0.0,0.9804841750435145
2003,1767152007821,0.0,0.0,0.0,0.0,-253.56865190158518,0.0,6.661171023963826e-238,hard,False,False,-257.3356022186513,0.0,1.0,0.0,0.9804841750435145
2004,1767152007870,0.0,0.0,0.0,0.0,-253.56865190158518,0.0,2.6644684095855305e-238,hard,False,False,-257.3356022186513,0.0,1.0,0.0,0.9804841750435145
2005,1767152007906,0.0,0.0,0.0,0.0,-253.56865190158518,0.0,1.0657873638342122e-238,hard,False,False,-257.3356022186513,0.0,1.0,0.0,0.9804841750435145
2006,1767152007940,0.0,0.0,0.0,0.0,-253.56865190158518,0.0,4.263149455336849e-239,hard,False,False,-257.3356022186513,0.0,1.0,0.0,0.9804841750435145
2007,1767152007969,0.0,0.0,0.0,0.0,-253.56865190158518,0.0,1.70525978213474e-239,hard,False,False,-257.3356022186513,0.0,1.0,0.0,0.9804841750435145
2008,1767152007994,0.0,0.0,0.0,0.0,-253.56865190158518,0.0,6.82103912853896e-240,hard,False,False,-257.3356022186513,0.0,1.0,0.0,0.9804841750435145
2009,1767152008019,0.0,0.0,0.0,0.0,-253.56865190158518,0.0,2.728415651415584e-240,hard,False,False,-257.3356022186513,0.0,1.0,0.0,0.9804841750435145
2010,1767152008055,0.0,0.0,0.0,0.0,-253.56865190158518,0.0,1.0913662605662337e-240,hard,False,False,-257.3356022186513,0.0,1.0,0.0,0.9804841750435145
2011,1767152008086,0.0,0.0,0.0,0.0,-253.56865190158518,0.0,4.365465042264935e-241,hard,False,False,-257.3356022186513,0.0,1.0,0.0,0.9804841750435145
2012,1767152008119,0.0,0.0,0.0,0.0,-253.56865190158518,0.0,1.746186016905974e-241,hard,False,False,-257.3356022186513,0.0,1.0,0.0,0.9804841750435145
2013,1767152008153,0.0,0.0,0.0,0.0,-253.56865190158518,0.0,6.984744067623896e-242,hard,False,False,-257.3356022186513,0.0,1.0,0.0,0.9804841750435145
2014,1767152008187,0.0,0.0,0.0,0.0,-253.56865190158518,0.0,2.7938976270495585e-242,hard,False,False,-257.3356022186513,0.0,1.0,0.0,0.9804841750435145
2015,1767152008228,0.0,0.0,0.0,0.0,-253.56865190158518,0.0,1.1175590508198234e-242,hard,False,False,-257.3356022186513,0.0,1.0,0.0,0.9804841750435145
2016,1767152008256,0.0,0.0,0.0,0.0,-253.56865190158518,0.0,4.470236203279294e-243,hard,False,False,-257.3356022186513,0.0,1.0,0.0,0.9804841750435145
2017,1767152008289,0.0,0.0,0.0,0.0,-253.56865190158518,0.0,1.7880944813117176e-243,hard,False,False,-257.3356022186513,0.0,1.0,0.0,0.9804841750435145
2018,1767152008352,0.0,0.0,0.0,0.0,-253.56865190158518,0.0,7.152377925246871e-244,hard,False,False,-257.3356022186513,0.0,1.0,0.0,0.9804841750435145
2019,1767152008386,0.0,0.0,0.0,0.0,-253.56865190158518,0.0,2.8609511700987486e-244,hard,False,False,-257.3356022186513,0.0,1.0,0.0,0.9804841750435145
2020,1767152008419,0.0,0.0,0.0,0.0,-253.56865190158518,0.0,1.1443804680394995e-244,hard,False,False,-257.3356022186513,0.0,1.0,0.0,0.9804841750435145
2021,1767152008452,0.0,0.0,0.0,0.0,-253.56865190158518,0.0,4.577521872157999e-245,hard,False,False,-257.3356022186513,0.0,1.0,0.0,0.9804841750435145
2022,1767152008486,0.0,0.0,0.0,0.0,-253.56865190158518,0.0,1.8310087488631997e-245,hard,False,False,-257.3356022186513,0.0,1.0,0.0,0.9804841750435145
2023,1767152008519,0.0,0.0,0.0,0.0,-253.56865190158518,0.0,7.324034995452799e-246,hard,False,False,-257.3356022186513,0.0,1.0,0.0,0.9804841750435145
2024,1767152008552,0.0,0.0,0.0,0.0,-253.56865190158518,0.0,2.92961399818112e-246,hard,False,False,-257.3356022186513,0.0,1.0,0.0,0.9804841750435145
2025,1767152008587,0.0,0.0,0.0,0.0,-253.56865190158518,0.0,1.1718455992724482e-246,hard,False,False,-257.3356022186513,0.0,1.0,0.0,0.9804841750435145
2026,1767152008619,0.0,0.0,0.0,0.0,-253.56865190158518,0.0,4.687382397089793e-247,hard,False,False,-257.3356022186513,0.0,1.0,0.0,0.9804841750435145
2027,1767152008652,0.0,0.0,0.0,0.0,-253.56865190158518,0.0,1.8749529588359174e-247,hard,False,False,-257.3356022186513,0.0,1.0,0.0,0.9804841750435145
2028,1767152008685,0.0,0.0,0.0,0.0,-253.56865190158518,0.0,7.49981183534367e-248,hard,False,False,-257.3356022186513,0.0,1.0,0.0,0.9804841750435145
2029,1767152008719,0.0,0.0,0.0,0.0,-253.56865190158518,0.0,2.9999247341374685e-248,hard,False,False,-257.3356022186513,0.0,1.0,0.0,0.9804841750435145
2030,1767152008754,0.0,0.0,0.0,0.0,-253.56865190158518,0.0,1.1999698936549875e-248,hard,False,False,-257.3356022186513,0.0,1.0,0.0,0.9804841750435145
2031,1767152008797,0.0,0.0,0.0,0.0,-253.56865190158518,0.0,4.799879574619951e-249,hard,False,False,-257.3356022186513,0.0,1.0,0.0,0.9804841750435145
2032,1767152008823,0.0,0.0,0.0,0.0,-253.56865190158518,0.0,1.9199518298479802e-249,hard,False,False,-257.3356022186513,0.0,1.0,0.0,0.9804841750435145
2033,1767152008857,0.0,0.0,0.0,0.0,-253.56865190158518,0.0,7.679807319391922e-250,hard,False,False,-257.3356022186513,0.0,1.0,0.0,0.9804841750435145
2034,1767152008906,0.0,0.0,0.0,0.0,-253.56865190158518,0.0,3.071922927756769e-250,hard,False,False,-257.3356022186513,0.0,1.0,0.0,0.9804841750435145
2035,1767152008934,0.0,0.0,0.0,0.0,-253.56865190158518,0.0,1.2287691711027076e-250,hard,False,False,-257.3356022186513,0.0,1.0,0.0,0.9804841750435145
2036,1767152008959,0.0,0.0,0.0,0.0,-253.56865190158518,0.0,4.915076684410831e-251,hard,False,False,-257.3356022186513,0.0,1.0,0.0,0.9804841750435145
2037,1767152008992,0.0,0.0,0.0,0.0,-253.56865190158518,0.0,1.9660306737643324e-251,hard,False,False,-257.3356022186513,0.0,1.0,0.0,0.9804841750435145
2038,1767152009019,0.0,0.0,0.0,0.0,-253.56865190158518,0.0,7.86412269505733e-252,hard,False,False,-257.3356022186513,0.0,1.0,0.0,0.9804841750435145
2039,1767152009052,0.0,0.0,0.0,0.0,-253.56865190158518,0.0,3.1456490780229322e-252,hard,False,False,-257.3356022186513,0.0,1.0,0.0,0.9804841750435145
2040,1767152009086,0.0,0.0,0.0,0.0,-253.56865190158518,0.0,1.258259631209173e-252,hard,False,False,-257.3356022186513,0.0,1.0,0.0,0.9804841750435145
2041,1767152009119,0.0,0.0,0.0,0.0,-253.56865190158518,0.0,5.033038524836692e-253,hard,False,False,-257.3356022186513,0.0,1.0,0.0,0.9804841750435145
2042,1767152009153,0.0,0.0,0.0,0.0,-253.56865190158518,0.0,2.013215409934677e-253,hard,False,False,-257.3356022186513,0.0,1.0,0.0,0.9804841750435145
2043,1767152009186,0.0,0.0,0.0,0.0,-253.56865190158518,0.0,8.052861639738709e-254,hard,False,False,-257.3356022186513,0.0,1.0,0.0,0.9804841750435145
2044,1767152009220,0.0,0.0,0.0,0.0,-253.56865190158518,0.0,3.221144655895484e-254,hard,False,False,-257.3356022186513,0.0,1.0,0.0,0.9804841750435145
2045,1767152009252,0.0,0.0,0.0,0.0,-253.56865190158518,0.0,1.2884578623581936e-254,hard,False,False,-257.3356022186513,0.0,1.0,0.0,0.9804841750435145
2046,1767152009288,0.0,0.0,0.0,0.0,-253.56865190158518,0.0,5.153831449432775e-255,hard,False,False,-257.3356022186513,0.0,1.0,0.0,0.9804841750435145
2047,1767152009320,0.0,0.0,0.0,0.0,-253.56865190158518,0.0,2.0615325797731101e-255,hard,False,False,-257.3356022186513,0.0,1.0,0.0,0.9804841750435145
2048,1767152009363,0.0,0.0,0.0,0.0,-253.56865190158518,0.0,8.246130319092441e-256,hard,False,False,-257.3356022186513,0.0,1.0,0.0,0.9804841750435145
2049,1767152009391,0.0,0.0,0.0,0.0,-253.56865190158518,0.0,3.2984521276369767e-256,hard,False,False,-257.3356022186513,0.0,1.0,0.0,0.9804841750435145
2050,1767152009425,0.0,0.0,0.0,0.0,-253.56865190158518,0.0,1.3193808510547907e-256,hard,False,False,-257.3356022186513,0.0,1.0,0.0,0.9804841750435145
2051,1767152009453,0.0,0.0,0.0,0.0,-253.56865190158518,0.0,5.277523404219163e-257,hard,False,False,-257.3356022186513,0.0,1.0,0.0,0.9804841750435145
2052,1767152009486,0.0,0.0,0.0,0.0,-253.56865190158518,0.0,2.1110093616876654e-257,hard,False,False,-257.3356022186513,0.0,1.0,0.0,0.9804841750435145
2053,1767152009519,0.0,0.0,0.0,0.0,-253.56865190158518,0.0,8.444037446750662e-258,hard,False,False,-257.3356022186513,0.0,1.0,0.0,0.9804841750435145
2054,1767152009554,0.0,0.0,0.0,0.0,-253.56865190158518,0.0,3.377614978700265e-258,hard,False,False,-257.3356022186513,0.0,1.0,0.0,0.9804841750435145
2055,1767152009586,0.0,0.0,0.0,0.0,-253.56865190158518,0.0,1.351045991480106e-258,hard,False,False,-257.3356022186513,0.0,1.0,0.0,0.9804841750435145
2056,1767152009621,0.0,0.0,0.0,0.0,-253.56865190158518,0.0,5.404183965920425e-259,hard,False,False,-257.3356022186513,0.0,1.0,0.0,0.9804841750435145
2057,1767152009652,0.0,0.0,0.0,0.0,-253.56865190158518,0.0,2.16167358636817e-259,hard,False,False,-257.3356022186513,0.0,1.0,0.0,0.9804841750435145
2058,1767152009685,0.0,0.0,0.0,0.0,-253.56865190158518,0.0,8.646694345472681e-260,hard,False,False,-257.3356022186513,0.0,1.0,0.0,0.9804841750435145
2059,1767152009719,0.0,0.0,0.0,0.0,-253.56865190158518,0.0,3.458677738189072e-260,hard,False,False,-257.3356022186513,0.0,1.0,0.0,0.9804841750435145
2060,1767152009752,0.0,0.0,0.0,0.0,-253.56865190158518,0.0,1.383471095275629e-260,hard,False,False,-257.3356022186513,0.0,1.0,0.0,0.9804841750435145
2061,1767152009785,0.0,0.0,0.0,0.0,-253.56865190158518,0.0,5.533884381102517e-261,hard,False,False,-257.3356022186513,0.0,1.0,0.0,0.9804841750435145
2062,1767152009819,0.0,0.0,0.0,0.0,-253.56865190158518,0.0,2.213553752441007e-261,hard,False,False,-257.3356022186513,0.0,1.0,0.0,0.9804841750435145
2063,1767152009855,0.0,0.0,0.0,0.0,-253.56865190158518,0.0,8.854215009764029e-262,hard,False,False,-257.3356022186513,0.0,1.0,0.0,0.9804841750435145
2064,1767152009889,0.0,0.0,0.0,0.0,-253.56865190158518,0.0,3.5416860039056116e-262,hard,False,False,-257.3356022186513,0.0,1.0,0.0,0.9804841750435145
2065,1767152009920,0.0,0.0,0.0,0.0,-253.56865190158518,0.0,1.4166744015622447e-262,hard,False,False,-257.3356022186513,0.0,1.0,0.0,0.9804841750435145
2066,1767152009952,0.0,0.0,0.0,0.0,-253.56865190158518,0.0,5.666697606248979e-263,hard,False,False,-257.3356022186513,0.0,1.0,0.0,0.9804841750435145
2067,1767152009990,0.0,0.0,0.0,0.0,-253.56865190158518,0.0,2.2666790424995915e-263,hard,False,False,-257.3356022186513,0.0,1.0,0.0,0.9804841750435145
2068,1767152010027,0.0,0.0,0.0,0.0,-253.56865190158518,0.0,9.066716169998366e-264,hard,False,False,-257.3356022186513,0.0,1.0,0.0,0.9804841750435145
2069,1767152010056,0.0,0.0,0.0,0.0,-253.56865190158518,0.0,3.6266864679993466e-264,hard,False,False,-257.3356022186513,0.0,1.0,0.0,0.9804841750435145
2070,1767152010086,0.0,0.0,0.0,0.0,-253.56865190158518,0.0,1.4506745871997387e-264,hard,False,False,-257.3356022186513,0.0,1.0,0.0,0.9804841750435145
2071,1767152010119,0.0,0.0,0.0,0.0,-253.56865190158518,0.0,5.802698348798955e-265,hard,False,False,-257.3356022186513,0.0,1.0,0.0,0.9804841750435145
2072,1767152010152,0.0,0.0,0.0,0.0,-253.56865190158518,0.0,2.3210793395195822e-265,hard,False,False,-257.3356022186513,0.0,1.0,0.0,0.9804841750435145
2073,1767152010189,0.0,0.0,0.0,0.0,-253.56865190158518,0.0,9.28431735807833e-266,hard,False,False,-257.3356022186513,0.0,1.0,0.0,0.9804841750435145
2074,1767152010286,0.0,0.0,0.0,0.0,-253.56865190158518,0.0,3.713726943231332e-266,hard,False,False,-257.3356022186513,0.0,1.0,0.0,0.9804841750435145
2075,1767152010328,0.0,0.0,0.0,0.0,-253.56865190158518,0.0,1.4854907772925327e-266,hard,False,False,-257.3356022186513,0.0,1.0,0.0,0.9804841750435145
2076,1767152010355,0.0,0.0,0.0,0.0,-253.56865190158518,0.0,5.941963109170131e-267,hard,False,False,-257.3356022186513,0.0,1.0,0.0,0.9804841750435145
2077,1767152010400,0.0,0.0,0.0,0.0,-253.56865190158518,0.0,2.3767852436680526e-267,hard,False,False,-257.3356022186513,0.0,1.0,0.0,0.9804841750435145
2078,1767152010449,0.0,0.0,0.0,0.0,-253.56865190158518,0.0,9.507140974672211e-268,hard,False,False,-257.3356022186513,0.0,1.0,0.0,0.9804841750435145
2079,1767152010479,0.0,0.0,0.0,0.0,-253.56865190158518,0.0,3.8028563898688843e-268,hard,False,False,-257.3356022186513,0.0,1.0,0.0,0.9804841750435145
2080,1767152010507,0.0,0.0,0.0,0.0,-253.56865190158518,0.0,1.521142555947554e-268,hard,False,False,-257.3356022186513,0.0,1.0,0.0,0.9804841750435145
2081,1767152010540,0.0,0.0,0.0,0.0,-253.56865190158518,0.0,6.084570223790216e-269,hard,False,False,-257.3356022186513,0.0,1.0,0.0,0.9804841750435145
2082,1767152010565,0.0,0.0,0.0,0.0,-253.56865190158518,0.0,2.4338280895160865e-269,hard,False,False,-257.3356022186513,0.0,1.0,0.0,0.9804841750435145
2083,1767152010591,0.0,0.0,0.0,0.0,-253.56865190158518,0.0,9.735312358064346e-270,hard,False,False,-257.3356022186513,0.0,1.0,0.0,0.9804841750435145
2084,1767152010619,0.0,0.0,0.0,0.0,-253.56865190158518,0.0,3.894124943225738e-270,hard,False,False,-257.3356022186513,0.0,1.0,0.0,0.9804841750435145
2085,1767152010654,0.0,0.0,0.0,0.0,-253.56865190158518,0.0,1.5576499772902954e-270,hard,False,False,-257.3356022186513,0.0,1.0,0.0,0.9804841750435145
2086,1767152010685,0.0,0.0,0.0,0.0,-253.56865190158518,0.0,6.230599909161182e-271,hard,False,False,-257.3356022186513,0.0,1.0,0.0,0.9804841750435145
2087,1767152010718,0.0,0.0,0.0,0.0,-253.56865190158518,0.0,2.492239963664473e-271,hard,False,False,-257.3356022186513,0.0,1.0,0.0,0.9804841750435145
2088,1767152010752,0.0,0.0,0.0,0.0,-253.56865190158518,0.0,9.968959854657893e-272,hard,False,False,-257.3356022186513,0.0,1.0,0.0,0.9804841750435145
2089,1767152010786,0.0,0.0,0.0,0.0,-253.56865190158518,0.0,3.987583941863157e-272,hard,False,False,-257.3356022186513,0.0,1.0,0.0,0.9804841750435145
2090,1767152010826,0.0,0.0,0.0,0.0,-253.56865190158518,0.0,1.5950335767452628e-272,hard,False,False,-257.3356022186513,0.0,1.0,0.0,0.9804841750435145
2091,1767152010853,0.0,0.0,0.0,0.0,-253.56865190158518,0.0,6.3801343069810515e-273,hard,False,False,-257.3356022186513,0.0,1.0,0.0,0.9804841750435145
2092,1767152010894,0.0,0.0,0.0,0.0,-253.56865190158518,0.0,2.552053722792421e-273,hard,False,False,-257.3356022186513,0.0,1.0,0.0,0.9804841750435145
2093,1767152010926,0.0,0.0,0.0,0.0,-253.56865190158518,0.0,1.0208214891169684e-273,hard,False,False,-257.3356022186513,0.0,1.0,0.0,0.9804841750435145
2094,1767152010958,0.0,0.0,0.0,0.0,-253.56865190158518,0.0,4.083285956467874e-274,hard,False,False,-257.3356022186513,0.0,1.0,0.0,0.9804841750435145
2095,1767152011010,0.0,0.0,0.0,0.0,-253.56865190158518,0.0,1.6333143825871498e-274,hard,False,False,-257.3356022186513,0.0,1.0,0.0,0.9804841750435145
2096,1767152011039,0.0,0.0,0.0,0.0,-253.56865190158518,0.0,6.5332575303486e-275,hard,False,False,-257.3356022186513,0.0,1.0,0.0,0.9804841750435145
2097,1767152011074,0.0,0.0,0.0,0.0,-253.56865190158518,0.0,2.61330301213944e-275,hard,False,False,-257.3356022186513,0.0,1.0,0.0,0.9804841750435145
2098,1767152011102,0.0,0.0,0.0,0.0,-253.56865190158518,0.0,1.0453212048557761e-275,hard,False,False,-257.3356022186513,0.0,1.0,0.0,0.9804841750435145
2099,1767152011127,0.0,0.0,0.0,0.0,-253.56865190158518,0.0,4.181284819423104e-276,hard,False,False,-257.3356022186513,0.0,1.0,0.0,0.9804841750435145
2100,1767152011153,0.0,0.0,0.0,0.0,-253.56865190158518,0.0,1.6725139277692418e-276,hard,False,False,-257.3356022186513,0.0,1.0,0.0,0.9804841750435145
2101,1767152011187,0.0,0.0,0.0,0.0,-253.56865190158518,0.0,6.690055711076968e-277,hard,False,False,-257.3356022186513,0.0,1.0,0.0,0.9804841750435145
2102,1767152011219,0.0,0.0,0.0,0.0,-253.56865190158518,0.0,2.6760222844307875e-277,hard,False,False,-257.3356022186513,0.0,1.0,0.0,0.9804841750435145
2103,1767152011253,0.0,0.0,0.0,0.0,-253.56865190158518,0.0,1.070408913772315e-277,hard,False,False,-257.3356022186513,0.0,1.0,0.0,0.9804841750435145
2104,1767152011286,0.0,0.0,0.0,0.0,-253.56865190158518,0.0,4.2816356550892605e-278,hard,False,False,-257.3356022186513,0.0,1.0,0.0,0.9804841750435145
2105,1767152011322,0.0,0.0,0.0,0.0,-253.56865190158518,0.0,1.7126542620357044e-278,hard,False,False,-257.3356022186513,0.0,1.0,0.0,0.9804841750435145
2106,1767152011354,0.0,0.0,0.0,0.0,-253.56865190158518,0.0,6.850617048142818e-279,hard,False,False,-257.3356022186513,0.0,1.0,0.0,0.9804841750435145
2107,1767152011396,0.0,0.0,0.0,0.0,-253.56865190158518,0.0,2.7402468192571274e-279,hard,False,False,-257.3356022186513,0.0,1.0,0.0,0.9804841750435145
2108,1767152011428,0.0,0.0,0.0,0.0,-253.56865190158518,0.0,1.096098727702851e-279,hard,False,False,-257.3356022186513,0.0,1.0,0.0,0.9804841750435145
2109,1767152011455,0.0,0.0,0.0,0.0,-253.56865190158518,0.0,4.384394910811404e-280,hard,False,False,-257.3356022186513,0.0,1.0,0.0,0.9804841750435145
2110,1767152011485,0.0,0.0,0.0,0.0,-253.56865190158518,0.0,1.7537579643245619e-280,hard,False,False,-257.3356022186513,0.0,1.0,0.0,0.9804841750435145
2111,1767152011519,0.0,0.0,0.0,0.0,-253.56865190158518,0.0,7.015031857298247e-281,hard,False,False,-257.3356022186513,0.0,1.0,0.0,0.9804841750435145
2112,1767152011552,0.0,0.0,0.0,0.0,-253.56865190158518,0.0,2.806012742919299e-281,hard,False,False,-257.3356022186513,0.0,1.0,0.0,0.9804841750435145
2113,1767152011585,0.0,0.0,0.0,0.0,-253.56865190158518,0.0,1.1224050971677198e-281,hard,False,False,-257.3356022186513,0.0,1.0,0.0,0.9804841750435145
2114,1767152011619,0.0,0.0,0.0,0.0,-253.56865190158518,0.0,4.4896203886708794e-282,hard,False,False,-257.3356022186513,0.0,1.0,0.0,0.9804841750435145
2115,1767152011652,0.0,0.0,0.0,0.0,-253.56865190158518,0.0,1.7958481554683518e-282,hard,False,False,-257.3356022186513,0.0,1.0,0.0,0.9804841750435145
2116,1767152011685,0.0,0.0,0.0,0.0,-253.56865190158518,0.0,7.183392621873407e-283,hard,False,False,-257.3356022186513,0.0,1.0,0.0,0.9804841750435145
2117,1767152011719,0.0,0.0,0.0,0.0,-253.56865190158518,0.0,2.873357048749363e-283,hard,False,False,-257.3356022186513,0.0,1.0,0.0,0.9804841750435145
2118,1767152011752,0.0,0.0,0.0,0.0,-253.56865190158518,0.0,1.1493428194997453e-283,hard,False,False,-257.3356022186513,0.0,1.0,0.0,0.9804841750435145
2119,1767152011785,0.0,0.0,0.0,0.0,-253.56865190158518,0.0,4.5973712779989815e-284,hard,False,False,-257.3356022186513,0.0,1.0,0.0,0.9804841750435145
2120,1767152011852,0.0,0.0,0.0,0.0,-253.56865190158518,0.0,1.8389485111995926e-284,hard,False,False,-257.3356022186513,0.0,1.0,0.0,0.9804841750435145
2121,1767152011885,0.0,0.0,0.0,0.0,-253.56865190158518,0.0,7.355794044798371e-285,hard,False,False,-257.3356022186513,0.0,1.0,0.0,0.9804841750435145
2122,1767152011919,0.0,0.0,0.0,0.0,-253.56865190158518,0.0,2.9423176179193487e-285,hard,False,False,-257.3356022186513,0.0,1.0,0.0,0.9804841750435145
2123,1767152011953,0.0,0.0,0.0,0.0,-253.56865190158518,0.0,1.1769270471677396e-285,hard,False,False,-257.3356022186513,0.0,1.0,0.0,0.9804841750435145
2124,1767152011987,0.0,0.0,0.0,0.0,-253.56865190158518,0.0,4.707708188670958e-286,hard,False,False,-257.3356022186513,0.0,1.0,0.0,0.9804841750435145
2125,1767152012019,0.0,0.0,0.0,0.0,-253.56865190158518,0.0,1.8830832754683835e-286,hard,False,False,-257.3356022186513,0.0,1.0,0.0,0.9804841750435145
2126,1767152012052,0.0,0.0,0.0,0.0,-253.56865190158518,0.0,7.532333101873534e-287,hard,False,False,-257.3356022186513,0.0,1.0,0.0,0.9804841750435145
2127,1767152012086,0.0,0.0,0.0,0.0,-253.56865190158518,0.0,3.012933240749414e-287,hard,False,False,-257.3356022186513,0.0,1.0,0.0,0.9804841750435145
2128,1767152012130,0.0,0.0,0.0,0.0,-253.56865190158518,0.0,1.2051732962997656e-287,hard,False,False,-257.3356022186513,0.0,1.0,0.0,0.9804841750435145
2129,1767152012169,0.0,0.0,0.0,0.0,-253.56865190158518,0.0,4.8206931851990625e-288,hard,False,False,-257.3356022186513,0.0,1.0,0.0,0.9804841750435145
2130,1767152012192,0.0,0.0,0.0,0.0,-253.56865190158518,0.0,1.928277274079625e-288,hard,False,False,-257.3356022186513,0.0,1.0,0.0,0.9804841750435145
2131,1767152012219,0.0,0.0,0.0,0.0,-253.56865190158518,0.0,7.713109096318501e-289,hard,False,False,-257.3356022186513,0.0,1.0,0.0,0.9804841750435145
2132,1767152012252,0.0,0.0,0.0,0.0,-253.56865190158518,0.0,3.0852436385274006e-289,hard,False,False,-257.3356022186513,0.0,1.0,0.0,0.9804841750435145
2133,1767152012285,0.0,0.0,0.0,0.0,-253.56865190158518,0.0,1.2340974554109602e-289,hard,False,False,-257.3356022186513,0.0,1.0,0.0,0.9804841750435145
2134,1767152012319,0.0,0.0,0.0,0.0,-253.56865190158518,0.0,4.9363898216438414e-290,hard,False,False,-257.3356022186513,0.0,1.0,0.0,0.9804841750435145
2135,1767152012358,0.0,0.0,0.0,0.0,-253.56865190158518,0.0,1.9745559286575367e-290,hard,False,False,-257.3356022186513,0.0,1.0,0.0,0.9804841750435145
2136,1767152012563,0.0,0.0,0.0,0.0,-253.56865190158518,0.0,7.898223714630148e-291,hard,False,False,-257.3356022186513,0.0,1.0,0.0,0.9804841750435145
2137,1767152012584,0.0,0.0,0.0,0.0,-253.56865190158518,0.0,3.1592894858520593e-291,hard,False,False,-257.3356022186513,0.0,1.0,0.0,0.9804841750435145
2138,1767152012609,0.0,0.0,0.0,0.0,-253.56865190158518,0.0,1.2637157943408238e-291,hard,False,False,-257.3356022186513,0.0,1.0,0.0,0.9804841750435145
2139,1767152012644,0.0,0.0,0.0,0.0,-253.56865190158518,0.0,5.054863177363296e-292,hard,False,False,-257.3356022186513,0.0,1.0,0.0,0.9804841750435145
2140,1767152012679,0.0,0.0,0.0,0.0,-253.56865190158518,0.0,2.0219452709453183e-292,hard,False,False,-257.3356022186513,0.0,1.0,0.0,0.9804841750435145
2141,1767152012717,0.0,0.0,0.0,0.0,-253.56865190158518,0.0,8.087781083781273e-293,hard,False,False,-257.3356022186513,0.0,1.0,0.0,0.9804841750435145
2142,1767152012748,0.0,0.0,0.0,0.0,-253.56865190158518,0.0,3.2351124335125096e-293,hard,False,False,-257.3356022186513,0.0,1.0,0.0,0.9804841750435145
2143,1767152012774,0.0,0.0,0.0,0.0,-253.56865190158518,0.0,1.2940449734050038e-293,hard,False,False,-257.3356022186513,0.0,1.0,0.0,0.9804841750435145
2144,1767152012810,0.0,0.0,0.0,0.0,-253.56865190158518,0.0,5.176179893620016e-294,hard,False,False,-257.3356022186513,0.0,1.0,0.0,0.9804841750435145
2145,1767152012853,0.0,0.0,0.0,0.0,-253.56865190158518,0.0,2.0704719574480066e-294,hard,False,False,-257.3356022186513,0.0,1.0,0.0,0.9804841750435145
2146,1767152012885,0.0,0.0,0.0,0.0,-253.56865190158518,0.0,8.281887829792027e-295,hard,False,False,-257.3356022186513,0.0,1.0,0.0,0.9804841750435145
2147,1767152012913,0.0,0.0,0.0,0.0,-253.56865190158518,0.0,3.3127551319168107e-295,hard,False,False,-257.3356022186513,0.0,1.0,0.0,0.9804841750435145
2148,1767152013019,0.0,0.0,0.0,0.0,-253.56865190158518,0.0,1.3251020527667244e-295,hard,False,False,-257.3356022186513,0.0,1.0,0.0,0.9804841750435145
2149,1767152013049,0.0,0.0,0.0,0.0,-253.56865190158518,0.0,5.300408211066897e-296,hard,False,False,-257.3356022186513,0.0,1.0,0.0,0.9804841750435145
2150,1767152013088,0.0,0.0,0.0,0.0,-253.56865190158518,0.0,2.120163284426759e-296,hard,False,False,-257.3356022186513,0.0,1.0,0.0,0.9804841750435145
2151,1767152013118,0.0,0.0,0.0,0.0,-253.56865190158518,0.0,8.480653137707037e-297,hard,False,False,-257.3356022186513,0.0,1.0,0.0,0.9804841750435145
2152,1767152013145,0.0,0.0,0.0,0.0,-253.56865190158518,0.0,3.392261255082815e-297,hard,False,False,-257.3356022186513,0.0,1.0,0.0,0.9804841750435145
2153,1767152013185,0.0,0.0,0.0,0.0,-253.56865190158518,0.0,1.3569045020331262e-297,hard,False,False,-257.3356022186513,0.0,1.0,0.0,0.9804841750435145
2154,1767152013210,0.0,0.0,0.0,0.0,-253.56865190158518,0.0,5.427618008132505e-298,hard,False,False,-257.3356022186513,0.0,1.0,0.0,0.9804841750435145
2155,1767152013233,0.0,0.0,0.0,0.0,-253.56865190158518,0.0,2.1710472032530024e-298,hard,False,False,-257.3356022186513,0.0,1.0,0.0,0.9804841750435145
2156,1767152013259,0.0,0.0,0.0,0.0,-253.56865190158518,0.0,8.68418881301201e-299,hard,False,False,-257.3356022186513,0.0,1.0,0.0,0.9804841750435145
2157,1767152013287,0.0,0.0,0.0,0.0,-253.56865190158518,0.0,3.473675525204804e-299,hard,False,False,-257.3356022186513,0.0,1.0,0.0,0.9804841750435145
2158,1767152013314,0.0,0.0,0.0,0.0,-253.56865190158518,0.0,1.3894702100819218e-299,hard,False,False,-257.3356022186513,0.0,1.0,0.0,0.9804841750435145
2159,1767152013338,0.0,0.0,0.0,0.0,-253.56865190158518,0.0,5.5578808403276873e-300,hard,False,False,-257.3356022186513,0.0,1.0,0.0,0.9804841750435145
2160,1767152013367,0.0,0.0,0.0,0.0,-253.56865190158518,0.0,2.223152336131075e-300,hard,False,False,-257.3356022186513,0.0,1.0,0.0,0.9804841750435145
2161,1767152013388,0.0,0.0,0.0,0.0,-253.56865190158518,0.0,8.8926093445243e-301,hard,False,False,-257.3356022186513,0.0,1.0,0.0,0.9804841750435145
2162,1767152013424,0.0,0.0,0.0,0.0,-253.56865190158518,0.0,3.5570437378097203e-301,hard,False,False,-257.3356022186513,0.0,1.0,0.0,0.9804841750435145
2163,1767152013447,0.0,0.0,0.0,0.0,-253.56865190158518,0.0,1.4228174951238882e-301,hard,False,False,-257.3356022186513,0.0,1.0,0.0,0.9804841750435145
2164,1767152013472,0.0,0.0,0.0,0.0,-253.56865190158518,0.0,5.691269980495554e-302,hard,False,False,-257.3356022186513,0.0,1.0,0.0,0.9804841750435145
2165,1767152013509,0.0,0.0,0.0,0.0,-253.56865190158518,0.0,2.2765079921982217e-302,hard,False,False,-257.3356022186513,0.0,1.0,0.0,0.9804841750435145
2166,1767152013533,0.0,0.0,0.0,0.0,-253.56865190158518,0.0,9.106031968792887e-303,hard,False,False,-257.3356022186513,0.0,1.0,0.0,0.9804841750435145
2167,1767152013560,0.0,0.0,0.0,0.0,-253.56865190158518,0.0,3.642412787517155e-303,hard,False,False,-257.3356022186513,0.0,1.0,0.0,0.9804841750435145
2168,1767152013619,0.0,0.0,0.0,0.0,-253.56865190158518,0.0,1.4569651150068621e-303,hard,False,False,-257.3356022186513,0.0,1.0,0.0,0.9804841750435145
2169,1767152013652,0.0,0.0,0.0,0.0,-253.56865190158518,0.0,5.827860460027449e-304,hard,False,False,-257.3356022186513,0.0,1.0,0.0,0.9804841750435145
2170,1767152013697,0.0,0.0,0.0,0.0,-253.56865190158518,0.0,2.33114418401098e-304,hard,False,False,-257.3356022186513,0.0,1.0,0.0,0.9804841750435145
2171,1767152013728,0.0,0.0,0.0,0.0,-253.56865190158518,0.0,9.32457673604392e-305,hard,False,False,-257.3356022186513,0.0,1.0,0.0,0.9804841750435145
2172,1767152013752,0.0,0.0,0.0,0.0,-253.56865190158518,0.0,3.7298306944175684e-305,hard,False,False,-257.3356022186513,0.0,1.0,0.0,0.9804841750435145
2173,1767152013785,0.0,0.0,0.0,0.0,-253.56865190158518,0.0,1.4919322777670275e-305,hard,False,False,-257.3356022186513,0.0,1.0,0.0,0.9804841750435145
2174,1767152013819,0.0,0.0,0.0,0.0,-253.56865190158518,0.0,5.96772911106811e-306,hard,False,False,-257.3356022186513,0.0,1.0,0.0,0.9804841750435145
2175,1767152013852,0.0,0.0,0.0,0.0,-253.56865190158518,0.0,2.3870916444272443e-306,hard,False,False,-257.3356022186513,0.0,1.0,0.0,0.9804841750435145
2176,1767152013885,0.0,0.0,0.0,0.0,-253.56865190158518,0.0,9.548366577708977e-307,hard,False,False,-257.3356022186513,0.0,1.0,0.0,0.9804841750435145
2177,1767152013919,0.0,0.0,0.0,0.0,-253.56865190158518,0.0,3.819346631083591e-307,hard,False,False,-257.3356022186513,0.0,1.0,0.0,0.9804841750435145
2178,1767152013952,0.0,0.0,0.0,0.0,-253.56865190158518,0.0,1.5277386524334365e-307,hard,False,False,-257.3356022186513,0.0,1.0,0.0,0.9804841750435145
2179,1767152013987,0.0,0.0,0.0,0.0,-253.56865190158518,0.0,6.110954609733746e-308,hard,False,False,-257.3356022186513,0.0,1.0,0.0,0.9804841750435145
2180,1767152014018,0.0,0.0,0.0,0.0,-253.56865190158518,0.0,2.4443818438934986e-308,hard,False,False,-257.3356022186513,0.0,1.0,0.0,0.9804841750435145
2181,1767152014052,0.0,0.0,0.0,0.0,-253.56865190158518,0.0,9.777527375573996e-309,hard,False,False,-257.3356022186513,0.0,1.0,0.0,0.9804841750435145
2182,1767152014085,0.0,0.0,0.0,0.0,-253.56865190158518,0.0,3.9110109502296e-309,hard,False,False,-257.3356022186513,0.0,1.0,0.0,0.9804841750435145
2183,1767152014119,0.0,0.0,0.0,0.0,-253.56865190158518,0.0,1.56440438009184e-309,hard,False,False,-257.3356022186513,0.0,1.0,0.0,0.9804841750435145
2184,1767152014152,0.0,0.0,0.0,0.0,-253.56865190158518,0.0,6.25761752036736e-310,hard,False,False,-257.3356022186513,0.0,1.0,0.0,0.9804841750435145
2185,1767152014185,0.0,0.0,0.0,0.0,-253.56865190158518,0.0,2.50304700814693e-310,hard,False,False,-257.3356022186513,0.0,1.0,0.0,0.9804841750435145
2186,1767152014219,0.0,0.0,0.0,0.0,-253.56865190158518,0.0,1.00121880325875e-310,hard,False,False,-257.3356022186513,0.0,1.0,0.0,0.9804841750435145
2187,1767152014252,0.0,0.0,0.0,0.0,-253.56865190158518,0.0,4.004875213035e-311,hard,False,False,-257.3356022186513,0.0,1.0,0.0,0.9804841750435145
2188,1767152014286,0.0,0.0,0.0,0.0,-253.56865190158518,0.0,1.601950085214e-311,hard,False,False,-257.3356022186513,0.0,1.0,0.0,0.9804841750435145
2189,1767152014319,0.0,0.0,0.0,0.0,-253.56865190158518,0.0,6.40780034086e-312,hard,False,False,-257.3356022186513,0.0,1.0,0.0,0.9804841750435145
2190,1767152014353,0.0,0.0,0.0,0.0,-253.56865190158518,0.0,2.56312013634e-312,hard,False,False,-257.3356022186513,0.0,1.0,0.0,0.9804841750435145
2191,1767152014385,0.0,0.0,0.0,0.0,-253.56865190158518,0.0,1.025248054536e-312,hard,False,False,-257.3356022186513,0.0,1.0,0.0,0.9804841750435145
2192,1767152014418,0.0,0.0,0.0,0.0,-253.56865190158518,0.0,4.10099221815e-313,hard,False,False,-257.3356022186513,0.0,1.0,0.0,0.9804841750435145
2193,1767152014452,0.0,0.0,0.0,0.0,-253.56865190158518,0.0,1.64039688726e-313,hard,False,False,-257.3356022186513,0.0,1.0,0.0,0.9804841750435145
2194,1767152014485,0.0,0.0,0.0,0.0,-253.56865190158518,0.0,6.561587549e-314,hard,False,False,-257.3356022186513,0.0,1.0,0.0,0.9804841750435145
2195,1767152014518,0.0,0.0,0.0,0.0,-253.56865190158518,0.0,2.6246350197e-314,hard,False,False,-257.3356022186513,0.0,1.0,0.0,0.9804841750435145
2196,1767152014552,0.0,0.0,0.0,0.0,-253.56865190158518,0.0,1.0498540077e-314,hard,False,False,-257.3356022186513,0.0,1.0,0.0,0.9804841750435145
2197,1767152014585,0.0,0.0,0.0,0.0,-253.56865190158518,0.0,4.19941603e-315,hard,False,False,-257.3356022186513,0.0,1.0,0.0,0.9804841750435145
2198,1767152014619,0.0,0.0,0.0,0.0,-253.56865190158518,0.0,1.679766413e-315,hard,False,False,-257.3356022186513,0.0,1.0,0.0,0.9804841750435145
2199,1767152014652,0.0,0.0,0.0,0.0,-253.56865190158518,0.0,6.71906566e-316,hard,False,False,-257.3356022186513,0.0,1.0,0.0,0.9804841750435145
2200,1767152014685,0.0,0.0,0.0,0.0,-253.56865190158518,0.0,2.68762625e-316,hard,False,False,-257.3356022186513,0.0,1.0,0.0,0.9804841750435145
2201,1767152014729,0.0,0.0,0.0,0.0,-253.56865190158518,0.0,1.0750505e-316,hard,False,False,-257.3356022186513,0.0,1.0,0.0,0.9804841750435145
2202,1767152014754,0.0,0.0,0.0,0.0,-253.56865190158518,0.0,4.300202e-317,hard,False,False,-257.3356022186513,0.0,1.0,0.0,0.9804841750435145
2203,1767152014786,0.0,0.0,0.0,0.0,-253.56865190158518,0.0,1.7200807e-317,hard,False,False,-257.3356022186513,0.0,1.0,0.0,0.9804841750435145
2204,1767152014824,0.0,0.0,0.0,0.0,-253.56865190158518,0.0,6.880324e-318,hard,False,False,-257.3356022186513,0.0,1.0,0.0,0.9804841750435145
2205,1767152014859,0.0,0.0,0.0,0.0,-253.56865190158518,0.0,2.75213e-318,hard,False,False,-257.3356022186513,0.0,1.0,0.0,0.9804841750435145
2206,1767152014894,0.0,0.0,0.0,0.0,-253.56865190158518,0.0,1.10085e-318,hard,False,False,-257.3356022186513,0.0,1.0,0.0,0.9804841750435145
2207,1767152014933,0.0,0.0,0.0,0.0,-253.56865190158518,0.0,4.4034e-319,hard,False,False,-257.3356022186513,0.0,1.0,0.0,0.9804841750435145
2208,1767152014988,0.0,0.0,0.0,0.0,-253.56865190158518,0.0,1.76134e-319,hard,False,False,-257.3356022186513,0.0,1.0,0.0,0.9804841750435145
2209,1767152015019,0.0,0.0,0.0,0.0,-253.56865190158518,0.0,7.0454e-320,hard,False,False,-257.3356022186513,0.0,1.0,0.0,0.9804841750435145
2210,1767152015052,0.0,0.0,0.0,0.0,-253.56865190158518,0.0,2.818e-320,hard,False,False,-257.3356022186513,0.0,1.0,0.0,0.9804841750435145
2211,1767152015091,0.0,0.0,0.0,0.0,-253.56865190158518,0.0,1.1275e-320,hard,False,False,-257.3356022186513,0.0,1.0,0.0,0.9804841750435145
2212,1767152015139,0.0,0.0,0.0,0.0,-253.56865190158518,0.0,4.51e-321,hard,False,False,-257.3356022186513,0.0,1.0,0.0,0.9804841750435145
2213,1767152015167,0.0,0.0,0.0,0.0,-253.56865190158518,0.0,1.803e-321,hard,False,False,-257.3356022186513,0.0,1.0,0.0,0.9804841750435145
2214,1767152015200,0.0,0.0,0.0,0.0,-253.56865190158518,0.0,7.2e-322,hard,False,False,-257.3356022186513,0.0,1.0,0.0,0.9804841750435145
2215,1767152015252,0.0,0.0,0.0,0.0,-253.56865190158518,0.0,2.87e-322,hard,False,False,-257.3356022186513,0.0,1.0,0.0,0.9804841750435145
2216,1767152015290,0.0,0.0,0.0,0.0,-253.56865190158518,0.0,1.14e-322,hard,False,False,-257.3356022186513,0.0,1.0,0.0,0.9804841750435145
2217,1767152015326,0.0,0.0,0.0,0.0,-253.56865190158518,0.0,4.4e-323,hard,False,False,-257.3356022186513,0.0,1.0,0.0,0.9804841750435145
2218,1767152015366,0.0,0.0,0.0,0.0,-253.56865190158518,0.0,2e-323,hard,False,False,-257.3356022186513,0.0,1.0,0.0,0.9804841750435145
2219,1767152015396,0.0,0.0,0.0,0.0,-253.56865190158518,0.0,1e-323,hard,False,False,-257.3356022186513,0.0,1.0,0.0,0.9804841750435145
2220,1767152015431,0.0,0.0,0.0,0.0,-253.56865190158518,0.0,5e-324,hard,False,False,-257.3356022186513,0.0,1.0,0.0,0.9804841750435145
2221,1767152015466,0.0,0.0,0.0,0.0,-253.56865190158518,0.0,0.0,hard,False,False,-257.3356022186513,0.0,1.0,0.0,0.9804841750435145
2222,1767152015511,0.0,0.0,0.0,0.0,-253.56865190158518,0.0,0.0,hard,False,False,-257.3356022186513,0.0,1.0,0.0,0.9804841750435145
2223,1767152015559,0.0,0.0,0.0,0.0,-253.56865190158518,0.0,0.0,hard,False,False,-257.3356022186513,0.0,1.0,0.0,0.9804841750435145
2224,1767152015595,0.0,0.0,0.0,0.0,-253.56865190158518,0.0,0.0,hard,False,False,-257.3356022186513,0.0,1.0,0.0,0.9804841750435145
2225,1767152015641,0.0,0.0,0.0,0.0,-253.56865190158518,0.0,0.0,hard,False,False,-257.3356022186513,0.0,1.0,0.0,0.9804841750435145
2226,1767152015669,0.0,0.0,0.0,0.0,-253.56865190158518,0.0,0.0,hard,False,False,-257.3356022186513,0.0,1.0,0.0,0.9804841750435145
2227,1767152015718,0.0,0.0,0.0,0.0,-253.56865190158518,0.0,0.0,hard,False,False,-257.3356022186513,0.0,1.0,0.0,0.9804841750435145
2228,1767152015749,0.0,0.0,0.0,0.0,-253.56865190158518,0.0,0.0,hard,False,False,-257.3356022186513,0.0,1.0,0.0,0.9804841750435145
2229,1767152015789,0.0,0.0,0.0,0.0,-253.56865190158518,0.0,0.0,hard,False,False,-257.3356022186513,0.0,1.0,0.0,0.9804841750435145
2230,1767152015832,0.0,0.0,0.0,0.0,-253.56865190158518,0.0,0.0,hard,False,False,-257.3356022186513,0.0,1.0,0.0,0.9804841750435145
2231,1767152015876,0.0,0.0,0.0,0.0,-253.56865190158518,0.0,0.0,hard,False,False,-257.3356022186513,0.0,1.0,0.0,0.9804841750435145
2232,1767152015920,0.0,0.0,0.0,0.0,-253.56865190158518,0.0,0.0,hard,False,False,-257.3356022186513,0.0,1.0,0.0,0.9804841750435145
2233,1767152015965,0.0,0.0,0.0,0.0,-253.56865190158518,0.0,0.0,hard,False,False,-257.3356022186513,0.0,1.0,0.0,0.9804841750435145
2234,1767152015992,0.0,0.0,0.0,0.0,-253.56865190158518,0.0,0.0,hard,False,False,-257.3356022186513,0.0,1.0,0.0,0.9804841750435145
2235,1767152016019,0.0,0.0,0.0,0.0,-253.56865190158518,0.0,0.0,hard,False,False,-257.3356022186513,0.0,1.0,0.0,0.9804841750435145
2236,1767152016046,0.0,0.0,0.0,0.0,-253.56865190158518,0.0,0.0,hard,False,False,-257.3356022186513,0.0,1.0,0.0,0.9804841750435145
2237,1767152016078,0.0,0.0,0.0,0.0,-253.56865190158518,0.0,0.0,hard,False,False,-257.3356022186513,0.0,1.0,0.0,0.9804841750435145
2238,1767152016112,0.0,0.0,0.0,0.0,-253.56865190158518,0.0,0.0,hard,False,False,-257.3356022186513,0.0,1.0,0.0,0.9804841750435145
2239,1767152016156,0.0,0.0,0.0,0.0,-253.56865190158518,0.0,0.0,hard,False,False,-257.3356022186513,0.0,1.0,0.0,0.9804841750435145
2240,1767152016184,0.0,0.0,0.0,0.0,-253.56865190158518,0.0,0.0,hard,False,False,-257.3356022186513,0.0,1.0,0.0,0.9804841750435145
2241,1767152016213,0.0,0.0,0.0,0.0,-253.56865190158518,0.0,0.0,hard,False,False,-257.3356022186513,0.0,1.0,0.0,0.9804841750435145
2242,1767152016249,0.0,0.0,0.0,0.0,-253.56865190158518,0.0,0.0,hard,False,False,-257.3356022186513,0.0,1.0,0.0,0.9804841750435145
2243,1767152016278,0.0,0.0,0.0,0.0,-253.56865190158518,0.0,0.0,hard,False,False,-257.3356022186513,0.0,1.0,0.0,0.9804841750435145
2244,1767152016317,0.0,0.0,0.0,0.0,-253.56865190158518,0.0,0.0,hard,False,False,-257.3356022186513,0.0,1.0,0.0,0.9804841750435145
2245,1767152016369,0.0,0.0,0.0,0.0,-253.56865190158518,0.0,0.0,hard,False,False,-257.3356022186513,0.0,1.0,0.0,0.9804841750435145
2246,1767152016401,0.0,0.0,0.0,0.0,-253.56865190158518,0.0,0.0,hard,False,False,-257.3356022186513,0.0,1.0,0.0,0.9804841750435145
2247,1767152016429,0.0,0.0,0.0,0.0,-253.56865190158518,0.0,0.0,hard,False,False,-257.3356022186513,0.0,1.0,0.0,0.9804841750435145
2248,1767152016470,0.0,0.0,0.0,0.0,-253.56865190158518,0.0,0.0,hard,False,False,-257.3356022186513,0.0,1.0,0.0,0.9804841750435145
2249,1767152016510,0.0,0.0,0.0,0.0,-253.56865190158518,0.0,0.0,hard,False,False,-257.3356022186513,0.0,1.0,0.0,0.9804841750435145
2250,1767152016560,0.0,0.0,0.0,0.0,-253.56865190158518,0.0,0.0,hard,False,False,-257.3356022186513,0.0,1.0,0.0,0.9804841750435145
2251,1767152016601,0.0,0.0,0.0,0.0,-253.56865190158518,0.0,0.0,hard,False,False,-257.3356022186513,0.0,1.0,0.0,0.9804841750435145
2252,1767152016635,0.0,0.0,0.0,0.0,-253.56865190158518,0.0,0.0,hard,False,False,-257.3356022186513,0.0,1.0,0.0,0.9804841750435145
2253,1767152016672,0.0,0.0,0.0,0.0,-253.56865190158518,0.0,0.0,hard,False,False,-257.3356022186513,0.0,1.0,0.0,0.9804841750435145
2254,1767152016702,0.0,0.0,0.0,0.0,-253.56865190158518,0.0,0.0,hard,False,False,-257.3356022186513,0.0,1.0,0.0,0.9804841750435145
2255,1767152016744,0.0,0.0,0.0,0.0,-253.56865190158518,0.0,0.0,hard,False,False,-257.3356022186513,0.0,1.0,0.0,0.9804841750435145
2256,1767152016789,0.0,0.0,0.0,0.0,-253.56865190158518,0.0,0.0,hard,False,False,-257.3356022186513,0.0,1.0,0.0,0.9804841750435145
2257,1767152016822,0.0,0.0,0.0,0.0,-253.56865190158518,0.0,0.0,hard,False,False,-257.3356022186513,0.0,1.0,0.0,0.9804841750435145
2258,1767152016878,0.0,0.0,0.0,0.0,-253.56865190158518,0.0,0.0,hard,False,False,-257.3356022186513,0.0,1.0,0.0,0.9804841750435145
2259,1767152016905,0.0,0.0,0.0,0.0,-253.56865190158518,0.0,0.0,hard,False,False,-257.3356022186513,0.0,1.0,0.0,0.9804841750435145
2260,1767152016937,0.0,0.0,0.0,0.0,-253.56865190158518,0.0,0.0,hard,False,False,-257.3356022186513,0.0,1.0,0.0,0.9804841750435145
2261,1767152016966,0.0,0.0,0.0,0.0,-253.56865190158518,0.0,0.0,hard,False,False,-257.3356022186513,0.0,1.0,0.0,0.9804841750435145
2262,1767152017013,0.0,0.0,0.0,0.0,-253.56865190158518,0.0,0.0,hard,False,False,-257.3356022186513,0.0,1.0,0.0,0.9804841750435145
2263,1767152017053,0.0,0.0,0.0,0.0,-253.56865190158518,0.0,0.0,hard,False,False,-257.3356022186513,0.0,1.0,0.0,0.9804841750435145
2264,1767152017094,0.0,0.0,0.0,0.0,-253.56865190158518,0.0,0.0,hard,False,False,-257.3356022186513,0.0,1.0,0.0,0.9804841750435145
2265,1767152017121,0.0,0.0,0.0,0.0,-253.56865190158518,0.0,0.0,hard,False,False,-257.3356022186513,0.0,1.0,0.0,0.9804841750435145
2266,1767152017167,0.0,0.0,0.0,0.0,-253.56865190158518,0.0,0.0,hard,False,False,-257.3356022186513,0.0,1.0,0.0,0.9804841750435145
2267,1767152017204,0.0,0.0,0.0,0.0,-253.56865190158518,0.0,0.0,hard,False,False,-257.3356022186513,0.0,1.0,0.0,0.9804841750435145
2268,1767152017234,0.0,0.0,0.0,0.0,-253.56865190158518,0.0,0.0,hard,False,False,-257.3356022186513,0.0,1.0,0.0,0.9804841750435145
2269,1767152017261,0.0,0.0,0.0,0.0,-253.56865190158518,0.0,0.0,hard,False,False,-257.3356022186513,0.0,1.0,0.0,0.9804841750435145
2270,1767152017292,0.0,0.0,0.0,0.0,-253.56865190158518,0.0,0.0,hard,False,False,-257.3356022186513,0.0,1.0,0.0,0.9804841750435145
2271,1767152017325,0.0,0.0,0.0,0.0,-253.56865190158518,0.0,0.0,hard,False,False,-257.3356022186513,0.0,1.0,0.0,0.9804841750435145
2272,1767152017369,0.0,0.0,0.0,0.0,-253.56865190158518,0.0,0.0,hard,False,False,-257.3356022186513,0.0,1.0,0.0,0.9804841750435145
2273,1767152017398,0.0,0.0,0.0,0.0,-253.56865190158518,0.0,0.0,hard,False,False,-257.3356022186513,0.0,1.0,0.0,0.9804841750435145
2274,1767152017439,0.0,0.0,0.0,0.0,-253.56865190158518,0.0,0.0,hard,False,False,-257.3356022186513,0.0,1.0,0.0,0.9804841750435145
2275,1767152017469,0.0,0.0,0.0,0.0,-253.56865190158518,0.0,0.0,hard,False,False,-257.3356022186513,0.0,1.0,0.0,0.9804841750435145
2276,1767152017510,0.0,0.0,0.0,0.0,-253.56865190158518,0.0,0.0,hard,False,False,-257.3356022186513,0.0,1.0,0.0,0.9804841750435145
2277,1767152017547,0.0,0.0,0.0,0.0,-253.56865190158518,0.0,0.0,hard,False,False,-257.3356022186513,0.0,1.0,0.0,0.9804841750435145
2278,1767152017572,0.0,0.0,0.0,0.0,-253.56865190158518,0.0,0.0,hard,False,False,-257.3356022186513,0.0,1.0,0.0,0.9804841750435145
2279,1767152017614,0.0,0.0,0.0,0.0,-253.56865190158518,0.0,0.0,hard,False,False,-257.3356022186513,0.0,1.0,0.0,0.9804841750435145
2280,1767152017641,0.0,0.0,0.0,0.0,-253.56865190158518,0.0,0.0,hard,False,False,-257.3356022186513,0.0,1.0,0.0,0.9804841750435145
2281,1767152017674,0.0,0.0,0.0,0.0,-253.56865190158518,0.0,0.0,hard,False,False,-257.3356022186513,0.0,1.0,0.0,0.9804841750435145
2282,1767152017713,0.0,0.0,0.0,0.0,-253.56865190158518,0.0,0.0,hard,False,False,-257.3356022186513,0.0,1.0,0.0,0.9804841750435145
2283,1767152017743,0.0,0.0,0.0,0.0,-253.56865190158518,0.0,0.0,hard,False,False,-257.3356022186513,0.0,1.0,0.0,0.9804841750435145
2284,1767152017775,0.0,0.0,0.0,0.0,-253.56865190158518,0.0,0.0,hard,False,False,-257.3356022186513,0.0,1.0,0.0,0.9804841750435145
2285,1767152017807,0.0,0.0,0.0,0.0,-253.56865190158518,0.0,0.0,hard,False,False,-257.3356022186513,0.0,1.0,0.0,0.9804841750435145
2286,1767152017835,0.0,0.0,0.0,0.0,-253.56865190158518,0.0,0.0,hard,False,False,-257.3356022186513,0.0,1.0,0.0,0.9804841750435145
2287,1767152017860,0.0,0.0,0.0,0.0,-253.56865190158518,0.0,0.0,hard,False,False,-257.3356022186513,0.0,1.0,0.0,0.9804841750435145
2288,1767152017885,0.0,0.0,0.0,0.0,-253.56865190158518,0.0,0.0,hard,False,False,-257.3356022186513,0.0,1.0,0.0,0.9804841750435145
2289,1767152017931,0.0,0.0,0.0,0.0,-253.56865190158518,0.0,0.0,hard,False,False,-257.3356022186513,0.0,1.0,0.0,0.9804841750435145
2290,1767152017959,0.0,0.0,0.0,0.0,-253.56865190158518,0.0,0.0,hard,False,False,-257.3356022186513,0.0,1.0,0.0,0.9804841750435145
2291,1767152018002,0.0,0.0,0.0,0.0,-253.56865190158518,0.0,0.0,hard,False,False,-257.3356022186513,0.0,1.0,0.0,0.9804841750435145
2292,1767152018029,0.0,0.0,0.0,0.0,-253.56865190158518,0.0,0.0,hard,False,False,-257.3356022186513,0.0,1.0,0.0,0.9804841750435145
2293,1767152018075,0.0,0.0,0.0,0.0,-253.56865190158518,0.0,0.0,hard,False,False,-257.3356022186513,0.0,1.0,0.0,0.9804841750435145
2294,1767152018105,0.0,0.0,0.0,0.0,-253.56865190158518,0.0,0.0,hard,False,False,-257.3356022186513,0.0,1.0,0.0,0.9804841750435145
2295,1767152018131,0.0,0.0,0.0,0.0,-253.56865190158518,0.0,0.0,hard,False,False,-257.3356022186513,0.0,1.0,0.0,0.9804841750435145
2296,1767152018157,0.0,0.0,0.0,0.0,-253.56865190158518,0.0,0.0,hard,False,False,-257.3356022186513,0.0,1.0,0.0,0.9804841750435145
2297,1767152018184,0.0,0.0,0.0,0.0,-253.56865190158518,0.0,0.0,hard,False,False,-257.3356022186513,0.0,1.0,0.0,0.9804841750435145
2298,1767152018209,0.0,0.0,0.0,0.0,-253.56865190158518,0.0,0.0,hard,False,False,-257.3356022186513,0.0,1.0,0.0,0.9804841750435145
2299,1767152018233,0.0,0.0,0.0,0.0,-253.56865190158518,0.0,0.0,hard,False,False,-257.3356022186513,0.0,1.0,0.0,0.9804841750435145
2300,1767152018260,0.0,0.0,0.0,0.0,-253.56865190158518,0.0,0.0,hard,False,False,-257.3356022186513,0.0,1.0,0.0,0.9804841750435145
2301,1767152018292,0.0,0.0,0.0,0.0,-253.56865190158518,0.0,0.0,hard,False,False,-257.3356022186513,0.0,1.0,0.0,0.9804841750435145
2302,1767152018319,0.0,0.0,0.0,0.0,-253.56865190158518,0.0,0.0,hard,False,False,-257.3356022186513,0.0,1.0,0.0,0.9804841750435145
2303,1767152018347,0.0,0.0,0.0,0.0,-253.56865190158518,0.0,0.0,hard,False,False,-257.3356022186513,0.0,1.0,0.0,0.9804841750435145
2304,1767152018396,0.0,0.0,0.0,0.0,-253.56865190158518,0.0,0.0,hard,False,False,-257.3356022186513,0.0,1.0,0.0,0.9804841750435145
2305,1767152018436,0.0,0.0,0.0,0.0,-253.56865190158518,0.0,0.0,hard,False,False,-257.3356022186513,0.0,1.0,0.0,0.9804841750435145
2306,1767152018462,0.0,0.0,0.0,0.0,-253.56865190158518,0.0,0.0,hard,False,False,-257.3356022186513,0.0,1.0,0.0,0.9804841750435145
2307,1767152018488,0.0,0.0,0.0,0.0,-253.56865190158518,0.0,0.0,hard,False,False,-257.3356022186513,0.0,1.0,0.0,0.9804841750435145
2308,1767152018514,0.0,0.0,0.0,0.0,-253.56865190158518,0.0,0.0,hard,False,False,-257.3356022186513,0.0,1.0,0.0,0.9804841750435145
2309,1767152018539,0.0,0.0,0.0,0.0,-253.56865190158518,0.0,0.0,hard,False,False,-257.3356022186513,0.0,1.0,0.0,0.9804841750435145
2310,1767152018584,0.0,0.0,0.0,0.0,-253.56865190158518,0.0,0.0,hard,False,False,-257.3356022186513,0.0,1.0,0.0,0.9804841750435145
2311,1767152018630,0.0,0.0,0.0,0.0,-253.56865190158518,0.0,0.0,hard,False,False,-257.3356022186513,0.0,1.0,0.0,0.9804841750435145
2312,1767152018655,0.0,0.0,0.0,0.0,-253.56865190158518,0.0,0.0,hard,False,False,-257.3356022186513,0.0,1.0,0.0,0.9804841750435145
2313,1767152018848,0.0,0.0,0.0,0.0,-253.56865190158518,0.0,0.0,hard,False,False,-257.3356022186513,0.0,1.0,0.0,0.9804841750435145
2314,1767152018869,0.0,0.0,0.0,0.0,-253.56865190158518,0.0,0.0,hard,False,False,-257.3356022186513,0.0,1.0,0.0,0.9804841750435145
2315,1767152018896,0.0,0.0,0.0,0.0,-253.56865190158518,0.0,0.0,hard,False,False,-257.3356022186513,0.0,1.0,0.0,0.9804841750435145
2316,1767152018921,0.0,0.0,0.0,0.0,-253.56865190158518,0.0,0.0,hard,False,False,-257.3356022186513,0.0,1.0,0.0,0.9804841750435145
2317,1767152018946,0.0,0.0,0.0,0.0,-253.56865190158518,0.0,0.0,hard,False,False,-257.3356022186513,0.0,1.0,0.0,0.9804841750435145
2318,1767152018974,0.0,0.0,0.0,0.0,-253.56865190158518,0.0,0.0,hard,False,False,-257.3356022186513,0.0,1.0,0.0,0.9804841750435145
2319,1767152019011,0.0,0.0,0.0,0.0,-253.56865190158518,0.0,0.0,hard,False,False,-257.3356022186513,0.0,1.0,0.0,0.9804841750435145
2320,1767152019037,0.0,0.0,0.0,0.0,-253.56865190158518,0.0,0.0,hard,False,False,-257.3356022186513,0.0,1.0,0.0,0.9804841750435145
2321,1767152019071,0.0,0.0,0.0,0.0,-253.56865190158518,0.0,0.0,hard,False,False,-257.3356022186513,0.0,1.0,0.0,0.9804841750435145
2322,1767152019110,0.0,0.0,0.0,0.0,-253.56865190158518,0.0,0.0,hard,False,False,-257.3356022186513,0.0,1.0,0.0,0.9804841750435145
2323,1767152019136,0.0,0.0,0.0,0.0,-253.56865190158518,0.0,0.0,hard,False,False,-257.3356022186513,0.0,1.0,0.0,0.9804841750435145
2324,1767152019160,0.0,0.0,0.0,0.0,-253.56865190158518,0.0,0.0,hard,False,False,-257.3356022186513,0.0,1.0,0.0,0.9804841750435145
2325,1767152019184,0.0,0.0,0.0,0.0,-253.56865190158518,0.0,0.0,hard,False,False,-257.3356022186513,0.0,1.0,0.0,0.9804841750435145
2326,1767152019301,0.0,0.0,0.0,0.0,-253.56865190158518,0.0,0.0,hard,False,False,-257.3356022186513,0.0,1.0,0.0,0.9804841750435145
2327,1767152019343,0.0,0.0,0.0,0.0,-253.56865190158518,0.0,0.0,hard,False,False,-257.3356022186513,0.0,1.0,0.0,0.9804841750435145
2328,1767152019377,0.0,0.0,0.0,0.0,-253.56865190158518,0.0,0.0,hard,False,False,-257.3356022186513,0.0,1.0,0.0,0.9804841750435145
2329,1767152019403,0.0,0.0,0.0,0.0,-253.56865190158518,0.0,0.0,hard,False,False,-257.3356022186513,0.0,1.0,0.0,0.9804841750435145
2330,1767152019432,0.0,0.0,0.0,0.0,-253.56865190158518,0.0,0.0,hard,False,False,-257.3356022186513,0.0,1.0,0.0,0.9804841750435145
2331,1767152019476,0.0,0.0,0.0,0.0,-253.56865190158518,0.0,0.0,hard,False,False,-257.3356022186513,0.0,1.0,0.0,0.9804841750435145
2332,1767152019504,0.0,0.0,0.0,0.0,-253.56865190158518,0.0,0.0,hard,False,False,-257.3356022186513,0.0,1.0,0.0,0.9804841750435145
2333,1767152019533,0.0,0.0,0.0,0.0,-253.56865190158518,0.0,0.0,hard,False,False,-257.3356022186513,0.0,1.0,0.0,0.9804841750435145
2334,1767152019560,0.0,0.0,0.0,0.0,-253.56865190158518,0.0,0.0,hard,False,False,-257.3356022186513,0.0,1.0,0.0,0.9804841750435145
2335,1767152019594,0.0,0.0,0.0,0.0,-253.56865190158518,0.0,0.0,hard,False,False,-257.3356022186513,0.0,1.0,0.0,0.9804841750435145
2336,1767152019639,0.0,0.0,0.0,0.0,-253.56865190158518,0.0,0.0,hard,False,False,-257.3356022186513,0.0,1.0,0.0,0.9804841750435145
2337,1767152019670,0.0,0.0,0.0,0.0,-253.56865190158518,0.0,0.0,hard,False,False,-257.3356022186513,0.0,1.0,0.0,0.9804841750435145
2338,1767152019715,0.0,0.0,0.0,0.0,-253.56865190158518,0.0,0.0,hard,False,False,-257.3356022186513,0.0,1.0,0.0,0.9804841750435145
2339,1767152019743,0.0,0.0,0.0,0.0,-253.56865190158518,0.0,0.0,hard,False,False,-257.3356022186513,0.0,1.0,0.0,0.9804841750435145
2340,1767152019769,0.0,0.0,0.0,0.0,-253.56865190158518,0.0,0.0,hard,False,False,-257.3356022186513,0.0,1.0,0.0,0.9804841750435145
2341,1767152019795,0.0,0.0,0.0,0.0,-253.56865190158518,0.0,0.0,hard,False,False,-257.3356022186513,0.0,1.0,0.0,0.9804841750435145
2342,1767152019820,0.0,0.0,0.0,0.0,-253.56865190158518,0.0,0.0,hard,False,False,-257.3356022186513,0.0,1.0,0.0,0.9804841750435145
2343,1767152019844,0.0,0.0,0.0,0.0,-253.56865190158518,0.0,0.0,hard,False,False,-257.3356022186513,0.0,1.0,0.0,0.9804841750435145
2344,1767152019869,0.0,0.0,0.0,0.0,-253.56865190158518,0.0,0.0,hard,False,False,-257.3356022186513,0.0,1.0,0.0,0.9804841750435145
2345,1767152019893,0.0,0.0,0.0,0.0,-253.56865190158518,0.0,0.0,hard,False,False,-257.3356022186513,0.0,1.0,0.0,0.9804841750435145
2346,1767152019918,0.0,0.0,0.0,0.0,-253.56865190158518,0.0,0.0,hard,False,False,-257.3356022186513,0.0,1.0,0.0,0.9804841750435145
2347,1767152019940,0.0,0.0,0.0,0.0,-253.56865190158518,0.0,0.0,hard,False,False,-257.3356022186513,0.0,1.0,0.0,0.9804841750435145
2348,1767152019964,0.0,0.0,0.0,0.0,-253.56865190158518,0.0,0.0,hard,False,False,-257.3356022186513,0.0,1.0,0.0,0.9804841750435145
2349,1767152019987,0.0,0.0,0.0,0.0,-253.56865190158518,0.0,0.0,hard,False,False,-257.3356022186513,0.0,1.0,0.0,0.9804841750435145
2350,1767152020018,0.0,0.0,0.0,0.0,-253.56865190158518,0.0,0.0,hard,False,False,-257.3356022186513,0.0,1.0,0.0,0.9804841750435145
2351,1767152020052,0.0,0.0,0.0,0.0,-253.56865190158518,0.0,0.0,hard,False,False,-257.3356022186513,0.0,1.0,0.0,0.9804841750435145
2352,1767152020085,0.0,0.0,0.0,0.0,-253.56865190158518,0.0,0.0,hard,False,False,-257.3356022186513,0.0,1.0,0.0,0.9804841750435145
2353,1767152020120,0.0,0.0,0.0,0.0,-253.56865190158518,0.0,0.0,hard,False,False,-257.3356022186513,0.0,1.0,0.0,0.9804841750435145
2354,1767152020151,0.0,0.0,0.0,0.0,-253.56865190158518,0.0,0.0,hard,False,False,-257.3356022186513,0.0,1.0,0.0,0.9804841750435145
2355,1767152020186,0.0,0.0,0.0,0.0,-253.56865190158518,0.0,0.0,hard,False,False,-257.3356022186513,0.0,1.0,0.0,0.9804841750435145
2356,1767152020218,0.0,0.0,0.0,0.0,-253.56865190158518,0.0,0.0,hard,False,False,-257.3356022186513,0.0,1.0,0.0,0.9804841750435145
2357,1767152020251,0.0,0.0,0.0,0.0,-253.56865190158518,0.0,0.0,hard,False,False,-257.3356022186513,0.0,1.0,0.0,0.9804841750435145
2358,1767152020287,0.0,0.0,0.0,0.0,-253.56865190158518,0.0,0.0,hard,False,False,-257.3356022186513,0.0,1.0,0.0,0.9804841750435145
2359,1767152020318,0.0,0.0,0.0,0.0,-253.56865190158518,0.0,0.0,hard,False,False,-257.3356022186513,0.0,1.0,0.0,0.9804841750435145
2360,1767152020354,0.0,0.0,0.0,0.0,-253.56865190158518,0.0,0.0,hard,False,False,-257.3356022186513,0.0,1.0,0.0,0.9804841750435145
2361,1767152020384,0.0,0.0,0.0,0.0,-253.56865190158518,0.0,0.0,hard,False,False,-257.3356022186513,0.0,1.0,0.0,0.9804841750435145
2362,1767152020418,0.0,0.0,0.0,0.0,-253.56865190158518,0.0,0.0,hard,False,False,-257.3356022186513,0.0,1.0,0.0,0.9804841750435145
2363,1767152020454,0.0,0.0,0.0,0.0,-253.56865190158518,0.0,0.0,hard,False,False,-257.3356022186513,0.0,1.0,0.0,0.9804841750435145
2364,1767152020484,0.0,0.0,0.0,0.0,-253.56865190158518,0.0,0.0,hard,False,False,-257.3356022186513,0.0,1.0,0.0,0.9804841750435145
2365,1767152020518,0.0,0.0,0.0,0.0,-253.56865190158518,0.0,0.0,hard,False,False,-257.3356022186513,0.0,1.0,0.0,0.9804841750435145
2366,1767152020551,0.0,0.0,0.0,0.0,-253.56865190158518,0.0,0.0,hard,False,False,-257.3356022186513,0.0,1.0,0.0,0.9804841750435145
2367,1767152020585,0.0,0.0,0.0,0.0,-253.56865190158518,0.0,0.0,hard,False,False,-257.3356022186513,0.0,1.0,0.0,0.9804841750435145
2368,1767152020618,0.0,0.0,0.0,0.0,-253.56865190158518,0.0,0.0,hard,False,False,-257.3356022186513,0.0,1.0,0.0,0.9804841750435145
2369,1767152020651,0.0,0.0,0.0,0.0,-253.56865190158518,0.0,0.0,hard,False,False,-257.3356022186513,0.0,1.0,0.0,0.9804841750435145
2370,1767152020685,0.0,0.0,0.0,0.0,-253.56865190158518,0.0,0.0,hard,False,False,-257.3356022186513,0.0,1.0,0.0,0.9804841750435145
2371,1767152020719,0.0,0.0,0.0,0.0,-253.56865190158518,0.0,0.0,hard,False,False,-257.3356022186513,0.0,1.0,0.0,0.9804841750435145
2372,1767152020752,0.0,0.0,0.0,0.0,-253.56865190158518,0.0,0.0,hard,False,False,-257.3356022186513,0.0,1.0,0.0,0.9804841750435145
2373,1767152020786,0.0,0.0,0.0,0.0,-253.56865190158518,0.0,0.0,hard,False,False,-257.3356022186513,0.0,1.0,0.0,0.9804841750435145
2374,1767152020818,0.0,0.0,0.0,0.0,-253.56865190158518,0.0,0.0,hard,False,False,-257.3356022186513,0.0,1.0,0.0,0.9804841750435145
2375,1767152020855,0.0,0.0,0.0,0.0,-253.56865190158518,0.0,0.0,hard,False,False,-257.3356022186513,0.0,1.0,0.0,0.9804841750435145
2376,1767152020884,0.0,0.0,0.0,0.0,-253.56865190158518,0.0,0.0,hard,False,False,-257.3356022186513,0.0,1.0,0.0,0.9804841750435145
2377,1767152020918,0.0,0.0,0.0,0.0,-253.56865190158518,0.0,0.0,hard,False,False,-257.3356022186513,0.0,1.0,0.0,0.9804841750435145
2378,1767152020953,0.0,0.0,0.0,0.0,-253.56865190158518,0.0,0.0,hard,False,False,-257.3356022186513,0.0,1.0,0.0,0.9804841750435145
2379,1767152020985,0.0,0.0,0.0,0.0,-253.56865190158518,0.0,0.0,hard,False,False,-257.3356022186513,0.0,1.0,0.0,0.9804841750435145
2380,1767152021021,0.0,0.0,0.0,0.0,-253.56865190158518,0.0,0.0,hard,False,False,-257.3356022186513,0.0,1.0,0.0,0.9804841750435145
2381,1767152021055,0.0,0.0,0.0,0.0,-253.56865190158518,0.0,0.0,hard,False,False,-257.3356022186513,0.0,1.0,0.0,0.9804841750435145
2382,1767152021118,0.0,0.0,0.0,0.0,-253.56865190158518,0.0,0.0,hard,False,False,-257.3356022186513,0.0,1.0,0.0,0.9804841750435145
2383,1767152021155,0.0,0.0,0.0,0.0,-253.56865190158518,0.0,0.0,hard,False,False,-257.3356022186513,0.0,1.0,0.0,0.9804841750435145
2384,1767152021187,0.0,0.0,0.0,0.0,-253.56865190158518,0.0,0.0,hard,False,False,-257.3356022186513,0.0,1.0,0.0,0.9804841750435145
2385,1767152021218,0.0,0.0,0.0,0.0,-253.56865190158518,0.0,0.0,hard,False,False,-257.3356022186513,0.0,1.0,0.0,0.9804841750435145
2386,1767152021251,0.0,0.0,0.0,0.0,-253.56865190158518,0.0,0.0,hard,False,False,-257.3356022186513,0.0,1.0,0.0,0.9804841750435145
2387,1767152021284,0.0,0.0,0.0,0.0,-253.56865190158518,0.0,0.0,hard,False,False,-257.3356022186513,0.0,1.0,0.0,0.9804841750435145
2388,1767152021319,0.0,0.0,0.0,0.0,-253.56865190158518,0.0,0.0,hard,False,False,-257.3356022186513,0.0,1.0,0.0,0.9804841750435145
2389,1767152021351,0.0,0.0,0.0,0.0,-253.56865190158518,0.0,0.0,hard,False,False,-257.3356022186513,0.0,1.0,0.0,0.9804841750435145
2390,1767152021385,0.0,0.0,0.0,0.0,-253.56865190158518,0.0,0.0,hard,False,False,-257.3356022186513,0.0,1.0,0.0,0.9804841750435145
2391,1767152021418,0.0,0.0,0.0,0.0,-253.56865190158518,0.0,0.0,hard,False,False,-257.3356022186513,0.0,1.0,0.0,0.9804841750435145
2392,1767152021451,0.0,0.0,0.0,0.0,-253.56865190158518,0.0,0.0,hard,False,False,-257.3356022186513,0.0,1.0,0.0,0.9804841750435145
2393,1767152021484,0.0,0.0,0.0,0.0,-253.56865190158518,0.0,0.0,hard,False,False,-257.3356022186513,0.0,1.0,0.0,0.9804841750435145
2394,1767152021518,0.0,0.0,0.0,0.0,-253.56865190158518,0.0,0.0,hard,False,False,-257.3356022186513,0.0,1.0,0.0,0.9804841750435145
2395,1767152021551,0.0,0.0,0.0,0.0,-253.56865190158518,0.0,0.0,hard,False,False,-257.3356022186513,0.0,1.0,0.0,0.9804841750435145
2396,1767152021586,0.0,0.0,0.0,0.0,-253.56865190158518,0.0,0.0,hard,False,False,-257.3356022186513,0.0,1.0,0.0,0.9804841750435145
2397,1767152021618,0.0,0.0,0.0,0.0,-253.56865190158518,0.0,0.0,hard,False,False,-257.3356022186513,0.0,1.0,0.0,0.9804841750435145
2398,1767152021651,0.0,0.0,0.0,0.0,-253.56865190158518,0.0,0.0,hard,False,False,-257.3356022186513,0.0,1.0,0.0,0.9804841750435145
2399,1767152021684,0.0,0.0,0.0,0.0,-253.56865190158518,0.0,0.0,hard,False,False,-257.3356022186513,0.0,1.0,0.0,0.9804841750435145
2400,1767152021718,0.0,0.0,0.0,0.0,-253.56865190158518,0.0,0.0,hard,False,False,-257.3356022186513,0.0,1.0,0.0,0.9804841750435145
2401,1767152021754,0.0,0.0,0.0,0.0,-253.56865190158518,0.0,0.0,hard,False,False,-257.3356022186513,0.0,1.0,0.0,0.9804841750435145
2402,1767152021784,0.0,0.0,0.0,0.0,-253.56865190158518,0.0,0.0,hard,False,False,-257.3356022186513,0.0,1.0,0.0,0.9804841750435145
2403,1767152021818,0.0,0.0,0.0,0.0,-253.56865190158518,0.0,0.0,hard,False,False,-257.3356022186513,0.0,1.0,0.0,0.9804841750435145
2404,1767152021851,0.0,0.0,0.0,0.0,-253.56865190158518,0.0,0.0,hard,False,False,-257.3356022186513,0.0,1.0,0.0,0.9804841750435145
2405,1767152021884,0.0,0.0,0.0,0.0,-253.56865190158518,0.0,0.0,hard,False,False,-257.3356022186513,0.0,1.0,0.0,0.9804841750435145
2406,1767152021918,0.0,0.0,0.0,0.0,-253.56865190158518,0.0,0.0,hard,False,False,-257.3356022186513,0.0,1.0,0.0,0.9804841750435145
2407,1767152021951,0.0,0.0,0.0,0.0,-253.56865190158518,0.0,0.0,hard,False,False,-257.3356022186513,0.0,1.0,0.0,0.9804841750435145
2408,1767152021985,0.0,0.0,0.0,0.0,-253.56865190158518,0.0,0.0,hard,False,False,-257.3356022186513,0.0,1.0,0.0,0.9804841750435145
2409,1767152022017,0.0,0.0,0.0,0.0,-253.56865190158518,0.0,0.0,hard,False,False,-257.3356022186513,0.0,1.0,0.0,0.9804841750435145
