frame_idx,timestamp_ms,depth_raw_mm,depth_ema_mm,depth_kf_mm,depth_corr_mm,sig_mm,conf,conf_ema,vision_state,has_hand,has_main_hand,velocity_mm_s,motion_mm,gain,offset_mm,cos_tilt
0,1767151721112,-0.00892463677666429,-0.00892463677666429,-0.00892463677666429,-0.00892463677666429,-0.00892463677666429,0.9628856778144836,0.5777314066886902,ok,True,True,0.0,0.0,1.0,0.0,0.9804841750435145
1,1767151721145,-0.03156914319397031,-0.022511340627047904,-0.020948918150895647,-0.020948918150895647,-0.020948918150895647,0.9529688358306885,0.8028738641738892,ok,True,True,-0.002471172011018188,0.009057802566922409,1.0,0.0,0.9804841750435145
2,1767151721179,0.241492568580808,0.13589100489766565,0.11770788689939117,0.11770788689939117,0.11770788689939117,0.9582854509353638,0.8961208162307739,ok,True,True,0.03700964774351323,0.10560156368314236,1.0,0.0,0.9804841750435145
3,1767151721213,0.13414956189146165,0.13484613909394325,0.13300705075158628,0.13300705075158628,0.13300705075158628,0.955474853515625,0.9317332386016846,ok,True,True,0.041914933823537025,0.0006965772024815908,1.0,0.0,0.9804841750435145
4,1767151721246,0.05565243786923685,0.08732991835911941,0.09276197476415796,0.09276197476415796,0.09276197476415796,0.9584280848503113,0.9477501463508606,ok,True,True,0.024852377169059945,0.03167748048988256,1.0,0.0,0.9804841750435145
5,1767151721279,-0.30533203004055354,-0.14826725068068436,-0.1204144078808193,-0.1204144078808193,-0.1204144078808193,0.9611650705337524,0.9557991008605957,ok,True,True,-0.0754629967191098,0.15706477935986918,1.0,0.0,0.9804841750435145
6,1767151721312,0.033025173461893244,-0.039491796195137804,-0.04908206423468964,-0.04908206423468964,-0.04908206423468964,0.9512180089950562,0.9530504457412721,ok,True,True,-0.03663602513557359,0.07251696965703106,1.0,0.0,0.9804841750435145
7,1767151721345,-0.2480253362621377,-0.16461192023533774,-0.1514980147793022,-0.1514980147793022,-0.1514980147793022,0.9562423825263977,0.9549656078123474,ok,True,True,-0.0953967438666504,0.08341341602679997,1.0,0.0,0.9804841750435145
8,1767151721379,-0.12846923918274686,-0.14292631160378322,-0.14427207061223232,-0.14427207061223232,-0.14427207061223232,0.9613255262374878,0.9587815588674317,ok,True,True,-0.08880632720346394,0.01445707242103636,1.0,0.0,0.9804841750435145
9,1767151721412,0.11899958247115235,0.014229224841178112,-0.004228994594761448,-0.004228994594761448,-0.004228994594761448,0.9636138677597046,0.9616809442027954,ok,True,True,0.008963723543353688,0.10477035762997423,1.0,0.0,0.9804841750435145
10,1767151721446,-0.40623227234061055,-0.23804767346789507,-0.2113275295996274,-0.2113275295996274,-0.2113275295996274,0.9574710130691528,0.9591549855226098,ok,True,True,-0.1427821755793644,0.16818459887271547,1.0,0.0,0.9804841750435145
11,1767151721479,-0.26761800691609616,-0.2557898735368157,-0.2512656260147208,-0.2512656260147208,-0.2512656260147208,0.9512120485305786,0.9543892233273912,ok,True,True,-0.17012427481465192,0.011828133379280459,1.0,0.0,0.9804841750435145
12,1767151721512,0.19287010048679556,0.013406110877351052,-0.017354275450767287,-0.017354275450767287,-0.017354275450767287,0.9577793478965759,0.956423298068902,ok,True,True,0.026424653729986897,0.1794639896094445,1.0,0.0,0.9804841750435145
13,1767151721549,-0.4667747166553064,-0.2747023856422434,-0.24536165487880005,-0.24536165487880005,-0.24536165487880005,0.9642749428749084,0.961134284952506,ok,True,True,-0.17067581417534777,0.19207233101306298,1.0,0.0,0.9804841750435145
14,1767151721579,-0.11137665997333872,-0.1767069502409006,-0.18514291388858412,-0.18514291388858412,-0.18514291388858412,0.9605932235717773,0.9608096481240689,ok,True,True,-0.11139282483669305,0.06533029026756189,1.0,0.0,0.9804841750435145
15,1767151721612,-0.13564766266376596,-0.1520713776946198,-0.15624019900387764,-0.15624019900387764,-0.15624019900387764,0.9591467380523682,0.9598119020810485,ok,True,True,-0.0808803817248632,0.016423715030853853,1.0,0.0,0.9804841750435145
16,1767151721645,0.11324649848035961,0.007119348010367829,-0.011677768881052819,-0.011677768881052819,-0.011677768881052819,0.9683167338371277,0.9649148011346961,ok,True,True,0.06185262987603782,0.10612715046999179,1.0,0.0,0.9804841750435145
17,1767151721679,-0.08362851860715761,-0.047329371960147436,-0.04306498665875576,-0.04306498665875576,-0.04306498665875576,0.9565255045890808,0.9598812232073269,ok,True,True,0.028375971698428155,0.03629914664701018,1.0,0.0,0.9804841750435145
18,1767151721712,0.05046834020720385,0.011349255340263334,0.00530958764355325,0.00530958764355325,0.00530958764355325,0.957881510257721,0.9586813954375634,ok,True,True,0.07724029439352803,0.03911908486694052,1.0,0.0,0.9804841750435145
19,1767151721745,-0.5799512700486035,-0.3434310598930567,-0.303785174286561,-0.303785174286561,-0.303785174286561,0.9614291787147522,0.9603300654038767,ok,True,True,-0.2524064155703571,0.23652021015554675,1.0,0.0,0.9804841750435145
20,1767151721779,-0.14042369942335514,-0.22162664361123577,-0.23183860607656304,-0.23183860607656304,-0.23183860607656304,0.9568079113960266,0.9582167729991666,ok,True,True,-0.16536386786889734,0.08120294418788063,1.0,0.0,0.9804841750435145
21,1767151721817,-1.0333931427135212,-0.708686543072607,-0.6555875040957218,-0.6555875040957218,-0.6555875040957218,0.9539282321929932,0.9556436485154626,ok,True,True,-0.6282649770076547,0.3247065996409142,1.0,0.0,0.9804841750435145
22,1767151721850,-0.0495008335548827,-0.31317511736197245,-0.35407803333614907,-0.35407803333614907,-0.35407803333614907,0.9585744738578796,0.9574021437209128,ok,True,True,-0.26431812548262884,0.26367428380708974,1.0,0.0,0.9804841750435145
23,1767151721889,-0.7041856991644632,-0.5477814664434668,-0.5269827835085037,-0.5269827835085037,-0.5269827835085037,0.9533544182777405,0.9549735084550094,ok,True,True,-0.4528522370995856,0.15640423272099635,1.0,0.0,0.9804841750435145
24,1767151721924,-0.3638169278330678,-0.4374027432772274,-0.4491699817808277,-0.4491699817808277,-0.4491699817808277,0.9575437903404236,0.956515677586258,ok,True,True,-0.3443687177474057,0.0735858154441596,1.0,0.0,0.9804841750435145
25,1767151721950,-0.8456621382427386,-0.6823583802565341,-0.6574495994015739,-0.6574495994015739,-0.6574495994015739,0.9630340933799744,0.9604267270624878,ok,True,True,-0.5775588346749657,0.16330375798620456,1.0,0.0,0.9804841750435145
26,1767151721979,-0.9060551518044269,-0.8165764431852698,-0.8008704413273116,-0.8008704413273116,-0.8008704413273116,0.960059404373169,0.9602063334488965,ok,True,True,-0.726662027190621,0.08947870861915708,1.0,0.0,0.9804841750435145
27,1767151722012,-0.8811519420820443,-0.8553217425233345,-0.8519291649993996,-0.8519291649993996,-0.8519291649993996,0.9621040225028992,0.961344946881298,ok,True,True,-0.7592806519116673,0.0258301995587098,1.0,0.0,0.9804841750435145
28,1767151722045,-0.2952741908958111,-0.5192932115468204,-0.5594458294937461,-0.5594458294937461,-0.5594458294937461,0.9627681374549866,0.9621988612255112,ok,True,True,-0.36874055751636314,0.22401902065100932,1.0,0.0,0.9804841750435145
29,1767151722080,-0.5801926581880773,-0.5558328795315746,-0.5576161734257528,-0.5576161734257528,-0.5576161734257528,0.9594340324401855,0.9605399639543157,ok,True,True,-0.3512123505161591,0.02435977865650274,1.0,0.0,0.9804841750435145
30,1767151722112,-1.1089993563987144,-0.8877327656518584,-0.8520448770605946,-0.8520448770605946,-0.8520448770605946,0.9497366547584534,0.9540579784367983,ok,True,True,-0.7053616946879074,0.22126659074685595,1.0,0.0,0.9804841750435145
31,1767151722145,-1.0699289618238803,-0.9970504833550716,-0.983438268123529,-0.983438268123529,-0.983438268123529,0.9548841714859009,0.9545536942662598,ok,True,True,-0.8416225304864147,0.07287847846880868,1.0,0.0,0.9804841750435145
32,1767151722179,-0.8868762893895663,-0.9309459669757685,-0.9399674015735022,-0.9399674015735022,-0.9399674015735022,0.9619520306587219,0.958992696101737,ok,True,True,-0.7505989124893551,0.04406967758620217,1.0,0.0,0.9804841750435145
33,1767151722212,0.15646072278282763,-0.2785019531206109,-0.35536666731216726,-0.35536666731216726,-0.35536666731216726,0.9528458118438721,0.955304565547018,ok,True,True,0.030547011898052645,0.4349626759034385,1.0,0.0,0.9804841750435145
34,1767151722245,1.2855307558250069,0.6599176722467597,0.5463839120763199,0.5463839120763199,0.5463839120763199,0.9332309365272522,0.9420603881351586,ok,True,True,1.1919294477205913,0.6256130835782472,1.0,0.0,0.9804841750435145
35,1767151722279,2.849254618009725,1.9735198397045388,1.8182582171029733,1.8182582171029733,1.8182582171029733,0.9162877798080444,0.92659682313889,ok,True,True,2.789659027878969,0.8757347783051861,1.0,0.0,0.9804841750435145
36,1767151722312,5.551870711578545,4.1205303628289425,3.8733524555372116,3.8733524555372116,3.8733524555372116,0.9210817217826843,0.9232877623251665,ok,True,True,5.347094534865915,1.4313403487496021,1.0,0.0,0.9804841750435145
37,1767151722345,9.844430017148264,7.554870155420535,7.163002611599106,7.163002611599106,7.163002611599106,0.94986492395401,0.9392340593024726,ok,True,True,9.421630861900889,2.289559861727729,1.0,0.0,0.9804841750435145
38,1767151722379,14.515485925412934,11.731239617415973,11.255472322440724,11.255472322440724,11.255472322440724,0.9459132552146912,0.9432415768498037,ok,True,True,14.390807414882637,2.784246307996961,1.0,0.0,0.9804841750435145
39,1767151722412,19.153144060380402,16.18438228319463,15.68689321491456,15.68689321491456,15.68689321491456,0.9320051670074463,0.9364997309443892,ok,True,True,19.608143213335538,2.9687617771857724,1.0,0.0,0.9804841750435145
40,1767151722445,25.07605035462961,21.51938312605562,20.940401681895846,20.940401681895846,20.940401681895846,0.9203304052352905,0.92679813551893,ok,True,True,25.702748245967076,3.5566672285739926,1.0,0.0,0.9804841750435145
41,1767151722479,32.683190666027514,28.217667650038756,27.499985222423206,27.499985222423206,27.499985222423206,0.9212976098060608,0.9234978200912085,ok,True,True,33.282998681720926,4.465523015988758,1.0,0.0,0.9804841750435145
42,1767151722513,40.54617366858441,35.61477126116615,34.83182270447897,34.83182270447897,34.83182270447897,0.9156160354614258,0.9187687493133389,ok,True,True,41.57811574148689,4.931402407418261,1.0,0.0,0.9804841750435145
43,1767151722546,46.431193519609536,42.10462461623218,41.44676569028623,41.44676569028623,41.44676569028623,0.937304675579071,0.9298903050727781,ok,True,True,48.56751330944705,4.326568903377357,1.0,0.0,0.9804841750435145
44,1767151722579,50.42937998909093,47.09947783994743,46.64875162723954,46.64875162723954,46.64875162723954,0.9235966801643372,0.9261141301277136,ok,True,True,53.36847158991877,3.3299021491435,1.0,0.0,0.9804841750435145
45,1767151722612,51.01255074471306,49.44732158280681,49.33340358093489,49.33340358093489,49.33340358093489,0.9242125749588013,0.9249731970263663,ok,True,True,54.58470221364751,1.5652291619062524,1.0,0.0,0.9804841750435145
46,1767151722645,49.12338394448775,49.25295899981538,49.4652105771402,49.4652105771402,49.4652105771402,0.9420122504234314,0.9351966290646053,ok,True,True,52.31383236014535,0.1295750553276278,1.0,0.0,0.9804841750435145
47,1767151722679,46.37363394301834,47.52536396573716,47.9368469156905,47.9368469156905,47.9368469156905,0.9005991816520691,0.9144381606170835,ok,True,True,47.902920800458425,1.1517300227188159,1.0,0.0,0.9804841750435145
48,1767151722712,39.71075805454878,42.83660041902414,43.58463407725937,43.58463407725937,43.58463407725937,0.9628162980079651,0.9434650430516125,ok,True,True,39.87029193202869,3.1258423644753535,1.0,0.0,0.9804841750435145
49,1767151722745,30.072118150685817,35.177911058021145,36.265281341009924,36.265281341009924,36.265281341009924,0.9555370807647705,0.9507082656795073,ok,True,True,28.17514435954743,5.105792907335328,1.0,0.0,0.9804841750435145
50,1767151722796,21.025258512752888,26.68631953086019,27.860997765487774,27.860997765487774,27.860997765487774,0.9356042742729187,0.9416458708355542,ok,True,True,15.52263608306481,5.661061018107301,1.0,0.0,0.9804841750435145
51,1767151722821,13.637654966869768,18.857120792465935,19.920407510458983,19.920407510458983,19.920407510458983,0.973624050617218,0.9608327787045525,ok,True,True,4.05481434725993,5.219465825596167,1.0,0.0,0.9804841750435145
52,1767151722845,7.938802844745494,12.30613002383367,13.171497787559801,13.171497787559801,13.171497787559801,0.9390800595283508,0.9477811471988316,ok,True,True,-5.289610194054367,4.367327179088177,1.0,0.0,0.9804841750435145
53,1767151722879,4.236293856772915,7.464228323597218,8.081830140040527,8.081830140040527,8.081830140040527,0.947088360786438,0.9473654753513954,ok,True,True,-11.965894457319997,3.227934466824303,1.0,0.0,0.9804841750435145
54,1767151722912,0.22421607459846746,3.120220974197968,3.6296873352372137,3.6296873352372137,3.6296873352372137,0.9623321890830994,0.9563455035904178,ok,True,True,-17.478710454481675,2.8960048995995002,1.0,0.0,0.9804841750435145
55,1767151722946,-0.9962021272245906,0.6503671133444329,0.9179660236053881,0.9179660236053881,0.9179660236053881,0.9559048414230347,0.9560811062899879,ok,True,True,-20.376956236247032,1.6465692405690233,1.0,0.0,0.9804841750435145
56,1767151722979,-2.1700841441590883,-1.0419036411576799,-0.8989216710664796,-0.8989216710664796,-0.8989216710664796,0.9562158584594727,0.9561619575916788,ok,True,True,-21.926806320444758,1.1281805030014085,1.0,0.0,0.9804841750435145
57,1767151723012,-1.7590633633383672,-1.4721994744660922,-1.4897965168567588,-1.4897965168567588,-1.4897965168567588,0.9586296677589417,0.9576425836920365,ok,True,True,-21.735920587064957,0.286863888872275,1.0,0.0,0.9804841750435145
58,1767151723045,-0.03664978879622882,-0.6108696630641742,-0.7898824342670481,-0.7898824342670481,-0.7898824342670481,0.9566664695739746,0.9570569152211994,ok,True,True,-19.79273666026755,0.5742198742679454,1.0,0.0,0.9804841750435145
59,1767151723079,2.195638757017814,1.0730353889850186,0.7914075087423256,0.7914075087423256,0.7914075087423256,0.9499163031578064,0.9527725479831636,ok,True,True,-16.733768167975562,1.1226033680327954,1.0,0.0,0.9804841750435145
60,1767151723112,4.758726758634112,3.284450210774475,2.9438681971032556,2.9438681971032556,2.9438681971032556,0.9623451232910156,0.9585160931678748,ok,True,True,-13.032365900310975,1.4742765478596374,1.0,0.0,0.9804841750435145
61,1767151723146,8.862049257529664,6.631009638827588,6.170908057857865,6.170908057857865,6.170908057857865,0.9674554467201233,0.963879705299224,ok,True,True,-8.029470054272934,2.2310396187020762,1.0,0.0,0.9804841750435145
62,1767151723179,14.810651893959529,11.538794991906753,10.909696440460204,10.909696440460204,10.909696440460204,0.9691140651702881,0.9670203212218624,ok,True,True,-1.1857930896564772,3.2718569020527752,1.0,0.0,0.9804841750435145
63,1767151723212,23.90014527519286,18.955605161878417,18.053040373543283,18.053040373543283,18.053040373543283,0.9369818568229675,0.9489972425825255,ok,True,True,8.636977751486551,4.944540113314442,1.0,0.0,0.9804841750435145
64,1767151723245,32.07950766588676,26.82994666428342,25.88234859593244,25.88234859593244,25.88234859593244,0.9273777604103088,0.9360255532791955,ok,True,True,18.953848139244606,5.24956100160334,1.0,0.0,0.9804841750435145
65,1767151723279,40.8264770245434,35.227864880439405,34.255198470501995,34.255198470501995,34.255198470501995,0.9575270414352417,0.9489264461728232,ok,True,True,29.547379974934632,5.5986121441039955,1.0,0.0,0.9804841750435145
66,1767151723421,49.418325766904836,43.74214141231867,42.793118921865,42.793118921865,42.793118921865,0.9496055841445923,0.9493339289558846,ok,True,True,39.8867158189495,5.676184354586169,1.0,0.0,0.9804841750435145
67,1767151723441,58.603259420616794,52.65881221729754,51.70599549861737,51.70599549861737,51.70599549861737,0.8867816925048828,0.9118025870852835,ok,True,True,50.27041875362807,5.944447203319257,1.0,0.0,0.9804841750435145
68,1767151723462,61.92049569597919,58.21582230450653,57.67623401016345,57.67623401016345,57.67623401016345,0.8859175443649292,0.896271561453071,ok,True,True,56.15236092062145,3.70467339147266,1.0,0.0,0.9804841750435145
69,1767151723483,61.0929711751697,59.942111626904435,59.89811900011331,59.89811900011331,59.89811900011331,0.9091870784759521,0.9040208716667997,ok,True,True,56.63203151033729,1.1508595482652666,1.0,0.0,0.9804841750435145
70,1767151723506,61.060487228400504,60.61313698780208,60.74403303350152,60.74403303350152,60.74403303350152,0.872180700302124,0.8849167688479943,ok,True,True,55.20450150403627,0.4473502405984249,1.0,0.0,0.9804841750435145
71,1767151723527,57.447573471529296,58.7137988780384,59.14579874555224,59.14579874555224,59.14579874555224,0.8754458427429199,0.8792342131849498,ok,True,True,50.49224133940682,1.2662254065091076,1.0,0.0,0.9804841750435145
72,1767151723550,49.417331477663666,53.13591843781356,53.99457420630873,53.99457420630873,53.99457420630873,0.8437813520431519,0.857962496499871,ok,True,True,41.12430686579779,3.718586960149892,1.0,0.0,0.9804841750435145
73,1767151723577,40.746956874596734,45.702541499883466,46.78105977785235,46.78105977785235,46.78105977785235,0.8600298166275024,0.8592028885764499,ok,True,True,29.35572180890634,4.955584625286733,1.0,0.0,0.9804841750435145
74,1767151723604,28.7622541485144,35.53836908906203,36.90243059299924,36.90243059299924,36.90243059299924,0.9331986308097839,0.9036003339164503,ok,True,True,14.469098306434221,6.776114940547629,1.0,0.0,0.9804841750435145
75,1767151723629,19.32107549007768,25.80799292967142,27.100113827395347,27.100113827395347,27.100113827395347,0.9308623671531677,0.9199575538584808,ok,True,True,0.36565946954772954,6.486917439593743,1.0,0.0,0.9804841750435145
76,1767151723665,11.423907329101976,17.177541569329755,18.2863889121031,18.2863889121031,18.2863889121031,0.964379072189331,0.946610464856991,ok,True,True,-11.738869154127652,5.753634240227779,1.0,0.0,0.9804841750435145
77,1767151723689,7.160751397854829,11.1674674664448,11.91835327653224,11.91835327653224,11.91835327653224,0.9463300108909607,0.9464421924773727,ok,True,True,-19.936708255352983,4.00671606858997,1.0,0.0,0.9804841750435145
78,1767151723713,3.786415332833563,6.738836186278058,7.242758888237177,7.242758888237177,7.242758888237177,0.9600610136985779,0.9546134852100958,ok,True,True,-25.438882577736486,2.952420853444495,1.0,0.0,0.9804841750435145
79,1767151723745,2.686944083560197,4.3077009246473414,4.5406443102209,4.5406443102209,4.5406443102209,0.9492852687835693,0.95141655535418,ok,True,True,-27.98255798604004,1.6207568410871445,1.0,0.0,0.9804841750435145
80,1767151723779,2.453561984045592,3.1952175602862916,3.2412765467639777,3.2412765467639777,3.2412765467639777,0.9559470415115356,0.9541348470485934,ok,True,True,-28.485552088242482,0.7416555762406998,1.0,0.0,0.9804841750435145
81,1767151723812,3.792633951093341,3.553667394770521,3.4128251378358128,3.4128251378358128,3.4128251378358128,0.9307519197463989,0.9401050906672768,ok,True,True,-26.94734307721494,0.23896655632281982,1.0,0.0,0.9804841750435145
82,1767151723845,5.4779829515529395,4.708256728839972,4.463420326693523,4.463420326693523,4.463420326693523,0.9479488134384155,0.9448113243299601,ok,True,True,-24.273172061488637,0.7697262227129675,1.0,0.0,0.9804841750435145
83,1767151723879,8.082670175871893,6.732904797059125,6.389304107505789,6.389304107505789,6.389304107505789,0.9470967054367065,0.946182552994008,ok,True,True,-20.520027819374825,1.3497653788127684,1.0,0.0,0.9804841750435145
84,1767151723912,12.885259630803178,10.424317697305558,9.897631081312523,9.897631081312523,9.897631081312523,0.9639612436294556,0.9568497673752765,ok,True,True,-14.766701213568197,2.4609419334976206,1.0,0.0,0.9804841750435145
85,1767151724061,18.845632812700714,15.47710676654265,14.799449440133653,14.799449440133653,14.799449440133653,0.9528635740280151,0.9544580513669196,ok,True,True,-7.3638315015321805,3.3685260461580633,1.0,0.0,0.9804841750435145
86,1767151724095,26.611290416356418,22.15761695643091,21.308984141257355,21.308984141257355,21.308984141257355,0.9591515064239502,0.957274124401138,ok,True,True,1.9072611500745396,4.453673459925508,1.0,0.0,0.9804841750435145
87,1767151724119,32.591112585491565,28.417714333867302,27.6314137760399,27.6314137760399,27.6314137760399,0.9531679153442383,0.9548103989669983,ok,True,True,10.497770493143998,4.173398251624263,1.0,0.0,0.9804841750435145
88,1767151724147,42.90565077455454,37.11047619827964,36.091587021503,36.091587021503,36.091587021503,0.9276725649833679,0.9385276985768201,ok,True,True,21.62981105209319,5.795174576274896,1.0,0.0,0.9804841750435145
89,1767151724174,51.73592777801291,45.8857471461196,44.87310644126032,44.87310644126032,44.87310644126032,0.8993848562240601,0.9150419931651641,ok,True,True,32.6939886258495,5.850180631893309,1.0,0.0,0.9804841750435145
90,1767151724200,58.55546456900097,53.48757759984842,52.6477630710316,52.6477630710316,52.6477630710316,0.9078229069709778,0.9107105414486523,ok,True,True,41.8701624768661,5.067886969152546,1.0,0.0,0.9804841750435145
91,1767151724222,62.09698490995448,58.653221985912054,58.138733011224495,58.138733011224495,58.138733011224495,0.8999264240264893,0.9042400709953544,ok,True,True,47.491860464879196,3.4437629240424243,1.0,0.0,0.9804841750435145
92,1767151724246,62.624222585258536,61.03582234551995,60.889166603630166,60.889166603630166,60.889166603630166,0.8878004550933838,0.8943763014541721,ok,True,True,49.09437697005322,1.58840023973859,1.0,0.0,0.9804841750435145
93,1767151724268,60.92414890829103,60.9688182831826,61.14257223192672,61.14257223192672,61.14257223192672,0.9229375720024109,0.9115130637831154,ok,True,True,47.195708907285834,0.04466937489156919,1.0,0.0,0.9804841750435145
94,1767151724299,56.69319530431702,58.403444495863255,58.884731903478766,58.884731903478766,58.884731903478766,0.9170713424682617,0.9148480309942032,ok,True,True,41.93639854286813,1.7102491915462323,1.0,0.0,0.9804841750435145
95,1767151724321,50.37041231501947,53.583625187356986,54.331282203999685,54.331282203999685,54.331282203999685,0.8538036346435547,0.8782213931838141,ok,True,True,33.76614075176717,3.2132128723375146,1.0,0.0,0.9804841750435145
96,1767151724350,41.70092280179728,46.454003756021166,47.45878453348892,47.45878453348892,47.45878453348892,0.8689502477645874,0.8726587059322781,ok,True,True,22.785873886094112,4.753080954223883,1.0,0.0,0.9804841750435145
97,1767151724374,29.133353928935477,36.06161385976975,37.4183902215315,37.4183902215315,37.4183902215315,0.9619800448417664,0.9262515092779711,ok,True,True,7.958735654214427,6.9282599308342725,1.0,0.0,0.9804841750435145
98,1767151724399,18.50543646146895,25.52790742078927,26.884579474532288,26.884579474532288,26.884579474532288,0.9293704032897949,0.9281228456850653,ok,True,True,-6.867495381895484,7.022470959320319,1.0,0.0,0.9804841750435145
99,1767151724424,12.367068263392735,17.63140392635135,18.63857566205654,18.63857566205654,18.63857566205654,0.9709444642066956,0.9538158167980435,ok,True,True,-17.874410496794,5.264335662958615,1.0,0.0,0.9804841750435145
100,1767151724447,7.8854215819018565,11.783814519681654,12.482357322876723,12.482357322876723,12.482357322876723,0.9586374163627625,0.9567087765368749,ok,True,True,-25.50856166164849,3.8983929377797972,1.0,0.0,0.9804841750435145
101,1767151724481,5.36595586549047,7.933099327166944,8.345930606452557,8.345930606452557,8.345930606452557,0.9620609283447266,0.959920067621586,ok,True,True,-30.02031621195239,2.5671434616764737,1.0,0.0,0.9804841750435145
102,1767151724512,2.5183861941676207,4.68427144736735,4.981255544210089,4.981255544210089,4.981255544210089,0.952151894569397,0.9552591637902725,ok,True,True,-33.26603387143846,2.1658852531997295,1.0,0.0,0.9804841750435145
103,1767151724545,1.253811204830816,2.6259953018454296,2.765101306619615,2.765101306619615,2.765101306619615,0.9484339952468872,0.9511640626642412,ok,True,True,-34.78632820298753,1.3721840970146135,1.0,0.0,0.9804841750435145
104,1767151724579,1.8105154751606418,2.136707405834557,2.0774273803944823,2.0774273803944823,2.0774273803944823,0.9499874711036682,0.9504581077278975,ok,True,True,-34.138448981803705,0.32619193067391516,1.0,0.0,0.9804841750435145
105,1767151724612,3.132196001492967,2.734000563229603,2.5337197296632317,2.5337197296632317,2.5337197296632317,0.9537171125411987,0.9524135106158782,ok,True,True,-31.949535564059712,0.3981954382633641,1.0,0.0,0.9804841750435145
106,1767151724645,5.754372371250465,4.54622364804212,4.202755071000378,4.202755071000378,4.202755071000378,0.9455340504646301,0.9482858345251294,ok,True,True,-28.195663994670138,1.2081487232083452,1.0,0.0,0.9804841750435145
107,1767151724679,9.089695515063438,7.272306768254911,6.824829880713166,6.824829880713166,6.824829880713166,0.946321964263916,0.9471075123684013,ok,True,True,-23.305021405774447,1.8173887468085272,1.0,0.0,0.9804841750435145
108,1767151724712,12.690034099335397,10.522943166903202,10.02350899645792,10.02350899645792,10.02350899645792,0.9454163908958435,0.9460928394848667,ok,True,True,-17.84648483111232,2.1670909324321954,1.0,0.0,0.9804841750435145
109,1767151724745,19.24017023199737,15.753279405959702,15.047405817160463,15.047405817160463,15.047405817160463,0.9374003410339355,0.9408773404143079,ok,True,True,-10.131637778788747,3.486890826037669,1.0,0.0,0.9804841750435145
110,1767151724779,28.523159196365583,23.41520728020323,22.44361296454188,22.44361296454188,22.44361296454188,0.9193881154060364,0.927983805409345,ok,True,True,0.48745834657323606,5.107951916162353,1.0,0.0,0.9804841750435145
111,1767151724812,39.05422254653657,32.79861644000324,31.644742784616312,31.644742784616312,31.644742784616312,0.917453944683075,0.9216658889735829,ok,True,True,13.098845135458335,6.255606106533335,1.0,0.0,0.9804841750435145
112,1767151724846,49.41719928892062,42.769766149353664,41.57687054311762,41.57687054311762,41.57687054311762,0.9251489043235779,0.9237556981835798,ok,True,True,26.136781216694533,6.647433139566957,1.0,0.0,0.9804841750435145
113,1767151724879,55.206692657417314,50.231922054191855,49.3631957951079,49.3631957951079,49.3631957951079,0.9496846795082092,0.9393130869783575,ok,True,True,35.631694765191895,4.974770603225458,1.0,0.0,0.9804841750435145
114,1767151724912,58.79223759714152,55.368111379961654,54.83048102040495,54.83048102040495,54.83048102040495,0.911744236946106,0.9227717769590066,ok,True,True,41.507851329101975,3.424126217179868,1.0,0.0,0.9804841750435145
115,1767151724949,60.51046711059944,58.45352481834433,58.203587643955785,58.203587643955785,58.203587643955785,0.9453117847442627,0.9362957816301603,ok,True,True,44.23960667429842,2.0569422922551155,1.0,0.0,0.9804841750435145
116,1767151724978,60.056352799546,59.415221607065334,59.44457631544938,59.44457631544938,59.44457631544938,0.92534339427948,0.9297243492197521,ok,True,True,43.9187655976917,0.641131192480664,1.0,0.0,0.9804841750435145
117,1767151725012,57.850070952091926,58.476131214081285,58.74760338626227,58.74760338626227,58.74760338626227,0.9276235103607178,0.9284638459043315,ok,True,True,40.95162142563654,0.6260602619893589,1.0,0.0,0.9804841750435145
118,1767151725046,51.104123059623454,54.05292632140659,54.72923182748699,54.72923182748699,54.72923182748699,0.9710153937339783,0.9539947746021196,ok,True,True,33.55970090864604,2.9488032617831337,1.0,0.0,0.9804841750435145
119,1767151725083,42.72352342332154,47.25528458255556,48.21427511692276,48.21427511692276,48.21427511692276,0.9370754361152649,0.9438431715100067,ok,True,True,23.078051559141464,4.531761159234023,1.0,0.0,0.9804841750435145
120,1767151725123,34.81706756631275,39.792354372809875,40.81815081750719,40.81815081750719,40.81815081750719,0.9577332139015198,0.9521771969449145,ok,True,True,11.866199663840234,4.975286806497124,1.0,0.0,0.9804841750435145
121,1767151725161,25.525141493447347,31.232026645192356,32.34604514903478,32.34604514903478,32.34604514903478,0.9645074605941772,0.9595753551344721,ok,True,True,-0.3099323092530746,5.706885151745009,1.0,0.0,0.9804841750435145
122,1767151725188,16.015408603400058,22.102055820116977,23.244198414108432,23.244198414108432,23.244198414108432,0.9615350365638733,0.9607511639921128,ok,True,True,-12.793478695358708,6.086647216716919,1.0,0.0,0.9804841750435145
123,1767151725214,8.684651964363022,14.051613506664605,15.029970995441719,15.029970995441719,15.029970995441719,0.9727939367294312,0.9679768276345039,ok,True,True,-23.486880122140715,5.366961542301583,1.0,0.0,0.9804841750435145
124,1767151725245,3.5786835968063775,7.767855560749669,8.49097835203662,8.49097835203662,8.49097835203662,0.9527801871299744,0.9588588433317862,ok,True,True,-31.39058897558762,4.189171963943291,1.0,0.0,0.9804841750435145
125,1767151725279,0.1413222380358266,3.1919355671213636,3.6665632273019204,3.6665632273019204,3.6665632273019204,0.9575631022453308,0.9580813986799129,ok,True,True,-36.5782604221653,3.050613329085537,1.0,0.0,0.9804841750435145
126,1767151725312,-1.435448078353786,0.415505379836274,0.6422654223724102,0.6422654223724102,0.6422654223724102,0.9643800258636475,0.9618605749901536,ok,True,True,-39.05674622080524,1.85095345819006,1.0,0.0,0.9804841750435145
127,1767151725347,-1.7778629015340548,-0.9005155889859233,-0.873630770335747,-0.873630770335747,-0.873630770335747,0.9661870002746582,0.9644564301608564,ok,True,True,-39.35059741430601,0.8773473125481315,1.0,0.0,0.9804841750435145
128,1767151725379,0.2751604667007519,-0.19510995557391825,-0.41722992812497406,-0.41722992812497406,-0.41722992812497406,0.9641274809837341,0.9642590606545831,ok,True,True,-36.922822824401095,0.47027042227467014,1.0,0.0,0.9804841750435145
129,1767151725412,2.9166134035962292,1.6719240599281702,1.3014001909122408,1.3014001909122408,1.3014001909122408,0.9532985091209412,0.9576827297343979,ok,True,True,-32.87298802979205,1.244689343668059,1.0,0.0,0.9804841750435145
130,1767151725445,5.080140813680158,3.716854112179363,3.324979337745754,3.324979337745754,3.324979337745754,0.9413937926292419,0.9479093674713044,ok,True,True,-28.589784035813942,1.3632867015007952,1.0,0.0,0.9804841750435145
131,1767151725478,8.275395615895121,6.451979014408817,5.996625606061155,5.996625606061155,5.996625606061155,0.9564070105552673,0.9530079533216822,ok,True,True,-23.612753035499445,1.8234166014863042,1.0,0.0,0.9804841750435145
132,1767151725512,12.697873466531643,10.199515685682513,9.642601625763653,9.642601625763653,9.642601625763653,0.9453003406524658,0.9483833857201523,ok,True,True,-17.52565617176502,2.4983577808491297,1.0,0.0,0.9804841750435145
133,1767151725546,18.359436868443865,15.095468395339324,14.42169422239953,14.42169422239953,14.42169422239953,0.9465329051017761,0.9472730973491266,ok,True,True,-10.1612685144285,3.2639684731045406,1.0,0.0,0.9804841750435145
134,1767151725582,27.225554263277445,22.373519916102197,21.448242988521073,21.448242988521073,21.448242988521073,0.9339378476142883,0.9392719475082236,ok,True,True,-0.047937003276253165,4.852034347175248,1.0,0.0,0.9804841750435145
135,1767151725612,35.95823574301189,30.524349412248014,29.51121931372968,29.51121931372968,29.51121931372968,0.9288420677185059,0.933014019634393,ok,True,True,11.025640167585516,5.433886330763876,1.0,0.0,0.9804841750435145
136,1767151725645,44.76928215802552,39.071309059714515,38.045359412473935,38.045359412473935,38.045359412473935,0.9426109194755554,0.9387721595390904,ok,True,True,22.23934072279542,5.697973098311003,1.0,0.0,0.9804841750435145
137,1767151725678,52.766885027032295,47.28865464010518,46.339778677831426,46.339778677831426,46.339778677831426,0.9663253426551819,0.9553040694087453,ok,True,True,32.61062469148122,5.478230386927116,1.0,0.0,0.9804841750435145
138,1767151725712,60.01835715692548,54.92647615019736,54.08946412010957,54.08946412010957,54.08946412010957,0.927280604839325,0.9384899906670932,ok,True,True,41.75923096935322,5.091881006728123,1.0,0.0,0.9804841750435145
139,1767151725745,63.66204790157961,60.16781920102671,59.64478905449014,59.64478905449014,59.64478905449014,0.9128278493881226,0.9230927058997108,ok,True,True,47.47599283565951,3.4942287005529025,1.0,0.0,0.9804841750435145
140,1767151725778,62.75357789133322,61.71927441521062,61.664369387649515,61.664369387649515,61.664369387649515,0.9522590637207031,0.9405925205923062,ok,True,True,48.07610941367064,1.0343034761226022,1.0,0.0,0.9804841750435145
141,1767151725812,61.16154839612688,61.38463880376038,61.59471193138437,61.59471193138437,61.59471193138437,0.9412888288497925,0.941010305546798,ok,True,True,45.77999180103696,0.2230904076334994,1.0,0.0,0.9804841750435145
142,1767151725846,55.415027863793185,57.802872239780065,58.39637720539773,58.39637720539773,58.39637720539773,0.9306803941726685,0.9348123587223203,ok,True,True,39.29292913960295,2.38784437598688,1.0,0.0,0.9804841750435145
143,1767151725879,49.93736774014008,53.08356953999608,53.82269101385031,53.82269101385031,53.82269101385031,0.9351438879966736,0.9350112762869323,ok,True,True,31.21426312309226,3.1462017998559944,1.0,0.0,0.9804841750435145
144,1767151725945,33.01442117207883,41.04208051924573,42.58460226971146,42.58460226971146,42.58460226971146,0.9686723351478577,0.9552079116034875,ok,True,True,14.354354376150535,8.027659347166896,1.0,0.0,0.9804841750435145
145,1767151725979,24.36275989715778,31.03448814599296,32.376956143746234,32.376956143746234,32.376956143746234,0.954132616519928,0.9545627345533518,ok,True,True,-0.3189506564427731,6.67172824883518,1.0,0.0,0.9804841750435145
146,1767151726012,14.438368162187702,21.076816155709807,22.3367976002688,22.3367976002688,22.3367976002688,0.9380353093147278,0.9446462794101774,ok,True,True,-14.090672026211427,6.638447993522105,1.0,0.0,0.9804841750435145
147,1767151726045,8.496374962910094,13.528551440029979,14.459187820080235,14.459187820080235,14.459187820080235,0.9642057418823242,0.9563819568934655,ok,True,True,-24.26262095432373,5.032176477119885,1.0,0.0,0.9804841750435145
148,1767151726078,4.268111112490226,7.972287243506127,8.606004762355834,8.606004762355834,8.606004762355834,0.9727962613105774,0.9662305395437326,ok,True,True,-31.189217938761043,3.7041761310159007,1.0,0.0,0.9804841750435145
149,1767151726112,0.8627911555664974,3.7065895907423494,4.1373651497084545,4.1373651497084545,4.1373651497084545,0.9606025218963623,0.9628537289553104,ok,True,True,-35.8976392480057,2.843798435175852,1.0,0.0,0.9804841750435145
150,1767151726145,-0.2945097951208106,1.3059299592244535,1.4883893764481044,1.4883893764481044,1.4883893764481044,0.9711472988128662,0.9678298708698438,ok,True,True,-37.891939737806815,1.6004397543452642,1.0,0.0,0.9804841750435145
151,1767151726180,0.17847302216817842,0.6294557969906884,0.5843521811922021,0.5843521811922021,0.5843521811922021,0.964676022529602,0.9659375618656987,ok,True,True,-37.398952453366576,0.45098277482251004,1.0,0.0,0.9804841750435145
152,1767151726212,1.715345327504761,1.280989515299132,1.0641082449079666,1.0641082449079666,1.0641082449079666,0.9587182998657227,0.9616060046657131,ok,True,True,-35.028417032613774,0.434355812205629,1.0,0.0,0.9804841750435145
153,1767151726245,3.804898767513272,2.795335066627616,2.4718058849377615,2.4718058849377615,2.4718058849377615,0.948255181312561,0.9535955106538219,ok,True,True,-31.492208254358705,1.0095637008856562,1.0,0.0,0.9804841750435145
154,1767151726278,6.200969165960303,4.838715526227228,4.457395525159197,4.457395525159197,4.457395525159197,0.9533886909484863,0.9534714188306205,ok,True,True,-27.32433926701406,1.3622536397330753,1.0,0.0,0.9804841750435145
155,1767151726312,9.597702601922748,7.69410777164454,7.231217595608311,7.231217595608311,7.231217595608311,0.9614608287811279,0.958265064800925,ok,True,True,-22.264899048415415,1.903594830278208,1.0,0.0,0.9804841750435145
156,1767151726345,14.398987411433543,11.717035555517942,11.13355938551701,11.13355938551701,11.13355938551701,0.9842827916145325,0.9738757008890895,ok,True,True,-15.887440313484184,2.6819518559156013,1.0,0.0,0.9804841750435145
157,1767151726378,22.137189987892427,17.969128214942632,17.147130317923754,17.147130317923754,17.147130317923754,0.9713336229324341,0.9723504541150962,ok,True,True,-6.902912317825027,4.168061772949795,1.0,0.0,0.9804841750435145
158,1767151726412,32.01801116368748,26.398457984189545,25.340270303427644,25.340270303427644,25.340270303427644,0.9074559807777405,0.9334137701126828,ok,True,True,4.663196790286193,5.619553179497938,1.0,0.0,0.9804841750435145
159,1767151726447,38.912096658416374,33.906641188725644,32.96792746372225,32.96792746372225,32.96792746372225,0.9557112455368042,0.9467922553671557,ok,True,True,14.923442778398508,5.00545546969073,1.0,0.0,0.9804841750435145
160,1767151726478,48.38990884068658,42.5966017799022,41.57749849964519,41.57749849964519,41.57749849964519,0.9390224814414978,0.9421303910117609,ok,True,True,26.062356100773492,5.793307060784379,1.0,0.0,0.9804841750435145
161,1767151726513,58.686469360695405,52.250522328378125,51.15630209507803,51.15630209507803,51.15630209507803,0.9129975438117981,0.9246506826917832,ok,True,True,38.022306651316214,6.43594703231728,1.0,0.0,0.9804841750435145
162,1767151726545,65.06349571333472,59.93830635935208,59.09962957890077,59.09962957890077,59.09962957890077,0.9316890239715576,0.9288736874596478,ok,True,True,47.18913878790789,5.125189353982634,1.0,0.0,0.9804841750435145
163,1767151726578,68.37716863997156,65.00162372772377,64.51847707668756,64.51847707668756,64.51847707668756,0.9074260592460632,0.916005110531497,ok,True,True,52.46998654968966,3.37554491224779,1.0,0.0,0.9804841750435145
164,1767151726612,68.25654353827449,66.95457561405419,66.87789097078682,66.87789097078682,66.87789097078682,0.9203798770904541,0.9186299704668712,ok,True,True,53.30815843497329,1.3019679242202926,1.0,0.0,0.9804841750435145
165,1767151726647,65.45652733042799,66.05574664387848,66.34582093021744,66.34582093021744,66.34582093021744,0.950860857963562,0.9379685029648857,ok,True,True,50.13761335604856,0.5992193134504902,1.0,0.0,0.9804841750435145
166,1767151726680,59.46691169963419,62.10244567733191,62.76255612085751,62.76255612085751,62.76255612085751,0.9376171827316284,0.9377577108249313,ok,True,True,42.92253063143092,2.635533977697719,1.0,0.0,0.9804841750435145
167,1767151726745,42.543603049363725,50.367140100551,51.91022880477625,51.91022880477625,51.91022880477625,0.9655588865280151,0.9544384162467816,ok,True,True,26.056394028393974,7.823537051187273,1.0,0.0,0.9804841750435145
168,1767151726787,30.499788965793577,38.446729419696545,40.0462774344022,40.0462774344022,40.0462774344022,0.9149357676506042,0.9307368270890752,ok,True,True,8.573150309988907,7.946940453902968,1.0,0.0,0.9804841750435145
169,1767151726812,21.108020160572483,28.04350386422211,29.414984135649558,29.414984135649558,29.414984135649558,0.9284558296203613,0.929368228607847,ok,True,True,-6.41728704215099,6.935483703649627,1.0,0.0,0.9804841750435145
170,1767151726845,13.22743306584397,19.153861385195228,20.275194657285144,20.275194657285144,20.275194657285144,0.9611197710037231,0.9484191540453727,ok,True,True,-18.673589092941178,5.926428319351258,1.0,0.0,0.9804841750435145
171,1767151726879,7.8494662437935645,12.371224300354228,13.183888226486339,13.183888226486339,13.183888226486339,0.9510306119918823,0.9499860288132784,ok,True,True,-27.55609971901104,4.521758056560664,1.0,0.0,0.9804841750435145
172,1767151726912,3.0091512710645145,6.7539804827804,7.369084756283022,7.369084756283022,7.369084756283022,0.9503501057624817,0.9502044749828005,ok,True,True,-34.279260609794825,3.7448292117158855,1.0,0.0,0.9804841750435145
173,1767151726945,-0.3254074769734596,2.5063477069280844,2.921534112073532,2.921534112073532,2.921534112073532,0.971706748008728,0.9631058387983571,ok,True,True,-38.817296124904004,2.831755183901544,1.0,0.0,0.9804841750435145
174,1767151726978,-0.2961362913939318,0.8248573079348747,0.9144512334725645,0.9144512334725645,0.9144512334725645,0.9648866653442383,0.9641743347258858,ok,True,True,-39.796568123984464,1.1209935993288065,1.0,0.0,0.9804841750435145
175,1767151727012,0.008323120522405606,0.33493679548739325,0.25156259413962556,0.25156259413962556,0.25156259413962556,0.9398733377456665,0.9495937365377541,ok,True,True,-38.88527842173684,0.32661367496498767,1.0,0.0,0.9804841750435145
176,1767151727047,0.9595533154755747,0.7097067074803021,0.513913365457402,0.513913365457402,0.513913365457402,0.9575343132019043,0.9543580825362443,ok,True,True,-36.74523443617055,0.24984660799527258,1.0,0.0,0.9804841750435145
177,1767151727078,2.713266885436152,1.911842814253812,1.6191248366398243,1.6191248366398243,1.6191248366398243,0.9651731252670288,0.960847108174715,ok,True,True,-33.54579288871122,0.8014240711823399,1.0,0.0,0.9804841750435145
178,1767151727112,5.825461178325504,4.260013832696827,3.8404762228375757,3.8404762228375757,3.8404762228375757,0.940304696559906,0.9485216612058296,ok,True,True,-28.96019796964146,1.5654473456286775,1.0,0.0,0.9804841750435145
179,1767151727146,9.513900686168753,7.412345944779982,6.905964321193741,6.905964321193741,6.905964321193741,0.9401858448982239,0.9435201714212662,ok,True,True,-23.425387828119717,2.101554741388771,1.0,0.0,0.9804841750435145
180,1767151727179,13.83553576787176,11.26625983863505,10.69247552660742,10.69247552660742,10.69247552660742,0.9566688537597656,0.9514093808243659,ok,True,True,-17.153858406031457,2.56927592923671,1.0,0.0,0.9804841750435145
181,1767151727214,20.66696954573389,16.90668566289435,16.149324046343164,16.149324046343164,16.149324046343164,0.9386178255081177,0.943734447634617,ok,True,True,-8.875807592230517,3.7602838828395377,1.0,0.0,0.9804841750435145
182,1767151727249,27.966713556185194,23.542702398868858,22.684534180389953,22.684534180389953,22.684534180389953,0.9311450719833374,0.9361808222438492,ok,True,True,0.5040711930441049,4.424011157316336,1.0,0.0,0.9804841750435145
183,1767151727278,35.78367763415239,30.887287540038976,29.97368304246413,29.97368304246413,29.97368304246413,0.9372727274894714,0.9368359653912226,ok,True,True,10.489875030659773,4.896390094113414,1.0,0.0,0.9804841750435145
184,1767151727312,44.26662584159121,38.91489052097032,37.95601913953421,37.95601913953421,37.95601913953421,0.9358012676239014,0.93621514673083,ok,True,True,20.970451244066908,5.3517353206208895,1.0,0.0,0.9804841750435145
185,1767151727345,53.683338087891265,47.77595906112289,46.75800549619778,46.75800549619778,46.75800549619778,0.9014216065406799,0.9153390226167399,ok,True,True,32.096802672743486,5.907379026768375,1.0,0.0,0.9804841750435145
186,1767151727378,62.43441104491896,56.57103025140053,55.5952408633522,55.5952408633522,55.5952408633522,0.9182625412940979,0.9170931338231547,ok,True,True,42.76229476231606,5.863380793518431,1.0,0.0,0.9804841750435145
187,1767151727411,66.24291816280382,62.374162998242504,61.77667677726629,61.77667677726629,61.77667677726629,0.9439906477928162,0.9332316422049516,ok,True,True,49.292889032127206,3.868755164561314,1.0,0.0,0.9804841750435145
188,1767151727445,66.8083756268579,65.03469057541173,64.8544554518905,64.8544554518905,64.8544554518905,0.9539709091186523,0.945675202353172,ok,True,True,51.26288001664835,1.773685051446165,1.0,0.0,0.9804841750435145
189,1767151727479,65.41892825403662,65.26523318258666,65.41009660487009,65.41009660487009,65.41009660487009,0.9290235638618469,0.935684219258377,ok,True,True,49.67950585987495,0.15369507144995964,1.0,0.0,0.9804841750435145
190,1767151727511,62.4392675443917,63.56965379966968,63.95987734554424,63.95987734554424,63.95987734554424,0.9118890166282654,0.92140709768031,ok,True,True,45.414316829957876,1.1303862552779833,1.0,0.0,0.9804841750435145
191,1767151727546,55.70640059014805,58.851701873956706,59.590757876667396,59.590757876667396,59.590757876667396,0.9142589569091797,0.9171182132176319,ok,True,True,37.336348198194415,3.1453012838086565,1.0,0.0,0.9804841750435145
192,1767151727581,46.14276917695825,51.22634225575763,52.2987637236728,52.2987637236728,52.2987637236728,0.8737370371818542,0.8910895075961653,ok,True,True,25.614655978230935,5.0835730787993825,1.0,0.0,0.9804841750435145
193,1767151727616,37.372873692388254,42.914261117736004,44.05692362410914,44.05692362410914,44.05692362410914,0.8991697430610657,0.8959376488751056,ok,True,True,13.125220957771397,5.54138742534775,1.0,0.0,0.9804841750435145
194,1767151727678,17.3798837984591,27.59363472616986,29.479871704614634,29.479871704614634,29.479871704614634,0.9611372947692871,0.9350574364116144,ok,True,True,-7.491570165955515,10.213750927710759,1.0,0.0,0.9804841750435145
195,1767151727712,9.967273590793821,17.017818044944235,18.380792715324866,18.380792715324866,18.380792715324866,0.9484434127807617,0.9430890222331028,ok,True,True,-22.389042993774027,7.050544454150414,1.0,0.0,0.9804841750435145
196,1767151727745,4.841143566254459,9.71181335773037,10.596034895846977,10.596034895846977,10.596034895846977,0.9556853771209717,0.9506468351658242,ok,True,True,-32.0536880119035,4.87066979147591,1.0,0.0,0.9804841750435145
197,1767151727778,1.4296509697641862,4.742515924950659,5.276559532937051,5.276559532937051,5.276559532937051,0.9573943614959717,0.9546953509639127,ok,True,True,-37.8908472305518,3.3128649551864733,1.0,0.0,0.9804841750435145
198,1767151727811,-0.272756125884896,1.733352694449326,1.9878352123063503,1.9878352123063503,1.9878352123063503,0.9668290615081787,0.9619755772904723,ok,True,True,-40.6723709764662,2.006108820334222,1.0,0.0,0.9804841750435145
199,1767151727845,-0.5337254413393668,0.37310581297611034,0.4020100506348534,0.4020100506348534,0.4020100506348534,0.9538981318473816,0.957129110024618,ok,True,True,-40.988297682059454,0.9068312543154772,1.0,0.0,0.9804841750435145
200,1767151727879,0.6379495983199417,0.5320120841824092,0.3650178181332513,0.3650178181332513,0.3650178181332513,0.9614126682281494,0.9596992449467368,ok,True,True,-39.163030778158436,0.1059375141375325,1.0,0.0,0.9804841750435145
201,1767151727911,2.1870005100266443,1.5250051396889504,1.249848308762713,1.249848308762713,1.249848308762713,0.9565370678901672,0.9578019387127951,ok,True,True,-36.155534357882544,0.661995370337694,1.0,0.0,0.9804841750435145
202,1767151727946,4.225304949090202,3.1451850253297016,2.7991470258746496,2.7991470258746496,2.7991470258746496,0.9520573019981384,0.9543551566840011,ok,True,True,-32.37329845249846,1.0801199237605008,1.0,0.0,0.9804841750435145
203,1767151727978,6.217084697938507,4.988324828894985,4.6235630085681265,4.6235630085681265,4.6235630085681265,0.9604456424713135,0.9580094481563886,ok,True,True,-28.38640898656588,1.2287598690435217,1.0,0.0,0.9804841750435145
204,1767151728012,9.970509341330102,7.977635536356055,7.497696091871021,7.497696091871021,7.497696091871021,0.958943247795105,0.9585697279396184,ok,True,True,-23.14061457979578,1.9928738049740469,1.0,0.0,0.9804841750435145
205,1767151728045,15.81636684039393,12.68087431877878,12.016310451265216,12.016310451265216,12.016310451265216,0.9551393985748291,0.9565115303207448,ok,True,True,-15.876853575201071,3.1354925216151504,1.0,0.0,0.9804841750435145
206,1767151728078,23.038475827321133,18.89543522390419,18.068615612749618,18.068615612749618,18.068615612749618,0.9414201974868774,0.9474567306204245,ok,True,True,-6.839618259695795,4.143040603416942,1.0,0.0,0.9804841750435145
207,1767151728112,30.213933682626685,25.686534299137683,24.81088100357974,24.81088100357974,24.81088100357974,0.9425297379493713,0.9445005350177926,ok,True,True,2.731374958495376,4.527399383489001,1.0,0.0,0.9804841750435145
208,1767151728145,39.45166811818022,33.94561459056321,32.9362811846877,32.9362811846877,32.9362811846877,0.9438567161560059,0.9441142437007205,ok,True,True,13.763507466053571,5.506053527617013,1.0,0.0,0.9804841750435145
209,1767151728180,49.821576148569164,43.471191525366784,42.3466313222243,42.3466313222243,42.3466313222243,0.9199308753013611,0.9296042226611049,ok,True,True,26.05508238780184,6.35038462320238,1.0,0.0,0.9804841750435145
210,1767151728211,58.5504241547553,52.518731102999894,51.48039015893701,51.48039015893701,51.48039015893701,0.955134928226471,0.9449226460003246,ok,True,True,37.404270699638474,6.031693051755404,1.0,0.0,0.9804841750435145
211,1767151728245,64.35764805683,59.62208127529796,58.85256832724068,58.85256832724068,58.85256832724068,0.9346395134925842,0.9387527664956804,ok,True,True,45.815137485802495,4.735566781532043,1.0,0.0,0.9804841750435145
212,1767151728278,66.7432583025665,63.89478749165909,63.50248565864595,63.50248565864595,63.50248565864595,0.949386715888977,0.9451331361316584,ok,True,True,50.10304253910093,2.848470810907415,1.0,0.0,0.9804841750435145
213,1767151728312,66.18118027246507,65.26662316014267,65.25612813167376,65.25612813167376,65.25612813167376,0.895465612411499,0.9153326218995628,ok,True,True,50.21775443140721,0.9145571123223988,1.0,0.0,0.9804841750435145
214,1767151728349,64.88663866981356,65.0386324659452,65.24972712811153,65.24972712811153,65.24972712811153,0.9482413530349731,0.935077860580809,ok,True,True,47.91046501038826,0.15199379613163444,1.0,0.0,0.9804841750435145
215,1767151728378,60.97214491668975,62.59873993639193,63.0728442112206,63.0728442112206,63.0728442112206,0.9667952656745911,0.9541083036370782,ok,True,True,42.728449667963744,1.6265950197021795,1.0,0.0,0.9804841750435145
216,1767151728412,49.331908812973204,54.63864126234069,55.73891120873123,55.73891120873123,55.73891120873123,0.9189815521240234,0.9330322527292454,ok,True,True,30.702370075277948,5.3067324493674874,1.0,0.0,0.9804841750435145
217,1767151728445,38.83457658162535,45.15620245391149,46.451519811743566,46.451519811743566,46.451519811743566,0.9449132084846497,0.9401608261824879,ok,True,True,16.5443993904884,6.321625872286141,1.0,0.0,0.9804841750435145
218,1767151728486,26.010584536602508,33.6688317035261,35.157010160517366,35.157010160517366,35.157010160517366,0.9513986110687256,0.9469034971142305,ok,True,True,0.27843426275032357,7.658247166923594,1.0,0.0,0.9804841750435145
219,1767151728545,7.151768310664412,17.758593667809087,19.701404080498165,19.701404080498165,19.701404080498165,0.9835920333862305,0.9689166188774305,ok,True,True,-20.956711481801094,10.606825357144675,1.0,0.0,0.9804841750435145
220,1767151728579,3.8118817815480504,9.390566536052464,10.463358528831932,10.463358528831932,10.463358528831932,0.9614405632019043,0.9644309854721148,ok,True,True,-32.682453826541334,5.578684754504414,1.0,0.0,0.9804841750435145
221,1767151728611,3.172691735558028,5.659841655755803,6.074359169574883,6.074359169574883,6.074359169574883,0.9635876417160034,0.9639249792184479,ok,True,True,-37.213178885863336,2.4871499201977745,1.0,0.0,0.9804841750435145
222,1767151728645,2.8633183508024023,3.9819276727837627,4.077015452543047,4.077015452543047,4.077015452543047,0.9485836029052734,0.9547201534305432,ok,True,True,-38.25249947494529,1.1186093219813604,1.0,0.0,0.9804841750435145
223,1767151728678,2.147228940380005,2.881108433341508,2.8722718521488617,2.8722718521488617,2.8722718521488617,0.9650954604148865,0.9609453376211492,ok,True,True,-38.1559146057333,0.7338794929615027,1.0,0.0,0.9804841750435145
224,1767151728715,3.7929270652627016,3.4281996124942236,3.2242063797714513,3.2242063797714513,3.2242063797714513,0.9537853598594666,0.9566493509641396,ok,True,True,-35.926244637760014,0.36472745276847807,1.0,0.0,0.9804841750435145
225,1767151728745,7.706529981205138,5.995197833720772,5.552284170808216,5.552284170808216,5.552284170808216,0.9769818186759949,0.9688488315912528,ok,True,True,-31.08514633504845,1.7113321474843666,1.0,0.0,0.9804841750435145
226,1767151728778,12.265541561397376,9.757404070326734,9.172442416774988,9.172442416774988,9.172442416774988,0.9779453873634338,0.9743067650545614,ok,True,True,-24.691446827578694,2.5081374910706415,1.0,0.0,0.9804841750435145
227,1767151728812,18.470854736820996,14.985474470223291,14.244845460037233,14.244845460037233,14.244845460037233,0.964888870716095,0.9686560284514816,ok,True,True,-16.59628484682255,3.485380266597705,1.0,0.0,0.9804841750435145
228,1767151728845,26.877696712285708,22.120807815460743,21.180058315788553,21.180058315788553,21.180058315788553,0.9593267440795898,0.9630584578283465,ok,True,True,-6.313782434695483,4.7568888968249645,1.0,0.0,0.9804841750435145
229,1767151728878,34.94864134433595,29.817507932785865,28.83002468504819,28.83002468504819,28.83002468504819,0.9420296549797058,0.9504411761191621,ok,True,True,4.479525327917948,5.131133411550081,1.0,0.0,0.9804841750435145
230,1767151728912,43.37023673299183,37.94914521290944,36.948057816646745,36.948057816646745,36.948057816646745,0.9291174411773682,0.9376469351540858,ok,True,True,15.421528030807432,5.421091520082385,1.0,0.0,0.9804841750435145
231,1767151728945,52.493932514653935,46.67601759395614,45.647686425974456,45.647686425974456,45.647686425974456,0.9513816237449646,0.9458877483086131,ok,True,True,26.661308355841705,5.817914920697795,1.0,0.0,0.9804841750435145
232,1767151728978,60.466988508810886,54.950600142868986,54.011521213733296,54.011521213733296,54.011521213733296,0.912577748298645,0.9259017483026323,ok,True,True,36.92555123842367,5.5163883659419,1.0,0.0,0.9804841750435145
233,1767151729011,65.65591393363337,61.37378841732762,60.6894832255288,60.6894832255288,60.6894832255288,0.9270629286766052,0.926598456527016,ok,True,True,44.4050872783031,4.282125516305754,1.0,0.0,0.9804841750435145
234,1767151729045,67.72155270582401,65.18244699042546,64.8461998861831,64.8461998861831,64.8461998861831,0.9130101203918457,0.9184454548459138,ok,True,True,48.08030758166109,2.5391057153985486,1.0,0.0,0.9804841750435145
235,1767151729079,67.72125959165466,66.70573455116298,66.67706758364366,66.67706758364366,66.67706758364366,0.9429936408996582,0.9331743664781604,ok,True,True,48.39364090033499,1.0155250404916814,1.0,0.0,0.9804841750435145
236,1767151729111,64.81732004242801,65.572685845922,65.8759765757868,65.8759765757868,65.8759765757868,0.9048803448677063,0.9161979535118879,ok,True,True,45.078637635658644,0.7553658034939872,1.0,0.0,0.9804841750435145
237,1767151729146,56.34698149160837,60.03726323333382,60.85660313665219,60.85660313665219,60.85660313665219,0.9339167475700378,0.9268292299467779,ok,True,True,36.12315635313647,3.6902817417254496,1.0,0.0,0.9804841750435145
238,1767151729178,43.04815598689391,49.84379888546987,51.20728413273498,51.20728413273498,51.20728413273498,0.9516895413398743,0.9417454167826357,ok,True,True,21.22010261221834,6.795642898575963,1.0,0.0,0.9804841750435145
239,1767151729211,29.68810985213955,37.75038546547168,39.331204746638406,39.331204746638406,39.331204746638406,0.9514086842536926,0.9475433772652699,ok,True,True,3.941562378809259,8.06227561333213,1.0,0.0,0.9804841750435145
240,1767151729245,17.627369862122965,25.676576103462452,27.21518346080049,27.21518346080049,27.21518346080049,0.9464893937110901,0.946910987132762,ok,True,True,-12.87559657449168,8.049206241339487,1.0,0.0,0.9804841750435145
241,1767151729279,10.872783722663316,16.79430067498297,17.9094378911973,17.9094378911973,17.9094378911973,0.9608977437019348,0.9553030410742658,ok,True,True,-25.064177196303987,5.921516952319655,1.0,0.0,0.9804841750435145
242,1767151729311,6.424425615073211,10.572375639037116,11.297994637676947,11.297994637676947,11.297994637676947,0.9800095558166504,0.9701269499196965,ok,True,True,-32.99527799468014,4.147950023963904,1.0,0.0,0.9804841750435145
243,1767151729345,4.404236781143498,6.871492324300945,7.242768828872953,7.242768828872953,7.242768828872953,0.9737553596496582,0.9723039957576736,ok,True,True,-37.05337375485513,2.4672555431574468,1.0,0.0,0.9804841750435145
244,1767151729378,3.0526586095363433,4.580192095442184,4.739506239969761,4.739506239969761,4.739506239969761,0.966435968875885,0.9687831796286004,ok,True,True,-38.79469604832802,1.527533485905841,1.0,0.0,0.9804841750435145
245,1767151729412,2.189454622777961,3.1457496118436503,3.1792985051722087,3.1792985051722087,3.1792985051722087,0.9517402648925781,0.9585574307869871,ok,True,True,-39.16138938901333,0.9562949890656891,1.0,0.0,0.9804841750435145
246,1767151729445,3.5603553402163293,3.3945130488672577,3.224805010070038,3.224805010070038,3.224805010070038,0.9648924469947815,0.9623584405116637,ok,True,True,-37.30646061150934,0.16584229134907158,1.0,0.0,0.9804841750435145
247,1767151729478,5.7352452348654905,4.798952360466197,4.4844794579734675,4.4844794579734675,4.4844794579734675,0.9607542157173157,0.961395905635055,ok,True,True,-33.86923488713913,0.9362928743992933,1.0,0.0,0.9804841750435145
248,1767151729511,9.895075547744533,7.856626272833198,7.354272340982262,7.354272340982262,7.354272340982262,0.9538290500640869,0.9568557922924741,ok,True,True,-28.37844746593673,2.0384492749113345,1.0,0.0,0.9804841750435145
249,1767151729547,16.07360038702321,12.786810741347205,12.074930828313668,12.074930828313668,12.074930828313668,0.9656134843826294,0.9621104075465673,ok,True,True,-20.597516484607652,3.286789645676004,1.0,0.0,0.9804841750435145
250,1767151729743,23.372292634866806,19.138099877458966,18.273177875324954,18.273177875324954,18.273177875324954,0.9687934517860413,0.9661202340902517,ok,True,True,-11.143817511388123,4.23419275740784,1.0,0.0,0.9804841750435145
251,1767151729765,31.490181512708048,26.54934885860842,25.58421785710385,25.58421785710385,25.58421785710385,0.9626343250274658,0.9640286886525802,ok,True,True,-0.5948224164406497,4.94083265409963,1.0,0.0,0.9804841750435145
252,1767151729791,37.711075717801045,33.24638497412399,32.38902524299774,32.38902524299774,32.38902524299774,0.9566590189933777,0.9596068868570586,ok,True,True,8.776220047460209,4.464690743677053,1.0,0.0,0.9804841750435145
253,1767151729815,48.3830637627315,42.3283922472885,41.25174471774159,41.25174471774159,41.25174471774159,0.9397758841514587,0.9477082852336987,ok,True,True,20.544103879437827,6.054671515443005,1.0,0.0,0.9804841750435145
254,1767151729849,68.16150557936167,57.82826024653241,56.0546435211692,56.0546435211692,56.0546435211692,0.935706615447998,0.9405072833622783,ok,True,True,39.9299428043127,10.333245332829264,1.0,0.0,0.9804841750435145
255,1767151729874,67.48168186322688,63.62031321654909,62.924483982779016,62.924483982779016,62.924483982779016,0.915216863155365,0.9253330312381303,ok,True,True,47.53543797825015,3.8613686466777892,1.0,0.0,0.9804841750435145
256,1767151729899,66.11051676830242,65.11443534760109,65.04686473160615,65.04686473160615,65.04686473160615,0.9138965010643005,0.9184711131338325,ok,True,True,48.27399273983704,0.99608142070133,1.0,0.0,0.9804841750435145
257,1767151729925,61.8401766662376,63.14988013878299,63.54118530085838,63.54118530085838,63.54118530085838,0.9378470182418823,0.9300966561986623,ok,True,True,43.996981402433505,1.3097034725453867,1.0,0.0,0.9804841750435145
258,1767151729954,54.9249754566414,58.214937329498035,58.973058827335564,58.973058827335564,58.973058827335564,0.9432226419448853,0.9379722476463961,ok,True,True,35.71062447272344,3.2899618728566367,1.0,0.0,0.9804841750435145
259,1767151729984,43.82693734553965,49.58213733912301,50.763075388331785,50.763075388331785,50.763075388331785,0.9398060441017151,0.9390725255195875,ok,True,True,22.80283302297371,5.755199993583361,1.0,0.0,0.9804841750435145
260,1767151730015,23.18851005067742,33.745960966055655,35.73001119466983,35.73001119466983,35.73001119466983,0.9655584096908569,0.9549640560223491,ok,True,True,1.1169312146342953,10.557450915378237,1.0,0.0,0.9804841750435145
261,1767151730045,12.369275240667923,20.91994953082302,22.57700237428827,22.57700237428827,22.57700237428827,0.9598247408866882,0.9578804669409526,ok,True,True,-16.99485080402761,8.550674290155095,1.0,0.0,0.9804841750435145
262,1767151730078,7.7298066946544,13.005863829121848,14.010839648190883,14.010839648190883,14.010839648190883,0.9747212529182434,0.9679849385273271,ok,True,True,-27.979354430958136,5.2760571344674485,1.0,0.0,0.9804841750435145
263,1767151730111,4.38761548353973,7.8349148217725775,8.420098375011692,8.420098375011692,8.420098375011692,0.9683871865272522,0.9682262873272822,ok,True,True,-34.37547933369201,3.447299338232847,1.0,0.0,0.9804841750435145
264,1767151730200,5.118705442629428,6.205189194286688,6.324503114476368,6.324503114476368,6.324503114476368,0.9588882327079773,0.9626234545556993,ok,True,True,-35.67959448174384,1.0864837516572603,1.0,0.0,0.9804841750435145
265,1767151730223,4.930514651226315,5.440384468450464,5.40632206551266,5.40632206551266,5.40632206551266,0.9647782444953918,0.9639163285195148,ok,True,True,-35.307288420726664,0.5098698172241489,1.0,0.0,0.9804841750435145
266,1767151730251,6.607225404694743,6.140489030197031,5.927200658916889,5.927200658916889,5.927200658916889,0.9605423212051392,0.9618919241308894,ok,True,True,-32.9760214952183,0.466736374497712,1.0,0.0,0.9804841750435145
267,1767151730276,8.885940936000917,7.787760173679363,7.457431998377358,7.457431998377358,7.457431998377358,0.9688863158226013,0.9660885591459165,ok,True,True,-29.365495778206355,1.0981807623215545,1.0,0.0,0.9804841750435145
268,1767151730300,13.358104512012467,11.129966776679225,10.61084249636589,10.61084249636589,10.61084249636589,0.9670392274856567,0.9666589601497606,ok,True,True,-23.6914064799313,2.2281377353332417,1.0,0.0,0.9804841750435145
269,1767151730326,19.97952486119572,16.43970162738912,15.701026577462233,15.701026577462233,15.701026577462233,0.9672424793243408,0.9670090716545088,ok,True,True,-15.617601507507988,3.539823233806601,1.0,0.0,0.9804841750435145
270,1767151730350,31.056625424866453,25.20985590587552,24.09050891736065,24.09050891736065,24.09050891736065,0.93524169921875,0.9479486481930535,ok,True,True,-3.3830075779502575,5.846769518990932,1.0,0.0,0.9804841750435145
271,1767151730378,41.37660059440424,34.909902718992754,33.68980364985566,33.68980364985566,33.68980364985566,0.9263521432876587,0.9349907452498166,ok,True,True,9.952818415157054,6.466697875411484,1.0,0.0,0.9804841750435145
272,1767151730411,50.284139044504194,44.13444451429962,43.005782386558295,43.005782386558295,43.005782386558295,0.9422658085823059,0.9393557832493102,ok,True,True,22.289227909536415,6.149694530204577,1.0,0.0,0.9804841750435145
273,1767151730445,59.281014095556074,53.222386263053494,52.16506859575242,52.16506859575242,52.16506859575242,0.9330408573150635,0.9355668276887621,ok,True,True,33.84583407969701,6.05862783250258,1.0,0.0,0.9804841750435145
274,1767151730478,64.64994610438617,60.0789221678531,59.32159920433745,59.32159920433745,59.32159920433745,0.9341724514961243,0.9347302019731794,ok,True,True,42.123462935855734,4.571023936533074,1.0,0.0,0.9804841750435145
275,1767151730513,66.09203908095937,63.68679231571686,63.35631710468847,63.35631710468847,63.35631710468847,0.9038152694702148,0.9161812424714006,ok,True,True,45.73559577064677,2.4052467652425094,1.0,0.0,0.9804841750435145
276,1767151730544,64.4040290636289,64.11713436446408,64.20236845992119,64.20236845992119,64.20236845992119,0.9064595699310303,0.9103482389471784,ok,True,True,44.80397710585644,0.2868946991648187,1.0,0.0,0.9804841750435145
277,1767151730578,61.86162572663084,62.76382918176414,63.0910597159842,63.0910597159842,63.0910597159842,0.9293114542961121,0.9217261681565386,ok,True,True,41.22730896930802,0.9022034551332965,1.0,0.0,0.9804841750435145
278,1767151730612,53.818785570819344,57.396803015197264,58.185692869342844,58.185692869342844,58.185692869342844,0.9534904360771179,0.9407847289088862,ok,True,True,32.60465029445109,3.5780174443779202,1.0,0.0,0.9804841750435145
279,1767151730678,32.07164530934391,42.201708391685244,44.10691955989145,44.10691955989145,44.10691955989145,0.9687787890434265,0.9575811649896104,ok,True,True,11.780468666750878,10.130063082341337,1.0,0.0,0.9804841750435145
280,1767151730711,17.453501433661962,27.352784216871274,29.266478752239856,29.266478752239856,29.266478752239856,0.9522948265075684,0.9544093619003852,ok,True,True,-9.136437159491695,9.899282783209312,1.0,0.0,0.9804841750435145
281,1767151730745,13.14992448372626,18.831068376984266,19.96173743543457,19.96173743543457,19.96173743543457,0.9687110781669617,0.9629903916603311,ok,True,True,-21.49478264209934,5.681143893258007,1.0,0.0,0.9804841750435145
282,1767151730778,11.121672136470789,14.20543063267618,14.767906119965609,14.767906119965609,14.767906119965609,0.9572826027870178,0.9595657183363431,ok,True,True,-27.642705719565924,3.083758496205391,1.0,0.0,0.9804841750435145
283,1767151730811,9.300272182734421,11.262335562711126,11.550742902330333,11.550742902330333,11.550742902330333,0.9722284078598022,0.9671633320504186,ok,True,True,-30.795031783588747,1.9620633799767049,1.0,0.0,0.9804841750435145
284,1767151730845,8.457425262405,9.579389382527449,9.68484096129364,9.68484096129364,9.68484096129364,0.9631560444831848,0.9647589595100783,ok,True,True,-31.94762991328977,1.121964120122449,1.0,0.0,0.9804841750435145
285,1767151730878,8.353392721628436,8.843791385988041,8.818805903216344,8.818805903216344,8.818805903216344,0.9695222973823547,0.9676169622334442,ok,True,True,-31.674535654775173,0.49039866435960455,1.0,0.0,0.9804841750435145
286,1767151730911,9.730506309989929,9.375820340389174,9.195817939328048,9.195817939328048,9.195817939328048,0.9629168510437012,0.9647968955195985,ok,True,True,-29.707088289526226,0.35468596960075516,1.0,0.0,0.9804841750435145
287,1767151730946,12.180256832786615,11.058482235827638,10.740080281987028,10.740080281987028,10.740080281987028,0.9647858142852783,0.9647902467790064,ok,True,True,-26.226917572462984,1.1217745969589767,1.0,0.0,0.9804841750435145
288,1767151730978,18.3987199144749,15.462624843015995,14.837988934243018,14.837988934243018,14.837988934243018,0.9592098593711853,0.9614420143343138,ok,True,True,-19.399573794206283,2.9360950714589045,1.0,0.0,0.9804841750435145
289,1767151731011,27.35727172471699,22.599412972036593,21.661017848706493,21.661017848706493,21.661017848706493,0.9382513165473938,0.9475275956621618,ok,True,True,-9.14280498403497,4.757858752680399,1.0,0.0,0.9804841750435145
290,1767151731045,35.85544462695262,30.553031964986207,29.526613123596263,29.526613123596263,29.526613123596263,0.9581243395805359,0.9538856420131863,ok,True,True,2.0760733933193993,5.302412661966411,1.0,0.0,0.9804841750435145
291,1767151731078,45.112363672257665,39.28863098934908,38.206850783922334,38.206850783922334,38.206850783922334,0.9546831846237183,0.9543641675795055,ok,True,True,13.90005797575341,5.8237326829085845,1.0,0.0,0.9804841750435145
292,1767151731115,54.49605172214304,48.413083429025455,47.32571375649717,47.32571375649717,47.32571375649717,0.9343515634536743,0.9423566051040068,ok,True,True,25.785136089482716,6.082968293117581,1.0,0.0,0.9804841750435145
293,1767151731150,60.86953196806675,55.88695255245024,55.02738974132572,55.02738974132572,55.02738974132572,0.9468673467636108,0.9450630500997692,ok,True,True,35.18025847699586,4.982579415616513,1.0,0.0,0.9804841750435145
294,1767151731182,67.0296136040223,62.57254918339348,61.861339186614714,61.861339186614714,61.861339186614714,0.9481973648071289,0.946943638924185,ok,True,True,42.95386719584996,4.457064420628825,1.0,0.0,0.9804841750435145
295,1767151731211,68.49327633505847,66.12498547439247,65.80893281938611,65.80893281938611,65.80893281938611,0.9473245143890381,0.9471721642030968,ok,True,True,46.408359800991185,2.3682908606659936,1.0,0.0,0.9804841750435145
296,1767151731245,67.61888228383447,67.02132356005768,67.05866199199346,67.05866199199346,67.05866199199346,0.9205145239830017,0.9311775800710398,ok,True,True,46.000246358605615,0.5975587237767854,1.0,0.0,0.9804841750435145
297,1767151731278,66.00830038590857,66.41350965556822,66.65664350852333,66.65664350852333,66.65664350852333,0.9489307999610901,0.9418295120050699,ok,True,True,43.34276481624602,0.4052092696596503,1.0,0.0,0.9804841750435145
298,1767151731312,60.340943668648976,62.76997006341668,63.36499201000963,63.36499201000963,63.36499201000963,0.9535201787948608,0.9488439120789445,ok,True,True,36.83910511953689,2.4290263947677033,1.0,0.0,0.9804841750435145
299,1767151731345,51.45203808398173,55.97921087575571,56.94056062327615,56.94056062327615,56.94056062327615,0.9587174654006958,0.9547680440719952,ok,True,True,26.331439573432434,4.527172791773978,1.0,0.0,0.9804841750435145
300,1767151731379,40.7075991131892,46.8162438182158,48.04414090851887,48.04414090851887,48.04414090851887,0.950366199016571,0.9521269370387407,ok,True,True,12.91038029379057,6.108644705026606,1.0,0.0,0.9804841750435145
301,1767151731412,30.238549525516362,36.86962724259614,38.1648038183241,38.1648038183241,38.1648038183241,0.9420239329338074,0.9460651345757808,ok,True,True,-1.246051656186273,6.631077717079776,1.0,0.0,0.9804841750435145
302,1767151731444,20.06754532205385,26.788378090270765,28.05342439829547,28.05342439829547,28.05342439829547,0.9342868328094482,0.9389981535159813,ok,True,True,-15.073156244652694,6.7208327682169156,1.0,0.0,0.9804841750435145
303,1767151731478,11.300793630633672,17.49582741448851,18.61804741917986,18.61804741917986,18.61804741917986,0.9576537609100342,0.9501915179524131,ok,True,True,-27.33915257830988,6.1950337838548375,1.0,0.0,0.9804841750435145
304,1767151731511,8.085336940079413,11.849533129843053,12.503235145322623,12.503235145322623,12.503235145322623,0.9695248007774353,0.9617914876474264,ok,True,True,-34.484192313528744,3.7641961897636396,1.0,0.0,0.9804841750435145
305,1767151731545,6.96233034720735,8.91721146026163,9.189146094644816,9.189146094644816,9.189146094644816,0.9635082483291626,0.9628215440564681,ok,True,True,-37.45646977641031,1.95488111305428,1.0,0.0,0.9804841750435145
306,1767151731578,5.906510119822166,7.110790655997952,7.203402363628126,7.203402363628126,7.203402363628126,0.958217203617096,0.9600589397928447,ok,True,True,-38.46872660795562,1.2042805361757853,1.0,0.0,0.9804841750435145
307,1767151731612,6.245384583623486,6.5915470125732725,6.51672211801461,6.51672211801461,6.51672211801461,0.9347420930862427,0.9448688317688836,ok,True,True,-37.650881730403775,0.34616242894978644,1.0,0.0,0.9804841750435145
308,1767151731645,8.06684775806305,7.476727459867139,7.229515414172594,7.229515414172594,7.229515414172594,0.9604678750038147,0.9542282577098422,ok,True,True,-34.948825062861204,0.5901202981959104,1.0,0.0,0.9804841750435145
309,1767151731678,11.038956467344427,9.614064864353512,9.217916810375131,9.217916810375131,9.217916810375131,0.9695132374763489,0.9633992455697462,ok,True,True,-30.618880348480502,1.4248916029909147,1.0,0.0,0.9804841750435145
310,1767151731711,16.1785065229712,13.552729859524126,12.955028229748173,12.955028229748173,12.955028229748173,0.9764063358306885,0.9712034997263116,ok,True,True,-24.085931400140005,2.625776663447075,1.0,0.0,0.9804841750435145
311,1767151731745,25.29608713843331,20.598744226869638,19.656051824276474,19.656051824276474,19.656051824276474,0.9545268416404724,0.961197504874808,ok,True,True,-13.782192823354954,4.697342911563673,1.0,0.0,0.9804841750435145
312,1767151731778,34.014222109096124,28.64803095620553,27.593195867566703,27.593195867566703,27.593195867566703,0.9453036189079285,0.9516611732946803,ok,True,True,-2.2527215291588476,5.366191152890593,1.0,0.0,0.9804841750435145
313,1767151731812,43.16354526489905,37.35733954142164,36.25921804206166,36.25921804206166,36.25921804206166,0.9573944211006165,0.9551011219782419,ok,True,True,9.74987531348924,5.806205723477412,1.0,0.0,0.9804841750435145
314,1767151731859,48.937928885332006,44.305693147767855,43.443926668080096,43.443926668080096,43.443926668080096,0.9593311548233032,0.9576391416852787,ok,True,True,19.169084056992517,4.632235737564152,1.0,0.0,0.9804841750435145
315,1767151731882,55.93594346877769,51.28384334037375,50.48017156820768,50.48017156820768,50.48017156820768,0.9507736563682556,0.9535198504950648,ok,True,True,27.953310830394535,4.652100128403937,1.0,0.0,0.9804841750435145
316,1767151731912,62.285032017941234,57.88455654691424,57.16217209451256,57.16217209451256,57.16217209451256,0.8814265727996826,0.9102638838778355,ok,True,True,35.849057660438724,4.4004754710269935,1.0,0.0,0.9804841750435145
317,1767151731945,65.80709187698382,62.63807774495599,62.16029778384518,62.16029778384518,62.16029778384518,0.9442994594573975,0.9306852292255727,ok,True,True,41.071248698545055,3.169014132027826,1.0,0.0,0.9804841750435145
318,1767151731978,65.28851543801755,64.22834036079294,64.15032738287731,64.15032738287731,64.15032738287731,0.9263583421707153,0.9280890969926583,ok,True,True,41.92393970128168,1.0601750772246135,1.0,0.0,0.9804841750435145
319,1767151732011,64.64524478300311,64.47848301411904,64.59782474169704,64.59782474169704,64.59782474169704,0.9474503397941589,0.9397058426735587,ok,True,True,40.619520615179766,0.16676176888407213,1.0,0.0,0.9804841750435145
320,1767151732045,58.73916094314055,61.034889771531944,61.58364938426515,61.58364938426515,61.58364938426515,0.9532517790794373,0.9478334045170859,ok,True,True,34.62151365601904,2.295728828391397,1.0,0.0,0.9804841750435145
321,1767151732083,48.12976714171031,53.291816193638965,54.346037233530325,54.346037233530325,54.346037233530325,0.943754255771637,0.9453859152698165,ok,True,True,23.098753986683988,5.162049051928655,1.0,0.0,0.9804841750435145
322,1767151732120,34.48459563554414,42.00748385878207,43.47047763496754,43.47047763496754,43.47047763496754,0.96546471118927,0.9574331928214886,ok,True,True,7.10806034386362,7.522888223237928,1.0,0.0,0.9804841750435145
323,1767151732148,19.994513915189714,28.799701892626654,30.463497814104493,30.463497814104493,30.463497814104493,0.9389536380767822,0.9463454599746648,ok,True,True,-11.077424309321604,8.80518797743694,1.0,0.0,0.9804841750435145
324,1767151732178,11.61508673556524,18.488932798389808,19.784160474559872,19.784160474559872,19.784160474559872,0.9469837546348572,0.9467284367707802,ok,True,True,-25.234414793136455,6.873846062824567,1.0,0.0,0.9804841750435145
325,1767151732211,6.844475461777584,11.502258396422473,12.332694243584566,12.332694243584566,12.332694243584566,0.969452977180481,0.9603631610166006,ok,True,True,-34.3111760467687,4.657782934644889,1.0,0.0,0.9804841750435145
326,1767151732246,6.702550730440286,8.62243379683316,8.908877705964603,8.908877705964603,8.908877705964603,0.9728780388832092,0.9678720877365659,ok,True,True,-37.442041585182466,1.9198830663928748,1.0,0.0,0.9804841750435145
327,1767151732278,6.416775909986552,7.2990390647251955,7.339414976625576,7.339414976625576,7.339414976625576,0.9720396995544434,0.9703726548272924,ok,True,True,-37.88335504000243,0.8822631547386433,1.0,0.0,0.9804841750435145
328,1767151732311,6.684550072039523,6.930345669113791,6.835066261932752,6.835066261932752,6.835066261932752,0.9676539897918701,0.968741455806039,ok,True,True,-36.841939939335276,0.24579559707426846,1.0,0.0,0.9804841750435145
329,1767151732346,8.13376974606384,7.65240011528382,7.424120556326285,7.424120556326285,7.424120556326285,0.9705810546875,0.9698452151349155,ok,True,True,-34.34681757338372,0.48136963078001926,1.0,0.0,0.9804841750435145
330,1767151732378,10.096864537671339,9.119078768716331,8.802133104396901,8.802133104396901,8.802133104396901,0.9663757681846619,0.9677635469647634,ok,True,True,-30.88256427165952,0.9777857689550071,1.0,0.0,0.9804841750435145
331,1767151732411,15.882696852719347,13.177249619118141,12.574068904344198,12.574068904344198,12.574068904344198,0.958105742931366,0.9619688645447249,ok,True,True,-24.289728281367964,2.7054472336012054,1.0,0.0,0.9804841750435145
332,1767151732444,23.063287079657048,19.108872095441484,18.28918328782632,18.28918328782632,18.28918328782632,0.9653398394584656,0.9639914494929693,ok,True,True,-15.330433431051393,3.954414984215564,1.0,0.0,0.9804841750435145
333,1767151732478,30.98749645959047,26.236046713930875,25.292093438438492,25.292093438438492,25.292093438438492,0.9229846000671387,0.9393873398374709,ok,True,True,-5.012913365523117,4.751449745659595,1.0,0.0,0.9804841750435145
334,1767151732511,40.998190201759094,35.09333280662781,33.980802688286886,33.980802688286886,33.980802688286886,0.9617705345153809,0.9528172566442168,ok,True,True,7.147171373310556,5.9048573951312875,1.0,0.0,0.9804841750435145
335,1767151732544,48.491814866901116,43.13242204279179,42.13763178172757,42.13763178172757,42.13763178172757,0.9673128128051758,0.9615145903407922,ok,True,True,18.020345656400423,5.359392824109328,1.0,0.0,0.9804841750435145
336,1767151732578,56.43320303609376,51.11289063877297,50.17823386424248,50.17823386424248,50.17823386424248,0.9374691843986511,0.9470873467755075,ok,True,True,28.23625387555481,5.320312397320791,1.0,0.0,0.9804841750435145
337,1767151732616,61.72271259970031,57.47878381532937,56.76904062470001,56.76904062470001,56.76904062470001,0.8882375955581665,0.9117774960451029,ok,True,True,35.99383023109093,4.243928784370937,1.0,0.0,0.9804841750435145
338,1767151732646,62.3193493651031,60.38312314519361,60.113673140241524,60.113673140241524,60.113673140241524,0.9089345335960388,0.9100717185756645,ok,True,True,38.938950402743174,1.9362262199094928,1.0,0.0,0.9804841750435145
339,1767151732685,61.96162938441286,61.33022688872516,61.33931290667786,61.33931290667786,61.33931290667786,0.9025777578353882,0.9055753421314987,ok,True,True,38.83963916035795,0.631402495687702,1.0,0.0,0.9804841750435145
340,1767151732711,58.53900419682352,59.65549327358417,59.98791005551909,59.98791005551909,59.98791005551909,0.9162344932556152,0.9119708328059687,ok,True,True,35.20628472770032,1.1164890767606508,1.0,0.0,0.9804841750435145
341,1767151732745,51.06184565119561,54.49930470015103,55.242843054547045,55.242843054547045,55.242843054547045,0.9419661164283752,0.9299680029794126,ok,True,True,27.079323266637182,3.437459048955418,1.0,0.0,0.9804841750435145
342,1767151732794,39.974687248380135,45.78453422908849,46.940882855247764,46.940882855247764,46.940882855247764,0.9087364673614502,0.9172290816086351,ok,True,True,14.440297095642318,5.8098469807083575,1.0,0.0,0.9804841750435145
343,1767151732831,27.770062685227188,34.975851302771716,36.364946348287276,36.364946348287276,36.364946348287276,0.942646324634552,0.9324794274241852,ok,True,True,-0.7426747496083745,7.205788617544528,1.0,0.0,0.9804841750435145
344,1767151732858,18.792556158699746,25.265874216328534,26.501838758235586,26.501838758235586,26.501838758235586,0.9466245174407959,0.9409664814341516,ok,True,True,-14.251912221935621,6.473318057628788,1.0,0.0,0.9804841750435145
345,1767151732892,12.036360764976946,17.32816614551758,18.298986540355447,18.298986540355447,18.298986540355447,0.9688200950622559,0.9576786496110142,ok,True,True,-24.863093054524242,5.2918053805406355,1.0,0.0,0.9804841750435145
346,1767151732919,7.8587769291732705,11.646532615710996,12.296493021460705,12.296493021460705,12.296493021460705,0.972004234790802,0.9662740007188869,ok,True,True,-31.967236556355672,3.787755686537725,1.0,0.0,0.9804841750435145
347,1767151732944,6.348451571842152,8.46768398938969,8.776078633702207,8.776078633702207,8.776078633702207,0.975129246711731,0.9715871483145934,ok,True,True,-35.33802620601944,2.119232417547537,1.0,0.0,0.9804841750435145
348,1767151732978,5.202547589740002,6.508602149599877,6.63020203750658,6.63020203750658,6.63020203750658,0.9620186686515808,0.9658460605167858,ok,True,True,-36.66712724948899,1.3060545598598754,1.0,0.0,0.9804841750435145
349,1767151733011,5.5761761982888975,5.94914657881329,5.888747192710586,5.888747192710586,5.888747192710586,0.9656054973602295,0.9657017226228519,ok,True,True,-36.006954872063645,0.372970380524392,1.0,0.0,0.9804841750435145
350,1767151733045,6.833503796104833,6.479760909188215,6.279846447764483,6.279846447764483,6.279846447764483,0.9476345181465149,0.9548613999370498,ok,True,True,-33.82186635054462,0.3537428869166179,1.0,0.0,0.9804841750435145
351,1767151733078,9.474364757324933,8.276523218070245,7.927856763088913,7.927856763088913,7.927856763088913,0.9665333032608032,0.9618645419313018,ok,True,True,-30.010901084737196,1.1978415392546875,1.0,0.0,0.9804841750435145
352,1767151733111,13.951781399038367,11.681678126651118,11.151080698073908,11.151080698073908,11.151080698073908,0.98150235414505,0.9736472292595507,ok,True,True,-24.21140892956918,2.2701032723872494,1.0,0.0,0.9804841750435145
353,1767151733144,22.221716068064843,18.00570089149935,17.150609825254087,17.150609825254087,17.150609825254087,0.9667366147041321,0.9695008605262996,ok,True,True,-14.865163238289757,4.216015176565492,1.0,0.0,0.9804841750435145
354,1767151733177,31.432777114206516,26.06194662512365,25.012082855741305,25.012082855741305,25.012082855741305,0.9150998592376709,0.9368602597531224,ok,True,True,-3.3900290469033703,5.370830489082866,1.0,0.0,0.9804841750435145
355,1767151733212,41.51044457040582,35.33104539229295,34.16677153222074,34.16677153222074,34.16677153222074,0.9089322686195374,0.9201034650729714,ok,True,True,9.33562086071472,6.179399178112867,1.0,0.0,0.9804841750435145
356,1767151733245,52.110567917812936,45.39875890760494,44.17992776610377,44.17992776610377,44.17992776610377,0.8791986703872681,0.8955605882615494,ok,True,True,22.65758825615593,6.711809010207993,1.0,0.0,0.9804841750435145
357,1767151733278,58.736758556419126,53.401558696893446,52.45665675417965,52.45665675417965,52.45665675417965,0.9165617227554321,0.9081612689578791,ok,True,True,32.98547736573212,5.33519985952568,1.0,0.0,0.9804841750435145
358,1767151733315,63.25503876174348,59.31364673580346,58.671075799276366,58.671075799276366,58.671075799276366,0.8898866176605225,0.8971964781794651,ok,True,True,40.00885310187291,3.9413920259400186,1.0,0.0,0.9804841750435145
359,1767151733344,64.83499884997615,62.62645800430707,62.333853512489185,62.333853512489185,62.333853512489185,0.9235595464706421,0.9130143191541713,ok,True,True,43.20705453193847,2.208540845669077,1.0,0.0,0.9804841750435145
360,1767151733378,64.5535460266863,63.78271081773461,63.781748530172386,63.781748530172386,63.781748530172386,0.8348782062530518,0.8661326514134995,ok,True,True,43.21757244790934,0.770835208951695,1.0,0.0,0.9804841750435145
361,1767151733411,61.70470044662624,62.535904595069596,62.835727332738486,62.835727332738486,62.835727332738486,0.9308587312698364,0.9049682993273016,ok,True,True,39.94047474369628,0.831204148443355,1.0,0.0,0.9804841750435145
362,1767151733446,57.54114011225867,59.539045905383034,60.05556372408683,60.05556372408683,60.05556372408683,0.9618678092956543,0.9391080053083133,ok,True,True,34.2948743765598,1.9979057931243673,1.0,0.0,0.9804841750435145
363,1767151733497,48.673080117636,53.019466432734816,53.93232414559497,53.93232414559497,53.93232414559497,0.8647496104240417,0.8944929683777504,ok,True,True,24.31723245938508,4.346386315098819,1.0,0.0,0.9804841750435145
364,1767151733546,35.67067924819538,42.61019412201115,43.96428154991621,43.96428154991621,43.96428154991621,0.8976774215698242,0.8964036402929947,ok,True,True,9.516897982444892,6.939514873815774,1.0,0.0,0.9804841750435145
365,1767151733572,24.93134391235171,32.00288399621549,33.37325736969247,33.37325736969247,33.37325736969247,0.9493908286094666,0.9281959532828779,ok,True,True,-5.461443790605104,7.071540083863777,1.0,0.0,0.9804841750435145
366,1767151733596,17.967319077878603,23.581545045213357,24.654045042440238,24.654045042440238,24.654045042440238,0.9709314107894897,0.953837227786845,ok,True,True,-17.183994608489392,5.614225967334754,1.0,0.0,0.9804841750435145
367,1767151733624,11.374451497193114,16.25728891640121,17.130492489723093,17.130492489723093,17.130492489723093,0.9634052515029907,0.9595780420165324,ok,True,True,-26.72821212745546,4.882837419208098,1.0,0.0,0.9804841750435145
368,1767151733652,9.765145508004421,12.362002871363138,12.794762168216902,12.794762168216902,12.794762168216902,0.9683386087417603,0.9648343820516692,ok,True,True,-31.45832202246456,2.5968573633587173,1.0,0.0,0.9804841750435145
369,1767151733677,8.88832033337573,10.277793348570693,10.441671503959588,10.441671503959588,10.441671503959588,0.9677855968475342,0.9666051109291881,ok,True,True,-33.249529490487575,1.3894730151949624,1.0,0.0,0.9804841750435145
370,1767151733711,8.166397376249384,9.010955765177908,9.046937454291646,9.046937454291646,9.046937454291646,0.9643400311470032,0.9652460630598771,ok,True,True,-33.64281357462718,0.8445583889285242,1.0,0.0,0.9804841750435145
371,1767151733744,8.19327766978079,8.520348907939637,8.453961118051486,8.453961118051486,8.453961118051486,0.9650653004646301,0.965137605502729,ok,True,True,-32.917187241141775,0.3270712381588474,1.0,0.0,0.9804841750435145
372,1767151733778,9.735000727253464,9.249139999527934,9.037933994077473,9.037933994077473,9.037933994077473,0.9610008001327515,0.9626555222807425,ok,True,True,-30.608680818449816,0.48586072772553024,1.0,0.0,0.9804841750435145
373,1767151733811,12.981429815036877,11.4885138888333,11.101142676893744,11.101142676893744,11.101142676893744,0.9766942262649536,0.9710787446712692,ok,True,True,-26.3746680174351,1.4929159262035778,1.0,0.0,0.9804841750435145
374,1767151733845,18.988816210765272,15.988695281992483,15.345093756789728,15.345093756789728,15.345093756789728,0.9616823196411133,0.9654408896531756,ok,True,True,-19.340027826139057,3.0001209287727892,1.0,0.0,0.9804841750435145
375,1767151733878,27.25752669708442,22.749994131047643,21.85161085293709,21.85161085293709,21.85161085293709,0.9649166464805603,0.9651263437496065,ok,True,True,-9.520593179221699,4.507532566036776,1.0,0.0,0.9804841750435145
376,1767151733911,34.55880524642238,29.835280800272486,28.908833526142843,28.908833526142843,28.908833526142843,0.971518874168396,0.9689618620008802,ok,True,True,0.6055842372409437,4.723524446149895,1.0,0.0,0.9804841750435145
377,1767151733947,41.227543418279154,36.670638371076485,35.80662420085594,35.80662420085594,35.80662420085594,0.9604489207267761,0.9638540972364178,ok,True,True,10.049360502015901,4.556905047202669,1.0,0.0,0.9804841750435145
378,1767151733983,49.27490098070081,44.233195936851075,43.330122390518255,43.330122390518255,43.330122390518255,0.9419306516647339,0.9507000298934075,ok,True,True,19.92006033096324,5.041705043849731,1.0,0.0,0.9804841750435145
379,1767151734015,56.638888720272064,51.67661160690367,50.81919689016007,50.81919689016007,50.81919689016007,0.9267517328262329,0.9363310516531028,ok,True,True,29.29170379484891,4.962277113368394,1.0,0.0,0.9804841750435145
380,1767151734044,62.37933431776234,58.09824523341888,57.394828258523994,57.394828258523994,57.394828258523994,0.9433085322380066,0.9405175400040451,ok,True,True,36.9801338700831,4.2810890843434635,1.0,0.0,0.9804841750435145
381,1767151734078,64.84603948368873,62.14692178358079,61.75413173054809,61.75413173054809,61.75413173054809,0.9075415134429932,0.9207319240674139,ok,True,True,41.27337524009795,2.6991177001079407,1.0,0.0,0.9804841750435145
382,1767151734111,64.3936896049881,63.49498247642518,63.45423815372724,63.45423815372724,63.45423815372724,0.9274033904075623,0.9247348038715029,ok,True,True,41.71871546816497,0.8987071285629185,1.0,0.0,0.9804841750435145
383,1767151734144,61.51255548760509,62.305526283133126,62.58893239348279,62.58893239348279,62.58893239348279,0.9245848655700684,0.9246448408906423,ok,True,True,38.62105342689406,0.792970795528035,1.0,0.0,0.9804841750435145
384,1767151734178,54.81433347871258,57.81081060048079,58.48775811207591,58.48775811207591,58.48775811207591,0.9458918571472168,0.9373930506445869,ok,True,True,31.22193769147899,2.9964771217682156,1.0,0.0,0.9804841750435145
385,1767151734214,45.52648226753496,50.44021360071329,51.45452331380453,51.45452331380453,51.45452331380453,0.9232021570205688,0.9288785144701761,ok,True,True,20.13541350730192,4.913731333178333,1.0,0.0,0.9804841750435145
386,1767151734245,34.830240461924035,41.074229717439735,42.30764491696899,42.30764491696899,42.30764491696899,0.9129436612129211,0.9193176025158231,ok,True,True,6.654040646306077,6.2439892555157,1.0,0.0,0.9804841750435145
387,1767151734280,24.917245695539112,31.380039304299363,32.624384444279116,32.624384444279116,32.624384444279116,0.9366180896759033,0.9296978948118713,ok,True,True,-6.946797746343515,6.462793608760251,1.0,0.0,0.9804841750435145
388,1767151734314,16.317448386585003,22.342484753670746,23.46416696322989,23.46416696322989,23.46416696322989,0.9427981972694397,0.9375580762864124,ok,True,True,-19.206915916108123,6.025036367085743,1.0,0.0,0.9804841750435145
389,1767151734344,11.950512797374078,16.107301579892745,16.856920995564657,16.856920995564657,16.856920995564657,0.9750324487686157,0.9600426997757344,ok,True,True,-27.400344090474604,4.156788782518667,1.0,0.0,0.9804841750435145
390,1767151734378,10.885301421896033,12.974101485094717,13.305513858081802,13.305513858081802,13.305513858081802,0.9703770875930786,0.9662433324661409,ok,True,True,-31.02272021547414,2.0888000631986845,1.0,0.0,0.9804841750435145
391,1767151734411,9.359032952686334,10.805060365649688,10.968715836479834,10.968715836479834,10.968715836479834,0.9732455015182495,0.9704446338974061,ok,True,True,-32.81149371514002,1.4460274129633532,1.0,0.0,0.9804841750435145
392,1767151734444,9.758179735979606,10.176931987847638,10.143234377281383,10.143234377281383,10.143234377281383,0.959345281124115,0.9637850222334314,ok,True,True,-32.443174877540386,0.4187522518680318,1.0,0.0,0.9804841750435145
393,1767151734477,9.622887431141184,9.844505253823765,9.757149806485973,9.757149806485973,9.757149806485973,0.967069149017334,0.9657554983037729,ok,True,True,-31.48836958776503,0.2216178226825818,1.0,0.0,0.9804841750435145
394,1767151734513,11.796731310519291,11.01584088784108,10.758219462151965,10.758219462151965,10.758219462151965,0.9405289888381958,0.9506195926244266,ok,True,True,-28.672537175433956,0.7808904226782118,1.0,0.0,0.9804841750435145
395,1767151734545,16.54757174621671,14.334879402866457,13.829033321500024,13.829033321500024,13.829033321500024,0.9749196767807007,0.9651996431181911,ok,True,True,-23.14358014962687,2.2126923433502537,1.0,0.0,0.9804841750435145
396,1767151734578,23.09258125458319,19.589500513896496,18.860496472584934,18.860496472584934,18.860496472584934,0.9692187905311584,0.9676111315659714,ok,True,True,-15.17548043604712,3.503080740686695,1.0,0.0,0.9804841750435145
397,1767151734611,31.77414017477907,26.90028431042604,25.94653653433175,25.94653653433175,25.94653653433175,0.9516456723213196,0.9580318560191803,ok,True,True,-4.750905329643373,4.873855864353029,1.0,0.0,0.9804841750435145
398,1767151734644,39.66454946784951,34.55884340488012,33.57998048460133,33.57998048460133,33.57998048460133,0.9534853100776672,0.9553039284542725,ok,True,True,5.94818124973246,5.105706062969389,1.0,0.0,0.9804841750435145
399,1767151734679,47.32321465235177,42.21746615336311,41.275596001601556,41.275596001601556,41.275596001601556,0.9614740014076233,0.9590059722262829,ok,True,True,16.242932528447405,5.10574849898866,1.0,0.0,0.9804841750435145
400,1767151734711,55.159633464893226,49.982766540281176,49.071417781194924,49.071417781194924,49.071417781194924,0.918717622756958,0.9348329625446881,ok,True,True,26.204081403811315,5.17686692461205,1.0,0.0,0.9804841750435145
401,1767151734744,60.40097460000145,56.233691376113335,55.53182059646218,55.53182059646218,55.53182059646218,0.9247801899909973,0.9288012990124737,ok,True,True,33.87561138359939,4.167283223888113,1.0,0.0,0.9804841750435145
402,1767151734778,63.051278435344294,60.32424361165191,59.91540304389981,59.91540304389981,59.91540304389981,0.8986122608184814,0.9106878760960784,ok,True,True,38.344286762880365,2.727034823692385,1.0,0.0,0.9804841750435145
403,1767151734811,63.147310683498304,62.018083854759745,61.92606014848286,61.92606014848286,61.92606014848286,0.9323620200157166,0.9236923624478613,ok,True,True,39.35011667063801,1.1292268287385596,1.0,0.0,0.9804841750435145
404,1767151734844,60.841191851025194,61.311948652519014,61.52687824864985,61.52687824864985,61.52687824864985,0.9009067416191101,0.9100209899506106,ok,True,True,37.00091096487976,0.4707568014938204,1.0,0.0,0.9804841750435145
405,1767151734878,56.2230114399786,58.258586324994766,58.760999889411785,58.760999889411785,58.760999889411785,0.949882447719574,0.9339378646119886,ok,True,True,31.509471752104652,2.0355748850161675,1.0,0.0,0.9804841750435145
406,1767151734911,47.155645304863704,51.596821712916125,52.51361178018695,52.51361178018695,52.51361178018695,0.9380751848220825,0.936420256738045,ok,True,True,21.48884873979497,4.441176408052421,1.0,0.0,0.9804841750435145
407,1767151734945,34.19811389268195,41.157597020775626,42.50494401141905,42.50494401141905,42.50494401141905,0.9254308342933655,0.9298266032712372,ok,True,True,6.762188033053933,6.959483128093673,1.0,0.0,0.9804841750435145
408,1767151734979,25.053015029319827,31.49484782590215,32.74880177284044,32.74880177284044,32.74880177284044,0.9390245079994202,0.9353453461081469,ok,True,True,-6.943675747159274,6.441832796582322,1.0,0.0,0.9804841750435145
409,1767151735012,19.491547242576083,24.29286747590651,25.21077188139175,25.21077188139175,25.21077188139175,0.9673844575881958,0.9545688129961762,ok,True,True,-16.976478606910042,4.801320233330429,1.0,0.0,0.9804841750435145
410,1767151735044,14.71753929282583,18.547670566058102,19.228159176145592,19.228159176145592,19.228159176145592,0.9565040469169617,0.9557299533486475,ok,True,True,-24.414298964362718,3.830131273232272,1.0,0.0,0.9804841750435145
411,1767151735077,10.873346961655423,13.943076403416494,14.442099051295491,14.442099051295491,14.442099051295491,0.9687383770942688,0.9635350075960203,ok,True,True,-29.868675061483774,3.069729441761071,1.0,0.0,0.9804841750435145
412,1767151735111,8.329236665671091,10.574772560769253,10.895273096082288,10.895273096082288,10.895273096082288,0.9768044948577881,0.971496699953081,ok,True,True,-33.37178352030029,2.245535895098161,1.0,0.0,0.9804841750435145
413,1767151735144,7.118778598269656,8.501176183269493,8.644222563064409,8.644222563064409,8.644222563064409,0.9728384017944336,0.9723017210578926,ok,True,True,-34.93529723666027,1.3823975849998371,1.0,0.0,0.9804841750435145
414,1767151735178,7.554127855147345,7.932947186396204,7.8823633133851265,7.8823633133851265,7.8823633133851265,0.9703643321990967,0.971139287742615,ok,True,True,-34.38240956908826,0.3788193312488586,1.0,0.0,0.9804841750435145
415,1767151735211,9.4086267206749,8.818354906963421,8.585982362575308,8.585982362575308,8.585982362575308,0.9695297479629517,0.970173563874817,ok,True,True,-31.842550392105466,0.5902718137114782,1.0,0.0,0.9804841750435145
416,1767151735245,12.214436243868775,10.856003709106634,10.484193728261408,10.484193728261408,10.484193728261408,0.9791125059127808,0.9755369290975953,ok,True,True,-27.77862367292178,1.3584325347621409,1.0,0.0,0.9804841750435145
417,1767151735279,16.437768879439393,14.20506281130629,13.686447615995043,13.686447615995043,13.686447615995043,0.9715816974639893,0.9731637901174317,ok,True,True,-22.11009873335762,2.232706068133103,1.0,0.0,0.9804841750435145
418,1767151735311,21.634706091557742,18.66284877945716,18.02519629386022,18.02519629386022,18.02519629386022,0.9682895541191101,0.9702392485184387,ok,True,True,-15.140482243019232,2.971857312100582,1.0,0.0,0.9804841750435145
419,1767151735344,30.23864148290283,25.608324401524563,24.70567297329657,24.70567297329657,24.70567297329657,0.9723265171051025,0.9714916096704369,ok,True,True,-5.2743962144893395,4.630317081378266,1.0,0.0,0.9804841750435145
420,1767151735378,38.75709673619092,33.497587802324375,32.4967319872161,32.4967319872161,32.4967319872161,0.9449630379676819,0.955574466648784,ok,True,True,5.665075286040386,5.259508933866542,1.0,0.0,0.9804841750435145
421,1767151735419,45.735754289785454,40.84048769480102,39.930346471135756,39.930346471135756,39.930346471135756,0.9641750454902649,0.9607348139536724,ok,True,True,15.613025657559545,4.8952665949844345,1.0,0.0,0.9804841750435145
422,1767151735449,55.933397398639904,49.89623351710435,48.84206055595903,48.84206055595903,48.84206055595903,0.9200001955032349,0.9362940428834099,ok,True,True,27.135259820560062,6.037163881535555,1.0,0.0,0.9804841750435145
423,1767151735477,60.66751883201044,56.359004706048,55.621014605891155,55.621014605891155,55.621014605891155,0.9559008479118347,0.9480581259004648,ok,True,True,35.201578211751624,4.308514125962439,1.0,0.0,0.9804841750435145
424,1767151735513,64.7452484407851,61.390750946890265,60.87776883947524,60.87776883947524,60.87776883947524,0.94636470079422,0.947042070836718,ok,True,True,40.80853283961808,3.35449749389484,1.0,0.0,0.9804841750435145
425,1767151735546,65.64965508401701,63.94609342916631,63.75546522084161,63.75546522084161,63.75546522084161,0.9455323219299316,0.9461362214926462,ok,True,True,42.89212152510676,1.7035616548507022,1.0,0.0,0.9804841750435145
426,1767151735577,64.92595045252789,64.53400764318326,64.60668516659678,64.60668516659678,64.60668516659678,0.9405229687690735,0.9427682698585025,ok,True,True,42.09774766614562,0.3919428093446271,1.0,0.0,0.9804841750435145
427,1767151735612,59.37685093426384,61.43971361783161,61.94978049960648,61.94978049960648,61.94978049960648,0.9222115874290466,0.9304342604008289,ok,True,True,36.52265679660146,2.062862683567765,1.0,0.0,0.9804841750435145
428,1767151735645,52.9121662029756,56.323185168918,57.08702127206658,57.08702127206658,57.08702127206658,0.9436553120613098,0.9383668913971175,ok,True,True,28.17383855991509,3.4110189659424037,1.0,0.0,0.9804841750435145
429,1767151735678,44.84198596670037,49.43446564758742,50.39335249544861,50.39335249544861,50.39335249544861,0.9322479963302612,0.9346955543570037,ok,True,True,17.69309279607553,4.5924796808870525,1.0,0.0,0.9804841750435145
430,1767151735711,35.20560476614248,40.897149118720456,42.02280824041391,42.02280824041391,42.02280824041391,0.8938305974006653,0.9101765801832007,ok,True,True,5.389506510028207,5.691544352577978,1.0,0.0,0.9804841750435145
431,1767151735744,25.43993148021309,31.622818535616037,32.803574028508685,32.803574028508685,32.803574028508685,0.9183570742607117,0.9150848766297073,ok,True,True,-7.516289578288234,6.182887055402947,1.0,0.0,0.9804841750435145
432,1767151735779,18.31136614466865,23.635947101047606,24.631150711223235,24.631150711223235,24.631150711223235,0.9611226320266724,0.9427075298678863,ok,True,True,-18.393981815668955,5.324580956378956,1.0,0.0,0.9804841750435145
433,1767151735813,14.130925882547865,17.932934369947763,18.61206862736605,18.61206862736605,18.61206862736605,0.9776239395141602,0.9636573756556506,ok,True,True,-25.81699893952618,3.802008487399897,1.0,0.0,0.9804841750435145
434,1767151735844,8.904728979523297,12.516011135693084,13.100325406977174,13.100325406977174,13.100325406977174,0.9545710682868958,0.9582055912343976,ok,True,True,-32.20362248866709,3.6112821561697874,1.0,0.0,0.9804841750435145
435,1767151736025,7.07358154282151,9.25055337997014,9.56040822254382,9.56040822254382,9.56040822254382,0.961494505405426,0.9601789397370146,ok,True,True,-35.590372276666486,2.1769718371486304,1.0,0.0,0.9804841750435145
436,1767151736053,6.832808368369682,7.799906373009866,7.863985867407001,7.863985867407001,7.863985867407001,0.9606410264968872,0.9604561917929382,ok,True,True,-36.29076866957747,0.9670980046401834,1.0,0.0,0.9804841750435145
437,1767151736086,7.707403576376567,7.744404695029886,7.622741321010222,7.622741321010222,7.622741321010222,0.9567436575889587,0.9582286712705506,ok,True,True,-34.96097371544371,0.03700111865331923,1.0,0.0,0.9804841750435145
438,1767151736109,9.490394079253326,8.79199832556395,8.531439487126578,8.531439487126578,8.531439487126578,0.961759626865387,0.9603472446274525,ok,True,True,-32.11303503709531,0.6983957536893755,1.0,0.0,0.9804841750435145
439,1767151736135,17.767610623820598,14.177365704517939,13.427776883973287,13.427776883973287,13.427776883973287,0.9559144973754883,0.957687596276274,ok,True,True,-23.919941271059844,3.590244919302659,1.0,0.0,0.9804841750435145
440,1767151736161,25.666888057348366,21.071079116216197,20.129050411104963,20.129050411104963,20.129050411104963,0.9427404999732971,0.9487193384944879,ok,True,True,-13.623456985628113,4.595808941132169,1.0,0.0,0.9804841750435145
441,1767151736192,34.98314260627073,29.418317210248915,28.33089344737312,28.33089344737312,28.33089344737312,0.9292598962783813,0.937043673164824,ok,True,True,-1.7377876580320102,5.564825396021817,1.0,0.0,0.9804841750435145
442,1767151736221,42.64461249106022,37.354094378735695,36.34058249302613,36.34058249302613,36.34058249302613,0.9554158449172974,0.948066976216308,ok,True,True,9.340016179245527,5.290518112324527,1.0,0.0,0.9804841750435145
443,1767151736243,48.934905786251925,44.30258122324543,43.44871808408013,43.44871808408013,43.44871808408013,0.9561679363250732,0.9529275522815671,ok,True,True,18.67284048345487,4.632324563006492,1.0,0.0,0.9804841750435145
444,1767151736267,55.90879305042353,51.266308319552294,50.46328218864831,50.46328218864831,50.46328218864831,0.9464489817619324,0.9490404099697863,ok,True,True,27.45001032210391,4.642484730871239,1.0,0.0,0.9804841750435145
445,1767151736292,59.44478445351576,56.17339399993037,55.638228886014055,55.638228886014055,55.638228886014055,0.929450273513794,0.9372863280961908,ok,True,True,33.299427814005,3.27139045358539,1.0,0.0,0.9804841750435145
446,1767151736316,59.71904735865125,58.3007860151629,58.12750857923743,58.12750857923743,58.12750857923743,0.9303116202354431,0.9331015033797423,ok,True,True,35.19337052121351,1.4182613434883535,1.0,0.0,0.9804841750435145
447,1767151736343,59.25089805148839,58.8708532369582,58.91881806070573,58.91881806070573,58.91881806070573,0.9464706778526306,0.9411230080634753,ok,True,True,34.669109369413846,0.38004481453019423,1.0,0.0,0.9804841750435145
448,1767151736374,56.957348644277886,57.722750481350005,57.98521575383955,57.98521575383955,57.98521575383955,0.9537248611450195,0.9486841199124018,ok,True,True,31.800333143172423,0.765401837072119,1.0,0.0,0.9804841750435145
449,1767151736482,51.83842003256616,54.1921522120797,54.73378638759677,54.73378638759677,54.73378638759677,0.9595174789428711,0.9551841353306834,ok,True,True,25.880208048889006,2.3537321795135355,1.0,0.0,0.9804841750435145
450,1767151736513,42.8035320968838,47.35898014296216,48.27833558870169,48.27833558870169,48.27833558870169,0.9378217458724976,0.9447667016557718,ok,True,True,15.831545148892411,4.555448046078361,1.0,0.0,0.9804841750435145
451,1767151736538,34.47707237186387,39.629835480303186,40.65396014033066,40.65396014033066,40.65396014033066,0.9461367726325989,0.945588744241868,ok,True,True,4.637742443006854,5.152763108439316,1.0,0.0,0.9804841750435145
452,1767151736572,24.548312661036647,30.58092178874326,31.72239069649054,31.72239069649054,31.72239069649054,0.9417878985404968,0.9433082368210454,ok,True,True,-7.838646659744519,6.032609127706614,1.0,0.0,0.9804841750435145
453,1767151736596,14.958542360743822,21.207494131943598,22.351862414979053,22.351862414979053,22.351862414979053,0.9542304873466492,0.9498615871364077,ok,True,True,-20.34672627461116,6.248951771199776,1.0,0.0,0.9804841750435145
454,1767151736621,9.104678821720777,13.945804945809906,14.80828057233107,14.80828057233107,14.80828057233107,0.9841577410697937,0.9704392794964393,ok,True,True,-29.773686076217682,4.841126124089129,1.0,0.0,0.9804841750435145
455,1767151736643,5.627511409283663,8.954828823894161,9.497347022450004,9.497347022450004,9.497347022450004,0.9747093319892883,0.9730013109921487,ok,True,True,-35.70347364604697,3.327317414610498,1.0,0.0,0.9804841750435145
456,1767151736678,5.268090216943798,6.742785659723943,6.917387793549431,6.917387793549431,6.917387793549431,0.9565160870552063,0.9631101766299832,ok,True,True,-37.61189545674403,1.4746954427801446,1.0,0.0,0.9804841750435145
457,1767151736703,5.205904034346019,5.820656684497188,5.80313462085239,5.80313462085239,5.80313462085239,0.9463740587234497,0.9530685058860631,ok,True,True,-37.42037724505037,0.6147526501511695,1.0,0.0,0.9804841750435145
458,1767151736733,7.394300170132405,6.764842775878318,6.518298211177294,6.518298211177294,6.518298211177294,0.9360657334327698,0.9428668424140871,ok,True,True,-34.72561622308878,0.6294573942540875,1.0,0.0,0.9804841750435145
459,1767151736754,9.81359555599881,8.594094443950613,8.233235608598715,8.233235608598715,8.233235608598715,0.9578078985214233,0.951831476078489,ok,True,True,-30.78138680916525,1.2195011120481976,1.0,0.0,0.9804841750435145
460,1767151736776,13.699013532989351,11.657045897373857,11.160413444625934,11.160413444625934,11.160413444625934,0.9554938673973083,0.9540289108697806,ok,True,True,-25.353135825294643,2.041967635615494,1.0,0.0,0.9804841750435145
461,1767151736801,18.06215013267189,15.500108438552676,14.921451644962815,14.921451644962815,14.921451644962815,0.9469592571258545,0.949787118623425,ok,True,True,-19.028349171205583,2.5620416941192126,1.0,0.0,0.9804841750435145
462,1767151736832,24.179735961406738,20.70788495226511,19.99129246316543,19.99129246316543,19.99129246316543,0.9466699361801147,0.9479168091574388,ok,True,True,-11.195909179685312,3.471851009141627,1.0,0.0,0.9804841750435145
463,1767151736857,32.926274269814314,28.038918542794633,27.099100822422496,27.099100822422496,27.099100822422496,0.9440414309501648,0.9455915822330744,ok,True,True,-0.9235912168910172,4.887355727019681,1.0,0.0,0.9804841750435145
464,1767151736880,42.25765580881038,36.57016090240408,35.50969405514192,35.50969405514192,35.50969405514192,0.9356179237365723,0.9396073871351731,ok,True,True,10.667435859897386,5.687494906406293,1.0,0.0,0.9804841750435145
465,1767151736913,50.36796394960481,44.84884273072451,43.846219132333026,43.846219132333026,43.846219132333026,0.9523591995239258,0.9472584745684247,ok,True,True,21.626229439146066,5.519121218880294,1.0,0.0,0.9804841750435145
466,1767151736944,58.26867821729611,52.90074402266747,51.970655308322236,51.970655308322236,51.970655308322236,0.9404730200767517,0.943187201873421,ok,True,True,31.792208224455223,5.367934194628646,1.0,0.0,0.9804841750435145
467,1767151736977,60.87235965770059,57.68371340368734,57.16437336771355,57.16437336771355,57.16437336771355,0.8860396146774292,0.9088986495558259,ok,True,True,37.468655757514505,3.18864625401325,1.0,0.0,0.9804841750435145
468,1767151737010,60.24858396861696,59.22263574264511,59.13231188390841,59.13231188390841,59.13231188390841,0.9133809804916382,0.9115880481173133,ok,True,True,38.45590613219625,1.0259482259718524,1.0,0.0,0.9804841750435145
469,1767151737044,60.1663568231062,59.78886839092176,59.85865665562002,59.85865665562002,59.85865665562002,0.9664859175682068,0.9445267697878493,ok,True,True,37.69311221002135,0.3774884321844354,1.0,0.0,0.9804841750435145
470,1767151737077,55.05145134705237,56.946418164600125,57.41166902450415,57.41166902450415,57.41166902450415,0.9351226687431335,0.93888430916102,ok,True,True,32.60786571828121,1.894966817547754,1.0,0.0,0.9804841750435145
471,1767151737110,47.60035122581433,51.33877800132865,52.13785970112697,52.13785970112697,52.13785970112697,0.9495297074317932,0.9452715481234839,ok,True,True,23.87380897446049,3.73842677551432,1.0,0.0,0.9804841750435145
472,1767151737144,40.90372697651167,45.07774738643846,45.95451674412303,45.95451674412303,45.95451674412303,0.9584066867828369,0.9531526313190957,ok,True,True,14.290617013997542,4.17402040992679,1.0,0.0,0.9804841750435145
473,1767151737177,33.60611522795906,38.194768091350824,39.11396982237821,39.11396982237821,39.11396982237821,0.9526228904724121,0.9528347868110856,ok,True,True,4.24363423384167,4.588652863391765,1.0,0.0,0.9804841750435145
474,1767151737211,26.05917826801325,30.91341419734828,31.844435888024652,31.844435888024652,31.844435888024652,0.9689604640007019,0.9625101931248554,ok,True,True,-5.932542092243185,4.8542359293350295,1.0,0.0,0.9804841750435145
475,1767151737244,16.96603532800454,22.544986875742037,23.560794552199596,23.560794552199596,23.560794552199596,0.9677783250808716,0.9656710722984652,ok,True,True,-17.035439191786594,5.578951547737496,1.0,0.0,0.9804841750435145
476,1767151737279,9.842154071833225,14.92328719339675,15.823912802199988,15.823912802199988,15.823912802199988,0.9481405019760132,0.9551527301049939,ok,True,True,-26.879382776292296,5.081133121563525,1.0,0.0,0.9804841750435145
477,1767151737311,6.112580875556306,9.636863402692484,10.227380658555958,10.227380658555958,10.227380658555958,0.9761397242546082,0.9677449265947624,ok,True,True,-33.33380567475012,3.5242825271361777,1.0,0.0,0.9804841750435145
478,1767151737344,6.044509420224688,7.481451013211806,7.663905462303562,7.663905462303562,7.663905462303562,0.9651788473129272,0.9662052790256613,ok,True,True,-35.328054212705815,1.436941592987118,1.0,0.0,0.9804841750435145
479,1767151737377,7.793176828602932,7.6684865024464814,7.536547334309213,7.536547334309213,7.536547334309213,0.9628194570541382,0.9641737858427475,ok,True,True,-33.88594362309495,0.12469032615645048,1.0,0.0,0.9804841750435145
480,1767151737411,10.65966098485455,9.463191191891323,9.122102476851033,9.122102476851033,9.122102476851033,0.9632365703582764,0.9636114565520648,ok,True,True,-30.157803944022504,1.196469792963228,1.0,0.0,0.9804841750435145
481,1767151737444,13.962396729838561,12.162714514659665,11.711169299252944,11.711169299252944,11.711169299252944,0.9604191780090332,0.9616960894262458,ok,True,True,-25.222361754871585,1.7996822151788958,1.0,0.0,0.9804841750435145
482,1767151737477,19.201030869382684,16.385704327493478,15.77016375154038,15.77016375154038,15.77016375154038,0.9673451781272888,0.9650855426468716,ok,True,True,-18.49443103157339,2.815326541889206,1.0,0.0,0.9804841750435145
483,1767151737511,25.411079850209315,21.80092964112298,21.059054362181072,21.059054362181072,21.059054362181072,0.9725109934806824,0.9695408131471581,ok,True,True,-10.385647180370407,3.610150209086335,1.0,0.0,0.9804841750435145
484,1767151737544,32.51766737038833,28.230972278682188,27.391903538603856,27.391903538603856,27.391903538603856,0.9543720483779907,0.9604395542856576,ok,True,True,-1.214527394170899,4.286695091706143,1.0,0.0,0.9804841750435145
485,1767151737577,40.99205779354913,35.88762358760235,34.93492858240057,34.93492858240057,34.93492858240057,0.9561135172843933,0.957843932084899,ok,True,True,9.198540802844509,5.104434205946781,1.0,0.0,0.9804841750435145
486,1767151737611,51.65536736013185,45.34826985112005,44.22029488493059,44.22029488493059,44.22029488493059,0.9152659177780151,0.9322971235007688,ok,True,True,21.5274395409767,6.307097509011797,1.0,0.0,0.9804841750435145
487,1767151737644,59.68109194738732,53.947963108880415,52.94237977294084,52.94237977294084,52.94237977294084,0.9012656211853027,0.9136782221114891,ok,True,True,32.51858339892449,5.733128838506907,1.0,0.0,0.9804841750435145
488,1767151737677,63.51377811057614,59.68745210989785,59.0556349533358,59.0556349533358,59.0556349533358,0.9078918695449829,0.9102064105715854,ok,True,True,39.42441905818839,3.826326000678293,1.0,0.0,0.9804841750435145
489,1767151737712,64.95154334264876,62.8459068495484,62.5695555051373,62.5695555051373,62.5695555051373,0.9465611577033997,0.9320192588506739,ok,True,True,42.444971679937645,2.105636493100363,1.0,0.0,0.9804841750435145
490,1767151737744,64.35433759091721,63.75096529436969,63.77701674973767,63.77701674973767,63.77701674973767,0.9203051924705505,0.9249908190225999,ok,True,True,42.1602262158625,0.6033722965475192,1.0,0.0,0.9804841750435145
491,1767151737777,61.50353791639474,62.40250886758472,62.712757771360025,62.712757771360025,62.712757771360025,0.9231728315353394,0.9239000265302436,ok,True,True,38.769169292689796,0.8989709511899804,1.0,0.0,0.9804841750435145
492,1767151737811,54.3466497058187,57.56899337052511,58.28729995876235,58.28729995876235,58.28729995876235,0.9593204259872437,0.9451522662044436,ok,True,True,30.91799399646198,3.2223436647064077,1.0,0.0,0.9804841750435145
493,1767151737844,43.346655410699896,49.03559059462998,50.1831620729385,50.1831620729385,50.1831620729385,0.9552429914474487,0.9512067013502467,ok,True,True,18.374903081394702,5.688935183930084,1.0,0.0,0.9804841750435145
494,1767151737877,32.62799899213783,39.19103563313469,40.486185817684955,40.486185817684955,40.486185817684955,0.9476622343063354,0.9490800211239,ok,True,True,4.218759590075944,6.563036640996856,1.0,0.0,0.9804841750435145
495,1767151737911,23.691028431032027,29.891031311873093,31.089213016838677,31.089213016838677,31.089213016838677,0.9698210954666138,0.9615246657295282,ok,True,True,-8.877507041006366,6.200002880841065,1.0,0.0,0.9804841750435145
496,1767151737944,18.192310065878164,22.871798564276137,23.755888364557322,23.755888364557322,23.755888364557322,0.9848436117172241,0.9755160333221458,ok,True,True,-18.54071229803811,4.679488498397973,1.0,0.0,0.9804841750435145
497,1767151737977,12.889932215502991,16.88267875501225,17.580797511913705,17.580797511913705,17.580797511913705,0.9748196005821228,0.975098173678132,ok,True,True,-26.171232228906028,3.992746539509259,1.0,0.0,0.9804841750435145
498,1767151738011,9.652767834406049,12.544732202648529,13.009426742269188,13.009426742269188,13.009426742269188,0.9791476130485535,0.9775278373003848,ok,True,True,-31.2503980746698,2.89196436824248,1.0,0.0,0.9804841750435145
499,1767151738044,8.75245904220855,10.269368306384543,10.458918211464715,10.458918211464715,10.458918211464715,0.9659706354141235,0.970593516168628,ok,True,True,-33.32220077916659,1.5169092641759931,1.0,0.0,0.9804841750435145
500,1767151738079,7.604526250267487,8.670463072714309,8.746100414622363,8.746100414622363,8.746100414622363,0.9680101275444031,0.969043482994093,ok,True,True,-34.148925801581015,1.0659368224468224,1.0,0.0,0.9804841750435145
501,1767151738110,9.109420374460441,8.933837453761988,8.785843513611205,8.785843513611205,8.785843513611205,0.9538636207580566,0.9599355656524712,ok,True,True,-32.531334669979856,0.17558292069845294,1.0,0.0,0.9804841750435145
502,1767151738144,11.363203959360964,10.391457357121373,10.091237079422232,10.091237079422232,10.091237079422232,0.9550747275352478,0.9570190627821371,ok,True,True,-29.249891806588384,0.9717466022395911,1.0,0.0,0.9804841750435145
503,1767151738177,14.334783913670162,12.757453291050647,12.351070671591247,12.351070671591247,12.351070671591247,0.9733100533485413,0.9667936571219795,ok,True,True,-24.80808209056469,1.577330622619515,1.0,0.0,0.9804841750435145
504,1767151738213,20.407787651978857,17.347653907607572,16.697711900223574,16.697711900223574,16.697711900223574,0.9794209003448486,0.974370003055701,ok,True,True,-17.704139685029293,3.060133744371285,1.0,0.0,0.9804841750435145
505,1767151738245,27.80020171864149,23.619182594227922,22.780839013627023,22.780839013627023,22.780839013627023,0.9724099636077881,0.9731939793869533,ok,True,True,-8.540945977009033,4.181019124413567,1.0,0.0,0.9804841750435145
506,1767151738277,35.75707896011704,30.901920413761395,29.963781638967326,29.963781638967326,29.963781638967326,0.9363700747489929,0.9510996366041771,ok,True,True,1.7130209136078651,4.855158546355646,1.0,0.0,0.9804841750435145
507,1767151738310,46.34727665712246,40.16913415977803,39.036524338210214,39.036524338210214,39.036524338210214,0.9404162168502808,0.9446895847518393,ok,True,True,14.092579164883947,6.1781424973444246,1.0,0.0,0.9804841750435145
508,1767151738344,54.05547238891009,48.500937097257264,47.49707548928643,47.49707548928643,47.49707548928643,0.9606817960739136,0.9542849115450839,ok,True,True,25.064904334104156,5.554535291652826,1.0,0.0,0.9804841750435145
509,1767151738377,60.701899399875494,55.8215144788282,54.98570062519341,54.98570062519341,54.98570062519341,0.9628353118896484,0.9594151517518226,ok,True,True,34.20044782954418,4.880384921047295,1.0,0.0,0.9804841750435145
510,1767151738410,63.77697164531576,60.59478877872073,60.096011618193785,60.096011618193785,60.096011618193785,0.9148203134536743,0.9326582487729336,ok,True,True,39.65214072110166,3.182182866595028,1.0,0.0,0.9804841750435145
511,1767151738444,63.568199641354184,62.37883529630081,62.27157198927222,62.27157198927222,62.27157198927222,0.9399725198745728,0.937046811433917,ok,True,True,40.824541253305085,1.1893643450533773,1.0,0.0,0.9804841750435145
512,1767151738478,61.546803866727096,61.87961643855658,62.07523718391563,62.07523718391563,62.07523718391563,0.9309208393096924,0.9333712281593822,ok,True,True,38.68638355220182,0.33281257182948565,1.0,0.0,0.9804841750435145
513,1767151738510,56.11491553218756,58.420795894735164,58.97257651595201,58.97257651595201,58.97257651595201,0.9516829252243042,0.9443582463983354,ok,True,True,32.6553566158261,2.3058803625476045,1.0,0.0,0.9804841750435145
514,1767151738544,48.928813609398546,52.725606523533195,53.54429322614215,53.54429322614215,53.54429322614215,0.9414222836494446,0.9425966687490009,ok,True,True,23.707014890814975,3.796792914134649,1.0,0.0,0.9804841750435145
515,1767151738577,40.831316282006185,45.58903237861699,46.56508552924577,46.56508552924577,46.56508552924577,0.9332630038261414,0.9369964697952853,ok,True,True,13.038639423414876,4.757716096610807,1.0,0.0,0.9804841750435145
516,1767151738611,31.06347050282153,36.873695253139715,38.003822922382156,38.003822922382156,38.003822922382156,0.9530282616615295,0.9466155449150319,ok,True,True,0.6862113883133745,5.810224750318184,1.0,0.0,0.9804841750435145
517,1767151738644,20.649819493157942,27.13936979715065,28.354465118174325,28.354465118174325,28.354465118174325,0.949073076248169,0.9480900637149141,ok,True,True,-12.594923050944072,6.489550303992708,1.0,0.0,0.9804841750435145
518,1767151738677,14.734384736559107,19.696378760795724,20.6158207843885,20.6158207843885,20.6158207843885,0.9771678447723389,0.965536732349369,ok,True,True,-22.644532257035838,4.961994024236617,1.0,0.0,0.9804841750435145
519,1767151738711,9.736805390962864,13.72063473889601,14.40593912131743,14.40593912131743,14.40593912131743,0.9672156572341919,0.9665440872802628,ok,True,True,-30.134989571185795,3.9838293479331455,1.0,0.0,0.9804841750435145
520,1767151738744,8.427378186377162,10.544680807384701,10.863513348609029,10.863513348609029,10.863513348609029,0.9725444912910461,0.9701443296867328,ok,True,True,-33.61986665888868,2.117302621007539,1.0,0.0,0.9804841750435145
521,1767151738777,7.503022537618746,8.719685845525127,8.833877636053968,8.833877636053968,8.833877636053968,0.9640975594520569,0.9665162675459272,ok,True,True,-34.86799632874485,1.2166633079063818,1.0,0.0,0.9804841750435145
522,1767151738810,8.340099131947413,8.491933817378499,8.40038055362138,8.40038055362138,8.40038055362138,0.9659934043884277,0.9662025496514275,ok,True,True,-33.867308412930385,0.15183468543108525,1.0,0.0,0.9804841750435145
523,1767151738844,9.423288176479604,9.050746432839162,8.852167831449385,8.852167831449385,8.852167831449385,0.9734952449798584,0.9705781668484861,ok,True,True,-31.696820998333592,0.3725417436404417,1.0,0.0,0.9804841750435145
524,1767151738877,12.479422947644489,11.107952341722358,10.738273427295193,10.738273427295193,10.738273427295193,0.9482259750366211,0.9571668517613671,ok,True,True,-27.65618708516073,1.3714706059221307,1.0,0.0,0.9804841750435145
525,1767151738911,16.8762619294669,14.568938094369082,14.038524499735244,14.038524499735244,14.038524499735244,0.9682698845863342,0.9638286714563473,ok,True,True,-21.858704256564977,2.307323835097817,1.0,0.0,0.9804841750435145
526,1767151738946,22.774443181430005,19.492241146605636,18.80225244074746,18.80225244074746,18.80225244074746,0.9583050012588501,0.960514469337849,ok,True,True,-14.3170467375882,3.282202034824369,1.0,0.0,0.9804841750435145
527,1767151738977,32.598417450378975,27.35594692886964,26.348037439563527,26.348037439563527,26.348037439563527,0.9538699984550476,0.9565277868081681,ok,True,True,-3.300477750391071,5.242470521509336,1.0,0.0,0.9804841750435145
528,1767151739010,42.0186183300281,36.15354976956471,35.04691338698642,35.04691338698642,35.04691338698642,0.9527435302734375,0.9542572328873298,ok,True,True,8.795187764980826,5.865068560463385,1.0,0.0,0.9804841750435145
529,1767151739044,50.259919767843655,44.61737176853208,43.58196736513749,43.58196736513749,43.58196736513749,0.9590010046958923,0.9571034959724674,ok,True,True,20.112279389445114,5.642547999311574,1.0,0.0,0.9804841750435145
530,1767151739077,57.02038543270048,52.05917996703312,51.187890780118096,51.187890780118096,51.187890780118096,0.9648482799530029,0.9617503663607887,ok,True,True,29.635572440348234,4.961205465667362,1.0,0.0,0.9804841750435145
531,1767151739110,62.03160895551365,58.04263736012143,57.38785444093588,57.38785444093588,57.38785444093588,0.9437575936317444,0.9509547027233621,ok,True,True,36.79242657991189,3.988971595392215,1.0,0.0,0.9804841750435145
532,1767151739144,64.08174141341144,61.66609979209544,61.32549591531667,61.32549591531667,61.32549591531667,0.9450361728668213,0.9474035848094376,ok,True,True,40.5152669198945,2.4156416213159986,1.0,0.0,0.9804841750435145
533,1767151739177,63.313345492099714,62.654447212098006,62.6568531782225,62.6568531782225,62.6568531782225,0.9194876551628113,0.9306540270214618,ok,True,True,40.48896942783536,0.6588982800017078,1.0,0.0,0.9804841750435145
534,1767151739210,60.64381106831212,61.44806552582648,61.73360156023653,61.73360156023653,61.73360156023653,0.8931883573532104,0.9081746252205111,ok,True,True,37.36802706665704,0.8042544575143609,1.0,0.0,0.9804841750435145
535,1767151739244,53.02931416599691,56.396814709928734,57.131451290436026,57.131451290436026,57.131451290436026,0.9401564598083496,0.9273637259732141,ok,True,True,29.3383630387403,3.3675005439318255,1.0,0.0,0.9804841750435145
536,1767151739278,45.84916648398158,50.06822577436044,50.965671891573265,50.965671891573265,50.965671891573265,0.9549435377120972,0.943911613016544,ok,True,True,19.52917167040247,4.2190592903788655,1.0,0.0,0.9804841750435145
537,1767151739311,37.067540685300486,42.26781472092447,43.311203903947955,43.311203903947955,43.311203903947955,0.9286017417907715,0.9347256902810805,ok,True,True,8.124805467652592,5.200274035623984,1.0,0.0,0.9804841750435145
538,1767151739344,29.936670667757735,34.86912828902443,35.84154394014935,35.84154394014935,35.84154394014935,0.9531049728393555,0.9457532598160454,ok,True,True,-2.503811703342592,4.932457621266696,1.0,0.0,0.9804841750435145
539,1767151739377,21.077513297612317,26.594159294177164,27.616911862463063,27.616911862463063,27.616911862463063,0.9527791738510132,0.9499688082370261,ok,True,True,-13.682617285490181,5.516645996564847,1.0,0.0,0.9804841750435145
540,1767151739410,12.222804366037202,17.971346337293188,18.996950898400257,18.996950898400257,18.996950898400257,0.952323317527771,0.9513815138114731,ok,True,True,-24.892595483828742,5.748541971255985,1.0,0.0,0.9804841750435145
541,1767151739444,7.066155983864363,11.428232125235892,12.180343794069618,12.180343794069618,12.180343794069618,0.9669628739356995,0.9607303298860089,ok,True,True,-33.11326427769727,4.36207614137153,1.0,0.0,0.9804841750435145
542,1767151739477,5.621643378559788,7.94427887723023,8.293862415992347,8.293862415992347,8.293862415992347,0.9724385142326355,0.9677552404939849,ok,True,True,-36.93425337684018,2.3226354986704427,1.0,0.0,0.9804841750435145
543,1767151739510,6.902851160173669,7.319422246996294,7.290772705182376,7.290772705182376,7.290772705182376,0.9422585368156433,0.9524572182869799,ok,True,True,-36.62111052304892,0.4165710868226249,1.0,0.0,0.9804841750435145
544,1767151739544,7.633716973133857,7.507999082678832,7.347516889411641,7.347516889411641,7.347516889411641,0.9436013102531433,0.9471436734666779,ok,True,True,-34.86702131950163,0.12571789045502513,1.0,0.0,0.9804841750435145
545,1767151739577,8.792230611855189,8.278538000184646,8.044917334427222,8.044917334427222,8.044917334427222,0.959938108921051,0.9548203347393018,ok,True,True,-32.31352002949648,0.5136926116705425,1.0,0.0,0.9804841750435145
546,1767151739610,11.537647121487378,10.234003472966286,9.869474271595925,9.869474271595925,9.869474271595925,0.9477078914642334,0.9505528687742608,ok,True,True,-28.32917308430683,1.303643648521092,1.0,0.0,0.9804841750435145
547,1767151739644,16.490500693241117,13.987901805131184,13.422868382371199,13.422868382371199,13.422868382371199,0.9647024869918823,0.9590426397048337,ok,True,True,-22.153291471967954,2.502598888109933,1.0,0.0,0.9804841750435145
548,1767151739677,23.22316074336522,19.529057168071606,18.765152470419693,18.765152470419693,18.765152470419693,0.9488656520843506,0.9529364471325439,ok,True,True,-13.80372348931113,3.6941035752936138,1.0,0.0,0.9804841750435145
549,1767151739710,31.406051998764767,26.6552540664875,25.723315460857943,25.723315460857943,25.723315460857943,0.9339240789413452,0.9415290262178246,ok,True,True,-3.6175251751962367,4.7507979322772655,1.0,0.0,0.9804841750435145
550,1767151739744,39.75054686620538,34.51242974631823,33.51805040335164,33.51805040335164,33.51805040335164,0.9637218117713928,0.9548446975499656,ok,True,True,7.251157724869477,5.23811711988715,1.0,0.0,0.9804841750435145
551,1767151739778,46.9782939903903,41.99194829276147,41.073182933965555,41.073182933965555,41.073182933965555,0.9649171233177185,0.9608881530106173,ok,True,True,17.29337090533106,4.986345697628828,1.0,0.0,0.9804841750435145
552,1767151739813,55.315823085806095,49.98627316858824,49.05585030892237,49.05585030892237,49.05585030892237,0.9659469723701477,0.9639234446263355,ok,True,True,27.463001938203753,5.329549917217854,1.0,0.0,0.9804841750435145
553,1767151739844,60.57489475449234,56.3394461201307,55.62871845787767,55.62871845787767,55.62871845787767,0.9532206058502197,0.957501741360666,ok,True,True,35.231338684105665,4.235448634361639,1.0,0.0,0.9804841750435145
554,1767151739877,62.59579051083051,60.09325275455059,59.72605025992136,59.72605025992136,59.72605025992136,0.9572597146034241,0.9573565253063208,ok,True,True,39.2449050383016,2.5025377562799207,1.0,0.0,0.9804841750435145
555,1767151739910,61.58361555799686,60.98747043661835,60.99268729065701,60.99268729065701,60.99268729065701,0.9525959491729736,0.9545001796263124,ok,True,True,39.18788421150835,0.5961451213785054,1.0,0.0,0.9804841750435145
556,1767151739944,59.27820364793221,59.96191036340666,60.22273894772342,60.22273894772342,60.22273894772342,0.9081736207008362,0.9267042442710267,ok,True,True,36.336997179046,0.6837067154744503,1.0,0.0,0.9804841750435145
557,1767151739977,54.603113109336334,56.74663201096446,57.269769159378754,57.269769159378754,57.269769159378754,0.9505237936973572,0.940995973926825,ok,True,True,30.61904676145518,2.143518901628127,1.0,0.0,0.9804841750435145
558,1767151740018,45.30352008937432,49.88076485801038,50.81933438819,50.81933438819,50.81933438819,0.8842598795890808,0.9069543173241785,ok,True,True,20.360371663928916,4.5772447686360636,1.0,0.0,0.9804841750435145
559,1767151740044,34.67776936782639,40.758967563899986,41.95751378141531,41.95751378141531,41.95751378141531,0.8959065675735474,0.9003256674737998,ok,True,True,7.260120867905689,6.0811981960735935,1.0,0.0,0.9804841750435145
560,1767151740110,16.15206302702551,25.994824841775298,27.803372237972965,27.803372237972965,27.803372237972965,0.9781625270843506,0.9470277832401304,ok,True,True,-12.507514389248124,9.842761814749789,1.0,0.0,0.9804841750435145
561,1767151740144,9.63456027188574,16.178666099841564,17.42952704719854,17.42952704719854,17.42952704719854,0.9463610649108887,0.9466277522425854,ok,True,True,-26.17957132110196,6.544105827955825,1.0,0.0,0.9804841750435145
562,1767151740177,7.261571177441729,10.828409146401663,11.46774254362775,11.46774254362775,11.46774254362775,0.9674246311187744,0.9591058795682987,ok,True,True,-33.16756037278674,3.566837968959934,1.0,0.0,0.9804841750435145
563,1767151740210,5.837283449823067,7.833733728454505,8.115921961885544,8.115921961885544,8.115921961885544,0.9707651138305664,0.9661014201256594,ok,True,True,-36.2519108764302,1.9964502786314382,1.0,0.0,0.9804841750435145
564,1767151740244,6.1030460440470895,6.795321117810056,6.807843781312793,6.807843781312793,6.807843781312793,0.9588388204574585,0.9617438603247388,ok,True,True,-36.38878505793665,0.6922750737629668,1.0,0.0,0.9804841750435145
565,1767151740277,6.981733355751721,6.907168460575056,6.760709151313717,6.760709151313717,6.760709151313717,0.9554368257522583,0.9579596395812505,ok,True,True,-34.78796762203219,0.07456489517666487,1.0,0.0,0.9804841750435145
566,1767151740310,9.150479347517608,8.253154992740587,7.957169832237442,7.957169832237442,7.957169832237442,0.943033754825592,0.9490041087278555,ok,True,True,-31.55281508654574,0.8973243547770213,1.0,0.0,0.9804841750435145
567,1767151740344,13.169609111766684,11.203027464156246,10.723385788585713,10.723385788585713,10.723385788585713,0.9648111462593079,0.9584883312467269,ok,True,True,-26.31027529093835,1.9665816476104379,1.0,0.0,0.9804841750435145
568,1767151740380,20.59803598990415,16.84003257960499,16.059495835450285,16.059495835450285,16.059495835450285,0.9570330381393433,0.9576151553822967,ok,True,True,-17.778917088385498,3.7580034102991604,1.0,0.0,0.9804841750435145
569,1767151740410,29.68383383366887,24.54631333204332,23.5329888469144,23.5329888469144,23.5329888469144,0.9526770710945129,0.9546523048096265,ok,True,True,-6.703161561444185,5.137520501625552,1.0,0.0,0.9804841750435145
570,1767151740443,39.84496411275957,33.72550380047307,32.563016740123174,32.563016740123174,32.563016740123174,0.9134511947631836,0.9299316387817607,ok,True,True,6.002958415544256,6.119460312286499,1.0,0.0,0.9804841750435145
571,1767151740480,46.52540386204418,41.40544383741574,40.44090469396343,40.44090469396343,40.44090469396343,0.9478981494903564,0.9407115452069181,ok,True,True,16.54548443344069,5.1199600246284405,1.0,0.0,0.9804841750435145
572,1767151740523,55.741114503539045,50.00684623708972,49.00077869797684,49.00077869797684,49.00077869797684,0.9107160568237305,0.9227142521770055,ok,True,True,27.54192068888959,5.734268266449327,1.0,0.0,0.9804841750435145
573,1767151740550,60.84443909623478,56.50940195257675,55.7738533827284,55.7738533827284,55.7738533827284,0.9449566602706909,0.9360596970332167,ok,True,True,35.58155286731782,4.3350371436580275,1.0,0.0,0.9804841750435145
574,1767151740577,63.052945162974,60.4355278788151,60.047626148270226,60.047626148270226,60.047626148270226,0.9268724322319031,0.9305473381524285,ok,True,True,39.82136429894026,2.617417284158897,1.0,0.0,0.9804841750435145
575,1767151740610,62.51363808069626,61.6823939999438,61.64808741653117,61.64808741653117,61.64808741653117,0.9258898496627808,0.9277528450586399,ok,True,True,40.196339281208225,0.8312440807524624,1.0,0.0,0.9804841750435145
576,1767151740644,61.02961253589448,61.29072512151421,61.4801479929562,61.4801479929562,61.4801479929562,0.9476085901260376,0.9396662920990786,ok,True,True,38.12592506928301,0.2611125856197276,1.0,0.0,0.9804841750435145
577,1767151740677,59.819786675524995,60.40816205392068,60.66963911311236,60.66963911311236,60.66963911311236,0.9533787965774536,0.9478937947861036,ok,True,True,35.26795013034509,0.588375378395682,1.0,0.0,0.9804841750435145
578,1767151740712,52.48523679429623,55.65440689814601,56.34534319036717,56.34534319036717,56.34534319036717,0.9489641785621643,0.9485360250517401,ok,True,True,27.71593538123018,3.1691701038497797,1.0,0.0,0.9804841750435145
579,1767151740744,45.16208962898927,49.359016536651964,50.24184447206592,50.24184447206592,50.24184447206592,0.9277889728546143,0.9360877937334646,ok,True,True,18.06652245526567,4.196926907662693,1.0,0.0,0.9804841750435145
580,1767151740777,34.636411533263214,40.52545353461872,41.677076234580674,41.677076234580674,41.677076234580674,0.9222111701965332,0.9277618196113058,ok,True,True,5.4791512121520025,5.889042001355506,1.0,0.0,0.9804841750435145
581,1767151740811,23.62348573067259,30.384272852251044,31.665005560263964,31.665005560263964,31.665005560263964,0.9496281743049622,0.9408816324274996,ok,True,True,-8.51940756885282,6.760787121578453,1.0,0.0,0.9804841750435145
582,1767151740844,16.434446918853304,22.0143772922124,23.059755128920106,23.059755128920106,23.059755128920106,0.9525497555732727,0.9478825063149634,ok,True,True,-19.94550998972173,5.5799303733590975,1.0,0.0,0.9804841750435145
583,1767151740877,10.767061464910439,15.265987795831224,16.061620536497365,16.061620536497365,16.061620536497365,0.9660676717758179,0.9587936055914761,ok,True,True,-28.6418692055235,4.498926330920785,1.0,0.0,0.9804841750435145
584,1767151740910,9.003278561131811,11.508362255011576,11.909981145458309,11.909981145458309,11.909981145458309,0.9686180353164673,0.9646882634264708,ok,True,True,-33.03161080445814,2.505083693879765,1.0,0.0,0.9804841750435145
585,1767151740944,8.8298124462366,9.901232369746591,10.00253694741999,10.00253694741999,10.00253694741999,0.9787280559539795,0.973112138942976,ok,True,True,-34.13888172560622,1.0714199235099908,1.0,0.0,0.9804841750435145
586,1767151740977,7.8709555355433904,8.683066269224671,8.70332371799262,8.70332371799262,8.70332371799262,0.9625968337059021,0.9668029558007316,ok,True,True,-34.36029801766866,0.8121107336812807,1.0,0.0,0.9804841750435145
587,1767151741010,8.539543208519332,8.596952432801467,8.480996513332366,8.480996513332366,8.480996513332366,0.9620664715766907,0.9639610652663071,ok,True,True,-33.09288621149084,0.057409224282135796,1.0,0.0,0.9804841750435145
588,1767151741044,9.992648082121843,9.434369822393693,9.204854669225652,9.204854669225652,9.204854669225652,0.9642210602760315,0.9641170622721418,ok,True,True,-30.584258655832496,0.5582782597281497,1.0,0.0,0.9804841750435145
589,1767151741077,14.162473013442433,12.271231737022937,11.815224476989565,11.815224476989565,11.815224476989565,0.9658247828483582,0.9651416946178716,ok,True,True,-25.600045795331617,1.8912412764194961,1.0,0.0,0.9804841750435145
590,1767151741110,19.95552973066469,16.88181053320799,16.221109489429672,16.221109489429672,16.221109489429672,0.9670860171318054,0.9663082881262319,ok,True,True,-18.37850585953048,3.0737191974567004,1.0,0.0,0.9804841750435145
591,1767151741144,27.24593431905302,23.10028480471501,22.264152872975565,22.264152872975565,22.264152872975565,0.9520736932754517,0.9577675312157637,ok,True,True,-9.239485733082978,4.145649514338011,1.0,0.0,0.9804841750435145
592,1767151741177,35.464148705528906,30.51860314520335,29.56298083428341,29.56298083428341,29.56298083428341,0.9343035221099854,0.9436891257522967,ok,True,True,1.2055782589248398,4.945545560325556,1.0,0.0,0.9804841750435145
593,1767151741210,44.39852147046704,38.84655414036156,37.814932980871625,37.814932980871625,37.814932980871625,0.9536219835281372,0.949648840417801,ok,True,True,12.481318583581656,5.551967330105477,1.0,0.0,0.9804841750435145
594,1767151741243,52.599080038741405,47.09806967938947,46.10844540645569,46.10844540645569,46.10844540645569,0.9435136318206787,0.9459677152595276,ok,True,True,23.298028010224144,5.5010103593519375,1.0,0.0,0.9804841750435145
595,1767151741278,58.34539941429221,53.84646752033111,53.06952838463089,53.06952838463089,53.06952838463089,0.9412620067596436,0.9431442901595972,ok,True,True,31.79006393022258,4.4989318939611,1.0,0.0,0.9804841750435145
596,1767151741343,61.41590252709244,58.38812852438791,57.91280454236319,57.91280454236319,57.91280454236319,0.9190748333930969,0.928702616099697,ok,True,True,36.98541082873184,3.0277740027045326,1.0,0.0,0.9804841750435145
597,1767151741377,62.01494167921665,60.56421641728515,60.40589550581256,60.40589550581256,60.40589550581256,0.9415916800498962,0.9364360544698165,ok,True,True,38.71587696865726,1.4507252619314954,1.0,0.0,0.9804841750435145
598,1767151741410,58.11126441367591,59.09244521511961,59.383065987458494,59.383065987458494,59.383065987458494,0.9217917919158936,0.9276494969374627,ok,True,True,35.539357825268766,0.9811808014436991,1.0,0.0,0.9804841750435145
599,1767151741444,51.20267838856863,54.35858511918902,55.05156331478015,55.05156331478015,55.05156331478015,0.9456348419189453,0.9384407039263523,ok,True,True,27.965024832721205,3.1559067306203943,1.0,0.0,0.9804841750435145
600,1767151741477,43.272296369068656,47.706811869116805,48.63056897001762,48.63056897001762,48.63056897001762,0.9454500079154968,0.942646286319839,ok,True,True,17.8682513253172,4.43451550004815,1.0,0.0,0.9804841750435145
601,1767151741517,33.898528222248316,39.42184168099571,40.516068259403994,40.516068259403994,40.516068259403994,0.928472638130188,0.9341420974060484,ok,True,True,5.908226425702052,5.5233134587473955,1.0,0.0,0.9804841750435145
602,1767151741577,15.395535355904595,25.00605788594104,26.759054122790445,26.759054122790445,26.759054122790445,0.9849148392677307,0.9646057425230579,ok,True,True,-13.252228141348093,9.610522530036445,1.0,0.0,0.9804841750435145
603,1767151741610,9.500377203021564,15.702649476189354,16.887313847730173,16.887313847730173,16.887313847730173,0.9639147520065308,0.9641911482131416,ok,True,True,-26.200748731960648,6.2022722731677895,1.0,0.0,0.9804841750435145
604,1767151741643,7.580048343457511,10.829088796550248,11.4077530944067,11.4077530944067,11.4077530944067,0.9757494926452637,0.9711261548724148,ok,True,True,-32.52561740856409,3.2490404530927375,1.0,0.0,0.9804841750435145
605,1767151741679,7.646884121408488,8.91976599146519,9.07643903545661,9.07643903545661,9.07643903545661,0.9667902588844299,0.9685246172796239,ok,True,True,-34.23807216355791,1.272881870056703,1.0,0.0,0.9804841750435145
606,1767151741710,7.985885026616199,8.359437412555796,8.31208645119772,8.31208645119772,8.31208645119772,0.9606797099113464,0.9638176728586574,ok,True,True,-33.72052059970621,0.37355238593959683,1.0,0.0,0.9804841750435145
607,1767151741744,8.757930506703287,8.59853326904429,8.441116444847289,8.441116444847289,8.441116444847289,0.9561030268669128,0.9591888852636106,ok,True,True,-31.99993623978948,0.15939723765899672,1.0,0.0,0.9804841750435145
608,1767151741777,10.917589959218983,9.989967283149106,9.698059035413957,9.698059035413957,9.698059035413957,0.9565796852111816,0.9576233652321533,ok,True,True,-28.809344839246144,0.9276226760698769,1.0,0.0,0.9804841750435145
609,1767151741810,14.2720689761002,12.559228298919763,12.132726600419721,12.132726600419721,12.132726600419721,0.9655251502990723,0.9623644362723047,ok,True,True,-24.147631228515905,1.7128406771804379,1.0,0.0,0.9804841750435145
610,1767151741843,19.045186088669062,16.450802972769345,15.879043689793626,15.879043689793626,15.879043689793626,0.9725064635276794,0.9684496526255295,ok,True,True,-17.898235174800035,2.594383115899717,1.0,0.0,0.9804841750435145
611,1767151741877,26.63957880736809,22.564068473528593,21.751391692441352,21.751391692441352,21.751391692441352,0.9482009410858154,0.956300425701701,ok,True,True,-9.015582597231305,4.075510333839496,1.0,0.0,0.9804841750435145
612,1767151741910,35.306470524422615,30.209509704065006,29.23198973798118,29.23198973798118,29.23198973798118,0.9389018416404724,0.9458612752649639,ok,True,True,1.6688253352099558,5.096960820357609,1.0,0.0,0.9804841750435145
613,1767151741943,44.2356476970254,38.62519249984125,37.58305936969292,37.58305936969292,37.58305936969292,0.9594476819038391,0.954013119248289,ok,True,True,13.059462732647898,5.610455197184152,1.0,0.0,0.9804841750435145
614,1767151741981,51.79582652062234,46.52757291230991,45.57789196924973,45.57789196924973,45.57789196924973,0.9464693665504456,0.9494868676295829,ok,True,True,23.43958687678265,5.268253608312435,1.0,0.0,0.9804841750435145
615,1767151742010,58.85335477512163,53.92304202999694,53.078870160816194,53.078870160816194,53.078870160816194,0.9237491488456726,0.9340442363592367,ok,True,True,32.666484462877726,4.930312745124688,1.0,0.0,0.9804841750435145
616,1767151742043,62.53528255053574,59.09038634232022,58.54098896873729,58.54098896873729,58.54098896873729,0.9339255690574646,0.9339730359781735,ok,True,True,38.671462222962205,3.4448962082155177,1.0,0.0,0.9804841750435145
617,1767151742077,62.533035341903975,61.155975742070474,61.00799257565251,61.00799257565251,61.00799257565251,0.9416365623474121,0.9385711517997166,ok,True,True,40.28893559639944,1.3770595998335011,1.0,0.0,0.9804841750435145
618,1767151742112,61.81846897569493,61.553471682245146,61.642476155856826,61.642476155856826,61.642476155856826,0.9453826546669006,0.9426580535200271,ok,True,True,39.31610625595216,0.26499729344978107,1.0,0.0,0.9804841750435145
619,1767151742311,59.12422100429452,60.095921275474765,60.41479099212258,60.41479099212258,60.41479099212258,0.944584846496582,0.9438141293059601,ok,True,True,35.83082283650831,0.9717002711802465,1.0,0.0,0.9804841750435145
620,1767151742353,51.53243182909982,54.957827607649804,55.70015793061767,55.70015793061767,55.70015793061767,0.942156970500946,0.9428198340229517,ok,True,True,27.71706530070628,3.4253957785499836,1.0,0.0,0.9804841750435145
621,1767151742380,40.98370116605401,46.57335174269233,47.69507509024499,47.69507509024499,47.69507509024499,0.9526346325874329,0.9487087131616403,ok,True,True,15.45649748784538,5.58965057663832,1.0,0.0,0.9804841750435145
622,1767151742412,31.70728715481814,37.653712989967815,38.83189470111142,38.83189470111142,38.83189470111142,0.9513697624206543,0.9503053427170487,ok,True,True,2.5788331360559926,5.946425835149675,1.0,0.0,0.9804841750435145
623,1767151742434,12.346400840784451,22.469325700457794,24.305086880920506,24.305086880920506,24.305086880920506,0.9645712971687317,0.9588649153880585,ok,True,True,-17.48625197640669,10.122924859673343,1.0,0.0,0.9804841750435145
624,1767151742457,7.968292429117882,13.768705737653846,14.8795806881518,14.8795806881518,14.8795806881518,0.9666607975959778,0.96354244471281,ok,True,True,-29.628245536498163,5.800413308535965,1.0,0.0,0.9804841750435145
625,1767151742480,8.536399415369518,10.62932194428325,10.993454617775008,10.993454617775008,10.993454617775008,0.9664382934570312,0.9652799539593429,ok,True,True,-33.608258385445694,2.092922528913732,1.0,0.0,0.9804841750435145
626,1767151742504,7.5626051767122,8.78929188374062,8.910260657258554,8.910260657258554,8.910260657258554,0.951928973197937,0.9572693655024993,ok,True,True,-34.930461274590435,1.2266867070284206,1.0,0.0,0.9804841750435145
627,1767151742529,9.71898289999838,9.347106493495277,9.16840293943923,9.16840293943923,9.16840293943923,0.9543039798736572,0.9554901341251941,ok,True,True,-32.977210459508726,0.3718764065031035,1.0,0.0,0.9804841750435145
628,1767151742552,11.104935892133938,10.401804132678473,10.141466414769889,10.141466414769889,10.141466414769889,0.9472148418426514,0.9505249587556684,ok,True,True,-30.13168865448648,0.7031317594554647,1.0,0.0,0.9804841750435145
629,1767151742576,15.330607693722792,13.359086269305065,12.887883003683987,12.887883003683987,12.887883003683987,0.9567402005195618,0.9542541038140044,ok,True,True,-24.981381669797884,1.9715214244177268,1.0,0.0,0.9804841750435145
630,1767151742600,20.36644705942564,17.56350274337741,16.94873760398851,16.94873760398851,16.94873760398851,0.9566565752029419,0.955695586647367,ok,True,True,-18.26192655913686,2.8029443160482295,1.0,0.0,0.9804841750435145
631,1767151742624,27.500311439365195,23.525587960970082,22.72363112839641,22.72363112839641,22.72363112839641,0.9402971267700195,0.9464565107209585,ok,True,True,-9.49644427671066,3.974723478395113,1.0,0.0,0.9804841750435145
632,1767151742648,37.443519954540925,31.87634715711259,30.81951670101694,30.81951670101694,30.81951670101694,0.9422798156738281,0.9439504936926802,ok,True,True,2.0548366179300483,5.567172797428334,1.0,0.0,0.9804841750435145
633,1767151742677,47.70645855512304,41.37441399591886,40.20406436884188,40.20406436884188,40.20406436884188,0.8978685140609741,0.9163013059136567,ok,True,True,14.846895371846765,6.332044559204185,1.0,0.0,0.9804841750435145
634,1767151742765,57.17835672797614,50.856779635153224,49.72310208297283,49.72310208297283,49.72310208297283,0.9304614067077637,0.9247973663901208,ok,True,True,27.238124044006792,6.321577092822913,1.0,0.0,0.9804841750435145
635,1767151742789,61.53003888570697,57.26073518548547,56.52081874273677,56.52081874273677,56.52081874273677,0.9466798901557922,0.9379268806495236,ok,True,True,35.325497585766286,4.269303700221499,1.0,0.0,0.9804841750435145
636,1767151742818,62.719363996231145,60.535912471932875,60.21922071088296,60.21922071088296,60.21922071088296,0.954240620136261,0.947715124341566,ok,True,True,38.78697569496163,2.1834515242982704,1.0,0.0,0.9804841750435145
637,1767151742848,62.01732107659146,61.424757634728024,61.43450782246581,61.43450782246581,61.43450782246581,0.8501268625259399,0.8891621672521903,ok,True,True,38.680404998891134,0.5925634418634331,1.0,0.0,0.9804841750435145
638,1767151742882,59.45799183314697,60.24469815377939,60.52138787848592,60.52138787848592,60.52138787848592,0.9218996167182922,0.9088046369318515,ok,True,True,35.656153840806944,0.786706320632419,1.0,0.0,0.9804841750435145
639,1767151742927,55.15363324542631,57.19005920876754,57.694505294042116,57.694505294042116,57.694505294042116,0.9371738433837891,0.925826160803014,ok,True,True,30.1424989365608,2.0364259633412303,1.0,0.0,0.9804841750435145
640,1767151742965,36.53263031556315,44.79560187284491,46.34733853192277,46.34733853192277,46.34733853192277,0.9544937610626221,0.9430267209587788,ok,True,True,13.181835170548524,8.262971557281759,1.0,0.0,0.9804841750435145
641,1767151742999,26.102794805881512,33.57991763266687,35.05388271543613,35.05388271543613,35.05388271543613,0.9656970500946045,0.9566289184402742,ok,True,True,-2.9287761406182007,7.477122826785358,1.0,0.0,0.9804841750435145
642,1767151743034,15.573099321834206,22.775826646167275,24.135240574078935,24.135240574078935,24.135240574078935,0.954768180847168,0.9555124758844105,ok,True,True,-17.787329887647243,7.202727324333068,1.0,0.0,0.9804841750435145
643,1767151743069,9.97011852243762,15.092401771929481,16.035467768986585,16.035467768986585,16.035467768986585,0.9719568490982056,0.9653790998126875,ok,True,True,-28.09515189576416,5.122283249491861,1.0,0.0,0.9804841750435145
644,1767151743104,8.231767583353555,10.976021258783927,11.436167898595532,11.436167898595532,11.436167898595532,0.9612160325050354,0.9628812594280963,ok,True,True,-33.12460866295998,2.7442536754303717,1.0,0.0,0.9804841750435145
645,1767151743136,8.26663092749756,9.350387060012107,9.459942936809872,9.459942936809872,9.459942936809872,0.954204797744751,0.9576753824180891,ok,True,True,-34.322067251752856,1.0837561325145462,1.0,0.0,0.9804841750435145
646,1767151743169,8.29583314503724,8.717654711027187,8.672813416669774,8.672813416669774,8.672813416669774,0.9627995491027832,0.9607498824289056,ok,True,True,-33.83194664270516,0.4218215659899478,1.0,0.0,0.9804841750435145
647,1767151743204,8.68916362363652,8.700560058592787,8.571601300286062,8.571601300286062,8.571601300286062,0.938167154788971,0.9472002458449448,ok,True,True,-32.422412282266336,0.011396434956266077,1.0,0.0,0.9804841750435145
648,1767151743241,11.015760216608324,10.08968015340211,9.799634555097562,9.799634555097562,9.799634555097562,0.9541382193565369,0.9513630299519,ok,True,True,-29.25217985856457,0.9260800632062143,1.0,0.0,0.9804841750435145
649,1767151743275,14.588074787354703,12.788716933773664,12.346291872665908,12.346291872665908,12.346291872665908,0.9584224224090576,0.9555986654261945,ok,True,True,-24.416422026069135,1.7993578535810393,1.0,0.0,0.9804841750435145
650,1767151743310,21.52103526721219,18.02810793383678,17.303146618707448,17.303146618707448,17.303146618707448,0.94249027967453,0.9477336339751958,ok,True,True,-16.49250978403858,3.4929273333754125,1.0,0.0,0.9804841750435145
651,1767151743341,30.588223234890812,25.5641771144692,24.580837612461032,24.580837612461032,24.580837612461032,0.9585540294647217,0.9542258712689113,ok,True,True,-5.744493641074232,5.0240461204216125,1.0,0.0,0.9804841750435145
652,1767151743376,40.27368094313839,34.38987941167071,33.27375685749445,33.27375685749445,33.27375685749445,0.9241247773170471,0.9361652148977928,ok,True,True,6.454856842980133,5.883801531467675,1.0,0.0,0.9804841750435145
653,1767151743406,51.09734694970822,44.41435993449322,43.19501080885648,43.19501080885648,43.19501080885648,0.9556138515472412,0.9478343968874618,ok,True,True,19.782485865803917,6.682987015214998,1.0,0.0,0.9804841750435145
654,1767151743438,60.6406672751623,54.15014433889466,53.00107642298704,53.00107642298704,53.00107642298704,0.9555416107177734,0.9524587251856488,ok,True,True,32.341933019422804,6.490522936267638,1.0,0.0,0.9804841750435145
655,1767151743484,63.79646086390994,59.93793425390383,59.284055432290856,59.284055432290856,59.284055432290856,0.9288574457168579,0.9382979575043742,ok,True,True,39.48890526643055,3.858526610006109,1.0,0.0,0.9804841750435145
656,1767151743521,62.76608409589264,61.63482415909712,61.51937047929294,61.51937047929294,61.51937047929294,0.939078152179718,0.9387660743095805,ok,True,True,40.750827534137535,1.1312599367955158,1.0,0.0,0.9804841750435145
657,1767151743559,61.73493718476367,61.694891974497054,61.82690442064541,61.82690442064541,61.82690442064541,0.922546923160553,0.929034583620164,ok,True,True,39.30791600726696,0.040045210266619335,1.0,0.0,0.9804841750435145
658,1767151743592,57.368219994345594,59.09888878640618,59.54958661147977,59.54958661147977,59.54958661147977,0.9267786145210266,0.9276810021606816,ok,True,True,34.381735893890784,1.7306687920605839,1.0,0.0,0.9804841750435145
659,1767151743627,50.06231483900106,53.676944417963114,54.46027624268575,54.46027624268575,54.46027624268575,0.9399415850639343,0.9350373519026332,ok,True,True,25.819827132752955,3.6146295789620524,1.0,0.0,0.9804841750435145
660,1767151743670,39.4515071927539,45.14168208283759,46.2777520643812,46.2777520643812,46.2777520643812,0.9445368647575378,0.940737059615576,ok,True,True,13.402448926922998,5.690174890083689,1.0,0.0,0.9804841750435145
661,1767151743708,29.044419641549332,35.483324618064636,36.73791174052522,36.73791174052522,36.73791174052522,0.950319230556488,0.9464863621801232,ok,True,True,-0.3103355360463169,6.438904976515303,1.0,0.0,0.9804841750435145
662,1767151743757,18.00753893978427,24.997853211096412,26.30696432939383,26.30696432939383,26.30696432939383,0.9568930268287659,0.9527303609693087,ok,True,True,-14.619073671411,6.990314271312144,1.0,0.0,0.9804841750435145
663,1767151743792,9.973578419103413,15.983288335900614,17.081090545685306,17.081090545685306,17.081090545685306,0.9565742015838623,0.9550366653380409,ok,True,True,-26.6181806415384,6.009709916797201,1.0,0.0,0.9804841750435145
664,1767151743837,6.721580162102139,10.426263431621528,11.069959400426644,11.069959400426644,11.069959400426644,0.9761500954627991,0.9677047234128958,ok,True,True,-33.65385311249037,3.704683269519389,1.0,0.0,0.9804841750435145
665,1767151743880,7.148819926960838,8.459797328825115,8.62590860347351,8.62590860347351,8.62590860347351,0.960547149181366,0.963410178873978,ok,True,True,-35.469468836056116,1.3109774018642764,1.0,0.0,0.9804841750435145
666,1767151743917,8.414814508451217,8.432807636600776,8.322404952458937,8.322404952458937,8.322404952458937,0.9430334568023682,0.9511841456310121,ok,True,True,-34.26275454362732,0.017993128149559112,1.0,0.0,0.9804841750435145
667,1767151743950,8.949017955780088,8.742533828108364,8.56818000520753,8.56818000520753,8.56818000520753,0.9513632655143738,0.9512916175610291,ok,True,True,-32.35704680047379,0.20648412767172353,1.0,0.0,0.9804841750435145
668,1767151743981,11.389578487266807,10.33076062360343,10.013670237753939,10.013670237753939,10.013670237753939,0.9615715146064758,0.9574595557882971,ok,True,True,-28.89121167544406,1.0588178636633767,1.0,0.0,0.9804841750435145
669,1767151744013,14.557056411432317,12.866538096300761,12.440658325610658,12.440658325610658,12.440658325610658,0.961509644985199,0.9598896093064382,ok,True,True,-24.23629580865406,1.6905183151315555,1.0,0.0,0.9804841750435145
670,1767151744044,20.65910144185437,17.54207610363293,16.882561057629836,16.882561057629836,16.882561057629836,0.9516679644584656,0.9549566223976547,ok,True,True,-17.027718967702256,3.117025338221442,1.0,0.0,0.9804841750435145
671,1767151744075,27.581975345883848,23.56601564898348,22.756752617323016,22.756752617323016,22.756752617323016,0.9646731019020081,0.9607865101002667,ok,True,True,-8.182379071940904,4.015959696900367,1.0,0.0,0.9804841750435145
672,1767151744106,35.73851506272417,30.869515297227892,29.93363889017091,29.93363889017091,29.93363889017091,0.9477956891059875,0.9529920175036992,ok,True,True,2.046859873841168,4.868999765496277,1.0,0.0,0.9804841750435145
673,1767151744141,45.485963544123294,39.639384245365136,38.56377573156856,38.56377573156856,38.56377573156856,0.9633857607841492,0.9592282634719692,ok,True,True,13.803387142588537,5.846579298758158,1.0,0.0,0.9804841750435145
674,1767151744183,55.822410580511836,49.349200046453156,48.19682924239396,48.19682924239396,48.19682924239396,0.948604941368103,0.9528542702096495,ok,True,True,26.39893525126831,6.47321053405868,1.0,0.0,0.9804841750435145
675,1767151744222,63.74786713249921,57.98840029808079,56.99380800013737,56.99380800013737,56.99380800013737,0.953160285949707,0.953037879653684,ok,True,True,37.269945774219025,5.759466834418419,1.0,0.0,0.9804841750435145
676,1767151744257,67.06098831481724,63.43195310812266,62.85206707489746,62.85206707489746,62.85206707489746,0.9576627016067505,0.9558127728255239,ok,True,True,43.60816816176252,3.6290352066945744,1.0,0.0,0.9804841750435145
677,1767151744290,66.20756054770756,65.09731757187359,65.00896493784563,65.00896493784563,65.00896493784563,0.901208758354187,0.9230503641427218,ok,True,True,44.57387281907225,1.1102429758339696,1.0,0.0,0.9804841750435145
678,1767151744323,66.36027302994466,65.85509084671624,65.92648209412091,65.92648209412091,65.92648209412091,0.9411191344261169,0.9338916263127589,ok,True,True,43.793558107820644,0.5051821832284276,1.0,0.0,0.9804841750435145
679,1767151744360,63.879963918157934,64.67001468958125,64.97316586387089,64.97316586387089,64.97316586387089,0.9506998062133789,0.9439765342531309,ok,True,True,40.480080200780776,0.7900507714233171,1.0,0.0,0.9804841750435145
680,1767151744398,54.03864418718677,58.29119238814456,59.1875379024137,59.1875379024137,59.1875379024137,0.9187909960746765,0.9288652113460583,ok,True,True,30.68291855176324,4.25254820095779,1.0,0.0,0.9804841750435145
681,1767151744432,44.21306066397464,49.844313353642605,51.00122398119658,51.00122398119658,51.00122398119658,0.943865954875946,0.9378656574639909,ok,True,True,18.03774963957826,5.631252689667967,1.0,0.0,0.9804841750435145
682,1767151744476,32.945027829316764,39.704742039047105,41.03260596191606,41.03260596191606,41.03260596191606,0.9218526482582092,0.9282578519405219,ok,True,True,3.524041149774323,6.75971420973034,1.0,0.0,0.9804841750435145
683,1767151744518,15.125456511853315,24.95717072273083,26.76440231398802,26.76440231398802,26.76440231398802,0.9679527282714844,0.9520747777390994,ok,True,True,-16.229212204982208,9.831714210877514,1.0,0.0,0.9804841750435145
684,1767151744561,8.787506301125486,15.255372069767624,16.479477337928508,16.479477337928508,16.479477337928508,0.9637690782546997,0.9590913580484596,ok,True,True,-29.608826423685272,6.467865768642138,1.0,0.0,0.9804841750435145
685,1767151744594,7.7863719820044315,10.77397201710971,11.300591760995601,11.300591760995601,11.300591760995601,0.9683132767677307,0.9646245092800223,ok,True,True,-35.36484201843184,2.9876000351052783,1.0,0.0,0.9804841750435145
686,1767151744633,8.04529524561003,9.136765954209903,9.246698002937814,9.246698002937814,9.246698002937814,0.9505043029785156,0.9561523854991183,ok,True,True,-36.566412210561595,1.0914707085998732,1.0,0.0,0.9804841750435145
687,1767151744666,9.173474441470816,9.158791046566451,9.032567174673034,9.032567174673034,9.032567174673034,0.9494530558586121,0.9521327877148146,ok,True,True,-35.18677047953445,0.014683394904364988,1.0,0.0,0.9804841750435145
688,1767151744697,11.154495176102575,10.356213524288126,10.077583835208603,10.077583835208603,10.077583835208603,0.941121518611908,0.9455260262530707,ok,True,True,-32.14131528321613,0.7982816518144489,1.0,0.0,0.9804841750435145
689,1767151744728,13.67390341914742,12.346827461203702,11.973992809844123,11.973992809844123,11.973992809844123,0.9546963572502136,0.9510282248513564,ok,True,True,-28.06618879507474,1.327075957943718,1.0,0.0,0.9804841750435145
690,1767151744767,26.042424781666437,20.56418585348134,19.501053151684996,19.501053151684996,19.501053151684996,0.9088346362113953,0.9257120716673797,ok,True,True,-16.446023615413814,5.478238928185096,1.0,0.0,0.9804841750435145
691,1767151744801,35.035529579873206,29.24699208931646,28.09810024474322,28.09810024474322,28.09810024474322,0.927728533744812,0.9269219489138391,ok,True,True,-3.888500942140075,5.788537490556745,1.0,0.0,0.9804841750435145
692,1767151744835,45.616428086172235,39.06865368742992,37.82980369228618,37.82980369228618,37.82980369228618,0.9336873292922974,0.9309811771409141,ok,True,True,9.652274872646323,6.5477743987423125,1.0,0.0,0.9804841750435145
693,1767151744867,53.169181350812025,47.52897028545918,46.48238976910378,46.48238976910378,46.48238976910378,0.9462622404098511,0.9401498151022762,ok,True,True,21.091522723188117,5.640211065352844,1.0,0.0,0.9804841750435145
694,1767151744900,59.610882482820365,54.77811760387589,53.930726271931945,53.930726271931945,53.930726271931945,0.9576722383499146,0.9506632690508593,ok,True,True,30.353609415059854,4.832764878944474,1.0,0.0,0.9804841750435145
695,1767151744933,62.91931958576528,59.66283879300953,59.13602026690903,59.13602026690903,59.13602026690903,0.9153205752372742,0.9294576527627082,ok,True,True,36.11179772273741,3.2564807927557524,1.0,0.0,0.9804841750435145
696,1767151744967,61.735178572903145,60.90624266094569,60.84301810544416,60.84301810544416,60.84301810544416,0.8989443778991699,0.9111496878445853,ok,True,True,36.80284953320011,0.8289359119574513,1.0,0.0,0.9804841750435145
697,1767151745027,58.48520912574078,59.453622539822746,59.74560242068406,59.74560242068406,59.74560242068406,0.9428213834762573,0.9301527052235885,ok,True,True,33.61147517418228,0.9684134140819651,1.0,0.0,0.9804841750435145
698,1767151745073,50.392976358723615,54.017234831163265,54.78159915303815,54.78159915303815,54.78159915303815,0.9354466199874878,0.9333290540819281,ok,True,True,25.256883444835594,3.6242584724396494,1.0,0.0,0.9804841750435145
699,1767151745107,41.375422390390135,46.43214736669939,47.457960589229614,47.457960589229614,47.457960589229614,0.921402633190155,0.9261732015468642,ok,True,True,14.044624552657448,5.056724976309255,1.0,0.0,0.9804841750435145
700,1767151745145,32.41365781895838,38.02105363805478,39.12652181950244,39.12652181950244,39.12652181950244,0.933973491191864,0.9308533753338641,ok,True,True,1.9617276127211856,5.6073958190964035,1.0,0.0,0.9804841750435145
701,1767151745192,23.905145458081957,29.551508730071085,30.62743948692861,30.62743948692861,30.62743948692861,0.954418420791626,0.9449924026085212,ok,True,True,-9.798321810494702,5.646363271989127,1.0,0.0,0.9804841750435145
702,1767151745228,16.235089052331197,21.56165692342715,22.537004404583005,22.537004404583005,22.537004404583005,0.9686480760574341,0.9591858066778689,ok,True,True,-20.45898422775175,5.326567871095953,1.0,0.0,0.9804841750435145
703,1767151745267,10.349500214977308,14.834362898357245,15.617915180161695,15.617915180161695,15.617915180161695,0.9722647666931152,0.9670331826870167,ok,True,True,-29.023302610662437,4.484862683379937,1.0,0.0,0.9804841750435145
704,1767151745303,7.924526460496615,10.688461035640866,11.130646777314245,11.130646777314245,11.130646777314245,0.9750347137451172,0.971834101321877,ok,True,True,-33.85644465365816,2.7639345751442512,1.0,0.0,0.9804841750435145
705,1767151745337,7.619348631498511,8.846993593155453,8.975910703566077,8.975910703566077,8.975910703566077,0.9725907444953918,0.9722880872259859,ok,True,True,-35.265523797705605,1.2276449616569423,1.0,0.0,0.9804841750435145
706,1767151745371,6.9791183175740885,7.726268427806634,7.734541231428011,7.734541231428011,7.734541231428011,0.9587880373001099,0.9641880572704603,ok,True,True,-35.355946512026094,0.7471501102325453,1.0,0.0,0.9804841750435145
707,1767151745405,8.852117859791312,8.40177808699744,8.1957785255694,8.1957785255694,8.1957785255694,0.9487687945365906,0.9549364996301385,ok,True,True,-33.1043471334284,0.45033977279387116,1.0,0.0,0.9804841750435145
708,1767151745440,11.921005970991729,10.513314817394013,10.131507711768954,10.131507711768954,10.131507711768954,0.9572984576225281,0.9563536744255722,ok,True,True,-28.93115066732879,1.4076911535977157,1.0,0.0,0.9804841750435145
709,1767151745473,16.668725602885957,14.20656128868918,13.644129191979363,13.644129191979363,13.644129191979363,0.9749863147735596,0.9675332586343646,ok,True,True,-22.78370185396038,2.4621643141967766,1.0,0.0,0.9804841750435145
710,1767151745502,31.891495041919928,24.81752154062763,23.485739249565945,23.485739249565945,23.485739249565945,0.9141726493835449,0.9355168930838728,ok,True,True,-8.227165140024766,7.073973501292297,1.0,0.0,0.9804841750435145
711,1767151745534,42.23256868431506,35.26654982684009,33.921129196327925,33.921129196327925,33.921129196327925,0.9165518283843994,0.9241378542641887,ok,True,True,6.478440224440655,6.966018857474971,1.0,0.0,0.9804841750435145
712,1767151745563,52.85946312585715,45.822297806250326,44.51815243703357,44.51815243703357,44.51815243703357,0.9161230325698853,0.9193289612476067,ok,True,True,20.73290213966784,7.037165319606821,1.0,0.0,0.9804841750435145
713,1767151745596,60.82069110117989,54.82133378320806,53.7485636527352,53.7485636527352,53.7485636527352,0.9604466557502747,0.9439995779492074,ok,True,True,32.458405545628366,5.999357317971828,1.0,0.0,0.9804841750435145
714,1767151745639,63.74275775021368,60.17418816341143,59.57779955331377,59.57779955331377,59.57779955331377,0.9481150507926941,0.9464688616552994,ok,True,True,38.977003034816306,3.568569586802248,1.0,0.0,0.9804841750435145
715,1767151745685,61.38676927759261,60.90173683192014,60.89897972488748,60.89897972488748,60.89897972488748,0.9534633755683899,0.9506655700031537,ok,True,True,39.00713853820489,0.4850324456724735,1.0,0.0,0.9804841750435145
716,1767151745722,55.15202399116314,57.45190912746594,57.981739129882016,57.981739129882016,57.981739129882016,0.9439325332641602,0.9466257479597575,ok,True,True,33.21603444102854,2.299885136302798,1.0,0.0,0.9804841750435145
717,1767151745754,46.90769945426751,51.125383323546885,52.01416722227492,52.01416722227492,52.01416722227492,0.9297633171081543,0.9365082894487956,ok,True,True,23.50152213716259,4.2176838692793766,1.0,0.0,0.9804841750435145
718,1767151745793,38.73539479298489,43.691390205209686,44.70769603448711,44.70769603448711,44.70769603448711,0.9257362484931946,0.930045064875435,ok,True,True,12.39318016884434,4.9559954122247944,1.0,0.0,0.9804841750435145
719,1767151745832,29.643154184830877,35.262448592982395,36.3627039012557,36.3627039012557,36.3627039012557,0.9446669220924377,0.9388181792056367,ok,True,True,0.3672605443874293,5.619294408151518,1.0,0.0,0.9804841750435145
720,1767151745891,21.516414408542264,27.014828082318317,28.059477109312787,28.059477109312787,28.059477109312787,0.9631061553955078,0.9533909649195593,ok,True,True,-11.05087590079659,5.498413673776053,1.0,0.0,0.9804841750435145
721,1767151745930,13.810281970613474,19.092100415295413,20.051805403616747,20.051805403616747,20.051805403616747,0.9520310163497925,0.9525749957776992,ok,True,True,-21.540564035867018,5.281818444681939,1.0,0.0,0.9804841750435145
722,1767151745963,8.499490019376639,12.736534177744149,13.47282975075192,13.47282975075192,13.47282975075192,0.9767667055130005,0.96709002161888,ok,True,True,-29.588361046481772,4.23704415836751,1.0,0.0,0.9804841750435145
723,1767151746001,5.7189860194709325,8.526005282780218,8.96802752579818,8.96802752579818,8.96802752579818,0.974257230758667,0.9713903471027523,ok,True,True,-34.41971602998868,2.807019263309286,1.0,0.0,0.9804841750435145
724,1767151746035,4.324337306977664,6.005004497298685,6.207648138617421,6.207648138617421,6.207648138617421,0.9559758901596069,0.9621416729368651,ok,True,True,-36.63463480800474,1.6806671903210217,1.0,0.0,0.9804841750435145
725,1767151746067,3.1718411297332154,4.305106476759404,4.381153643549013,4.381153643549013,4.381153643549013,0.9612382054328918,0.9615995924344811,ok,True,True,-37.465839264463796,1.1332653470261884,1.0,0.0,0.9804841750435145
726,1767151746103,4.817567991299183,4.612583385483271,4.447373434844858,4.447373434844858,4.447373434844858,0.9383440017700195,0.9476462380358042,ok,True,True,-35.660075118089395,0.2049846058159117,1.0,0.0,0.9804841750435145
727,1767151746138,5.712497276388411,5.272531720026355,5.047775693570658,5.047775693570658,5.047775693570658,0.9429657459259033,0.9448379427698637,ok,True,True,-33.203465375837546,0.4399655563620559,1.0,0.0,0.9804841750435145
728,1767151746170,8.970484258183296,7.4913032429205195,7.095065965996608,7.095065965996608,7.095065965996608,0.9439296126365662,0.9442929446898851,ok,True,True,-28.87254544419112,1.4791810152627765,1.0,0.0,0.9804841750435145
729,1767151746204,14.0359166603183,11.418071293359187,10.828184219087145,10.828184219087145,10.828184219087145,0.9555811882019043,0.9510658907970966,ok,True,True,-22.42501050447376,2.617845366959113,1.0,0.0,0.9804841750435145
730,1767151746237,20.666015487849304,16.966837810053256,16.198298979717173,16.198298979717173,16.198298979717173,0.9538487195968628,0.9527355880769564,ok,True,True,-14.02479090780535,3.6991776777960474,1.0,0.0,0.9804841750435145
731,1767151746276,31.020578129371692,25.399082001644317,24.320040546565984,24.320040546565984,24.320040546565984,0.9608911275863647,0.9576289117826013,ok,True,True,-2.230741188023641,5.621496127727376,1.0,0.0,0.9804841750435145
732,1767151746315,43.59703813203745,36.317855679880196,34.97052392847527,34.97052392847527,34.97052392847527,0.9156135320663452,0.9324196839528477,ok,True,True,12.495752952052433,7.279182452157251,1.0,0.0,0.9804841750435145
733,1767151746350,56.394724617194306,48.363977042268665,46.91566886275541,46.91566886275541,46.91566886275541,0.907274603843689,0.9173326358873524,ok,True,True,28.325931300024983,8.030747574925641,1.0,0.0,0.9804841750435145
734,1767151746384,63.56941807672485,57.487241662942374,56.41276501686552,56.41276501686552,56.41276501686552,0.9395831227302551,0.930682927993094,ok,True,True,40.07008712178132,6.082176413782477,1.0,0.0,0.9804841750435145
735,1767151746418,65.4552341796808,62.26803717298543,61.763620612701565,61.763620612701565,61.763620612701565,0.9297469854354858,0.9301213624585292,ok,True,True,45.58341931441454,3.1871970066953708,1.0,0.0,0.9804841750435145
736,1767151746455,63.63892636622001,63.09057068892618,63.112054611667816,63.112054611667816,63.112054611667816,0.937390923500061,0.9344830990834483,ok,True,True,45.348597517904025,0.5483556772938343,1.0,0.0,0.9804841750435145
737,1767151746494,61.28601846604556,62.0078393551978,62.29978329400082,62.29978329400082,62.29978329400082,0.9189701080322266,0.9251753044527153,ok,True,True,42.15761600980085,0.7218208891522409,1.0,0.0,0.9804841750435145
738,1767151746527,53.96831402855007,57.18412415920916,57.91189976428133,57.91189976428133,57.91189976428133,0.9348829984664917,0.9309999208609812,ok,True,True,34.20294324846362,3.2158101306590936,1.0,0.0,0.9804841750435145
739,1767151746563,47.31530056977902,51.26283000555108,52.13215096656863,52.13215096656863,52.13215096656863,0.9262973070144653,0.9281783525530717,ok,True,True,24.70116313757338,3.9475294357720614,1.0,0.0,0.9804841750435145
740,1767151746622,37.70681694134032,43.12922216702462,44.225900206459684,44.225900206459684,44.225900206459684,0.9154994487762451,0.9205710102869757,ok,True,True,12.714343481278643,5.422405225684301,1.0,0.0,0.9804841750435145
741,1767151746659,28.327232489826002,34.24802836070545,35.408922755679,35.408922755679,35.408922755679,0.9294105768203735,0.9258747502070144,ok,True,True,0.025631523738496753,5.920795870879445,1.0,0.0,0.9804841750435145
742,1767151746702,18.511517143649023,24.806121630471594,25.989557416559897,25.989557416559897,25.989557416559897,0.9484668970108032,0.9394300382892877,ok,True,True,-12.909460483714671,6.294604486822571,1.0,0.0,0.9804841750435145
743,1767151746738,10.941550605730086,16.48737901562669,17.499856964590663,17.499856964590663,17.499856964590663,0.9499013423919678,0.9457128207508958,ok,True,True,-23.975963271039735,5.545828409896604,1.0,0.0,0.9804841750435145
744,1767151746775,6.551246345683433,10.525699413660735,11.214864313991026,11.214864313991026,11.214864313991026,0.973720908164978,0.9625176731993451,ok,True,True,-31.50861649893057,3.9744530679773025,1.0,0.0,0.9804841750435145
745,1767151746807,5.519559184908978,7.522015276409681,7.816942080011611,7.816942080011611,7.816942080011611,0.9667474031448364,0.9650555111666399,ok,True,True,-34.73220106929811,2.0024560915007026,1.0,0.0,0.9804841750435145
746,1767151746847,6.682946565113019,7.018574049631684,6.978465834953013,6.978465834953013,6.978465834953013,0.9455729126930237,0.9533659520824702,ok,True,True,-34.293813576523256,0.33562748451866486,1.0,0.0,0.9804841750435145
747,1767151746879,6.968457008080661,6.98850382470107,6.859803221780015,6.859803221780015,6.859803221780015,0.9455798268318176,0.9486942769320786,ok,True,True,-32.88710088474201,0.020046816620408414,1.0,0.0,0.9804841750435145
748,1767151746919,9.520642312064057,8.507786917118862,8.201514366737293,8.201514366737293,8.201514366737293,0.9532138109207153,0.9514059973252607,ok,True,True,-29.539505970752028,1.0128553949451948,1.0,0.0,0.9804841750435145
749,1767151746951,13.184667133800525,11.31391504712786,10.85665796028098,10.85665796028098,10.85665796028098,0.9460021257400513,0.9481636743741351,ok,True,True,-24.54163235652362,1.870752086672665,1.0,0.0,0.9804841750435145
750,1767151746986,20.99619423129291,17.12328255762689,16.332587059730653,16.332587059730653,16.332587059730653,0.9566963911056519,0.9532833044130451,ok,True,True,-15.89923778353777,3.872911673666021,1.0,0.0,0.9804841750435145
751,1767151747016,30.190162698225173,24.96341064198586,23.94100696431702,23.94100696431702,23.94100696431702,0.951702892780304,0.9523350574334004,ok,True,True,-4.724245616773807,5.226752056239313,1.0,0.0,0.9804841750435145
752,1767151747049,39.95819239218276,33.960279692103995,32.82448956165815,32.82448956165815,32.82448956165815,0.9293385744094849,0.9385371676190511,ok,True,True,7.690073783719669,5.997912700078764,1.0,0.0,0.9804841750435145
753,1767151747100,52.064922570105765,44.82306541890505,43.51255631297572,43.51255631297572,43.51255631297572,0.9341986775398254,0.9359340735715157,ok,True,True,22.01409208794243,7.241857151200712,1.0,0.0,0.9804841750435145
754,1767151747132,59.85961571853817,53.844995598684925,52.773726394796505,52.773726394796505,52.773726394796505,0.9534362554550171,0.9464353827016165,ok,True,True,33.723190190214794,6.014620119853248,1.0,0.0,0.9804841750435145
755,1767151747179,63.19412274054626,59.45447188380173,58.83431540909254,58.83431540909254,58.83431540909254,0.9284656047821045,0.9356535159499093,ok,True,True,40.50157322855114,3.7396508567445323,1.0,0.0,0.9804841750435145
756,1767151747212,64.6165195944057,62.55170051016411,62.28749104154304,62.28749104154304,62.28749104154304,0.9385614991188049,0.9373983058512467,ok,True,True,43.389413723175835,2.0648190842415914,1.0,0.0,0.9804841750435145
757,1767151747247,58.74381053849375,60.2669665271619,60.65388785927136,60.65388785927136,60.65388785927136,0.9517913460731506,0.9460341299843891,ok,True,True,39.16031816149338,1.523155988668151,1.0,0.0,0.9804841750435145
758,1767151747295,51.05829379714335,54.74176288915076,55.54727858929591,55.54727858929591,55.54727858929591,0.9213491678237915,0.9312231526880306,ok,True,True,30.35593703891003,3.683469092007414,1.0,0.0,0.9804841750435145
759,1767151747327,43.04619614509485,47.72442284271722,48.71043414524485,48.71043414524485,48.71043414524485,0.9320847988128662,0.931740140362932,ok,True,True,19.57871780275626,4.678226697622371,1.0,0.0,0.9804841750435145
760,1767151747378,32.882651984609396,38.81936032785252,39.99610444379869,39.99610444379869,39.99610444379869,0.9190051555633545,0.9240991494831854,ok,True,True,6.716766535163693,5.936708343243126,1.0,0.0,0.9804841750435145
761,1767151747414,21.6160272474318,28.49736047960009,29.805681666846066,29.805681666846066,29.805681666846066,0.9473088979721069,0.9380249985765383,ok,True,True,-7.583337561117473,6.881333232168291,1.0,0.0,0.9804841750435145
762,1767151747448,8.608407796309221,16.563988869625568,18.01363485974315,18.01363485974315,18.01363485974315,0.9598735570907593,0.9511341336850709,ok,True,True,-23.42813833597529,7.955581073316347,1.0,0.0,0.9804841750435145
763,1767151747486,7.394518568925262,11.062306689205386,11.750961710217487,11.750961710217487,11.750961710217487,0.960690438747406,0.956867916722472,ok,True,True,-30.955218523088575,3.6677881202801235,1.0,0.0,0.9804841750435145
764,1767151747518,6.853717179117439,8.537152983152616,8.780674582167727,8.780674582167727,8.780674582167727,0.9620412588119507,0.9599719219761592,ok,True,True,-33.616938175385386,1.6834358040351773,1.0,0.0,0.9804841750435145
765,1767151747550,7.395622057562857,7.85223442779876,7.830792109999901,7.830792109999901,7.830792109999901,0.9470918774604797,0.9522438952667516,ok,True,True,-33.382571125781396,0.45661237023590306,1.0,0.0,0.9804841750435145
766,1767151747582,8.109395291313636,8.006530945907684,7.862727084795223,7.862727084795223,7.862727084795223,0.9687597155570984,0.9621533874409597,ok,True,True,-31.810778049737046,0.10286434540595124,1.0,0.0,0.9804841750435145
767,1767151747613,9.90339194388307,9.144647544692916,8.883234143534429,8.883234143534429,8.883234143534429,0.9486805200576782,0.9540696670109907,ok,True,True,-28.95349890057163,0.7587443991901548,1.0,0.0,0.9804841750435145
768,1767151747643,14.103907652936762,12.120203609639223,11.651223920700767,11.651223920700767,11.651223920700767,0.9562366008758545,0.9553698273299089,ok,True,True,-23.827495869940762,1.9837040432975392,1.0,0.0,0.9804841750435145
769,1767151747675,19.97228896434816,16.831454822464586,16.164664550628242,16.164664550628242,16.164664550628242,0.959309458732605,0.9577336061715265,ok,True,True,-16.539399956949477,3.1408341418835732,1.0,0.0,0.9804841750435145
770,1767151747707,27.679272008101762,23.34014513384689,22.477785504865054,22.477785504865054,22.477785504865054,0.9465659260749817,0.9510329981135996,ok,True,True,-7.113708022059058,4.339126874254873,1.0,0.0,0.9804841750435145
771,1767151747743,37.98771227297469,32.12868541732357,31.02511873987939,31.02511873987939,31.02511873987939,0.9389500021934509,0.9437832005615103,ok,True,True,4.948405255994762,5.859026855651123,1.0,0.0,0.9804841750435145
772,1767151747773,48.886777589110174,42.18354072039553,40.95659857001161,40.95659857001161,40.95659857001161,0.905713677406311,0.9209414866683908,ok,True,True,18.35902693027812,6.703236868714647,1.0,0.0,0.9804841750435145
773,1767151747804,60.03675438155538,52.89546891709144,51.631314108701325,51.631314108701325,51.631314108701325,0.8943827152252197,0.9050062238024881,ok,True,True,32.17638732313881,7.141285464463941,1.0,0.0,0.9804841750435145
774,1767151747840,64.70397106893509,59.98057020819763,59.16844283945454,59.16844283945454,59.16844283945454,0.964883029460907,0.9409323071975394,ok,True,True,41.053034759317356,4.723400860737456,1.0,0.0,0.9804841750435145
775,1767151747905,66.67895135274334,63.99959889492506,63.61313701751956,63.61313701751956,63.61313701751956,0.9244011640548706,0.9310136213119381,ok,True,True,45.27710842717259,2.6793524578182826,1.0,0.0,0.9804841750435145
776,1767151747945,66.47281162896935,65.48352653535163,65.44321959822915,65.44321959822915,65.44321959822915,0.9613741040229797,0.9492299109385631,ok,True,True,45.71766797957652,0.989285093617724,1.0,0.0,0.9804841750435145
777,1767151747983,63.61141961299331,64.36026238193664,64.651206808284,64.651206808284,64.651206808284,0.9564648270606995,0.9535708606118449,ok,True,True,42.537611259897474,0.7488427689433266,1.0,0.0,0.9804841750435145
778,1767151748025,56.819113703072546,59.83557317461818,60.53127767786873,60.53127767786873,60.53127767786873,0.9452809691429138,0.9485969257304863,ok,True,True,34.93347940472485,3.0164594715456374,1.0,0.0,0.9804841750435145
779,1767151748061,38.68458258962565,47.144978823622665,48.76893539981508,48.76893539981508,48.76893539981508,0.9823161959648132,0.9688284878710824,ok,True,True,17.183443470295106,8.460396233997017,1.0,0.0,0.9804841750435145
780,1767151748118,27.516518928729866,35.367902886686984,36.927469914904805,36.927469914904805,36.927469914904805,0.9252502918243408,0.9426815702430376,ok,True,True,0.13719285075999466,7.851383957957118,1.0,0.0,0.9804841750435145
781,1767151748156,18.663735354933884,25.345402367635124,26.638545582686714,26.638545582686714,26.638545582686714,0.9462332725524902,0.9448125916287091,ok,True,True,-13.997014228438454,6.68166701270124,1.0,0.0,0.9804841750435145
782,1767151748192,11.51508307778323,17.047210793723988,18.065593234090702,18.065593234090702,18.065593234090702,0.9595493078231812,0.9536546213453924,ok,True,True,-25.128053799634266,5.532127715940758,1.0,0.0,0.9804841750435145
783,1767151748224,7.960407083228402,11.595128567426636,12.223792097336252,12.223792097336252,12.223792097336252,0.9683692455291748,0.9624833958556618,ok,True,True,-31.999419949537383,3.6347214841982343,1.0,0.0,0.9804841750435145
784,1767151748260,5.264756761684398,7.796905483981293,8.171929683163178,8.171929683163178,8.171929683163178,0.9818912744522095,0.9741281230135903,ok,True,True,-36.09847845230026,2.5321487222968946,1.0,0.0,0.9804841750435145
785,1767151748291,5.849904601115556,6.628704954261851,6.666644668763566,6.666644668763566,6.666644668763566,0.9569231271743774,0.9638051255100626,ok,True,True,-36.51316398368707,0.7788003531462948,1.0,0.0,0.9804841750435145
786,1767151748327,6.939254790540984,6.81503485602933,6.662636806078915,6.662636806078915,6.662636806078915,0.9520522356033325,0.9567533915660246,ok,True,True,-34.84743541519339,0.12421993451165392,1.0,0.0,0.9804841750435145
787,1767151748358,8.988869988139886,8.119335935295663,7.827119103674734,7.827119103674734,7.827119103674734,0.9579125642776489,0.9574488951929991,ok,True,True,-31.65347115656896,0.869534052844223,1.0,0.0,0.9804841750435145
788,1767151748396,12.214562685275165,10.576471985283364,10.151868953928926,10.151868953928926,10.151868953928926,0.9607951045036316,0.9594566207793787,ok,True,True,-27.012510200531608,1.6380906999918015,1.0,0.0,0.9804841750435145
789,1767151748597,18.35633330665063,15.244388778103723,14.575538691153644,14.575538691153644,14.575538691153644,0.9561954140663147,0.9574998967515402,ok,True,True,-19.701900266646486,3.111944528546907,1.0,0.0,0.9804841750435145
790,1767151748629,26.208861903833636,21.823072653541672,20.940906231022158,20.940906231022158,20.940906231022158,0.9333655834197998,0.943019308752496,ok,True,True,-10.059717754240806,4.385789250291964,1.0,0.0,0.9804841750435145
791,1767151748659,35.73454365309616,30.169955253274367,29.10251004935587,29.10251004935587,29.10251004935587,0.9338167309761047,0.9374977620866612,ok,True,True,1.6075835796484697,5.564588399821794,1.0,0.0,0.9804841750435145
792,1767151748694,47.10035592625089,40.328195657060284,39.08131788659187,39.08131788659187,39.08131788659187,0.931535005569458,0.9339201081763393,ok,True,True,15.236103920720502,6.772160269190607,1.0,0.0,0.9804841750435145
793,1767151748745,60.434004543752785,52.39168098907578,50.96284087628353,50.96284087628353,50.96284087628353,0.8230868577957153,0.8674201579479649,ok,True,True,30.853494015030535,8.042323554677004,1.0,0.0,0.9804841750435145
794,1767151748778,52.1361493132605,52.238361983586614,52.21078724524022,52.21078724524022,52.21078724524022,0.9267578125,0.9030227506791859,ok,True,True,31.154889140803323,0.10221267032611081,1.0,0.0,0.9804841750435145
795,1767151748810,42.016146975266814,46.105032978594735,46.90237704389971,46.90237704389971,46.90237704389971,0.9465377330780029,0.9291317401184761,ok,True,True,22.439824945890564,4.0888860033279215,1.0,0.0,0.9804841750435145
796,1767151748846,31.95083629287391,37.61251496716224,38.732803935571795,38.732803935571795,38.732803935571795,0.9113945960998535,0.9184894537073026,ok,True,True,10.19493506537523,5.661678674288332,1.0,0.0,0.9804841750435145
797,1767151748878,17.72306301741437,25.67884379731352,27.173676586843094,27.173676586843094,27.173676586843094,0.975780725479126,0.9528642167703967,ok,True,True,-6.143762729318791,7.9557807798991504,1.0,0.0,0.9804841750435145
798,1767151748914,11.281402116762608,17.040378788982974,18.14846353820615,18.14846353820615,18.14846353820615,0.9585515260696411,0.9562766023499434,ok,True,True,-18.255259062072007,5.758976672220365,1.0,0.0,0.9804841750435145
799,1767151748947,8.68180128538257,12.025232286822732,12.640710608271291,12.640710608271291,12.640710608271291,0.9598894119262695,0.9584442880957391,ok,True,True,-24.98250933633058,3.3434310014401625,1.0,0.0,0.9804841750435145
800,1767151749054,7.789446807114396,9.483760998997731,9.743156508490458,9.743156508490458,9.743156508490458,0.9592293500900269,0.9589153252923117,ok,True,True,-27.81773269280785,1.6943141918833353,1.0,0.0,0.9804841750435145
801,1767151749084,7.332728952556619,8.193141771133064,8.262645433961493,8.262645433961493,8.262645433961493,0.955314040184021,0.9567545542273372,ok,True,True,-28.57741588315008,0.860412818576445,1.0,0.0,0.9804841750435145
802,1767151749115,7.797401121043723,7.95569738107946,7.883640666605371,7.883640666605371,7.883640666605371,0.9513316750526428,0.9535008267225206,ok,True,True,-27.789827538743207,0.15829626003573694,1.0,0.0,0.9804841750435145
803,1767151749143,8.733676746022823,8.422485000045478,8.258962441331304,8.258962441331304,8.258962441331304,0.9555195569992065,0.9547120648885321,ok,True,True,-26.002506784100948,0.3111917459773448,1.0,0.0,0.9804841750435145
804,1767151749174,20.96682534099026,15.949089204612346,14.994086994523531,14.994086994523531,14.994086994523531,0.9250981211662292,0.9369436986551504,ok,True,True,-15.564220566940552,5.017736136377913,1.0,0.0,0.9804841750435145
805,1767151749206,30.613798883001728,24.747915011645976,23.601423190704544,23.601423190704544,23.601423190704544,0.9465774893760681,0.9427239730877011,ok,True,True,-3.032930433583548,5.865883871355752,1.0,0.0,0.9804841750435145
806,1767151749245,42.673952644679595,35.50353759146614,34.16390233896251,34.16390233896251,34.16390233896251,0.9199395179748535,0.9290533000199925,ok,True,True,11.609440070386706,7.170415053213453,1.0,0.0,0.9804841750435145
807,1767151749273,55.31074818754049,47.38786394911075,45.955174832725746,45.955174832725746,45.955174832725746,0.9323678016662598,0.9310420010077529,ok,True,True,27.268900225611425,7.922884238429738,1.0,0.0,0.9804841750435145
808,1767151749306,62.80416020122631,56.63764170038009,55.546856185998095,55.546856185998095,55.546856185998095,0.9379793405532837,0.9352044047350714,ok,True,True,39.1913138916414,6.166518500846223,1.0,0.0,0.9804841750435145
809,1767151749335,66.21188254487146,62.38218620707491,61.765119695863945,61.765119695863945,61.765119695863945,0.920170247554779,0.9261839104268961,ok,True,True,45.93592326636278,3.8296963377965483,1.0,0.0,0.9804841750435145
810,1767151749365,64.97741785226569,63.93932519418938,63.867561381825055,63.867561381825055,63.867561381825055,0.9386481046676636,0.9336624269713565,ok,True,True,46.72031015634047,1.0380926580763088,1.0,0.0,0.9804841750435145
811,1767151749414,63.11689003058795,63.44586409602853,63.66673772676703,63.66673772676703,63.66673772676703,0.9432412385940552,0.9394097139449757,ok,True,True,44.3061354548416,0.32897406544057617,1.0,0.0,0.9804841750435145
812,1767151749473,58.48447346664905,60.46902971840085,60.990742659160844,60.990742659160844,60.990742659160844,0.9307711124420166,0.9342265530432002,ok,True,True,38.60375179403014,1.9845562517517976,1.0,0.0,0.9804841750435145
813,1767151749513,50.05948140203058,54.223300728578685,55.12220472738184,55.12220472738184,55.12220472738184,0.9239675998687744,0.9280711811385448,ok,True,True,28.77862560884077,4.163819326548108,1.0,0.0,0.9804841750435145
814,1767151749559,39.74620762703151,45.53704486765038,46.71387264775563,46.71387264775563,46.71387264775563,0.9427111744880676,0.9368551771482585,ok,True,True,15.915759882172237,5.79083724061887,1.0,0.0,0.9804841750435145
815,1767151749593,30.79317900731405,36.69072535144858,37.86858272798606,37.86858272798606,37.86858272798606,0.9405363202095032,0.9390638629850053,ok,True,True,3.0416405456855617,5.897546344134529,1.0,0.0,0.9804841750435145
816,1767151749629,14.406349749687497,23.32009999039193,24.955119281494408,24.955119281494408,24.955119281494408,0.9850544929504395,0.9666582409642658,ok,True,True,-14.829312160820871,8.913750240704434,1.0,0.0,0.9804841750435145
817,1767151749663,9.582880220691724,15.077768128571808,16.12497549901278,16.12497549901278,16.12497549901278,0.9695838093757629,0.9684135820111641,ok,True,True,-26.275411600073696,5.494887907880084,1.0,0.0,0.9804841750435145
818,1767151749702,8.07112952387038,10.873784965750952,11.362101287043702,11.362101287043702,11.362101287043702,0.9588428735733032,0.9626711569484476,ok,True,True,-31.61276629131629,2.802655441880571,1.0,0.0,0.9804841750435145
819,1767151749732,7.712099150422999,8.976773476554179,9.12538508760521,9.12538508760521,9.12538508760521,0.9656714200973511,0.9644713148377897,ok,True,True,-33.23710863833527,1.2646743261311801,1.0,0.0,0.9804841750435145
820,1767151749770,9.017848059550053,9.001418226351703,8.891604589720846,8.891604589720846,8.891604589720846,0.9566857218742371,0.9597999590596581,ok,True,True,-32.0368327043209,0.016429833198349897,1.0,0.0,0.9804841750435145
821,1767151749800,12.743961359161181,11.24694410603739,10.864889300037815,10.864889300037815,10.864889300037815,0.9589030146598816,0.9592617924197921,ok,True,True,-27.86092884406243,1.4970172531237917,1.0,0.0,0.9804841750435145
822,1767151749832,19.55834278917048,16.233783315917243,15.530931802951848,15.530931802951848,15.530931802951848,0.9529368877410889,0.9554668496125701,ok,True,True,-20.17867933406945,3.324559473253238,1.0,0.0,0.9804841750435145
823,1767151749871,27.45979846329017,22.969392404341,22.06414362776183,22.06414362776183,22.06414362776183,0.9246994853019714,0.9370064310262108,ok,True,True,-10.284203983285808,4.490406058949169,1.0,0.0,0.9804841750435145
824,1767151749903,38.627425326600246,32.36421215769655,31.17639918880322,31.17639918880322,31.17639918880322,0.9143644571304321,0.9234212466887437,ok,True,True,2.6987311458491803,6.263213168903697,1.0,0.0,0.9804841750435145
825,1767151749933,49.08088238993039,42.394214297036854,41.15227422627085,41.15227422627085,41.15227422627085,0.9307049512863159,0.927791469447287,ok,True,True,16.273281849779316,6.686668092893534,1.0,0.0,0.9804841750435145
826,1767151749965,58.585103584126365,52.10874786929055,50.94647540098638,50.94647540098638,50.94647540098638,0.9445973038673401,0.9378749700993187,ok,True,True,28.9770563105276,6.476355714835812,1.0,0.0,0.9804841750435145
827,1767151749999,62.34672392958676,58.251533505468274,57.544043119102604,57.544043119102604,57.544043119102604,0.9308560490608215,0.9336636174762204,ok,True,True,36.71000925111554,4.095190424118485,1.0,0.0,0.9804841750435145
828,1767151750044,57.56604332198105,57.84023939537594,57.94375105835853,57.94375105835853,57.94375105835853,0.938520073890686,0.9365774913248999,ok,True,True,35.57861462855645,0.27419607339489005,1.0,0.0,0.9804841750435145
829,1767151750082,51.10654268835484,53.80002137116328,54.39484814448829,54.39484814448829,54.39484814448829,0.9203909635543823,0.9268655746625893,ok,True,True,29.077088198561015,2.69347868280844,1.0,0.0,0.9804841750435145
830,1767151750120,42.222206236327644,46.8533322902619,47.803186670702736,47.803186670702736,47.803186670702736,0.9388680458068848,0.9340670573491665,ok,True,True,18.6950683635044,4.63112605393426,1.0,0.0,0.9804841750435145
831,1767151750155,31.14961158459376,37.43109986686102,38.658240744783114,38.658240744783114,38.658240744783114,0.9000435471534729,0.9136529512317504,ok,True,True,5.282274573909838,6.281488282267258,1.0,0.0,0.9804841750435145
832,1767151750194,21.851639313568203,28.08342353488533,29.283291970045447,29.283291970045447,29.283291970045447,0.9456193447113037,0.9328327873194824,ok,True,True,-7.8324282161212775,6.2317842213171275,1.0,0.0,0.9804841750435145
833,1767151750239,11.816634337352573,18.323350016365676,19.517411345705796,19.517411345705796,19.517411345705796,0.9376095533370972,0.9356988469300512,ok,True,True,-20.88365865812839,6.506715679013103,1.0,0.0,0.9804841750435145
834,1767151750282,7.442801944156682,11.79502117304028,12.579197652915703,12.579197652915703,12.579197652915703,0.9760404825210571,0.9599038282846548,ok,True,True,-29.45479959919882,4.352219228883597,1.0,0.0,0.9804841750435145
835,1767151750321,6.392171561770185,8.553311406278223,8.893047929646293,8.893047929646293,8.893047929646293,0.9687640070915222,0.9652199355687752,ok,True,True,-33.16815966462644,2.161139844508037,1.0,0.0,0.9804841750435145
836,1767151750364,6.866252120360115,7.5410758347273585,7.5685719425683065,7.5685719425683065,7.5685719425683065,0.9623096585273743,0.9634737693439346,ok,True,True,-33.468695349748074,0.6748237143672435,1.0,0.0,0.9804841750435145
837,1767151750399,6.635622995102842,6.997804130952648,6.936994786605451,6.936994786605451,6.936994786605451,0.9598643183708191,0.9613080987600653,ok,True,True,-32.804042080605505,0.3621811358498066,1.0,0.0,0.9804841750435145
838,1767151750433,7.384288309680896,7.2296946381895975,7.074989430940876,7.074989430940876,7.074989430940876,0.9552916288375854,0.9576982168065774,ok,True,True,-31.113096012117257,0.15459367149129832,1.0,0.0,0.9804841750435145
839,1767151750467,8.317293700103791,7.882254075338114,7.676410825495896,7.676410825495896,7.676410825495896,0.953048825263977,0.9549085818810172,ok,True,True,-28.863205137494358,0.43503962476567715,1.0,0.0,0.9804841750435145
840,1767151750504,11.169662397532846,9.854699068654954,9.504210888599527,9.504210888599527,9.504210888599527,0.9631694555282593,0.9598651060693624,ok,True,True,-25.032328202864072,1.3149633288778926,1.0,0.0,0.9804841750435145
841,1767151750536,15.968642525045334,13.523065142489182,12.981409700657442,12.981409700657442,12.981409700657442,0.9552263021469116,0.9570818237158919,ok,True,True,-19.111970665265957,2.445577382556152,1.0,0.0,0.9804841750435145
842,1767151750571,24.589331402737233,20.162824898638014,19.29023241709517,19.29023241709517,19.29023241709517,0.9530482292175293,0.9546616670168744,ok,True,True,-9.574432451150827,4.426506504099219,1.0,0.0,0.9804841750435145
843,1767151750603,33.50532993239208,28.16832791889045,27.141856737699428,27.141856737699428,27.141856737699428,0.9450766444206238,0.9489106534591241,ok,True,True,1.645018006395377,5.337002013501628,1.0,0.0,0.9804841750435145
844,1767151750634,44.04354871669748,37.69346039757467,36.52195374861448,36.52195374861448,36.52195374861448,0.9298332929611206,0.937464237160322,ok,True,True,14.449723145261622,6.350088319122811,1.0,0.0,0.9804841750435145
845,1767151750694,51.508568887311846,45.98252549141698,44.98042121719153,44.98042121719153,44.98042121719153,0.964530885219574,0.9537042259958731,ok,True,True,25.40284045043759,5.526043395894867,1.0,0.0,0.9804841750435145
846,1767151750740,58.62944428641305,53.57067676841462,52.70645328048776,52.70645328048776,52.70645328048776,0.9557685256004333,0.9549428057586093,ok,True,True,34.84890458230417,5.058767517998426,1.0,0.0,0.9804841750435145
847,1767151750772,62.59884809393051,58.987579563724154,58.41621104630732,58.41621104630732,58.41621104630732,0.9459249377250671,0.9495320849384841,ok,True,True,41.09402952260866,3.6112685302063596,1.0,0.0,0.9804841750435145
848,1767151750817,61.82004949327481,60.687061521454545,60.5864986342673,60.5864986342673,60.5864986342673,0.9495057463645935,0.9495162817941497,ok,True,True,42.19319367971241,1.1329879718202633,1.0,0.0,0.9804841750435145
849,1767151750851,61.13750728690262,60.95732898072339,61.07290961930807,61.07290961930807,61.07290961930807,0.9179543852806091,0.9305791438860254,ok,True,True,40.92988373763713,0.18017830617922925,1.0,0.0,0.9804841750435145
850,1767151750885,55.63097829123579,57.76151856703083,58.283358886404294,58.283358886404294,58.283358886404294,0.9404863715171814,0.9365234804647189,ok,True,True,35.22610781363381,2.130540275795042,1.0,0.0,0.9804841750435145
851,1767151750933,47.082590908652946,51.35416197200411,52.25855330591306,52.25855330591306,52.25855330591306,0.9332230091094971,0.9345431976515859,ok,True,True,25.3410044118488,4.2715710633511605,1.0,0.0,0.9804841750435145
852,1767151750966,36.3845961653625,42.37242248801914,43.57005186849237,43.57005186849237,43.57005186849237,0.9246159791946411,0.9285868665774191,ok,True,True,12.250774752278172,5.9878263226566375,1.0,0.0,0.9804841750435145
853,1767151751014,26.48490073599526,32.83990943680482,34.08303746689983,34.08303746689983,34.08303746689983,0.9553343653678894,0.9446353658517013,ok,True,True,-1.3367604865144056,6.355008700809556,1.0,0.0,0.9804841750435145
854,1767151751052,15.760709632235253,22.59238955406308,23.86984633239438,23.86984633239438,23.86984633239438,0.9457554221153259,0.945307399609876,ok,True,True,-15.29951297169835,6.831679921827826,1.0,0.0,0.9804841750435145
855,1767151751085,8.522565576043004,14.150495167251034,15.178319481056498,15.178319481056498,15.178319481056498,0.9456689357757568,0.9455243213094044,ok,True,True,-26.533753327498307,5.62792959120803,1.0,0.0,0.9804841750435145
856,1767151751121,7.498895949901074,10.159535636841058,10.620952798625224,10.620952798625224,10.620952798625224,0.9398068189620972,0.94209381990102,ok,True,True,-31.577097048938494,2.6606396869399838,1.0,0.0,0.9804841750435145
857,1767151751154,6.529820274636805,7.981706419518506,8.158789664323697,8.158789664323697,8.158789664323697,0.9491376876831055,0.9463201405702713,ok,True,True,-33.512637693779695,1.4518861448817013,1.0,0.0,0.9804841750435145
858,1767151751186,8.40940626465967,8.238326326603204,8.104775368102558,8.104775368102558,8.104775368102558,0.9525106549263,0.9500344491838886,ok,True,True,-32.05291004636806,0.17107993805646693,1.0,0.0,0.9804841750435145
859,1767151751218,11.17107049501311,9.997972827649146,9.667436220352506,9.667436220352506,9.667436220352506,0.9532212615013123,0.9519465365743428,ok,True,True,-28.44010614312828,1.1730976673639635,1.0,0.0,0.9804841750435145
860,1767151751254,15.347418653436147,13.207640323121346,12.706727639478457,12.706727639478457,12.706727639478457,0.9584279656410217,0.9558353940143501,ok,True,True,-22.965071733329232,2.139778330314801,1.0,0.0,0.9804841750435145
861,1767151751288,23.632583764596095,19.462606388006193,18.623172138786714,18.623172138786714,18.623172138786714,0.9550582766532898,0.955369123597714,ok,True,True,-13.78995688932781,4.169977376589902,1.0,0.0,0.9804841750435145
862,1767151751325,32.23735251975602,27.12745406705609,26.127020222148218,26.127020222148218,26.127020222148218,0.947044312953949,0.950374237211455,ok,True,True,-2.8550975726028494,5.109898452699934,1.0,0.0,0.9804841750435145
863,1767151751356,44.082986940818174,37.30077379131334,36.043089843079485,36.043089843079485,36.043089843079485,0.951079785823822,0.9507975663788752,ok,True,True,10.891535559452821,6.782213149504834,1.0,0.0,0.9804841750435145
864,1767151751393,52.81640407964434,46.61015196431194,45.47131906913033,45.47131906913033,45.47131906913033,0.9288365840911865,0.937620977006262,ok,True,True,23.33911273554915,6.206252115332404,1.0,0.0,0.9804841750435145
865,1767151751424,59.66872367890761,54.44529499306934,53.53056834974763,53.53056834974763,53.53056834974763,0.91355961561203,0.9231841601697228,ok,True,True,33.337182281970826,5.223428685838272,1.0,0.0,0.9804841750435145
866,1767151751457,62.45800386188419,59.25292031435825,58.738290656056364,58.738290656056364,58.738290656056364,0.939140260219574,0.9327578201996336,ok,True,True,38.96214483435591,3.2050835475259376,1.0,0.0,0.9804841750435145
867,1767151751506,62.020993624713455,60.91376430057137,60.815915012178316,60.815915012178316,60.815915012178316,0.9007569551467896,0.9135573011679272,ok,True,True,40.03164903822285,1.1072293241420823,1.0,0.0,0.9804841750435145
868,1767151751541,60.426188165903156,60.621218619770445,60.79187425309148,60.79187425309148,60.79187425309148,0.9334650635719299,0.9255019586103288,ok,True,True,38.166362941125705,0.19503045386728957,1.0,0.0,0.9804841750435145
869,1767151751574,55.955806264254385,57.8219712064608,58.29541839328135,58.29541839328135,58.29541839328135,0.9456592798233032,0.9375963513381135,ok,True,True,32.99152963442294,1.8661649422064173,1.0,0.0,0.9804841750435145
870,1767151751636,48.68368395376288,52.338998854842046,53.126508903457,53.126508903457,53.126508903457,0.9396859407424927,0.9388501049807411,ok,True,True,24.383952395865222,3.6553149010791657,1.0,0.0,0.9804841750435145
871,1767151751673,38.647759403682585,44.12425518414637,45.2196777887102,45.2196777887102,45.2196777887102,0.9262956380844116,0.9313174248429434,ok,True,True,12.410854790027017,5.476495780463786,1.0,0.0,0.9804841750435145
872,1767151751733,29.710656653833738,35.47609606595879,36.60971314181373,36.60971314181373,36.60971314181373,0.9396075010299683,0.9362914705551583,ok,True,True,0.020287131200539932,5.765439412125055,1.0,0.0,0.9804841750435145
873,1767151751775,22.377227503252524,27.616774928335033,28.620519832952763,28.620519832952763,28.620519832952763,0.9467833638191223,0.9425866065135368,ok,True,True,-10.950762456676136,5.23954742508251,1.0,0.0,0.9804841750435145
874,1767151751809,10.225938224249983,17.182272905884005,18.41811526165167,18.41811526165167,18.41811526165167,0.950506865978241,0.9473387621923594,ok,True,True,-24.45866442016264,6.956334681634022,1.0,0.0,0.9804841750435145
875,1767151751847,8.865560880225342,12.192245690488807,12.796101114300498,12.796101114300498,12.796101114300498,0.9671653509140015,0.9592347154253447,ok,True,True,-31.058875059408123,3.3266848102634654,1.0,0.0,0.9804841750435145
876,1767151751878,9.446432701185818,10.544757896907015,10.680476563763534,10.680476563763534,10.680476563763534,0.957930862903595,0.9584524039122948,ok,True,True,-32.54229601351046,1.0983251957211966,1.0,0.0,0.9804841750435145
877,1767151751912,9.884816551816895,10.148793089852944,10.087068086465637,10.087068086465637,10.087068086465637,0.9675626754760742,0.9639185668505624,ok,True,True,-31.86763448361516,0.26397653803604904,1.0,0.0,0.9804841750435145
878,1767151751943,11.653346755671842,11.051525289344283,10.825331300413822,10.825331300413822,10.825331300413822,0.9637676477432251,0.96382801538616,ok,True,True,-29.3953076427822,0.601821466327559,1.0,0.0,0.9804841750435145
879,1767151751974,15.83160302986405,13.919571933656144,13.464878072768037,13.464878072768037,13.464878072768037,0.9667655229568481,0.9655905199285729,ok,True,True,-24.425450389054614,1.9120310962079063,1.0,0.0,0.9804841750435145
880,1767151752006,21.005481927325995,18.171117929858056,17.555003572398633,17.555003572398633,17.555003572398633,0.9441508054733276,0.9527266912554258,ok,True,True,-17.69124816656423,2.834363997467939,1.0,0.0,0.9804841750435145
881,1767151752037,29.306682107750987,24.852456436593815,23.97219879985122,23.97219879985122,23.97219879985122,0.9596827030181885,0.9569002983130834,ok,True,True,-8.06992890667904,4.454225671157172,1.0,0.0,0.9804841750435145
882,1767151752066,38.16001742586577,32.83699303015699,31.817603429946153,31.817603429946153,31.817603429946153,0.949636697769165,0.9525421379867325,ok,True,True,3.0721190397941314,5.323024395708778,1.0,0.0,0.9804841750435145
883,1767151752102,48.73027761201798,42.37296377927358,41.20634697988735,41.20634697988735,41.20634697988735,0.9562560319900513,0.9547704743887238,ok,True,True,15.82337754903736,6.357313832744396,1.0,0.0,0.9804841750435145
884,1767151752141,57.343857034268716,51.35549973227066,50.28165569983467,50.28165569983467,50.28165569983467,0.967353105545044,0.9623200530825158,ok,True,True,27.560618829467515,5.988357301998057,1.0,0.0,0.9804841750435145
885,1767151752176,62.53556991736845,58.06354184332933,57.297564948096316,57.297564948096316,57.297564948096316,0.9577631950378418,0.9595859382557115,ok,True,True,35.93283617483944,4.472028074039116,1.0,0.0,0.9804841750435145
886,1767151752208,65.2752505850198,62.390567088343616,61.95583328233012,61.95583328233012,61.95583328233012,0.9382110834121704,0.9467610253495868,ok,True,True,40.68452768665523,2.884683496676189,1.0,0.0,0.9804841750435145
887,1767151752244,64.46984181565544,63.63813192473071,63.601731752876574,63.601731752876574,63.601731752876574,0.9529262781143188,0.950460177008426,ok,True,True,41.082385836252506,0.8317098909247349,1.0,0.0,0.9804841750435145
888,1767151752275,62.982586267654035,63.2448045304847,63.43747512715707,63.43747512715707,63.43747512715707,0.9521938562393188,0.9515003845469616,ok,True,True,38.976473606468,0.26221826283066463,1.0,0.0,0.9804841750435145
889,1767151752314,59.19187290405039,60.81304555462411,61.25094947616935,61.25094947616935,61.25094947616935,0.947015106678009,0.94880921782559,ok,True,True,34.19013235990577,1.621172650573719,1.0,0.0,0.9804841750435145
890,1767151752375,52.17147819167349,55.62810513685374,56.38284511709614,56.38284511709614,56.38284511709614,0.9549209475517273,0.9524762556612725,ok,True,True,25.94073581393186,3.456626945180247,1.0,0.0,0.9804841750435145
891,1767151752410,42.75258770478152,47.9027946776104,48.945727621899685,48.945727621899685,48.945727621899685,0.942887008190155,0.9467227071786021,ok,True,True,14.541356354082327,5.150206972828883,1.0,0.0,0.9804841750435145
892,1767151752446,32.34097699963014,38.56570407082225,39.778278046126474,39.778278046126474,39.778278046126474,0.9175747036933899,0.9292339050874748,ok,True,True,1.2877805193956924,6.224727071192106,1.0,0.0,0.9804841750435145
893,1767151752479,22.52377309325975,28.940545484284748,30.15489658494511,30.15489658494511,30.15489658494511,0.9564475417137146,0.9455620870632186,ok,True,True,-11.985219503963197,6.416772391024999,1.0,0.0,0.9804841750435145
894,1767151752515,11.368290352299875,18.397192405093826,19.664839833034367,19.664839833034367,19.664839833034367,0.9660647511482239,0.9578636855142217,ok,True,True,-25.84075463833738,7.028902052793951,1.0,0.0,0.9804841750435145
895,1767151752546,10.262991303659215,13.51667174423306,14.106713515241445,14.106713515241445,14.106713515241445,0.9679941534996033,0.9639419663054507,ok,True,True,-32.28998043153523,3.253680440573845,1.0,0.0,0.9804841750435145
896,1767151752580,10.153952832656897,11.499040397287363,11.66994778598177,11.66994778598177,11.66994778598177,0.9623404741287231,0.9629810709994142,ok,True,True,-34.15801824440458,1.3450875646304663,1.0,0.0,0.9804841750435145
897,1767151752613,9.676412377401176,10.405463585355651,10.419512999549676,10.419512999549676,10.419512999549676,0.9505223631858826,0.9555058463112953,ok,True,True,-34.311579990117224,0.7290512079544751,1.0,0.0,0.9804841750435145
898,1767151752645,9.48713533937043,9.854466637764519,9.789883032423925,9.789883032423925,9.789883032423925,0.950574517250061,0.9525470488745548,ok,True,True,-33.60567360544136,0.3673312983940882,1.0,0.0,0.9804841750435145
899,1767151752677,11.477104677172681,10.828049461409416,10.58716317519063,10.58716317519063,10.58716317519063,0.9614954590797424,0.9579160949976673,ok,True,True,-30.972758231238554,0.6490552157632656,1.0,0.0,0.9804841750435145
900,1767151752708,14.28589706809006,12.902758025417803,12.529097562334051,12.529097562334051,12.529097562334051,0.952694296836853,0.9547830161011787,ok,True,True,-26.888605524050398,1.3831390426722567,1.0,0.0,0.9804841750435145
901,1767151752739,18.635918245527854,16.342654157483835,15.81700550019701,15.81700550019701,15.81700550019701,0.9568068981170654,0.9559973453107107,ok,True,True,-21.14320401977989,2.293264088044019,1.0,0.0,0.9804841750435145
902,1767151752772,25.474381016117995,21.82169027266433,21.072871812912553,21.072871812912553,21.072871812912553,0.9630246162414551,0.9602137078691573,ok,True,True,-12.958530387605421,3.6526907434536646,1.0,0.0,0.9804841750435145
903,1767151752803,34.06874709193394,29.169924364226098,28.218033006693233,28.218033006693233,28.218033006693233,0.9589400887489319,0.9594495363970221,ok,True,True,-2.5542461539120254,4.898822727707845,1.0,0.0,0.9804841750435145
904,1767151752835,44.694618507551596,38.4847408502214,37.32940823874004,37.32940823874004,37.32940823874004,0.9409596920013428,0.9483556297596145,ok,True,True,10.073674857433394,6.209877657330196,1.0,0.0,0.9804841750435145
905,1767151752885,57.20063915218423,49.7142798313991,48.36952515453113,48.36952515453113,48.36952515453113,0.8994998931884766,0.9190421878169318,ok,True,True,24.772001270424077,7.486359320785134,1.0,0.0,0.9804841750435145
906,1767151752918,65.8101781967671,59.3718188506199,58.236049619729854,58.236049619729854,58.236049619729854,0.9567323923110962,0.9416563105134305,ok,True,True,37.18609223632028,6.438359346147195,1.0,0.0,0.9804841750435145
907,1767151752952,65.35405806522135,62.961162379380774,62.572149761401846,62.572149761401846,62.572149761401846,0.9371328949928284,0.9389422612010692,ok,True,True,41.43804579794955,2.3928956858405783,1.0,0.0,0.9804841750435145
908,1767151752988,63.509364156025754,63.29008344536776,63.364115819935286,63.364115819935286,63.364115819935286,0.9308266043663025,0.9340728671002092,ok,True,True,40.62886325689558,0.2192807106579906,1.0,0.0,0.9804841750435145
909,1767151753022,59.817263594733824,61.206391534987404,61.59835540278167,61.59835540278167,61.59835540278167,0.9324347376823425,0.9330899894494893,ok,True,True,36.344652188482186,1.38912794025358,1.0,0.0,0.9804841750435145
910,1767151753065,51.66864945513956,55.483746287078695,56.30138563534501,56.30138563534501,56.30138563534501,0.9437178373336792,0.9394666981800032,ok,True,True,27.407758169333732,3.8150968319391367,1.0,0.0,0.9804841750435145
911,1767151753106,42.65873369721943,47.788738733163136,48.840767287186445,48.840767287186445,48.840767287186445,0.9113352298736572,0.9225878171961955,ok,True,True,15.908962627803557,5.130005035943704,1.0,0.0,0.9804841750435145
912,1767151753159,33.429327152477754,39.173091784751904,40.311250947915816,40.311250947915816,40.311250947915816,0.9305449724197388,0.9273621103303216,ok,True,True,3.4687494217170443,5.74376463227415,1.0,0.0,0.9804841750435145
913,1767151753202,25.672618151992545,31.072807605096287,32.11678146768112,32.11678146768112,32.11678146768112,0.954749345779419,0.94379445159978,ok,True,True,-7.94200739724525,5.400189453103742,1.0,0.0,0.9804841750435145
914,1767151753235,18.217546621126488,23.35965101471441,24.307456831340282,24.307456831340282,24.307456831340282,0.9626409411430359,0.9551023453257336,ok,True,True,-18.301636189423903,5.142104393587921,1.0,0.0,0.9804841750435145
915,1767151753269,11.504864313212172,16.246778993813066,17.07831621525658,17.07831621525658,17.07831621525658,0.9723016023635864,0.9654218995484454,ok,True,True,-27.39043559318913,4.741914680600894,1.0,0.0,0.9804841750435145
916,1767151753303,9.167261570547693,11.999068539853841,12.464046811283037,12.464046811283037,12.464046811283037,0.9762260913848877,0.9719044146503107,ok,True,True,-32.472702660913576,2.8318069693061485,1.0,0.0,0.9804841750435145
917,1767151753338,7.1907065164962,9.114051325839256,9.367126873702512,9.367126873702512,9.367126873702512,0.976090133190155,0.9744158457742174,ok,True,True,-35.238848095190285,1.9233448093430559,1.0,0.0,0.9804841750435145
918,1767151753373,7.8004414621337625,8.32588540761596,8.310998587045972,8.310998587045972,8.310998587045972,0.9593661427497864,0.9653860239595587,ok,True,True,-35.07613339952629,0.5254439454821975,1.0,0.0,0.9804841750435145
919,1767151753405,8.32394336861263,8.324720184213962,8.19269807058352,8.19269807058352,8.19269807058352,0.9440478682518005,0.9525831305349038,ok,True,True,-33.63311620594212,0.000776815601332359,1.0,0.0,0.9804841750435145
920,1767151753438,11.560613478757316,10.266256160939975,9.90971144961917,9.90971144961917,9.90971144961917,0.9588744044303894,0.9563578948721951,ok,True,True,-29.73604067390198,1.294357317817342,1.0,0.0,0.9804841750435145
921,1767151753469,16.314316088108498,13.895092117241088,13.339673728390732,13.339673728390732,13.339673728390732,0.9652417302131653,0.9616881960767772,ok,True,True,-23.665252510432786,2.41922397086741,1.0,0.0,0.9804841750435145
922,1767151753501,23.20034381684829,19.478243137005407,18.705099737236466,18.705099737236466,18.705099737236466,0.96156907081604,0.9616167209203349,ok,True,True,-15.214704429558585,3.7221006798428817,1.0,0.0,0.9804841750435145
923,1767151753532,32.50827047495881,27.296259539777452,26.28082920369406,26.28082920369406,26.28082920369406,0.947828471660614,0.9533437713645023,ok,True,True,-4.115931704582273,5.212010935181361,1.0,0.0,0.9804841750435145
924,1767151753562,52.751827004998454,42.56960001891005,40.73635685359288,40.73635685359288,40.73635685359288,0.9507812261581421,0.9518062442406862,ok,True,True,15.921631206873247,10.182226986088402,1.0,0.0,0.9804841750435145
925,1767151753616,57.35086303765011,51.43835783015409,50.30317792390535,50.30317792390535,50.30317792390535,0.9387251138687134,0.9439575660175026,ok,True,True,28.32928078528794,5.912505207496018,1.0,0.0,0.9804841750435145
926,1767151753649,60.76336141805485,57.03335998289454,56.387619577589085,56.387619577589085,56.387619577589085,0.9338236451148987,0.9378772134759402,ok,True,True,35.387299187084786,3.730001435160311,1.0,0.0,0.9804841750435145
927,1767151753682,63.765626402760496,61.07271983481411,60.681480974360724,60.681480974360724,60.681480974360724,0.9253328442573547,0.930350591944789,ok,True,True,39.66358584018928,2.6929065679463875,1.0,0.0,0.9804841750435145
928,1767151753715,64.12520852052668,62.90421304624165,62.80369892515546,62.80369892515546,62.80369892515546,0.9267683029174805,0.9282012185284039,ok,True,True,40.762216978086215,1.2209954742850329,1.0,0.0,0.9804841750435145
929,1767151753749,62.17057380847407,62.4640295035811,62.65358292286192,62.65358292286192,62.65358292286192,0.8778377771377563,0.8979831536940154,ok,True,True,38.69037586296398,0.29345569510703484,1.0,0.0,0.9804841750435145
930,1767151753785,57.41920461780447,59.43713457211512,59.9400472318232,59.9400472318232,59.9400472318232,0.9473028182983398,0.9275749524566101,ok,True,True,33.193481480093226,2.0179299543106524,1.0,0.0,0.9804841750435145
931,1767151753841,47.410447728088286,52.22112246569902,53.206090676342,53.206090676342,53.206090676342,0.9257203340530396,0.9264621814144678,ok,True,True,22.42766336063606,4.810674737610732,1.0,0.0,0.9804841750435145
932,1767151753885,34.52457410931033,41.603193451865806,42.98158669548484,42.98158669548484,42.98158669548484,0.9489019513130188,0.9399260433535983,ok,True,True,7.361663465873967,7.078619342555477,1.0,0.0,0.9804841750435145
933,1767151753920,23.652797147608695,30.832955669311538,32.21620756407583,32.21620756407583,32.21620756407583,0.9485607743263245,0.945106881937234,ok,True,True,-7.757442056024553,7.180158521702843,1.0,0.0,0.9804841750435145
934,1767151753954,16.42910764310161,22.190646853585584,23.280704223483703,23.280704223483703,23.280704223483703,0.965395987033844,0.9572803449952,ok,True,True,-19.671897017404692,5.761539210483974,1.0,0.0,0.9804841750435145
935,1767151753988,11.353571423128628,15.68840159531141,16.462567484745687,16.462567484745687,16.462567484745687,0.9839562773704529,0.9732859044203517,ok,True,True,-28.133621030300972,4.334830172182782,1.0,0.0,0.9804841750435145
936,1767151754023,10.705518984017923,12.698672028535317,13.014083769739182,13.014083769739182,13.014083769739182,0.9710415005683899,0.9719392621091746,ok,True,True,-31.581108372380186,1.9931530445173937,1.0,0.0,0.9804841750435145
937,1767151754056,9.775778080814579,10.944935659902875,11.058377367978455,11.058377367978455,11.058377367978455,0.9720925092697144,0.9720312104054984,ok,True,True,-32.82103955300683,1.1691575790882958,1.0,0.0,0.9804841750435145
938,1767151754089,8.54357209151388,9.504117518869478,9.555481594938795,9.555481594938795,9.555481594938795,0.9692091941833496,0.9703380006722091,ok,True,True,-33.382454931555195,0.9605454273555978,1.0,0.0,0.9804841750435145
939,1767151754124,9.391137575236353,9.436329552689603,9.325437832254321,9.325437832254321,9.325437832254321,0.9622178673744202,0.9654659206935357,ok,True,True,-32.17039541505506,0.045191977453249876,1.0,0.0,0.9804841750435145
940,1767151754157,10.885094517776485,10.305588531741734,10.076516712975577,10.076516712975577,10.076516712975577,0.9616253972053528,0.9631616066006259,ok,True,True,-29.6666135564306,0.5795059860347518,1.0,0.0,0.9804841750435145
941,1767151754189,12.50167088783266,11.623237945396289,11.340247833222286,11.340247833222286,11.340247833222286,0.9586173892021179,0.9604350761615211,ok,True,True,-26.573498424033303,0.8784329424363708,1.0,0.0,0.9804841750435145
942,1767151754222,16.408767818682612,14.494555869368083,14.043655834061221,14.043655834061221,14.043655834061221,0.9491686820983887,0.9536752397236417,ok,True,True,-21.645108129079922,1.914211949314529,1.0,0.0,0.9804841750435145
943,1767151754257,23.38657476645234,19.829767207618637,19.103475747083532,19.103475747083532,19.103475747083532,0.9598779082298279,0.9573968408273534,ok,True,True,-13.706657241683718,3.556807558833704,1.0,0.0,0.9804841750435145
944,1767151754290,32.25761762879852,27.286477460326566,26.322210435086358,26.322210435086358,26.322210435086358,0.9522020816802979,0.9542799853391202,ok,True,True,-3.167105507776137,4.971140168471955,1.0,0.0,0.9804841750435145
945,1767151754330,42.83099861875394,36.61319015538299,35.45286867971007,35.45286867971007,35.45286867971007,0.9563590884208679,0.9555274471881687,ok,True,True,9.515344374581119,6.21780846337095,1.0,0.0,0.9804841750435145
946,1767151754366,51.72419746390182,45.679794540494285,44.57380330316344,44.57380330316344,44.57380330316344,0.9503963589668274,0.9524487942553639,ok,True,True,21.603958376696504,6.044402923407532,1.0,0.0,0.9804841750435145
947,1767151754402,59.412392464133035,53.919353294677535,52.95670146426112,52.95670146426112,52.95670146426112,0.9078329205513,0.9256792700329256,ok,True,True,32.12585584165145,5.4930391694555,1.0,0.0,0.9804841750435145
948,1767151754436,63.57287222605399,59.71146465350341,59.077104905579,59.077104905579,59.077104905579,0.9371501207351685,0.9325617804542714,ok,True,True,39.05948232285605,3.8614075725505757,1.0,0.0,0.9804841750435145
949,1767151754474,65.71519196388415,63.31370103973185,62.98617941277295,62.98617941277295,62.98617941277295,0.9309573173522949,0.9315991025930854,ok,True,True,42.63933213722361,2.4014909241522986,1.0,0.0,0.9804841750435145
950,1767151754506,64.56015546383858,64.06157369419589,64.10018022075825,64.10018022075825,64.10018022075825,0.8969135284423828,0.9107877581026638,ok,True,True,42.21735827176949,0.49858176964269774,1.0,0.0,0.9804841750435145
951,1767151754542,63.31016146759332,63.610726358234345,63.822410115187026,63.822410115187026,63.822410115187026,0.9376361966133118,0.9268968212090526,ok,True,True,39.90362996909847,0.3005648906410272,1.0,0.0,0.9804841750435145
952,1767151754603,57.11977987279715,59.71615846697203,60.32289243070069,60.32289243070069,60.32289243070069,0.9298414587974548,0.9286636037620939,ok,True,True,33.271956550789845,2.5963785941748796,1.0,0.0,0.9804841750435145
953,1767151754640,50.52598697091034,54.202055569335016,55.008958890885886,55.008958890885886,55.008958890885886,0.9144889712333679,0.9201588242448584,ok,True,True,24.452408563417,3.6760685984246777,1.0,0.0,0.9804841750435145
954,1767151754681,43.127681884177214,47.557431358240336,48.480037671966635,48.480037671966635,48.480037671966635,0.9579336047172546,0.9428236925282962,ok,True,True,14.368213294864953,4.429749474063122,1.0,0.0,0.9804841750435145
955,1767151754879,34.19849896423778,39.5420719218388,40.5930588926592,40.5930588926592,40.5930588926592,0.9207395911216736,0.9295732316843226,ok,True,True,2.880802379962919,5.343572957601019,1.0,0.0,0.9804841750435145
956,1767151754906,18.06815035213881,26.657718980018807,28.223709257328927,28.223709257328927,28.223709257328927,0.9837533235549927,0.9620812868067246,ok,True,True,-14.23565510586139,8.589568627879995,1.0,0.0,0.9804841750435145
957,1767151754934,12.043412747051573,17.889135240238467,18.98958013799198,18.98958013799198,18.98958013799198,0.9562420845031738,0.9585777654245942,ok,True,True,-26.26364696558357,5.845722493186894,1.0,0.0,0.9804841750435145
958,1767151754961,10.71681824787996,13.585745044823362,14.091141242413006,14.091141242413006,14.091141242413006,0.9700841903686523,0.965481620391029,ok,True,True,-31.787686708920518,2.868926796943402,1.0,0.0,0.9804841750435145
959,1767151754994,15.45986529507437,14.710217194973966,14.522867385741135,14.522867385741135,14.522867385741135,0.9597495198249817,0.9620423600514006,ok,True,True,-29.739931310196546,0.7496481001004032,1.0,0.0,0.9804841750435145
960,1767151755021,22.320725436605688,19.276522139953,18.6353449744177,18.6353449744177,18.6353449744177,0.9640194177627563,0.963228594678214,ok,True,True,-22.731789654542496,3.0442032966526895,1.0,0.0,0.9804841750435145
961,1767151755055,30.781218799736784,26.17934013582327,25.25281491244737,25.25281491244737,25.25281491244737,0.9474371075630188,0.9537537024090968,ok,True,True,-12.604760243671603,4.601878663913514,1.0,0.0,0.9804841750435145
962,1767151755083,40.32107922852507,34.66438359144435,33.567099925514825,33.567099925514825,33.567099925514825,0.9466686844825745,0.9495026916531835,ok,True,True,-0.611321018727585,5.656695637080723,1.0,0.0,0.9804841750435145
963,1767151755114,51.319952792996325,44.65772511237553,43.41766615060246,43.41766615060246,43.41766615060246,0.9556294083595276,0.9531787216769899,ok,True,True,12.942668943178694,6.662227680620795,1.0,0.0,0.9804841750435145
964,1767151755167,60.16937992218628,53.96471799826198,52.83574903117149,52.83574903117149,52.83574903117149,0.9378600120544434,0.943987495903462,ok,True,True,25.2824322277962,6.204661923924299,1.0,0.0,0.9804841750435145
965,1767151755200,64.31731899552793,60.17627859662155,59.451084578901174,59.451084578901174,59.451084578901174,0.9536631107330322,0.9497928648012042,ok,True,True,33.20888793645241,4.141040398906377,1.0,0.0,0.9804841750435145
966,1767151755231,65.92707902431228,63.62675885323599,63.28427103689502,63.28427103689502,63.28427103689502,0.9365900754928589,0.941871191216197,ok,True,True,36.95231995691321,2.3003201710762866,1.0,0.0,0.9804841750435145
967,1767151755269,64.3472338828127,64.05904387098202,64.11004477616763,64.11004477616763,64.11004477616763,0.9464186429977417,0.9445996622851238,ok,True,True,36.39487407873865,0.2881900118306788,1.0,0.0,0.9804841750435145
968,1767151755380,62.68835136764541,63.23662836898005,63.469503919373764,63.469503919373764,63.469503919373764,0.9558289051055908,0.951337207977404,ok,True,True,33.84951698709143,0.5482770013346396,1.0,0.0,0.9804841750435145
969,1767151755412,58.37057274883733,60.31699499689442,60.79476258014378,60.79476258014378,60.79476258014378,0.9433120489120483,0.9465221125381906,ok,True,True,28.627461240462274,1.9464222480570896,1.0,0.0,0.9804841750435145
970,1767151755446,52.64868530140327,55.71600917959973,56.38933080783747,56.38933080783747,56.38933080783747,0.941965639591217,0.9437882287700065,ok,True,True,21.267976835608053,3.0673238781964614,1.0,0.0,0.9804841750435145
971,1767151755489,45.12700788605241,49.36260840347134,50.2259569823657,50.2259569823657,50.2259569823657,0.9579161405563354,0.9522649758418038,ok,True,True,11.831475562129377,4.235600517418931,1.0,0.0,0.9804841750435145
972,1767151755521,22.632805816925412,33.32472685154379,35.25502786271835,35.25502786271835,35.25502786271835,0.9798633456230164,0.9688239977105314,ok,True,True,-9.26694099340969,10.691921034618375,1.0,0.0,0.9804841750435145
973,1767151755554,14.217009490953554,21.860096435189647,23.320581472945552,23.320581472945552,23.320581472945552,0.947955310344696,0.9563027852910302,ok,True,True,-25.230213830818798,7.643086944236092,1.0,0.0,0.9804841750435145
974,1767151755588,10.966683708918636,15.32404879942704,16.122651224010262,16.122651224010262,16.122651224010262,0.9740709662437439,0.9669636938626585,ok,True,True,-33.95903204029992,4.357365090508404,1.0,0.0,0.9804841750435145
975,1767151755624,9.469617457248615,11.811389994119985,12.166219486025138,12.166219486025138,12.166219486025138,0.9681934118270874,0.9677015246413159,ok,True,True,-37.83736002286148,2.3417725368713693,1.0,0.0,0.9804841750435145
976,1767151755657,10.055380261701766,10.757784154669054,10.774211499933076,10.774211499933076,10.774211499933076,0.9673088192939758,0.9674659014329119,ok,True,True,-38.016912834197946,0.702403892967288,1.0,0.0,0.9804841750435145
977,1767151755692,9.544637442595088,10.029896127424674,9.971535462182427,9.971535462182427,9.971535462182427,0.9681529402732849,0.9678781247371357,ok,True,True,-37.379023915002875,0.4852586848295868,1.0,0.0,0.9804841750435145
978,1767151755728,10.10818679087999,10.076870525497863,9.926056519228787,9.926056519228787,9.926056519228787,0.9491135478019714,0.9566193785760371,ok,True,True,-35.730609129819456,0.031316265382127284,1.0,0.0,0.9804841750435145
979,1767151755761,12.392718626880153,11.466379386327237,11.161544016080773,11.161544016080773,11.161544016080773,0.9520055651664734,0.9538510905302988,ok,True,True,-32.39872276334631,0.9263392405529167,1.0,0.0,0.9804841750435145
980,1767151755791,15.60383607826054,13.948853401487218,13.517241686613492,13.517241686613492,13.517241686613492,0.966571569442749,0.9614833778777689,ok,True,True,-27.681156074037382,1.6549826767733222,1.0,0.0,0.9804841750435145
981,1767151755826,21.69590373225101,18.597083599945492,17.92716094371934,17.92716094371934,17.92716094371934,0.9563271403312683,0.9583896353498685,ok,True,True,-20.358822832108466,3.0988201323055193,1.0,0.0,0.9804841750435145
982,1767151755863,30.855284727198665,25.952004276297394,24.980641263620758,24.980641263620758,24.980641263620758,0.9413047432899475,0.9481387001139159,ok,True,True,-9.741711122870663,4.903280450901271,1.0,0.0,0.9804841750435145
983,1767151755894,43.45510765336349,36.45386630253705,35.13713975171425,35.13713975171425,35.13713975171425,0.9424378275871277,0.944718176597843,ok,True,True,4.650264583598698,7.00124135082644,1.0,0.0,0.9804841750435145
984,1767151755937,55.967622788415305,48.162120194064,46.72574903214985,46.72574903214985,46.72574903214985,0.9050693511962891,0.9209288813569106,ok,True,True,20.349969928511786,7.805502594351303,1.0,0.0,0.9804841750435145
985,1767151755981,64.27012761426077,57.826924646182064,56.66366866119334,56.66366866119334,56.66366866119334,0.947065532207489,0.9366108718672577,ok,True,True,33.064494342029036,6.443202968078708,1.0,0.0,0.9804841750435145
986,1767151756014,65.78474623207252,62.60161759771634,62.06191148089961,62.06191148089961,62.06191148089961,0.9271553754806519,0.9309375740352942,ok,True,True,38.96354552847742,3.18312863435618,1.0,0.0,0.9804841750435145
987,1767151756047,64.10169616627459,63.50166473885129,63.4859317628594,63.4859317628594,63.4859317628594,0.9343564510345459,0.9329889002348453,ok,True,True,39.13550880219145,0.6000314274233034,1.0,0.0,0.9804841750435145
988,1767151756084,59.590105860815655,61.15472941202991,61.56049894470736,61.56049894470736,61.56049894470736,0.9398581981658936,0.9371104789934743,ok,True,True,34.70040019663461,1.564623551214254,1.0,0.0,0.9804841750435145
989,1767151756130,52.28771807550344,55.83452261011403,56.60267108591971,56.60267108591971,56.60267108591971,0.9560163617134094,0.9484540086254354,ok,True,True,26.30444722078804,3.5468045346105868,1.0,0.0,0.9804841750435145
990,1767151756168,44.0833835070473,48.78383914827399,49.75432896195273,49.75432896195273,49.75432896195273,0.9634240865707397,0.957436055392618,ok,True,True,15.696879679059283,4.700455641226689,1.0,0.0,0.9804841750435145
991,1767151756209,34.00769888199368,39.918154988505805,41.0743306651218,41.0743306651218,41.0743306651218,0.9503063559532166,0.9531582357289772,ok,True,True,3.059743866866281,5.910456106512122,1.0,0.0,0.9804841750435145
992,1767151756248,25.580402135376893,31.31550327662846,32.41603373971344,32.41603373971344,32.41603373971344,0.945311963558197,0.948450472426509,ok,True,True,-8.969183231969234,5.735101141251565,1.0,0.0,0.9804841750435145
993,1767151756281,13.281009738133852,20.494807153531696,21.79192502611443,21.79192502611443,21.79192502611443,0.96246337890625,0.9568582163143536,ok,True,True,-23.14683378437329,7.213797415397844,1.0,0.0,0.9804841750435145
994,1767151756314,9.930709035000191,14.156348282412793,14.922416334221499,14.922416334221499,14.922416334221499,0.9696309566497803,0.9645218605156096,ok,True,True,-31.520047481813904,4.225639247412602,1.0,0.0,0.9804841750435145
995,1767151756347,9.213539125286816,11.190662788137207,11.489889058065188,11.489889058065188,11.489889058065188,0.9675371050834656,0.9663310072563233,ok,True,True,-34.79062572362875,1.9771236628503903,1.0,0.0,0.9804841750435145
996,1767151756383,9.081810169173961,9.92535121675926,9.970535101971699,9.970535101971699,9.970535101971699,0.9633380770683289,0.9645352491435266,ok,True,True,-35.2844908909218,0.8435410475852994,1.0,0.0,0.9804841750435145
997,1767151756414,9.68515407645212,9.781232932574977,9.671094435733195,9.671094435733195,9.671094435733195,0.9648970365524292,0.9647523215888681,ok,True,True,-34.08066419668263,0.09607885612285649,1.0,0.0,0.9804841750435145
998,1767151756448,10.540162361141702,10.23659058971501,10.046690263560603,10.046690263560603,10.046690263560603,0.950381338596344,0.9561297317933536,ok,True,True,-32.00503134872569,0.30357177142669123,1.0,0.0,0.9804841750435145
999,1767151756479,13.806391023698623,12.378470850105177,11.999163679197768,11.999163679197768,11.999163679197768,0.9556512832641602,0.9558426626758375,ok,True,True,-27.85915946243476,1.4279201735934457,1.0,0.0,0.9804841750435145
1000,1767151756509,18.958119685695518,16.326260151459383,15.739686491184415,15.739686491184415,15.739686491184415,0.9687395095825195,0.9635807708198467,ok,True,True,-21.447840526504642,2.631859534236135,1.0,0.0,0.9804841750435145
1001,1767151756542,27.22431283856015,22.86509176371984,21.990060414183738,21.990060414183738,21.990060414183738,0.9346158504486084,0.9462018185971037,ok,True,True,-11.88364519904406,4.35922107484031,1.0,0.0,0.9804841750435145
1002,1767151756580,37.212011486775566,31.47324359755327,30.370649996551073,30.370649996551073,30.370649996551073,0.8963494300842285,0.9162903854893786,ok,True,True,0.1678322393171765,5.738767889222295,1.0,0.0,0.9804841750435145
1003,1767151756613,48.96415398248484,41.96778982851221,40.67409920844841,40.67409920844841,40.67409920844841,0.9573520421981812,0.9409273795146601,ok,True,True,14.308022519532136,6.996364153972628,1.0,0.0,0.9804841750435145
1004,1767151756651,58.378268432617226,51.81407699097522,50.62401310306667,50.62401310306667,50.62401310306667,0.9399632215499878,0.9403488847358568,ok,True,True,27.315560457628397,6.564191441642009,1.0,0.0,0.9804841750435145
1005,1767151756687,64.1109436309511,59.19219697496075,58.33755255391922,58.33755255391922,58.33755255391922,0.9493408203125,0.9457440460818427,ok,True,True,36.65692426442125,4.918746655990347,1.0,0.0,0.9804841750435145
1006,1767151756721,66.64182930529427,63.66197637316086,63.20410818946667,63.20410818946667,63.20410818946667,0.9451560974121094,0.9453912768800027,ok,True,True,41.66147723889741,2.9798529321334044,1.0,0.0,0.9804841750435145
1007,1767151756753,66.59218955861246,65.42010428443182,65.32777452347737,65.32777452347737,65.32777452347737,0.9631547927856445,0.9560493864233878,ok,True,True,42.67065236019354,1.1720852741806453,1.0,0.0,0.9804841750435145
1008,1767151756797,65.00675800588508,65.17209651730377,65.3482151042001,65.3482151042001,65.3482151042001,0.9483339190483093,0.9514201059983407,ok,True,True,40.74565553949021,0.16533851141869604,1.0,0.0,0.9804841750435145
1009,1767151756847,62.001550384812504,63.26976883780901,63.65331926378851,63.65331926378851,63.65331926378851,0.9551668763160706,0.9536681681889786,ok,True,True,36.55340437735365,1.268218452996507,1.0,0.0,0.9804841750435145
1010,1767151756881,52.86123330554663,57.02464751845158,57.90043614728263,57.90043614728263,57.90043614728263,0.9148246645927429,0.9303620660312372,ok,True,True,26.980931898339385,4.163414212904954,1.0,0.0,0.9804841750435145
1011,1767151756920,44.02873783013976,49.22710170546449,50.29547613208305,50.29547613208305,50.29547613208305,0.9293082356452942,0.9297297677996714,ok,True,True,15.303474051302505,5.1983638753247305,1.0,0.0,0.9804841750435145
1012,1767151756956,25.44683403153471,34.958941101106625,36.727528704555525,36.727528704555525,36.727528704555525,0.9798485636711121,0.9598010453225359,ok,True,True,-4.027395982186256,9.512107069571915,1.0,0.0,0.9804841750435145
1013,1767151756997,15.805820477633585,23.4670687270228,24.932038115431403,24.932038115431403,24.932038115431403,0.9625722765922546,0.9614637840843671,ok,True,True,-20.039683298427498,7.661248249389214,1.0,0.0,0.9804841750435145
1014,1767151757033,11.98519222674515,16.57794282685621,17.435761406965547,17.435761406965547,17.435761406965547,0.9714811444282532,0.9674742002906987,ok,True,True,-29.4157410362904,4.592750600111058,1.0,0.0,0.9804841750435145
1015,1767151757065,11.718251428507028,13.6621279878467,13.973856788192947,13.973856788192947,13.973856788192947,0.9629412889480591,0.964754453485115,ok,True,True,-32.822973402635974,1.9438765593396727,1.0,0.0,0.9804841750435145
1016,1767151757107,11.263803771927638,12.223133458295262,12.296416921258254,12.296416921258254,12.296416921258254,0.9671779870986938,0.9662085736532624,ok,True,True,-33.62397025197442,0.9593296863676244,1.0,0.0,0.9804841750435145
1017,1767151757138,11.855825425997143,12.00274863891639,11.910435558759465,11.910435558759465,11.910435558759465,0.9645249843597412,0.9651984200771497,ok,True,True,-32.61497745375247,0.1469232129192477,1.0,0.0,0.9804841750435145
1018,1767151757169,11.704371610487284,11.823722421858927,11.712065491944482,11.712065491944482,11.712065491944482,0.965728223323822,0.9655163020251532,ok,True,True,-31.394554107854674,0.1193508113716426,1.0,0.0,0.9804841750435145
1019,1767151757200,14.077406683624528,13.175932978918286,12.895761567444943,12.895761567444943,12.895761567444943,0.966503918170929,0.9661088717126187,ok,True,True,-28.332247704864674,0.9014737047062411,1.0,0.0,0.9804841750435145
1020,1767151757235,18.082012928148593,16.11958094845647,15.654380080053933,15.654380080053933,15.654380080053933,0.9633810520172119,0.9644721798953746,ok,True,True,-23.247547626101877,1.9624319796921235,1.0,0.0,0.9804841750435145
1021,1767151757266,24.942194883954723,21.413149309755422,20.683947990760725,20.683947990760725,20.683947990760725,0.949162483215332,0.9552863618873491,ok,True,True,-15.27729164429671,3.5290455741993014,1.0,0.0,0.9804841750435145
1022,1767151757297,34.17523949279848,29.070403419581258,28.077586563307992,28.077586563307992,28.077586563307992,0.9076415300369263,0.9266994627770954,ok,True,True,-4.425686907132839,5.104836073217225,1.0,0.0,0.9804841750435145
1023,1767151757328,49.71104911737342,41.45479083825656,39.945344768628445,39.945344768628445,39.945344768628445,0.9010959267616272,0.9113373411678145,ok,True,True,12.072735753774683,8.256258279116864,1.0,0.0,0.9804841750435145
1024,1767151757361,60.85396818040735,53.09429724354703,51.6717031852165,51.6717031852165,51.6717031852165,0.9399282932281494,0.9284919124040154,ok,True,True,27.62185573990004,7.759670936860317,1.0,0.0,0.9804841750435145
1025,1767151757396,68.16389072407313,62.13605333186269,61.070924108605595,61.070924108605595,61.070924108605595,0.956223726272583,0.9451310007251559,ok,True,True,39.26384313340075,6.0278373922104365,1.0,0.0,0.9804841750435145
1026,1767151757448,70.4317897677962,67.1134951934228,66.58517547499702,66.58517547499702,66.58517547499702,0.9290924072265625,0.9355078446259999,ok,True,True,45.03843964934501,3.3182945743733967,1.0,0.0,0.9804841750435145
1027,1767151757482,70.18759118069853,68.95795278578825,68.8606882584674,68.8606882584674,68.8606882584674,0.9512284994125366,0.9449402374979219,ok,True,True,46.10155234607625,1.2296383949102818,1.0,0.0,0.9804841750435145
1028,1767151757515,69.29457001137847,69.15992312114238,69.29803420133814,69.29803420133814,69.29803420133814,0.9421029686927795,0.9432378762148366,ok,True,True,44.59198203344793,0.134646890236084,1.0,0.0,0.9804841750435145
1029,1767151757546,64.60950209635101,66.42967050626756,66.9156899250828,66.9156899250828,66.9156899250828,0.945098340511322,0.9443541547927279,ok,True,True,39.2797327558052,1.8201684099165476,1.0,0.0,0.9804841750435145
1030,1767151757583,58.57762629913933,61.71844398199062,62.44461885741489,62.44461885741489,62.44461885741489,0.9573314189910889,0.9521405133117444,ok,True,True,31.34255615735064,3.140817682851285,1.0,0.0,0.9804841750435145
1031,1767151757633,50.2588105318694,54.84266391191789,55.807691705449045,55.807691705449045,55.807691705449045,0.9434739351272583,0.9469405664010527,ok,True,True,20.794689136753732,4.583853380048488,1.0,0.0,0.9804841750435145
1032,1767151757684,38.63363819752336,45.11724848328117,46.38773101098774,46.38773101098774,46.38773101098774,0.9401962757110596,0.9428939919870568,ok,True,True,6.908166029263482,6.483610285757813,1.0,0.0,0.9804841750435145
1033,1767151757723,24.498023465312937,32.74571347250023,34.293949748020296,34.293949748020296,34.293949748020296,0.967755138874054,0.9578106801192551,ok,True,True,-10.014238133723682,8.247690007187291,1.0,0.0,0.9804841750435145
1034,1767151757756,11.408780339028283,19.94355359241706,21.507894501193704,21.507894501193704,21.507894501193704,0.9570581316947937,0.9573591510645783,ok,True,True,-27.11266782793858,8.534773253388778,1.0,0.0,0.9804841750435145
1035,1767151757795,0.5781255710870132,8.324296779619033,9.694805714786142,9.694805714786142,9.694805714786142,0.9431795477867126,0.9488513890978589,ok,True,True,-42.092491306168604,7.74617120853202,1.0,0.0,0.9804841750435145
1036,1767151757837,-4.526497919692562,0.6138199600320764,1.4707230179029915,1.4707230179029915,1.4707230179029915,0.9608245491981506,0.9560352851580339,ok,True,True,-51.45854227853728,5.1403178797246385,1.0,0.0,0.9804841750435145
1037,1767151757871,-12.264367150625505,-7.113092306362472,-6.346520355679053,-6.346520355679053,-6.346520355679053,0.9637042880058289,0.9606366868667109,ok,True,True,-59.837263649806516,5.151274844263033,1.0,0.0,0.9804841750435145
1038,1767151757908,-25.835438245309867,-18.34649986973091,-17.22983277248864,-17.22983277248864,-17.22983277248864,0.9655942916870117,0.9636112497588915,ok,True,True,-72.04256605346953,7.488938375578957,1.0,0.0,0.9804841750435145
1039,1767151757944,-38.860032455240436,-30.654619421036628,-29.424341060644686,-29.424341060644686,-29.424341060644686,0.9472509622573853,0.9537950772579877,ok,True,True,-85.48965289461472,8.205413034203808,1.0,0.0,0.9804841750435145
1040,1767151757991,-65.72045744383324,-51.6941222347146,-49.52671193452785,-49.52671193452785,-49.52671193452785,0.9822642207145691,0.9708765633319366,invalid,True,True,-109.17970180169186,14.026335209118642,1.0,0.0,0.9804841750435145
1041,1767151758024,-82.76501190815942,-70.3366560387815,-68.42030492753481,-68.42030492753481,-68.42030492753481,0.9485175609588623,0.957461161908092,invalid,True,True,-130.12564431412426,12.428355869377924,1.0,0.0,0.9804841750435145
1042,1767151758061,-100.73352545501487,-88.57477768852152,-86.80950474470993,-86.80950474470993,-86.80950474470993,0.9618387222290039,0.9600876981006392,invalid,True,True,-149.42028472883183,12.158747766493349,1.0,0.0,0.9804841750435145
1043,1767151758099,-114.76991816722824,-104.29186197574555,-102.89659439509724,-102.89659439509724,-102.89659439509724,0.966964066028595,0.9642135188574127,invalid,True,True,-164.67072310737493,10.478056191482693,1.0,0.0,0.9804841750435145
1044,1767151758150,-127.42766562586182,-118.17334416581531,-117.08097136959299,-117.08097136959299,-117.08097136959299,0.9652324914932251,0.9648249024389002,invalid,True,True,-176.61048595017292,9.254321460046512,1.0,0.0,0.9804841750435145
1045,1767151758185,-136.13540941185394,-128.95058331343847,-128.28288735776536,-128.28288735776536,-128.28288735776536,0.9815628528594971,0.9748676726912583,invalid,True,True,-183.9084810937739,7.184826098415471,1.0,0.0,0.9804841750435145
1046,1767151758218,-141.62425959997265,-136.55478908535898,-136.31577070235963,-136.31577070235963,-136.31577070235963,0.9796764850616455,0.9777529601134907,invalid,True,True,-186.52098006660674,5.06947051461367,1.0,0.0,0.9804841750435145
1047,1767151758250,-144.75394016463224,-141.47427973292292,-141.5924549444342,-141.5924549444342,-141.5924549444342,0.9920225739479065,0.9863147284141401,invalid,True,True,-185.2293111379942,3.279660431709317,1.0,0.0,0.9804841750435145
1048,1767151758289,-143.92246722354136,-142.943192227294,-143.48153384020372,-143.48153384020372,-143.48153384020372,0.9759911894798279,0.9801206050535528,invalid,True,True,-179.34517413936155,0.9792749962473692,1.0,0.0,0.9804841750435145
1049,1767151758320,-141.32963100740324,-141.97505549535953,-142.81039040551565,-142.81039040551565,-142.81039040551565,0.9625924825668335,0.9696037315615211,invalid,True,True,-170.21486555234299,0.6454244879562907,1.0,0.0,0.9804841750435145
1050,1767151758353,-138.16613886120734,-139.68970551486822,-140.67122950674374,-140.67122950674374,-140.67122950674374,0.9534950852394104,0.9599385437682546,invalid,True,True,-159.48669314816232,1.523566653660879,1.0,0.0,0.9804841750435145
1051,1767151758386,-135.4970670980204,-137.17412246475953,-138.15774648774862,-138.15774648774862,-138.15774648774862,0.9403066635131836,0.948159415615212,invalid,True,True,-148.73556715749055,1.6770553667391255,1.0,0.0,0.9804841750435145
1052,1767151758425,-130.99572142014748,-133.4670818379923,-134.54391804398648,-134.54391804398648,-134.54391804398648,0.9592480659484863,0.9548126058151766,invalid,True,True,-136.96562106896496,2.471360417844835,1.0,0.0,0.9804841750435145
1053,1767151758458,-102.64503215281482,-114.97385202688582,-117.66753789935098,-117.66753789935098,-117.66753789935098,0.5135681629180908,0.6900659400769251,invalid,True,True,-107.52331840319644,12.328819874071002,1.0,0.0,0.9804841750435145
1054,1767151758498,-117.75890967793116,-116.64488661751302,-117.15903071433527,-117.15903071433527,-117.15903071433527,0.9797983765602112,0.8639054019668968,invalid,True,True,-101.90366309476009,1.114023060418134,1.0,0.0,0.9804841750435145
1055,1767151758521,-111.20157213244156,-113.37889792647015,-114.17988828284722,-114.17988828284722,-114.17988828284722,0.9730124473571777,0.9293696292010654,invalid,True,True,-93.14874451057003,2.17732579402859,1.0,0.0,0.9804841750435145
1056,1767151758555,-102.98333763028737,-107.14156174876048,-108.27361720581322,-108.27361720581322,-108.27361720581322,0.9802144169807434,0.9598765018688722,invalid,True,True,-80.7752455284935,4.158224118473115,1.0,0.0,0.9804841750435145
1057,1767151758587,-93.37844608725752,-98.88369235185871,-100.23216916986567,-100.23216916986567,-100.23216916986567,0.9874157905578613,0.9764000750822657,invalid,True,True,-66.03623567609394,5.5052462646011975,1.0,0.0,0.9804841750435145
1058,1767151758625,-75.09725731073863,-84.61183132718666,-86.6008298310054,-86.6008298310054,-86.6008298310054,0.9884414076805115,0.9836248746412132,invalid,True,True,-44.29624863833304,9.514574016448037,1.0,0.0,0.9804841750435145
1059,1767151758662,-72.77036472992914,-77.50695136883215,-78.68667786878618,-78.68667786878618,-78.68667786878618,0.9883042573928833,0.9864325042922153,invalid,True,True,-31.401699563578823,4.736586638903006,1.0,0.0,0.9804841750435145
1060,1767151758679,-64.07188565062347,-69.44591193790694,-70.59406154691092,-70.59406154691092,-70.59406154691092,0.9712544679641724,0.9773256824953895,invalid,True,True,-18.852289612171656,5.3740262872834705,1.0,0.0,0.9804841750435145
1061,1767151758709,-53.949604493646426,-60.148127471350634,-61.384095073764854,-61.384095073764854,-61.384095073764854,0.9844372272491455,0.9815926093476431,invalid,True,True,-5.343018688141708,6.198522977704208,1.0,0.0,0.9804841750435145
1062,1767151758745,-45.26195339659716,-51.216423026498546,-52.37107743807189,-52.37107743807189,-52.37107743807189,0.9879485368728638,0.9854061658627755,invalid,True,True,7.277489518628402,5.954469629901389,1.0,0.0,0.9804841750435145
1063,1767151758775,-38.83675861545951,-43.788624379875124,-44.71940723004405,-44.71940723004405,-44.71940723004405,0.9858262538909912,0.9856582186797049,invalid,True,True,17.45105528994113,4.951865764415615,1.0,0.0,0.9804841750435145
1064,1767151758808,-34.47649855777236,-38.20134888661347,-38.86388424674536,-38.86388424674536,-38.86388424674536,0.9897139072418213,0.9880916318169748,invalid,True,True,24.69264451872728,3.7248503288411072,1.0,0.0,0.9804841750435145
1065,1767151758846,-31.95972259491511,-34.45637311159445,-34.856417646107396,-34.856417646107396,-34.856417646107396,0.9904683828353882,0.9895176824280227,invalid,True,True,29.0651782225691,2.496650516679342,1.0,0.0,0.9804841750435145
1066,1767151758879,-30.426177997501277,-32.038256043138546,-32.244652245097996,-32.244652245097996,-32.244652245097996,0.9899467825889587,0.9897751425245843,invalid,True,True,31.32111292871732,1.6120780456372685,1.0,0.0,0.9804841750435145
1067,1767151758909,-28.52077497122802,-29.927767399992227,-30.069825350977737,-30.069825350977737,-30.069825350977737,0.988416314125061,0.9889598454848704,invalid,True,True,32.8738230022073,1.4069924287642088,1.0,0.0,0.9804841750435145
1068,1767151758941,-26.593828053506723,-27.927403792100925,-28.044214111745912,-28.044214111745912,-28.044214111745912,0.9884409308433533,0.98864849669996,invalid,True,True,34.150573502563724,1.3335757385942024,1.0,0.0,0.9804841750435145
1069,1767151758978,-24.576768644385183,-25.91702270347148,-26.027383456776718,-26.027383456776718,-26.027383456776718,0.9903057217597961,0.9896428317358616,invalid,True,True,35.35682948602827,1.3402540590862984,1.0,0.0,0.9804841750435145
1070,1767151759012,-22.399666025124187,-23.806608696463105,-23.922926421034447,-23.922926421034447,-23.922926421034447,0.9902417659759521,0.990002192279916,invalid,True,True,36.62819586442815,1.4069426713389177,1.0,0.0,0.9804841750435145
1071,1767151759043,-20.716733779727647,-21.952683746421833,-22.036310733559173,-22.036310733559173,-22.036310733559173,0.9893214106559753,0.9895937233055516,invalid,True,True,37.54224864671142,1.2359499666941858,1.0,0.0,0.9804841750435145
1072,1767151759075,-18.518957990521706,-19.89244829288176,-19.992051885296405,-19.992051885296405,-19.992051885296405,0.9897110462188721,0.9896641170535438,invalid,True,True,38.630927599386055,1.3734903023600538,1.0,0.0,0.9804841750435145
1073,1767151759105,-17.299404762865098,-18.336622174871763,-18.37766343225613,-18.37766343225613,-18.37766343225613,0.9881455302238464,0.9887529649557254,invalid,True,True,39.07951335841831,1.0372174120066653,1.0,0.0,0.9804841750435145
1074,1767151759137,-15.466829113004756,-16.61474633775156,-16.66611504011606,-16.66611504011606,-16.66611504011606,0.9879578351974487,0.9882758871007593,invalid,True,True,39.640979302915895,1.1479172247468021,1.0,0.0,0.9804841750435145
1075,1767151759174,-14.474695123084086,-15.330715608951076,-15.332281832233802,-15.332281832233802,-15.332281832233802,0.9863299131393433,0.9871083027239097,invalid,True,True,39.658098307178264,0.8560204858669902,1.0,0.0,0.9804841750435145
1076,1767151759211,-14.164936666772633,-14.631248243644011,-14.561951494531058,-14.561951494531058,-14.561951494531058,0.9821414947509766,0.9841282179401498,invalid,True,True,38.90067670802564,0.46631157687137836,1.0,0.0,0.9804841750435145
1077,1767151759240,-12.845945893994443,-13.560066833854272,-13.527164758776538,-13.527164758776538,-13.527164758776538,0.9793992042541504,0.9812908097285502,invalid,True,True,38.541053166664476,0.7141209398598285,1.0,0.0,0.9804841750435145
1078,1767151759272,-13.60654267946649,-13.587952341221602,-13.437787122188157,-13.437787122188157,-13.437787122188157,0.9800332188606262,0.9805362552077959,invalid,True,True,36.89972970209583,0.01859033824488776,1.0,0.0,0.9804841750435145
1079,1767151759305,-12.8925452995862,-13.17070811624036,-13.063240979095019,-13.063240979095019,-13.063240979095019,0.9804080128669739,0.9804593098033026,invalid,True,True,35.72510128279868,0.2781628166541612,1.0,0.0,0.9804841750435145
1080,1767151759340,-13.442870026229931,-13.334005262234102,-13.170881241648733,-13.170881241648733,-13.170881241648733,0.9851219654083252,0.9832569031663162,invalid,True,True,33.94213659666911,0.1088647639958289,1.0,0.0,0.9804841750435145
1081,1767151759369,-12.882625396521156,-13.063177342806334,-12.948925801197028,-12.948925801197028,-12.948925801197028,0.9800294637680054,0.9813204395273297,invalid,True,True,32.6933538404922,0.18055194628517768,1.0,0.0,0.9804841750435145
1082,1767151759416,-13.261633512178324,-13.182251044429528,-13.034584207145857,-13.034584207145857,-13.034584207145857,0.97718745470047,0.9788406486312139,invalid,True,True,31.07933798161114,0.07938246774879687,1.0,0.0,0.9804841750435145
1083,1767151759446,-11.426261783035745,-12.128657487593259,-12.114142940270263,-12.114142940270263,-12.114142940270263,0.9776100516319275,0.9781022904316421,invalid,True,True,30.920692276219675,0.7023957045575138,1.0,0.0,0.9804841750435145
1084,1767151759479,-10.739466547539493,-11.295142923560999,-11.271516995985776,-11.271516995985776,-11.271516995985776,0.9831425547599792,0.9811264490286444,invalid,True,True,30.662458115533134,0.5556763760215055,1.0,0.0,0.9804841750435145
1085,1767151759517,-9.150925685682205,-10.008612580833724,-10.035489909908637,-10.035489909908637,-10.035489909908637,0.9817891716957092,0.9815240826288834,invalid,True,True,30.956230476133914,0.8576868951515184,1.0,0.0,0.9804841750435145
1086,1767151759548,-8.566829608858756,-9.143542797648742,-9.127926022895647,-9.127926022895647,-9.127926022895647,0.9861761927604675,0.9843153487078339,ok,True,True,30.785537295595017,0.5767131887899861,1.0,0.0,0.9804841750435145
1087,1767151759578,-8.670074764513702,-8.859461977767719,-8.774895519350256,-8.774895519350256,-8.774895519350256,0.9823393225669861,0.9831297330233253,ok,True,True,29.861215981981534,0.18938721325401708,1.0,0.0,0.9804841750435145
1088,1767151759613,-7.797738259811892,-8.222427746994223,-8.172996593679997,-8.172996593679997,-8.172996593679997,0.9809364676475525,0.9818137737978616,ok,True,True,29.32092767595737,0.4246894871823308,1.0,0.0,0.9804841750435145
1089,1767151759660,-8.066472227086106,-8.128854435049352,-8.024700879205913,-8.024700879205913,-8.024700879205913,0.9715679883956909,0.9756663025565592,ok,True,True,28.182517089108874,0.06238220796324612,1.0,0.0,0.9804841750435145
1090,1767151759695,-7.616530482443556,-7.821460063485874,-7.739298065651611,-7.739298065651611,-7.739298065651611,0.9822123646736145,0.9795939398267924,ok,True,True,27.28447681181151,0.20492958104231818,1.0,0.0,0.9804841750435145
1091,1767151759736,-7.305576580108043,-7.511929973459175,-7.435801635343366,-7.435801635343366,-7.435801635343366,0.98490309715271,0.9827794342223429,ok,True,True,26.45238514323236,0.20635339335113212,1.0,0.0,0.9804841750435145
1092,1767151759767,-6.908475848663645,-7.149857498581857,-7.083362180184961,-7.083362180184961,-7.083362180184961,0.978362500667572,0.9801292740894805,ok,True,True,25.725583510528853,0.24138164991821132,1.0,0.0,0.9804841750435145
1093,1767151759801,-7.299995916216874,-7.239940549162867,-7.126760745374287,-7.126760745374287,-7.126760745374287,0.9854133725166321,0.9832997331457713,ok,True,True,24.488514974491242,0.060055367054006936,1.0,0.0,0.9804841750435145
1094,1767151759834,-7.044199203751128,-7.122495741915824,-7.031869246138073,-7.031869246138073,-7.031869246138073,0.9852201342582703,0.9844519738132707,ok,True,True,23.497956741439122,0.07829653816469584,1.0,0.0,0.9804841750435145
1095,1767151759868,-6.567543838340144,-6.789524599770416,-6.729154402975166,-6.729154402975166,-6.729154402975166,0.9793025255203247,0.9813623048375031,ok,True,True,22.83810340656935,0.221980761430272,1.0,0.0,0.9804841750435145
1096,1767151759901,-5.298480179076457,-5.894897947354041,-5.903043690020228,-5.903043690020228,-5.903043690020228,0.9882180094718933,0.9854757276181372,ok,True,True,22.927137329740155,0.5964177682775835,1.0,0.0,0.9804841750435145
1097,1767151759933,-4.826095084799499,-5.253616229821315,-5.24080264907408,-5.24080264907408,-5.24080264907408,0.9855784177780151,0.9855373417140639,ok,True,True,22.787083388614832,0.4275211450218164,1.0,0.0,0.9804841750435145
1098,1767151759965,-4.3718485850030016,-4.724555642930326,-4.697399302084416,-4.697399302084416,-4.697399302084416,0.9872791767120361,0.9865824427128472,ok,True,True,22.49026139661754,0.3527070579273248,1.0,0.0,0.9804841750435145
1099,1767151759997,-4.341100333903359,-4.494482457514146,-4.43346070737582,-4.43346070737582,-4.43346070737582,0.982944905757904,0.9843999205398813,ok,True,True,21.823286507254032,0.15338212361078707,1.0,0.0,0.9804841750435145
1100,1767151760030,-4.677681610379678,-4.604401949233465,-4.504136533900506,-4.504136533900506,-4.504136533900506,0.9792267680168152,0.9812960290260417,ok,True,True,20.72737375242328,0.07327966114621276,1.0,0.0,0.9804841750435145
1101,1767151760065,-5.111117004151539,-4.90843098218431,-4.786198885393094,-4.786198885393094,-4.786198885393094,0.9812180995941162,0.9812492713668863,ok,True,True,19.391362591661974,0.20268602196722885,1.0,0.0,0.9804841750435145
1102,1767151760095,-4.4368682045712715,-4.625493315616487,-4.571289081526676,-4.571289081526676,-4.571289081526676,0.9700214266777039,0.9745125645533769,ok,True,True,18.798903952682707,0.18862511104521573,1.0,0.0,0.9804841750435145
1103,1767151760126,-4.2257972659480325,-4.385675685815414,-4.336455396902785,-4.336455396902785,-4.336455396902785,0.9837870001792908,0.9800772259289252,ok,True,True,18.260920419311027,0.15987841986738172,1.0,0.0,0.9804841750435145
1104,1767151760160,-5.347390014003177,-4.9627042827280725,-4.824876383198379,-4.824876383198379,-4.824876383198379,0.9820985794067383,0.9812900380156131,ok,True,True,16.754445304591492,0.38468573127510464,1.0,0.0,0.9804841750435145
1105,1767151760191,-5.845758817293495,-5.492537003467326,-5.355691698120043,-5.355691698120043,-5.355691698120043,0.9812704920768738,0.9812783104523695,ok,True,True,15.258710059584246,0.3532218138261687,1.0,0.0,0.9804841750435145
1106,1767151760226,-6.059180416608278,-5.832523051351897,-5.722539966985154,-5.722539966985154,-5.722539966985154,0.9827614426612854,0.982168189777719,ok,True,True,14.056582041933485,0.22665736525638103,1.0,0.0,0.9804841750435145
1107,1767151760260,-7.563356123719467,-6.871022894772439,-6.690551370709711,-6.690551370709711,-6.690551370709711,0.9838656783103943,0.9831866828973241,ok,True,True,12.084007107223432,0.6923332289470281,1.0,0.0,0.9804841750435145
1108,1767151760292,-7.516670508077898,-7.258411462755715,-7.1500795607612755,-7.1500795607612755,-7.1500795607612755,0.9701234698295593,0.9753487550566653,ok,True,True,10.89992670665329,0.25825904532218313,1.0,0.0,0.9804841750435145
1109,1767151760323,-8.12568128929704,-7.77877335868051,-7.668057057533613,-7.668057057533613,-7.668057057533613,0.9575249552726746,0.9646544751862708,ok,True,True,9.689784543559067,0.34690793061652947,1.0,0.0,0.9804841750435145
1110,1767151760356,-8.427634862432173,-8.168090260931507,-8.076235292058994,-8.076235292058994,-8.076235292058994,0.9563727974891663,0.9596854685680081,ok,True,True,8.685798955430972,0.25954460150066616,1.0,0.0,0.9804841750435145
1111,1767151760391,-9.119441775490836,-8.738901169667104,-8.632630394466654,-8.632630394466654,-8.632630394466654,0.97137850522995,0.9667012905651732,ok,True,True,7.524246912573773,0.3805406058237324,1.0,0.0,0.9804841750435145
1112,1767151760424,-9.483805677353258,-9.185843874278795,-9.096109908115691,-9.096109908115691,-9.096109908115691,0.9709488153457642,0.9692498054335277,ok,True,True,6.543444132940048,0.29796180307446285,1.0,0.0,0.9804841750435145
1113,1767151760461,-10.49858992102789,-9.973491502328251,-9.851227096383992,-9.851227096383992,-9.851227096383992,0.9758175611495972,0.9731904588631693,ok,True,True,5.207079829344802,0.5250984186996384,1.0,0.0,0.9804841750435145
1114,1767151760495,-11.581687008173617,-10.93840880583547,-10.79770092511126,-10.79770092511126,-10.79770092511126,0.9782775044441223,0.976242686211741,ok,True,True,3.6691261822293804,0.6432782023381467,1.0,0.0,0.9804841750435145
1115,1767151760529,-12.98914653406896,-12.168851442775564,-12.002172342023993,-12.002172342023993,-12.002172342023993,0.974675178527832,0.9753021816013956,ok,True,True,1.8473040527266549,0.8202950912933957,1.0,0.0,0.9804841750435145
1116,1767151760563,-13.510378242569443,-12.973767522651892,-12.858458920249383,-12.858458920249383,-12.858458920249383,0.9746534824371338,0.9749129621028385,invalid,True,True,0.5869674980434942,0.5366107199175509,1.0,0.0,0.9804841750435145
1117,1767151760596,-15.071239931100399,-14.232250967720997,-14.07674334286602,-14.07674334286602,-14.07674334286602,0.972068190574646,0.9732060991859229,invalid,True,True,-1.112749089037591,0.8389889633794017,1.0,0.0,0.9804841750435145
1118,1767151760649,-17.14152829864424,-15.977817366274941,-15.769785008037713,-15.769785008037713,-15.769785008037713,0.9697654843330383,0.9711417302741923,invalid,True,True,-3.3865671752900672,1.1637109323692982,1.0,0.0,0.9804841750435145
1119,1767151760696,-18.174600567552343,-17.29588728704138,-17.138163262294352,-17.138163262294352,-17.138163262294352,0.9805766940116882,0.9768027085166898,invalid,True,True,-5.110509273265804,0.8787132805109614,1.0,0.0,0.9804841750435145
1120,1767151760729,-19.808752293096873,-18.803606290674676,-18.636744379143433,-18.636744379143433,-18.636744379143433,0.9708209037780762,0.9732136256735215,invalid,True,True,-6.934329546041529,1.0051460024221974,1.0,0.0,0.9804841750435145
1121,1767151760760,-21.186365899747276,-20.233262056118235,-20.080877655029198,-20.080877655029198,-20.080877655029198,0.978753387928009,0.976537483026214,invalid,True,True,-8.599908930878797,0.9531038436290409,1.0,0.0,0.9804841750435145
1122,1767151760795,-22.917943602584437,-21.844070983997955,-21.67928082439442,-21.67928082439442,-21.67928082439442,0.9778459072113037,0.9773225375372678,invalid,True,True,-10.401084711983286,1.0738726185864813,1.0,0.0,0.9804841750435145
1123,1767151760825,-23.392498316448336,-22.773127383468186,-22.689741363149434,-22.689741363149434,-22.689741363149434,0.9754359126091003,0.9761905625803674,invalid,True,True,-11.312503698664107,0.61937093298015,1.0,0.0,0.9804841750435145
1124,1767151760859,-23.748586053528797,-23.35840258550455,-23.32586064163506,-23.32586064163506,-23.32586064163506,0.9843996167182922,0.9811159950631223,invalid,True,True,-11.668190963661015,0.3901834680242473,1.0,0.0,0.9804841750435145
1125,1767151760901,-24.6332046166605,-24.123283804198117,-24.07769443658518,-24.07769443658518,-24.07769443658518,0.9758901000022888,0.9779804580266223,invalid,True,True,-12.16648810117122,0.5099208124623829,1.0,0.0,0.9804841750435145
1126,1767151760939,-25.539892952544097,-24.973249293205704,-24.9185615723952,-24.9185615723952,-24.9185615723952,0.9814009070396423,0.9800327274344343,invalid,True,True,-12.764231306740474,0.5666436593383928,1.0,0.0,0.9804841750435145
1127,1767151760971,-26.038143935433006,-25.612186078542084,-25.58225880876932,-25.58225880876932,-25.58225880876932,0.9783310294151306,0.979011708622852,invalid,True,True,-13.091339877051746,0.42595785689092125,1.0,0.0,0.9804841750435145
1128,1767151761166,-26.88078682531121,-26.373346526603555,-26.333758652569085,-26.333758652569085,-26.333758652569085,0.9772543907165527,0.9779573178790724,invalid,True,True,-13.52403998552822,0.5074402987076532,1.0,0.0,0.9804841750435145
1129,1767151761201,-26.177134651408366,-26.25561940148644,-26.31465255426951,-26.31465255426951,-26.31465255426951,0.9772759675979614,0.9775485077104058,invalid,True,True,-12.878800698601601,0.07848475007807565,1.0,0.0,0.9804841750435145
1130,1767151761226,-25.718183956560456,-25.93315813453085,-26.023647236956087,-26.023647236956087,-26.023647236956087,0.9702777862548828,0.973186074837092,invalid,True,True,-11.88974419101434,0.21497417797039375,1.0,0.0,0.9804841750435145
1131,1767151761255,-25.653379862116715,-25.765291171082367,-25.838357744397154,-25.838357744397154,-25.838357744397154,0.9778110980987549,0.9759610887940897,invalid,True,True,-11.091117970980838,0.11191130896565227,1.0,0.0,0.9804841750435145
1132,1767151761286,-23.082918027573157,-24.155867284976843,-24.384905306922416,-24.384905306922416,-24.384905306922416,0.9795520901679993,0.9781156896184354,invalid,True,True,-8.587705515571116,1.0729492574036854,1.0,0.0,0.9804841750435145
1133,1767151761314,-23.67573281410094,-23.867786602451304,-23.957448453556065,-23.957448453556065,-23.957448453556065,0.9728454947471619,0.9749535726956713,invalid,True,True,-7.607690961987134,0.19205378835036413,1.0,0.0,0.9804841750435145
1134,1767151761342,-22.26074427718867,-22.903561207293727,-23.049483998243605,-23.049483998243605,-23.049483998243605,0.9808309674263,0.9784800095340485,invalid,True,True,-6.012737734182522,0.6428169301050559,1.0,0.0,0.9804841750435145
1135,1767151761370,-20.654846458635888,-21.554332358099025,-21.743569512057512,-21.743569512057512,-21.743569512057512,0.9879952073097229,0.9841891281994531,invalid,True,True,-3.944353436144267,0.8994858994631372,1.0,0.0,0.9804841750435145
1136,1767151761399,-17.13968340357826,-18.905542985386568,-19.236958736374326,-19.236958736374326,-19.236958736374326,0.9845215082168579,0.984388556209896,invalid,True,True,-0.3219403892010071,1.7658595818083072,1.0,0.0,0.9804841750435145
1137,1767151761427,-13.536241257513066,-15.683961948662466,-16.0816968054744,-16.0816968054744,-16.0816968054744,0.9792309999465942,0.9812940224519149,invalid,True,True,4.025348266349003,2.1477206911494005,1.0,0.0,0.9804841750435145
1138,1767151761457,-9.614218493372316,-12.042115875488376,-12.477983794460496,-12.477983794460496,-12.477983794460496,0.9895116686820984,0.9862246101900249,invalid,True,True,8.789435765880494,2.4278973821160594,1.0,0.0,0.9804841750435145
1139,1767151761487,-4.14651275680419,-7.304754004277865,-7.849420966608148,-7.849420966608148,-7.849420966608148,0.9774631261825562,0.9809677197855438,ok,True,True,14.742709575902435,3.1582412474736747,1.0,0.0,0.9804841750435145
1140,1767151761524,0.16554151469636663,-2.8225766928933265,-3.328758647158926,-3.328758647158926,-3.328758647158926,0.9587230682373047,0.9676209288566003,ok,True,True,20.27533773190905,2.988118207589693,1.0,0.0,0.9804841750435145
1141,1767151761622,7.182723465883601,3.18060340237283,2.529545537182247,2.529545537182247,2.529545537182247,0.7099174857139587,0.8129988629710154,ok,True,True,27.39147659420626,4.002120063510771,1.0,0.0,0.9804841750435145
1142,1767151761659,0.0,0.0,0.0,0.0,2.529545537182247,0.0,0.3251995451884062,soft,False,False,27.39147659420626,0.0,1.0,0.0,0.9804841750435145
1143,1767151761690,0.0,0.0,0.0,0.0,2.529545537182247,0.0,0.13007981807536248,soft,False,False,27.39147659420626,0.0,1.0,0.0,0.9804841750435145
1144,1767151761714,0.0,0.0,0.0,0.0,2.529545537182247,0.0,0.05203192723014499,hard,False,False,27.39147659420626,0.0,1.0,0.0,0.9804841750435145
1145,1767151761736,0.0,0.0,0.0,0.0,2.529545537182247,0.0,0.020812770892057998,hard,False,False,27.39147659420626,0.0,1.0,0.0,0.9804841750435145
1146,1767151761761,0.0,0.0,0.0,0.0,2.529545537182247,0.0,0.008325108356823199,hard,False,False,27.39147659420626,0.0,1.0,0.0,0.9804841750435145
1147,1767151761785,0.0,0.0,0.0,0.0,2.529545537182247,0.0,0.00333004334272928,hard,False,False,27.39147659420626,0.0,1.0,0.0,0.9804841750435145
1148,1767151761814,0.0,0.0,0.0,0.0,2.529545537182247,0.0,0.001332017337091712,hard,False,False,27.39147659420626,0.0,1.0,0.0,0.9804841750435145
1149,1767151761838,0.0,0.0,0.0,0.0,2.529545537182247,0.0,0.0005328069348366848,hard,False,False,27.39147659420626,0.0,1.0,0.0,0.9804841750435145
1150,1767151761863,0.0,0.0,0.0,0.0,2.529545537182247,0.0,0.0002131227739346739,hard,False,False,27.39147659420626,0.0,1.0,0.0,0.9804841750435145
1151,1767151761893,0.0,0.0,0.0,0.0,2.529545537182247,0.0,8.524910957386957e-05,hard,False,False,27.39147659420626,0.0,1.0,0.0,0.9804841750435145
1152,1767151761919,0.0,0.0,0.0,0.0,2.529545537182247,0.0,3.409964382954783e-05,hard,False,False,27.39147659420626,0.0,1.0,0.0,0.9804841750435145
1153,1767151761941,0.0,0.0,0.0,0.0,2.529545537182247,0.0,1.3639857531819132e-05,hard,False,False,27.39147659420626,0.0,1.0,0.0,0.9804841750435145
1154,1767151761963,0.0,0.0,0.0,0.0,2.529545537182247,0.0,5.455943012727653e-06,hard,False,False,27.39147659420626,0.0,1.0,0.0,0.9804841750435145
1155,1767151761989,0.0,0.0,0.0,0.0,2.529545537182247,0.0,2.1823772050910614e-06,hard,False,False,27.39147659420626,0.0,1.0,0.0,0.9804841750435145
1156,1767151762012,0.0,0.0,0.0,0.0,2.529545537182247,0.0,8.729508820364246e-07,hard,False,False,27.39147659420626,0.0,1.0,0.0,0.9804841750435145
1157,1767151762041,0.0,0.0,0.0,0.0,2.529545537182247,0.0,3.4918035281456984e-07,hard,False,False,27.39147659420626,0.0,1.0,0.0,0.9804841750435145
1158,1767151762075,0.0,0.0,0.0,0.0,2.529545537182247,0.0,1.3967214112582795e-07,hard,False,False,27.39147659420626,0.0,1.0,0.0,0.9804841750435145
1159,1767151762108,0.0,0.0,0.0,0.0,2.529545537182247,0.0,5.5868856450331184e-08,hard,False,False,27.39147659420626,0.0,1.0,0.0,0.9804841750435145
1160,1767151762145,0.0,0.0,0.0,0.0,2.529545537182247,0.0,2.2347542580132474e-08,hard,False,False,27.39147659420626,0.0,1.0,0.0,0.9804841750435145
1161,1767151762175,0.0,0.0,0.0,0.0,2.529545537182247,0.0,8.93901703205299e-09,hard,False,False,27.39147659420626,0.0,1.0,0.0,0.9804841750435145
1162,1767151762209,0.0,0.0,0.0,0.0,2.529545537182247,0.0,3.5756068128211957e-09,hard,False,False,27.39147659420626,0.0,1.0,0.0,0.9804841750435145
1163,1767151762241,0.0,0.0,0.0,0.0,2.529545537182247,0.0,1.4302427251284784e-09,hard,False,False,27.39147659420626,0.0,1.0,0.0,0.9804841750435145
1164,1767151762275,0.0,0.0,0.0,0.0,2.529545537182247,0.0,5.720970900513914e-10,hard,False,False,27.39147659420626,0.0,1.0,0.0,0.9804841750435145
1165,1767151762308,0.0,0.0,0.0,0.0,2.529545537182247,0.0,2.2883883602055656e-10,hard,False,False,27.39147659420626,0.0,1.0,0.0,0.9804841750435145
1166,1767151762343,0.0,0.0,0.0,0.0,2.529545537182247,0.0,9.153553440822262e-11,hard,False,False,27.39147659420626,0.0,1.0,0.0,0.9804841750435145
1167,1767151762376,0.0,0.0,0.0,0.0,2.529545537182247,0.0,3.661421376328905e-11,hard,False,False,27.39147659420626,0.0,1.0,0.0,0.9804841750435145
1168,1767151762409,0.0,0.0,0.0,0.0,2.529545537182247,0.0,1.464568550531562e-11,hard,False,False,27.39147659420626,0.0,1.0,0.0,0.9804841750435145
1169,1767151762475,0.0,0.0,0.0,0.0,2.529545537182247,0.0,5.858274202126249e-12,hard,False,False,27.39147659420626,0.0,1.0,0.0,0.9804841750435145
1170,1767151762508,0.0,0.0,0.0,0.0,2.529545537182247,0.0,2.3433096808504997e-12,hard,False,False,27.39147659420626,0.0,1.0,0.0,0.9804841750435145
1171,1767151762541,0.0,0.0,0.0,0.0,2.529545537182247,0.0,9.373238723401998e-13,hard,False,False,27.39147659420626,0.0,1.0,0.0,0.9804841750435145
1172,1767151762575,0.0,0.0,0.0,0.0,2.529545537182247,0.0,3.7492954893607997e-13,hard,False,False,27.39147659420626,0.0,1.0,0.0,0.9804841750435145
1173,1767151762608,0.0,0.0,0.0,0.0,2.529545537182247,0.0,1.49971819574432e-13,hard,False,False,27.39147659420626,0.0,1.0,0.0,0.9804841750435145
1174,1767151762641,0.0,0.0,0.0,0.0,2.529545537182247,0.0,5.99887278297728e-14,hard,False,False,27.39147659420626,0.0,1.0,0.0,0.9804841750435145
1175,1767151762675,0.0,0.0,0.0,0.0,2.529545537182247,0.0,2.399549113190912e-14,hard,False,False,27.39147659420626,0.0,1.0,0.0,0.9804841750435145
1176,1767151762708,0.0,0.0,0.0,0.0,2.529545537182247,0.0,9.598196452763649e-15,hard,False,False,27.39147659420626,0.0,1.0,0.0,0.9804841750435145
1177,1767151762743,0.0,0.0,0.0,0.0,2.529545537182247,0.0,3.83927858110546e-15,hard,False,False,27.39147659420626,0.0,1.0,0.0,0.9804841750435145
1178,1767151762775,0.0,0.0,0.0,0.0,2.529545537182247,0.0,1.535711432442184e-15,hard,False,False,27.39147659420626,0.0,1.0,0.0,0.9804841750435145
1179,1767151762808,0.0,0.0,0.0,0.0,2.529545537182247,0.0,6.142845729768737e-16,hard,False,False,27.39147659420626,0.0,1.0,0.0,0.9804841750435145
1180,1767151762842,0.0,0.0,0.0,0.0,2.529545537182247,0.0,2.4571382919074946e-16,hard,False,False,27.39147659420626,0.0,1.0,0.0,0.9804841750435145
1181,1767151762875,0.0,0.0,0.0,0.0,2.529545537182247,0.0,9.828553167629979e-17,hard,False,False,27.39147659420626,0.0,1.0,0.0,0.9804841750435145
1182,1767151762908,0.0,0.0,0.0,0.0,2.529545537182247,0.0,3.931421267051992e-17,hard,False,False,27.39147659420626,0.0,1.0,0.0,0.9804841750435145
1183,1767151762942,0.0,0.0,0.0,0.0,2.529545537182247,0.0,1.5725685068207967e-17,hard,False,False,27.39147659420626,0.0,1.0,0.0,0.9804841750435145
1184,1767151762976,0.0,0.0,0.0,0.0,2.529545537182247,0.0,6.290274027283187e-18,hard,False,False,27.39147659420626,0.0,1.0,0.0,0.9804841750435145
1185,1767151763014,0.0,0.0,0.0,0.0,2.529545537182247,0.0,2.516109610913275e-18,hard,False,False,27.39147659420626,0.0,1.0,0.0,0.9804841750435145
1186,1767151763050,0.0,0.0,0.0,0.0,2.529545537182247,0.0,1.0064438443653102e-18,hard,False,False,27.39147659420626,0.0,1.0,0.0,0.9804841750435145
1187,1767151763081,0.0,0.0,0.0,0.0,2.529545537182247,0.0,4.0257753774612407e-19,hard,False,False,27.39147659420626,0.0,1.0,0.0,0.9804841750435145
1188,1767151763110,0.0,0.0,0.0,0.0,2.529545537182247,0.0,1.6103101509844965e-19,hard,False,False,27.39147659420626,0.0,1.0,0.0,0.9804841750435145
1189,1767151763142,0.0,0.0,0.0,0.0,2.529545537182247,0.0,6.441240603937986e-20,hard,False,False,27.39147659420626,0.0,1.0,0.0,0.9804841750435145
1190,1767151763176,0.0,0.0,0.0,0.0,2.529545537182247,0.0,2.5764962415751946e-20,hard,False,False,27.39147659420626,0.0,1.0,0.0,0.9804841750435145
1191,1767151763220,0.0,0.0,0.0,0.0,2.529545537182247,0.0,1.0305984966300779e-20,hard,False,False,27.39147659420626,0.0,1.0,0.0,0.9804841750435145
1192,1767151763248,0.0,0.0,0.0,0.0,2.529545537182247,0.0,4.122393986520312e-21,hard,False,False,27.39147659420626,0.0,1.0,0.0,0.9804841750435145
1193,1767151763278,0.0,0.0,0.0,0.0,2.529545537182247,0.0,1.648957594608125e-21,hard,False,False,27.39147659420626,0.0,1.0,0.0,0.9804841750435145
1194,1767151763308,0.0,0.0,0.0,0.0,2.529545537182247,0.0,6.5958303784325e-22,hard,False,False,27.39147659420626,0.0,1.0,0.0,0.9804841750435145
1195,1767151763344,0.0,0.0,0.0,0.0,2.529545537182247,0.0,2.638332151373e-22,hard,False,False,27.39147659420626,0.0,1.0,0.0,0.9804841750435145
1196,1767151763377,0.0,0.0,0.0,0.0,2.529545537182247,0.0,1.0553328605492001e-22,hard,False,False,27.39147659420626,0.0,1.0,0.0,0.9804841750435145
1197,1767151763425,0.0,0.0,0.0,0.0,2.529545537182247,0.0,4.2213314421968005e-23,hard,False,False,27.39147659420626,0.0,1.0,0.0,0.9804841750435145
1198,1767151763456,0.0,0.0,0.0,0.0,2.529545537182247,0.0,1.6885325768787202e-23,hard,False,False,27.39147659420626,0.0,1.0,0.0,0.9804841750435145
1199,1767151763503,0.0,0.0,0.0,0.0,2.529545537182247,0.0,6.75413030751488e-24,hard,False,False,27.39147659420626,0.0,1.0,0.0,0.9804841750435145
1200,1767151763538,0.0,0.0,0.0,0.0,2.529545537182247,0.0,2.7016521230059524e-24,hard,False,False,27.39147659420626,0.0,1.0,0.0,0.9804841750435145
1201,1767151763562,0.0,0.0,0.0,0.0,2.529545537182247,0.0,1.080660849202381e-24,hard,False,False,27.39147659420626,0.0,1.0,0.0,0.9804841750435145
1202,1767151763593,0.0,0.0,0.0,0.0,2.529545537182247,0.0,4.322643396809524e-25,hard,False,False,27.39147659420626,0.0,1.0,0.0,0.9804841750435145
1203,1767151763622,0.0,0.0,0.0,0.0,2.529545537182247,0.0,1.7290573587238097e-25,hard,False,False,27.39147659420626,0.0,1.0,0.0,0.9804841750435145
1204,1767151763646,0.0,0.0,0.0,0.0,2.529545537182247,0.0,6.91622943489524e-26,hard,False,False,27.39147659420626,0.0,1.0,0.0,0.9804841750435145
1205,1767151763676,0.0,0.0,0.0,0.0,2.529545537182247,0.0,2.766491773958096e-26,hard,False,False,27.39147659420626,0.0,1.0,0.0,0.9804841750435145
1206,1767151763709,0.0,0.0,0.0,0.0,2.529545537182247,0.0,1.1065967095832385e-26,hard,False,False,27.39147659420626,0.0,1.0,0.0,0.9804841750435145
1207,1767151763742,0.0,0.0,0.0,0.0,2.529545537182247,0.0,4.426386838332954e-27,hard,False,False,27.39147659420626,0.0,1.0,0.0,0.9804841750435145
1208,1767151763775,0.0,0.0,0.0,0.0,2.529545537182247,0.0,1.7705547353331818e-27,hard,False,False,27.39147659420626,0.0,1.0,0.0,0.9804841750435145
1209,1767151763808,0.0,0.0,0.0,0.0,2.529545537182247,0.0,7.082218941332728e-28,hard,False,False,27.39147659420626,0.0,1.0,0.0,0.9804841750435145
1210,1767151763841,0.0,0.0,0.0,0.0,2.529545537182247,0.0,2.8328875765330913e-28,hard,False,False,27.39147659420626,0.0,1.0,0.0,0.9804841750435145
1211,1767151763875,0.0,0.0,0.0,0.0,2.529545537182247,0.0,1.1331550306132365e-28,hard,False,False,27.39147659420626,0.0,1.0,0.0,0.9804841750435145
1212,1767151763908,0.0,0.0,0.0,0.0,2.529545537182247,0.0,4.532620122452946e-29,hard,False,False,27.39147659420626,0.0,1.0,0.0,0.9804841750435145
1213,1767151763942,0.0,0.0,0.0,0.0,2.529545537182247,0.0,1.8130480489811785e-29,hard,False,False,27.39147659420626,0.0,1.0,0.0,0.9804841750435145
1214,1767151763975,0.0,0.0,0.0,0.0,2.529545537182247,0.0,7.252192195924715e-30,hard,False,False,27.39147659420626,0.0,1.0,0.0,0.9804841750435145
1215,1767151764008,0.0,0.0,0.0,0.0,2.529545537182247,0.0,2.9008768783698862e-30,hard,False,False,27.39147659420626,0.0,1.0,0.0,0.9804841750435145
1216,1767151764042,0.0,0.0,0.0,0.0,2.529545537182247,0.0,1.1603507513479545e-30,hard,False,False,27.39147659420626,0.0,1.0,0.0,0.9804841750435145
1217,1767151764077,0.0,0.0,0.0,0.0,2.529545537182247,0.0,4.641403005391818e-31,hard,False,False,27.39147659420626,0.0,1.0,0.0,0.9804841750435145
1218,1767151764110,0.0,0.0,0.0,0.0,2.529545537182247,0.0,1.8565612021567273e-31,hard,False,False,27.39147659420626,0.0,1.0,0.0,0.9804841750435145
1219,1767151764142,0.0,0.0,0.0,0.0,2.529545537182247,0.0,7.426244808626909e-32,hard,False,False,27.39147659420626,0.0,1.0,0.0,0.9804841750435145
1220,1767151764175,0.0,0.0,0.0,0.0,2.529545537182247,0.0,2.970497923450764e-32,hard,False,False,27.39147659420626,0.0,1.0,0.0,0.9804841750435145
1221,1767151764208,0.0,0.0,0.0,0.0,2.529545537182247,0.0,1.1881991693803055e-32,hard,False,False,27.39147659420626,0.0,1.0,0.0,0.9804841750435145
1222,1767151764242,0.0,0.0,0.0,0.0,2.529545537182247,0.0,4.7527966775212224e-33,hard,False,False,27.39147659420626,0.0,1.0,0.0,0.9804841750435145
1223,1767151764275,0.0,0.0,0.0,0.0,2.529545537182247,0.0,1.901118671008489e-33,hard,False,False,27.39147659420626,0.0,1.0,0.0,0.9804841750435145
1224,1767151764308,0.0,0.0,0.0,0.0,2.529545537182247,0.0,7.604474684033957e-34,hard,False,False,27.39147659420626,0.0,1.0,0.0,0.9804841750435145
1225,1767151764342,0.0,0.0,0.0,0.0,2.529545537182247,0.0,3.041789873613583e-34,hard,False,False,27.39147659420626,0.0,1.0,0.0,0.9804841750435145
1226,1767151764375,0.0,0.0,0.0,0.0,2.529545537182247,0.0,1.2167159494454334e-34,hard,False,False,27.39147659420626,0.0,1.0,0.0,0.9804841750435145
1227,1767151764408,0.0,0.0,0.0,0.0,2.529545537182247,0.0,4.866863797781734e-35,hard,False,False,27.39147659420626,0.0,1.0,0.0,0.9804841750435145
1228,1767151764441,0.0,0.0,0.0,0.0,2.529545537182247,0.0,1.9467455191126934e-35,hard,False,False,27.39147659420626,0.0,1.0,0.0,0.9804841750435145
1229,1767151764475,0.0,0.0,0.0,0.0,2.529545537182247,0.0,7.786982076450774e-36,hard,False,False,27.39147659420626,0.0,1.0,0.0,0.9804841750435145
1230,1767151764508,0.0,0.0,0.0,0.0,2.529545537182247,0.0,3.11479283058031e-36,hard,False,False,27.39147659420626,0.0,1.0,0.0,0.9804841750435145
1231,1767151764541,0.0,0.0,0.0,0.0,2.529545537182247,0.0,1.245917132232124e-36,hard,False,False,27.39147659420626,0.0,1.0,0.0,0.9804841750435145
1232,1767151764575,0.0,0.0,0.0,0.0,2.529545537182247,0.0,4.9836685289284965e-37,hard,False,False,27.39147659420626,0.0,1.0,0.0,0.9804841750435145
1233,1767151764608,0.0,0.0,0.0,0.0,2.529545537182247,0.0,1.9934674115713988e-37,hard,False,False,27.39147659420626,0.0,1.0,0.0,0.9804841750435145
1234,1767151764642,0.0,0.0,0.0,0.0,2.529545537182247,0.0,7.973869646285596e-38,hard,False,False,27.39147659420626,0.0,1.0,0.0,0.9804841750435145
1235,1767151764675,0.0,0.0,0.0,0.0,2.529545537182247,0.0,3.1895478585142383e-38,hard,False,False,27.39147659420626,0.0,1.0,0.0,0.9804841750435145
1236,1767151764709,0.0,0.0,0.0,0.0,2.529545537182247,0.0,1.2758191434056953e-38,hard,False,False,27.39147659420626,0.0,1.0,0.0,0.9804841750435145
1237,1767151764744,0.0,0.0,0.0,0.0,2.529545537182247,0.0,5.103276573622781e-39,hard,False,False,27.39147659420626,0.0,1.0,0.0,0.9804841750435145
1238,1767151764782,0.0,0.0,0.0,0.0,2.529545537182247,0.0,2.0413106294491127e-39,hard,False,False,27.39147659420626,0.0,1.0,0.0,0.9804841750435145
1239,1767151764815,0.0,0.0,0.0,0.0,2.529545537182247,0.0,8.165242517796451e-40,hard,False,False,27.39147659420626,0.0,1.0,0.0,0.9804841750435145
1240,1767151764842,0.0,0.0,0.0,0.0,2.529545537182247,0.0,3.2660970071185806e-40,hard,False,False,27.39147659420626,0.0,1.0,0.0,0.9804841750435145
1241,1767151764875,0.0,0.0,0.0,0.0,2.529545537182247,0.0,1.3064388028474322e-40,hard,False,False,27.39147659420626,0.0,1.0,0.0,0.9804841750435145
1242,1767151764908,0.0,0.0,0.0,0.0,2.529545537182247,0.0,5.225755211389729e-41,hard,False,False,27.39147659420626,0.0,1.0,0.0,0.9804841750435145
1243,1767151764944,0.0,0.0,0.0,0.0,2.529545537182247,0.0,2.090302084555892e-41,hard,False,False,27.39147659420626,0.0,1.0,0.0,0.9804841750435145
1244,1767151764975,0.0,0.0,0.0,0.0,2.529545537182247,0.0,8.361208338223568e-42,hard,False,False,27.39147659420626,0.0,1.0,0.0,0.9804841750435145
1245,1767151765008,0.0,0.0,0.0,0.0,2.529545537182247,0.0,3.3444833352894276e-42,hard,False,False,27.39147659420626,0.0,1.0,0.0,0.9804841750435145
1246,1767151765041,0.0,0.0,0.0,0.0,2.529545537182247,0.0,1.337793334115771e-42,hard,False,False,27.39147659420626,0.0,1.0,0.0,0.9804841750435145
1247,1767151765075,0.0,0.0,0.0,0.0,2.529545537182247,0.0,5.351173336463084e-43,hard,False,False,27.39147659420626,0.0,1.0,0.0,0.9804841750435145
1248,1767151765108,0.0,0.0,0.0,0.0,2.529545537182247,0.0,2.140469334585234e-43,hard,False,False,27.39147659420626,0.0,1.0,0.0,0.9804841750435145
1249,1767151765142,0.0,0.0,0.0,0.0,2.529545537182247,0.0,8.561877338340935e-44,hard,False,False,27.39147659420626,0.0,1.0,0.0,0.9804841750435145
1250,1767151765175,0.0,0.0,0.0,0.0,2.529545537182247,0.0,3.424750935336374e-44,hard,False,False,27.39147659420626,0.0,1.0,0.0,0.9804841750435145
1251,1767151765208,0.0,0.0,0.0,0.0,2.529545537182247,0.0,1.3699003741345497e-44,hard,False,False,27.39147659420626,0.0,1.0,0.0,0.9804841750435145
1252,1767151765244,0.0,0.0,0.0,0.0,2.529545537182247,0.0,5.479601496538199e-45,hard,False,False,27.39147659420626,0.0,1.0,0.0,0.9804841750435145
1253,1767151765274,0.0,0.0,0.0,0.0,2.529545537182247,0.0,2.1918405986152797e-45,hard,False,False,27.39147659420626,0.0,1.0,0.0,0.9804841750435145
1254,1767151765308,0.0,0.0,0.0,0.0,2.529545537182247,0.0,8.76736239446112e-46,hard,False,False,27.39147659420626,0.0,1.0,0.0,0.9804841750435145
1255,1767151765341,0.0,0.0,0.0,0.0,2.529545537182247,0.0,3.5069449577844484e-46,hard,False,False,27.39147659420626,0.0,1.0,0.0,0.9804841750435145
1256,1767151765374,0.0,0.0,0.0,0.0,2.529545537182247,0.0,1.4027779831137794e-46,hard,False,False,27.39147659420626,0.0,1.0,0.0,0.9804841750435145
1257,1767151765408,0.0,0.0,0.0,0.0,2.529545537182247,0.0,5.611111932455118e-47,hard,False,False,27.39147659420626,0.0,1.0,0.0,0.9804841750435145
1258,1767151765441,0.0,0.0,0.0,0.0,2.529545537182247,0.0,2.244444772982047e-47,hard,False,False,27.39147659420626,0.0,1.0,0.0,0.9804841750435145
1259,1767151765474,0.0,0.0,0.0,0.0,2.529545537182247,0.0,8.977779091928189e-48,hard,False,False,27.39147659420626,0.0,1.0,0.0,0.9804841750435145
1260,1767151765508,0.0,0.0,0.0,0.0,2.529545537182247,0.0,3.591111636771276e-48,hard,False,False,27.39147659420626,0.0,1.0,0.0,0.9804841750435145
1261,1767151765541,0.0,0.0,0.0,0.0,2.529545537182247,0.0,1.4364446547085104e-48,hard,False,False,27.39147659420626,0.0,1.0,0.0,0.9804841750435145
1262,1767151765574,0.0,0.0,0.0,0.0,2.529545537182247,0.0,5.7457786188340414e-49,hard,False,False,27.39147659420626,0.0,1.0,0.0,0.9804841750435145
1263,1767151765608,0.0,0.0,0.0,0.0,2.529545537182247,0.0,2.2983114475336168e-49,hard,False,False,27.39147659420626,0.0,1.0,0.0,0.9804841750435145
1264,1767151765641,0.0,0.0,0.0,0.0,2.529545537182247,0.0,9.193245790134468e-50,hard,False,False,27.39147659420626,0.0,1.0,0.0,0.9804841750435145
1265,1767151765675,0.0,0.0,0.0,0.0,2.529545537182247,0.0,3.6772983160537874e-50,hard,False,False,27.39147659420626,0.0,1.0,0.0,0.9804841750435145
