{
  "n_pairs": 36,
  "mean_dt_ms": -273.3333333333333,
  "median_dt_ms": -311.5,
  "std_dt_ms": 155.57438378116393,
  "min_dt_ms": -443.0,
  "max_dt_ms": 379.0,
  "offset_ms": 170.0
}