{
  "n_pairs": 38,
  "mean_dt_ms": -272.05263157894734,
  "median_dt_ms": -320.0,
  "std_dt_ms": 191.44120264985315,
  "min_dt_ms": -448.0,
  "max_dt_ms": 386.0,
  "offset_ms": 170.0
}