{
  "n_pairs": 45,
  "mean_dt_ms": -282.26666666666665,
  "median_dt_ms": -327.0,
  "std_dt_ms": 222.66121749819337,
  "min_dt_ms": -500.0,
  "max_dt_ms": 496.0,
  "offset_ms": 170.0
}