{
  "n_pairs": 23,
  "mean_dt_ms": -217.04347826086956,
  "median_dt_ms": -270.0,
  "std_dt_ms": 163.14077097132736,
  "min_dt_ms": -347.0,
  "max_dt_ms": 330.0,
  "offset_ms": 170.0
}