{
  "n_pairs": 33,
  "mean_dt_ms": -245.78787878787878,
  "median_dt_ms": -289.0,
  "std_dt_ms": 192.2477501268449,
  "min_dt_ms": -434.0,
  "max_dt_ms": 386.0,
  "offset_ms": 170.0
}