{
  "n_pairs": 34,
  "mean_dt_ms": -336.94117647058823,
  "median_dt_ms": -360.0,
  "std_dt_ms": 153.87981199557137,
  "min_dt_ms": -492.0,
  "max_dt_ms": 437.0,
  "offset_ms": 180.0
}