{
  "n_pairs": 15,
  "mean_dt_ms": -289.93333333333334,
  "median_dt_ms": -292.0,
  "std_dt_ms": 38.97429352221225,
  "min_dt_ms": -347.0,
  "max_dt_ms": -218.0,
  "offset_ms": 180.0
}