frame_idx,timestamp_ms,depth_raw_mm,depth_ema_mm,depth_kf_mm,depth_corr_mm,sig_mm,conf,conf_ema,vision_state,has_hand,has_main_hand,velocity_mm_s,motion_mm,gain,offset_mm,cos_tilt
0,1767152616594,0.2682318799440813,0.2682318799440813,0.2682318799440813,0.2682318799440813,0.2682318799440813,0.9691712260246277,0.5815027356147766,ok,True,True,0.0,0.0,1.0,0.0,0.9804841750435145
1,1767152616627,-0.3762342210944407,-0.11844778067903187,-0.07398099907538191,-0.07398099907538191,-0.07398099907538191,0.9655096530914307,0.8119068861007691,ok,True,True,-0.07032993175418845,0.2577864404154088,1.0,0.0,0.9804841750435145
2,1767152616652,0.28752568909202453,0.12513630118360194,0.1017922594469553,0.1017922594469553,0.1017922594469553,0.9611689448356628,0.9014641213417054,ok,True,True,-0.01964325061213864,0.16238938790842258,1.0,0.0,0.9804841750435145
3,1767152616686,0.24947257310497298,0.19973806433642455,0.18833663278892027,0.18833663278892027,0.18833663278892027,0.9572921395301819,0.9349609322547913,ok,True,True,0.010767079427059158,0.04973450876854843,1.0,0.0,0.9804841750435145
4,1767152616716,0.49913687736075313,0.3793773521510217,0.3573739563905384,0.3573739563905384,0.3573739563905384,0.9699018001556396,0.9559254529953003,ok,True,True,0.07988163913705956,0.11975952520973143,1.0,0.0,0.9804841750435145
5,1767152616740,0.0667302568499825,0.1917890949703982,0.21116484638973698,0.21116484638973698,0.21116484638973698,0.9649084806442261,0.9613152695846557,ok,True,True,0.010097532647052668,0.12505883812041568,1.0,0.0,0.9804841750435145
6,1767152616764,0.6887185242341685,0.4899467525286603,0.45794258377662167,0.45794258377662167,0.45794258377662167,0.9623339772224426,0.9619264941673279,ok,True,True,0.13966898420245388,0.19877177170550814,1.0,0.0,0.9804841750435145
7,1767152616790,0.5841629758220794,0.5464764865047118,0.536853665730574,0.536853665730574,0.536853665730574,0.9678701758384705,0.9654927031700133,ok,True,True,0.1827868690159695,0.03768648931736762,1.0,0.0,0.9804841750435145
8,1767152616820,0.6617865046728751,0.6156624974056097,0.6073352763771598,0.6073352763771598,0.6073352763771598,0.9649108052253723,0.9651435644032287,ok,True,True,0.22356672326875915,0.0461240072672654,1.0,0.0,0.9804841750435145
9,1767152616848,0.6290324330809394,0.6236844588108075,0.6226673618396993,0.6226673618396993,0.6226673618396993,0.9647939801216125,0.9649338138342589,ok,True,True,0.22895411303432142,0.005347974270131894,1.0,0.0,0.9804841750435145
10,1767152616874,0.10961113562651051,0.3152404649002293,0.3511985410837318,0.3511985410837318,0.3511985410837318,0.9658526182174683,0.9654850964641845,ok,True,True,0.024745234965038387,0.20562932927371877,1.0,0.0,0.9804841750435145
11,1767152616910,-0.02799734588352966,0.10929777842997393,0.13695695844556582,0.13695695844556582,0.13695695844556582,0.967021644115448,0.9664070250549426,ok,True,True,-0.1424118538236889,0.1372951243135036,1.0,0.0,0.9804841750435145
12,1767152616933,0.16364759484872146,0.14190766828122245,0.1408042267171414,0.1408042267171414,0.1408042267171414,0.9672590494155884,0.9669182396713301,ok,True,True,-0.13536121880180377,0.021739926567499013,1.0,0.0,0.9804841750435145
13,1767152616955,0.4355540919560179,0.31809552248609974,0.2974384926787522,0.2974384926787522,0.2974384926787522,0.961688756942749,0.9637805500341814,ok,True,True,0.0034052718281938066,0.11745856946991817,1.0,0.0,0.9804841750435145
14,1767152616979,0.5038496934171467,0.4295480250447279,0.4145701495559592,0.4145701495559592,0.4145701495559592,0.9696904420852661,0.9673264852648322,ok,True,True,0.10866096874673097,0.0743016683724188,1.0,0.0,0.9804841750435145
15,1767152617012,0.5564723078224397,0.505702594711355,0.49578499406113474,0.49578499406113474,0.49578499406113474,0.9601682424545288,0.9630315395786502,ok,True,True,0.18124988614016224,0.05076971311108469,1.0,0.0,0.9804841750435145
16,1767152617045,0.46246886950734895,0.4797623595889514,0.48225998855691016,0.48225998855691016,0.48225998855691016,0.9643150568008423,0.9638016499119655,ok,True,True,0.1622845253075598,0.01729349008160247,1.0,0.0,0.9804841750435145
17,1767152617079,0.44908332243986016,0.4613549372994966,0.46433041670071357,0.46433041670071357,0.46433041670071357,0.9686997532844543,0.9667405119354588,ok,True,True,0.13892615128902283,0.01227161485963646,1.0,0.0,0.9804841750435145
18,1767152617119,0.6018475307068637,0.5456504933439169,0.5369878529948807,0.5369878529948807,0.5369878529948807,0.9676355123519897,0.9672775121853774,ok,True,True,0.20901180412013337,0.05619703736294679,1.0,0.0,0.9804841750435145
19,1767152617156,0.5187467900246739,0.5295082713523711,0.5311385728742459,0.5311385728742459,0.5311385728742459,0.9657863974571228,0.9663828433484246,ok,True,True,0.19545621002219052,0.010761481327697164,1.0,0.0,0.9804841750435145
20,1767152617191,-0.08971799421232393,0.15797251201355408,0.20078141016138157,0.20078141016138157,0.20078141016138157,0.96539705991745,0.9657913732898398,ok,True,True,-0.16942914592489342,0.24769050622587802,1.0,0.0,0.9804841750435145
21,1767152617221,0.509832670874105,0.3690886073298846,0.349491465705537,0.349491465705537,0.349491465705537,0.9576410055160522,0.9609011526255673,ok,True,True,0.0014127142791819092,0.14074406354422042,1.0,0.0,0.9804841750435145
22,1767152617245,0.04400528771951854,0.17403861556366496,0.19379468927328852,0.19379468927328852,0.19379468927328852,0.9679922461509705,0.9651558087408092,ok,True,True,-0.17437330620046385,0.13003332784414642,1.0,0.0,0.9804841750435145
23,1767152617279,-0.03902073758616747,0.04620300367376551,0.06215181856024335,0.06215181856024335,0.06215181856024335,0.9639740586280823,0.9644467586731731,ok,True,True,-0.318944751198586,0.08522374125993298,1.0,0.0,0.9804841750435145
24,1767152617313,0.653154005018359,0.41037360448052157,0.37003247742609535,0.37003247742609535,0.37003247742609535,0.9579381942749023,0.9605416200342106,ok,True,True,0.05296471899347582,0.2427804005378374,1.0,0.0,0.9804841750435145
25,1767152617345,-0.0940055073563113,0.10774613737842187,0.13741203319531542,0.13741203319531542,0.13741203319531542,0.9674607515335083,0.9646930989337892,ok,True,True,-0.2247603834345962,0.20175164473473317,1.0,0.0,0.9804841750435145
26,1767152617379,0.16151533295003606,0.14000765472139037,0.13887495383760662,0.13887495383760662,0.13887495383760662,0.9631202816963196,0.9637494085913074,ok,True,True,-0.21400721280181134,0.021507678228645688,1.0,0.0,0.9804841750435145
27,1767152617412,0.1789182683387677,0.16335402289181677,0.15980618761350965,0.15980618761350965,0.15980618761350965,0.9680615067481995,0.9663366674854426,ok,True,True,-0.17989583091039177,0.015564245446950925,1.0,0.0,0.9804841750435145
28,1767152617445,0.008998260159160413,0.07074056525222296,0.08005886484127786,0.08005886484127786,0.08005886484127786,0.9659061431884766,0.966078352907263,ok,True,True,-0.27052926372723907,0.06174230509306254,1.0,0.0,0.9804841750435145
29,1767152617479,0.5030680556321839,0.3301370594801995,0.3010855470522526,0.3010855470522526,0.3010855470522526,0.9637647867202759,0.9646902131950708,ok,True,True,0.0150214944335329,0.17293099615198443,1.0,0.0,0.9804841750435145
30,1767152617512,0.4009551252981036,0.37262789897094195,0.3646654296967731,0.3646654296967731,0.3646654296967731,0.960258424282074,0.9620311398472726,ok,True,True,0.09403718806929708,0.02832722632716167,1.0,0.0,0.9804841750435145
31,1767152617545,0.31022766887587194,0.3351877609138999,0.3388416573896263,0.3388416573896263,0.3388416573896263,0.9653659462928772,0.9640320237146354,ok,True,True,0.057460996814989854,0.02496009203802796,1.0,0.0,0.9804841750435145
32,1767152617579,0.39959300651107277,0.3738309082722036,0.37012653491687025,0.37012653491687025,0.37012653491687025,0.9591328501701355,0.9610925195879355,ok,True,True,0.09483703291672607,0.025762098238869158,1.0,0.0,0.9804841750435145
33,1767152617612,0.07900656794322251,0.19693630407481497,0.2166821060022743,0.2166821060022743,0.2166821060022743,0.9676786065101624,0.9650441717412716,ok,True,True,-0.10583180273335502,0.11792973613159245,1.0,0.0,0.9804841750435145
34,1767152617645,0.13229012606374135,0.1581485972681708,0.16430577162606116,0.16430577162606116,0.16430577162606116,0.966001570224762,0.9656186108313658,ok,True,True,-0.16881601238884225,0.02585847120442944,1.0,0.0,0.9804841750435145
35,1767152617679,-0.24858012666936857,-0.08588863709435282,-0.05851962582954584,-0.05851962582954584,-0.05851962582954584,0.9677422046661377,0.9668927671322289,ok,True,True,-0.45045855962465253,0.16269148957501575,1.0,0.0,0.9804841750435145
36,1767152617712,0.05627585147610442,-0.0005899439520784741,-0.008751134784301937,-0.008751134784301937,-0.008751134784301937,0.96141117811203,0.9636038137201095,ok,True,True,-0.3660184919733358,0.056865795428182896,1.0,0.0,0.9804841750435145
37,1767152617745,-0.3714581843348515,-0.22311088818174227,-0.2004979149129589,-0.2004979149129589,-0.2004979149129589,0.9713818430900574,0.9682706313420781,ok,True,True,-0.6011422793312264,0.14834729615310924,1.0,0.0,0.9804841750435145
38,1767152617779,-1.203850699290397,-0.8115547748469351,-0.745458080917889,-0.745458080917889,-0.745458080917889,0.9700254797935486,0.9693235404129603,ok,True,True,-1.2914926778783002,0.39229592444346195,1.0,0.0,0.9804841750435145
39,1767152617812,-1.253955980241177,-1.0769954980834804,-1.0447382542156436,-1.0447382542156436,-1.0447382542156436,0.9711902737617493,0.9704435804222338,ok,True,True,-1.629785283528772,0.17696048215769666,1.0,0.0,0.9804841750435145
40,1767152617845,-1.1429461727664905,-1.1165659028932864,-1.114609298800136,-1.114609298800136,-1.114609298800136,0.9663979411125183,0.9680161968364045,ok,True,True,-1.6503813307307478,0.026380269873204076,1.0,0.0,0.9804841750435145
41,1767152617878,0.0874609001614604,-0.39414982106043833,-0.4808318701394023,-0.4808318701394023,-0.4808318701394023,0.9638808965682983,0.9655350166755408,ok,True,True,-0.7348348229446684,0.48161072122189874,1.0,0.0,0.9804841750435145
42,1767152617912,0.8980652618611665,0.38117922869252463,0.2820995250267959,0.2820995250267959,0.2820995250267959,0.9605238437652588,0.9625283129293716,ok,True,True,0.31488643030303276,0.5168860331686419,1.0,0.0,0.9804841750435145
43,1767152617946,2.3184045691984347,1.5435144329960706,1.403723887888616,1.403723887888616,1.403723887888616,0.9639855027198792,0.963402626803676,ok,True,True,1.8000858514295908,0.7748901362023641,1.0,0.0,0.9804841750435145
44,1767152617979,4.777419798681591,3.4838576524073828,3.258133255874144,3.258133255874144,3.258133255874144,0.9577509760856628,0.9600116363728681,ok,True,True,4.204413312506424,1.2935621462742084,1.0,0.0,0.9804841750435145
45,1767152618012,6.501735741656249,5.294584505956703,5.082718332962733,5.082718332962733,5.082718332962733,0.9605196714401245,0.9603164574132219,ok,True,True,6.466374754010609,1.2071512356995466,1.0,0.0,0.9804841750435145
46,1767152618046,10.551107991379403,8.448498597210323,8.09656953116707,8.09656953116707,8.09656953116707,0.9492732882499695,0.9536905559152704,ok,True,True,10.231647628406034,2.1026093941690807,1.0,0.0,0.9804841750435145
47,1767152618079,15.486685069150798,12.671410480374607,12.198473309431645,12.198473309431645,12.198473309431645,0.9365600347518921,0.9434122432172434,ok,True,True,15.301320708553,2.815274588776191,1.0,0.0,0.9804841750435145
48,1767152618112,22.480021320560017,18.55657698448585,17.903368296909495,17.903368296909495,17.903368296909495,0.9461576342582703,0.9450594778418595,ok,True,True,22.315688181419958,3.9234443360741658,1.0,0.0,0.9804841750435145
49,1767152618146,31.174942798476767,26.1275964728804,25.292124267354808,25.292124267354808,25.292124267354808,0.9529190063476562,0.9497751949453375,ok,True,True,31.301560693469312,5.047346325596369,1.0,0.0,0.9804841750435145
50,1767152618179,39.23548475118301,33.99232943986196,33.137206259975564,33.137206259975564,33.137206259975564,0.9370791912078857,0.9421575927028665,ok,True,True,40.5121281424822,5.243155311321047,1.0,0.0,0.9804841750435145
51,1767152618212,47.13655535374688,41.878864988192916,41.053449950440346,41.053449950440346,41.053449950440346,0.9469829201698303,0.9450527891830447,ok,True,True,49.414442401486234,5.257690365553962,1.0,0.0,0.9804841750435145
52,1767152618245,52.41011031080155,48.19761218175809,47.58376910503178,47.58376910503178,47.58376910503178,0.9399808645248413,0.9420096343881226,ok,True,True,56.0428500578784,4.21249812904346,1.0,0.0,0.9804841750435145
53,1767152618279,54.915466315727016,52.22832466213945,51.918297026074086,51.918297026074086,51.918297026074086,0.9500280022621155,0.9468206551125183,ok,True,True,59.39425313463837,2.6871416535875667,1.0,0.0,0.9804841750435145
54,1767152618312,53.68244995195809,53.10079983603063,53.1898252596083,53.1898252596083,53.1898252596083,0.9627066850662231,0.9563522730847411,ok,True,True,58.43092990707152,0.5816501159274594,1.0,0.0,0.9804841750435145
55,1767152618345,52.4891304424593,52.73379819988783,53.002181829506206,53.002181829506206,53.002181829506206,0.9603797793388367,0.9587687768371985,ok,True,True,55.524185176019365,0.2446677574285303,1.0,0.0,0.9804841750435145
56,1767152618379,47.89549115892588,49.83081397531066,50.39153484577509,50.39153484577509,50.39153484577509,0.9444894790649414,0.9502011981738443,ok,True,True,49.44626298942192,1.935322816384783,1.0,0.0,0.9804841750435145
57,1767152618443,42.41562405799759,45.38170002492282,46.12503869646007,46.12503869646007,46.12503869646007,0.9648646116256714,0.9589992462449406,ok,True,True,41.38282003600754,2.9660759669252315,1.0,0.0,0.9804841750435145
58,1767152618479,34.72646350520848,38.988558113094214,39.939288792040024,39.939288792040024,39.939288792040024,0.9635747671127319,0.9617445587656154,ok,True,True,31.06263694724354,4.262094607885736,1.0,0.0,0.9804841750435145
59,1767152618502,25.571364276068152,30.938241810878576,32.058698655375736,32.058698655375736,32.058698655375736,0.9517419338226318,0.9557429837998253,ok,True,True,18.89252729284389,5.366877534810424,1.0,0.0,0.9804841750435145
60,1767152618522,15.059060232736272,21.410732863993193,22.669728350818232,22.669728350818232,22.669728350818232,0.9689692854881287,0.9636787648128073,ok,True,True,5.209923506220406,6.351672631256921,1.0,0.0,0.9804841750435145
61,1767152618545,6.958861657116471,12.73961013986716,13.867526122687996,13.867526122687996,13.867526122687996,0.9455692172050476,0.9528130362481515,ok,True,True,-7.054425104017481,5.780748482750689,1.0,0.0,0.9804841750435145
62,1767152618578,0.5488226027357812,5.425137617588334,6.341317282533299,6.341317282533299,6.341317282533299,0.9641621708869934,0.9596225170314566,ok,True,True,-17.021126909349178,4.876315014852553,1.0,0.0,0.9804841750435145
63,1767152618615,-1.7244731901055408,1.135371132972009,1.6531682099810743,1.6531682099810743,1.6531682099810743,0.9686447381973267,0.9650358497309786,ok,True,True,-22.65640328552569,2.85984432307755,1.0,0.0,0.9804841750435145
64,1767152618652,-1.3046819735506041,-0.32866073094155884,-0.19173794690430412,-0.19173794690430412,-0.19173794690430412,0.9705992341041565,0.9683738803548853,ok,True,True,-24.147135129778597,0.9760212426090453,1.0,0.0,0.9804841750435145
65,1767152618679,-1.3326025350164095,-0.9310258133864693,-0.9383502499877248,-0.9383502499877248,-0.9383502499877248,0.9675015211105347,0.9678504648082749,ok,True,True,-24.067363019298412,0.4015767216299402,1.0,0.0,0.9804841750435145
66,1767152618712,-1.5103101843623745,-1.2785964359720126,-1.330166197862395,-1.330166197862395,-1.330166197862395,0.9706676602363586,0.9695407820651252,ok,True,True,-23.505524819525444,0.23171374839036196,1.0,0.0,0.9804841750435145
67,1767152618746,-0.8417914794262827,-1.0165134620445746,-1.1389813006271603,-1.1389813006271603,-1.1389813006271603,0.9706857204437256,0.9702277450922855,ok,True,True,-22.170882353705533,0.17472198261829186,1.0,0.0,0.9804841750435145
68,1767152618778,1.0634966001138915,0.23149257525050498,-0.003970573429648017,-0.003970573429648017,-0.003970573429648017,0.966298520565033,0.967870210375934,ok,True,True,-19.60414649691503,0.8320040248633864,1.0,0.0,0.9804841750435145
69,1767152618812,3.7167890505168946,2.3226704604103388,1.99003343365847,1.99003343365847,1.99003343365847,0.9643536806106567,0.9657602925167676,ok,True,True,-15.977261484093285,1.3941185901065558,1.0,0.0,0.9804841750435145
70,1767152618845,7.14444890501526,5.2157375271732915,4.796246571162177,4.796246571162177,4.796246571162177,0.9566714763641357,0.9603070028251885,ok,True,True,-11.402364481835619,1.9287113778419682,1.0,0.0,0.9804841750435145
71,1767152618878,10.611811361120415,8.453381827541566,8.00276094553794,8.00276094553794,8.00276094553794,0.963634729385376,0.962303638761301,ok,True,True,-6.486986049346006,2.1584295335788486,1.0,0.0,0.9804841750435145
72,1767152618912,15.058784360576873,12.41662334736275,11.899831295083914,11.899831295083914,11.899831295083914,0.9646993279457092,0.963741052271946,ok,True,True,-0.8487847353146671,2.642161013214123,1.0,0.0,0.9804841750435145
73,1767152618945,20.045495492560146,16.993946634481187,16.42220901347343,16.42220901347343,16.42220901347343,0.9581183195114136,0.9603674126156265,ok,True,True,5.389906773674919,3.0515488580789594,1.0,0.0,0.9804841750435145
74,1767152618978,26.506168582863793,22.70127980351075,22.020499146976704,22.020499146976704,22.020499146976704,0.9438768029212952,0.9504730467990277,ok,True,True,12.819575664949973,3.8048887793530426,1.0,0.0,0.9804841750435145
75,1767152619012,36.04141964765546,30.705363709997577,29.783709939130624,29.783709939130624,29.783709939130624,0.9186073541641235,0.9313536312180852,ok,True,True,22.879383233347575,5.336055937657882,1.0,0.0,0.9804841750435145
76,1767152619045,44.88911108117588,39.21561213270456,38.24801143607037,38.24801143607037,38.24801143607037,0.946643054485321,0.9405272851784268,ok,True,True,33.44201875304225,5.67349894847132,1.0,0.0,0.9804841750435145
77,1767152619078,52.055373197834804,46.919468771782704,46.076045472482704,46.076045472482704,46.076045472482704,0.9451609253883362,0.9433074693043725,ok,True,True,42.65014122519394,5.1359044260521,1.0,0.0,0.9804841750435145
78,1767152619114,56.587607936555415,52.72035227064633,52.13744467729092,52.13744467729092,52.13744467729092,0.9405911564826965,0.9416776816113669,ok,True,True,49.014726865042064,3.8672556659090844,1.0,0.0,0.9804841750435145
79,1767152619145,59.729349287183695,56.92575048056875,56.573674727719606,56.573674727719606,56.573674727719606,0.967552661895752,0.957202669781998,ok,True,True,52.859293784927964,2.803598806614943,1.0,0.0,0.9804841750435145
80,1767152619179,58.441210217564915,57.83502632276645,57.89090148865623,57.89090148865623,57.89090148865623,0.9665564894676208,0.9628149615933717,ok,True,True,52.249100616310216,0.6061838947984626,1.0,0.0,0.9804841750435145
81,1767152619212,57.573155478670444,57.67790381630885,57.896061433011816,57.896061433011816,57.896061433011816,0.9582235217094421,0.9600600976630139,ok,True,True,49.86649173783728,0.10474833763840508,1.0,0.0,0.9804841750435145
82,1767152619252,52.25602421510409,54.424776055585994,54.99772661759032,54.99772661759032,54.99772661759032,0.9600828886032104,0.9600737722271317,ok,True,True,43.60856696470821,2.168751840481903,1.0,0.0,0.9804841750435145
83,1767152619280,46.508607098252355,49.67507468118581,50.431372588986896,50.431372588986896,50.431372588986896,0.9420161247253418,0.9492391837260578,ok,True,True,35.347538322198034,3.166467582933457,1.0,0.0,0.9804841750435145
84,1767152619314,39.151372479249694,43.36085336002414,44.28149410150704,44.28149410150704,44.28149410150704,0.9652093648910522,0.9588212924250544,ok,True,True,25.29080494123589,4.209480880774443,1.0,0.0,0.9804841750435145
85,1767152619348,28.726416458387416,34.580191219042106,35.75703516555578,35.75703516555578,35.75703516555578,0.9615612030029297,0.9604652387717796,ok,True,True,12.434716667823109,5.853774760654691,1.0,0.0,0.9804841750435145
86,1767152619379,18.70715343726747,25.056368549977325,26.296919300051478,26.296919300051478,26.296919300051478,0.9490523934364319,0.9536175315705709,ok,True,True,-1.1179774270965748,6.349215112709857,1.0,0.0,0.9804841750435145
87,1767152619412,10.867700030972625,16.543167438574507,17.627611785734647,17.627611785734647,17.627611785734647,0.9288073182106018,0.9387314035545895,ok,True,True,-12.965774307793877,5.675467407601882,1.0,0.0,0.9804841750435145
88,1767152619446,4.1085102748530185,9.082373140341614,9.98785798167427,9.98785798167427,9.98785798167427,0.9194756746292114,0.9271779661993627,ok,True,True,-22.858797228223395,4.973862865488596,1.0,0.0,0.9804841750435145
89,1767152619478,0.17429166233218613,3.7375242535359576,4.350072340402127,4.350072340402127,4.350072340402127,0.9625151753425598,0.948380291685281,ok,True,True,-29.551537084551605,3.5632325912037714,1.0,0.0,0.9804841750435145
90,1767152619512,-0.9771584996412087,0.9087146016296579,1.1828583802365609,1.1828583802365609,1.1828583802365609,0.9686978459358215,0.9605708242356052,ok,True,True,-32.546949626670454,1.8858731012708665,1.0,0.0,0.9804841750435145
91,1767152619545,-0.6401576675891386,-0.020608759901619977,-0.007375534057478331,-0.007375534057478331,-0.007375534057478331,0.9650866985321045,0.9632803488135048,ok,True,True,-32.69154592078562,0.6195489076875187,1.0,0.0,0.9804841750435145
92,1767152619578,-1.2545939346097865,-0.7609998647265199,-0.7985105729583171,-0.7985105729583171,-0.7985105729583171,0.968964159488678,0.9666906352186087,ok,True,True,-32.28166405535278,0.4935940698832666,1.0,0.0,0.9804841750435145
93,1767152619612,-0.16532995523417116,-0.40359791903111064,-0.5677692938848384,-0.5677692938848384,-0.5677692938848384,0.9675047397613525,0.9671790979442549,ok,True,True,-30.487708012866392,0.23826796379693949,1.0,0.0,0.9804841750435145
94,1767152619646,1.371898684974968,0.6617000433725365,0.41105995446241494,0.41105995446241494,0.41105995446241494,0.9657163619995117,0.966301456377409,ok,True,True,-27.748816455585835,0.7101986416024314,1.0,0.0,0.9804841750435145
95,1767152619678,3.7609343433573326,2.521240623363414,2.182496162399202,2.182496162399202,2.182496162399202,0.9502546191215515,0.9566733540238945,ok,True,True,-24.047079549787767,1.2396937199939186,1.0,0.0,0.9804841750435145
96,1767152619712,6.266727145868523,4.768532536866479,4.3904507341380405,4.3904507341380405,4.3904507341380405,0.9563940167427063,0.9565057516551816,ok,True,True,-19.91539313210424,1.4981946090020442,1.0,0.0,0.9804841750435145
97,1767152619745,9.893928781661925,7.843770283743747,7.384264531402981,7.384264531402981,7.384264531402981,0.9643550515174866,0.9612153315725646,ok,True,True,-14.89381735858942,2.0501584979181784,1.0,0.0,0.9804841750435145
98,1767152619778,13.848406755888595,11.446552167030656,10.937762985214098,10.937762985214098,10.937762985214098,0.9674382209777832,0.9649490652156958,ok,True,True,-9.33357460318399,2.4018545888579386,1.0,0.0,0.9804841750435145
99,1767152619816,21.18192211651962,17.287774136724035,16.544344438547274,16.544344438547274,16.544344438547274,0.9389925003051758,0.9493751262693838,ok,True,True,-1.2089745060646315,3.8941479797955836,1.0,0.0,0.9804841750435145
100,1767152619845,29.40402744991036,24.55752612463583,23.65870070461454,23.65870070461454,23.65870070461454,0.9440871477127075,0.9462023391353781,ok,True,True,8.614001403029695,4.846501325274527,1.0,0.0,0.9804841750435145
101,1767152619879,38.2124013533798,32.75045126188222,31.76779424895846,31.76779424895846,31.76779424895846,0.937711238861084,0.9411076789708017,ok,True,True,19.353273042327032,5.4619500914975845,1.0,0.0,0.9804841750435145
102,1767152619912,46.10278765710362,40.761853099015056,39.83005222798525,39.83005222798525,39.83005222798525,0.9483868479728699,0.9454751803720426,ok,True,True,29.53685719507522,5.340934558088563,1.0,0.0,0.9804841750435145
103,1767152619945,52.77450294934724,47.969443009214366,47.17091469473265,47.17091469473265,47.17091469473265,0.9525095224380493,0.9496957856116466,ok,True,True,38.26400072894853,4.805059940132871,1.0,0.0,0.9804841750435145
104,1767152619978,57.76840974682149,53.84882305177864,53.24587349945642,53.24587349945642,53.24587349945642,0.9603204131126404,0.9560705621122428,ok,True,True,44.85371595716719,3.9195866950428524,1.0,0.0,0.9804841750435145
105,1767152620012,60.99572894022989,58.13696658484939,57.75795326407625,57.75795326407625,57.75795326407625,0.959741473197937,0.9582731087636593,ok,True,True,48.99603616110777,2.858762355380499,1.0,0.0,0.9804841750435145
106,1767152620046,59.46715004168523,58.9350766589509,58.98597803511812,58.98597803511812,58.98597803511812,0.9394407868385315,0.9469737156085827,ok,True,True,48.43971968382565,0.5320733827343318,1.0,0.0,0.9804841750435145
107,1767152620078,57.84501599708451,58.281040261831066,58.539922722893564,58.539922722893564,58.539922722893564,0.9555055499076843,0.9520928161880436,ok,True,True,45.61029625472785,0.43602426474655687,1.0,0.0,0.9804841750435145
108,1767152620112,55.0083317813846,56.317415173563184,56.735142450379925,56.735142450379925,56.735142450379925,0.9547911286354065,0.9537118036564614,ok,True,True,41.04477039832669,1.3090833921785858,1.0,0.0,0.9804841750435145
109,1767152620151,49.26711029344601,52.08723224549288,52.7586657945307,52.7586657945307,52.7586657945307,0.9487848877906799,0.9507556541369926,ok,True,True,33.70633584174081,2.8201219520468683,1.0,0.0,0.9804841750435145
110,1767152620178,42.65695472410487,46.42906573266008,47.260886307752884,47.260886307752884,47.260886307752884,0.9671611785888672,0.9605989688081173,ok,True,True,24.61490487762303,3.772111008555207,1.0,0.0,0.9804841750435145
111,1767152620214,34.402112561132164,39.21289382974333,40.202676091672615,40.202676091672615,40.202676091672615,0.9602020978927612,0.9603608462589036,ok,True,True,13.796972703079982,4.810781268611166,1.0,0.0,0.9804841750435145
112,1767152620247,24.148093827037272,30.174013828119694,31.344606655942613,31.344606655942613,31.344606655942613,0.9614295959472656,0.9610020960719208,ok,True,True,1.0027982702765428,6.025920001082422,1.0,0.0,0.9804841750435145
113,1767152620278,14.71126590244773,20.896365072716517,22.06618837259508,22.06618837259508,22.06618837259508,0.9422019720077515,0.9497220216334192,ok,True,True,-11.783014272189046,6.185099170268787,1.0,0.0,0.9804841750435145
114,1767152620312,9.343644286374772,13.964732600911471,14.825072955406775,14.825072955406775,14.825072955406775,0.9282097816467285,0.9368146776414048,ok,True,True,-21.186305086035176,4.621088314536699,1.0,0.0,0.9804841750435145
115,1767152620346,4.621189946412143,8.358607008211873,9.001489347218827,9.001489347218827,9.001489347218827,0.9592376947402954,0.9502684879007391,ok,True,True,-28.21285994011439,3.7374170617997304,1.0,0.0,0.9804841750435145
116,1767152620378,1.750659665156009,4.393838602378355,4.80312459372864,4.80312459372864,4.80312459372864,0.9488593339920044,0.9494229955554983,ok,True,True,-32.686273757988765,2.6431789372223458,1.0,0.0,0.9804841750435145
117,1767152620412,0.028700130209547484,1.7747555190770705,1.991141235742783,1.991141235742783,1.991141235742783,0.9546703696250916,0.9525714199972543,ok,True,True,-35.05133244139814,1.746055388867523,1.0,0.0,0.9804841750435145
118,1767152620445,-0.18323290891181285,0.5999624622837405,0.6248285095476243,0.6248285095476243,0.6248285095476243,0.9668384790420532,0.9611316554241336,ok,True,True,-35.323114710348804,0.7831953711955534,1.0,0.0,0.9804841750435145
119,1767152620478,0.7233979536052406,0.6740237570766405,0.5371235958381699,0.5371235958381699,0.5371235958381699,0.9571340680122375,0.958733102976996,ok,True,True,-33.826812677566856,0.04937419652860009,1.0,0.0,0.9804841750435145
120,1767152620512,0.41315097367818576,0.5175000870375677,0.3938471264568798,0.3938471264568798,0.3938471264568798,0.9683924317359924,0.9645287002323939,ok,True,True,-32.47529826394917,0.1043491133593819,1.0,0.0,0.9804841750435145
121,1767152620545,2.13912789694589,1.490476772982561,1.2472706517349401,1.2472706517349401,1.2472706517349401,0.9655212163925171,0.9651242099284678,ok,True,True,-29.817075066792988,0.6486511239633288,1.0,0.0,0.9804841750435145
122,1767152620578,4.306597979974558,3.180149497177759,2.853501727809637,2.853501727809637,2.853501727809637,0.951400637626648,0.956890066547376,ok,True,True,-26.246835586821888,1.1264484827967993,1.0,0.0,0.9804841750435145
123,1767152620614,7.18244454763577,5.581526527452565,5.179417405352503,5.179417405352503,5.179417405352503,0.9506359696388245,0.9531376084022452,ok,True,True,-21.851801757866895,1.6009180201832045,1.0,0.0,0.9804841750435145
124,1767152620649,10.462777174341946,8.510276915586195,8.057238039440234,8.057238039440234,8.057238039440234,0.9558379054069519,0.9547577866050693,ok,True,True,-16.900101411127903,1.9525002587557516,1.0,0.0,0.9804841750435145
125,1767152620679,14.458021007456422,12.078923370708331,11.567205286937687,11.567205286937687,11.567205286937687,0.9585191011428833,0.9570145753277577,ok,True,True,-11.3070323285874,2.3790976367480905,1.0,0.0,0.9804841750435145
126,1767152620714,19.743990211684032,16.67796347529375,16.065505277361822,16.065505277361822,16.065505277361822,0.9424076080322266,0.9482503949504391,ok,True,True,-4.612868185480077,3.066026736390281,1.0,0.0,0.9804841750435145
127,1767152620745,26.176058807460034,22.37682067459352,21.655276307213192,21.655276307213192,21.655276307213192,0.9490898251533508,0.9487540530721861,ok,True,True,3.2736151223430072,3.7992381328665132,1.0,0.0,0.9804841750435145
128,1767152620778,33.374942806967866,28.975693954018126,28.170866714790687,28.170866714790687,28.170866714790687,0.9646172523498535,0.9582719726387865,ok,True,True,12.070388767768218,4.399248852949739,1.0,0.0,0.9804841750435145
129,1767152620812,41.81109045203203,36.67693185282647,35.77250463487466,35.77250463487466,35.77250463487466,0.9454202055931091,0.9505609124113801,ok,True,True,21.955799999656357,5.134158599205563,1.0,0.0,0.9804841750435145
130,1767152620845,49.55318972274241,44.402686574776034,43.521183005626945,43.521183005626945,43.521183005626945,0.9588798880577087,0.9555522977991773,ok,True,True,31.590662599685757,5.150503147966376,1.0,0.0,0.9804841750435145
131,1767152620878,55.436129037898745,51.022752052649665,50.3030527264305,50.3030527264305,50.3030527264305,0.953363299369812,0.9542388987415581,ok,True,True,39.45700507529412,4.41337698524908,1.0,0.0,0.9804841750435145
132,1767152620912,58.89562339012439,55.7464748551345,55.28574246006784,55.28574246006784,55.28574246006784,0.9639196991920471,0.9600473790118516,ok,True,True,44.49283181926207,3.149148534989891,1.0,0.0,0.9804841750435145
133,1767152620945,60.033136260711494,58.3184716984807,58.14552249025062,58.14552249025062,58.14552249025062,0.967431902885437,0.9644780933360029,ok,True,True,46.38317589237859,1.7146645622307943,1.0,0.0,0.9804841750435145
134,1767152620979,59.02441545720698,58.74203795371646,58.84801834281372,58.84801834281372,58.84801834281372,0.9623523950576782,0.9632026743690081,ok,True,True,45.22480397509388,0.2823775034905154,1.0,0.0,0.9804841750435145
135,1767152621012,58.153820395511374,58.389107418793415,58.608570776725365,58.608570776725365,58.608570776725365,0.9620091915130615,0.9624865846554401,ok,True,True,42.82605535061805,0.23528702328204076,1.0,0.0,0.9804841750435145
136,1767152621047,54.21180839448753,55.88272800420988,56.3462716467327,56.3462716467327,56.3462716467327,0.9539526104927063,0.9573662001577998,ok,True,True,37.759491298958224,1.670919609722354,1.0,0.0,0.9804841750435145
137,1767152621080,47.333102772645105,50.75295286527101,51.517676522129186,51.517676522129186,51.517676522129186,0.9511499404907227,0.9536364443575535,ok,True,True,29.401005555634235,3.4198500926259072,1.0,0.0,0.9804841750435145
138,1767152621112,40.46043185428953,44.577440258682124,45.461393180792754,45.461393180792754,45.461393180792754,0.9581063985824585,0.9563184168924964,ok,True,True,19.739331694487525,4.1170084043925925,1.0,0.0,0.9804841750435145
139,1767152621146,30.737696920503215,36.27359425577478,37.37244608108119,37.37244608108119,37.37244608108119,0.9686304926872253,0.9637056623693337,ok,True,True,7.728792238529996,5.535897335271567,1.0,0.0,0.9804841750435145
140,1767152621178,21.21295198711531,27.237208894579098,28.397119116157437,28.397119116157437,28.397119116157437,0.9559991955757141,0.959081782293162,ok,True,True,-4.949124227298677,6.024256907463787,1.0,0.0,0.9804841750435145
141,1767152621212,12.264682162147476,18.253692855120125,19.367352456801015,19.367352456801015,19.367352456801015,0.9507352113723755,0.95407383974069,ok,True,True,-17.121520834232115,5.9890106929726485,1.0,0.0,0.9804841750435145
142,1767152621245,4.2585444982093055,9.856603840973634,10.854368633225313,10.854368633225313,10.854368633225313,0.9272937178611755,0.9380057666129813,ok,True,True,-28.027179764942712,5.598059342764328,1.0,0.0,0.9804841750435145
143,1767152621279,-0.8503320216943326,3.4324423233728543,4.156509768387126,4.156509768387126,4.156509768387126,0.9528749585151672,0.9469272817542929,ok,True,True,-35.9413038549866,4.282774345067187,1.0,0.0,0.9804841750435145
144,1767152621312,-3.029124357931654,-0.4444976854098506,-0.06470509896138843,-0.06470509896138843,-0.06470509896138843,0.9786226749420166,0.9659445176669271,ok,True,True,-40.09247277584799,2.5846266725218037,1.0,0.0,0.9804841750435145
145,1767152621345,-2.708457456650646,-1.8028735481543277,-1.7580353740521861,-1.7580353740521861,-1.7580353740521861,0.9649083018302917,0.965322788164946,ok,True,True,-40.58255835465235,0.9055839084963182,1.0,0.0,0.9804841750435145
146,1767152621378,-2.431838143486955,-2.1802523053539042,-2.284105973721447,-2.284105973721447,-2.284105973721447,0.9656794667243958,0.9655367953006158,ok,True,True,-39.44742752382749,0.2515858381330509,1.0,0.0,0.9804841750435145
147,1767152621411,-0.9600084470652592,-1.4481059903807174,-1.6881617955279569,-1.6881617955279569,-1.6881617955279569,0.9666060209274292,0.9661783306767038,ok,True,True,-36.82359350852419,0.4880975433154582,1.0,0.0,0.9804841750435145
148,1767152621445,-1.0837198685455922,-1.2294743172796423,-1.4176584062244437,-1.4176584062244437,-1.4176584062244437,0.9642327427864075,0.965010977942526,ok,True,True,-34.76672226189975,0.14575444873405008,1.0,0.0,0.9804841750435145
149,1767152621478,1.383140475470463,0.3380945583704208,0.012801656424116903,0.012801656424116903,0.012801656424116903,0.9548680782318115,0.9589252381160973,ok,True,True,-31.211237278150886,1.0450459171000421,1.0,0.0,0.9804841750435145
150,1767152621512,3.8867492900530807,2.4672873973800167,2.0772386083353,2.0772386083353,2.0772386083353,0.9606642127037048,0.9599686228686618,ok,True,True,-26.947963269746452,1.419461892673064,1.0,0.0,0.9804841750435145
151,1767152621546,7.30887445935351,5.372239634564112,4.904244249367312,4.904244249367312,4.904244249367312,0.9571096897125244,0.9582532629749794,ok,True,True,-21.83272428071455,1.9366348247893983,1.0,0.0,0.9804841750435145
152,1767152621580,12.013017784736055,9.356706524667278,8.778560836733622,8.778560836733622,8.778560836733622,0.9636643528938293,0.9614999169262894,ok,True,True,-15.51353023906044,2.6563112600687777,1.0,0.0,0.9804841750435145
153,1767152621612,18.695635774612576,14.960064074634456,14.212455099352432,14.212455099352432,14.212455099352432,0.9596542119979858,0.9603924939693073,ok,True,True,-7.342083671903753,3.73557169997812,1.0,0.0,0.9804841750435145
154,1767152621645,25.24926054062361,21.13358195422795,20.333825776399184,20.333825776399184,20.333825776399184,0.9615597128868103,0.9610928253198091,ok,True,True,1.3993381304504453,4.11567858639566,1.0,0.0,0.9804841750435145
155,1767152621678,32.486490770287844,27.945327243863886,27.10104079719389,27.10104079719389,27.10104079719389,0.954242467880249,0.9569826108560731,ok,True,True,10.627481274204706,4.541163526423958,1.0,0.0,0.9804841750435145
156,1767152621711,39.804540047982584,35.060854926335104,34.212025221142845,34.212025221142845,34.212025221142845,0.9321479201316833,0.9420817964214392,ok,True,True,19.90528334423412,4.743685121647481,1.0,0.0,0.9804841750435145
157,1767152621745,46.99445820230995,42.221016891920016,41.40121406368982,41.40121406368982,41.40121406368982,0.9593251347541809,0.9524277994210842,ok,True,True,28.865818995076026,4.773441310389934,1.0,0.0,0.9804841750435145
158,1767152621779,53.57931974303623,49.03599860258974,48.29129479135086,48.29129479135086,48.29129479135086,0.959410548210144,0.95661744869452,ok,True,True,37.00551452414658,4.543321140446487,1.0,0.0,0.9804841750435145
159,1767152621812,57.28182298367216,53.983493231239194,53.485875865775625,53.485875865775625,53.485875865775625,0.9438787698745728,0.9489742414025516,ok,True,True,42.44452797587185,3.298329752432963,1.0,0.0,0.9804841750435145
160,1767152621845,59.46498904310327,57.27239071835764,57.007694127612304,57.007694127612304,57.007694127612304,0.9722326993942261,0.9629293161975563,ok,True,True,45.33769144434473,2.1925983247456315,1.0,0.0,0.9804841750435145
161,1767152621878,59.22997469997889,58.44694110733039,58.45497781736327,58.45497781736327,58.45497781736327,0.9572754502296448,0.9595369966168094,ok,True,True,45.2498492973462,0.7830335926485006,1.0,0.0,0.9804841750435145
162,1767152621912,58.117980004136164,58.24956444541385,58.44082898320891,58.44082898320891,58.44082898320891,0.9613319635391235,0.9606139767701979,ok,True,True,43.159306250826475,0.1315844412776883,1.0,0.0,0.9804841750435145
163,1767152621945,54.97772721370131,56.286462106386324,56.68746505985459,56.68746505985459,56.68746505985459,0.9562097787857056,0.9579714579795024,ok,True,True,38.77629843167045,1.3087348926850169,1.0,0.0,0.9804841750435145
164,1767152621988,48.79101241969048,51.78919229436882,52.4801269776331,52.4801269776331,52.4801269776331,0.9658991098403931,0.9627280490960368,ok,True,True,31.224303646218136,2.9981798746783355,1.0,0.0,0.9804841750435145
165,1767152622014,41.64917648381164,45.70518280803451,46.57747099556546,46.57747099556546,46.57747099556546,0.9490821361541748,0.9545405013309196,ok,True,True,21.69009413290525,4.056006324222871,1.0,0.0,0.9804841750435145
166,1767152622208,33.26593881998547,38.241636415205086,39.25266066578283,39.25266066578283,39.25266066578283,0.9568654894828796,0.9559354942220957,ok,True,True,10.639483320640474,4.975697595219614,1.0,0.0,0.9804841750435145
167,1767152622232,24.263023318110083,29.854468556948085,30.942948074756437,30.942948074756437,30.942948074756437,0.9537426829338074,0.9546198074491227,ok,True,True,-1.2577227095084602,5.591445238838002,1.0,0.0,0.9804841750435145
168,1767152622255,15.153701625419973,21.03400839803122,22.135230467408263,22.135230467408263,22.135230467408263,0.9608573913574219,0.9583623577941022,ok,True,True,-13.29420654744322,5.880306772611245,1.0,0.0,0.9804841750435145
169,1767152622276,7.716216944715582,13.043333526041836,14.008590110897117,14.008590110897117,14.008590110897117,0.9118928909301758,0.9304806776757464,ok,True,True,-23.844572211072844,5.327116581326254,1.0,0.0,0.9804841750435145
170,1767152622298,-2.7123713929121136,3.5899105746694673,4.663994974660376,4.663994974660376,4.663994974660376,0.934755265712738,0.9330454304979414,ok,True,True,-35.58443863793358,6.302281967581581,1.0,0.0,0.9804841750435145
171,1767152622323,-4.071869394428671,-1.0071574067894151,-0.5066022185714387,-0.5066022185714387,-0.5066022185714387,0.9735713601112366,0.9573609882659184,ok,True,True,-41.05556469054709,3.0647119876392557,1.0,0.0,0.9804841750435145
172,1767152622351,-4.046506397773959,-2.830766801380141,-2.724110620624738,-2.724110620624738,-2.724110620624738,0.9480502605438232,0.9517745516326613,ok,True,True,-42.2213290887228,1.2157395963938176,1.0,0.0,0.9804841750435145
173,1767152622373,-3.708321614371135,-3.3572996891747375,-3.4437040863304027,-3.4437040863304027,-3.4437040863304027,0.9591182470321655,0.9561807688723639,ok,True,True,-41.27691901629606,0.3510219251963975,1.0,0.0,0.9804841750435145
174,1767152622397,-2.45359181272287,-2.8150749633036174,-3.038792936329094,-3.038792936329094,-3.038792936329094,0.955992579460144,0.956067855225032,ok,True,True,-38.83165561969753,0.3614831505807472,1.0,0.0,0.9804841750435145
175,1767152622420,-1.7846305628644095,-2.1968083230400928,-2.4352412323246417,-2.4352412323246417,-2.4352412323246417,0.9507843255996704,0.9528977374498151,ok,True,True,-36.22555623408982,0.4121777601756833,1.0,0.0,0.9804841750435145
176,1767152622445,1.6203675432066873,0.09349719670797518,-0.3234929838298539,-0.3234929838298539,-0.3234929838298539,0.9548755288124084,0.9540844122673711,ok,True,True,-31.667805093625542,1.5268703464987121,1.0,0.0,0.9804841750435145
177,1767152622479,4.583217293138248,2.787329254566139,2.3223306034050673,2.3223306034050673,2.3223306034050673,0.9543285369873047,0.9542308870993312,ok,True,True,-26.58531574273509,1.7958880385721092,1.0,0.0,0.9804841750435145
178,1767152622512,9.510840056980317,6.821435736014646,6.220403776845146,6.220403776845146,6.220403776845146,0.9402942657470703,0.9458689142879747,ok,True,True,-20.015966455812194,2.6894043209656715,1.0,0.0,0.9804841750435145
179,1767152622545,16.450392731980106,12.598809933593921,11.812475338002653,11.812475338002653,11.812475338002653,0.952118456363678,0.9496186395333966,ok,True,True,-11.421237714502064,3.8515827983861843,1.0,0.0,0.9804841750435145
180,1767152622578,24.517492395808723,19.750019410922803,18.821649273516215,18.821649273516215,18.821649273516215,0.9569905400276184,0.9540417798299297,ok,True,True,-1.2740438834982175,4.76747298488592,1.0,0.0,0.9804841750435145
181,1767152622664,32.51271586744068,27.40763728483353,26.44464638075398,26.44464638075398,26.44464638075398,0.9439265727996826,0.9479726556117815,ok,True,True,9.251559029281395,5.1050785826071525,1.0,0.0,0.9804841750435145
182,1767152622691,41.24793766997625,35.711817515919165,34.71195970510017,34.71195970510017,34.71195970510017,0.9537550210952759,0.9514420749018782,ok,True,True,20.180121595505973,5.5361201540570875,1.0,0.0,0.9804841750435145
183,1767152622711,49.59008187672532,44.03877613240286,43.072918108821995,43.072918108821995,43.072918108821995,0.9536920785903931,0.952792077114987,ok,True,True,30.73706257387011,5.5513057443224625,1.0,0.0,0.9804841750435145
184,1767152622739,56.57541208817533,51.56075770586634,50.72780893547281,50.72780893547281,50.72780893547281,0.9336157441139221,0.941286277314348,ok,True,True,39.8412899384396,5.01465438230899,1.0,0.0,0.9804841750435145
185,1767152622766,60.490635753054235,56.91868453417908,56.37596130746274,56.37596130746274,56.37596130746274,0.9579788446426392,0.9513018177113226,ok,True,True,45.77331823227984,3.5719512188751565,1.0,0.0,0.9804841750435145
186,1767152622789,61.619090821074415,59.73892830631628,59.53388618025062,59.53388618025062,59.53388618025062,0.9486690163612366,0.9497221369012709,ok,True,True,48.01445264137238,1.8801625147581333,1.0,0.0,0.9804841750435145
187,1767152622816,61.309648468278944,60.681360403493876,60.7319189419644,60.7319189419644,60.7319189419644,0.9658257961273193,0.9593843324368999,ok,True,True,47.46184190319305,0.6282880647850675,1.0,0.0,0.9804841750435145
188,1767152622845,60.27100703015298,60.435148379489334,60.64483804528599,60.64483804528599,60.64483804528599,0.9382337927818298,0.9466940086438579,ok,True,True,45.16990932592265,0.16414134933635438,1.0,0.0,0.9804841750435145
189,1767152622878,57.76632346361605,58.83385342996536,59.20401259272907,59.20401259272907,59.20401259272907,0.9459930062294006,0.9462734071951836,ok,True,True,41.12402636268429,1.067529966349312,1.0,0.0,0.9804841750435145
190,1767152622911,50.23124900652437,53.67229077590077,54.44265646490837,54.44265646490837,54.44265646490837,0.953498125076294,0.9506082379238499,ok,True,True,32.70383921478749,3.4410417693763975,1.0,0.0,0.9804841750435145
191,1767152622946,43.45416204406378,47.54141353679857,48.433301651013885,48.433301651013885,48.433301651013885,0.9506452083587646,0.9506304201847988,ok,True,True,22.95539771204758,4.087251492734794,1.0,0.0,0.9804841750435145
192,1767152622978,36.40855376578518,40.86169767419054,41.792136088596706,41.792136088596706,41.792136088596706,0.9579663276672363,0.9550319646742613,ok,True,True,12.785596892503936,4.453143908405359,1.0,0.0,0.9804841750435145
193,1767152623012,28.018758390836638,33.1559341041782,34.16735463884275,34.16735463884275,34.16735463884275,0.9504393935203552,0.9522764219819176,ok,True,True,1.7306519935537583,5.137175713341563,1.0,0.0,0.9804841750435145
194,1767152623045,19.75433541766148,25.11497489226817,26.131716775089,26.131716775089,26.131716775089,0.9398211240768433,0.944803243238873,ok,True,True,-9.382455884410382,5.360639474606689,1.0,0.0,0.9804841750435145
195,1767152623078,12.335339918973457,17.447193908291343,18.38153747903842,18.38153747903842,18.38153747903842,0.929365336894989,0.9355404994325426,ok,True,True,-19.594940576561207,5.111853989317886,1.0,0.0,0.9804841750435145
196,1767152623114,4.746257739342852,9.826632206922248,10.708517004154361,10.708517004154361,10.708517004154361,0.9217776656150818,0.927282799142066,ok,True,True,-29.234044743021222,5.0803744675793965,1.0,0.0,0.9804841750435145
197,1767152623145,-0.3017544853934587,3.7496001915328243,4.417502944136176,4.417502944136176,4.417502944136176,0.9586981534957886,0.9461320117542995,ok,True,True,-36.534300098981916,4.051354676926283,1.0,0.0,0.9804841750435145
198,1767152623178,-3.3654355095852275,-0.5194212291380067,-0.10434429646995058,-0.10434429646995058,-0.10434429646995058,0.967539370059967,0.9589764267377,ok,True,True,-41.07113962068992,2.846014280447221,1.0,0.0,0.9804841750435145
199,1767152623211,-4.301113411552297,-2.7884365385865806,-2.641668071316638,-2.641668071316638,-2.641668071316638,0.9680756330490112,0.9644359505244868,ok,True,True,-42.67533617127908,1.5126768729657165,1.0,0.0,0.9804841750435145
200,1767152623245,-4.062535719702351,-3.5528960472560427,-3.6099585263886786,-3.6099585263886786,-3.6099585263886786,0.9367254972457886,0.9478096785572678,ok,True,True,-42.051636585182614,0.5096396724463079,1.0,0.0,0.9804841750435145
201,1767152623278,-2.5857977977780195,-2.972637097569229,-3.2002073009140575,-3.2002073009140575,-3.2002073009140575,0.9580450057983398,0.953950874901911,ok,True,True,-39.564267583231484,0.38683929979120935,1.0,0.0,0.9804841750435145
202,1767152623314,-1.9924600036147146,-2.3845308411965203,-2.6227530638416545,-2.6227530638416545,-2.6227530638416545,0.9411568641662598,0.9462744684605202,ok,True,True,-36.96047075927642,0.3920708375818056,1.0,0.0,0.9804841750435145
203,1767152623346,-0.44984036162399355,-1.2237165534530043,-1.5173588101017725,-1.5173588101017725,-1.5173588101017725,0.9610862135887146,0.9551615155374369,ok,True,True,-33.7509264633943,0.7738761918290108,1.0,0.0,0.9804841750435145
204,1767152623378,2.973066445461399,1.2943532458956377,0.8549875506365892,0.8549875506365892,0.8549875506365892,0.9658330678939819,0.961564446951364,ok,True,True,-28.94860789341386,1.6787131995657614,1.0,0.0,0.9804841750435145
205,1767152623412,7.653783626641675,5.110011474343261,4.527428590887102,4.527428590887102,4.527428590887102,0.9527302980422974,0.956263957605924,ok,True,True,-22.58090865838613,2.5437721522984145,1.0,0.0,0.9804841750435145
206,1767152623446,14.619067127842039,10.815444866442526,10.029656230445713,10.029656230445713,10.029656230445713,0.9344682097434998,0.9431865088884694,ok,True,True,-13.992146713278444,3.8036222613995125,1.0,0.0,0.9804841750435145
207,1767152623478,23.196725696004403,18.244213364179654,17.275362470200086,17.275362470200086,17.275362470200086,0.9595212340354919,0.9529873439766829,ok,True,True,-3.402492814004935,4.9525123318247495,1.0,0.0,0.9804841750435145
208,1767152623513,31.6493739446026,26.287309712433423,25.268860752038016,25.268860752038016,25.268860752038016,0.9539090394973755,0.9535403612890985,ok,True,True,7.729273773588634,5.362064232169178,1.0,0.0,0.9804841750435145
209,1767152623545,40.81688167357921,35.0050528891209,33.947186110859235,33.947186110859235,33.947186110859235,0.9402421712875366,0.9455614472881614,ok,True,True,19.291881738814816,5.811828784458314,1.0,0.0,0.9804841750435145
210,1767152623578,47.56881829084129,42.54331213015313,41.6556993908073,41.6556993908073,41.6556993908073,0.9575614929199219,0.9527614746672177,ok,True,True,28.993593093280076,5.02550616068816,1.0,0.0,0.9804841750435145
211,1767152623611,53.39750274798256,49.055826500850785,48.337787325545214,48.337787325545214,48.337787325545214,0.9529184699058533,0.9528556718103991,ok,True,True,36.84184550539249,4.3416762471317725,1.0,0.0,0.9804841750435145
212,1767152623646,56.940764531942264,53.78678931950567,53.3157053609639,53.3157053609639,53.3157053609639,0.9519327878952026,0.9523019414612812,ok,True,True,41.99084843215547,3.153975212436592,1.0,0.0,0.9804841750435145
213,1767152623680,58.709311977807175,56.74030291448657,56.51431083041125,56.51431083041125,56.51431083041125,0.9643616676330566,0.9595377771643465,ok,True,True,44.460968421568694,1.9690090633206054,1.0,0.0,0.9804841750435145
214,1767152623711,58.38887496999234,57.72944614779003,57.759233556234044,57.759233556234044,57.759233556234044,0.9454156756401062,0.9510645162498023,ok,True,True,44.13538855291103,0.6594288222023081,1.0,0.0,0.9804841750435145
215,1767152623745,58.16094134562585,57.988343266491526,58.126966213741696,58.126966213741696,58.126966213741696,0.9654213190078735,0.9596785979046449,ok,True,True,42.620223477206814,0.17259807913432468,1.0,0.0,0.9804841750435145
216,1767152623778,57.36782038202803,57.61602953581343,57.83160965688142,57.83160965688142,57.83160965688142,0.9420153498649597,0.9490806490808339,ok,True,True,40.26390746306004,0.2482091537854032,1.0,0.0,0.9804841750435145
217,1767152623812,53.58037725298059,55.19463816611373,55.638731374476684,55.638731374476684,55.638731374476684,0.9537244439125061,0.9518669259798372,ok,True,True,35.409916595648205,1.614260913133137,1.0,0.0,0.9804841750435145
218,1767152623846,47.60860135516124,50.643016079542235,51.33230230422292,51.33230230422292,51.33230230422292,0.9648929834365845,0.9596825604538856,ok,True,True,27.87593729295486,3.0344147243809942,1.0,0.0,0.9804841750435145
219,1767152623880,39.790033770267534,44.13122669397742,45.03861722798519,45.03861722798519,45.03861722798519,0.9610168933868408,0.9604831602136586,ok,True,True,17.95805229963147,4.341192923709883,1.0,0.0,0.9804841750435145
220,1767152623911,29.537377154959678,35.37491697056677,36.52025552155317,36.52025552155317,36.52025552155317,0.9555335640907288,0.9575134025399007,ok,True,True,5.439367562276836,5.837539815607094,1.0,0.0,0.9804841750435145
221,1767152623945,17.81941981766922,24.84161867882824,26.16526486561387,26.16526486561387,26.16526486561387,0.9530119299888611,0.9548125190092769,ok,True,True,-9.028240556117755,7.022198861159019,1.0,0.0,0.9804841750435145
222,1767152623978,7.949581802220226,14.706396552863431,15.95169257867744,15.95169257867744,15.95169257867744,0.9560063481330872,0.9555288164835631,ok,True,True,-22.639472224444223,6.756814750643206,1.0,0.0,0.9804841750435145
223,1767152624011,0.8293156208043607,6.38014799362799,7.36416993409932,7.36416993409932,7.36416993409932,0.9327848553657532,0.9418824398128771,ok,True,True,-33.39494748689541,5.550832372823629,1.0,0.0,0.9804841750435145
224,1767152624045,-2.4485916298337695,1.0829042195509344,1.659697328848826,1.659697328848826,1.659697328848826,0.9608969688415527,0.9532911572300825,ok,True,True,-39.699363846055725,3.531495849384704,1.0,0.0,0.9804841750435145
225,1767152624078,-4.185178136565014,-2.0779451941186347,-1.8084904776556752,-1.8084904776556752,-1.8084904776556752,0.9662651419639587,0.9610755480704083,ok,True,True,-42.64453551212826,2.1072329424463794,1.0,0.0,0.9804841750435145
226,1767152624111,-5.371301980572827,-4.05395926599115,-3.961997350313011,-3.961997350313011,-3.961997350313011,0.9537633061408997,0.9566882029127031,ok,True,True,-43.64969004047595,1.3173427145816774,1.0,0.0,0.9804841750435145
227,1767152624144,-6.043240350818131,-5.247527916887338,-5.266440636633415,-5.266440636633415,-5.266440636633415,0.9551599025726318,0.9557712227086603,ok,True,True,-43.44297179458565,0.7957124339307926,1.0,0.0,0.9804841750435145
228,1767152624178,-6.3701201230222635,-5.921083240568294,-6.009638056763793,-6.009638056763793,-6.009638056763793,0.9641677141189575,0.9608091175548387,ok,True,True,-42.47505726319023,0.4490368824539699,1.0,0.0,0.9804841750435145
229,1767152624211,-4.5425877610759295,-5.093985952872875,-5.354194855144748,-5.354194855144748,-5.354194855144748,0.9554328918457031,0.9575833821293573,ok,True,True,-39.630943430144015,0.5513981917969453,1.0,0.0,0.9804841750435145
230,1767152624245,-3.2875418559116873,-4.010119494696163,-4.307562463094353,-4.307562463094353,-4.307562463094353,0.9542982578277588,0.9556123075483982,ok,True,True,-36.379856885334085,0.7225776387844753,1.0,0.0,0.9804841750435145
231,1767152624278,-0.9267830938676841,-2.1601176541990754,-2.535127056990707,-2.535127056990707,-2.535127056990707,0.9603517055511475,0.9584559463500477,ok,True,True,-32.28096011118194,1.2333345603313912,1.0,0.0,0.9804841750435145
232,1767152624311,3.2755602682420206,1.101289099265582,0.5753497392203455,0.5753497392203455,0.5753497392203455,0.9663406610488892,0.9631867751693526,ok,True,True,-26.532381194623138,2.1742711689764387,1.0,0.0,0.9804841750435145
233,1767152624411,22.598335992922113,13.9995172354595,12.402588153268395,12.402588153268395,12.402588153268395,0.955157458782196,0.9583691853370586,ok,True,True,-9.07775894927357,8.598818757462613,1.0,0.0,0.9804841750435145
234,1767152624478,42.25520439730728,30.952929532568167,28.848821569690877,28.848821569690877,28.848821569690877,0.9125533103942871,0.9308796603713958,ok,True,True,13.920387973205123,11.302274864739115,1.0,0.0,0.9804841750435145
235,1767152624511,51.42943651016923,43.238833719128806,41.68460312231014,41.68460312231014,41.68460312231014,0.9313481450080872,0.9311607511534107,ok,True,True,30.908310764745465,8.190602791040426,1.0,0.0,0.9804841750435145
236,1767152624545,57.86919504238847,52.0170505130846,50.978868794614264,50.978868794614264,50.978868794614264,0.963405966758728,0.9505078805166012,ok,True,True,42.25575876485635,5.852144529303871,1.0,0.0,0.9804841750435145
237,1767152624578,60.6282787185842,57.18378743638436,56.6484792561845,56.6484792561845,56.6484792561845,0.9573761820793152,0.9546288614542295,ok,True,True,48.1067399861359,3.4444912821998415,1.0,0.0,0.9804841750435145
238,1767152624611,62.43574712827093,60.3349632515163,60.102495385971245,60.102495385971245,60.102495385971245,0.9763842821121216,0.9676821138489649,ok,True,True,50.64764103380298,2.100783876754633,1.0,0.0,0.9804841750435145
239,1767152624644,61.27102061862648,60.8965976717824,60.9963908011974,60.9963908011974,60.9963908011974,0.9547932147979736,0.9599487744183701,ok,True,True,49.55689041976555,0.37442294684407784,1.0,0.0,0.9804841750435145
240,1767152624678,60.566828195078145,60.698735985759846,60.91631836674339,60.91631836674339,60.91631836674339,0.970089852809906,0.9660334214532916,ok,True,True,47.17868946486527,0.13190779068170144,1.0,0.0,0.9804841750435145
241,1767152624712,57.263506221755414,58.63759812735719,59.06743266780639,59.06743266780639,59.06743266780639,0.9616753458976746,0.9634185761199214,ok,True,True,42.48054750159154,1.374091905601773,1.0,0.0,0.9804841750435145
242,1767152624745,51.40578621983745,54.29851098284534,54.988789844463255,54.988789844463255,54.988789844463255,0.9478389024734497,0.9540707719320384,ok,True,True,34.93571854763323,2.892724763007891,1.0,0.0,0.9804841750435145
243,1767152624784,44.964073593155796,48.69784854903162,49.52992616297994,49.52992616297994,49.52992616297994,0.9679808616638184,0.9624168257711064,ok,True,True,25.841012592047225,3.7337749558758233,1.0,0.0,0.9804841750435145
244,1767152624845,25.821994132881827,34.97233589934174,36.69319017419889,36.69319017419889,36.69319017419889,0.9674583077430725,0.965441714954286,ok,True,True,7.031873444278844,9.150341766459917,1.0,0.0,0.9804841750435145
245,1767152624878,15.384882494996043,23.21986385673432,24.74973333084882,24.74973333084882,24.74973333084882,0.9452609419822693,0.9533332511710759,ok,True,True,-9.689779421628998,7.8349813617382775,1.0,0.0,0.9804841750435145
246,1767152624911,6.723962260725173,13.322322899128832,14.561646958475395,14.561646958475395,14.561646958475395,0.9329781532287598,0.9411201924056862,ok,True,True,-23.235736811908296,6.598360638403658,1.0,0.0,0.9804841750435145
247,1767152624945,-0.14278890087663962,5.243255819125549,6.1968059841848255,6.1968059841848255,6.1968059841848255,0.9239304661750793,0.9308063566673221,ok,True,True,-33.65815200520139,5.386044720002189,1.0,0.0,0.9804841750435145
248,1767152624978,-3.9925504012649045,-0.29822791310872265,0.3014439158939526,0.3014439158939526,0.3014439158939526,0.9688577651977539,0.9536372017855812,ok,True,True,-40.212635461527476,3.694322488156182,1.0,0.0,0.9804841750435145
249,1767152625011,-5.757770139207067,-3.5739532487677295,-3.2910337129463216,-3.2910337129463216,-3.2910337129463216,0.9704119563102722,0.9637020545003958,ok,True,True,-43.3049791857875,2.1838168904393376,1.0,0.0,0.9804841750435145
250,1767152625045,-5.838663902614068,-4.932779641075532,-4.910654049890014,-4.910654049890014,-4.910654049890014,0.9582679271697998,0.9604415781020381,ok,True,True,-43.54681449366073,0.9058842615385361,1.0,0.0,0.9804841750435145
251,1767152625078,-5.326777363513215,-5.169178274538142,-5.302328752799337,-5.302328752799337,-5.302328752799337,0.9575783014297485,0.9587236120986643,ok,True,True,-42.0914641423845,0.1575990889750729,1.0,0.0,0.9804841750435145
252,1767152625111,-3.5825411516953123,-4.217196000832445,-4.49489297938086,-4.49489297938086,-4.49489297938086,0.9654482007026672,0.9627583652610661,ok,True,True,-39.056203581854454,0.6346548491371324,1.0,0.0,0.9804841750435145
253,1767152625145,-3.0502573148089214,-3.5170327892183306,-3.771465647149369,-3.771465647149369,-3.771465647149369,0.9592677354812622,0.9606639873931837,ok,True,True,-36.275222589467326,0.46677547440940925,1.0,0.0,0.9804841750435145
254,1767152625178,-0.5858108521876041,-1.7582996269998947,-2.1179333960895863,-2.1179333960895863,-2.1179333960895863,0.9586464166641235,0.9594534449557476,ok,True,True,-32.34438329379556,1.1724887748122907,1.0,0.0,0.9804841750435145
255,1767152625213,2.6895158442928175,0.9103896557757326,0.45208142838084964,0.45208142838084964,0.45208142838084964,0.9478320479393005,0.9524806067458793,ok,True,True,-27.335020590331773,1.7791261885170848,1.0,0.0,0.9804841750435145
256,1767152625253,6.77495263152069,4.429127441222707,3.8835715598468266,3.8835715598468266,3.8835715598468266,0.9694217443466187,0.9626452893063229,ok,True,True,-21.372030791155638,2.345825190297983,1.0,0.0,0.9804841750435145
257,1767152625287,12.980742835886602,9.560096678021043,8.847051650530863,8.847051650530863,8.847051650530863,0.9324245452880859,0.9445128428953806,ok,True,True,-13.578364971671398,3.4206461578655585,1.0,0.0,0.9804841750435145
258,1767152625312,19.78628486212184,15.69580958848152,14.880929978277736,14.880929978277736,14.880929978277736,0.9326841235160828,0.9374156112678018,ok,True,True,-4.671635213773595,4.090475273640319,1.0,0.0,0.9804841750435145
259,1767152625345,27.98829175923305,23.07129889093244,22.139821847610513,22.139821847610513,22.139821847610513,0.9575977921485901,0.9495249197962747,ok,True,True,5.509518169745931,4.9169928683006106,1.0,0.0,0.9804841750435145
260,1767152625378,36.68160398288665,31.237481946104964,30.242621464067696,30.242621464067696,30.242621464067696,0.939734697341919,0.9436507863236612,ok,True,True,16.383459975910192,5.444122036781685,1.0,0.0,0.9804841750435145
261,1767152625411,45.80502963972601,39.97801056227759,38.952428826534316,38.952428826534316,38.952428826534316,0.9474684596061707,0.9459413902931668,ok,True,True,27.59318868996771,5.827019077448419,1.0,0.0,0.9804841750435145
262,1767152625445,51.399579096250974,46.83095168266162,46.05431067894174,46.05431067894174,46.05431067894174,0.9626767039299011,0.9559825784752074,ok,True,True,36.08196599217856,4.568627413589354,1.0,0.0,0.9804841750435145
263,1767152625478,56.0016152386361,52.33334981624631,51.766801489039366,51.766801489039366,51.766801489039366,0.9631059169769287,0.9602565815762402,ok,True,True,42.274405687710924,3.668265422389787,1.0,0.0,0.9804841750435145
264,1767152625511,58.69051818694815,56.14765083866741,55.815989830520536,55.815989830520536,55.815989830520536,0.966815710067749,0.9641920586711454,ok,True,True,45.8994994240903,2.542867348280737,1.0,0.0,0.9804841750435145
265,1767152625544,60.09329938080701,58.51503996395117,58.384564628434546,58.384564628434546,58.384564628434546,0.9694232940673828,0.9673307999088879,ok,True,True,47.3256101513571,1.5782594168558433,1.0,0.0,0.9804841750435145
266,1767152625578,59.17142658148318,58.908871934470376,59.02641724625019,59.02641724625019,59.02641724625019,0.9528738260269165,0.9586566155797052,ok,True,True,46.04082610074926,0.26255464701280573,1.0,0.0,0.9804841750435145
267,1767152625611,56.64838027433627,57.55257693838992,57.888348635341735,57.888348635341735,57.888348635341735,0.9667964577674866,0.963540520892374,ok,True,True,42.370802053357885,0.9041966640536501,1.0,0.0,0.9804841750435145
268,1767152625646,52.44670360327844,54.48905293732303,55.02606450086965,55.02606450086965,55.02606450086965,0.9594552516937256,0.9610893593731848,ok,True,True,36.50120265043515,2.0423493340445873,1.0,0.0,0.9804841750435145
269,1767152625684,45.6852379018438,49.20676391603549,49.99202734427822,49.99202734427822,49.99202734427822,0.9666635394096375,0.9644338673950563,ok,True,True,27.91818123630204,3.521526014191693,1.0,0.0,0.9804841750435145
270,1767152625723,37.66194443799303,42.279872229210014,43.24445966171938,43.24445966171938,43.24445966171938,0.9603886008262634,0.9620067074537806,ok,True,True,17.375127413497143,4.617927791216985,1.0,0.0,0.9804841750435145
271,1767152625752,26.92727019217587,33.06831100698953,34.26867347227333,34.26867347227333,34.26867347227333,0.9664145112037659,0.9646513897037718,ok,True,True,4.255024816415828,6.14104081481366,1.0,0.0,0.9804841750435145
272,1767152625779,16.515015785319235,23.136333873987354,24.39460378600458,24.39460378600458,24.39460378600458,0.9477449059486389,0.9545074994506921,ok,True,True,-9.498012968386007,6.621318088668119,1.0,0.0,0.9804841750435145
273,1767152625813,9.082255415344552,14.703886798801673,15.750098172256932,15.750098172256932,15.750098172256932,0.9492852091789246,0.9513741252876315,ok,True,True,-20.93322604358987,5.621631383457121,1.0,0.0,0.9804841750435145
274,1767152625844,1.9902316462471215,7.075693707268942,7.965936670929806,7.965936670929806,7.965936670929806,0.914340615272522,0.9291540192785659,ok,True,True,-30.6636860982838,5.085462061021821,1.0,0.0,0.9804841750435145
275,1767152625878,-1.6246017210665746,1.8555164502676325,2.423402984284377,2.423402984284377,2.423402984284377,0.9719958901405334,0.9548591417957464,ok,True,True,-36.870752551390254,3.4801181713342073,1.0,0.0,0.9804841750435145
276,1767152625911,-2.7320445262792306,-0.8970201356604852,-0.6636067363590481,-0.6636067363590481,-0.6636067363590481,0.9634028673171997,0.9599853771086183,ok,True,True,-39.42198839468979,1.8350243906187453,1.0,0.0,0.9804841750435145
277,1767152625945,-3.183584030511628,-2.268958472571171,-2.2364491522943384,-2.2364491522943384,-2.2364491522943384,0.9724199175834656,0.9674461013935267,ok,True,True,-39.777319079988246,0.914625557940457,1.0,0.0,0.9804841750435145
278,1767152625980,-2.7977825629292674,-2.586252926786029,-2.6951926966548765,-2.6951926966548765,-2.6951926966548765,0.962242603302002,0.9643240025386118,ok,True,True,-38.58659461223107,0.2115296361432386,1.0,0.0,0.9804841750435145
279,1767152626011,-1.4760445632304005,-1.9201279086526517,-2.1501804569233083,-2.1501804569233083,-2.1501804569233083,0.953617513179779,0.9579001089233121,ok,True,True,-36.072093265058136,0.44408334542225125,1.0,0.0,0.9804841750435145
280,1767152626045,-1.0127287661936724,-1.3756884231772641,-1.5963225672247117,-1.5963225672247117,-1.5963225672247117,0.9663236737251282,0.9629542478044018,ok,True,True,-33.66053618120763,0.3629596569835918,1.0,0.0,0.9804841750435145
281,1767152626079,0.3036239790602667,-0.3681009818347457,-0.6304027397654415,-0.6304027397654415,-0.6304027397654415,0.9702497720718384,0.9673315623648637,ok,True,True,-30.793547188295932,0.6717249608950124,1.0,0.0,0.9804841750435145
282,1767152626111,4.93194269196476,2.811925222444958,2.313180839681234,2.313180839681234,2.313180839681234,0.9595226645469666,0.9626462236741254,ok,True,True,-25.342212561561972,2.1200174695198024,1.0,0.0,0.9804841750435145
283,1767152626178,13.836567242381069,9.426710434406624,8.538516592106069,8.538516592106069,8.538516592106069,0.965266227722168,0.964218226102951,ok,True,True,-15.634149643727154,4.409856807974444,1.0,0.0,0.9804841750435145
284,1767152626211,20.805672722456436,16.25408780723651,15.334818332984337,15.334818332984337,15.334818332984337,0.9504442811012268,0.9559538591019165,ok,True,True,-5.58642642221386,4.551584915219927,1.0,0.0,0.9804841750435145
285,1767152626244,28.259514323278502,23.457343716861704,22.53003522698741,22.53003522698741,22.53003522698741,0.9459245800971985,0.9499362916990857,ok,True,True,4.549164183358345,4.802170606416798,1.0,0.0,0.9804841750435145
286,1767152626278,37.95612761197176,32.15661405392774,31.099150136713348,31.099150136713348,31.099150136713348,0.9485961198806763,0.9491321886080399,ok,True,True,16.107368882321108,5.799513558044019,1.0,0.0,0.9804841750435145
287,1767152626311,47.09553661204628,41.119967588798865,40.06150310514874,40.06150310514874,40.06150310514874,0.954264223575592,0.9522114095885712,ok,True,True,27.676509889837135,5.975569023247417,1.0,0.0,0.9804841750435145
288,1767152626345,53.32808641587387,48.444838885043865,47.61216750239056,47.61216750239056,47.61216750239056,0.948680579662323,0.9500929116328223,ok,True,True,36.77770580868497,4.883247530830005,1.0,0.0,0.9804841750435145
289,1767152626378,57.24814359087891,53.72682170854489,53.18120809169174,53.18120809169174,53.18120809169174,0.962932288646698,0.9577965378411477,ok,True,True,42.74132666370898,3.5213218823340213,1.0,0.0,0.9804841750435145
290,1767152626411,58.65521229788177,56.683856062147015,56.45194499133579,56.45194499133579,56.45194499133579,0.9698567390441895,0.9650326585629727,ok,True,True,45.27614188034106,1.9713562357347527,1.0,0.0,0.9804841750435145
291,1767152626445,58.739985513530314,57.917533732977,57.922401556214794,57.922401556214794,57.922401556214794,0.9679281711578369,0.9667699661198912,ok,True,True,45.22293600115693,0.8224517805533154,1.0,0.0,0.9804841750435145
292,1767152626478,58.235685458812924,58.10842476847856,58.25590235291909,58.25590235291909,58.25590235291909,0.9670819044113159,0.9669571290947461,ok,True,True,43.610988698061455,0.12726069033436715,1.0,0.0,0.9804841750435145
293,1767152626512,55.647360901948296,56.631786448560405,56.97529035013163,56.97529035013163,56.97529035013163,0.9701581001281738,0.9688777117148026,ok,True,True,39.85645074681167,0.9844255466121083,1.0,0.0,0.9804841750435145
294,1767152626546,49.887029519634716,52.58493229120499,53.22319883102175,53.22319883102175,53.22319883102175,0.9515030384063721,0.9584529077297443,ok,True,True,32.88012257180743,2.697902771570277,1.0,0.0,0.9804841750435145
295,1767152626585,43.821652497066054,47.32696441472163,48.107342960675076,48.107342960675076,48.107342960675076,0.9591386318206787,0.9588643421843049,ok,True,True,24.35049349416905,3.5053119176555754,1.0,0.0,0.9804841750435145
296,1767152626630,34.39552611332652,39.568101433884564,40.61172444164012,40.61172444164012,40.61172444164012,0.9455617666244507,0.9508827968483924,ok,True,True,12.94357155967455,5.172575320558046,1.0,0.0,0.9804841750435145
297,1767152626660,25.044678345082893,30.854047580603563,31.991219584032827,31.991219584032827,31.991219584032827,0.9547384977340698,0.9531962173797989,ok,True,True,0.5141481253359945,5.80936923552067,1.0,0.0,0.9804841750435145
298,1767152626684,16.397281593959207,22.17998798861695,23.27689693746093,23.27689693746093,23.27689693746093,0.9481157660484314,0.9501479465809783,ok,True,True,-11.47519539788102,5.782706394657744,1.0,0.0,0.9804841750435145
299,1767152626711,7.627133226576434,13.448275131392641,14.502522024568712,14.502522024568712,14.502522024568712,0.9111859798431396,0.9267707665382752,ok,True,True,-22.998237646642185,5.821141904816208,1.0,0.0,0.9804841750435145
300,1767152626744,1.4381194979039529,6.242181751299428,7.078530218918183,7.078530218918183,7.078530218918183,0.9555280804634094,0.9440251548933557,ok,True,True,-32.13962453565135,4.804062253395475,1.0,0.0,0.9804841750435145
301,1767152626778,-1.680776189524125,1.4884069868052967,1.9927342428717312,1.9927342428717312,1.9927342428717312,0.9666529297828674,0.9576018198270628,ok,True,True,-37.65198062270474,3.1691831763294216,1.0,0.0,0.9804841750435145
302,1767152626811,-2.0215357797480022,-0.6175586731266827,-0.4663066822743951,-0.4663066822743951,-0.4663066822743951,0.9745407700538635,0.9677651899631432,ok,True,True,-39.30518263077503,1.4039771066213196,1.0,0.0,0.9804841750435145
303,1767152626847,-2.31134523053294,-1.6338306075704372,-1.6497511294139025,-1.6497511294139025,-1.6497511294139025,0.9692593216896057,0.9686616689990206,ok,True,True,-39.13116945889652,0.6775146229625029,1.0,0.0,0.9804841750435145
304,1767152626880,-1.2903078845786036,-1.427716973775337,-1.59807370030532,-1.59807370030532,-1.59807370030532,0.9451595544815063,0.9545604002885121,ok,True,True,-37.269150448100646,0.13740908919673345,1.0,0.0,0.9804841750435145
305,1767152626912,-1.0780242579213408,-1.2179013442629394,-1.3989801978003176,-1.3989801978003176,-1.3989801978003176,0.9496960043907166,0.9516417627498348,ok,True,True,-35.289937330969074,0.13987708634159857,1.0,0.0,0.9804841750435145
306,1767152626945,0.6032728701970902,-0.12519681558692164,-0.3986452812184438,-0.3986452812184438,-0.3986452812184438,0.9557510018348694,0.9541073062008556,ok,True,True,-32.30111351490864,0.7284696857840118,1.0,0.0,0.9804841750435145
307,1767152626979,4.644955183477005,2.7368943838514337,2.2667810693668704,2.2667810693668704,2.2667810693668704,0.9534061551094055,0.9536866155459855,ok,True,True,-27.162719824040327,1.908060799625571,1.0,0.0,0.9804841750435145
308,1767152627011,8.622732860499552,6.268397469840305,5.720740371620782,5.720740371620782,5.720740371620782,0.9477924108505249,0.9501500927287091,ok,True,True,-21.176763477885928,2.354335390659247,1.0,0.0,0.9804841750435145
309,1767152627045,13.039722004631372,10.331192190714944,9.73785419908332,9.73785419908332,9.73785419908332,0.9515444040298462,0.9509866795093913,ok,True,True,-14.691509606496691,2.708529813916428,1.0,0.0,0.9804841750435145
310,1767152627078,19.86058068304989,16.04882528611591,15.289824993281705,15.289824993281705,15.289824993281705,0.9249283075332642,0.935351656323715,ok,True,True,-6.395547343987813,3.811755396933979,1.0,0.0,0.9804841750435145
311,1767152627111,28.187511689675457,23.33203712825164,22.410682008357153,22.410682008357153,22.410682008357153,0.9452364444732666,0.9412825292134459,ok,True,True,3.6749722291632008,4.855474561423819,1.0,0.0,0.9804841750435145
312,1767152627145,35.51373942742904,30.641058507758075,29.736167521283537,29.736167521283537,29.736167521283537,0.9596737623214722,0.9523172690782618,ok,True,True,13.565536892117048,4.872680919670962,1.0,0.0,0.9804841750435145
313,1767152627178,44.28340501853286,38.82646641422295,37.8623975972671,37.8623975972671,37.8623975972671,0.9651679992675781,0.9600277071918515,ok,True,True,24.10292218621601,5.4569386043099115,1.0,0.0,0.9804841750435145
314,1767152627211,51.49172614482678,46.42562225258524,45.559579612429715,45.559579612429715,45.559579612429715,0.9623953700065613,0.9614483048806775,ok,True,True,33.568869865400856,5.066103892241536,1.0,0.0,0.9804841750435145
315,1767152627244,56.87100335963433,52.69285091681469,52.02161556180149,52.02161556180149,52.02161556180149,0.9499404430389404,0.9545435877756352,ok,True,True,40.905551059104084,4.178152442819638,1.0,0.0,0.9804841750435145
316,1767152627278,59.56279721828341,56.81481869769592,56.432043938085656,56.432043938085656,56.432043938085656,0.9534780383110046,0.9539042580968569,ok,True,True,45.0893240968067,2.7479785205874876,1.0,0.0,0.9804841750435145
317,1767152627312,59.95610470753607,58.699590303600004,58.61425952392583,58.61425952392583,58.61425952392583,0.9562406539916992,0.9553060956337622,ok,True,True,46.021999531442084,1.256514403936066,1.0,0.0,0.9804841750435145
318,1767152627345,58.92194044466369,58.83300038823821,58.979799160135116,58.979799160135116,58.979799160135116,0.9543591737747192,0.9547379425183364,ok,True,True,44.417471729098274,0.08894005642547853,1.0,0.0,0.9804841750435145
319,1767152627378,56.59312537974339,57.489075383141326,57.82069215883708,57.82069215883708,57.82069215883708,0.971336841583252,0.9646972819572857,ok,True,True,40.79286145850868,0.8959500033979353,1.0,0.0,0.9804841750435145
320,1767152627411,52.28980705995712,54.3695143892308,54.90644604837344,54.90644604837344,54.90644604837344,0.9494723677635193,0.9555623334410258,ok,True,True,34.924135419996496,2.079707329273681,1.0,0.0,0.9804841750435145
321,1767152627445,46.21761369611666,49.47837397336232,50.214106770853036,50.214106770853036,50.214106770853036,0.9497633576393127,0.9520829479599979,ok,True,True,26.88248961182068,3.2607602772456588,1.0,0.0,0.9804841750435145
322,1767152627483,39.26037646623209,43.34757546908418,44.213932880914136,44.213932880914136,44.213932880914136,0.9409903883934021,0.9454274122200405,ok,True,True,17.41310144129759,4.087199002852088,1.0,0.0,0.9804841750435145
323,1767152627519,30.681367273956003,35.74785055200727,36.75749994756934,36.75749994756934,36.75749994756934,0.9566634893417358,0.9521690584930578,ok,True,True,6.377515074561593,5.066483278051269,1.0,0.0,0.9804841750435145
324,1767152627544,22.07957563918291,27.546885604312656,28.598574800996353,28.598574800996353,28.598574800996353,0.9574283361434937,0.9553246250833193,ok,True,True,-5.117571251425039,5.467309965129747,1.0,0.0,0.9804841750435145
325,1767152627578,13.802893596924473,19.30049039987975,20.319177642307736,20.319177642307736,20.319177642307736,0.9519822597503662,0.9533192058835473,ok,True,True,-16.25194234491544,5.497596802955275,1.0,0.0,0.9804841750435145
326,1767152627611,6.533144936471118,11.640083121834572,12.548264899249148,12.548264899249148,12.548264899249148,0.9262394905090332,0.9370713766588389,ok,True,True,-26.178475738990493,5.106938185363454,1.0,0.0,0.9804841750435145
327,1767152627644,2.4985146052658305,6.155142011893327,6.771265910880981,6.771265910880981,6.771265910880981,0.9640477895736694,0.9532572244077372,ok,True,True,-32.912782251503614,3.6566274066274964,1.0,0.0,0.9804841750435145
328,1767152627678,-0.14190955836855643,2.376911069736197,2.744906612513083,2.744906612513083,2.744906612513083,0.9701967835426331,0.9634209598886747,ok,True,True,-36.935016715010214,2.5188206281047534,1.0,0.0,0.9804841750435145
329,1767152627711,-0.8726949086155859,0.42714748272512737,0.5484180903234691,0.5484180903234691,0.5484180903234691,0.9720775485038757,0.9686149130577953,ok,True,True,-38.26051868607125,1.299842391340713,1.0,0.0,0.9804841750435145
330,1767152627745,-1.1644986852195103,-0.5278402180416553,-0.5500601939274926,-0.5500601939274926,-0.5500601939274926,0.9729319214820862,0.9712051181123699,ok,True,True,-38.01765174232544,0.636658467177855,1.0,0.0,0.9804841750435145
331,1767152627778,-0.42474174245537033,-0.4659811326898843,-0.6167986648468098,-0.6167986648468098,-0.6167986648468098,0.9750999212265015,0.9735419999808488,ok,True,True,-36.369198418774175,0.04123939023451395,1.0,0.0,0.9804841750435145
332,1767152627811,-0.4576394974636596,-0.4609761515541495,-0.6136681140339393,-0.6136681140339393,-0.6136681140339393,0.9675432443618774,0.9699427466094659,ok,True,True,-34.70025735184652,0.003336654090489888,1.0,0.0,0.9804841750435145
333,1767152627844,2.148346624939129,1.1046175143418175,0.7837534898329963,0.7837534898329963,0.7837534898329963,0.9688292145729065,0.9692746273875302,ok,True,True,-31.193175913468025,1.0437291105973114,1.0,0.0,0.9804841750435145
334,1767152627878,5.529648461985212,3.7596360829278543,3.311463283122332,3.311463283122332,3.311463283122332,0.9531464576721191,0.9595977255582836,ok,True,True,-26.294594622560908,1.7700123790573574,1.0,0.0,0.9804841750435145
335,1767152627918,9.326827579324762,7.099950980765999,6.579310020021631,6.579310020021631,6.579310020021631,0.9525914192199707,0.9553939417552959,ok,True,True,-20.60392782910762,2.2268765985587633,1.0,0.0,0.9804841750435145
336,1767152627944,14.48078046060681,11.528448668670485,10.899442131052199,10.899442131052199,10.899442131052199,0.9515024423599243,0.9530590421180729,ok,True,True,-13.728812564700068,2.9523317919363254,1.0,0.0,0.9804841750435145
337,1767152627978,21.285282218907646,17.38254879881278,16.607918512297072,16.607918512297072,16.607918512297072,0.9574353098869324,0.9556848027793886,ok,True,True,-5.262012637211139,3.902733420094865,1.0,0.0,0.9804841750435145
338,1767152628012,29.991939758272153,24.948183374488405,23.997780654417603,23.997780654417603,23.997780654417603,0.9617943167686462,0.9593505111729432,ok,True,True,5.126000614343505,5.043756383783748,1.0,0.0,0.9804841750435145
339,1767152628044,37.34878355838233,32.388543484824766,31.471150492822638,31.471150492822638,31.471150492822638,0.949861466884613,0.9536570845999451,ok,True,True,15.15321366471392,4.960240073557564,1.0,0.0,0.9804841750435145
340,1767152628078,44.8624894177939,39.87291104460625,38.99159400721924,38.99159400721924,38.99159400721924,0.9570552706718445,0.9556959962430847,ok,True,True,24.786112297953455,4.989578373187655,1.0,0.0,0.9804841750435145
341,1767152628111,51.72964864029816,46.986953602021394,46.18682994812802,46.18682994812802,46.18682994812802,0.9664166569709778,0.9621283926798205,ok,True,True,33.531557722296846,4.742695038276764,1.0,0.0,0.9804841750435145
342,1767152628144,57.07937305003012,53.042405270826634,52.4020237546535,52.4020237546535,52.4020237546535,0.9586143493652344,0.9600199666910689,ok,True,True,40.531002837060086,4.036967779203486,1.0,0.0,0.9804841750435145
343,1767152628211,58.92469916625767,56.57178160808525,56.257193930905686,56.257193930905686,56.257193930905686,0.9521920084953308,0.955323191773626,ok,True,True,43.96948306265723,2.3529175581724147,1.0,0.0,0.9804841750435145
344,1767152628248,58.32856241914381,57.625850094720384,57.63667516429462,57.63667516429462,57.63667516429462,0.9630677103996277,0.959969902949227,ok,True,True,43.85116378198662,0.7027123244234232,1.0,0.0,0.9804841750435145
345,1767152628277,56.13255680962734,56.72987412366456,56.99421460032857,56.99421460032857,56.99421460032857,0.9619752764701843,0.9611731270618014,ok,True,True,40.96189135407995,0.5973173140372197,1.0,0.0,0.9804841750435145
346,1767152628311,50.02491387330415,52.706897973448314,53.337776905070534,53.337776905070534,53.337776905070534,0.9421741366386414,0.9497737328079054,ok,True,True,34.06631060350072,2.681984100144163,1.0,0.0,0.9804841750435145
347,1767152628495,44.906870351437156,48.02688140024162,48.74634525169191,48.74634525169191,48.74634525169191,0.9555501937866211,0.9532396093951347,ok,True,True,26.202486284559896,3.1200110488044643,1.0,0.0,0.9804841750435145
348,1767152628518,38.19686055506701,42.128868893136854,42.96490042273153,42.96490042273153,42.96490042273153,0.942661702632904,0.9468928653377964,ok,True,True,17.064563565335995,3.932008338069842,1.0,0.0,0.9804841750435145
349,1767152628547,28.888853434243334,34.18485961780074,35.228252152451354,35.228252152451354,35.228252152451354,0.9360784292221069,0.9404042036683827,ok,True,True,5.6601607289084015,5.296006183557406,1.0,0.0,0.9804841750435145
350,1767152628574,20.72345707161898,26.108018090091683,27.14695155813856,27.14695155813856,27.14695155813856,0.9504945874214172,0.9464584339202033,ok,True,True,-5.695503986309106,5.384561018472702,1.0,0.0,0.9804841750435145
351,1767152628599,5.950485693811201,14.013498652323394,15.45808752159833,15.45808752159833,15.45808752159833,0.922624409198761,0.932158019087338,ok,True,True,-21.48502983694923,8.063012958512193,1.0,0.0,0.9804841750435145
352,1767152628622,0.42492151914586157,5.860352372416875,6.851592119176655,6.851592119176655,6.851592119176655,0.9517843723297119,0.9439338310327623,ok,True,True,-32.31939658207108,5.435430853271013,1.0,0.0,0.9804841750435145
353,1767152628650,-1.4749065905728809,1.4591969946230214,1.9407877386795307,1.9407877386795307,1.9407877386795307,0.9508415460586548,0.9480784600482979,ok,True,True,-37.58323992493575,2.9341035851959023,1.0,0.0,0.9804841750435145
354,1767152628673,-1.225035382197552,-0.15134243146932247,-0.05766498767101058,-0.05766498767101058,-0.05766498767101058,0.9566047191619873,0.9531942155165116,ok,True,True,-38.607145377853804,1.0736929507282293,1.0,0.0,0.9804841750435145
355,1767152628700,-0.8920979171599577,-0.5957957228837035,-0.6793637035237411,-0.6793637035237411,-0.6793637035237411,0.9683276414871216,0.9622742710988776,ok,True,True,-37.69373754350994,0.29630219427625415,1.0,0.0,0.9804841750435145
356,1767152628728,-0.018008474778636797,-0.24912337402066348,-0.43736968821007816,-0.43736968821007816,-0.43736968821007816,0.9562744498252869,0.9586743783347231,ok,True,True,-35.63618324041376,0.2311148992420267,1.0,0.0,0.9804841750435145
357,1767152628755,1.0809914928890894,0.5489455461251882,0.30629225610752964,0.30629225610752964,0.30629225610752964,0.9573227763175964,0.9578634171244471,ok,True,True,-32.98395430734732,0.5320459467639012,1.0,0.0,0.9804841750435145
358,1767152628790,2.798335916502278,1.8985797683514418,1.5981629529056096,1.5981629529056096,1.5981629529056096,0.9451925754547119,0.950260912122606,ok,True,True,-29.700363263322608,0.899756148150836,1.0,0.0,0.9804841750435145
359,1767152628819,5.121478360144943,3.8323189234275423,3.472481140877134,3.472481140877134,3.472481140877134,0.9480029344558716,0.9489061255225654,ok,True,True,-25.767294076330717,1.2891594367174006,1.0,0.0,0.9804841750435145
360,1767152628845,9.640471235214413,7.317210310499664,6.7922541121770195,6.7922541121770195,6.7922541121770195,0.9412657618522644,0.9443219073203848,ok,True,True,-20.029461229792517,2.3232609247147487,1.0,0.0,0.9804841750435145
361,1767152628951,14.90832483430818,11.871879024784773,11.230446523636466,11.230446523636466,11.230446523636466,0.9560426473617554,0.9513543513452072,ok,True,True,-13.018528725927005,3.036445809523407,1.0,0.0,0.9804841750435145
362,1767152628974,21.779455466440446,17.816424889778176,17.032955870991827,17.032955870991827,17.032955870991827,0.9506924152374268,0.9509571896805389,ok,True,True,-4.455120417574321,3.9630305766622698,1.0,0.0,0.9804841750435145
363,1767152629002,29.542716430711373,24.852199814338096,23.96294817287715,23.96294817287715,23.96294817287715,0.9510008692741394,0.9509833974366992,ok,True,True,5.264504369247662,4.6905166163732765,1.0,0.0,0.9804841750435145
364,1767152629029,39.43150341510907,33.59978197480068,32.54383475480269,32.54383475480269,32.54383475480269,0.9420405030250549,0.9456176607897127,ok,True,True,16.806131389701136,5.831721440308392,1.0,0.0,0.9804841750435145
365,1767152629059,47.27712946097045,41.80619046650254,40.83497471046138,40.83497471046138,40.83497471046138,0.967365562915802,0.9586664020653662,ok,True,True,27.4216335666339,5.470938994467907,1.0,0.0,0.9804841750435145
366,1767152629084,53.032443418384986,48.54194223763201,47.78380968441888,47.78380968441888,47.78380968441888,0.9548240900039673,0.9563610148285269,ok,True,True,35.70811133326576,4.490501180752979,1.0,0.0,0.9804841750435145
367,1767152629111,57.27391464843606,53.78112568411444,53.2446286421903,53.2446286421903,53.2446286421903,0.9463962316513062,0.9503821449221945,ok,True,True,41.57208695458219,3.492788964321619,1.0,0.0,0.9804841750435145
368,1767152629142,60.18057843523676,57.62079733478784,57.28704594246371,57.28704594246371,57.28704594246371,0.9526934623718262,0.9517689353919736,ok,True,True,45.22002883539839,2.559781100448923,1.0,0.0,0.9804841750435145
369,1767152629168,59.52945117101609,58.76598963652479,58.769158209149026,58.769158209149026,58.769158209149026,0.9047249555587769,0.9235425474920556,ok,True,True,45.18539596481212,0.7634615344912987,1.0,0.0,0.9804841750435145
370,1767152629200,59.59726974353494,59.26475770073088,59.37754493510994,59.37754493510994,59.37754493510994,0.9591995477676392,0.9449367476574057,ok,True,True,43.95261825848507,0.3325120428040549,1.0,0.0,0.9804841750435145
371,1767152629225,58.05443170275135,58.53856210194317,58.79571106510931,58.79571106510931,58.79571106510931,0.9130266904830933,0.9257907133528183,ok,True,True,41.14194991696935,0.48413039919181955,1.0,0.0,0.9804841750435145
372,1767152629255,54.250723610972706,55.96585900736089,56.43474542596178,56.43474542596178,56.43474542596178,0.9541653394699097,0.9428154890230731,ok,True,True,36.016966342072536,1.7151353963881846,1.0,0.0,0.9804841750435145
373,1767152629287,48.274430306543195,51.35100178687027,52.05237089231125,52.05237089231125,52.05237089231125,0.952751100063324,0.9487768556472236,ok,True,True,28.350919720268497,3.0765714803270754,1.0,0.0,0.9804841750435145
374,1767152629314,42.22961725452305,45.878171067461935,46.67272273076536,46.67272273076536,46.67272273076536,0.9492321014404297,0.9490500031231472,ok,True,True,19.66637680689591,3.6485538129388857,1.0,0.0,0.9804841750435145
375,1767152629344,34.19824878267321,38.870217696588696,39.81419028600709,39.81419028600709,39.81419028600709,0.9477084875106812,0.9482450937556677,ok,True,True,9.34864563788967,4.671968913915485,1.0,0.0,0.9804841750435145
376,1767152629375,26.71375088813797,31.57633761151826,32.53051362247852,32.53051362247852,32.53051362247852,0.9643955230712891,0.9579353513450405,ok,True,True,-1.0806101258486436,4.862586723380289,1.0,0.0,0.9804841750435145
377,1767152629399,16.736362961880076,22.672352821735352,23.768566529350103,23.768566529350103,23.768566529350103,0.944990336894989,0.9501683426750096,ok,True,True,-13.062354580862232,5.935989859855276,1.0,0.0,0.9804841750435145
378,1767152629425,9.455171354148332,14.74204394118314,15.70086686004396,15.70086686004396,15.70086686004396,0.9487351179122925,0.9493084078173794,ok,True,True,-23.542401593226316,5.286872587034807,1.0,0.0,0.9804841750435145
379,1767152629448,2.9234094567696416,7.650863250535041,8.461712395046554,8.461712395046554,8.461712395046554,0.9376750588417053,0.9423283984319749,ok,True,True,-32.40507788856567,4.727453793765399,1.0,0.0,0.9804841750435145
380,1767152629478,-0.2342520163906011,2.919794090379656,3.4177538251016504,3.4177538251016504,3.4177538251016504,0.959932267665863,0.9528907199723078,ok,True,True,-37.84783622015743,3.154046106770257,1.0,0.0,0.9804841750435145
381,1767152629511,-1.9018992199554532,0.026778104178590834,0.2644306654782653,0.2644306654782653,0.2644306654782653,0.9789878129959106,0.9685489757864696,ok,True,True,-40.445406601545926,1.928677324134044,1.0,0.0,0.9804841750435145
382,1767152629544,-1.0679089454100572,-0.6300341255745979,-0.6806716698540098,-0.6806716698540098,-0.6806716698540098,0.9738450050354004,0.971726593335828,ok,True,True,-39.89193230071318,0.4378748198354593,1.0,0.0,0.9804841750435145
383,1767152629577,0.5804846803634307,0.09627715798821923,-0.13884179572193456,-0.13884179572193456,-0.13884179572193456,0.9633176326751709,0.9666812169394337,ok,True,True,-37.322054547574126,0.4842075223752115,1.0,0.0,0.9804841750435145
384,1767152629611,1.2907750281018018,0.8129758800563688,0.5679009375086443,0.5679009375086443,0.5679009375086443,0.9737433791160583,0.9709185142454084,ok,True,True,-34.643356668195,0.477799148045433,1.0,0.0,0.9804841750435145
385,1767152629644,3.4908267626227816,2.4196864095962165,2.084134631211151,2.084134631211151,2.084134631211151,0.9638493061065674,0.9666769893621038,ok,True,True,-30.97573635647368,1.071140353026565,1.0,0.0,0.9804841750435145
386,1767152629677,5.588897755552726,4.321213217170122,3.9563045921838382,3.9563045921838382,3.9563045921838382,0.9523449540138245,0.9580777681531362,ok,True,True,-26.987242266640056,1.2676845383826043,1.0,0.0,0.9804841750435145
387,1767152629711,9.173333459302684,7.23248536244966,6.7664443350809655,6.7664443350809655,6.7664443350809655,0.9514023661613464,0.9540725269580623,ok,True,True,-21.893359151792076,1.9408480968530242,1.0,0.0,0.9804841750435145
388,1767152629744,14.801608287314135,11.773959117368346,11.133640470336974,11.133640470336974,11.133640470336974,0.9450464248657227,0.9486568657026585,ok,True,True,-14.894601204125372,3.0276491699457893,1.0,0.0,0.9804841750435145
389,1767152629783,20.984294198330414,17.300160165945584,16.556526028396398,16.556526028396398,16.556526028396398,0.9420375823974609,0.94468529571954,ok,True,True,-6.766592821958655,3.6841340323848293,1.0,0.0,0.9804841750435145
390,1767152629811,29.95477173212984,24.89292710565614,23.9373582495879,23.9373582495879,23.9373582495879,0.9506909251213074,0.9482886733606004,ok,True,True,3.677886902247641,5.0618446264737,1.0,0.0,0.9804841750435145
391,1767152629878,45.311138011689266,37.14385364927601,35.68360680466056,35.68360680466056,35.68360680466056,0.9396963715553284,0.9431332922774373,ok,True,True,19.638556260681757,8.167284362413255,1.0,0.0,0.9804841750435145
392,1767152629911,51.15045504164069,45.54781448469482,44.51996542344409,44.51996542344409,44.51996542344409,0.9546247124671936,0.950028144391291,ok,True,True,30.87306710896231,5.602640556945872,1.0,0.0,0.9804841750435145
393,1767152629944,57.27554114470918,52.58445048070344,51.79925675283862,51.79925675283862,51.79925675283862,0.9531475901603699,0.9518998118527383,ok,True,True,39.45532668992169,4.691090664005742,1.0,0.0,0.9804841750435145
394,1767152629979,60.82252720282077,57.52729651397384,57.03479286297856,57.03479286297856,57.03479286297856,0.9526539444923401,0.9523522914364994,ok,True,True,44.83844938615822,3.295230688846935,1.0,0.0,0.9804841750435145
395,1767152630011,61.30816565542218,59.79581799884284,59.65447852421143,59.65447852421143,59.65447852421143,0.9530786871910095,0.9527881288892055,ok,True,True,46.38330642879121,1.5123476565793368,1.0,0.0,0.9804841750435145
396,1767152630044,59.48067927216907,59.60673476283858,59.78461906235605,59.78461906235605,59.78461906235605,0.9403258562088013,0.9453107652809629,ok,True,True,44.439010161948225,0.12605549066950772,1.0,0.0,0.9804841750435145
397,1767152630077,58.463038602177335,58.92051706644183,59.1822789704524,59.1822789704524,59.1822789704524,0.9562026858329773,0.9518459176121716,ok,True,True,41.57792183571587,0.4574784642644971,1.0,0.0,0.9804841750435145
398,1767152630111,53.91602171358229,55.917819854726105,56.43683310966586,56.43683310966586,56.43683310966586,0.9487199783325195,0.9499703540443805,ok,True,True,35.905046057703395,2.0017981411438157,1.0,0.0,0.9804841750435145
399,1767152630146,47.47848165331155,50.85421693387737,51.61084703836261,51.61084703836261,51.61084703836261,0.9491677284240723,0.9494887786721955,ok,True,True,27.634990231966178,3.37573528056582,1.0,0.0,0.9804841750435145
400,1767152630179,40.331157010927996,44.54038098010774,45.43229827809004,45.43229827809004,45.43229827809004,0.9434628486633301,0.9458732206668763,ok,True,True,17.886229506575066,4.209223969179746,1.0,0.0,0.9804841750435145
401,1767152630213,28.691087579974422,35.03080494002775,36.2582187222632,36.2582187222632,36.2582187222632,0.9456702470779419,0.9457514365135157,ok,True,True,4.47045284081268,6.339717360053328,1.0,0.0,0.9804841750435145
402,1767152630244,17.100267076810173,24.272482222097203,25.62679812570334,25.62679812570334,25.62679812570334,0.9227142930030823,0.9319291504072555,ok,True,True,-10.332378902349827,7.17221514528703,1.0,0.0,0.9804841750435145
403,1767152630278,8.215212207701203,14.638120213459604,15.82608830997554,15.82608830997554,15.82608830997554,0.9533883333206177,0.9448046601552729,ok,True,True,-23.317009594602712,6.422908005758401,1.0,0.0,0.9804841750435145
404,1767152630311,1.9904385503666708,7.049511215603844,7.942289115189232,7.942289115189232,7.942289115189232,0.9409015774726868,0.9424628105457212,ok,True,True,-33.075176796499456,5.059072665237173,1.0,0.0,0.9804841750435145
405,1767152630344,-1.0930592906085674,2.163968911876397,2.6858196999184747,2.6858196999184747,2.6858196999184747,0.9662352204322815,0.9567262564776573,ok,True,True,-38.77906714427919,3.257028202484965,1.0,0.0,0.9804841750435145
406,1767152630377,-1.9868850870602004,-0.3265434874855613,-0.13461088450515746,-0.13461088450515746,-0.13461088450515746,0.9717029333114624,0.9657122625779404,ok,True,True,-40.87691301641361,1.6603415995746391,1.0,0.0,0.9804841750435145
407,1767152630413,-1.711041664344819,-1.1572423936011158,-1.1951810081429028,-1.1951810081429028,-1.1951810081429028,0.9663989543914795,0.9661242776660639,ok,True,True,-40.46223950771789,0.5537992707437032,1.0,0.0,0.9804841750435145
408,1767152630444,-0.8520332333439576,-0.974116897446821,-1.1493172251645787,-1.1493172251645787,-1.1493172251645787,0.958541214466095,0.9615744397460825,ok,True,True,-38.54727936758567,0.12208366410286331,1.0,0.0,0.9804841750435145
409,1767152630477,0.7611809447695478,0.06706180788300026,-0.21209797211447423,-0.21209797211447423,-0.21209797211447423,0.9625208377838135,0.962142278568721,ok,True,True,-35.496030215332745,0.6941191368865476,1.0,0.0,0.9804841750435145
410,1767152630511,2.0557397894309934,1.2602685968117961,0.9638902677373109,0.9638902677373109,0.9638902677373109,0.9650779962539673,0.9639037091798688,ok,True,True,-32.25658030122677,0.7954711926191973,1.0,0.0,0.9804841750435145
411,1767152630544,5.259029368288442,3.659525059697784,3.2386736161605283,3.2386736161605283,3.2386736161605283,0.9358565807342529,0.9470754321124992,ok,True,True,-27.656624640246203,1.5995043085906584,1.0,0.0,0.9804841750435145
412,1767152630577,9.437055749014487,7.1260434732878055,6.589299588904494,6.589299588904494,6.589299588904494,0.9359049797058105,0.940373160668486,ok,True,True,-21.789951001886347,2.3110122757266813,1.0,0.0,0.9804841750435145
413,1767152630611,13.405907812213158,10.893962076643017,10.332470942174664,10.332470942174664,10.332470942174664,0.9374058842658997,0.9385927948269341,ok,True,True,-15.65278701623054,2.5119457355701407,1.0,0.0,0.9804841750435145
414,1767152630652,18.7201079340859,15.589649591108746,14.944683118503459,14.944683118503459,14.944683118503459,0.9403168559074402,0.9396272314752379,ok,True,True,-8.603227789660572,3.1304583429771533,1.0,0.0,0.9804841750435145
415,1767152630682,26.291246928682277,22.010607993652865,21.189999735226273,21.189999735226273,21.189999735226273,0.9469367861747742,0.9440129642949596,ok,True,True,0.3661167659145068,4.280638935029412,1.0,0.0,0.9804841750435145
416,1767152630711,33.67194217590713,29.007408503005422,28.13629770924327,28.13629770924327,28.13629770924327,0.9417648315429688,0.942664084643765,ok,True,True,9.88745995872399,4.664533672901705,1.0,0.0,0.9804841750435145
417,1767152630744,43.22207309529636,37.53620725837998,36.52390068114608,36.52390068114608,36.52390068114608,0.9457454681396484,0.9445129147412951,ok,True,True,20.952089632930416,5.685865836916378,1.0,0.0,0.9804841750435145
418,1767152630777,49.32921026599398,44.612009062948374,43.7872706692635,43.7872706692635,43.7872706692635,0.9358905553817749,0.9393394991255829,ok,True,True,29.966577051512658,4.7172012030456045,1.0,0.0,0.9804841750435145
419,1767152630811,55.06339126653124,50.8828383850981,50.202409694363034,50.202409694363034,50.202409694363034,0.9350217580795288,0.9367488544979504,ok,True,True,37.403742483412316,4.180552881433144,1.0,0.0,0.9804841750435145
420,1767152630844,58.85464487978037,55.66592228190746,55.19530922494465,55.19530922494465,55.19530922494465,0.9440425038337708,0.9411250440994426,ok,True,True,42.54759841821037,3.1887225978729106,1.0,0.0,0.9804841750435145
421,1767152630877,61.084634490932764,58.91714960732264,58.66005455079162,58.66005455079162,58.66005455079162,0.9561484456062317,0.9501390850035161,ok,True,True,45.357677553878844,2.167484883610122,1.0,0.0,0.9804841750435145
422,1767152630911,60.60403645257704,59.92928171447528,59.9563680760235,59.9563680760235,59.9563680760235,0.9482415318489075,0.9490005531107508,ok,True,True,45.061620443816736,0.6747547381017611,1.0,0.0,0.9804841750435145
423,1767152630944,60.86288500080613,60.48944368627379,60.597587874744875,60.597587874744875,60.597587874744875,0.941081702709198,0.9442492428698191,ok,True,True,43.87959177408336,0.37344131453234297,1.0,0.0,0.9804841750435145
424,1767152630977,57.409580530157,58.641525792603716,59.02307627178222,59.02307627178222,59.02307627178222,0.9241394996643066,0.9321833969465116,ok,True,True,39.70920026515736,1.2319452624467147,1.0,0.0,0.9804841750435145
425,1767152631011,51.19081283962605,54.17109802081711,54.86033652384469,54.86033652384469,54.86033652384469,0.9183620810508728,0.9238906074091284,ok,True,True,32.175742551148616,2.9802851811910642,1.0,0.0,0.9804841750435145
426,1767152631044,44.07184555629402,48.111546542103255,48.98445529905732,48.98445529905732,48.98445529905732,0.9331644177436829,0.9294548936098611,ok,True,True,22.634747409676763,4.039700985809233,1.0,0.0,0.9804841750435145
427,1767152631080,36.939745608707284,41.40846598206568,42.33820094002714,42.33820094002714,42.33820094002714,0.9267218112945557,0.9278150442206778,ok,True,True,12.472635223152297,4.468720373358394,1.0,0.0,0.9804841750435145
428,1767152631111,27.47098548166734,33.04597768182667,34.1294501020968,34.1294501020968,34.1294501020968,0.9414552450180054,0.9359991646990743,ok,True,True,0.6301545338905363,5.574992200159329,1.0,0.0,0.9804841750435145
429,1767152631144,19.72154686204962,25.051319189960438,26.06684098150476,26.06684098150476,26.06684098150476,0.9561647176742554,0.948098496484183,ok,True,True,-10.469617810005227,5.329772327910817,1.0,0.0,0.9804841750435145
430,1767152631183,12.872687159452141,17.74413997165546,18.63405743369453,18.63405743369453,18.63405743369453,0.9288156032562256,0.9365287605474086,ok,True,True,-20.19652009387417,4.871452812203319,1.0,0.0,0.9804841750435145
431,1767152631211,8.106495587551517,11.961553341193095,12.631112120413505,12.631112120413505,12.631112120413505,0.9435922503471375,0.940766854427246,ok,True,True,-27.514876117432667,3.855057753641578,1.0,0.0,0.9804841750435145
432,1767152631244,4.374663687969522,7.409419549258952,7.889832636984594,7.889832636984594,7.889832636984594,0.9534278512001038,0.9483634524909607,ok,True,True,-32.765847538413645,3.0347558612894296,1.0,0.0,0.9804841750435145
433,1767152631278,2.1075003033381656,4.22826800170648,4.515026098336936,4.515026098336936,4.515026098336936,0.9493634104728699,0.9489634272801062,ok,True,True,-35.90014718305893,2.1207676983683146,1.0,0.0,0.9804841750435145
434,1767152631311,1.1491031795772857,2.3807691084289635,2.4854096386857902,2.4854096386857902,2.4854096386857902,0.9377573728561401,0.9422397946257265,ok,True,True,-37.0438804573878,1.2316659288516778,1.0,0.0,0.9804841750435145
435,1767152631344,0.8982606713074073,1.4912640461560298,1.4644059195477725,1.4644059195477725,1.4644059195477725,0.9532461166381836,0.9488435878332008,ok,True,True,-36.75031798200081,0.5930033748486225,1.0,0.0,0.9804841750435145
436,1767152631378,0.7600544667853366,1.0525382985336138,0.961786340495995,0.961786340495995,0.961786340495995,0.9570881724357605,0.9537903385947366,ok,True,True,-35.75838843172647,0.2924838317482772,1.0,0.0,0.9804841750435145
437,1767152631411,1.533720695808894,1.3412477368987819,1.165868587849303,1.165868587849303,1.165868587849303,0.9415150880813599,0.9464251882867105,ok,True,True,-33.84147375345547,0.19247295891011218,1.0,0.0,0.9804841750435145
438,1767152631444,2.758978155094737,2.191885987816355,1.9514783841221657,1.9514783841221657,1.9514783841221657,0.9554094672203064,0.951815755646868,ok,True,True,-31.213790435415568,0.567092167278382,1.0,0.0,0.9804841750435145
439,1767152631477,5.108138791770688,3.941637670188955,3.603401206671066,3.603401206671066,3.603401206671066,0.944183886051178,0.947236633889454,ok,True,True,-27.516826200168914,1.1665011215817334,1.0,0.0,0.9804841750435145
440,1767152631511,8.282611224644286,6.546221802862154,6.1154157382575125,6.1154157382575125,6.1154157382575125,0.9455441832542419,0.9462211635083269,ok,True,True,-22.80806536283688,1.7363894217821327,1.0,0.0,0.9804841750435145
441,1767152631544,12.547991375176583,10.147283546250812,9.612450440583334,9.612450440583334,9.612450440583334,0.929919958114624,0.9364404402721052,ok,True,True,-16.962276760053733,2.4007078289257713,1.0,0.0,0.9804841750435145
442,1767152631578,17.438084030667127,14.5217638369006,13.910749770697805,13.910749770697805,13.910749770697805,0.9510560631752014,0.9452098140139629,ok,True,True,-10.283821319471437,2.916320193766527,1.0,0.0,0.9804841750435145
443,1767152631611,25.773756736343643,21.272959576566425,20.413031858258623,20.413031858258623,20.413031858258623,0.9398835301399231,0.942014043689539,ok,True,True,-0.8847104536109907,4.500797159777218,1.0,0.0,0.9804841750435145
444,1767152631644,35.171738412487855,29.61222687811928,28.58224655540878,28.58224655540878,28.58224655540878,0.9291312098503113,0.9342843433860024,ok,True,True,10.373095332509177,5.559511534368575,1.0,0.0,0.9804841750435145
445,1767152631677,43.80502545212563,38.12790602252309,37.10113948922892,37.10113948922892,37.10113948922892,0.9432440996170044,0.9396601971246037,ok,True,True,21.595774023199706,5.677119429602541,1.0,0.0,0.9804841750435145
446,1767152631711,50.64460320602668,45.637924332625246,44.76550541884352,44.76550541884352,44.76550541884352,0.9490480422973633,0.9452929042282595,ok,True,True,31.131415121319236,5.006678873401434,1.0,0.0,0.9804841750435145
447,1767152631744,56.23317543243134,51.995074992508904,51.30402428323505,51.30402428323505,51.30402428323505,0.9262667298316956,0.9338771995903211,ok,True,True,38.68468046224584,4.238100439922434,1.0,0.0,0.9804841750435145
448,1767152631777,59.89084944716499,56.73253966530255,56.27059788276556,56.27059788276556,56.27059788276556,0.9441313743591309,0.9400297044516069,ok,True,True,43.733758350073984,3.1583097818624353,1.0,0.0,0.9804841750435145
449,1767152631811,59.72772853824722,58.529652989069355,58.44022689461318,58.44022689461318,58.44022689461318,0.9616696238517761,0.9530136560917085,ok,True,True,44.711196055824985,1.1980755491778652,1.0,0.0,0.9804841750435145
450,1767152631844,58.95805670819829,58.78669522054672,58.91436232222329,58.91436232222329,58.91436232222329,0.9435781836509705,0.9473523726272657,ok,True,True,43.31577965391794,0.17136148765157344,1.0,0.0,0.9804841750435145
451,1767152631877,56.77348829862356,57.57877106739282,57.888975531801364,57.888975531801364,57.888975531801364,0.9448747634887695,0.9458658071441679,ok,True,True,39.92520845823853,0.8052827687692599,1.0,0.0,0.9804841750435145
452,1767152631911,51.99811823008628,54.2303793650089,54.78723238995377,54.78723238995377,54.78723238995377,0.9320005774497986,0.9375466693275463,ok,True,True,33.8387395539147,2.2322611349226236,1.0,0.0,0.9804841750435145
453,1767152631951,44.56453599097004,48.430873340585585,49.266170998573536,49.266170998573536,49.266170998573536,0.9296571016311646,0.9328129287097172,ok,True,True,24.708838137465527,3.8663373496155415,1.0,0.0,0.9804841750435145
454,1767152631992,37.287143372766685,41.74463535989425,42.676008998788056,42.676008998788056,42.676008998788056,0.9267728328704834,0.9291888712061769,ok,True,True,14.528814976066085,4.457491987127561,1.0,0.0,0.9804841750435145
455,1767152632026,26.278752218796182,32.465105475235404,33.658757917011975,33.658757917011975,33.658757917011975,0.9612029194831848,0.9483973001723817,ok,True,True,1.4820537231078088,6.186353256439222,1.0,0.0,0.9804841750435145
456,1767152632049,15.870699115033721,22.508461659114396,23.758419605457735,23.758419605457735,23.758419605457735,0.9383652806282043,0.9423780884458752,ok,True,True,-12.180133301707965,6.637762544080674,1.0,0.0,0.9804841750435145
457,1767152632078,8.76326673636655,14.261344705465689,15.275966323710852,15.275966323710852,15.275966323710852,0.9353424906730652,0.9381567297821891,ok,True,True,-23.270066645816684,5.498077969099139,1.0,0.0,0.9804841750435145
458,1767152632111,2.7605299359913538,7.3608558437810885,8.157663196199474,8.157663196199474,8.157663196199474,0.9486345052719116,0.9444433950760226,ok,True,True,-31.979264505900595,4.600325907789735,1.0,0.0,0.9804841750435145
459,1767152632144,0.04208567727703625,2.9695937438786575,3.4296457996996517,3.4296457996996517,3.4296457996996517,0.9657182097434998,0.9572082838765088,ok,True,True,-37.00768745898044,2.927508066601621,1.0,0.0,0.9804841750435145
460,1767152632177,-0.42003467373563086,0.9358166933100844,1.0764674859478858,1.0764674859478858,1.0764674859478858,0.9556734561920166,0.9562873872658135,ok,True,True,-38.545017126612635,1.3558513670457153,1.0,0.0,0.9804841750435145
461,1767152632211,-0.12250654982418456,0.3008227474295231,0.24399397927028443,0.24399397927028443,0.24399397927028443,0.9547899961471558,0.9553889525946189,ok,True,True,-37.92387202228914,0.42332929725370766,1.0,0.0,0.9804841750435145
462,1767152632244,0.8645870258508093,0.6390813144822948,0.45390214999519274,0.45390214999519274,0.45390214999519274,0.950598418712616,0.9525146322654172,ok,True,True,-35.899842025341556,0.2255057113685145,1.0,0.0,0.9804841750435145
463,1767152632277,1.2768779680720947,1.0217593066361748,0.8248277480517108,0.8248277480517108,0.8248277480517108,0.9693471193313599,0.9626141245049828,ok,True,True,-33.74735698187244,0.25511866143592,1.0,0.0,0.9804841750435145
464,1767152632311,2.8073362457026585,2.093105470076065,1.8260101991677327,1.8260101991677327,1.8260101991677327,0.9615440964698792,0.9619721076839206,ok,True,True,-30.827974329625082,0.7142307756265933,1.0,0.0,0.9804841750435145
465,1767152632345,5.843504769331065,4.343345049629065,3.9477077389814204,3.9477077389814204,3.9477077389814204,0.9534704685211182,0.9568711241862391,ok,True,True,-26.50361209977889,1.5001597197020002,1.0,0.0,0.9804841750435145
466,1767152632377,9.299849581070237,7.317247768493768,6.842586457923234,6.842586457923234,6.842586457923234,0.9444162845611572,0.9493982204111899,ok,True,True,-21.315508278022378,1.982601812576469,1.0,0.0,0.9804841750435145
467,1767152632411,13.186917043680516,10.839049333605818,10.313720275485291,10.313720275485291,10.313720275485291,0.9560031294822693,0.9533611658538376,ok,True,True,-15.573600030141591,2.3478677100746985,1.0,0.0,0.9804841750435145
468,1767152632444,18.60716702149542,15.499919946339581,14.863169774211736,14.863169774211736,14.863169774211736,0.9438055157661438,0.9476277758012214,ok,True,True,-8.613845931898751,3.10724707515584,1.0,0.0,0.9804841750435145
469,1767152632478,27.388534190027073,22.633088492552076,21.73387051604591,21.73387051604591,21.73387051604591,0.9406716227531433,0.9434540839723745,ok,True,True,1.2147120664269941,4.755445697474997,1.0,0.0,0.9804841750435145
470,1767152632511,37.27061977988604,31.415607264952456,30.33958249791553,30.33958249791553,30.33958249791553,0.9503538608551025,0.9475939501020113,ok,True,True,12.97578903193499,5.855012514933584,1.0,0.0,0.9804841750435145
471,1767152632544,45.64074776880411,39.95069156726345,38.92630301522114,38.92630301522114,38.92630301522114,0.9485557079315186,0.9481710047997157,ok,True,True,24.17247610850802,5.6900562015406635,1.0,0.0,0.9804841750435145
472,1767152632577,53.2184272325129,47.91133296641312,46.99847291238509,46.99847291238509,46.99847291238509,0.9528542160987854,0.9509809315791575,ok,True,True,34.15014361492237,5.3070942660997815,1.0,0.0,0.9804841750435145
473,1767152632610,57.49165824491476,53.6595281335141,53.04315757643808,53.04315757643808,53.04315757643808,0.9396703243255615,0.9441945672269999,ok,True,True,40.88714612928497,3.8321301114006587,1.0,0.0,0.9804841750435145
474,1767152632644,59.4732824498952,57.14778072334276,56.84178742506458,56.84178742506458,56.84178742506458,0.9561532139778137,0.9513697552774882,ok,True,True,44.23168878501723,2.3255017265524387,1.0,0.0,0.9804841750435145
475,1767152632678,59.31037993977029,58.44534025319928,58.430924813606815,58.430924813606815,58.430924813606815,0.9443688988685608,0.9471692414321318,ok,True,True,44.38925123128455,0.8650396865710164,1.0,0.0,0.9804841750435145
476,1767152632711,59.114947504182965,58.84710460378949,58.965793756717524,58.965793756717524,58.965793756717524,0.9454479217529297,0.9461364496246105,ok,True,True,43.09196486268029,0.26784290039347525,1.0,0.0,0.9804841750435145
477,1767152632744,56.50792111384578,57.443594509823264,57.77379298112357,57.77379298112357,57.77379298112357,0.9599989652633667,0.9544539590078642,ok,True,True,39.48285682555763,0.9356733959774814,1.0,0.0,0.9804841750435145
478,1767152632780,50.28782004121106,53.15012982865594,53.81304486030774,53.81304486030774,53.81304486030774,0.9433592557907104,0.947797137077572,ok,True,True,32.2371177425079,2.862309787444879,1.0,0.0,0.9804841750435145
479,1767152632814,45.05398492777314,48.29244288812626,49.02850633533285,49.02850633533285,49.02850633533285,0.9378910064697266,0.9418534587128647,ok,True,True,24.1918578941379,3.2384579603531165,1.0,0.0,0.9804841750435145
480,1767152632858,38.447760536703434,42.38563347727256,43.217019452329396,43.217019452329396,43.217019452329396,0.9461734890937805,0.9444454769414141,ok,True,True,15.1047116311265,3.937872940569129,1.0,0.0,0.9804841750435145
481,1767152632882,29.972565486411053,34.937792682755656,35.918000100270035,35.918000100270035,35.918000100270035,0.9233227372169495,0.9317718331067353,ok,True,True,4.390929539201064,4.965227196344603,1.0,0.0,0.9804841750435145
482,1767152632910,20.42463579696036,26.229898551278477,27.32748785279695,27.32748785279695,27.32748785279695,0.9325323700904846,0.9322281552969849,ok,True,True,-7.605850318593719,5.805262754318118,1.0,0.0,0.9804841750435145
483,1767152632944,12.26100961402548,17.84856518892668,18.878178209583318,18.878178209583318,18.878178209583318,0.924724817276001,0.9277261524843945,ok,True,True,-18.859641450165608,5.5875555749012005,1.0,0.0,0.9804841750435145
484,1767152632977,4.870842755994614,10.06193172916744,10.975719345951205,10.975719345951205,10.975719345951205,0.9447435736656189,0.937936605193129,ok,True,True,-28.847447326341275,5.1910889731728265,1.0,0.0,0.9804841750435145
485,1767152633011,0.9698494966713574,4.606682389669791,5.210189001256782,5.210189001256782,5.210189001256782,0.9588367938995361,0.9504767184169733,ok,True,True,-35.44384540704081,3.6368328929984335,1.0,0.0,0.9804841750435145
486,1767152633044,0.434312667238724,2.103260556211151,2.318154982914738,2.318154982914738,2.318154982914738,0.961728572845459,0.9572278310740647,ok,True,True,-37.792666706832385,1.668947888972427,1.0,0.0,0.9804841750435145
487,1767152633077,-0.28505847241318616,0.6702691390365487,0.7135869619210324,0.7135869619210324,0.7135869619210324,0.9617425203323364,0.9599366446290277,ok,True,True,-38.26613559391533,0.9553276114497349,1.0,0.0,0.9804841750435145
488,1767152633110,-0.2031129463984782,0.1462398877755326,0.06720126656692915,0.06720126656692915,0.06720126656692915,0.9676474928855896,0.9645631535829648,ok,True,True,-37.40223418963648,0.3493528341740108,1.0,0.0,0.9804841750435145
489,1767152633144,1.6234078842967266,1.0325406856882489,0.7856583447199226,0.7856583447199226,0.7856583447199226,0.9507233500480652,0.956259271462025,ok,True,True,-34.703781233438285,0.5908671986084777,1.0,0.0,0.9804841750435145
490,1767152633180,1.846709155319973,1.5210417674672834,1.3098628071097955,1.3098628071097955,1.3098628071097955,0.9429578185081482,0.9482783996896988,ok,True,True,-32.395570416786015,0.32566738785268967,1.0,0.0,0.9804841750435145
491,1767152633211,4.5067719683015515,3.3124798879678443,2.968456581334805,2.968456581334805,2.968456581334805,0.9535651206970215,0.9514504322940924,ok,True,True,-28.635355307256955,1.1942920803337072,1.0,0.0,0.9804841750435145
492,1767152633244,8.264035832578111,6.283413454734005,5.806913434264143,5.806913434264143,5.806913434264143,0.9551560282707214,0.9536737898800699,ok,True,True,-23.42715417054478,1.9806223778441066,1.0,0.0,0.9804841750435145
493,1767152633277,13.568172367969453,10.654268802675272,10.026118926242805,10.026118926242805,10.026118926242805,0.9517297148704529,0.9525073448742998,ok,True,True,-16.561402313419514,2.9139035652941807,1.0,0.0,0.9804841750435145
494,1767152633310,18.43883902556901,15.325010936411514,14.672008743201753,14.672008743201753,14.672008743201753,0.9417110085487366,0.9460295430789619,ok,True,True,-9.424011717723333,3.1138280891574954,1.0,0.0,0.9804841750435145
495,1767152633355,24.73852921619024,20.97312190427875,20.23481803438882,20.23481803438882,20.23481803438882,0.9594384431838989,0.9540748831419241,ok,True,True,-1.3542637865310905,3.765407311911492,1.0,0.0,0.9804841750435145
496,1767152633378,32.03312936033609,27.609126377913153,26.781068243501398,26.781068243501398,26.781068243501398,0.9507539868354797,0.9520823453580576,ok,True,True,7.696508787737551,4.424002982422937,1.0,0.0,0.9804841750435145
497,1767152633411,40.27856888054263,35.21079187949084,34.298613450875024,34.298613450875024,34.298613450875024,0.9552285075187683,0.953970042654484,ok,True,True,17.666726048413857,5.0677770010517875,1.0,0.0,0.9804841750435145
498,1767152633444,48.07402642475004,42.928732606646356,42.031280090280916,42.031280090280916,42.031280090280916,0.9598844051361084,0.9575186601434587,ok,True,True,27.47598736024064,5.145293818103681,1.0,0.0,0.9804841750435145
499,1767152633477,53.785459466810224,49.442768722744674,48.717815712052115,48.717815712052115,48.717815712052115,0.9348630309104919,0.9439252826036787,ok,True,True,35.39980883380281,4.34269074406555,1.0,0.0,0.9804841750435145
500,1767152633510,58.14072796261324,54.661544266665814,54.12988097537194,54.12988097537194,54.12988097537194,0.9482747316360474,0.9465349520230999,ok,True,True,41.21095099353335,3.4791836959474267,1.0,0.0,0.9804841750435145
501,1767152633544,60.824751422105926,58.35946855992988,58.04073305415671,58.04073305415671,58.04073305415671,0.9717332124710083,0.9616539082918449,ok,True,True,44.69476747236882,2.4652828621760463,1.0,0.0,0.9804841750435145
502,1767152633578,60.240959954125145,59.48836339644704,59.49307265516626,59.49307265516626,59.49307265516626,0.9599635004997253,0.9606396636165733,ok,True,True,44.64329472197874,0.7525965576781033,1.0,0.0,0.9804841750435145
503,1767152633612,58.838414401069095,59.09839399922028,59.3085252377276,59.3085252377276,59.3085252377276,0.9534015655517578,0.9562968047776841,ok,True,True,42.34653562808948,0.2599795981511832,1.0,0.0,0.9804841750435145
504,1767152633644,57.20057863272926,57.95970477932567,58.26777991302939,58.26777991302939,58.26777991302939,0.9598674774169922,0.958439208361269,ok,True,True,38.97923826687147,0.7591261465964081,1.0,0.0,0.9804841750435145
505,1767152633677,51.08020534571715,53.832005119160556,54.472077039650834,54.472077039650834,54.472077039650834,0.9429705739021301,0.9491580276857856,ok,True,True,31.983177069250043,2.751799773443409,1.0,0.0,0.9804841750435145
506,1767152633710,46.1800261143986,49.24081771630338,49.943643959531514,49.943643959531514,49.943643959531514,0.9499768614768982,0.9496493279604532,ok,True,True,24.30120376045051,3.060791601904782,1.0,0.0,0.9804841750435145
507,1767152633744,39.070708609308866,43.13875225210667,43.98862735712076,43.98862735712076,43.98862735712076,0.9511967301368713,0.950577769266304,ok,True,True,15.01196913747375,4.068043642797804,1.0,0.0,0.9804841750435145
508,1767152633781,31.19502399274633,35.97251529649047,36.92301240749826,36.92301240749826,36.92301240749826,0.9247866868972778,0.9351031198448883,ok,True,True,4.622924181901647,4.777491303744142,1.0,0.0,0.9804841750435145
509,1767152633811,22.387040908169357,27.8212306634978,28.854245993649723,28.854245993649723,28.854245993649723,0.9574320316314697,0.9485004669168372,ok,True,True,-6.668054591684047,5.434189755328443,1.0,0.0,0.9804841750435145
510,1767152633844,14.55560503650704,19.861855287303346,20.840657029243285,20.840657029243285,20.840657029243285,0.9495089054107666,0.9491055300131949,ok,True,True,-17.36647248463749,5.306250250796305,1.0,0.0,0.9804841750435145
511,1767152633877,7.091377998350945,12.199568913931905,13.099362643631096,13.099362643631096,13.099362643631096,0.9349309206008911,0.9406007643658125,ok,True,True,-27.201323532922434,5.108190915580961,1.0,0.0,0.9804841750435145
512,1767152633911,2.574603595229971,6.424589722710745,7.068342355252913,7.068342355252913,7.068342355252913,0.9742518663406372,0.9607914255507074,ok,True,True,-34.23761534516936,3.849986127480774,1.0,0.0,0.9804841750435145
513,1767152633944,0.25122551078448524,2.720571195554989,3.0784390398824697,3.0784390398824697,3.0784390398824697,0.9705310463905334,0.9666351980546031,ok,True,True,-38.14915287623019,2.469345684770504,1.0,0.0,0.9804841750435145
514,1767152633977,-0.5756725503297038,0.7428249480241735,0.861571438194438,0.861571438194438,0.861571438194438,0.9527276158332825,0.9582906487218107,ok,True,True,-39.44706594762002,1.3184974983538773,1.0,0.0,0.9804841750435145
515,1767152634010,-0.2507181359047081,0.14669909766684458,0.07973192717267263,0.07973192717267263,0.07973192717267263,0.9578621983528137,0.9580335785004125,ok,True,True,-38.7151069161257,0.3974172335715527,1.0,0.0,0.9804841750435145
516,1767152634044,0.5535584081387914,0.3908146839500127,0.21206740526894796,0.21206740526894796,0.21206740526894796,0.9514825940132141,0.9541029878080936,ok,True,True,-36.761378185761856,0.16274372418877875,1.0,0.0,0.9804841750435145
517,1767152634077,2.499635335913387,1.6561070751280371,1.3581828449327016,1.3581828449327016,1.3581828449327016,0.9504104852676392,0.9518874862838209,ok,True,True,-33.50503139100744,0.8435282607853498,1.0,0.0,0.9804841750435145
518,1767152634111,5.279794495619845,3.8303195274231214,3.4297673983489707,3.4297673983489707,3.4297673983489707,0.9571269154548645,0.9550311437864472,ok,True,True,-29.126949619049945,1.4494749681967232,1.0,0.0,0.9804841750435145
519,1767152634144,9.716267111009193,7.361888077574765,6.814679792733788,6.814679792733788,6.814679792733788,0.9338407516479492,0.9423169085033484,ok,True,True,-23.145898855784854,2.3543790334344283,1.0,0.0,0.9804841750435145
520,1767152634184,14.377724967061452,11.571390211266777,10.95440322083719,10.95440322083719,10.95440322083719,0.9447789192199707,0.9437941149333218,ok,True,True,-16.40215865253495,2.8063347557946745,1.0,0.0,0.9804841750435145
521,1767152634213,20.425158804595885,16.883651367264243,16.160889817254283,16.160889817254283,16.160889817254283,0.9420420527458191,0.9427428776208201,ok,True,True,-8.502290101381735,3.541507437331642,1.0,0.0,0.9804841750435145
522,1767152634244,28.566709467442212,23.893486227371024,22.998848670689057,22.998848670689057,22.998848670689057,0.948253333568573,0.9460491511894719,ok,True,True,1.2762033707946028,4.673223240071188,1.0,0.0,0.9804841750435145
523,1767152634277,37.27967183511631,31.925197592018193,30.933707699494978,30.933707699494978,30.933707699494978,0.9336060285568237,0.938583277609883,ok,True,True,12.11330423846321,5.354474243098117,1.0,0.0,0.9804841750435145
524,1767152634310,45.29957437034114,39.94982365901196,38.98863151683747,38.98863151683747,38.98863151683747,0.9546790719032288,0.9482407541858904,ok,True,True,22.619247139652735,5.349750711329179,1.0,0.0,0.9804841750435145
525,1767152634344,52.278835394284364,47.3472307001754,46.49850598413489,46.49850598413489,46.49850598413489,0.9455756545066833,0.9466416943783662,ok,True,True,31.895907876160514,4.931604694108962,1.0,0.0,0.9804841750435145
526,1767152634378,57.253804717483234,53.291175110560104,52.651729362099054,52.651729362099054,52.651729362099054,0.9564574360847473,0.9525311394021948,ok,True,True,38.88512494002686,3.96262960692313,1.0,0.0,0.9804841750435145
527,1767152634410,61.53006457630181,58.23450879000512,57.75609584932893,57.75609584932893,57.75609584932893,0.9598644971847534,0.95693115407173,ok,True,True,44.11423451905819,3.2955557862966884,1.0,0.0,0.9804841750435145
528,1767152634446,62.02451369599401,60.50851173359845,60.36543887278653,60.36543887278653,60.36543887278653,0.9557440280914307,0.9562188784835505,ok,True,True,45.67803767604139,1.5160019623955563,1.0,0.0,0.9804841750435145
529,1767152634477,60.61443338458438,60.57206472419001,60.718935997581035,60.718935997581035,60.718935997581035,0.9650526642799377,0.9615191499613829,ok,True,True,44.072717423859146,0.04236866039437359,1.0,0.0,0.9804841750435145
530,1767152634510,60.10055251966455,60.28915740147473,60.50108334862265,60.50108334862265,60.50108334862265,0.960826575756073,0.961103605438197,ok,True,True,41.75634195393534,0.18860488181018553,1.0,0.0,0.9804841750435145
531,1767152634544,56.181518370583944,57.82457398294026,58.27863204556398,58.27863204556398,58.27863204556398,0.9593515396118164,0.9600523659423685,ok,True,True,36.79343404984268,1.6430556123563136,1.0,0.0,0.9804841750435145
532,1767152634585,49.10096053811152,52.59040591604302,53.36212775971207,53.36212775971207,53.36212775971207,0.9455263614654541,0.95133676325622,ok,True,True,28.3584237439471,3.489445377931496,1.0,0.0,0.9804841750435145
533,1767152634781,40.95124290987967,45.60690811234501,46.577939618143084,46.577939618143084,46.577939618143084,0.9579780101776123,0.9553215114090554,ok,True,True,17.74493544379129,4.655665202465343,1.0,0.0,0.9804841750435145
534,1767152634805,30.81138927108258,36.729596807587555,37.89474980842492,37.89474980842492,37.89474980842492,0.9507341384887695,0.9525690876568839,ok,True,True,5.009676424450726,5.918207536504976,1.0,0.0,0.9804841750435145
535,1767152634829,20.93041291719786,27.25008647335374,28.456736059643937,28.456736059643937,28.456736059643937,0.9615903496742249,0.9579818448672885,ok,True,True,-8.17914514313905,6.31967355615588,1.0,0.0,0.9804841750435145
536,1767152634854,12.86679613938165,18.620112272970488,19.687514248142392,19.687514248142392,19.687514248142392,0.9499099850654602,0.9531387289861916,ok,True,True,-19.84597398175555,5.753316133588838,1.0,0.0,0.9804841750435145
537,1767152634877,3.1712346132960976,9.350785677165854,10.430599454396294,10.430599454396294,10.430599454396294,0.9669638872146606,0.9614338239232729,ok,True,True,-31.648465273284778,6.179551063869757,1.0,0.0,0.9804841750435145
538,1767152634910,1.523352500484828,4.654325771157239,5.181255825554857,5.181255825554857,5.181255825554857,0.962649405002594,0.9621631725708655,ok,True,True,-37.40787259833664,3.1309732706724107,1.0,0.0,0.9804841750435145
539,1767152634934,1.099756547064852,2.521584236701807,2.6792553372208237,2.6792553372208237,2.6792553372208237,0.9648065567016602,0.9637492030493422,ok,True,True,-39.13123622829003,1.4218276896369548,1.0,0.0,0.9804841750435145
540,1767152634960,2.211360424015104,2.335449949089785,2.228244286905668,2.228244286905668,2.228244286905668,0.9464898705482483,0.9533936035486859,ok,True,True,-37.95946576100079,0.12408952507468118,1.0,0.0,0.9804841750435145
541,1767152634983,2.9721928502899697,2.717495689809896,2.5216747967060567,2.5216747967060567,2.5216747967060567,0.945975661277771,0.9489428381861369,ok,True,True,-35.81912042156147,0.25469716048007385,1.0,0.0,0.9804841750435145
542,1767152635008,5.505486658691213,4.390290271138686,4.048486064957623,4.048486064957623,4.048486064957623,0.9413115978240967,0.9443640939689127,ok,True,True,-32.083160340363925,1.115196387552527,1.0,0.0,0.9804841750435145
543,1767152635031,9.788131808532544,7.628995193575,7.110031272787004,7.110031272787004,7.110031272787004,0.9519835114479065,0.9489357444563089,ok,True,True,-26.41082379041911,2.1591366149575437,1.0,0.0,0.9804841750435145
544,1767152635059,14.153182271320912,11.543507440222546,10.950449242990448,10.950449242990448,10.950449242990448,0.9479759931564331,0.9483598936763834,ok,True,True,-19.928628104645675,2.6096748310983653,1.0,0.0,0.9804841750435145
545,1767152635090,20.26196318030162,16.77458088426999,16.050431790342486,16.050431790342486,16.050431790342486,0.9478452801704407,0.9480511255728178,ok,True,True,-12.013593535657918,3.4873822960316296,1.0,0.0,0.9804841750435145
546,1767152635118,27.447323696662256,23.178226571705352,22.33802594819037,22.33802594819037,22.33802594819037,0.9322078227996826,0.9385451439089367,ok,True,True,-2.8301021306795118,4.269097124956904,1.0,0.0,0.9804841750435145
547,1767152635237,34.47813258305646,29.958170178516013,29.09718475319629,29.09718475319629,29.09718475319629,0.9271081686019897,0.9316829587247686,ok,True,True,6.580569596933602,4.519962404540443,1.0,0.0,0.9804841750435145
548,1767152635262,40.872619344451046,36.50683967807703,35.704355911223985,35.704355911223985,35.704355911223985,0.9548729062080383,0.9455969272147304,ok,True,True,15.351811332864314,4.365779666374017,1.0,0.0,0.9804841750435145
549,1767152635285,47.59559513231293,43.16009295061857,42.38509701456943,42.38509701456943,42.38509701456943,0.9663383960723877,0.9580418085293247,ok,True,True,23.822607852659498,4.4355021816943605,1.0,0.0,0.9804841750435145
550,1767152635313,55.30523919293739,50.44718069600986,49.636025765229064,49.636025765229064,49.636025765229064,0.9616405367851257,0.9602010454828054,ok,True,True,32.68862642780338,4.8580584969275336,1.0,0.0,0.9804841750435145
551,1767152635338,59.52400269586797,55.89327389592472,55.31653363770345,55.31653363770345,55.31653363770345,0.9417727589607239,0.9491440735695564,ok,True,True,38.99246512542563,3.630728799943249,1.0,0.0,0.9804841750435145
552,1767152635367,63.524649025437334,60.47209897363229,60.04176518687378,60.04176518687378,60.04176518687378,0.9590921998023987,0.9551129493092618,ok,True,True,43.69606391048192,3.052550051805042,1.0,0.0,0.9804841750435145
553,1767152635391,64.2620955388665,62.74609691277282,62.6068348677965,62.6068348677965,62.6068348677965,0.9425892233848572,0.947598713754619,ok,True,True,45.21821440321712,1.5159986260936833,1.0,0.0,0.9804841750435145
554,1767152635420,63.70067270514364,63.318842388195314,63.407599193791945,63.407599193791945,63.407599193791945,0.9502770304679871,0.9492057037826398,ok,True,True,44.24809210323593,0.38183031694832437,1.0,0.0,0.9804841750435145
555,1767152635448,61.841765632402364,62.43259633471954,62.70602522859956,62.70602522859956,62.70602522859956,0.9501715302467346,0.9497851996610966,ok,True,True,41.259482208714594,0.5908307023171773,1.0,0.0,0.9804841750435145
556,1767152635478,50.11617583203521,55.042744033108946,56.05150930796121,56.05150930796121,56.05150930796121,0.9374624490737915,0.9423915493087136,ok,True,True,30.233559385079296,4.926568201073735,1.0,0.0,0.9804841750435145
557,1767152635517,43.120644098024115,47.889484072058046,48.9128935882836,48.9128935882836,48.9128935882836,0.9501476287841797,0.9470451969939933,ok,True,True,19.047573284864367,4.768839974033931,1.0,0.0,0.9804841750435145
558,1767152635546,32.69206150773308,38.77103053346306,39.973788361733284,39.973788361733284,39.973788361733284,0.951248824596405,0.9495673735554403,ok,True,True,5.901289089095599,6.078969025729982,1.0,0.0,0.9804841750435145
559,1767152635578,22.190959023540117,28.822987627509296,30.089442374522854,30.089442374522854,30.089442374522854,0.9497199058532715,0.949658892934139,ok,True,True,-7.941209902796352,6.632028603969179,1.0,0.0,0.9804841750435145
560,1767152635610,13.765719823445503,19.78862694507102,20.9087208468257,20.9087208468257,20.9087208468257,0.9517370462417603,0.9509057849187117,ok,True,True,-20.18396768188465,6.022907121625517,1.0,0.0,0.9804841750435145
561,1767152635644,7.476892099100597,12.401586037488766,13.275948038431512,13.275948038431512,13.275948038431512,0.9527647495269775,0.9520211636836713,ok,True,True,-29.740846950677806,4.9246939383881685,1.0,0.0,0.9804841750435145
562,1767152635677,5.435679507690046,8.222042119609535,8.675448057460494,8.675448057460494,8.675448057460494,0.9660238027572632,0.9604227471278264,ok,True,True,-34.69662705448323,2.786362611919489,1.0,0.0,0.9804841750435145
563,1767152635710,4.677272457483227,6.09518032233375,6.254075856381169,6.254075856381169,6.254075856381169,0.9575371742248535,0.9586914033860426,ok,True,True,-36.43337388657828,1.4179078648505232,1.0,0.0,0.9804841750435145
564,1767152635743,4.697503082505794,5.256573978436977,5.232361649374137,5.232361649374137,5.232361649374137,0.9628709554672241,0.9611991346347516,ok,True,True,-36.168730288823156,0.5590708959311828,1.0,0.0,0.9804841750435145
565,1767152635777,5.2312984689322235,5.241408672734124,5.105843578038652,5.105843578038652,5.105843578038652,0.9508901238441467,0.9550137281603888,ok,True,True,-34.68698789646137,0.010110203801900752,1.0,0.0,0.9804841750435145
566,1767152635811,6.255514092056298,5.849871924327429,5.637790609995854,5.637790609995854,5.637790609995854,0.9395638704299927,0.9457438135221511,ok,True,True,-32.36891424498923,0.4056421677288693,1.0,0.0,0.9804841750435145
567,1767152635846,7.6491052946052065,6.9294119464940955,6.664839479791801,6.664839479791801,6.664839479791801,0.9392996430397034,0.9418773112326824,ok,True,True,-29.47710613874217,0.719693348111111,1.0,0.0,0.9804841750435145
568,1767152635877,10.21339448958222,8.89980147234697,8.540704296690619,8.540704296690619,8.540704296690619,0.9427973628044128,0.9424293421757206,ok,True,True,-25.55213187200584,1.3135930172352488,1.0,0.0,0.9804841750435145
569,1767152635910,13.732477228237967,11.799406925881566,11.340655487543831,11.340655487543831,11.340655487543831,0.9570848345756531,0.9512226376156802,ok,True,True,-20.537924820633712,1.9330703023564002,1.0,0.0,0.9804841750435145
570,1767152635944,18.2880806377943,15.692611153029208,15.130499601758,15.130499601758,15.130499601758,0.9535149335861206,0.9525980151979444,ok,True,True,-14.3939796065224,2.5954694847650934,1.0,0.0,0.9804841750435145
571,1767152635977,23.223335864713068,20.211045980039522,19.590475830732554,19.590475830732554,19.590475830732554,0.9526156187057495,0.9526085773026274,ok,True,True,-7.611075056291401,3.012289884673546,1.0,0.0,0.9804841750435145
572,1767152636010,28.994598681342833,25.481177600821507,24.795422778511583,24.795422778511583,24.795422778511583,0.9389692544937134,0.944424983617279,ok,True,True,-0.11569438130504217,3.5134210805213257,1.0,0.0,0.9804841750435145
573,1767152636043,37.38959539596336,32.62622827790662,31.751829882992322,31.751829882992322,31.751829882992322,0.9347431063652039,0.9386158572660339,ok,True,True,9.441582677867672,4.763367118056742,1.0,0.0,0.9804841750435145
574,1767152636077,44.482147920032965,39.73978006318242,38.883398425221905,38.883398425221905,38.883398425221905,0.9629691243171692,0.953227817496715,ok,True,True,18.801934469431774,4.742367856850542,1.0,0.0,0.9804841750435145
575,1767152636110,50.5847849261304,46.24678298095121,45.494929366600644,45.494929366600644,45.494929366600644,0.9410752654075623,0.9459362862432233,ok,True,True,27.01978269751899,4.338001945179194,1.0,0.0,0.9804841750435145
576,1767152636144,55.40580034237486,51.7421933978054,51.145478121498186,51.145478121498186,51.145478121498186,0.9515942335128784,0.9493310546050164,ok,True,True,33.54195068670863,3.663606944569459,1.0,0.0,0.9804841750435145
577,1767152636177,59.46344875687997,56.374946613250145,55.916087685608034,55.916087685608034,55.916087685608034,0.960141658782959,0.955817417111782,ok,True,True,38.557332608790524,3.0885021436298246,1.0,0.0,0.9804841750435145
578,1767152636210,62.96983562886672,60.33188002262009,59.982490849098845,59.982490849098845,59.982490849098845,0.9537410140037537,0.954571575246965,ok,True,True,42.3761972730437,2.637955606246628,1.0,0.0,0.9804841750435145
579,1767152636243,63.1063866004324,61.99658396930748,61.92944678283117,61.92944678283117,61.92944678283117,0.9530978798866272,0.9536873580307623,ok,True,True,43.11001459917263,1.1098026311249214,1.0,0.0,0.9804841750435145
580,1767152636277,62.36748026349307,62.21912174581884,62.3471706136632,62.3471706136632,62.3471706136632,0.9537973999977112,0.9537533832109317,ok,True,True,41.71042544825487,0.14835851767423236,1.0,0.0,0.9804841750435145
581,1767152636310,59.88507912116423,60.818696171026076,61.144455373103064,61.144455373103064,61.144455373103064,0.9626109004020691,0.9590678935256142,ok,True,True,38.149839144651274,0.9336170498618444,1.0,0.0,0.9804841750435145
582,1767152636346,54.351589369252835,56.938432089962134,57.54977673055276,57.54977673055276,57.54977673055276,0.944381058216095,0.9502557923399026,ok,True,True,31.467770487220093,2.586842720709299,1.0,0.0,0.9804841750435145
583,1767152636377,45.59603923697157,50.132996378167796,51.077823326558516,51.077823326558516,51.077823326558516,0.9561170339584351,0.9537725373110221,ok,True,True,21.140701074394958,4.5369571411962255,1.0,0.0,0.9804841750435145
584,1767152636415,35.43869645273595,41.31641642290869,42.48449979264181,42.48449979264181,42.48449979264181,0.9423937797546387,0.946945282777192,ok,True,True,8.37341277917137,5.877719970172741,1.0,0.0,0.9804841750435145
585,1767152636445,25.070018352390992,31.568577580598067,32.81801520928951,32.81801520928951,32.81801520928951,0.9626103043556213,0.9563442957242496,ok,True,True,-5.283087112654652,6.498559228207075,1.0,0.0,0.9804841750435145
586,1767152636477,15.983967625813486,22.21781160772732,23.381207928243022,23.381207928243022,23.381207928243022,0.9545831680297852,0.9552876191075709,ok,True,True,-17.999145409948845,6.233843981913834,1.0,0.0,0.9804841750435145
587,1767152636510,9.452108023711675,14.558389457317933,15.476111779038472,15.476111779038472,15.476111779038472,0.9713038802146912,0.9648973757718431,ok,True,True,-28.029958072785575,5.106281433606258,1.0,0.0,0.9804841750435145
588,1767152636543,5.7868820086144925,9.295484988095868,9.881005054315537,9.881005054315537,9.881005054315537,0.9704558253288269,0.9682324455060334,ok,True,True,-34.4297611020615,3.508602979481376,1.0,0.0,0.9804841750435145
589,1767152636577,4.877003900887851,6.644396335771058,6.877536520407723,6.877536520407723,6.877536520407723,0.9673429131507874,0.9676987260928858,ok,True,True,-36.97801067703663,1.7673924348832069,1.0,0.0,0.9804841750435145
590,1767152636610,4.845422285973359,5.5650119058924385,5.573931964426707,5.573931964426707,5.573931964426707,0.9697020649909973,0.9689007294317526,ok,True,True,-37.07550796350454,0.7195896199190797,1.0,0.0,0.9804841750435145
591,1767152636643,3.891697746912294,4.561023410504352,4.536141689346816,4.536141689346816,4.536141689346816,0.9705631136894226,0.9698981599863545,ok,True,True,-36.803547831607275,0.6693256635920579,1.0,0.0,0.9804841750435145
592,1767152636677,4.0455482018069295,4.2517382852858985,4.146562478860901,4.146562478860901,4.146562478860901,0.9651951193809509,0.9670763356231123,ok,True,True,-35.653963925950464,0.20619008347896894,1.0,0.0,0.9804841750435145
593,1767152636712,5.042349029090763,4.726104731568817,4.528783760472977,4.528783760472977,4.528783760472977,0.9419378638267517,0.951993252545296,ok,True,True,-33.497222558037954,0.31624429752194594,1.0,0.0,0.9804841750435145
594,1767152636744,7.227710571123765,6.227068235301786,5.912912013434358,5.912912013434358,5.912912013434358,0.9525501132011414,0.9523273689388032,ok,True,True,-30.06345818962986,1.0006423358219791,1.0,0.0,0.9804841750435145
595,1767152636777,10.394498814890781,8.727526583055184,8.301555117120733,8.301555117120733,8.301555117120733,0.9515666365623474,0.9518709295129297,ok,True,True,-25.407540083059544,1.6669722318355973,1.0,0.0,0.9804841750435145
596,1767152636810,14.267537028728308,12.051532850459058,11.538489880113783,11.538489880113783,11.538489880113783,0.9637116193771362,0.9589753434314536,ok,True,True,-19.799920216223764,2.21600417826925,1.0,0.0,0.9804841750435145
597,1767152636844,18.533641343679026,15.94079794639104,15.375812279583556,15.375812279583556,15.375812279583556,0.9454472661018372,0.9508584970336837,ok,True,True,-13.624560582049444,2.592843397287986,1.0,0.0,0.9804841750435145
598,1767152636887,24.729184046790607,21.21382960663078,20.511583256760016,20.511583256760016,20.511583256760016,0.9561862349510193,0.9540551397840851,ok,True,True,-5.9489255756911685,3.5153544401598253,1.0,0.0,0.9804841750435145
599,1767152636916,30.938824966714794,27.048826822681185,26.297097350540838,26.297097350540838,26.297097350540838,0.9408090710639954,0.9461074985520312,ok,True,True,2.26756576347141,3.8899981440336084,1.0,0.0,0.9804841750435145
600,1767152636944,38.67919428909229,34.02704730252785,33.172771267800556,33.172771267800556,33.172771267800556,0.9353299140930176,0.939640947876623,ok,True,True,11.604903064622777,4.652146986564439,1.0,0.0,0.9804841750435145
601,1767152636977,45.52086982087209,40.923340813534395,40.101500386024014,40.101500386024014,40.101500386024014,0.9427845478057861,0.941527107834121,ok,True,True,20.587715372867628,4.597529007337698,1.0,0.0,0.9804841750435145
602,1767152637010,51.824077381525655,47.463782754329145,46.718695636892676,46.718695636892676,46.718695636892676,0.9495219588279724,0.9463240184304318,ok,True,True,28.731604995696415,4.3602946271965095,1.0,0.0,0.9804841750435145
603,1767152637044,57.48191076194933,53.47465955890125,52.827538464608295,52.827538464608295,52.827538464608295,0.9555460810661316,0.9518572560118517,ok,True,True,35.80471449013798,4.007251203048078,1.0,0.0,0.9804841750435145
604,1767152637077,62.098711812198935,58.64909091087986,58.13256959021417,58.13256959021417,58.13256959021417,0.9461876153945923,0.9484554716414961,ok,True,True,41.450353134128946,3.449620901319072,1.0,0.0,0.9804841750435145
605,1767152637110,64.33154635499513,62.05856417734903,61.7746022191743,61.7746022191743,61.7746022191743,0.9556009769439697,0.9527427748229803,ok,True,True,44.55409065735154,2.2729821776460994,1.0,0.0,0.9804841750435145
606,1767152637144,63.161147224073034,62.72011400538343,62.780339559249036,62.780339559249036,62.780339559249036,0.9492461681365967,0.95064481081115,ok,True,True,43.89581828667532,0.4410332186896042,1.0,0.0,0.9804841750435145
607,1767152637177,63.00591740838141,62.89159604718221,63.04248091545618,63.04248091545618,63.04248091545618,0.9471114873886108,0.9485248167576266,ok,True,True,42.24662897146344,0.11432136119919534,1.0,0.0,0.9804841750435145
608,1767152637210,59.12606860060872,60.632279579238116,61.05843993445985,61.05843993445985,61.05843993445985,0.9476152658462524,0.9479790862108021,ok,True,True,37.58864628281869,1.5062109786293973,1.0,0.0,0.9804841750435145
609,1767152637244,53.17606361403525,56.15855000011639,56.84524684051366,56.84524684051366,56.84524684051366,0.9244322776794434,0.9338510010919869,ok,True,True,30.082969239600377,2.982486386081142,1.0,0.0,0.9804841750435145
610,1767152637277,46.16633595848843,50.163221575139616,51.02089339968955,51.02089339968955,51.02089339968955,0.9394565224647522,0.9372143139156461,ok,True,True,20.708515557222217,3.996885616651184,1.0,0.0,0.9804841750435145
611,1767152637310,36.8731224822125,42.18916211938335,43.25187992016617,43.25187992016617,43.25187992016617,0.9059094190597534,0.9184313770021104,ok,True,True,9.092885294324002,5.316039637170846,1.0,0.0,0.9804841750435145
612,1767152637343,27.346963704007685,33.28384307015795,34.43016722002486,34.43016722002486,34.43016722002486,0.9695549607276917,0.9491055272374591,ok,True,True,-3.436572174513806,5.936879366150265,1.0,0.0,0.9804841750435145
613,1767152637377,18.388503851152063,24.346639538754417,25.459240950712598,25.459240950712598,25.459240950712598,0.9606168866157532,0.9560123428644356,ok,True,True,-15.597436160950275,5.958135687602354,1.0,0.0,0.9804841750435145
614,1767152637411,11.554213646972826,16.67118400368546,17.59396158749882,17.59396158749882,17.59396158749882,0.9575907588005066,0.9569593924260782,ok,True,True,-25.683503431650934,5.116970356712635,1.0,0.0,0.9804841750435145
615,1767152637445,6.733583302284201,10.708623582844705,11.381523240134662,11.381523240134662,11.381523240134662,0.9303038716316223,0.9409660799494047,ok,True,True,-33.038375644531456,3.9750402805605045,1.0,0.0,0.9804841750435145
616,1767152637477,5.016767633643194,7.2935100133237984,7.626848638080832,7.626848638080832,7.626848638080832,0.9550980925559998,0.9494452875133617,ok,True,True,-36.68180592740478,2.2767423796806048,1.0,0.0,0.9804841750435145
617,1767152637510,4.24106684744407,5.462044113795962,5.5671860070970185,5.5671860070970185,5.5671860070970185,0.97423255443573,0.9643176476667827,ok,True,True,-37.83101915863752,1.220977266351892,1.0,0.0,0.9804841750435145
618,1767152637544,3.926164524827163,4.540516360414682,4.514359802493169,4.514359802493169,4.514359802493169,0.970635175704956,0.9681081644896867,ok,True,True,-37.54512491131939,0.6143518355875193,1.0,0.0,0.9804841750435145
619,1767152637577,4.880222409414168,4.744339989814374,4.578996859230971,4.578996859230971,4.578996859230971,0.9596149325370789,0.9630122253181219,ok,True,True,-35.73790509251879,0.13588241959979452,1.0,0.0,0.9804841750435145
620,1767152637610,5.596145147073596,5.255423084169907,5.046976962970797,5.046976962970797,5.046976962970797,0.9559971690177917,0.9588031915379238,ok,True,True,-33.4595645285416,0.3407220629036889,1.0,0.0,0.9804841750435145
621,1767152637644,7.059727415396602,6.338005682905925,6.06944190438637,6.06944190438637,6.06944190438637,0.9546279311180115,0.9562980352859765,ok,True,True,-30.524130915787467,0.7217217324906775,1.0,0.0,0.9804841750435145
622,1767152637677,9.951551578956318,8.50613322053616,8.120626606480505,8.120626606480505,8.120626606480505,0.9597415924072266,0.9583641695587265,ok,True,True,-26.310498388437516,1.4454183584201576,1.0,0.0,0.9804841750435145
623,1767152637710,13.956721062472491,11.776485925697958,11.270587975005217,11.270587975005217,11.270587975005217,0.9549866318702698,0.9563376469456524,ok,True,True,-20.780974424807475,2.1802351367745327,1.0,0.0,0.9804841750435145
624,1767152637744,19.2684555769206,16.271667716431544,15.636205569505723,15.636205569505723,15.636205569505723,0.9624876379966736,0.9600276415762651,ok,True,True,-13.835298593160896,2.996787860489057,1.0,0.0,0.9804841750435145
625,1767152637779,24.97472751066537,21.49350359297184,20.788321403705243,20.788321403705243,20.788321403705243,0.9453487992286682,0.951220336167707,ok,True,True,-6.127574517711952,3.48122391769353,1.0,0.0,0.9804841750435145
626,1767152637810,33.500234746028084,28.697542284805586,27.79202675563798,27.79202675563798,27.79202675563798,0.9631116986274719,0.9583551536435659,ok,True,True,3.7698164701642964,4.802692461222499,1.0,0.0,0.9804841750435145
627,1767152637843,42.71437061727971,37.10763928429006,36.08198185553114,36.08198185553114,36.08198185553114,0.9613677263259888,0.9601626972530197,ok,True,True,14.980372518141149,5.6067313329896535,1.0,0.0,0.9804841750435145
628,1767152637877,50.3047459476575,45.02590328231052,44.08343461716756,44.08343461716756,44.08343461716756,0.9708433151245117,0.9665710679759149,ok,True,True,25.281665618345002,5.278842665346978,1.0,0.0,0.9804841750435145
629,1767152637910,56.33687462768196,51.81248608953339,51.04392768968831,51.04392768968831,51.04392768968831,0.9577303528785706,0.9612666389175083,ok,True,True,33.682099112043,4.524388538148571,1.0,0.0,0.9804841750435145
630,1767152637943,61.38740418587278,57.557436947337024,56.95579223827932,56.95579223827932,56.95579223827932,0.9525566697120667,0.9560406573942434,ok,True,True,40.2581463796199,3.829967238535758,1.0,0.0,0.9804841750435145
631,1767152637977,63.52032702827343,61.13517099589887,60.81849448006384,60.81849448006384,60.81849448006384,0.9590498208999634,0.9578461554976754,ok,True,True,43.71945785682758,2.38515603237456,1.0,0.0,0.9804841750435145
632,1767152638010,62.36794579776206,61.87483587701678,61.91958712536128,61.91958712536128,61.91958712536128,0.9624301195144653,0.9605965339077494,ok,True,True,43.230321461267074,0.49310992074528315,1.0,0.0,0.9804841750435145
633,1767152638043,62.02293892575078,61.96369770625718,62.11960069719082,62.11960069719082,62.11960069719082,0.9554543495178223,0.9575112232737931,ok,True,True,41.52628347655358,0.05924121949360028,1.0,0.0,0.9804841750435145
634,1767152638077,59.39049206539233,60.419774321738274,60.763972448250584,60.763972448250584,60.763972448250584,0.9662629961967468,0.9627622870275653,ok,True,True,37.76415756523056,1.0292822563459438,1.0,0.0,0.9804841750435145
635,1767152638110,54.49337041717378,56.863931978999574,57.43969216248255,57.43969216248255,57.43969216248255,0.9592906832695007,0.9606793247727266,ok,True,True,31.47103119950078,2.370561561825795,1.0,0.0,0.9804841750435145
636,1767152638144,48.57799313394148,51.89236867196472,52.62856440625999,52.62856440625999,52.62856440625999,0.9557005167007446,0.9576920399295374,ok,True,True,23.42432543772883,3.314375538023235,1.0,0.0,0.9804841750435145
637,1767152638211,32.965818647243005,40.53643865713169,41.97314072912852,41.97314072912852,41.97314072912852,0.9275355339050293,0.9395981363148326,ok,True,True,7.721003206782848,7.570620009888685,1.0,0.0,0.9804841750435145
638,1767152638243,23.0395877645436,30.038328121578836,31.399053333494116,31.399053333494116,31.399053333494116,0.9493339657783508,0.9454396339929435,ok,True,True,-7.151883028273131,6.998740357035235,1.0,0.0,0.9804841750435145
639,1767152638278,15.256849076351799,21.169440694442613,22.28452437358983,22.28452437358983,22.28452437358983,0.9441851377487183,0.9446869362464083,ok,True,True,-19.33987848635736,5.912591618090815,1.0,0.0,0.9804841750435145
640,1767152638313,8.837384389858322,13.77020691169204,14.648510734402194,14.648510734402194,14.648510734402194,0.9459694623947144,0.945456451935392,ok,True,True,-28.93984232960551,4.932822521833717,1.0,0.0,0.9804841750435145
641,1767152638343,6.667017649155967,9.508293354170396,9.974312111236788,9.974312111236788,9.974312111236788,0.9658511281013489,0.957693257634966,ok,True,True,-34.03348202743611,2.8412757050144295,1.0,0.0,0.9804841750435145
642,1767152638377,3.936860318340515,6.165433532672468,6.463916937136525,6.463916937136525,6.463916937136525,0.9645441174507141,0.9618037735244149,ok,True,True,-37.2959406625617,2.228573214331953,1.0,0.0,0.9804841750435145
643,1767152638410,3.534845614056829,4.587080781503085,4.657798850570023,4.657798850570023,4.657798850570023,0.958351731300354,0.9597325481899784,ok,True,True,-38.06889745559045,1.0522351674462556,1.0,0.0,0.9804841750435145
644,1767152638443,3.6667987162991973,4.034911542380752,3.962805334512648,3.962805334512648,3.962805334512648,0.9495074152946472,0.9535974684527797,ok,True,True,-37.280768142579404,0.3681128260815547,1.0,0.0,0.9804841750435145
645,1767152638477,4.477621476791761,4.300537503027357,4.124152025605872,4.124152025605872,4.124152025605872,0.9506902694702148,0.9518531490632408,ok,True,True,-35.35285417711882,0.17708397376440388,1.0,0.0,0.9804841750435145
646,1767152638510,5.772214805473131,5.183543884494821,4.933788820238486,4.933788820238486,4.933788820238486,0.9609216451644897,0.9572942467239902,ok,True,True,-32.62300201829454,0.5886709209783101,1.0,0.0,0.9804841750435145
647,1767152638543,8.73834053729755,7.316421876176458,6.929140261721031,6.929140261721031,6.929140261721031,0.9441341757774353,0.9493982041560572,ok,True,True,-28.389968528294805,1.4219186611210919,1.0,0.0,0.9804841750435145
648,1767152638577,12.703795924533626,10.548846305190757,10.039247219012402,10.039247219012402,10.039247219012402,0.9590651988983154,0.9551984010014122,ok,True,True,-22.81999071951218,2.1549496193428688,1.0,0.0,0.9804841750435145
649,1767152638610,16.855321335947433,14.332731323644762,13.768655800851539,13.768655800851539,13.768655800851539,0.9561910033226013,0.9557939623941256,ok,True,True,-16.654579066210914,2.522590012302672,1.0,0.0,0.9804841750435145
650,1767152638644,22.318728064698266,19.124329368276864,18.464643352658776,18.464643352658776,18.464643352658776,0.9679641127586365,0.963096052612832,ok,True,True,-9.444133507305477,3.194398696421402,1.0,0.0,0.9804841750435145
651,1767152638681,28.526524089556474,24.76564620104463,24.027279785408837,24.027279785408837,24.027279785408837,0.9568148851394653,0.959327352128812,ok,True,True,-1.3737019437717848,3.760877888511846,1.0,0.0,0.9804841750435145
652,1767152638711,37.17938655783824,32.213890415120794,31.295101835208847,31.295101835208847,31.295101835208847,0.9556440114974976,0.9571173477500233,ok,True,True,8.66876504621281,4.965496142717448,1.0,0.0,0.9804841750435145
653,1767152638744,44.752812992422975,39.7372439615021,38.82729655052563,38.82729655052563,38.82729655052563,0.9466575980186462,0.9508414979111971,ok,True,True,18.614597022301275,5.015569030920872,1.0,0.0,0.9804841750435145
654,1767152638777,52.565064254333784,47.43393613720111,46.542630373084364,46.542630373084364,46.542630373084364,0.9581376314163208,0.9552191780142714,ok,True,True,28.356673610783908,5.1311281171326755,1.0,0.0,0.9804841750435145
655,1767152638810,58.2400246979868,53.91758927367252,53.19998955537956,53.19998955537956,53.19998955537956,0.9506038427352905,0.9524499768468828,ok,True,True,36.20012273557594,4.322435424314278,1.0,0.0,0.9804841750435145
656,1767152638844,61.83682867021646,58.669132911598886,58.19341370271959,58.19341370271959,58.19341370271959,0.9398133754730225,0.9448680160225666,ok,True,True,41.3997895099821,3.167695758617576,1.0,0.0,0.9804841750435145
657,1767152638877,62.15493225934972,60.76061252024939,60.62811275467226,60.62811275467226,60.62811275467226,0.9580739736557007,0.9527915906024471,ok,True,True,42.848027495391705,1.3943197391003324,1.0,0.0,0.9804841750435145
658,1767152638913,61.87981874838942,61.43213625713341,61.501805889811116,61.501805889811116,61.501805889811116,0.9480670094490051,0.9499568419103819,ok,True,True,42.08653023512174,0.44768249125601045,1.0,0.0,0.9804841750435145
659,1767152638943,61.485516969895585,61.46416468479072,61.62493655074172,61.62493655074172,61.62493655074172,0.9544817209243774,0.9526717693187792,ok,True,True,40.32927487514987,0.021352285104867974,1.0,0.0,0.9804841750435145
660,1767152638977,58.316958546439096,59.57584100177975,59.954566675081416,59.954566675081416,59.954566675081416,0.9560850858688354,0.9547197592488129,ok,True,True,36.189758825923235,1.258882455340654,1.0,0.0,0.9804841750435145
661,1767152639044,47.060489353129356,52.06663001258951,53.081607822660374,53.081607822660374,53.081607822660374,0.9144569635391235,0.9305620818229993,ok,True,True,25.095932263363757,5.006140659460158,1.0,0.0,0.9804841750435145
662,1767152639110,28.777975815511695,38.09343749434282,39.85957540111406,39.85957540111406,39.85957540111406,0.9665991067886353,0.9521842968023808,ok,True,True,5.791837702011627,9.315461678831127,1.0,0.0,0.9804841750435145
663,1767152639149,20.22828953484502,27.37434871864414,28.78932675526375,28.78932675526375,28.78932675526375,0.949982762336731,0.9508633761229909,ok,True,True,-9.674038273141942,7.146059183799121,1.0,0.0,0.9804841750435145
664,1767152639180,12.428464014780461,18.406817896325933,19.529582816368908,19.529582816368908,19.529582816368908,0.9548299312591553,0.9532433092046895,ok,True,True,-21.945990595541108,5.9783538815454715,1.0,0.0,0.9804841750435145
665,1767152639217,7.621035302386393,11.935348339962209,12.701269722996608,12.701269722996608,12.701269722996608,0.9515933990478516,0.9522533631105867,ok,True,True,-30.31760118606831,4.314313037575816,1.0,0.0,0.9804841750435145
666,1767152639247,4.315655782541481,7.363532805509772,7.846470449731328,7.846470449731328,7.846470449731328,0.9676241874694824,0.9614758577259241,ok,True,True,-35.596166305783534,3.047877022968291,1.0,0.0,0.9804841750435145
667,1767152639282,2.8768847665543897,4.6715439821365425,4.893460756914747,4.893460756914747,4.893460756914747,0.957567572593689,0.959130886646583,ok,True,True,-38.021742694039844,1.7946592155821528,1.0,0.0,0.9804841750435145
668,1767152639318,3.4063696504902152,3.9124393831487465,3.8804786537391114,3.8804786537391114,3.8804786537391114,0.9625778794288635,0.9611990823159513,ok,True,True,-37.672408171289405,0.5060697326585313,1.0,0.0,0.9804841750435145
669,1767152639349,2.442811418413919,3.0306626043078504,2.9853581203001998,2.9853581203001998,2.9853581203001998,0.9578110575675964,0.9591662674669383,ok,True,True,-37.1772248450135,0.5878511858939315,1.0,0.0,0.9804841750435145
670,1767152639382,2.3722571136477137,2.6356193099117684,2.5363451946115663,2.5363451946115663,2.5363451946115663,0.9600335359573364,0.9596866285611771,ok,True,True,-36.09214711586089,0.26336219626405466,1.0,0.0,0.9804841750435145
671,1767152639414,3.505775585260196,3.157713075120825,2.9540939615038804,2.9540939615038804,2.9540939615038804,0.96540367603302,0.9631168570442828,ok,True,True,-33.866566311162536,0.3480625101393713,1.0,0.0,0.9804841750435145
672,1767152639446,4.760890458464289,4.119619505126903,3.8635485505063385,3.8635485505063385,3.8635485505063385,0.948954164981842,0.9546192418068185,ok,True,True,-31.0676807295445,0.6412709533373855,1.0,0.0,0.9804841750435145
673,1767152639480,7.566516066885234,6.187757442181902,5.8127824650345215,5.8127824650345215,5.8127824650345215,0.9613398313522339,0.9586515955340678,ok,True,True,-26.969160229394532,1.378758624703332,1.0,0.0,0.9804841750435145
674,1767152639520,11.656453018713297,9.468974788100738,8.960589309551937,8.960589309551937,8.960589309551937,0.9423105716705322,0.9488469812159464,ok,True,True,-21.41244729440883,2.187478230612559,1.0,0.0,0.9804841750435145
675,1767152639553,16.97736028246142,13.974006084717146,13.334817832181141,13.334817832181141,13.334817832181141,0.9438565969467163,0.9458527506544083,ok,True,True,-14.426044691218085,3.0033541977442724,1.0,0.0,0.9804841750435145
676,1767152639598,24.37863099490808,20.216781030831704,19.3950419518131,19.3950419518131,19.3950419518131,0.9356425404548645,0.939726624534682,ok,True,True,-5.44434013388071,4.161849964076374,1.0,0.0,0.9804841750435145
677,1767152639639,33.84029890851681,28.390891757442766,27.36664326676251,27.36664326676251,27.36664326676251,0.9634139537811279,0.9539390220825497,ok,True,True,5.750816055570175,5.449407151074041,1.0,0.0,0.9804841750435145
678,1767152639704,41.9924936388466,36.55185288628506,35.54811899723901,35.54811899723901,35.54811899723901,0.9553169012069702,0.954765749557202,ok,True,True,16.721745241955873,5.440640752561535,1.0,0.0,0.9804841750435145
679,1767152639737,47.347407893577255,43.02918589066038,42.256459427123524,42.256459427123524,42.256459427123524,0.9519069194793701,0.9530504515105028,ok,True,True,25.1677361608897,4.318222002916876,1.0,0.0,0.9804841750435145
680,1767152639775,52.81801028781907,48.90248052895559,48.25437140469773,48.25437140469773,48.25437140469773,0.9594260454177856,0.9568758078548725,ok,True,True,32.251644938784146,3.915529758863478,1.0,0.0,0.9804841750435145
681,1767152639809,58.09194456909292,54.416158953037986,53.84844704214817,53.84844704214817,53.84844704214817,0.9478574395179749,0.951464786852734,ok,True,True,38.45680274067845,3.675785616054931,1.0,0.0,0.9804841750435145
682,1767152639841,60.64092860655996,58.15102074515117,57.813893502895745,57.813893502895745,57.813893502895745,0.9332089424133301,0.9405112801890916,ok,True,True,42.14164305736925,2.4899078614087884,1.0,0.0,0.9804841750435145
683,1767152639874,62.065440480308126,60.499672586245346,60.35669835783194,60.35669835783194,60.35669835783194,0.9578323364257812,0.9509039139311054,ok,True,True,43.70436815066306,1.5657678940627804,1.0,0.0,0.9804841750435145
684,1767152639904,61.689202580918256,61.21339058304909,61.280367819184164,61.280367819184164,61.280367819184164,0.9606903195381165,0.9567757572953121,ok,True,True,42.97229910053259,0.4758119978691653,1.0,0.0,0.9804841750435145
685,1767152639950,61.28254402861803,61.254882650390456,61.41759307399062,61.41759307399062,61.41759307399062,0.9611818194389343,0.9594193945814855,ok,True,True,41.19385507798315,0.02766137822757031,1.0,0.0,0.9804841750435145
686,1767152639982,56.99073762415,58.69639563464618,59.15334860103987,59.15334860103987,59.15334860103987,0.9586905837059021,0.9589821080561355,ok,True,True,36.199305535993865,1.7056580104961796,1.0,0.0,0.9804841750435145
687,1767152640019,50.70026041418536,53.898714502369685,54.61983441696247,54.61983441696247,54.61983441696247,0.9335200786590576,0.9437048904178887,ok,True,True,28.317380252581465,3.1984540881843273,1.0,0.0,0.9804841750435145
688,1767152640054,43.95036984877214,47.92970771021116,48.781715339931196,48.781715339931196,48.781715339931196,0.9420098066329956,0.9426878401469528,ok,True,True,19.00483688433622,3.9793378614390207,1.0,0.0,0.9804841750435145
689,1767152640095,34.656426460741145,39.96573896052915,41.020360365645054,41.020360365645054,41.020360365645054,0.9135957956314087,0.9252326134376264,ok,True,True,7.477701176116341,5.309312499788007,1.0,0.0,0.9804841750435145
690,1767152640129,25.542943696313436,31.31206180199972,32.42338866824187,32.42338866824187,32.42338866824187,0.9498026371002197,0.9399746276351825,ok,True,True,-4.669231876087453,5.769118105686285,1.0,0.0,0.9804841750435145
691,1767152640161,16.79184774993913,22.599933370763367,23.678923284082924,23.678923284082924,23.678923284082924,0.9471734166145325,0.9442939010227924,ok,True,True,-16.46271823839774,5.808085620824237,1.0,0.0,0.9804841750435145
692,1767152640201,10.050951766389645,15.070544408139135,15.970049735990521,15.970049735990521,15.970049735990521,0.9408912658691406,0.9422523199306013,ok,True,True,-26.294417020644847,5.01959264174949,1.0,0.0,0.9804841750435145
693,1767152640239,5.247304801514,9.176600644164054,9.836972182154444,9.836972182154444,9.836972182154444,0.9572311639785767,0.9512396263593865,ok,True,True,-33.51235541951938,3.9292958426500544,1.0,0.0,0.9804841750435145
694,1767152640277,3.6547925300287014,5.863515775682842,6.18230582064294,6.18230582064294,6.18230582064294,0.9622842073440552,0.9578663749501877,ok,True,True,-36.99676801806768,2.2087232456541406,1.0,0.0,0.9804841750435145
695,1767152640309,3.077294395684202,4.191782947683658,4.2763021676852535,4.2763021676852535,4.2763021676852535,0.9683343768119812,0.9641471760672637,ok,True,True,-37.92057301025273,1.1144885519994556,1.0,0.0,0.9804841750435145
696,1767152640343,1.5993495330625025,2.6363228989109646,2.6782824587132685,2.6782824587132685,2.6782824587132685,0.9669428467750549,0.9658245784919385,ok,True,True,-38.37919592246753,1.0369733658484621,1.0,0.0,0.9804841750435145
697,1767152640376,2.2181135445837166,2.385397286314616,2.275306352616688,2.275306352616688,2.275306352616688,0.9623879790306091,0.9637626188151409,ok,True,True,-37.17588909897177,0.16728374173089922,1.0,0.0,0.9804841750435145
698,1767152640407,3.153555805747967,2.846292397974626,2.644264468185627,2.644264468185627,2.644264468185627,0.9592816829681396,0.9610740573069402,ok,True,True,-34.96770012022392,0.3072634077733407,1.0,0.0,0.9804841750435145
699,1767152640440,5.9349563901717195,4.699490793292882,4.340027087504118,4.340027087504118,4.340027087504118,0.9635072350502014,0.9625339639528969,ok,True,True,-31.03871963613132,1.2354655968788375,1.0,0.0,0.9804841750435145
700,1767152640470,9.47259727888368,7.5633546846473605,7.088140049778978,7.088140049778978,7.088140049778978,0.9565223455429077,0.9589269929069033,ok,True,True,-25.84456791487171,1.9092425942363187,1.0,0.0,0.9804841750435145
701,1767152640507,13.027675587004298,10.841947226061523,10.32685102866407,10.32685102866407,10.32685102866407,0.967551052570343,0.9641014287049671,ok,True,True,-20.21450603542796,2.1857283609427753,1.0,0.0,0.9804841750435145
702,1767152640555,17.672443177412937,14.94024479687237,14.350158267770349,14.350158267770349,14.350158267770349,0.9553925395011902,0.9588760951827009,ok,True,True,-13.7647910310147,2.7321983805405665,1.0,0.0,0.9804841750435145
703,1767152640598,22.34601641913212,19.38370777022822,18.77072348856489,18.77072348856489,18.77072348856489,0.9531946182250977,0.9554672090081389,ok,True,True,-7.064800904261751,2.9623086489038997,1.0,0.0,0.9804841750435145
704,1767152640629,29.703239543461464,25.575426834168166,24.78969584552068,24.78969584552068,24.78969584552068,0.945112943649292,0.9492546497928308,ok,True,True,1.523331000094907,4.127812709293298,1.0,0.0,0.9804841750435145
705,1767152640670,37.28344208796142,32.60023598644412,31.734196859084022,31.734196859084022,31.734196859084022,0.9078272581100464,0.9243982147831602,ok,True,True,10.989240284015636,4.6832061015173,1.0,0.0,0.9804841750435145
706,1767152640701,43.325094104821794,39.035150857470725,38.2612000043976,38.2612000043976,38.2612000043976,0.9600061774253845,0.9457629923684948,ok,True,True,19.44861392425196,4.289943247351069,1.0,0.0,0.9804841750435145
707,1767152640732,55.54982285159092,48.94395405394284,47.82404335564626,47.82404335564626,47.82404335564626,0.9578611850738525,0.9530219079917095,ok,True,True,31.68936926804591,6.605868797648078,1.0,0.0,0.9804841750435145
708,1767152640763,60.172543658594286,55.68110781673371,54.92210037235838,54.92210037235838,54.92210037235838,0.9254724383354187,0.936492226197935,ok,True,True,39.98540969774112,4.491435841860579,1.0,0.0,0.9804841750435145
709,1767152640801,62.32927196941636,59.670006308343304,59.288863883939584,59.288863883939584,59.288863883939584,0.9546464085578918,0.9473847356139091,ok,True,True,44.15134112009716,2.659265661073057,1.0,0.0,0.9804841750435145
710,1767152640834,61.252916508165946,60.61975242823689,60.63546915649921,60.63546915649921,60.63546915649921,0.9483182430267334,0.9479448400616037,ok,True,True,43.979555435973786,0.6331640799290525,1.0,0.0,0.9804841750435145
711,1767152640871,60.158336242385246,60.3429027167259,60.53916832702518,60.53916832702518,60.53916832702518,0.9628451466560364,0.9568850240182634,ok,True,True,41.83434928540475,0.18456647434065587,1.0,0.0,0.9804841750435145
712,1767152641067,57.61049592491238,58.70345864163779,59.063968285278534,59.063968285278534,59.063968285278534,0.9363563060760498,0.9445677932529353,ok,True,True,37.893936577858604,1.0929627167254097,1.0,0.0,0.9804841750435145
713,1767152641094,52.29112320005092,54.85605737668567,55.46666067623665,55.46666067623665,55.46666067623665,0.9471307992935181,0.9461055968772849,ok,True,True,31.21997086498036,2.5649341766347504,1.0,0.0,0.9804841750435145
714,1767152641125,46.29903046715919,49.72184123096979,50.47914477921181,50.47914477921181,50.47914477921181,0.9506367444992065,0.9488242854504378,ok,True,True,22.942554219959014,3.4228107638105953,1.0,0.0,0.9804841750435145
715,1767152641153,38.043475634441364,42.714821873052735,43.66672117129785,43.66672117129785,43.66672117129785,0.9340723752975464,0.939973139358703,ok,True,True,12.538183193348893,4.67134623861137,1.0,0.0,0.9804841750435145
716,1767152641185,7.72176887192348,21.71899007237518,24.2151419769769,24.2151419769769,24.2151419769769,0.9672840237617493,0.9563596700005307,ok,True,True,-14.745050024844016,13.997221200451701,1.0,0.0,0.9804841750435145
717,1767152641216,0.6171239515335641,9.057870399870213,10.694664138246301,10.694664138246301,10.694664138246301,0.9752165079116821,0.9676737727472216,ok,True,True,-32.635397648266405,8.440746448336649,1.0,0.0,0.9804841750435145
718,1767152641249,0.051735455519334936,3.6541894332596865,4.318540809857273,4.318540809857273,4.318540809857273,0.9659415483474731,0.9666344381073726,ok,True,True,-39.89683615011574,3.6024539777403515,1.0,0.0,0.9804841750435145
719,1767152641278,-0.1648759156384942,1.3627502239207783,1.5442106236381359,1.5442106236381359,1.5442106236381359,0.9636066555976868,0.9648177686015611,ok,True,True,-41.880219611766535,1.5276261395592725,1.0,0.0,0.9804841750435145
720,1767152641308,1.1102799204785796,1.211268041855459,1.0926232166353314,1.0926232166353314,1.0926232166353314,0.9551767110824585,0.9590331340900995,ok,True,True,-40.58341775021117,0.10098812137687951,1.0,0.0,0.9804841750435145
721,1767152641342,2.3786366573338076,1.9116892111424684,1.6692972388911897,1.6692972388911897,1.6692972388911897,0.9627536535263062,0.9612654457518235,ok,True,True,-37.93404505099454,0.4669474461913392,1.0,0.0,0.9804841750435145
722,1767152641377,5.293588103589778,3.9408285466108546,3.5461883854035188,3.5461883854035188,3.5461883854035188,0.9443682432174683,0.9511271242312104,ok,True,True,-33.620581781537396,1.3527595569789237,1.0,0.0,0.9804841750435145
723,1767152641415,8.183027122438027,6.486147692107158,6.032953693432528,6.032953693432528,6.032953693432528,0.963852047920227,0.9587620784446205,ok,True,True,-28.667118197798406,1.6968794303308687,1.0,0.0,0.9804841750435145
724,1767152641520,13.34581940749414,10.601950721339348,9.985373632845787,9.985373632845787,9.985373632845787,0.9566949009895325,0.9575217719715676,ok,True,True,-21.92785827080759,2.7438686861547925,1.0,0.0,0.9804841750435145
725,1767152641556,19.350096494092643,15.850838184991325,15.114638511287346,15.114638511287346,15.114638511287346,0.9550131559371948,0.956016602350944,ok,True,True,-13.881109450836197,3.499258309101318,1.0,0.0,0.9804841750435145
726,1767152641588,26.334064586755613,22.140774026049897,21.304971669579476,21.304971669579476,21.304971669579476,0.9521997570991516,0.9537264951998685,ok,True,True,-4.745691620751801,4.193290560705716,1.0,0.0,0.9804841750435145
727,1767152641619,36.22977136448488,30.594172429110888,29.53978321686173,29.53978321686173,29.53978321686173,0.9480935335159302,0.9503467181895056,ok,True,True,6.778906192188808,5.635598935373995,1.0,0.0,0.9804841750435145
728,1767152641649,53.166005774890515,44.13727243657866,42.53331823650077,42.53331823650077,42.53331823650077,0.9404895901679993,0.9444324413766018,ok,True,True,24.310313808588546,9.028733338311852,1.0,0.0,0.9804841750435145
729,1767152641680,59.37138217101732,53.27773827724185,52.16903182009348,52.16903182009348,52.16903182009348,0.9620027542114258,0.9549746290774961,ok,True,True,36.42860548191602,6.0936438937754716,1.0,0.0,0.9804841750435145
730,1767152641712,63.02217662377596,59.12440128516232,58.48365973973057,58.48365973973057,58.48365973973057,0.9281467199325562,0.938877883590532,ok,True,True,43.431985758722156,3.8977753386136413,1.0,0.0,0.9804841750435145
731,1767152641745,63.718081387869034,61.88060934678635,61.66306428858386,61.66306428858386,61.66306428858386,0.9553394913673401,0.9487548482566168,ok,True,True,45.809778771824405,1.837472041082684,1.0,0.0,0.9804841750435145
732,1767152641779,62.563958714351465,62.290618967325415,62.39100199588497,62.39100199588497,62.39100199588497,0.9506523609161377,0.9498933558523294,ok,True,True,44.712580490626124,0.2733397470260499,1.0,0.0,0.9804841750435145
733,1767152641814,62.16057039660743,62.21258982489463,62.39884209806441,62.39884209806441,62.39884209806441,0.9460496306419373,0.9475871207260942,ok,True,True,42.676821289857244,0.052019428287195524,1.0,0.0,0.9804841750435145
734,1767152641847,57.67713054608046,59.49131425760613,59.974579839238196,59.974579839238196,59.974579839238196,0.9495579600334167,0.9487696243104877,ok,True,True,37.39467177576458,1.814183711525665,1.0,0.0,0.9804841750435145
735,1767152641888,52.80633744707452,55.48032817128716,56.121031559772085,56.121031559772085,56.121031559772085,0.9280599355697632,0.9363438110660529,ok,True,True,30.391708558864625,2.6739907242126435,1.0,0.0,0.9804841750435145
736,1767152641922,46.699447411853015,50.211799715626675,50.98437142693342,50.98437142693342,50.98437142693342,0.9261531233787537,0.9302293984536734,ok,True,True,21.947409099964702,3.5123523037736604,1.0,0.0,0.9804841750435145
737,1767152641956,39.31909700482743,43.67617808914713,44.573468257672076,44.573468257672076,44.573468257672076,0.9124464988708496,0.9195596587039792,ok,True,True,12.139922269084515,4.357081084319702,1.0,0.0,0.9804841750435145
738,1767152641989,31.284142194905403,36.24095655260209,37.21608126116432,37.21608126116432,37.21608126116432,0.9232696294784546,0.9217856411686645,ok,True,True,1.4816947824161222,4.95681435769669,1.0,0.0,0.9804841750435145
739,1767152642021,23.17522490958127,28.4015175667896,29.390791482100997,29.390791482100997,29.390791482100997,0.9406421780586243,0.9330995633026403,ok,True,True,-9.331185194302387,5.2262926572083295,1.0,0.0,0.9804841750435145
740,1767152642059,15.0916648735752,20.415605950860957,21.382580071490942,21.382580071490942,21.382580071490942,0.9268626570701599,0.9293574195631521,ok,True,True,-19.90032579847341,5.323941077285758,1.0,0.0,0.9804841750435145
741,1767152642092,7.922793466075286,12.919918459989557,13.790372175848116,13.790372175848116,13.790372175848116,0.9286928176879883,0.9289586584380538,ok,True,True,-29.41448705269444,4.99712499391427,1.0,0.0,0.9804841750435145
742,1767152642125,4.092360258854889,7.623383539308756,8.20223075722266,8.20223075722266,8.20223075722266,0.9641535878181458,0.9500756160661089,ok,True,True,-35.74135506698985,3.5310232804538675,1.0,0.0,0.9804841750435145
743,1767152642156,2.5952077971350573,4.606478094004537,4.87482163107547,4.87482163107547,4.87482163107547,0.9573011994361877,0.9544109660881562,ok,True,True,-38.6743814148672,2.0112702968694793,1.0,0.0,0.9804841750435145
744,1767152642196,0.46567013602370416,2.1219933192160374,2.2853496230851125,2.2853496230851125,2.2853496230851125,0.9707515835762024,0.964215336580984,ok,True,True,-40.45988498454402,1.6563231831923333,1.0,0.0,0.9804841750435145
745,1767152642233,0.6837873093849176,1.2590697133173656,1.2230897168316428,1.2230897168316428,1.2230897168316428,0.9700491428375244,0.9677156203349083,ok,True,True,-40.06661940102723,0.575282403932448,1.0,0.0,0.9804841750435145
746,1767152642264,-0.3760445589848541,0.27800114993603375,0.23442271203494047,0.23442271203494047,0.23442271203494047,0.9557986855506897,0.9605654594643771,ok,True,True,-39.59030196123192,0.6540457089208879,1.0,0.0,0.9804841750435145
747,1767152642306,-0.3088466988246658,-0.07410755932038597,-0.18695797260464553,-0.18695797260464553,-0.18695797260464553,0.9566006064414978,0.9581865476506495,ok,True,True,-38.356833702057536,0.23473913950427983,1.0,0.0,0.9804841750435145
748,1767152642339,1.0399037831486528,0.5942992461610372,0.3644103425827483,0.3644103425827483,0.3644103425827483,0.958755373954773,0.9585278434331236,ok,True,True,-35.84412101055894,0.4456045369876156,1.0,0.0,0.9804841750435145
749,1767152642369,4.701629670223466,3.058697500598494,2.624650045212068,2.624650045212068,2.624650045212068,0.9468041062355042,0.9514936011145518,ok,True,True,-31.09993139163405,1.6429321696249715,1.0,0.0,0.9804841750435145
750,1767152642401,8.739679666737965,6.467286800282177,5.922725580905389,5.922725580905389,5.922725580905389,0.954655647277832,0.95339082881252,ok,True,True,-25.147813364501793,2.272392866455788,1.0,0.0,0.9804841750435145
751,1767152642461,14.776682088245135,11.452923973059951,10.742163227951036,10.742163227951036,10.742163227951036,0.953125,0.953231331525008,ok,True,True,-17.37911501910312,3.323758115185184,1.0,0.0,0.9804841750435145
752,1767152642493,23.464045818461695,18.659597080300998,17.711306801147092,17.711306801147092,17.711306801147092,0.9596669673919678,0.9570927130451838,ok,True,True,-7.014190994645787,4.804448738160698,1.0,0.0,0.9804841750435145
753,1767152642527,32.38103863735771,26.892462014535024,25.841692075011235,25.841692075011235,25.841692075011235,0.9527455568313599,0.9544844193168894,ok,True,True,4.470847742717538,5.488576622822688,1.0,0.0,0.9804841750435145
754,1767152642560,42.51801286049107,36.26779252210865,35.120805523711745,35.120805523711745,35.120805523711745,0.9463649392127991,0.9496127312544352,ok,True,True,17.007550223767463,6.2502203383824195,1.0,0.0,0.9804841750435145
755,1767152642596,49.970854424735315,44.489629663684646,43.50728067098479,43.50728067098479,43.50728067098479,0.963495671749115,0.9579424955512431,ok,True,True,27.74473998376463,5.481224761050669,1.0,0.0,0.9804841750435145
756,1767152642630,55.234449247368374,50.93652141389488,50.21058697118306,50.21058697118306,50.21058697118306,0.9520800709724426,0.9544250408039627,ok,True,True,35.67928862445944,4.297927833473494,1.0,0.0,0.9804841750435145
757,1767152642662,59.8705211174193,56.29692123600954,55.750381959627084,55.750381959627084,55.750381959627084,0.9504138231277466,0.952018310198233,ok,True,True,41.653027046770774,3.5735998814097627,1.0,0.0,0.9804841750435145
758,1767152642695,62.48255918531889,60.00830400559515,59.68805080985689,59.68805080985689,59.68805080985689,0.9460042119026184,0.9484098512208643,ok,True,True,45.153432055011926,2.474255179723741,1.0,0.0,0.9804841750435145
759,1767152642748,61.56064615463848,60.939709295021146,60.96799659667089,60.96799659667089,60.96799659667089,0.9537470936775208,0.9516121966948582,ok,True,True,44.84424852872067,0.6209368596173377,1.0,0.0,0.9804841750435145
760,1767152642782,61.18373581686008,61.08612520812451,61.23977146618918,61.23977146618918,61.23977146618918,0.9408602118492126,0.9451610057874709,ok,True,True,43.164876899072176,0.0976106087355717,1.0,0.0,0.9804841750435145
761,1767152642815,58.66172403031091,59.63148450143635,59.97156216107264,59.97156216107264,59.97156216107264,0.943379819393158,0.9440922939508831,ok,True,True,39.447788174203616,0.96976047112544,1.0,0.0,0.9804841750435145
762,1767152642854,46.494721532895944,51.7494267203121,52.8138238157893,52.8138238157893,52.8138238157893,0.9284037947654724,0.9346791944396367,ok,True,True,27.81380302324581,5.254705187416157,1.0,0.0,0.9804841750435145
763,1767152642898,37.95504136534413,43.47279550733132,44.61878729886296,44.61878729886296,44.61878729886296,0.939653217792511,0.9376636084513612,ok,True,True,15.287978270011786,5.51775414198719,1.0,0.0,0.9804841750435145
764,1767152642939,29.293224546555216,34.96505293086565,36.09934598002049,36.09934598002049,36.09934598002049,0.9471947550773621,0.9433822964269617,ok,True,True,2.890022143698097,5.671828384310437,1.0,0.0,0.9804841750435145
765,1767152642973,20.61547036322437,26.355303390280888,27.453552374246733,27.453552374246733,27.453552374246733,0.9501475095748901,0.9474414243157188,ok,True,True,-9.113968120654249,5.739833027056516,1.0,0.0,0.9804841750435145
766,1767152643013,13.633490849043737,18.722215865538598,19.662782969191245,19.662782969191245,19.662782969191245,0.9256418943405151,0.9343617063305967,ok,True,True,-19.394476930637886,5.088725016494861,1.0,0.0,0.9804841750435145
767,1767152643054,4.180880738001931,9.997414789016599,11.00398011726639,11.00398011726639,11.00398011726639,0.9499829411506653,0.9437344472226379,ok,True,True,-30.396354079764293,5.816534051014668,1.0,0.0,0.9804841750435145
768,1767152643085,2.091557191459585,5.25390023048239,5.782565010265154,5.782565010265154,5.782565010265154,0.9687324166297913,0.9587332288669299,ok,True,True,-36.174722156830164,3.1623430390228053,1.0,0.0,0.9804841750435145
769,1767152643119,0.7075582937864348,2.5260950684648167,2.7549602654626977,2.7549602654626977,2.7549602654626977,0.9711495041847229,0.9661829940576057,ok,True,True,-38.67624561528217,1.8185367746783818,1.0,0.0,0.9804841750435145
770,1767152643148,1.2112088994619072,1.7371633670630713,1.706872131026243,1.706872131026243,1.706872131026243,0.9676162004470825,0.9670429178912918,ok,True,True,-38.34515885099649,0.525954467601164,1.0,0.0,0.9804841750435145
771,1767152643185,0.745806819219727,1.1423494383570647,1.0627016147415747,1.0627016147415747,1.0627016147415747,0.9644433856010437,0.965483198517143,ok,True,True,-37.474598792925974,0.3965426191373377,1.0,0.0,0.9804841750435145
772,1767152643215,1.4957940212282337,1.354416188079766,1.182445477302833,1.182445477302833,1.182445477302833,0.9595086574554443,0.9618984738801238,ok,True,True,-35.59493874492337,0.14137783314846764,1.0,0.0,0.9804841750435145
773,1767152643249,2.28220784295067,1.9110911810023083,1.697348897225273,1.697348897225273,1.697348897225273,0.9625028967857361,0.9622611276234913,ok,True,True,-33.25871050251257,0.37111666194836146,1.0,0.0,0.9804841750435145
774,1767152643281,4.413849029277438,3.412745889967386,3.097567117337623,3.097567117337623,3.097567117337623,0.9469152092933655,0.9530535766254158,ok,True,True,-29.81376953428505,1.001103139310052,1.0,0.0,0.9804841750435145
775,1767152643315,7.602080586101044,5.92634670764758,5.4997232298305985,5.4997232298305985,5.4997232298305985,0.9503599405288696,0.9514373949674881,ok,True,True,-25.150724861330957,1.6757338784534639,1.0,0.0,0.9804841750435145
776,1767152643349,12.433809037868812,9.83082410578032,9.253879482679487,9.253879482679487,9.253879482679487,0.9370161294937134,0.9427846356832232,ok,True,True,-18.844652431594742,2.602984932088493,1.0,0.0,0.9804841750435145
777,1767152643392,19.600996475729062,15.692927527749564,14.904182450200713,14.904182450200713,14.904182450200713,0.9375662207603455,0.9396535867294966,ok,True,True,-10.223576181870046,3.9080689479794977,1.0,0.0,0.9804841750435145
778,1767152643444,27.38756863746918,22.709712193581332,21.800531259101742,21.800531259101742,21.800531259101742,0.9488615989685059,0.9451783940729022,ok,True,True,-0.28612188383160486,4.677856443887848,1.0,0.0,0.9804841750435145
779,1767152643478,38.2910019294618,32.05848603510961,30.912568227878598,30.912568227878598,30.912568227878598,0.9673320055007935,0.9584705609296369,ok,True,True,12.23889421231517,6.23251589435219,1.0,0.0,0.9804841750435145
780,1767152643514,49.102196215492164,42.28471214333914,41.061039431328055,41.061039431328055,41.061039431328055,0.9418553113937378,0.9485014112080974,ok,True,True,25.613780541544436,6.817484072153022,1.0,0.0,0.9804841750435145
781,1767152643549,58.98523011589906,52.30502292687508,51.14541116666661,51.14541116666661,51.14541116666661,0.9681652784347534,0.960299731544091,ok,True,True,38.28847315059661,6.6802071890239745,1.0,0.0,0.9804841750435145
782,1767152643581,63.4029951504792,58.96380626103755,58.2336646389395,58.2336646389395,58.2336646389395,0.9468777775764465,0.9522465591635043,ok,True,True,46.26900675565747,4.4391888894416525,1.0,0.0,0.9804841750435145
783,1767152643615,63.02245824327202,61.39899745037823,61.21785663126491,61.21785663126491,61.21785663126491,0.9628454446792603,0.9586058904729579,ok,True,True,48.24889716380624,1.6234607928937876,1.0,0.0,0.9804841750435145
784,1767152643663,62.250918528810494,61.91015009743759,62.01238190370479,62.01238190370479,62.01238190370479,0.9581448435783386,0.9583292623361863,ok,True,True,47.131491525325934,0.3407684313729078,1.0,0.0,0.9804841750435145
785,1767152643698,58.50774713400988,59.86870831938096,60.283295202832456,60.283295202832456,60.283295202832456,0.9588369131088257,0.95863385279977,ok,True,True,42.600008241172254,1.3609611853710746,1.0,0.0,0.9804841750435145
786,1767152643734,54.75833987893953,56.802487255116105,57.34944880305265,57.34944880305265,57.34944880305265,0.9614976048469543,0.9603521040280806,ok,True,True,36.621654341224954,2.044147376176575,1.0,0.0,0.9804841750435145
787,1767152643770,49.686757826584596,52.5330495979972,53.20683092270177,53.20683092270177,53.20683092270177,0.9520289301872253,0.9553581997235674,ok,True,True,29.257145400047026,2.846291771412602,1.0,0.0,0.9804841750435145
788,1767152643813,43.61438054797121,47.181848167981606,47.9631176044871,47.9631176044871,47.9631176044871,0.930694580078125,0.940560027936302,ok,True,True,20.7177787841252,3.5674676200103974,1.0,0.0,0.9804841750435145
789,1767152643847,27.32488818391914,35.26767217754413,36.761639654327354,36.761639654327354,36.761639654327354,0.8993644118309021,0.9158426582730621,ok,True,True,4.388538959285501,7.942783993624989,1.0,0.0,0.9804841750435145
790,1767152643878,19.266145147585643,25.666755959569038,26.921342254228666,26.921342254228666,26.921342254228666,0.9468318819999695,0.9344361925092065,ok,True,True,-9.324236455722204,6.400610811983395,1.0,0.0,0.9804841750435145
791,1767152643913,11.734536334496426,17.30742418452547,18.34571079318888,18.34571079318888,18.34571079318888,0.9535263776779175,0.945890303610433,ok,True,True,-20.672830921975365,5.572887850029044,1.0,0.0,0.9804841750435145
792,1767152643943,6.229553372389555,10.66070169724392,11.441490533965538,11.441490533965538,11.441490533965538,0.955115556716919,0.9514254554743247,ok,True,True,-29.20694452586535,4.431148324854366,1.0,0.0,0.9804841750435145
793,1767152643982,3.25601932361795,6.217892273068339,6.692223192676935,6.692223192676935,6.692223192676935,0.9497048854827881,0.9503931134794028,ok,True,True,-34.391437135639485,2.9618729494503886,1.0,0.0,0.9804841750435145
794,1767152644015,2.298202680859138,3.8660785177428183,4.053550862714138,4.053550862714138,4.053550862714138,0.966153085231781,0.9598490965308297,ok,True,True,-36.4405318643636,1.5678758368836805,1.0,0.0,0.9804841750435145
795,1767152644046,1.8887681649549592,2.679692306070103,2.697457160688188,2.697457160688188,2.697457160688188,0.9610320329666138,0.9605588583923002,ok,True,True,-36.63470380988462,0.7909241411151435,1.0,0.0,0.9804841750435145
796,1767152644078,2.068751759615963,2.3131279781976186,2.219732663631197,2.219732663631197,2.219732663631197,0.961705207824707,0.9612466680517443,ok,True,True,-35.613882062576444,0.2443762185816558,1.0,0.0,0.9804841750435145
797,1767152644109,3.552168086732403,3.056552043318489,2.8306664121366545,2.8306664121366545,2.8306664121366545,0.9681989550590515,0.9654180402561285,ok,True,True,-33.14492560811898,0.49561604341391385,1.0,0.0,0.9804841750435145
798,1767152644140,4.191042029206447,3.737246034851264,3.512759758765303,3.512759758765303,3.512759758765303,0.9498286843299866,0.9560644267004433,ok,True,True,-30.69126426906111,0.4537959943551835,1.0,0.0,0.9804841750435145
799,1767152644178,7.090268762376695,5.749059671366523,5.385296248131917,5.385296248131917,5.385296248131917,0.9583612680435181,0.9574425315062882,ok,True,True,-26.71528736875242,1.341209091010172,1.0,0.0,0.9804841750435145
800,1767152644206,10.824853636216023,8.794536050276223,8.3146565139852,8.3146565139852,8.3146565139852,0.9431105256080627,0.9488433279673529,ok,True,True,-21.470147727559272,2.0303175859398,1.0,0.0,0.9804841750435145
801,1767152644240,15.248164850667395,12.666713330510927,12.101122422142783,12.101122422142783,12.101122422142783,0.9588084816932678,0.9548224202029019,ok,True,True,-15.288172732107306,2.5814515201564685,1.0,0.0,0.9804841750435145
802,1767152644273,21.045037799428002,17.693708011861172,17.012664421961304,17.012664421961304,17.012664421961304,0.9652910232543945,0.9611035820337974,ok,True,True,-7.844286380183442,3.3513297875668293,1.0,0.0,0.9804841750435145
803,1767152644310,28.578255866780378,24.224436724812698,23.39037438434727,23.39037438434727,23.39037438434727,0.9675110578536987,0.9649480675257383,ok,True,True,1.2721128707912417,4.35381914196768,1.0,0.0,0.9804841750435145
804,1767152644342,38.23050546384034,32.62807796822928,31.601823686107053,31.601823686107053,31.601823686107053,0.9633887410163879,0.964012471620128,ok,True,True,12.489192596064346,5.60242749561106,1.0,0.0,0.9804841750435145
805,1767152644377,46.19650372858601,40.76913342444332,39.792465474212605,39.792465474212605,39.792465474212605,0.9626085758209229,0.9631701341406049,ok,True,True,23.16428789525473,5.427370304142691,1.0,0.0,0.9804841750435145
806,1767152644412,52.79875671002771,47.98690739579395,47.15853134810537,47.15853134810537,47.15853134810537,0.9661852121353149,0.9649791809374308,ok,True,True,32.21853529894331,4.811849314233761,1.0,0.0,0.9804841750435145
807,1767152644445,57.98823962650563,53.98770673422095,53.345386896456404,53.345386896456404,53.345386896456404,0.947502613067627,0.9544932402155485,ok,True,True,39.2391664961453,4.0005328922846815,1.0,0.0,0.9804841750435145
808,1767152644477,60.84887874138,58.10440993851638,57.71925059012584,57.71925059012584,57.71925059012584,0.9592118263244629,0.9573243918808971,ok,True,True,43.44900336902706,2.744468802863615,1.0,0.0,0.9804841750435145
809,1767152644516,60.912771882964066,59.78942710518499,59.720021720513614,59.720021720513614,59.720021720513614,0.9419746398925781,0.9481145406879057,ok,True,True,44.20761236758069,1.1233447777790744,1.0,0.0,0.9804841750435145
810,1767152644559,61.34942578526224,60.72542631323134,60.77767847363991,60.77767847363991,60.77767847363991,0.9653802514076233,0.9584739671197362,ok,True,True,43.63649012299564,0.6239994720309028,1.0,0.0,0.9804841750435145
811,1767152644593,60.17592883988357,60.39572782922268,60.60069301243126,60.60069301243126,60.60069301243126,0.9561400413513184,0.9570736116586854,ok,True,True,41.3961966197116,0.21979898933911102,1.0,0.0,0.9804841750435145
812,1767152644628,55.48254452871757,57.44781784891961,57.95370156444001,57.95370156444001,57.95370156444001,0.9374055862426758,0.9452727964090797,ok,True,True,35.866828248185705,1.9652733202020443,1.0,0.0,0.9804841750435145
813,1767152644669,51.71715393041207,54.00941949781509,54.58305885694584,54.58305885694584,54.58305885694584,0.955426037311554,0.9513647409505643,ok,True,True,29.596882741485395,2.292265567403021,1.0,0.0,0.9804841750435145
814,1767152644718,45.75279209687655,49.05544305725196,49.78246705528906,49.78246705528906,49.78246705528906,0.9430108070373535,0.9463523806026378,ok,True,True,21.650425133235785,3.3026509603754164,1.0,0.0,0.9804841750435145
815,1767152644760,38.480485871612096,42.71046874586804,43.58029319461255,43.58029319461255,43.58029319461255,0.9231966137886047,0.932458920514218,ok,True,True,12.143141842410147,4.2299828742559455,1.0,0.0,0.9804841750435145
816,1767152644794,29.70208432879398,34.9054380956236,35.91878249440627,35.91878249440627,35.91878249440627,0.9470608234405518,0.9412200622700183,ok,True,True,1.0671686568966496,5.203353766829622,1.0,0.0,0.9804841750435145
817,1767152644825,13.8664648876559,22.282054170842983,23.807970380428223,23.807970380428223,23.807970380428223,0.960272490978241,0.952651519494952,ok,True,True,-15.611274566364527,8.415589283187083,1.0,0.0,0.9804841750435145
818,1767152644864,6.617923899456315,12.883576008010982,14.044731032761467,14.044731032761467,14.044731032761467,0.9613493084907532,0.9578701928924327,ok,True,True,-28.302835237949097,6.265652108554667,1.0,0.0,0.9804841750435145
819,1767152644894,2.577948545162679,6.700199530302,7.414603646547724,7.414603646547724,7.414603646547724,0.9719855189323425,0.9663393885163786,ok,True,True,-36.1113560573898,4.1222509851393205,1.0,0.0,0.9804841750435145
820,1767152644927,0.3382804190847224,2.8830480635716333,3.2544567102086135,3.2544567102086135,3.2544567102086135,0.9629532098770142,0.96430768133276,ok,True,True,-40.1708961465844,2.544767644486911,1.0,0.0,0.9804841750435145
821,1767152644956,-0.8064568536766387,0.6693451132226701,0.8084158049261505,0.8084158049261505,0.8084158049261505,0.9441403150558472,0.9522072615666123,ok,True,True,-41.69095512559388,1.4758019668993088,1.0,0.0,0.9804841750435145
822,1767152644988,-0.559965079253943,-0.06824100226329777,-0.12549973755957372,-0.12549973755957372,-0.12549973755957372,0.9475442171096802,0.9494094348924531,ok,True,True,-41.06511043000981,0.49172407699064524,1.0,0.0,0.9804841750435145
823,1767152645026,-0.2002795094279879,-0.14746410656211184,-0.29778370968251555,-0.29778370968251555,-0.29778370968251555,0.96053546667099,0.9560850539595752,ok,True,True,-39.422099529255135,0.05281540286587605,1.0,0.0,0.9804841750435145
824,1767152645057,0.29107754314428214,0.11566088326172455,-0.0771407944154574,-0.0771407944154574,-0.0771407944154574,0.961821973323822,0.9595272055781233,ok,True,True,-37.31475456870686,0.17541665988255759,1.0,0.0,0.9804841750435145
825,1767152645086,0.494734417483683,0.3431050037948996,0.15738404071011947,0.15738404071011947,0.15738404071011947,0.9616163969039917,0.9607807203736444,ok,True,True,-35.28480264951149,0.1516294136887834,1.0,0.0,0.9804841750435145
826,1767152645118,2.8450330268171538,1.8442618176082521,1.5247284770881246,1.5247284770881246,1.5247284770881246,0.9601427912712097,0.9603979629121835,ok,True,True,-31.79226574327305,1.0007712092089016,1.0,0.0,0.9804841750435145
827,1767152645151,6.758250871203763,4.792655249765558,4.309659709409138,4.309659709409138,4.309659709409138,0.9626717567443848,0.9617622392115042,ok,True,True,-26.51306781201015,1.9655956214382044,1.0,0.0,0.9804841750435145
828,1767152645199,11.226948803212867,8.653231381833944,8.069826731799193,8.069826731799193,8.069826731799193,0.9543948769569397,0.9573418218587655,ok,True,True,-20.13638652986036,2.573717421378923,1.0,0.0,0.9804841750435145
829,1767152645232,17.186362179889166,13.773109860667077,13.061675328146201,13.061675328146201,13.061675328146201,0.9614624381065369,0.9598141916074283,ok,True,True,-12.360323608986088,3.4132523192220887,1.0,0.0,0.9804841750435145
830,1767152645268,23.209392825990125,19.434879639860906,18.677606230043057,18.677606230043057,18.677606230043057,0.95708167552948,0.9581746819606594,ok,True,True,-4.0832363804773895,3.7745131861292194,1.0,0.0,0.9804841750435145
831,1767152645301,30.779623741395152,26.241726100781456,25.3823314257598,25.3823314257598,25.3823314257598,0.9558069109916687,0.956754019379265,ok,True,True,5.310048259717632,4.537897640613696,1.0,0.0,0.9804841750435145
832,1767152645335,40.502847198797085,34.79839875959084,33.767259922652016,33.767259922652016,33.767259922652016,0.9579472541809082,0.9574699602602509,ok,True,True,16.580516742294577,5.704448439206246,1.0,0.0,0.9804841750435145
833,1767152645369,48.11960855175401,42.791124634888746,41.845686665410334,41.845686665410334,41.845686665410334,0.9624664783477783,0.9604678711127673,ok,True,True,26.91426468730599,5.328483916865267,1.0,0.0,0.9804841750435145
834,1767152645400,56.464235607937674,50.9949912187181,50.073997106385484,50.073997106385484,50.073997106385484,0.9725480079650879,0.9677159532241596,ok,True,True,36.980838405447784,5.4692443892195755,1.0,0.0,0.9804841750435145
835,1767152645443,60.17683691907492,56.50409863893219,55.924034779121584,55.924034779121584,55.924034779121584,0.960013747215271,0.9630946296188264,ok,True,True,43.321004458436136,3.672738280142731,1.0,0.0,0.9804841750435145
836,1767152645479,61.772607930443115,59.66520421383875,59.40882914680411,59.40882914680411,59.40882914680411,0.9472756385803223,0.9536032349957239,ok,True,True,46.12321402442488,2.1074037166043667,1.0,0.0,0.9804841750435145
837,1767152645513,60.65988907018196,60.26201512764467,60.338382305507906,60.338382305507906,60.338382305507906,0.9604673981666565,0.9577217328982834,ok,True,True,45.28851180938074,0.3978739425372879,1.0,0.0,0.9804841750435145
838,1767152645547,61.6409364476968,61.08936791967595,61.17403604200691,61.17403604200691,61.17403604200691,0.9611986875534058,0.9598079056913568,ok,True,True,44.363079297263376,0.5515685280208515,1.0,0.0,0.9804841750435145
839,1767152645580,59.1480521633108,59.92457846585686,60.2290660387216,60.2290660387216,60.2290660387216,0.9571865200996399,0.9582350743363266,ok,True,True,41.03499439698341,0.7765263025460598,1.0,0.0,0.9804841750435145
840,1767152645612,48.52008296981438,53.08188116823138,54.03221164923414,54.03221164923414,54.03221164923414,0.9456073045730591,0.950658412478366,ok,True,True,30.647770726918743,4.561798198416994,1.0,0.0,0.9804841750435145
841,1767152645646,39.939292103175525,45.19632772919787,46.296485139740106,46.296485139740106,46.296485139740106,0.940463125705719,0.9445412404147777,ok,True,True,18.622921136149802,5.257035626022343,1.0,0.0,0.9804841750435145
842,1767152645680,28.914170452204814,35.42703336300204,36.70941495045739,36.70941495045739,36.70941495045739,0.938524603843689,0.9409312584721246,ok,True,True,4.606339909358038,6.5128629107972245,1.0,0.0,0.9804841750435145
843,1767152645717,19.881144653598394,26.099500137359854,27.3007710684721,27.3007710684721,27.3007710684721,0.9530750513076782,0.9482175341734568,ok,True,True,-8.523692326000065,6.21835548376146,1.0,0.0,0.9804841750435145
844,1767152645751,12.408072464331578,17.88464353354289,18.903833648130174,18.903833648130174,18.903833648130174,0.942668080329895,0.9448878618673198,ok,True,True,-19.66355987119998,5.47657106921131,1.0,0.0,0.9804841750435145
845,1767152645787,7.1836687303431015,11.464058651623017,12.22123249761069,12.22123249761069,12.22123249761069,0.9538875818252563,0.9502876938420817,ok,True,True,-27.939558855361934,4.280389921279915,1.0,0.0,0.9804841750435145
846,1767152645824,4.136476815012057,7.067509549656441,7.53875688229225,7.53875688229225,7.53875688229225,0.9607940912246704,0.956591532271635,ok,True,True,-33.090347497692406,2.9310327346443836,1.0,0.0,0.9804841750435145
847,1767152645855,1.918740525606292,3.9782481352263517,4.252520539238642,4.252520539238642,4.252520539238642,0.972064733505249,0.9658754530118034,ok,True,True,-36.08817705693781,2.0595076096200597,1.0,0.0,0.9804841750435145
848,1767152645890,-0.4856462689792769,1.2999114927029747,1.4951858362266492,1.4951858362266492,1.4951858362266492,0.9731445908546448,0.9702369357175082,ok,True,True,-38.22254854533327,1.7855577616822516,1.0,0.0,0.9804841750435145
849,1767152645920,-1.471101853707841,-0.36269651514351475,-0.2975409907858555,-0.2975409907858555,-0.2975409907858555,0.9699801802635193,0.9700828824451149,ok,True,True,-38.934706071975185,1.1084053385643262,1.0,0.0,0.9804841750435145
850,1767152645958,-0.2496893626436173,-0.29489222364357626,-0.4400332517243386,-0.4400332517243386,-0.4400332517243386,0.9684151411056519,0.9690822376414371,ok,True,True,-37.34829760406283,0.04520286099995896,1.0,0.0,0.9804841750435145
851,1767152645986,-0.3143871313592554,-0.3065891682729837,-0.46042601257319826,-0.46042601257319826,-0.46042601257319826,0.9595144391059875,0.9633415585201673,ok,True,True,-35.66684284449631,0.007797963086271675,1.0,0.0,0.9804841750435145
852,1767152646021,0.5737545491414343,0.22161706217566707,0.012808431322367975,0.012808431322367975,0.012808431322367975,0.9678606986999512,0.9660530426280376,ok,True,True,-33.384540007461595,0.35213748696576724,1.0,0.0,0.9804841750435145
853,1767152646057,2.7101315408712128,1.7147257493929944,1.4005832820962976,1.4005832820962976,1.4005832820962976,0.9504892230033875,0.9567147508532474,ok,True,True,-29.950925978125564,0.9954057914782184,1.0,0.0,0.9804841750435145
854,1767152646090,7.611966005146162,5.253069902844896,4.7116839205923995,4.7116839205923995,4.7116839205923995,0.9552203416824341,0.9558181053507594,ok,True,True,-24.03351366534722,2.3588961023012667,1.0,0.0,0.9804841750435145
855,1767152646121,12.4408782619534,9.565754918309999,8.934599748071186,8.934599748071186,8.934599748071186,0.9596017599105835,0.9580882980866539,ok,True,True,-17.134913594274472,2.875123343643402,1.0,0.0,0.9804841750435145
856,1767152646160,19.760956349487046,15.682875777016227,14.865979471391686,14.865979471391686,14.865979471391686,0.9681278467178345,0.9641120272653623,ok,True,True,-8.20614111838997,4.078080572470819,1.0,0.0,0.9804841750435145
857,1767152646193,27.262270951072303,22.630512881449874,21.733412688639717,21.733412688639717,21.733412688639717,0.9579099416732788,0.9603907759101122,ok,True,True,1.5992692556355816,4.631758069622428,1.0,0.0,0.9804841750435145
858,1767152646227,36.80488435411792,31.1351357650507,30.091792949846685,30.091792949846685,30.091792949846685,0.9491340517997742,0.9536367414439093,ok,True,True,13.003128652677736,5.669748589067218,1.0,0.0,0.9804841750435145
859,1767152646261,46.56137914341065,40.390881792066665,39.289812005605974,39.289812005605974,39.289812005605974,0.9615278244018555,0.9583713912186771,ok,True,True,25.037950619294435,6.1704973513439825,1.0,0.0,0.9804841750435145
860,1767152646293,53.33558669020752,48.15770473095118,47.261137690377986,47.261137690377986,47.261137690377986,0.9537578225135803,0.9556032499956191,ok,True,True,34.837533576809435,5.177881959256339,1.0,0.0,0.9804841750435145
861,1767152646326,58.555478764922505,54.39636915133397,53.72963472983488,53.72963472983488,53.72963472983488,0.9426536560058594,0.9478334936017633,ok,True,True,42.12501903906103,4.159109613588534,1.0,0.0,0.9804841750435145
862,1767152646356,61.47760863465949,58.64511284132928,58.253228093168296,58.253228093168296,58.253228093168296,0.9554951190948486,0.9524304688976144,ok,True,True,46.40836532059865,2.83249579333021,1.0,0.0,0.9804841750435145
863,1767152646389,62.15674841773243,60.75209418717117,60.64585376066739,60.64585376066739,60.64585376066739,0.9549946784973145,0.9539689946574343,ok,True,True,47.569585648640015,1.4046542305612633,1.0,0.0,0.9804841750435145
864,1767152646442,61.95328695283927,61.47280984657203,61.5574852593571,61.5574852593571,61.5574852593571,0.9593852758407593,0.9572187633674294,ok,True,True,46.64407345100376,0.4804771062672444,1.0,0.0,0.9804841750435145
865,1767152646488,60.90271979115597,61.130755813322395,61.35190744853407,61.35190744853407,61.35190744853407,0.9481450319290161,0.9517745245043815,ok,True,True,44.22686012799182,0.22803602216642815,1.0,0.0,0.9804841750435145
866,1767152646521,57.94710593807197,59.22056588817214,59.622970590702685,59.622970590702685,59.622970590702685,0.9432278871536255,0.9466465420939278,ok,True,True,39.82852951077311,1.2734599501001682,1.0,0.0,0.9804841750435145
867,1767152646559,51.25856244410503,54.44336382173188,55.16961169343663,55.16961169343663,55.16961169343663,0.9458789229393005,0.9461859706011515,ok,True,True,31.890555054407468,3.1848013776268473,1.0,0.0,0.9804841750435145
868,1767152646598,44.227638610977756,48.3139286952794,49.19770643835764,49.19770643835764,49.19770643835764,0.9489004611968994,0.9478146649586002,ok,True,True,22.230760619220998,4.086290084301645,1.0,0.0,0.9804841750435145
869,1767152646631,35.712005299986856,40.752774658103874,41.77798623655916,41.77798623655916,41.77798623655916,0.948023796081543,0.9479401436323659,ok,True,True,11.02507776737941,5.040769358117018,1.0,0.0,0.9804841750435145
870,1767152646665,25.511482775468682,31.607999528522758,32.78405074241799,32.78405074241799,32.78405074241799,0.9328403472900391,0.9388802658269698,ok,True,True,-1.8292999994905745,6.096516753054075,1.0,0.0,0.9804841750435145
871,1767152646697,9.955339073811396,18.616403255695943,20.190797959140333,20.190797959140333,20.190797959140333,0.9461655020713806,0.9432514075736163,ok,True,True,-19.037618849146,8.661064181884546,1.0,0.0,0.9804841750435145
872,1767152646729,4.942937346984127,10.412323710468854,11.432839987655623,11.432839987655623,11.432839987655623,0.9566785097122192,0.9513076688567781,ok,True,True,-30.191981507171498,5.469386363484727,1.0,0.0,0.9804841750435145
873,1767152646763,2.0406530307138793,5.389321302615869,5.951496038951503,5.951496038951503,5.951496038951503,0.9627887606620789,0.9581963239399586,ok,True,True,-36.33661734145117,3.34866827190199,1.0,0.0,0.9804841750435145
874,1767152646795,1.4636031886284033,3.0338904342233897,3.2243339188915616,3.2243339188915616,3.2243339188915616,0.9626907706260681,0.9608929919516243,ok,True,True,-38.418186975698305,1.5702872455949863,1.0,0.0,0.9804841750435145
875,1767152646826,1.5602331597944352,2.149696069566017,2.1267086804279574,2.1267086804279574,2.1267086804279574,0.962502658367157,0.9618587918009439,ok,True,True,-38.166932115056674,0.5894629097715818,1.0,0.0,0.9804841750435145
876,1767152646857,1.3426102573854777,1.6654445822576935,1.5749354804155695,1.5749354804155695,1.5749354804155695,0.9721037149429321,0.9680057456861368,ok,True,True,-37.17765701149608,0.32283432487221586,1.0,0.0,0.9804841750435145
877,1767152646888,2.253476907016631,2.0182639771130564,1.830476869364273,1.830476869364273,1.830476869364273,0.9683220386505127,0.9681955214647623,ok,True,True,-35.12512188867972,0.23521292990357479,1.0,0.0,0.9804841750435145
878,1767152646920,3.4622050260851713,2.8846286064963254,2.6363055860218196,2.6363055860218196,2.6363055860218196,0.961929440498352,0.9644358728849161,ok,True,True,-32.41092213642824,0.577576419588846,1.0,0.0,0.9804841750435145
879,1767152646953,5.596668154709122,4.511852335424003,4.181953778975753,4.181953778975753,4.181953778975753,0.9615728855133057,0.9627180804619498,ok,True,True,-28.80509220383088,1.0848158192851187,1.0,0.0,0.9804841750435145
880,1767152646985,9.493046302699105,7.500568715789065,7.023028974593035,7.023028974593035,7.023028974593035,0.9537830948829651,0.9573570891145591,ok,True,True,-23.58552679757984,1.9924775869100397,1.0,0.0,0.9804841750435145
881,1767152647015,15.28702834112268,12.172444490989234,11.509993589829755,11.509993589829755,11.509993589829755,0.9709030985832214,0.9654846947957565,ok,True,True,-16.344860715272656,3.114583850133446,1.0,0.0,0.9804841750435145
882,1767152647048,22.289175259622688,18.242482952169304,17.4302877046994,17.4302877046994,17.4302877046994,0.94688880443573,0.9543271605797405,ok,True,True,-7.467471356645049,4.046692307453384,1.0,0.0,0.9804841750435145
883,1767152647081,31.540502146363252,26.221294468685674,25.212381292281684,25.212381292281684,25.212381292281684,0.955407977104187,0.9549756504944085,ok,True,True,3.5600680483054923,5.3192076776775785,1.0,0.0,0.9804841750435145
884,1767152647125,40.042238397324454,34.51386082586894,33.48900042091313,33.48900042091313,33.48900042091313,0.954900860786438,0.9549307766696261,ok,True,True,14.761912532590841,5.528377571455515,1.0,0.0,0.9804841750435145
885,1767152647157,47.9248370598819,42.56044656627672,41.60293260903922,41.60293260903922,41.60293260903922,0.9508569836616516,0.9524865008648413,ok,True,True,25.22765244081714,5.364390493605185,1.0,0.0,0.9804841750435145
886,1767152647349,54.08987864736998,49.478105814932675,48.69303835435208,48.69303835435208,48.69303835435208,0.9609787464141846,0.9575818481944472,ok,True,True,33.80853190554363,4.611772832437303,1.0,0.0,0.9804841750435145
887,1767152647376,58.93322821385241,55.151179254284514,54.55618436508895,54.55618436508895,54.55618436508895,0.9575811624526978,0.9575814367493976,ok,True,True,40.31189586173108,3.782048959567895,1.0,0.0,0.9804841750435145
888,1767152647408,60.75482932437167,58.51336929633681,58.22169099242628,58.22169099242628,58.22169099242628,0.9608229398727417,0.9595263386234041,ok,True,True,43.499973949289505,2.241460028034858,1.0,0.0,0.9804841750435145
889,1767152647440,60.232419411857094,59.544799365648984,59.55896118600483,59.55896118600483,59.55896118600483,0.9508779644966125,0.9543373141473293,ok,True,True,43.3451835910383,0.6876200462081101,1.0,0.0,0.9804841750435145
890,1767152647468,43.75187408274817,50.06904419590849,51.28943296425089,51.28943296425089,51.28943296425089,0.9443780779838562,0.9483617724492455,ok,True,True,30.00619115144891,6.317170113160323,1.0,0.0,0.9804841750435145
891,1767152647501,36.24935828780219,41.77723265104471,42.95048448461294,42.95048448461294,42.95048448461294,0.9241105914115906,0.9338110638266525,ok,True,True,17.18241094003512,5.527874363242525,1.0,0.0,0.9804841750435145
892,1767152647535,27.081632160032726,32.959872356437515,34.13881081211121,34.13881081211121,34.13881081211121,0.9391462802886963,0.9370121937038788,ok,True,True,4.2964752817348035,5.878240196404789,1.0,0.0,0.9804841750435145
893,1767152647569,11.119513839137054,19.85565724605724,21.46573235710293,21.46573235710293,21.46573235710293,0.9529685974121094,0.9465860359288172,ok,True,True,-13.30183460977661,8.736143406920187,1.0,0.0,0.9804841750435145
894,1767152647601,5.660555548956526,11.338596227796812,12.419363741666125,12.419363741666125,12.419363741666125,0.9451037645339966,0.9456966730919248,ok,True,True,-25.114750354681114,5.6780406788402855,1.0,0.0,0.9804841750435145
895,1767152647634,2.9268406167521626,6.291542861170022,6.882014644313847,6.882014644313847,6.882014644313847,0.9673099517822266,0.9586646403061059,ok,True,True,-31.56867623097736,3.3647022444178596,1.0,0.0,0.9804841750435145
896,1767152647665,2.276885809208938,3.882748629993372,4.100043696360974,4.100043696360974,4.100043696360974,0.9646257758140564,0.9622413216108763,ok,True,True,-33.94373680399002,1.6058628207844339,1.0,0.0,0.9804841750435145
897,1767152647696,1.5760555776032787,2.498732798559316,2.551171399477855,2.551171399477855,2.551171399477855,0.9620802402496338,0.9621446727941307,ok,True,True,-34.516896865226165,0.9226772209560372,1.0,0.0,0.9804841750435145
898,1767152647730,2.4711515354554763,2.482184040697012,2.3614732547918913,2.3614732547918913,2.3614732547918913,0.9648264646530151,0.9637537479094613,ok,True,True,-33.197513810961986,0.011032505241535873,1.0,0.0,0.9804841750435145
899,1767152647850,2.3499229634097305,2.402827394324643,2.2747101776535814,2.2747101776535814,2.2747101776535814,0.9637249112129211,0.9637364458915372,ok,True,True,-31.797177599348274,0.05290443091491248,1.0,0.0,0.9804841750435145
900,1767152647877,3.213431559010783,2.8891898931363267,2.7023177452272504,2.7023177452272504,2.7023177452272504,0.9616562128067017,0.962488306040636,ok,True,True,-29.754643094942196,0.32424166587445624,1.0,0.0,0.9804841750435145
901,1767152647904,5.161991336219966,4.252870758986511,3.9691255068493403,3.9691255068493403,3.9691255068493403,0.9502834677696228,0.9551654030780281,ok,True,True,-26.653274194138625,0.9091205772334554,1.0,0.0,0.9804841750435145
902,1767152647934,8.40589159587556,6.74468326111994,6.335757397248291,6.335757397248291,6.335757397248291,0.962073564529419,0.9593102999488626,ok,True,True,-22.18366651826227,1.661208334755619,1.0,0.0,0.9804841750435145
903,1767152647962,19.03953341064961,14.121593350837742,13.170116282950772,13.170116282950772,13.170116282950772,0.9696259498596191,0.9654996898953165,ok,True,True,-11.783910519011663,4.917940059811869,1.0,0.0,0.9804841750435145
904,1767152648001,25.277755835754828,20.81529084178799,19.918201795242656,19.918201795242656,19.918201795242656,0.960826575756073,0.9626958214117705,ok,True,True,-1.9786219749685134,4.462464993966837,1.0,0.0,0.9804841750435145
905,1767152648041,34.00676476736728,28.730175197135566,27.739341699917947,27.739341699917947,27.739341699917947,0.9451742768287659,0.9521828946619677,ok,True,True,8.851304414987856,5.276589570231714,1.0,0.0,0.9804841750435145
906,1767152648087,41.91253094397758,36.63958864524078,35.679192891353786,35.679192891353786,35.679192891353786,0.9522455930709839,0.9522205137073774,ok,True,True,19.34854269874603,5.272942298736801,1.0,0.0,0.9804841750435145
907,1767152648118,49.44737550760306,44.32426076265815,43.43139659056959,43.43139659056959,43.43139659056959,0.942097544670105,0.946146732285014,ok,True,True,29.10765286922574,5.123114744944914,1.0,0.0,0.9804841750435145
908,1767152648150,56.11988967964162,51.40163811284823,50.62039484894505,50.62039484894505,50.62039484894505,0.9699703454971313,0.9604409002122845,ok,True,True,37.646733415533205,4.718251566793384,1.0,0.0,0.9804841750435145
909,1767152648181,61.64609180867556,57.54831033034463,56.91516452076987,56.91516452076987,56.91516452076987,0.957464873790741,0.9586552843593583,ok,True,True,44.56709140813136,4.09778147833093,1.0,0.0,0.9804841750435145
910,1767152648213,63.80152696875046,61.30024031338813,60.976636886922066,60.976636886922066,60.976636886922066,0.9197256565093994,0.935297507649383,ok,True,True,48.104114831346756,2.5012866553623283,1.0,0.0,0.9804841750435145
911,1767152648244,65.24115433789903,63.66478872809467,63.543731351120364,63.543731351120364,63.543731351120364,0.9594244360923767,0.9497736647151792,ok,True,True,49.427286166666505,1.5763656098043626,1.0,0.0,0.9804841750435145
912,1767152648278,63.51414864137023,63.57440467606,63.754861380813004,63.754861380813004,63.754861380813004,0.9480986595153809,0.9487686615953002,ok,True,True,47.4548732087506,0.06025603468977181,1.0,0.0,0.9804841750435145
913,1767152648311,60.645474749853385,61.81704672033603,62.20986147983099,62.20986147983099,62.20986147983099,0.9322330951690674,0.9388473217395605,ok,True,True,43.16136179420417,1.1715719704826455,1.0,0.0,0.9804841750435145
914,1767152648355,56.68346776460979,58.73689934690029,59.2850736066333,59.2850736066333,59.2850736066333,0.9401888847351074,0.9396522595368886,ok,True,True,37.169752812020704,2.0534315822905,1.0,0.0,0.9804841750435145
915,1767152648392,49.466847484187284,53.174868229272484,53.995085642426886,53.995085642426886,53.995085642426886,0.9428445100784302,0.9415676098618135,ok,True,True,28.20468024113284,3.7080207450852,1.0,0.0,0.9804841750435145
916,1767152648438,42.69053066483835,46.884265690612004,47.78280610956857,47.78280610956857,47.78280610956857,0.9462445974349976,0.944373802405724,ok,True,True,18.38352802632953,4.193735025773655,1.0,0.0,0.9804841750435145
917,1767152648476,33.73143860495077,38.99256943921526,40.04200672671034,40.04200672671034,40.04200672671034,0.944529116153717,0.9444669906545199,ok,True,True,6.913055332014656,5.261130834264492,1.0,0.0,0.9804841750435145
918,1767152648512,24.665601261385873,30.396388532517626,31.498619265623763,31.498619265623763,31.498619265623763,0.9559729695320129,0.9513705779810158,ok,True,True,-5.134455917663368,5.730787271131753,1.0,0.0,0.9804841750435145
919,1767152648543,16.279966958174935,21.926535587912014,22.975740087813904,22.975740087813904,22.975740087813904,0.9561129808425903,0.9542160196979605,ok,True,True,-16.602384216269158,5.646568629737079,1.0,0.0,0.9804841750435145
920,1767152648578,5.920283439693704,12.322784298981027,13.449957902185307,13.449957902185307,13.449957902185307,0.9634712338447571,0.9597691481860384,ok,True,True,-28.92252396294061,6.402500859287323,1.0,0.0,0.9804841750435145
921,1767152648614,2.4283281300454895,6.386110597619705,7.0668831876579885,7.0668831876579885,7.0668831876579885,0.9670759439468384,0.9641532256425184,ok,True,True,-36.36344825457794,3.9577824675742157,1.0,0.0,0.9804841750435145
922,1767152648651,1.3410584764888605,3.3590793249411983,3.6376141733559684,3.6376141733559684,3.6376141733559684,0.9684152603149414,0.9667104464459721,ok,True,True,-39.407866831301824,2.0180208484523376,1.0,0.0,0.9804841750435145
923,1767152648683,1.108348815362789,2.008641019194153,2.0438391760465957,2.0438391760465957,2.0438391760465957,0.9659919142723083,0.9662793271417739,ok,True,True,-39.79258681588504,0.9002922038313639,1.0,0.0,0.9804841750435145
924,1767152648722,1.076790189794914,1.4495305215546095,1.3678222611506548,1.3678222611506548,1.3678222611506548,0.9681932926177979,0.9674277064273882,ok,True,True,-38.89950594194294,0.37274033175969556,1.0,0.0,0.9804841750435145
925,1767152648759,1.5069151176539917,1.4839612792142387,1.3262849651266588,1.3262849651266588,1.3262849651266588,0.9673677682876587,0.9673917435435504,ok,True,True,-37.176085327073395,0.02295383843975296,1.0,0.0,0.9804841750435145
926,1767152648791,2.4843991464432658,2.084223999551655,1.86133019024007,1.86133019024007,1.86133019024007,0.9556687474250793,0.9603579458724678,ok,True,True,-34.73982983672105,0.4001751468916108,1.0,0.0,0.9804841750435145
927,1767152648822,4.7317169776078805,3.6727197863853904,3.341317545408503,3.341317545408503,3.341317545408503,0.9640259146690369,0.9625587271504092,ok,True,True,-31.11756445578188,1.05899719122249,1.0,0.0,0.9804841750435145
928,1767152648854,6.527006780924497,5.385291983108854,5.041407385577569,5.041407385577569,5.041407385577569,0.9597030282020569,0.9608453077813979,ok,True,True,-27.35886545301126,1.1417147978156423,1.0,0.0,0.9804841750435145
929,1767152648889,11.453370878039312,9.026139320067129,8.479636932696458,8.479636932696458,8.479636932696458,0.9604722857475281,0.960621494561076,ok,True,True,-21.38553023192732,2.427231557972183,1.0,0.0,0.9804841750435145
930,1767152648921,16.09774764955547,13.269104317760132,12.655010386968598,12.655010386968598,12.655010386968598,0.9490310549736023,0.9536672308085918,ok,True,True,-14.673411509995798,2.8286433317953374,1.0,0.0,0.9804841750435145
931,1767152648957,24.659974618801474,20.103626498384937,19.21772507212858,19.21772507212858,19.21772507212858,0.9640149474143982,0.9598758607720757,ok,True,True,-4.990404968477456,4.556348120416537,1.0,0.0,0.9804841750435145
932,1767152648995,34.25090013376178,28.591990679611044,27.5271973003391,27.5271973003391,27.5271973003391,0.9675130844116211,0.9644581949558029,ok,True,True,6.647911610857292,5.658909454150738,1.0,0.0,0.9804841750435145
933,1767152649028,44.93735997238737,38.39921225527684,37.21055748711379,37.21055748711379,37.21055748711379,0.9741042852401733,0.9702458491264251,ok,True,True,19.640047704787825,6.538147717110533,1.0,0.0,0.9804841750435145
934,1767152649060,54.477651451424705,48.04627577296556,46.91000546187327,46.91000546187327,46.91000546187327,0.9647250771522522,0.9669333859419214,ok,True,True,32.059615536091755,6.431375678459148,1.0,0.0,0.9804841750435145
935,1767152649103,59.23920492264545,54.7620332627735,54.004965336960005,54.004965336960005,54.004965336960005,0.9630166292190552,0.9645833319082016,ok,True,True,40.33445680032115,4.477171659871949,1.0,0.0,0.9804841750435145
936,1767152649134,62.748471210295925,59.55389603128695,59.08465264937208,59.08465264937208,59.08465264937208,0.9574787616729736,0.9603205897670648,ok,True,True,45.46334202612627,3.1945751790089716,1.0,0.0,0.9804841750435145
937,1767152649169,64.27102690002704,62.38417455253101,62.185060127790784,62.185060127790784,62.185060127790784,0.962842583656311,0.9618337861006125,ok,True,True,47.63968605281745,1.8868523474960313,1.0,0.0,0.9804841750435145
938,1767152649211,64.19731156010107,63.47205675707305,63.50564949080367,63.50564949080367,63.50564949080367,0.9582204818725586,0.9596658035637802,ok,True,True,47.27251353133767,0.7252548030280224,1.0,0.0,0.9804841750435145
939,1767152649245,55.6713100537861,58.79160873510088,59.49358966936808,59.49358966936808,59.49358966936808,0.9227458238601685,0.9375138157416132,ok,True,True,39.59977954867055,3.120298681314779,1.0,0.0,0.9804841750435145
940,1767152649281,48.32871390124154,52.51387183478528,53.44017261802963,53.44017261802963,53.44017261802963,0.9562838673591614,0.9487758467121421,ok,True,True,29.47520329477351,4.185157933543735,1.0,0.0,0.9804841750435145
941,1767152649338,40.45781106877525,45.28023537517926,46.30059061166137,46.30059061166137,46.30059061166137,0.9584216475486755,0.9545633272140621,ok,True,True,18.322600830546623,4.8224243064040095,1.0,0.0,0.9804841750435145
942,1767152649375,29.87231469315291,36.03548296596345,37.24929862684973,37.24929862684973,37.24929862684973,0.9588564038276672,0.9571391731822252,ok,True,True,5.055453226747522,6.163168272810545,1.0,0.0,0.9804841750435145
943,1767152649409,19.345642308185685,26.021578571296793,27.293471316853676,27.293471316853676,27.293471316853676,0.9654796123504639,0.9621434366831685,ok,True,True,-8.846483727322992,6.675936263111108,1.0,0.0,0.9804841750435145
944,1767152649445,11.204528442925072,17.13134849427376,18.23259560222851,18.23259560222851,18.23259560222851,0.9388589262962341,0.9481727304510079,ok,True,True,-20.883243838676883,5.926820051348686,1.0,0.0,0.9804841750435145
945,1767152649477,4.994249568632278,9.849089138888871,10.707051969160212,10.707051969160212,10.707051969160212,0.9582315683364868,0.9542080331822952,ok,True,True,-30.260878247736926,4.854839570256593,1.0,0.0,0.9804841750435145
946,1767152649514,2.022244311410674,5.1529822424019525,5.660275033438048,5.660275033438048,5.660275033438048,0.9636026620864868,0.9598448105248102,ok,True,True,-35.80564797999174,3.1307379309912786,1.0,0.0,0.9804841750435145
947,1767152649544,1.3678985386636875,2.8819320201589935,3.0588082280075177,3.0588082280075177,3.0588082280075177,0.9712722897529602,0.9667012980617002,ok,True,True,-37.73892568660264,1.514033481495306,1.0,0.0,0.9804841750435145
948,1767152649578,1.6237872085158995,2.1270451331731373,2.09063900430447,2.09063900430447,2.09063900430447,0.9534096717834473,0.9587263222947484,ok,True,True,-37.341002426137486,0.5032579246572377,1.0,0.0,0.9804841750435145
949,1767152649608,1.9609547133309402,2.027390881267819,1.8955332850629012,1.8955332850629012,1.8955332850629012,0.9745697975158691,0.9682324074274208,ok,True,True,-35.899783427318944,0.06643616793687901,1.0,0.0,0.9804841750435145
950,1767152649639,1.4682125526250225,1.691883884082141,1.5810576106283003,1.5810576106283003,1.5810576106283003,0.9638232588768005,0.9655869182970487,ok,True,True,-34.68843925400557,0.2236713314571186,1.0,0.0,0.9804841750435145
951,1767152649669,3.797228774328218,2.9550908182297873,2.6726915318951234,2.6726915318951234,2.6726915318951234,0.9732265472412109,0.9701706956635461,ok,True,True,-31.60178191736034,0.8421379560984308,1.0,0.0,0.9804841750435145
952,1767152649700,4.318311052075693,3.7730229585373305,3.5326535652865845,3.5326535652865845,3.5326535652865845,0.9563966989517212,0.9619062976364512,ok,True,True,-28.974516243950923,0.5452880935383622,1.0,0.0,0.9804841750435145
953,1767152649737,7.597114887231869,6.067478115754054,5.676784102000459,5.676784102000459,5.676784102000459,0.9663926959037781,0.9645981365968473,ok,True,True,-24.704184829207954,1.529636771477815,1.0,0.0,0.9804841750435145
954,1767152649768,11.030320921601477,9.045183799262508,8.577344010208266,8.577344010208266,8.577344010208266,0.9645236134529114,0.9645534227104857,ok,True,True,-19.590641038068497,1.985137122338969,1.0,0.0,0.9804841750435145
955,1767152649803,15.934212932398609,13.178601279144168,12.592190171816075,12.592190171816075,12.592190171816075,0.9606765508651733,0.9622272996032982,ok,True,True,-13.181098824921841,2.755611653254441,1.0,0.0,0.9804841750435145
956,1767152649844,20.783700654427662,17.741660904314266,17.117910531302698,17.117910531302698,17.117910531302698,0.9552432894706726,0.9580368935237228,ok,True,True,-6.363434056429001,3.0420397501133962,1.0,0.0,0.9804841750435145
957,1767152649895,28.46501034534723,24.175670568934045,23.364306068888602,23.364306068888602,23.364306068888602,0.972216010093689,0.9665443634657025,ok,True,True,2.504875135368491,4.289339776413186,1.0,0.0,0.9804841750435145
958,1767152649932,39.14618838158766,33.15798125652621,32.07426312538114,32.07426312538114,32.07426312538114,0.9656187891960144,0.9659890189038897,ok,True,True,14.350041473325419,5.98820712506145,1.0,0.0,0.9804841750435145
959,1767152649975,48.101889512849304,42.12432621032006,41.05606009427987,41.05606009427987,41.05606009427987,0.9465309977531433,0.9543142062134419,ok,True,True,26.0263154730314,5.977563302529241,1.0,0.0,0.9804841750435145
960,1767152650006,56.11953909210571,50.52145393939145,49.56187887966386,49.56187887966386,49.56187887966386,0.9739109873771667,0.9660722749116768,ok,True,True,36.51458347332623,5.598085152714262,1.0,0.0,0.9804841750435145
961,1767152650037,61.46027466731061,57.084746376142945,56.38098827660029,56.38098827660029,56.38098827660029,0.9648979902267456,0.965367704100718,ok,True,True,44.20674208098837,4.375528291167662,1.0,0.0,0.9804841750435145
962,1767152650094,63.51041861988169,60.94014972238619,60.595776647071155,60.595776647071155,60.595776647071155,0.9654714465141296,0.9654299495487649,ok,True,True,47.97078020325383,2.5702688974955024,1.0,0.0,0.9804841750435145
963,1767152650127,63.154279156771345,62.268627383017275,62.26038807098735,62.26038807098735,62.26038807098735,0.9728003740310669,0.9698522042381461,ok,True,True,48.060836850549826,0.8856517737540699,1.0,0.0,0.9804841750435145
964,1767152650166,59.93938570520918,60.87108237633242,61.20493434040573,61.20493434040573,61.20493434040573,0.9597151279449463,0.9637699584622261,ok,True,True,44.41179570871381,0.931696671123234,1.0,0.0,0.9804841750435145
965,1767152650199,54.67654953101448,57.154362669141655,57.771653729097345,57.771653729097345,57.771653729097345,0.9543330669403076,0.958107823549075,ok,True,True,37.664731989863775,2.477813138127175,1.0,0.0,0.9804841750435145
966,1767152650234,49.447185845493486,52.53005657495275,53.25517318202417,53.25517318202417,53.25517318202417,0.9573912620544434,0.957677886652296,ok,True,True,29.739122388684116,3.082870729459266,1.0,0.0,0.9804841750435145
967,1767152650283,41.187573393097836,45.7245666658398,46.67566640272277,46.67566640272277,46.67566640272277,0.9377294778823853,0.9457088413903496,ok,True,True,19.343490661583633,4.536993272741967,1.0,0.0,0.9804841750435145
968,1767152650319,24.888034684574343,33.22264747708053,34.79605235763371,34.79605235763371,34.79605235763371,0.9655926823616028,0.9576391459731015,ok,True,True,2.145990692275859,8.334612792506185,1.0,0.0,0.9804841750435145
969,1767152650353,17.020557264753922,23.501393349684562,24.769933089515668,24.769933089515668,24.769933089515668,0.9536374807357788,0.9552381468307078,ok,True,True,-11.719297515766963,6.48083608493064,1.0,0.0,0.9804841750435145
970,1767152650391,10.072004260553754,15.443759896206078,16.441022198121463,16.441022198121463,16.441022198121463,0.9571454524993896,0.9563825302319169,ok,True,True,-22.619491495432115,5.371755635652324,1.0,0.0,0.9804841750435145
971,1767152650428,5.157904979858874,9.272246946397756,9.988178791348691,9.988178791348691,9.988178791348691,0.9697113633155823,0.964379830082116,ok,True,True,-30.444710568885952,4.114341966538881,1.0,0.0,0.9804841750435145
972,1767152650472,3.795740214134796,5.98634290703998,6.319712576234555,6.319712576234555,6.319712576234555,0.9697902798652649,0.9676260999520053,ok,True,True,-34.0884801711044,2.1906026929051836,1.0,0.0,0.9804841750435145
973,1767152650503,2.289961000097103,3.768513762874254,3.926427455382282,3.926427455382282,3.926427455382282,0.9760507345199585,0.9726808806927772,ok,True,True,-35.81449535996366,1.4785527627771509,1.0,0.0,0.9804841750435145
974,1767152650537,3.317550309837158,3.497935691051996,3.4125205534541356,3.4125205534541356,3.4125205534541356,0.9744367599487305,0.9737344082463492,ok,True,True,-34.880897883323584,0.18038538121483816,1.0,0.0,0.9804841750435145
975,1767152650569,3.832896745603802,3.69891232378308,3.53718479231624,3.53718479231624,3.53718479231624,0.9731394648551941,0.9733774422116561,ok,True,True,-33.11319698712494,0.13398442182072223,1.0,0.0,0.9804841750435145
976,1767152650605,6.544220054203643,5.406096962035417,5.074326254928732,5.074326254928732,5.074326254928732,0.9668891429901123,0.9694844626787298,ok,True,True,-29.486904228150898,1.1381230921682253,1.0,0.0,0.9804841750435145
977,1767152650638,8.961814228420423,7.539527321866419,7.154697541695079,7.154697541695079,7.154697541695079,0.9601723551750183,0.963897198176503,ok,True,True,-25.280669574576844,1.4222869065540031,1.0,0.0,0.9804841750435145
978,1767152650673,13.1022530274284,10.877162745203607,10.367662334528557,10.367662334528557,10.367662334528557,0.9566547870635986,0.9595517515087604,ok,True,True,-19.711770300624032,2.2250902822247927,1.0,0.0,0.9804841750435145
979,1767152650705,18.63930038072871,15.534445326518668,14.884467304162296,14.884467304162296,14.884467304162296,0.9545891880989075,0.9565742134628487,ok,True,True,-12.607434247214567,3.1048550542100415,1.0,0.0,0.9804841750435145
980,1767152650739,34.05709419444757,26.648034647276013,25.28824293690709,25.28824293690709,25.28824293690709,0.9725049734115601,0.9661326694320755,ok,True,True,2.2552487064017317,7.409059547171559,1.0,0.0,0.9804841750435145
981,1767152650782,41.2554896703398,35.41250766111428,34.29096495937313,34.29096495937313,34.29096495937313,0.9480012059211731,0.9552537913255341,ok,True,True,14.513842039345754,5.842982009225516,1.0,0.0,0.9804841750435145
982,1767152650822,48.669553954178575,43.36673543695286,42.40781598144592,42.40781598144592,42.40781598144592,0.9638400077819824,0.9604055211994031,ok,True,True,24.994944208579604,5.302818517225717,1.0,0.0,0.9804841750435145
983,1767152650854,56.486259401996335,51.23844981597894,50.3458811129461,50.3458811129461,50.3458811129461,0.9661380052566528,0.9638450116337529,ok,True,True,34.750824867609595,5.2478095860173966,1.0,0.0,0.9804841750435145
984,1767152650887,61.38639265462166,57.327215519164575,56.67733441856143,56.67733441856143,56.67733441856143,0.960885226726532,0.9620691406894204,ok,True,True,41.85410155488337,4.059177135457084,1.0,0.0,0.9804841750435145
985,1767152650919,62.18787599305124,60.24361180349658,60.00129861640423,60.00129861640423,60.00129861640423,0.9600644111633301,0.9608663029737662,ok,True,True,44.50261312306815,1.9442641895546657,1.0,0.0,0.9804841750435145
986,1767152650950,62.519043278399366,61.60887068843825,61.595014571823015,61.595014571823015,61.595014571823015,0.9556908011436462,0.9577610018756942,ok,True,True,44.654062103562936,0.9101725899611139,1.0,0.0,0.9804841750435145
987,1767152650990,62.014524824889115,61.85226317030877,61.989675213819055,61.989675213819055,61.989675213819055,0.9652751684188843,0.9622695018016083,ok,True,True,43.15213234393245,0.16226165458034814,1.0,0.0,0.9804841750435145
988,1767152651024,59.08991210571754,60.194852531554034,60.555701358065065,60.555701358065065,60.555701358065065,0.959728479385376,0.9607448883518689,ok,True,True,39.20801232781404,1.1049404258364959,1.0,0.0,0.9804841750435145
989,1767152651059,54.08904528355512,56.53136818275469,57.126371674923625,57.126371674923625,57.126371674923625,0.9570919871330261,0.9585531476205633,ok,True,True,32.7045543401182,2.442322899199567,1.0,0.0,0.9804841750435145
990,1767152651094,48.26651622397044,51.57245700748415,52.31397732839746,52.31397732839746,52.31397732839746,0.9578325152397156,0.9581207681920546,ok,True,True,24.599650221818855,3.305940783513705,1.0,0.0,0.9804841750435145
991,1767152651140,39.81912104107414,44.52045542763814,45.48177827093895,45.48177827093895,45.48177827093895,0.9543556571006775,0.9558617015372284,ok,True,True,14.092278741982067,4.701334386564,1.0,0.0,0.9804841750435145
992,1767152651177,30.411018305081978,36.054793154104445,37.15933127911577,37.15933127911577,37.15933127911577,0.9620277881622314,0.9595613535122302,ok,True,True,2.0195474280287264,5.643774849022467,1.0,0.0,0.9804841750435145
993,1767152651210,21.425425275882162,27.277172427171074,28.387597717968752,28.387597717968752,28.387597717968752,0.9473260045051575,0.9522201441079865,ok,True,True,-10.117531298775237,5.851747151288912,1.0,0.0,0.9804841750435145
994,1767152651243,14.46890646307936,19.592212848716045,20.53619469010612,20.53619469010612,20.53619469010612,0.9347366690635681,0.9417300590813356,ok,True,True,-20.435363592917653,5.123306385636685,1.0,0.0,0.9804841750435145
995,1767152651275,8.427731475161284,12.89352402458319,13.670471050731908,13.670471050731908,13.670471050731908,0.9629467725753784,0.9544600871777613,ok,True,True,-28.927485756444074,4.465792549421906,1.0,0.0,0.9804841750435145
996,1767152651306,5.132599456570702,8.236969283775698,8.735766423618404,8.735766423618404,8.735766423618404,0.976648211479187,0.9677729617586167,ok,True,True,-34.37939702426715,3.104369827204996,1.0,0.0,0.9804841750435145
997,1767152651337,3.4551300546639268,5.367865746308635,5.615846318522631,5.615846318522631,5.615846318522631,0.9665258526802063,0.9670246963115704,ok,True,True,-37.08985377684803,1.9127356916447087,1.0,0.0,0.9804841750435145
998,1767152651373,4.235756308375646,4.688600083548842,4.654104530132889,4.654104530132889,4.654104530132889,0.9646073579788208,0.9655742933119207,ok,True,True,-36.71281333026983,0.4528437751731955,1.0,0.0,0.9804841750435145
999,1767152651404,3.3143145593008776,3.864028769000063,3.8156267840867653,3.8156267840867653,3.8156267840867653,0.972743809223175,0.9698760028586733,ok,True,True,-36.18377395563143,0.5497142096991854,1.0,0.0,0.9804841750435145
1000,1767152651434,5.090281816786279,4.599780597671792,4.3776526612054125,4.3776526612054125,4.3776526612054125,0.9585829377174377,0.9631001637739319,ok,True,True,-33.75588954534545,0.49050121911448663,1.0,0.0,0.9804841750435145
1001,1767152651467,6.476430218368078,5.725770370089563,5.4497327029582845,5.4497327029582845,5.4497327029582845,0.9648255705833435,0.9641354078595789,ok,True,True,-30.738765453071803,0.7506598482785147,1.0,0.0,0.9804841750435145
1002,1767152651497,8.72920227201747,7.527829511246308,7.181545851939973,7.181545851939973,7.181545851939973,0.9506567716598511,0.9560482261397423,ok,True,True,-26.953844423591644,1.2013727607711626,1.0,0.0,0.9804841750435145
1003,1767152651531,13.063090675467102,10.848986209778785,10.339402356659452,10.339402356659452,10.339402356659452,0.965678334236145,0.961826290997584,ok,True,True,-21.3840331139316,2.214104465688317,1.0,0.0,0.9804841750435145
1004,1767152651563,18.190887427636163,15.254126940493212,14.6260590746508,14.6260590746508,14.6260590746508,0.9738661646842957,0.969050215209611,ok,True,True,-14.519177642178828,2.9367604871429513,1.0,0.0,0.9804841750435145
1005,1767152651619,25.21209251448129,21.228906284886058,20.43797186123417,20.43797186123417,20.43797186123417,0.9757171273231506,0.9730503624777347,ok,True,True,-5.874171582647959,3.9831862295952334,1.0,0.0,0.9804841750435145
1006,1767152651653,33.289750035743566,28.465412535400564,27.54764563403065,27.54764563403065,27.54764563403065,0.9721150398254395,0.9724891688863576,ok,True,True,4.1571283409874145,4.8243375003430025,1.0,0.0,0.9804841750435145
1007,1767152651685,42.19222508225123,36.70150006351096,35.69533675612787,35.69533675612787,35.69533675612787,0.9717525243759155,0.9720471821800923,ok,True,True,15.154611354867207,5.490725018740264,1.0,0.0,0.9804841750435145
1008,1767152651721,49.36573459043103,44.30004077966301,43.396079152311,43.396079152311,43.396079152311,0.9573426246643066,0.963224447670621,ok,True,True,25.03501801356258,5.065693810768025,1.0,0.0,0.9804841750435145
1009,1767152651757,54.33926133212971,50.323573111143034,49.64355607566322,49.64355607566322,49.64355607566322,0.9482327103614807,0.9542294052851368,ok,True,True,32.467684005218366,4.015688220986675,1.0,0.0,0.9804841750435145
1010,1767152651798,60.86460345446572,56.64819131713664,55.98721592341694,55.98721592341694,55.98721592341694,0.9588297009468079,0.9569895826821394,ok,True,True,39.692222618071355,4.21641213732908,1.0,0.0,0.9804841750435145
1011,1767152651834,63.61774438456108,60.82992315759131,60.43710958341544,60.43710958341544,60.43710958341544,0.9567041993141174,0.9568183526613262,ok,True,True,43.98572107694107,2.7878212269697684,1.0,0.0,0.9804841750435145
1012,1767152651886,64.21036376164261,62.85818752002209,62.751615996319764,62.751615996319764,62.751615996319764,0.9492692351341248,0.9522888821450053,ok,True,True,45.15056033621394,1.3521762416205192,1.0,0.0,0.9804841750435145
1013,1767152651919,63.22817841147025,63.08018205489098,63.211481692935116,63.211481692935116,63.211481692935116,0.9594095945358276,0.9565613095794987,ok,True,True,43.71543988556411,0.14799635657927013,1.0,0.0,0.9804841750435145
1014,1767152651950,58.05306383662767,60.063911123932996,60.57783089225929,60.57783089225929,60.57783089225929,0.957687497138977,0.9572370221151858,ok,True,True,38.09823651391147,2.0108472873053245,1.0,0.0,0.9804841750435145
1015,1767152651985,51.92883408672064,55.18286490160558,55.926711181193596,55.926711181193596,55.926711181193596,0.9560171365737915,0.9565050907903492,ok,True,True,29.967909394367407,3.254030814884942,1.0,0.0,0.9804841750435145
1016,1767152652040,45.634925716773466,49.45410139070631,50.287973061476016,50.287973061476016,50.287973061476016,0.9643901586532593,0.9612361315080953,ok,True,True,20.853594185540388,3.819175673932847,1.0,0.0,0.9804841750435145
1017,1767152652081,36.78152143061884,41.85055341465383,42.86980323817365,42.86980323817365,42.86980323817365,0.9428703188896179,0.9502166439370089,ok,True,True,9.713074014701544,5.069031984034993,1.0,0.0,0.9804841750435145
1018,1767152652114,25.531207634865687,32.058945946780945,33.30164148368596,33.30164148368596,33.30164148368596,0.9678612947463989,0.9608034344226428,ok,True,True,-3.8697340227751944,6.527738311915257,1.0,0.0,0.9804841750435145
1019,1767152652146,17.443917577371078,23.289928925135023,24.392903855559034,24.392903855559034,24.392903855559034,0.9361416101455688,0.9460063398563985,ok,True,True,-15.925379436462475,5.846011347763945,1.0,0.0,0.9804841750435145
1020,1767152652178,7.971760774368547,14.099028034675136,15.188644618573335,15.188644618573335,15.188644618573335,0.9573058485984802,0.9527860451016474,ok,True,True,-27.83501655514118,6.127267260306589,1.0,0.0,0.9804841750435145
1021,1767152652210,5.335032148202771,8.840630502791717,9.445557289248267,9.445557289248267,9.445557289248267,0.9698470830917358,0.9630226678957006,ok,True,True,-34.446937313809705,3.5055983545889458,1.0,0.0,0.9804841750435145
1022,1767152652241,5.079775685382514,6.584117612346196,6.775322632820922,6.775322632820922,6.775322632820922,0.9692453145980835,0.9667562559171303,ok,True,True,-36.536830623781825,1.504341926963682,1.0,0.0,0.9804841750435145
1023,1767152652272,4.514059591178999,5.342082799645878,5.366116732665921,5.366116732665921,5.366116732665921,0.9589217305183411,0.9620555406778568,ok,True,True,-36.799524331856006,0.8280232084668793,1.0,0.0,0.9804841750435145
1024,1767152652303,5.068735051669913,5.178074150860299,5.062158828531511,5.062158828531511,5.062158828531511,0.9606062173843384,0.9611859467017457,ok,True,True,-35.53255625718551,0.10933909919038598,1.0,0.0,0.9804841750435145
1025,1767152652337,6.100341749731211,5.731434710182846,5.52455055448959,5.52455055448959,5.52455055448959,0.9559835195541382,0.9580644904131812,ok,True,True,-33.271288159469854,0.3689070395483647,1.0,0.0,0.9804841750435145
1026,1767152652368,7.754120629949626,6.945046262042915,6.662733567748514,6.662733567748514,6.662733567748514,0.9370390176773071,0.9454492067716568,ok,True,True,-30.185577283985488,0.8090743679067112,1.0,0.0,0.9804841750435145
1027,1767152652398,11.946998128589964,9.946217381971145,9.467462799926762,9.467462799926762,9.467462799926762,0.9528061151504517,0.9498633517989338,ok,True,True,-24.95273352471134,2.000780746618819,1.0,0.0,0.9804841750435145
1028,1767152652439,16.39029857992443,13.812666100743115,13.234884126804772,13.234884126804772,13.234884126804772,0.9695714712142944,0.9616882234481502,ok,True,True,-18.637508752065564,2.5776324791813146,1.0,0.0,0.9804841750435145
1029,1767152652469,22.609980096983396,19.09105449848728,18.368132916595975,18.368132916595975,18.368132916595975,0.9788426160812378,0.9719808590280028,ok,True,True,-10.735891033670953,3.5189255984961143,1.0,0.0,0.9804841750435145
1030,1767152652504,29.611586765837917,25.403373858897663,24.57825616164067,24.57825616164067,24.57825616164067,0.972948431968689,0.9725614027924145,ok,True,True,-1.7172577825376454,4.208212906940254,1.0,0.0,0.9804841750435145
1031,1767152652538,37.44310884755004,32.62721485208909,31.722511008176628,31.722511008176628,31.722511008176628,0.9660767912864685,0.9686706358888469,ok,True,True,8.171261390255944,4.815893995460954,1.0,0.0,0.9804841750435145
1032,1767152652571,44.53599471714559,39.77248277112299,38.90445326171337,38.90445326171337,38.90445326171337,0.9626588225364685,0.9650635478774199,ok,True,True,17.658925783531302,4.763511946022604,1.0,0.0,0.9804841750435145
1033,1767152652608,52.11308220517901,47.1768424315566,46.31928585135944,46.31928585135944,46.31928585135944,0.9674546122550964,0.9664981865040259,ok,True,True,27.032119831610757,4.936239773622411,1.0,0.0,0.9804841750435145
1034,1767152652641,57.742604205244405,53.51629949576929,52.81363198387984,52.81363198387984,52.81363198387984,0.9691218137741089,0.9680723628660757,ok,True,True,34.71235818825285,4.226304709475116,1.0,0.0,0.9804841750435145
1035,1767152652673,62.215578155724195,58.73586669174223,58.20404478825315,58.20404478825315,58.20404478825315,0.95992511510849,0.9631840142115242,ok,True,True,40.525233997888755,3.479711463981964,1.0,0.0,0.9804841750435145
1036,1767152652706,64.07773822101171,61.94098960930392,61.67468517391744,61.67468517391744,61.67468517391744,0.92921382188797,0.9428018988173916,ok,True,True,43.43597272508482,2.1367486117077945,1.0,0.0,0.9804841750435145
1037,1767152652741,63.767042948825626,63.03662161301695,63.046211874637876,63.046211874637876,63.046211874637876,0.9554153084754944,0.9503699446122533,ok,True,True,43.33115004023746,0.7304213358086784,1.0,0.0,0.9804841750435145
1038,1767152652775,63.57469683302158,63.35946674501972,63.48570661535295,63.48570661535295,63.48570661535295,0.9125352501869202,0.9276691279570535,ok,True,True,41.95133344438592,0.21523008800185295,1.0,0.0,0.9804841750435145
1039,1767152652809,61.36772530516902,62.1644218811093,62.46795361545857,62.46795361545857,62.46795361545857,0.9522438049316406,0.9424139341418059,ok,True,True,38.63369597123898,0.7966965759402811,1.0,0.0,0.9804841750435145
1040,1767152652848,57.18331938075688,59.17576038089785,59.68691579289398,59.68691579289398,59.68691579289398,0.9638922810554504,0.9553009422899926,ok,True,True,33.04670733864731,1.9924410001409711,1.0,0.0,0.9804841750435145
1041,1767152652884,51.0797972848147,54.318182523247955,55.0403082976806,55.0403082976806,55.0403082976806,0.9284571409225464,0.9391946614695249,ok,True,True,25.153787889156646,3.2383852384332528,1.0,0.0,0.9804841750435145
1042,1767152652934,43.442811054171855,47.7929596418023,48.695387567404055,48.695387567404055,48.695387567404055,0.9615426659584045,0.9526034641628527,ok,True,True,15.29014477055757,4.350148587630443,1.0,0.0,0.9804841750435145
1043,1767152652975,34.3679963707532,39.73798167917283,40.79456807543864,40.79456807543864,40.79456807543864,0.9457743167877197,0.948505975737773,ok,True,True,3.7415314784952454,5.369985308419636,1.0,0.0,0.9804841750435145
1044,1767152653006,25.060368574148686,30.931413816158347,32.046124220693216,32.046124220693216,32.046124220693216,0.9496169686317444,0.9491725714741559,ok,True,True,-8.442384044275581,5.871045242009661,1.0,0.0,0.9804841750435145
1045,1767152653044,16.40707505561786,22.216810559834055,23.282417373359188,23.282417373359188,23.282417373359188,0.9443917274475098,0.9463040650581682,ok,True,True,-20.089591555446823,5.809735504216196,1.0,0.0,0.9804841750435145
1046,1767152653078,7.6518697635358475,13.47784608205513,14.497361393359675,14.497361393359675,14.497361393359675,0.9618173241615295,0.955612020520185,ok,True,True,-31.233013538925313,5.825976318519283,1.0,0.0,0.9804841750435145
1047,1767152653114,4.423378113450001,8.045165300892053,8.649078189053256,8.649078189053256,8.649078189053256,0.9762897491455078,0.9680186576953788,ok,True,True,-37.833852270253864,3.6217871874420524,1.0,0.0,0.9804841750435145
1048,1767152653150,3.15093502023368,5.10862713249703,5.363014120717802,5.363014120717802,5.363014120717802,0.9737937450408936,0.9714837101026876,ok,True,True,-40.61433190152391,1.9576921122633495,1.0,0.0,0.9804841750435145
1049,1767152653181,3.7043977926905716,4.266089528613155,4.237419355123783,4.237419355123783,4.237419355123783,0.9626510739326477,0.9661841284006637,ok,True,True,-40.30096354109899,0.5616917359225835,1.0,0.0,0.9804841750435145
1050,1767152653211,4.3084601170505,4.291511881675563,4.1355466318452825,4.1355466318452825,4.1355466318452825,0.9683477282524109,0.967482288311712,ok,True,True,-38.59624505933967,0.016948235374937504,1.0,0.0,0.9804841750435145
1051,1767152653248,5.064585474605626,4.7553560374336,4.54259508128311,4.54259508128311,4.54259508128311,0.9626667499542236,0.9645929652972189,ok,True,True,-36.27074284303696,0.3092294371720259,1.0,0.0,0.9804841750435145
1052,1767152653278,7.292781916721922,6.277811565006593,5.949215407829405,5.949215407829405,5.949215407829405,0.9584920406341553,0.9609324104993807,ok,True,True,-32.6791482872971,1.0149703517153288,1.0,0.0,0.9804841750435145
1053,1767152653308,10.12244863436713,8.584593806622916,8.168895319008008,8.168895319008008,8.168895319008008,0.9568625688552856,0.9584905055129237,ok,True,True,-28.135515039200676,1.537854827744214,1.0,0.0,0.9804841750435145
1054,1767152653340,14.138877150388758,11.917163812882421,11.394162956066126,11.394162956066126,11.394162956066126,0.9579899907112122,0.9581901966318969,ok,True,True,-22.419054304768537,2.221713337506337,1.0,0.0,0.9804841750435145
1055,1767152653372,20.74871661621392,17.21609549488132,16.482926918352728,16.482926918352728,16.482926918352728,0.9676111340522766,0.9638427590841248,ok,True,True,-14.405435732596041,3.5326211213325998,1.0,0.0,0.9804841750435145
1056,1767152653422,28.63383835956255,24.066741213690058,23.166747732282648,23.166747732282648,23.166747732282648,0.9695284962654114,0.9672542013928968,ok,True,True,-4.568401374701226,4.567097145872491,1.0,0.0,0.9804841750435145
1057,1767152653638,38.139800996764734,32.51057708353487,31.450750528511616,31.450750528511616,31.450750528511616,0.964210569858551,0.9654280224722893,ok,True,True,7.0156272327833396,5.629223913229865,1.0,0.0,0.9804841750435145
1058,1767152653670,46.102212923438216,40.66555858747688,39.66322669052654,39.66322669052654,39.66322669052654,0.966799795627594,0.9662510863654722,ok,True,True,17.97123248105178,5.436654335961336,1.0,0.0,0.9804841750435145
1059,1767152653697,53.48912678892283,48.35969950834445,47.45597432769236,47.45597432769236,47.45597432769236,0.9695740342140198,0.9682448550746007,ok,True,True,27.84905474957219,5.129427280578383,1.0,0.0,0.9804841750435145
1060,1767152653730,59.87011305651686,55.26594763724789,54.49790907773641,54.49790907773641,54.49790907773641,0.9606842994689941,0.9637085217112367,ok,True,True,36.24380632742542,4.604165419268966,1.0,0.0,0.9804841750435145
1061,1767152653759,48.012489691194176,50.91387286961566,51.44870892529472,51.44870892529472,51.44870892529472,0.9250267744064331,0.9404994733283546,ok,True,True,30.39798548066955,2.901383178421483,1.0,0.0,0.9804841750435145
1062,1767152653792,40.466018265517356,44.645160107156684,45.51756666516579,45.51756666516579,45.51756666516579,0.9611607193946838,0.9528962209681522,ok,True,True,20.862479432594707,4.1791418416393284,1.0,0.0,0.9804841750435145
1063,1767152653842,30.856224244321513,36.37179858945558,37.47013768393533,37.47013768393533,37.47013768393533,0.9633400440216064,0.9591625148002247,ok,True,True,8.857504249751788,5.515574345134066,1.0,0.0,0.9804841750435145
1064,1767152653886,20.5210761060168,26.86136509939231,28.078323788322763,28.078323788322763,28.078323788322763,0.9564142823219299,0.9575135753132479,ok,True,True,-4.443997019376175,6.340288993375509,1.0,0.0,0.9804841750435145
1065,1767152653922,13.464783528898153,18.823416157095814,19.839790435574677,19.839790435574677,19.839790435574677,0.9427701234817505,0.9486675042143494,ok,True,True,-15.553087145498074,5.358632628197661,1.0,0.0,0.9804841750435145
1066,1767152653956,8.519533683537842,12.64108667296103,13.386647262146226,13.386647262146226,13.386647262146226,0.9656602144241333,0.9588631303402197,ok,True,True,-23.702151870098103,4.121552989423188,1.0,0.0,0.9804841750435145
1067,1767152653987,5.7596971062404165,8.512252932928662,8.968089462394275,8.968089462394275,8.968089462394275,0.9766656160354614,0.9695446217573648,ok,True,True,-28.684498625459675,2.752555826688246,1.0,0.0,0.9804841750435145
1068,1767152654092,5.725672873247917,6.840304897120216,6.971066814627413,6.971066814627413,6.971066814627413,0.9694429636001587,0.9694836268630411,ok,True,True,-30.113741727544124,1.114632023872299,1.0,0.0,0.9804841750435145
1069,1767152654126,5.101351187182151,5.796932671157377,5.815944012019336,5.815944012019336,5.815944012019336,0.9586655497550964,0.9629927805982743,ok,True,True,-30.321537913974595,0.6955814839752259,1.0,0.0,0.9804841750435145
1070,1767152654153,6.05394350092235,5.95113916901636,5.823247938085953,5.823247938085953,5.823247938085953,0.9670439958572388,0.965423509753653,ok,True,True,-28.92367175302362,0.1028043319059897,1.0,0.0,0.9804841750435145
1071,1767152654184,5.8296364459846295,5.8782375351973215,5.764498118011483,5.764498118011483,5.764498118011483,0.9592943787574768,0.9617460311559474,ok,True,True,-27.680486576888395,0.04860108921269202,1.0,0.0,0.9804841750435145
1072,1767152654211,12.812736690812823,10.038937028566622,9.4589049902599,9.4589049902599,9.4589049902599,0.9703563451766968,0.966912219568397,ok,True,True,-21.340668336671513,2.7737996622462013,1.0,0.0,0.9804841750435145
1073,1767152654241,18.23540629735912,14.956818589842118,14.263824425418782,14.263824425418782,14.263824425418782,0.9720529913902283,0.9699966826614957,ok,True,True,-13.766160802914102,3.2785877075170013,1.0,0.0,0.9804841750435145
1074,1767152654274,24.191422998072824,20.49758123478054,19.750641044135243,19.750641044135243,19.750641044135243,0.9668186902999878,0.968089887244591,ok,True,True,-5.602016872471399,3.6938417632922835,1.0,0.0,0.9804841750435145
1075,1767152654304,32.076964296997204,27.44521107211054,26.56560713777251,26.56560713777251,26.56560713777251,0.9582253098487854,0.9621711408071076,ok,True,True,4.012157343425782,4.6317532248866655,1.0,0.0,0.9804841750435145
1076,1767152654337,41.221344743277555,35.71089127481075,34.70514514386466,34.70514514386466,34.70514514386466,0.9438016414642334,0.9511494412013831,ok,True,True,15.005080569897286,5.510453468466807,1.0,0.0,0.9804841750435145
1077,1767152654370,48.79843223131097,43.56341584871088,42.63059827126169,42.63059827126169,42.63059827126169,0.9639941453933716,0.9588562637165762,ok,True,True,25.200886149140192,5.235016382600087,1.0,0.0,0.9804841750435145
1078,1767152654402,54.7800992955121,50.293425916791605,49.531958002802895,49.531958002802895,49.531958002802895,0.9535770416259766,0.9556887304622164,ok,True,True,33.52381980042357,4.486673378720496,1.0,0.0,0.9804841750435145
1079,1767152654435,60.94449143395825,56.68406522709159,56.01056006707651,56.01056006707651,56.01056006707651,0.9646118879318237,0.9610426249439807,ok,True,True,40.88531022913989,4.260426206866661,1.0,0.0,0.9804841750435145
1080,1767152654470,63.81807929831438,60.96447366982526,60.56368729385085,60.56368729385085,60.56368729385085,0.9557586908340454,0.9578722644780195,ok,True,True,45.26595234720401,2.8536056284891202,1.0,0.0,0.9804841750435145
1081,1767152654501,64.43124540393447,63.044536710290785,62.93605704039481,62.93605704039481,62.93605704039481,0.9497150778770447,0.9529779525174347,ok,True,True,46.45164786827719,1.3867086936436834,1.0,0.0,0.9804841750435145
1082,1767152654533,64.20657051945088,63.741756995786844,63.824645761788545,63.824645761788545,63.824645761788545,0.9412476420402527,0.9459397662311255,ok,True,True,45.545663929630024,0.4648135236640343,1.0,0.0,0.9804841750435145
1083,1767152654568,62.54669371504243,63.0247190273402,63.28343554963415,63.28343554963415,63.28343554963415,0.9561871290206909,0.9520881839048647,ok,True,True,42.71786198290841,0.4780253122977669,1.0,0.0,0.9804841750435145
1084,1767152654602,58.36406946499307,60.22832928993192,60.72821824733542,60.72821824733542,60.72821824733542,0.932564914226532,0.940374222097865,ok,True,True,37.25401702103095,1.8642598249388485,1.0,0.0,0.9804841750435145
1085,1767152654637,53.620752292975915,56.26378309175832,56.90063550104729,56.90063550104729,56.90063550104729,0.9662665128707886,0.9559095965616191,ok,True,True,30.29314545862042,2.643030798782405,1.0,0.0,0.9804841750435145
1086,1767152654681,30.880288342892392,41.03368624243876,42.91723624065126,42.91723624065126,42.91723624065126,0.9772362112998962,0.9687055654045853,ok,True,True,9.705722960566128,10.15339789954637,1.0,0.0,0.9804841750435145
1087,1767152654720,22.577065099965143,29.95971355695459,31.441963336302067,31.441963336302067,31.441963336302067,0.9631510972976685,0.9653728845404352,ok,True,True,-6.495441056334851,7.382648456989447,1.0,0.0,0.9804841750435145
1088,1767152654752,15.71793490676672,21.41464636684187,22.509594659293953,22.509594659293953,22.509594659293953,0.9579197764396667,0.9609010196799741,ok,True,True,-18.46335437513546,5.696711460075148,1.0,0.0,0.9804841750435145
1089,1767152654790,10.254901754898409,14.718799599675792,15.519614550538732,15.519614550538732,15.519614550538732,0.9693643450737,0.9659790149162096,ok,True,True,-27.21635575647384,4.463897844777383,1.0,0.0,0.9804841750435145
1090,1767152654828,5.986199643780018,9.479239626138328,10.05213346096811,10.05213346096811,10.05213346096811,0.9734734296798706,0.9704756637744063,ok,True,True,-33.47815259508401,3.4930399823583107,1.0,0.0,0.9804841750435145
1091,1767152654866,4.311649888893546,6.378685783791459,6.664120177215992,6.664120177215992,6.664120177215992,0.9771102666854858,0.974456425521054,ok,True,True,-36.59798400836394,2.067035894897913,1.0,0.0,0.9804841750435145
1092,1767152654900,4.650122039129076,5.34154753699403,5.353002799715477,5.353002799715477,5.353002799715477,0.974818229675293,0.9746735080135974,ok,True,True,-36.72319137408104,0.6914254978649543,1.0,0.0,0.9804841750435145
1093,1767152654932,3.689167350557104,4.350119425131874,4.325429522667303,4.325429522667303,4.325429522667303,0.9816473722457886,0.9788578265529122,ok,True,True,-36.453327843006065,0.6609520745747699,1.0,0.0,0.9804841750435145
1094,1767152654963,4.6049537203642,4.50302000227127,4.347585616104899,4.347585616104899,4.347585616104899,0.9724810123443604,0.9750317380277811,ok,True,True,-34.75441176338535,0.10193371809293073,1.0,0.0,0.9804841750435145
1095,1767152654994,5.605593768533,5.164564262028307,4.94409039643486,4.94409039643486,4.94409039643486,0.96360844373703,0.9681777614533305,ok,True,True,-32.34460654183081,0.44102950650469275,1.0,0.0,0.9804841750435145
1096,1767152655026,7.287143779464213,6.43811197248985,6.151040774144066,6.151040774144066,6.151040774144066,0.9574314951896667,0.9617300016951322,ok,True,True,-29.206884658697334,0.849031806974363,1.0,0.0,0.9804841750435145
1097,1767152655059,10.6803253613744,8.98344000582058,8.558670294016988,8.558670294016988,8.558670294016988,0.9702149033546448,0.9668209426908398,ok,True,True,-24.564101865792292,1.696885355553821,1.0,0.0,0.9804841750435145
1098,1767152655090,15.068244476709586,12.634322688353983,12.088070112527294,12.088070112527294,12.088070112527294,0.9682531356811523,0.9676802584850273,ok,True,True,-18.59349711419722,2.433921788355603,1.0,0.0,0.9804841750435145
1099,1767152655126,21.647186260682098,18.042040831750853,17.30836783812583,17.30836783812583,17.30836783812583,0.9692740440368652,0.9686365298161301,ok,True,True,-10.57436520397192,3.6051454289312446,1.0,0.0,0.9804841750435145
1100,1767152655161,30.917278201598428,25.767183253659397,24.783786449158125,24.783786449158125,24.783786449158125,0.9628344774246216,0.965155298381225,ok,True,True,0.1742772619660098,5.150094947939031,1.0,0.0,0.9804841750435145
1101,1767152655197,39.715933358785726,34.13643331673519,33.09326644630526,33.09326644630526,33.09326644630526,0.9561997056007385,0.9597819427129332,ok,True,True,11.57621356198195,5.579500042050533,1.0,0.0,0.9804841750435145
1102,1767152655251,47.999776582515224,42.45443927620321,41.452738488134806,41.452738488134806,41.452738488134806,0.9655824899673462,0.9632622710655809,ok,True,True,22.524920716115894,5.545337306312014,1.0,0.0,0.9804841750435145
1103,1767152655285,55.00668804310151,49.985788536342184,49.11724307341662,49.11724307341662,49.11724307341662,0.961158812046051,0.9620001956538631,ok,True,True,32.01822454186308,5.020899506759328,1.0,0.0,0.9804841750435145
1104,1767152655317,60.972820056326505,56.57800744833277,55.864453040434356,55.864453040434356,55.864453040434356,0.9550319314002991,0.9578192371017247,ok,True,True,39.817457949362044,4.394812607993735,1.0,0.0,0.9804841750435145
1105,1767152655351,64.04767965031057,61.05981076951945,60.628105046354165,60.628105046354165,60.628105046354165,0.9467035531997681,0.9511498267605507,ok,True,True,44.53605216032871,2.987868880791119,1.0,0.0,0.9804841750435145
1106,1767152655386,64.33244868684982,63.02339351991767,62.92174761424388,62.92174761424388,62.92174761424388,0.9584182500839233,0.9555108807545742,ok,True,True,45.64705383657284,1.309055166932147,1.0,0.0,0.9804841750435145
1107,1767152655421,63.09883460006887,63.06865816800839,63.22207878412321,63.22207878412321,63.22207878412321,0.9348084926605225,0.9430894478981432,ok,True,True,43.97014849991331,0.03017643206047893,1.0,0.0,0.9804841750435145
1108,1767152655457,63.12347917964181,63.10155077498844,63.27858080009609,63.27858080009609,63.27858080009609,0.9664058089256287,0.9570792645146345,ok,True,True,42.03518955261112,0.02192840465337298,1.0,0.0,0.9804841750435145
1109,1767152655496,57.179221529722476,59.54815322782886,60.12087267671506,60.12087267671506,60.12087267671506,0.9511048793792725,0.9534946334334173,ok,True,True,35.775298772826936,2.368931698106387,1.0,0.0,0.9804841750435145
1110,1767152655528,53.85887019789353,56.134583409867666,56.71257053209659,56.71257053209659,56.71257053209659,0.9658517241477966,0.9609088878620449,ok,True,True,29.45783170529278,2.2757132119741357,1.0,0.0,0.9804841750435145
1111,1767152655573,48.029392608293996,51.27146892892347,51.98832008969548,51.98832008969548,51.98832008969548,0.9510149955749512,0.9549725524897887,ok,True,True,21.622564402041167,3.2420763206294723,1.0,0.0,0.9804841750435145
1112,1767152655609,40.35376703332538,44.72084779156462,45.612384740029185,45.612384740029185,45.612384740029185,0.9173479676246643,0.9323978015707142,ok,True,True,11.877960941509498,4.36708075823924,1.0,0.0,0.9804841750435145
1113,1767152655645,30.551851042454988,36.219449742098845,37.31194992164116,37.31194992164116,37.31194992164116,0.9623642563819885,0.9503776744574788,ok,True,True,-0.06319421592334606,5.667598699643857,1.0,0.0,0.9804841750435145
1114,1767152655683,21.87046454235873,27.610058622254776,28.692616657997913,28.692616657997913,28.692616657997913,0.9526305794715881,0.9517294174659444,ok,True,True,-11.895680575010326,5.739594079896047,1.0,0.0,0.9804841750435145
1115,1767152655726,14.92464152306928,19.99880836274348,20.92483851422683,20.92483851422683,20.92483851422683,0.9559512138366699,0.9542624952883798,ok,True,True,-22.017298792003466,5.074166839674199,1.0,0.0,0.9804841750435145
1116,1767152655761,8.791555127378219,13.274456421524324,14.046378956015802,14.046378956015802,14.046378956015802,0.9547972679138184,0.954583358863643,ok,True,True,-30.454502672137487,4.482901294146105,1.0,0.0,0.9804841750435145
1117,1767152655797,4.850140849366407,8.219867078229575,8.756845831978417,8.756845831978417,8.756845831978417,0.9626765847206116,0.959439294377824,ok,True,True,-36.32374346022239,3.3697262288631675,1.0,0.0,0.9804841750435145
1118,1767152655838,3.0291317145225207,5.105425860005342,5.377815615828505,5.377815615828505,5.377815615828505,0.9665600657463074,0.963711757198914,ok,True,True,-39.300995453848856,2.076294145482821,1.0,0.0,0.9804841750435145
1119,1767152655871,2.1100291314659865,3.308187822881729,3.3929634405888267,3.3929634405888267,3.3929634405888267,0.965505063533783,0.9647877409998353,ok,True,True,-40.227602903040996,1.1981586914157427,1.0,0.0,0.9804841750435145
1120,1767152655905,2.2906506804955997,2.6976655374500513,2.625609970616399,2.625609970616399,2.625609970616399,0.9707141518592834,0.9683435875155042,ok,True,True,-39.44002710247877,0.4070148569544516,1.0,0.0,0.9804841750435145
1121,1767152655939,3.7954758366487056,3.3563517169692436,3.1280709528367394,3.1280709528367394,3.1280709528367394,0.9591982364654541,0.9628563768854741,ok,True,True,-36.944891563823255,0.43912411967946197,1.0,0.0,0.9804841750435145
1122,1767152655974,5.303140177108956,4.524424793053071,4.231139897593238,4.231139897593238,4.231139897593238,0.9548755288124084,0.9580678680416347,ok,True,True,-33.73925324211195,0.7787153840558849,1.0,0.0,0.9804841750435145
1123,1767152656009,7.495214608353991,6.306898682233623,5.949713506946567,5.949713506946567,5.949713506946567,0.9586099982261658,0.9583931461523534,ok,True,True,-29.835177363768018,1.1883159261203682,1.0,0.0,0.9804841750435145
1124,1767152656041,11.62247476441403,9.496244331541867,8.98943558285632,8.98943558285632,8.98943558285632,0.939460813999176,0.947033746860447,ok,True,True,-24.295698271202706,2.1262304328721626,1.0,0.0,0.9804841750435145
1125,1767152656090,16.353521372674596,13.610610556221504,13.004472689488875,13.004472689488875,13.004472689488875,0.9521875977516174,0.9501260573951492,ok,True,True,-17.670540263007318,2.742910816453092,1.0,0.0,0.9804841750435145
1126,1767152656143,23.232560340042955,19.383780426514374,18.6060706971259,18.6060706971259,18.6060706971259,0.9615560173988342,0.9569840333973602,ok,True,True,-9.170081663574033,3.848779913528581,1.0,0.0,0.9804841750435145
1127,1767152656175,32.74921302342183,27.403039984658847,26.387127279091736,26.387127279091736,26.387127279091736,0.9720513820648193,0.9660244425978357,ok,True,True,1.9339634164610118,5.346173038762984,1.0,0.0,0.9804841750435145
1128,1767152656209,43.49962922433467,37.06099352846434,35.876916530944285,35.876916530944285,35.876916530944285,0.9579026103019714,0.9611513432203171,ok,True,True,14.876063940103574,6.438635695870332,1.0,0.0,0.9804841750435145
1129,1767152656240,52.083351232667155,46.07440815098603,44.9916449830741,44.9916449830741,44.9916449830741,0.9712714552879333,0.9672234104608869,ok,True,True,26.710792417865875,6.0089430816811245,1.0,0.0,0.9804841750435145
1130,1767152656272,62.78918534315384,56.10327446628672,54.962515378617425,54.962515378617425,54.962515378617425,0.9731374979019165,0.9707718629255047,ok,True,True,39.1794231038739,6.685910876867119,1.0,0.0,0.9804841750435145
1131,1767152656304,65.23486100426274,61.58222638907233,60.989180102488724,60.989180102488724,60.989180102488724,0.9559703469276428,0.9618909533267875,ok,True,True,45.66148860486169,3.652634615190408,1.0,0.0,0.9804841750435145
1132,1767152656338,65.46561082358976,63.91225704978279,63.75589343774763,63.75589343774763,63.75589343774763,0.9429391026496887,0.9505198429205282,ok,True,True,47.37056123226453,1.5533537738069683,1.0,0.0,0.9804841750435145
1133,1767152656379,65.30492103807669,64.74785544275912,64.8133747261669,64.8133747261669,64.8133747261669,0.965006411075592,0.9592117838135665,ok,True,True,46.65442777652087,0.5570655953175674,1.0,0.0,0.9804841750435145
1134,1767152656413,63.482745193892015,63.988789293438856,64.2543827221364,64.2543827221364,64.2543827221364,0.9513336420059204,0.9544848987289789,ok,True,True,43.75146043586511,0.5060440995468412,1.0,0.0,0.9804841750435145
1135,1767152656448,57.676779958544564,60.20158369250228,60.816666751880625,60.816666751880625,60.816666751880625,0.9436777830123901,0.9480006292990256,ok,True,True,37.02853042241446,2.524803733957718,1.0,0.0,0.9804841750435145
1136,1767152656493,54.30548998194998,56.663927466170904,57.265153764246236,57.265153764246236,57.265153764246236,0.9702923893928528,0.9613756853553219,ok,True,True,30.45705643597154,2.3584374842209215,1.0,0.0,0.9804841750435145
1137,1767152656540,48.23663007336893,51.60754903048972,52.35228065466356,52.35228065466356,52.35228065466356,0.9608308672904968,0.9610487945164268,ok,True,True,22.31705239621721,3.370918957120793,1.0,0.0,0.9804841750435145
1138,1767152656577,39.75862457545267,44.49819435746749,45.4577848242044,45.4577848242044,45.4577848242044,0.9232085347175598,0.9383446386371066,ok,True,True,11.828615995502625,4.739569782014819,1.0,0.0,0.9804841750435145
1139,1767152656609,29.864871892185803,35.718200878298475,36.84920572421608,36.84920572421608,36.84920572421608,0.9551864862442017,0.9484497472013637,ok,True,True,-0.5333996835871346,5.853328986112672,1.0,0.0,0.9804841750435145
1140,1767152656644,20.749222381839488,26.736813780423084,27.86343704943887,27.86343704943887,27.86343704943887,0.9499872922897339,0.9493722742543858,ok,True,True,-12.847524213001543,5.9875913985835965,1.0,0.0,0.9804841750435145
1141,1767152656676,8.177279785783886,15.601093383639567,16.921853848985823,16.921853848985823,16.921853848985823,0.9671353101730347,0.9600300958055751,ok,True,True,-27.283591078555745,7.4238135978556805,1.0,0.0,0.9804841750435145
1142,1767152656709,4.247026835554412,8.788653454788474,9.594869870050637,9.594869870050637,9.594869870050637,0.9559222459793091,0.9575653859098155,ok,True,True,-36.09563109959076,4.541626619234061,1.0,0.0,0.9804841750435145
1143,1767152656741,3.336901592351642,5.517602337326375,5.838368031685132,5.838368031685132,5.838368031685132,0.9704662561416626,0.9653059080489237,ok,True,True,-39.60163777789102,2.180700744974733,1.0,0.0,0.9804841750435145
1144,1767152656773,3.0676043860853244,4.047603566581745,4.100137799469603,4.100137799469603,4.100137799469603,0.9707527756690979,0.9685740286210283,ok,True,True,-40.175843107773375,0.9799991804964203,1.0,0.0,0.9804841750435145
1145,1767152656804,2.4617776293725764,3.096108004256244,3.0587014490014584,3.0587014490014584,3.0587014490014584,0.969368040561676,0.9690504357854168,ok,True,True,-39.766985069516934,0.6343303748836675,1.0,0.0,0.9804841750435145
1146,1767152656836,3.6910812136629327,3.453091929900257,3.261133765265393,3.261133765265393,3.261133765265393,0.9607739448547363,0.9640845412270085,ok,True,True,-37.668859805499835,0.2379892837626758,1.0,0.0,0.9804841750435145
1147,1767152656867,4.641667706910838,4.166237396106606,3.9250858502925627,3.9250858502925627,3.9250858502925627,0.9558719396591187,0.9591569802862746,ok,True,True,-35.03304511279504,0.47543031080423237,1.0,0.0,0.9804841750435145
1148,1767152656898,7.198537090267358,5.985617212603057,5.625318333420233,5.625318333420233,5.625318333420233,0.9529770612716675,0.9554490288775104,ok,True,True,-31.09493608550529,1.2129198776643006,1.0,0.0,0.9804841750435145
1149,1767152656930,11.221810684244067,9.127333295587663,8.620806230849542,8.620806230849542,8.620806230849542,0.942854106426239,0.9478920754067475,ok,True,True,-25.55853583153843,2.0944773886564043,1.0,0.0,0.9804841750435145
1150,1767152656963,16.900098835819833,13.790992619726964,13.118883542012444,13.118883542012444,13.118883542012444,0.9706693887710571,0.9615584634253334,ok,True,True,-18.212304746184806,3.1091062160928686,1.0,0.0,0.9804841750435145
1151,1767152657004,23.2580957567973,19.471254501969163,18.694535609816178,18.694535609816178,18.694535609816178,0.9602030515670776,0.96074521631038,ok,True,True,-9.722676114001223,3.7868412548281363,1.0,0.0,0.9804841750435145
1152,1767152657041,31.24454879269504,26.535231076404685,25.623988877321615,25.623988877321615,25.623988877321615,0.9534040093421936,0.9563404921294683,ok,True,True,0.2373080480240617,4.709317716290354,1.0,0.0,0.9804841750435145
1153,1767152657084,38.37867755012069,33.64129896063429,32.74739870539951,32.74739870539951,32.74739870539951,0.9540926814079285,0.9549918056965444,ok,True,True,10.007742728866925,4.737378589486404,1.0,0.0,0.9804841750435145
1154,1767152657124,47.457314212414346,41.93090811170232,40.94320065226662,40.94320065226662,40.94320065226662,0.9648265838623047,0.9608926725960006,ok,True,True,20.803501159054683,5.526406100712023,1.0,0.0,0.9804841750435145
1155,1767152657159,55.3212167888359,49.965093317982465,49.03558584401781,49.03558584401781,49.03558584401781,0.9636030793190002,0.9625189166298004,ok,True,True,30.963126918800825,5.356123470853433,1.0,0.0,0.9804841750435145
1156,1767152657192,61.80916099156344,57.07153392213105,56.28986014538535,56.28986014538535,56.28986014538535,0.9589726328849792,0.9603911463829077,ok,True,True,39.506913020993835,4.737627069432385,1.0,0.0,0.9804841750435145
1157,1767152657226,65.33037024478122,62.02683571572115,61.53352668340846,61.53352668340846,61.53352668340846,0.9470043778419495,0.9523590852583328,ok,True,True,44.89883862953392,3.303534529060073,1.0,0.0,0.9804841750435145
1158,1767152657258,66.50776388441137,64.71539261693529,64.52730927804184,64.52730927804184,64.52730927804184,0.9448042511940002,0.9478261848197334,ok,True,True,46.954611593521555,1.792371267476085,1.0,0.0,0.9804841750435145
1159,1767152657312,65.55426349147984,65.21871514166202,65.31623099174713,65.31623099174713,65.31623099174713,0.9628640413284302,0.9568488987249514,ok,True,True,45.88875190948636,0.33554834981782733,1.0,0.0,0.9804841750435145
1160,1767152657344,64.94597687467912,65.05507218147227,65.25493511738969,65.25493511738969,65.25493511738969,0.9600417017936707,0.9587645805661829,ok,True,True,43.70422656779739,0.10909530679315083,1.0,0.0,0.9804841750435145
1161,1767152657378,60.490871393857056,62.316551708903134,62.807083136019145,62.807083136019145,62.807083136019145,0.9500572681427002,0.9535401931120933,ok,True,True,38.342660509983844,1.8256803150460783,1.0,0.0,0.9804841750435145
1162,1767152657411,54.37014751930905,57.548709195146685,58.27822023758859,58.27822023758859,58.27822023758859,0.9494161605834961,0.951065773594935,ok,True,True,30.369019214557447,3.178561675837635,1.0,0.0,0.9804841750435145
1163,1767152657472,40.19077256581401,47.13394721754708,48.49069860327671,48.49069860327671,48.49069860327671,0.9394906759262085,0.9441207149936991,ok,True,True,15.539567366003272,6.943174651733074,1.0,0.0,0.9804841750435145
1164,1767152657505,30.79326791861208,37.32953963818608,38.633006880407706,38.633006880407706,38.633006880407706,0.9627983570098877,0.9553273002034123,ok,True,True,1.2925174584048928,6.536271719573996,1.0,0.0,0.9804841750435145
1165,1767152657545,22.3745289562733,28.356533229038412,29.508261867357845,29.508261867357845,29.508261867357845,0.9506266713142395,0.9525069228699087,ok,True,True,-11.29601170338689,5.9820042727651135,1.0,0.0,0.9804841750435145
1166,1767152657585,14.628314592518548,20.11960204712649,21.125412969811556,21.125412969811556,21.125412969811556,0.9449220895767212,0.9479560228939962,ok,True,True,-22.289643111168157,5.491287454607944,1.0,0.0,0.9804841750435145
1167,1767152657617,5.522883846743291,11.361571126896571,12.368356110306637,12.368356110306637,12.368356110306637,0.9667959213256836,0.9592599619530087,ok,True,True,-33.293921116970886,5.83868728015328,1.0,0.0,0.9804841750435145
1168,1767152657650,3.583985342449714,6.695019656228457,7.204339810762741,7.204339810762741,7.204339810762741,0.9657436609268188,0.9631501813372948,ok,True,True,-38.860850170153704,3.1110343137787426,1.0,0.0,0.9804841750435145
1169,1767152657683,2.2545918903275344,4.030762996687903,4.240383821388174,4.240383821388174,4.240383821388174,0.9685696959495544,0.9664018901046505,ok,True,True,-41.15203038123944,1.7761711063603687,1.0,0.0,0.9804841750435145
1170,1767152657716,1.7799136087255742,2.6802533639105057,2.7012795751107324,2.7012795751107324,2.7012795751107324,0.9638863205909729,0.964892548396444,ok,True,True,-41.38184933689402,0.9003397551849315,1.0,0.0,0.9804841750435145
1171,1767152657749,3.2394612467173767,3.015778093594628,2.826728743615788,2.826728743615788,2.826728743615788,0.9597257971763611,0.9617924976643942,ok,True,True,-39.31551775839041,0.22368315312274856,1.0,0.0,0.9804841750435145
1172,1767152657781,3.792596420984982,3.48186909002884,3.2624891270587852,3.2624891270587852,3.2624891270587852,0.9584199786186218,0.9597689862369309,ok,True,True,-36.91766902086915,0.310727330956142,1.0,0.0,0.9804841750435145
1173,1767152657813,5.028710599210492,4.409973995537832,4.144565742995287,4.144565742995287,4.144565742995287,0.9390920996665955,0.9473628542947297,ok,True,True,-34.01672567731623,0.6187366036726605,1.0,0.0,0.9804841750435145
1174,1767152657846,8.106828933077455,6.628086958061606,6.224360630470688,6.224360630470688,6.224360630470688,0.9397470951080322,0.9427933987827113,ok,True,True,-29.60394954310692,1.4787419750158497,1.0,0.0,0.9804841750435145
1175,1767152657876,12.970334409205956,10.433435428748215,9.853542751125108,9.853542751125108,9.853542751125108,0.9490659832954407,0.946556949490349,ok,True,True,-23.26565453151467,2.5368989804577406,1.0,0.0,0.9804841750435145
1176,1767152657912,18.42858002964137,15.230522189284109,14.543863691773588,14.543863691773588,14.543863691773588,0.9617669582366943,0.9556829547381562,ok,True,True,-15.760396580547663,3.1980578403572615,1.0,0.0,0.9804841750435145
1177,1767152657954,26.436712019398527,21.95423608735276,21.068559088184916,21.068559088184916,21.068559088184916,0.9670114517211914,0.9624800529279773,ok,True,True,-6.079843053441239,4.482475932045766,1.0,0.0,0.9804841750435145
1178,1767152657988,33.88930070082999,29.1152748554391,28.194591588651292,28.194591588651292,28.194591588651292,0.9604640007019043,0.9612704215923336,ok,True,True,3.983333086420952,4.7740258453908915,1.0,0.0,0.9804841750435145
1179,1767152658023,43.15067967937864,37.536517749802826,36.5087178786706,36.5087178786706,36.5087178786706,0.958245575428009,0.9594555138937388,ok,True,True,15.217306280934263,5.614161929575815,1.0,0.0,0.9804841750435145
1180,1767152658060,56.279556439230234,48.78234096345927,47.46913773740644,47.46913773740644,47.46913773740644,0.9716280102729797,0.9667590117212833,ok,True,True,29.57077163423748,7.497215475770965,1.0,0.0,0.9804841750435145
1181,1767152658090,62.205158234370245,56.83603132600586,55.900635657720166,55.900635657720166,55.900635657720166,0.9437938928604126,0.952979940404761,ok,True,True,39.79475604883909,5.369126908364386,1.0,0.0,0.9804841750435145
1182,1767152658123,64.05801910895136,61.16922399577316,60.72926081228246,60.72926081228246,60.72926081228246,0.9519177079200745,0.9523426009139491,ok,True,True,44.60360527010098,2.8887951131781975,1.0,0.0,0.9804841750435145
1183,1767152658162,63.87833437579638,62.794690223787086,62.730110011509844,62.730110011509844,62.730110011509844,0.9577355980873108,0.9555783992179661,ok,True,True,45.309474568196244,1.0836441520092919,1.0,0.0,0.9804841750435145
1184,1767152658198,62.71171124505606,62.74490283654847,62.911812769480846,62.911812769480846,62.911812769480846,0.9122653007507324,0.9295905401376259,ok,True,True,43.48512941587121,0.03319159149241102,1.0,0.0,0.9804841750435145
1185,1767152658234,62.296885727370295,62.47609257104156,62.68649568633564,62.68649568633564,62.68649568633564,0.9696592092514038,0.9536317416058926,ok,True,True,41.18539867680043,0.17920684367126682,1.0,0.0,0.9804841750435145
1186,1767152658265,50.56144499197794,55.32730402360339,56.301855354813036,56.301855354813036,56.301855354813036,0.913896918296814,0.9297908476204454,ok,True,True,30.533438271876427,4.765859031625446,1.0,0.0,0.9804841750435145
1187,1767152658326,43.16927231345478,48.03248499751423,49.06899052937361,49.06899052937361,49.06899052937361,0.9406126141548157,0.9362839075410676,ok,True,True,19.20431118408461,4.863212684059448,1.0,0.0,0.9804841750435145
1188,1767152658378,33.405374954551526,39.25621897173661,40.42283118213999,40.42283118213999,40.42283118213999,0.9700299501419067,0.9565315331015711,ok,True,True,6.4531028329624185,5.850844017185082,1.0,0.0,0.9804841750435145
1189,1767152658418,23.427274358548516,29.758852203823754,30.97302739348641,30.97302739348641,30.97302739348641,0.9682192802429199,0.9635441813863804,ok,True,True,-6.817974462549973,6.331577845275238,1.0,0.0,0.9804841750435145
1190,1767152658448,15.50630647648803,21.20732476742232,22.27187533256712,22.27187533256712,22.27187533256712,0.9535454511642456,0.9575449432530995,ok,True,True,-18.453637054983005,5.701018290934291,1.0,0.0,0.9804841750435145
1191,1767152658478,8.281611188066465,13.451896619808807,14.36761120052028,14.36761120052028,14.36761120052028,0.9570289850234985,0.957235368315339,ok,True,True,-28.462504873000334,5.170285431742341,1.0,0.0,0.9804841750435145
1192,1767152658511,3.6389758595565125,7.5641441636574305,8.217568019281295,8.217568019281295,8.217568019281295,0.9817681312561035,0.9719550260797977,ok,True,True,-35.604504288360914,3.925168304100918,1.0,0.0,0.9804841750435145
1193,1767152658543,2.520342989878248,4.537863459389921,4.816085679244702,4.816085679244702,4.816085679244702,0.9667231440544128,0.9688158968645667,ok,True,True,-38.64550579823999,2.0175204695116733,1.0,0.0,0.9804841750435145
1194,1767152658574,1.9681906101785,2.9960597498630683,3.0554167641915315,3.0554167641915315,3.0554167641915315,0.9682402014732361,0.9684704796297683,ok,True,True,-39.29428492985998,1.0278691396845683,1.0,0.0,0.9804841750435145
1195,1767152658605,1.1872999789806908,1.910803887333642,1.892366887694377,1.892366887694377,1.892366887694377,0.9672828316688538,0.9677578908532195,ok,True,True,-39.092766360387316,0.7235039083529511,1.0,0.0,0.9804841750435145
1196,1767152658636,1.1844665420102005,1.4750014801395772,1.3761487027958705,1.3761487027958705,1.3761487027958705,0.9621062874794006,0.9643669288289283,ok,True,True,-38.01229390453941,0.2905349381293767,1.0,0.0,0.9804841750435145
1197,1767152658667,2.1720141572808713,1.8932090864243536,1.694088001219894,1.694088001219894,1.694088001219894,0.9619508981704712,0.962917310433854,ok,True,True,-35.83587707819256,0.27880507085651773,1.0,0.0,0.9804841750435145
1198,1767152658698,3.0242119943465786,2.5718108311776886,2.3405342444930026,2.3405342444930026,2.3405342444930026,0.9600280523300171,0.9611837555715518,ok,True,True,-33.30799684750896,0.45240116316889,1.0,0.0,0.9804841750435145
1199,1767152658732,5.924306575351601,4.583308277682036,4.209087498011427,4.209087498011427,4.209087498011427,0.9446617364883423,0.9512705441216261,ok,True,True,-29.217719814278354,1.3409982976695645,1.0,0.0,0.9804841750435145
1200,1767152658766,9.64483921107156,7.62022683771575,7.130825718585033,7.130825718585033,7.130825718585033,0.9518503546714783,0.9516184304515375,ok,True,True,-23.868508155375558,2.0246123733558097,1.0,0.0,0.9804841750435145
1201,1767152658797,15.686795836774596,12.460168237151057,11.77658358057036,11.77658358057036,11.77658358057036,0.9619492888450623,0.9578169454876524,ok,True,True,-16.39684764645902,3.226627599623539,1.0,0.0,0.9804841750435145
1202,1767152658837,21.635892744156717,17.965602941354454,17.21386902014914,17.21386902014914,17.21386902014914,0.9648513197898865,0.9620375700689929,ok,True,True,-8.180307678494295,3.6702898028022624,1.0,0.0,0.9804841750435145
1203,1767152658870,28.77317104206883,24.450143801783078,23.612096757063636,23.612096757063636,23.612096757063636,0.9341685175895691,0.9453161385813387,ok,True,True,0.9796448575458019,4.323027240285754,1.0,0.0,0.9804841750435145
1204,1767152658903,38.446415659926366,32.84790691666905,31.820775909435376,31.820775909435376,31.820775909435376,0.9544620513916016,0.9508036862674965,ok,True,True,12.206307291162819,5.5985087432573195,1.0,0.0,0.9804841750435145
1205,1767152658940,45.755022063498345,40.59217600476663,39.658641709662156,39.658641709662156,39.658641709662156,0.9640493988990784,0.9587511138464456,ok,True,True,22.409946678478335,5.162846058731716,1.0,0.0,0.9804841750435145
1206,1767152658972,52.399868556883874,47.67679153603697,46.86528450373206,46.86528450373206,46.86528450373206,0.9516425132751465,0.954485953503666,ok,True,True,31.279813764596696,4.723077020846901,1.0,0.0,0.9804841750435145
1207,1767152659008,58.98192539732293,54.45987185280855,53.7286348993881,53.7286348993881,53.7286348993881,0.9571782350540161,0.9561013224338761,ok,True,True,39.27231946953867,4.522053544514385,1.0,0.0,0.9804841750435145
1208,1767152659039,64.81328236600838,60.67191816072845,60.04310473535342,60.04310473535342,60.04310473535342,0.9522063136100769,0.9537643171395966,ok,True,True,46.14532399446772,4.1413642052799275,1.0,0.0,0.9804841750435145
1209,1767152659074,66.11085281507658,63.93527895333733,63.672557857427435,63.672557857427435,63.672557857427435,0.9042197465896606,0.924037574809635,ok,True,True,49.01689640071217,2.1755738617392524,1.0,0.0,0.9804841750435145
1210,1767152659107,65.1348975778373,64.65505012803732,64.72775101226033,64.72775101226033,64.72775101226033,0.9453175067901611,0.9368055339979506,ok,True,True,48.22226720536208,0.4798474497999763,1.0,0.0,0.9804841750435145
1211,1767152659156,63.88658180389507,64.19396913355197,64.43293972234909,64.43293972234909,64.43293972234909,0.9271435737609863,0.931008357855772,ok,True,True,45.61029062876792,0.30738732965690474,1.0,0.0,0.9804841750435145
1212,1767152659201,61.25916386310899,62.433085971286175,62.82596244963054,62.82596244963054,62.82596244963054,0.949360191822052,0.94201945823554,ok,True,True,41.31610461995532,1.1739221081771873,1.0,0.0,0.9804841750435145
1213,1767152659237,55.49166555198769,58.268233719707084,58.9306101207253,58.9306101207253,58.9306101207253,0.9421862363815308,0.9421195251231345,ok,True,True,34.07625283293406,2.7765681677193967,1.0,0.0,0.9804841750435145
1214,1767152659273,50.559306982742605,53.642877677528396,54.35979337034068,54.35979337034068,54.35979337034068,0.9526486396789551,0.9484369938566268,ok,True,True,26.24028018690997,3.0835706947857915,1.0,0.0,0.9804841750435145
1215,1767152659309,42.67439789085019,47.06178980552147,47.973913126021735,47.973913126021735,47.973913126021735,0.9424729347229004,0.9448585583763909,ok,True,True,16.2706652644031,4.387391914671284,1.0,0.0,0.9804841750435145
1216,1767152659343,24.67548668043099,33.63000793046719,35.29140985201065,35.29140985201065,35.29140985201065,0.9525788426399231,0.9494907289345103,ok,True,True,-1.888652688586916,8.954521250036198,1.0,0.0,0.9804841750435145
1217,1767152659377,12.05165712906183,20.682997449623976,22.306363532556333,22.306363532556333,22.306363532556333,0.9601419568061829,0.9558814656575139,ok,True,True,-19.632234462395168,8.631340320562146,1.0,0.0,0.9804841750435145
1218,1767152659410,7.494944483531247,12.770165669968339,13.761430255761336,13.761430255761336,13.761430255761336,0.9719631671905518,0.9655304865773366,ok,True,True,-30.46687270106475,5.275221186437092,1.0,0.0,0.9804841750435145
1219,1767152659441,5.500768095298166,8.408527125166236,8.892602093923164,8.892602093923164,8.892602093923164,0.9732213616371155,0.970145011613204,ok,True,True,-35.757868911406376,2.90775902986807,1.0,0.0,0.9804841750435145
1220,1767152659480,4.274757734910631,5.928265491012873,6.126077521582493,6.126077521582493,6.126077521582493,0.9586483836174011,0.9632470348157223,ok,True,True,-37.9199776169887,1.6535077561022415,1.0,0.0,0.9804841750435145
1221,1767152659513,3.4916716211109398,4.466309169071713,4.510479532199048,4.510479532199048,4.510479532199048,0.9564982652664185,0.95919777308614,ok,True,True,-38.40276486896391,0.9746375479607732,1.0,0.0,0.9804841750435145
1222,1767152659545,3.9705339637971124,4.168844045906953,4.064106277587113,4.064106277587113,4.064106277587113,0.9538586735725403,0.9559943133779801,ok,True,True,-37.25796877119629,0.19831008210984047,1.0,0.0,0.9804841750435145
1223,1767152659579,4.863675827186903,4.585743114674923,4.388917518331475,4.388917518331475,4.388917518331475,0.9474011063575745,0.9508383891657367,ok,True,True,-35.106641907455185,0.27793271251197993,1.0,0.0,0.9804841750435145
1224,1767152659609,6.45272820200641,5.705934167073815,5.42834249039581,5.42834249039581,5.42834249039581,0.9478822350502014,0.9490646966964156,ok,True,True,-32.072532308486835,0.746794034932595,1.0,0.0,0.9804841750435145
1225,1767152659644,8.684919043097333,7.493325092687925,7.1435431655576105,7.1435431655576105,7.1435431655576105,0.9483293890953064,0.94862351213575,ok,True,True,-28.249374801200425,1.1915939504094073,1.0,0.0,0.9804841750435145
1226,1767152659674,12.592326330126609,10.552725835151136,10.0671455428526,10.0671455428526,10.0671455428526,0.9550464153289795,0.9524772540516877,ok,True,True,-22.941925227912886,2.0396004949754722,1.0,0.0,0.9804841750435145
1227,1767152659708,17.208138838471697,14.545973637143472,13.960758917093132,13.960758917093132,13.960758917093132,0.9472938179969788,0.9493671924188622,ok,True,True,-16.545459668097337,2.662165201328225,1.0,0.0,0.9804841750435145
1228,1767152659922,25.166458661447432,20.91826465172585,20.080209866806776,20.080209866806776,20.080209866806776,0.9646331071853638,0.9585267412787631,ok,True,True,-7.385422530767004,4.248194009721583,1.0,0.0,0.9804841750435145
1229,1767152659949,33.471687724866975,28.450318495610524,27.48868548269261,27.48868548269261,27.48868548269261,0.9360716342926025,0.9450536770870668,ok,True,True,3.125339139380346,5.02136922925645,1.0,0.0,0.9804841750435145
1230,1767152659976,42.13550461681153,36.66143016833113,35.649320111679685,35.649320111679685,35.649320111679685,0.9516429305076599,0.9490072291394227,ok,True,True,14.187820820560647,5.474074448480401,1.0,0.0,0.9804841750435145
1231,1767152660018,50.263072009578345,44.82241527307946,43.851420891823174,43.851420891823174,43.851420891823174,0.9566734433174133,0.9536069576462171,ok,True,True,24.80090334511842,5.440656736498887,1.0,0.0,0.9804841750435145
1232,1767152660051,64.90178560314546,56.87003747111906,55.5093412299905,55.5093412299905,55.5093412299905,0.9494406580924988,0.9511071779139861,ok,True,True,39.67347292607609,8.031748132026394,1.0,0.0,0.9804841750435145
1233,1767152660090,64.25528494493135,61.30118595540644,60.80237281275342,60.80237281275342,60.80237281275342,0.9368991851806641,0.9425823822739929,ok,True,True,45.125559106493654,2.9540989895249083,1.0,0.0,0.9804841750435145
1234,1767152660118,59.149172893958365,60.009978118537596,60.2662911374374,60.2662911374374,60.2662911374374,0.9322712421417236,0.9363956981946313,ok,True,True,42.32402773389947,0.8608052245792308,1.0,0.0,0.9804841750435145
1235,1767152660152,54.85073406299146,56.91443168520992,57.44597504983548,57.44597504983548,57.44597504983548,0.9389834403991699,0.9379483435173545,ok,True,True,36.51419638672589,2.063697622218463,1.0,0.0,0.9804841750435145
1236,1767152660206,48.574544731949004,51.91049951325337,52.66413458996048,52.66413458996048,52.66413458996048,0.9560238122940063,0.9487936247833455,ok,True,True,28.276876566043104,3.335954781304366,1.0,0.0,0.9804841750435145
1237,1767152660241,41.81601017220796,45.85380590862613,46.71907816528722,46.71907816528722,46.71907816528722,0.940657377243042,0.9439118762591634,ok,True,True,18.81934926884784,4.037795736418168,1.0,0.0,0.9804841750435145
1238,1767152660276,33.679247040794536,38.549070587927176,39.53090768901176,39.53090768901176,39.53090768901176,0.9414463639259338,0.9424325688592257,ok,True,True,8.087754544271423,4.86982354713264,1.0,0.0,0.9804841750435145
1239,1767152660383,26.887314707756303,31.55201705982465,32.472600466226346,32.472600466226346,32.472600466226346,0.9609711170196533,0.9535556977554822,ok,True,True,-1.974330109852799,4.664702352068346,1.0,0.0,0.9804841750435145
1240,1767152660419,14.106651833769005,21.084797924191264,22.348404606293297,22.348404606293297,22.348404606293297,0.9587225317955017,0.9566557981794939,ok,True,True,-15.785699418067045,6.978146090422259,1.0,0.0,0.9804841750435145
1241,1767152660446,8.470589364591197,13.516272788431223,14.443269030315033,14.443269030315033,14.443269030315033,0.947023332118988,0.9508763185431903,ok,True,True,-25.91787711649915,5.0456834238400265,1.0,0.0,0.9804841750435145
1242,1767152660480,6.92697543335931,9.562694375388077,10.010977698357463,10.010977698357463,10.010977698357463,0.9503664374351501,0.9505703898783662,ok,True,True,-30.81766643855636,2.6357189420287668,1.0,0.0,0.9804841750435145
1243,1767152660510,5.432190874340984,7.084392274759821,7.29636963883466,7.29636963883466,7.29636963883466,0.9654377698898315,0.9594908178852454,ok,True,True,-33.13460390152475,1.6522014004188375,1.0,0.0,0.9804841750435145
1244,1767152660542,6.245151644068887,6.5808478963452615,6.537436908096333,6.537436908096333,6.537436908096333,0.954893946647644,0.9567326951426846,ok,True,True,-32.6601167060763,0.33569625227637445,1.0,0.0,0.9804841750435145
1245,1767152660574,7.729751922536079,7.270190312059752,7.066907746439716,7.066907746439716,7.066907746439716,0.968093991279602,0.963549472824835,ok,True,True,-30.438214410475034,0.45956161047632715,1.0,0.0,0.9804841750435145
1246,1767152660605,10.306087535140165,9.091728645907999,8.752509032795881,8.752509032795881,8.752509032795881,0.9581351280212402,0.9603008659426782,ok,True,True,-26.730504234799742,1.214358889232166,1.0,0.0,0.9804841750435145
1247,1767152660635,15.008822763042447,12.641985116188668,12.108451528867683,12.108451528867683,12.108451528867683,0.949706494808197,0.9539442432619895,ok,True,True,-20.898919520030496,2.3668376468537797,1.0,0.0,0.9804841750435145
1248,1767152660668,20.5579452706531,17.391561208867326,16.72418393575625,16.72418393575625,16.72418393575625,0.9675569534301758,0.9621118693629012,ok,True,True,-13.604407614227092,3.1663840617857737,1.0,0.0,0.9804841750435145
1249,1767152660715,27.487773452034084,23.44928855476738,22.64811256178183,22.64811256178183,22.64811256178183,0.9591309428215027,0.960323313438062,ok,True,True,-4.847460000123508,4.038484897266702,1.0,0.0,0.9804841750435145
1250,1767152660748,35.120242276066776,30.45186078754702,29.562878980387193,29.562878980387193,29.562878980387193,0.9432903528213501,0.9501035370680349,ok,True,True,4.869215466124663,4.668381488519756,1.0,0.0,0.9804841750435145
1251,1767152660779,41.59438712348773,37.13737658911145,36.310128721965526,36.310128721965526,36.310128721965526,0.9533313512802124,0.9520402255953414,ok,True,True,13.911131724100194,4.4570105343762805,1.0,0.0,0.9804841750435145
1252,1767152660813,48.884199736200685,44.18547047736499,43.3582843354677,43.3582843354677,43.3582843354677,0.9666818976402283,0.9608252288222735,ok,True,True,22.952373317865234,4.698729258835698,1.0,0.0,0.9804841750435145
1253,1767152660854,55.318394846538716,50.86522509886922,50.112790210941625,50.112790210941625,50.112790210941625,0.9550400972366333,0.9573541498708894,ok,True,True,31.1765749343566,4.453169747669499,1.0,0.0,0.9804841750435145
1254,1767152660891,60.37613156489383,56.57176897848399,55.96688913675236,55.96688913675236,55.96688913675236,0.9220514297485352,0.9361725177974769,ok,True,True,37.78798258167318,3.8043625864098445,1.0,0.0,0.9804841750435145
1255,1767152660925,64.93243040218532,61.58816583270479,61.10137474712958,61.10137474712958,61.10137474712958,0.9347010850906372,0.9352896581733731,ok,True,True,43.10866626755034,3.3442645694805293,1.0,0.0,0.9804841750435145
1256,1767152660975,65.14777161194256,63.72392930024745,63.59160886639564,63.59160886639564,63.59160886639564,0.9283307194709778,0.931114294951936,ok,True,True,44.55494413615922,1.423842311695111,1.0,0.0,0.9804841750435145
1257,1767152661014,65.04140565248443,64.51441511158964,64.57717792420232,64.57717792420232,64.57717792420232,0.9492709040641785,0.9420082604192814,ok,True,True,43.86893922965318,0.5269905408947864,1.0,0.0,0.9804841750435145
1258,1767152661049,63.490992621990706,63.900361617830285,64.13910045540169,64.13910045540169,64.13910045540169,0.9430878758430481,0.9426560296735415,ok,True,True,41.25949572114991,0.40936899583957853,1.0,0.0,0.9804841750435145
1259,1767152661085,60.23533331154074,61.701344634056554,62.1269078999038,62.1269078999038,62.1269078999038,0.9414735436439514,0.9419465380557874,ok,True,True,36.60803928943136,1.4660113225158113,1.0,0.0,0.9804841750435145
1260,1767152661141,50.688662288817305,55.093735226913005,56.01487200037265,56.01487200037265,56.01487200037265,0.9188819527626038,0.9281077868798773,ok,True,True,26.539906268431153,4.405072938095699,1.0,0.0,0.9804841750435145
1261,1767152661181,44.51043056370799,48.74375242899,49.653989996759904,49.653989996759904,49.653989996759904,0.9489458203315735,0.940610606950895,ok,True,True,16.590902844543198,4.233321865282008,1.0,0.0,0.9804841750435145
1262,1767152661222,36.40075462994551,41.337953749563304,42.32779828846729,42.32779828846729,42.32779828846729,0.9278589487075806,0.9329596120049064,ok,True,True,5.771785885000133,4.9371991196177945,1.0,0.0,0.9804841750435145
1263,1767152661257,26.964898005250518,32.71412030297563,33.80854053877186,33.80854053877186,33.80854053877186,0.9608103632926941,0.9496700627775789,ok,True,True,-6.190355712589232,5.749222297725112,1.0,0.0,0.9804841750435145
1264,1767152661293,12.516300560865663,20.59542845770965,22.047066846579245,22.047066846579245,22.047066846579245,0.964753270149231,0.9587199872005702,ok,True,True,-22.056933639596565,8.079127896843989,1.0,0.0,0.9804841750435145
1265,1767152661322,6.152533313887443,11.929691371416327,12.976798698584071,12.976798698584071,12.976798698584071,0.963165819644928,0.9613874866671849,ok,True,True,-33.50193959413383,5.777158057528884,1.0,0.0,0.9804841750435145
1266,1767152661356,4.680858795555409,7.580391825899776,8.058030994549485,8.058030994549485,8.058030994549485,0.9489738941192627,0.9539393311384317,ok,True,True,-38.72259175412049,2.899533030344367,1.0,0.0,0.9804841750435145
1267,1767152661385,4.013489557950145,5.440250465129997,5.588355219840386,5.588355219840386,5.588355219840386,0.9606214761734009,0.9579486181594132,ok,True,True,-40.341394101861226,1.4267609071798528,1.0,0.0,0.9804841750435145
1268,1767152661420,3.1425956347485244,4.061657566901114,4.081968203059372,4.081968203059372,4.081968203059372,0.953381359577179,0.9552082630100727,ok,True,True,-40.56339173834082,0.9190619321525895,1.0,0.0,0.9804841750435145
1269,1767152661458,4.325052677970997,4.219694633543043,4.053419016178641,4.053419016178641,4.053419016178641,0.9566822052001953,0.9560926283241463,ok,True,True,-38.74597972960499,0.1053580444279536,1.0,0.0,0.9804841750435145
1270,1767152661489,5.576972031995388,5.03406107261445,4.780471839492744,4.780471839492744,4.780471839492744,0.9507166147232056,0.9528670201635818,ok,True,True,-35.9742196551771,0.5429109593809383,1.0,0.0,0.9804841750435145
1271,1767152661521,7.8311291937784295,6.712301945312838,6.362865579665736,6.362865579665736,6.362865579665736,0.941249430179596,0.9458964661731903,ok,True,True,-32.154839175450725,1.1188272484655917,1.0,0.0,0.9804841750435145
1272,1767152661559,10.973847591637911,9.269229333107882,8.825237688125188,8.825237688125188,8.825237688125188,0.9443488717079163,0.944967909494026,ok,True,True,-27.301958397377756,1.7046182585300294,1.0,0.0,0.9804841750435145
1273,1767152661593,15.592028002684506,13.062908534853857,12.488388253216508,12.488388253216508,12.488388253216508,0.9543759822845459,0.9506127531683379,ok,True,True,-21.022384304312006,2.5291194678306486,1.0,0.0,0.9804841750435145
1274,1767152661640,21.251746509530747,17.976211319659992,17.285527407752564,17.285527407752564,17.285527407752564,0.96552973985672,0.9595629451813672,ok,True,True,-13.47312810164074,3.275535189870755,1.0,0.0,0.9804841750435145
1275,1767152661677,28.555461929610065,24.323761685630036,23.488126807414385,23.488126807414385,23.488126807414385,0.9693994522094727,0.9654648493982305,ok,True,True,-4.339540828533037,4.231700243980029,1.0,0.0,0.9804841750435145
1276,1767152661715,36.8423569891029,31.834918867713753,30.887219462408858,30.887219462408858,30.887219462408858,0.9428609609603882,0.951902516335525,ok,True,True,6.018924875420877,5.00743812138915,1.0,0.0,0.9804841750435145
1277,1767152661748,44.61458954589094,39.502721274620065,38.56356784325197,38.56356784325197,38.56356784325197,0.9662896394729614,0.9605347902179868,ok,True,True,16.283982081452685,5.111868271270872,1.0,0.0,0.9804841750435145
1278,1767152661779,59.39089437895812,51.4356251372229,50.059601086688374,50.059601086688374,50.059601086688374,0.9545007944107056,0.9569143927336181,ok,True,True,31.324086417797616,7.955269241735223,1.0,0.0,0.9804841750435145
1279,1767152661814,63.76906601132789,58.83568966168589,57.97275431713717,57.97275431713717,57.97275431713717,0.9493896961212158,0.9523995747661768,ok,True,True,40.75607099138903,4.933376349641996,1.0,0.0,0.9804841750435145
1280,1767152661843,65.58826473512572,62.88723470574978,62.49036853120357,62.49036853120357,62.49036853120357,0.9527338743209839,0.952600154499061,ok,True,True,45.09386484784268,2.7010300293759357,1.0,0.0,0.9804841750435145
1281,1767152661897,63.85818421348697,63.4698044103921,63.52825189355577,63.52825189355577,63.52825189355577,0.9174348711967468,0.9315009845176725,ok,True,True,44.455026998579214,0.3883798030948711,1.0,0.0,0.9804841750435145
1282,1767152661933,63.49021673154239,63.48205180308228,63.652590208400774,63.652590208400774,63.652590208400774,0.9537934064865112,0.9448764376989757,ok,True,True,42.591022217305415,0.008164928460111298,1.0,0.0,0.9804841750435145
1283,1767152661966,60.92899661433869,61.95021868983612,62.2986619257532,62.2986619257532,62.2986619257532,0.937716007232666,0.9405801794191899,ok,True,True,38.782496762063,1.0212220754974268,1.0,0.0,0.9804841750435145
1284,1767152661997,56.19908797873564,58.49954026317583,59.06782570121464,59.06782570121464,59.06782570121464,0.9353485107421875,0.9374411782129886,ok,True,True,32.57107024113196,2.3004522844401905,1.0,0.0,0.9804841750435145
1285,1767152662056,45.529674740626234,50.717620949646076,51.77072854241553,51.77072854241553,51.77072854241553,0.9407148957252502,0.9394054087203456,ok,True,True,21.060480679490983,5.187946209019842,1.0,0.0,0.9804841750435145
1286,1767152662089,36.84914459369144,42.3965351360733,43.52110456553986,43.52110456553986,43.52110456553986,0.9278919696807861,0.93249734529661,ok,True,True,8.76880485734911,5.547390542381855,1.0,0.0,0.9804841750435145
1287,1767152662124,26.362594365906755,32.77617067397337,34.007995855133885,34.007995855133885,34.007995855133885,0.9480249285697937,0.9418138952605203,ok,True,True,-4.6951889163020475,6.413576308066613,1.0,0.0,0.9804841750435145
1288,1767152662157,17.80484457191433,23.793375012737947,24.915924937419355,24.915924937419355,24.915924937419355,0.9391683340072632,0.9402265585085661,ok,True,True,-16.964791314171542,5.988530440823617,1.0,0.0,0.9804841750435145
1289,1767152662194,9.843237272372424,15.423292368518634,16.41961824614669,16.41961824614669,16.41961824614669,0.936065673828125,0.9377300277003014,ok,True,True,-27.854750066495242,5.580055096146211,1.0,0.0,0.9804841750435145
1290,1767152662226,4.054037018045093,8.60173915823451,9.370638865390227,9.370638865390227,9.370638865390227,0.9659499526023865,0.9546619826415524,ok,True,True,-36.25891408914787,4.5477021401894175,1.0,0.0,0.9804841750435145
1291,1767152662262,4.301798953868352,6.021775035614816,6.260638769610818,6.260638769610818,6.260638769610818,0.9570595622062683,0.956100530380382,ok,True,True,-38.86972273022741,1.7199760817464638,1.0,0.0,0.9804841750435145
1292,1767152662296,4.530744109485963,5.127156479937504,5.109056697479424,5.109056697479424,5.109056697479424,0.9576210975646973,0.9570128706909712,ok,True,True,-38.67188998411449,0.5964123704515414,1.0,0.0,0.9804841750435145
1293,1767152662329,5.988642261858027,5.644047949089819,5.440471826252196,5.440471826252196,5.440471826252196,0.9626991152763367,0.9604246174421904,ok,True,True,-36.446779073678705,0.3445943127682085,1.0,0.0,0.9804841750435145
1294,1767152662360,5.993079205755023,5.853466703088941,5.671784043135261,5.671784043135261,5.671784043135261,0.9651938080787659,0.9632861318241357,ok,True,True,-34.46096628156469,0.13961250266608172,1.0,0.0,0.9804841750435145
1295,1767152662401,8.714920140431936,7.570338765494737,7.230245770727704,7.230245770727704,7.230245770727704,0.9469558000564575,0.9534879327635288,ok,True,True,-30.743709941917693,1.1445813749371982,1.0,0.0,0.9804841750435145
1296,1767152662433,11.66480389887176,10.027017845520952,9.600507034576992,9.600507034576992,9.600507034576992,0.9594358205795288,0.9570566654531287,ok,True,True,-26.08189673110618,1.6377860533508084,1.0,0.0,0.9804841750435145
1297,1767152662474,16.258558129138265,13.76594201569134,13.204022608302136,13.204022608302136,13.204022608302136,0.963127851486206,0.9606993770729751,ok,True,True,-19.9400516721715,2.4926161134469247,1.0,0.0,0.9804841750435145
1298,1767152662515,20.982926332206727,18.096132605600573,17.475960591147086,17.475960591147086,17.475960591147086,0.9577882885932922,0.9589527239851654,ok,True,True,-13.161498782606564,2.886793726606154,1.0,0.0,0.9804841750435145
1299,1767152662564,26.831726467637473,23.337488922822715,22.634341283069915,22.634341283069915,22.634341283069915,0.9721807241439819,0.9668895240804554,ok,True,True,-5.476012572079457,3.4942375448147587,1.0,0.0,0.9804841750435145
1300,1767152662598,35.56732184705557,30.675388677362427,29.757584415404352,29.757584415404352,29.757584415404352,0.9559380412101746,0.9603186343582869,ok,True,True,4.555695707168487,4.891933169693139,1.0,0.0,0.9804841750435145
1301,1767152662632,44.00341776608985,38.67220613059888,37.694225480083766,37.694225480083766,37.694225480083766,0.9539433121681213,0.9564934410441875,ok,True,True,15.245138974500929,5.331211635490966,1.0,0.0,0.9804841750435145
1302,1767152662673,52.397586864232174,46.907434570778854,45.9358966673927,45.9358966673927,45.9358966673927,0.9664641618728638,0.9624758735413932,ok,True,True,25.86416225971567,5.4901522934533205,1.0,0.0,0.9804841750435145
1303,1767152662704,63.55565015934977,56.8963639239214,55.76932586301279,55.76932586301279,55.76932586301279,0.9619867205619812,0.962182381753746,ok,True,True,38.182820513190734,6.659286235428368,1.0,0.0,0.9804841750435145
1304,1767152662744,65.60729991412424,62.122925518043104,61.55587138688558,61.55587138688558,61.55587138688558,0.9485889077186584,0.9540262973326935,ok,True,True,44.38078870542663,3.4843743960811366,1.0,0.0,0.9804841750435145
1305,1767152662783,66.21194846682288,64.57633928731096,64.40434174518707,64.40434174518707,64.40434174518707,0.95623379945755,0.9553507986076074,ok,True,True,46.260742023199896,1.635609179511917,1.0,0.0,0.9804841750435145
1306,1767152662824,64.76779794372752,64.6912144811609,64.8312974733199,64.8312974733199,64.8312974733199,0.9443334341049194,0.9487403799059946,ok,True,True,44.72961848142712,0.0765834625666173,1.0,0.0,0.9804841750435145
1307,1767152662862,63.66743585727275,64.076947306828,64.32754132951162,64.32754132951162,64.32754132951162,0.9479816555976868,0.9482851453210098,ok,True,True,41.99059640854847,0.40951144955525365,1.0,0.0,0.9804841750435145
1308,1767152662895,57.57894879401781,60.17814819914189,60.79746098841706,60.79746098841706,60.79746098841706,0.9433485865592957,0.9453232100639812,ok,True,True,35.22143495100487,2.599199405124075,1.0,0.0,0.9804841750435145
1309,1767152662943,52.515723369157996,55.580693301151555,56.29394919491162,56.29394919491162,56.29394919491162,0.9538059234619141,0.9504128381027409,ok,True,True,27.42546433806594,3.0649699319935593,1.0,0.0,0.9804841750435145
1310,1767152662976,44.93952671830597,49.1959933514442,50.09019920430451,50.09019920430451,50.09019920430451,0.9578639268875122,0.9548834913736037,ok,True,True,17.651689439316904,4.256466633138231,1.0,0.0,0.9804841750435145
1311,1767152663009,25.74056011982934,35.122733412475284,36.8588663898699,36.8588663898699,36.8588663898699,0.9491381049156189,0.9514362594988128,ok,True,True,-1.324447723141052,9.382173292645945,1.0,0.0,0.9804841750435145
1312,1767152663043,19.94241126233151,26.014540122389022,27.219909076704838,27.219909076704838,27.219909076704838,0.9484487175941467,0.9496437343560132,ok,True,True,-14.499271832980245,6.072128860057511,1.0,0.0,0.9804841750435145
1313,1767152663074,12.826357878683131,18.101630776165486,19.065348580910424,19.065348580910424,19.065348580910424,0.925996720790863,0.9354555262169231,ok,True,True,-25.03282052242844,5.275272897482354,1.0,0.0,0.9804841750435145
1314,1767152663105,8.467169699281984,12.320954130035386,12.980544264281072,12.980544264281072,12.980544264281072,0.9696842432022095,0.9559927564080949,ok,True,True,-32.24221808668269,3.853784430753402,1.0,0.0,0.9804841750435145
1315,1767152663137,5.6315832248830135,8.307331586943963,8.708944089763671,8.708944089763671,8.708944089763671,0.9675142765045166,0.9629056684659479,ok,True,True,-36.6318898681044,2.6757483620609497,1.0,0.0,0.9804841750435145
1316,1767152663167,3.1167556091515176,5.192986000268496,5.449110973117694,5.449110973117694,5.449110973117694,0.966378390789032,0.9649893018597984,ok,True,True,-39.43136587529996,2.076230391116978,1.0,0.0,0.9804841750435145
1317,1767152663201,1.7513033668612725,3.1279764202241616,3.240336795455077,3.240336795455077,3.240336795455077,0.9695538878440857,0.9677280534503707,ok,True,True,-40.65947796104975,1.376673053362889,1.0,0.0,0.9804841750435145
1318,1767152663234,0.22762119914593806,1.3877632875772274,1.4432604139821787,1.4432604139821787,1.4432604139821787,0.9680080413818359,0.9678960462092498,ok,True,True,-41.26606806474275,1.1601420884312894,1.0,0.0,0.9804841750435145
1319,1767152663265,0.5039761348235379,0.8574909959250137,0.7693480376702034,0.7693480376702034,0.7693480376702034,0.9701917171478271,0.9692734487723962,ok,True,True,-40.30265518823708,0.3535148611014758,1.0,0.0,0.9804841750435145
1320,1767152663295,0.39364451307403936,0.5791831062144291,0.45047225791691037,0.45047225791691037,0.45047225791691037,0.9639306664466858,0.9660677793769699,ok,True,True,-38.89583051328888,0.18553859314038978,1.0,0.0,0.9804841750435145
1321,1767152663327,-1.2773016617302884,-0.5347077545524013,-0.5694561463514061,-0.5694561463514061,-0.5694561463514061,0.9732391238212585,0.970370586043543,ok,True,True,-38.51602651351561,0.7425939071778871,1.0,0.0,0.9804841750435145
1322,1767152663361,-3.4606573832709953,-2.2902775317835578,-2.2415106886198304,-2.2415106886198304,-2.2415106886198304,0.9726470112800598,0.9717364411854531,ok,True,True,-39.04905383164403,1.1703798514874375,1.0,0.0,0.9804841750435145
1323,1767152663393,-7.080887499702928,-5.1646435125351795,-4.983673996970781,-4.983673996970781,-4.983673996970781,0.9769858121871948,0.9748860637864981,ok,True,True,-41.02707187190216,1.9162439871677481,1.0,0.0,0.9804841750435145
1324,1767152663429,-20.209758512217864,-14.19171251234479,-13.316665966158943,-13.316665966158943,-13.316665966158943,0.922681450843811,0.9435632960208858,ok,True,True,-50.59143330052761,6.018045999873074,1.0,0.0,0.9804841750435145
1325,1767152663473,-26.022959644412875,-21.29046079158564,-20.58874520056053,-20.58874520056053,-20.58874520056053,0.9703802466392517,0.9596534663919054,ok,True,True,-58.261267050423086,4.732498852827234,1.0,0.0,0.9804841750435145
1326,1767152663506,-35.5650960185162,-29.855241927743975,-29.037785952115577,-29.037785952115577,-29.037785952115577,0.938881516456604,0.9471902964307245,invalid,True,True,-67.19615678512199,5.709854090772225,1.0,0.0,0.9804841750435145
1327,1767152663540,-45.12360368107884,-39.0162589797449,-38.15258158951693,-38.15258158951693,-38.15258158951693,0.9749492406845093,0.9638456629829955,invalid,True,True,-76.63625200506003,6.107344701333943,1.0,0.0,0.9804841750435145
1328,1767152663598,-55.78509996294717,-49.07756356966626,-48.143368892700536,-48.143368892700536,-48.143368892700536,0.9536252021789551,0.9577133865005713,invalid,True,True,-86.84710944360887,6.707536393280911,1.0,0.0,0.9804841750435145
1329,1767152663635,-68.33522566906366,-60.6321608293047,-59.56142152451183,-59.56142152451183,-59.56142152451183,0.9662307500839233,0.9628238046505825,invalid,True,True,-98.55041568658807,7.703064839758959,1.0,0.0,0.9804841750435145
1330,1767152663670,-82.26968074471091,-73.61467277854842,-72.41286860088009,-72.41286860088009,-72.41286860088009,0.9747320413589478,0.9699687466756017,invalid,True,True,-111.68627636937589,8.655007966162486,1.0,0.0,0.9804841750435145
1331,1767152663709,-94.51006811019424,-86.15190997753592,-85.03404183490326,-85.03404183490326,-85.03404183490326,0.9683386087417603,0.9689906639152969,invalid,True,True,-123.90470634008766,8.358158132658318,1.0,0.0,0.9804841750435145
1332,1767152663739,-108.22927680713902,-99.39833007529776,-98.25613554784222,-98.25613554784222,-98.25613554784222,0.9561650156974792,0.9612952749846062,invalid,True,True,-136.38902655139526,8.830946731841252,1.0,0.0,0.9804841750435145
1333,1767152663789,-120.97952764922094,-112.34704861965167,-111.28180884302851,-111.28180884302851,-111.28180884302851,0.9856266379356384,0.9758940927552255,invalid,True,True,-148.03222230615955,8.632479029569268,1.0,0.0,0.9804841750435145
1334,1767152663820,-133.6263609155483,-125.11463599718965,-124.12151543085626,-124.12151543085626,-124.12151543085626,0.9973174929618835,0.9887481328792204,invalid,True,True,-158.88714662991828,8.511724918358652,1.0,0.0,0.9804841750435145
1335,1767152663854,-147.53456215735943,-138.5665916932915,-137.54552284304123,-137.54552284304123,-137.54552284304123,0.9953721165657043,0.9927225230911108,invalid,True,True,-170.04754897636747,8.967970464067918,1.0,0.0,0.9804841750435145
1336,1767152663892,-139.75653915889237,-139.28056017265203,-139.71953204950628,-139.71953204950628,-139.71953204950628,0.9449914693832397,0.9640838908663881,invalid,True,True,-165.24953485296285,0.4759789862403352,1.0,0.0,0.9804841750435145
1337,1767152663935,-127.79999550874697,-132.392221374309,-133.82475962442112,-133.82475962442112,-133.82475962442112,0.9793806672096252,0.9732619566723304,invalid,True,True,-149.59172368380374,4.592225865562028,1.0,0.0,0.9804841750435145
1338,1767152663962,-196.05327789325722,-170.58885528567794,-167.04226014101863,-167.04226014101863,-167.04226014101863,0.9951467514038086,0.9863928335112173,invalid,True,True,-188.35642477585918,25.46442260757928,1.0,0.0,0.9804841750435145
1339,1767152663986,-226.54429688310353,-204.1621202441333,-200.7200324658966,-200.7200324658966,-200.7200324658966,0.9959622621536255,0.9921344906966623,invalid,True,True,-225.97884808991935,22.382176638970236,1.0,0.0,0.9804841750435145
1340,1767152664039,0.0,0.0,0.0,0.0,-200.7200324658966,0.0,0.3968537962786649,ok,False,False,-225.97884808991935,0.0,1.0,0.0,0.9804841750435145
1341,1767152664062,0.0,0.0,0.0,0.0,-200.7200324658966,0.0,0.15874151851146598,soft,False,False,-225.97884808991935,0.0,1.0,0.0,0.9804841750435145
1342,1767152664087,0.0,0.0,0.0,0.0,-200.7200324658966,0.0,0.06349660740458639,hard,False,False,-225.97884808991935,0.0,1.0,0.0,0.9804841750435145
1343,1767152664115,0.0,0.0,0.0,0.0,-200.7200324658966,0.0,0.025398642961834555,hard,False,False,-225.97884808991935,0.0,1.0,0.0,0.9804841750435145
1344,1767152664141,0.0,0.0,0.0,0.0,-200.7200324658966,0.0,0.010159457184733822,hard,False,False,-225.97884808991935,0.0,1.0,0.0,0.9804841750435145
1345,1767152664168,0.0,0.0,0.0,0.0,-200.7200324658966,0.0,0.004063782873893529,hard,False,False,-225.97884808991935,0.0,1.0,0.0,0.9804841750435145
1346,1767152664190,0.0,0.0,0.0,0.0,-200.7200324658966,0.0,0.0016255131495574117,hard,False,False,-225.97884808991935,0.0,1.0,0.0,0.9804841750435145
1347,1767152664213,0.0,0.0,0.0,0.0,-200.7200324658966,0.0,0.0006502052598229647,hard,False,False,-225.97884808991935,0.0,1.0,0.0,0.9804841750435145
1348,1767152664237,0.0,0.0,0.0,0.0,-200.7200324658966,0.0,0.0002600821039291859,hard,False,False,-225.97884808991935,0.0,1.0,0.0,0.9804841750435145
1349,1767152664260,0.0,0.0,0.0,0.0,-200.7200324658966,0.0,0.00010403284157167438,hard,False,False,-225.97884808991935,0.0,1.0,0.0,0.9804841750435145
1350,1767152664281,0.0,0.0,0.0,0.0,-200.7200324658966,0.0,4.161313662866975e-05,hard,False,False,-225.97884808991935,0.0,1.0,0.0,0.9804841750435145
1351,1767152664308,0.0,0.0,0.0,0.0,-200.7200324658966,0.0,1.6645254651467902e-05,hard,False,False,-225.97884808991935,0.0,1.0,0.0,0.9804841750435145
1352,1767152664341,0.0,0.0,0.0,0.0,-200.7200324658966,0.0,6.658101860587161e-06,hard,False,False,-225.97884808991935,0.0,1.0,0.0,0.9804841750435145
1353,1767152664375,0.0,0.0,0.0,0.0,-200.7200324658966,0.0,2.6632407442348646e-06,hard,False,False,-225.97884808991935,0.0,1.0,0.0,0.9804841750435145
1354,1767152664413,0.0,0.0,0.0,0.0,-200.7200324658966,0.0,1.065296297693946e-06,hard,False,False,-225.97884808991935,0.0,1.0,0.0,0.9804841750435145
1355,1767152664441,0.0,0.0,0.0,0.0,-200.7200324658966,0.0,4.261185190775784e-07,hard,False,False,-225.97884808991935,0.0,1.0,0.0,0.9804841750435145
1356,1767152664475,0.0,0.0,0.0,0.0,-200.7200324658966,0.0,1.7044740763103138e-07,hard,False,False,-225.97884808991935,0.0,1.0,0.0,0.9804841750435145
1357,1767152664508,0.0,0.0,0.0,0.0,-200.7200324658966,0.0,6.817896305241255e-08,hard,False,False,-225.97884808991935,0.0,1.0,0.0,0.9804841750435145
1358,1767152664547,0.0,0.0,0.0,0.0,-200.7200324658966,0.0,2.727158522096502e-08,hard,False,False,-225.97884808991935,0.0,1.0,0.0,0.9804841750435145
1359,1767152664575,0.0,0.0,0.0,0.0,-200.7200324658966,0.0,1.0908634088386008e-08,hard,False,False,-225.97884808991935,0.0,1.0,0.0,0.9804841750435145
1360,1767152664614,0.0,0.0,0.0,0.0,-200.7200324658966,0.0,4.363453635354403e-09,hard,False,False,-225.97884808991935,0.0,1.0,0.0,0.9804841750435145
1361,1767152664641,0.0,0.0,0.0,0.0,-200.7200324658966,0.0,1.7453814541417612e-09,hard,False,False,-225.97884808991935,0.0,1.0,0.0,0.9804841750435145
1362,1767152664675,0.0,0.0,0.0,0.0,-200.7200324658966,0.0,6.981525816567046e-10,hard,False,False,-225.97884808991935,0.0,1.0,0.0,0.9804841750435145
1363,1767152664708,0.0,0.0,0.0,0.0,-200.7200324658966,0.0,2.7926103266268184e-10,hard,False,False,-225.97884808991935,0.0,1.0,0.0,0.9804841750435145
1364,1767152664741,0.0,0.0,0.0,0.0,-200.7200324658966,0.0,1.1170441306507274e-10,hard,False,False,-225.97884808991935,0.0,1.0,0.0,0.9804841750435145
1365,1767152664775,0.0,0.0,0.0,0.0,-200.7200324658966,0.0,4.46817652260291e-11,hard,False,False,-225.97884808991935,0.0,1.0,0.0,0.9804841750435145
1366,1767152664808,0.0,0.0,0.0,0.0,-200.7200324658966,0.0,1.787270609041164e-11,hard,False,False,-225.97884808991935,0.0,1.0,0.0,0.9804841750435145
1367,1767152664841,0.0,0.0,0.0,0.0,-200.7200324658966,0.0,7.149082436164656e-12,hard,False,False,-225.97884808991935,0.0,1.0,0.0,0.9804841750435145
1368,1767152664874,0.0,0.0,0.0,0.0,-200.7200324658966,0.0,2.8596329744658624e-12,hard,False,False,-225.97884808991935,0.0,1.0,0.0,0.9804841750435145
1369,1767152664908,0.0,0.0,0.0,0.0,-200.7200324658966,0.0,1.143853189786345e-12,hard,False,False,-225.97884808991935,0.0,1.0,0.0,0.9804841750435145
1370,1767152664941,0.0,0.0,0.0,0.0,-200.7200324658966,0.0,4.575412759145381e-13,hard,False,False,-225.97884808991935,0.0,1.0,0.0,0.9804841750435145
1371,1767152664975,0.0,0.0,0.0,0.0,-200.7200324658966,0.0,1.8301651036581522e-13,hard,False,False,-225.97884808991935,0.0,1.0,0.0,0.9804841750435145
1372,1767152665008,0.0,0.0,0.0,0.0,-200.7200324658966,0.0,7.320660414632609e-14,hard,False,False,-225.97884808991935,0.0,1.0,0.0,0.9804841750435145
1373,1767152665041,0.0,0.0,0.0,0.0,-200.7200324658966,0.0,2.928264165853044e-14,hard,False,False,-225.97884808991935,0.0,1.0,0.0,0.9804841750435145
1374,1767152665075,0.0,0.0,0.0,0.0,-200.7200324658966,0.0,1.1713056663412175e-14,hard,False,False,-225.97884808991935,0.0,1.0,0.0,0.9804841750435145
1375,1767152665108,0.0,0.0,0.0,0.0,-200.7200324658966,0.0,4.6852226653648706e-15,hard,False,False,-225.97884808991935,0.0,1.0,0.0,0.9804841750435145
1376,1767152665141,0.0,0.0,0.0,0.0,-200.7200324658966,0.0,1.8740890661459485e-15,hard,False,False,-225.97884808991935,0.0,1.0,0.0,0.9804841750435145
1377,1767152665174,0.0,0.0,0.0,0.0,-200.7200324658966,0.0,7.496356264583795e-16,hard,False,False,-225.97884808991935,0.0,1.0,0.0,0.9804841750435145
1378,1767152665208,0.0,0.0,0.0,0.0,-200.7200324658966,0.0,2.998542505833518e-16,hard,False,False,-225.97884808991935,0.0,1.0,0.0,0.9804841750435145
1379,1767152665241,0.0,0.0,0.0,0.0,-200.7200324658966,0.0,1.1994170023334071e-16,hard,False,False,-225.97884808991935,0.0,1.0,0.0,0.9804841750435145
1380,1767152665275,0.0,0.0,0.0,0.0,-200.7200324658966,0.0,4.797668009333629e-17,hard,False,False,-225.97884808991935,0.0,1.0,0.0,0.9804841750435145
1381,1767152665308,0.0,0.0,0.0,0.0,-200.7200324658966,0.0,1.9190672037334518e-17,hard,False,False,-225.97884808991935,0.0,1.0,0.0,0.9804841750435145
1382,1767152665341,0.0,0.0,0.0,0.0,-200.7200324658966,0.0,7.676268814933807e-18,hard,False,False,-225.97884808991935,0.0,1.0,0.0,0.9804841750435145
1383,1767152665374,0.0,0.0,0.0,0.0,-200.7200324658966,0.0,3.070507525973523e-18,hard,False,False,-225.97884808991935,0.0,1.0,0.0,0.9804841750435145
1384,1767152665408,0.0,0.0,0.0,0.0,-200.7200324658966,0.0,1.2282030103894093e-18,hard,False,False,-225.97884808991935,0.0,1.0,0.0,0.9804841750435145
1385,1767152665441,0.0,0.0,0.0,0.0,-200.7200324658966,0.0,4.912812041557638e-19,hard,False,False,-225.97884808991935,0.0,1.0,0.0,0.9804841750435145
1386,1767152665476,0.0,0.0,0.0,0.0,-200.7200324658966,0.0,1.9651248166230552e-19,hard,False,False,-225.97884808991935,0.0,1.0,0.0,0.9804841750435145
1387,1767152665508,0.0,0.0,0.0,0.0,-200.7200324658966,0.0,7.860499266492221e-20,hard,False,False,-225.97884808991935,0.0,1.0,0.0,0.9804841750435145
1388,1767152665541,0.0,0.0,0.0,0.0,-200.7200324658966,0.0,3.1441997065968883e-20,hard,False,False,-225.97884808991935,0.0,1.0,0.0,0.9804841750435145
1389,1767152665575,0.0,0.0,0.0,0.0,-200.7200324658966,0.0,1.2576798826387554e-20,hard,False,False,-225.97884808991935,0.0,1.0,0.0,0.9804841750435145
1390,1767152665608,0.0,0.0,0.0,0.0,-200.7200324658966,0.0,5.0307195305550214e-21,hard,False,False,-225.97884808991935,0.0,1.0,0.0,0.9804841750435145
1391,1767152665641,0.0,0.0,0.0,0.0,-200.7200324658966,0.0,2.0122878122220085e-21,hard,False,False,-225.97884808991935,0.0,1.0,0.0,0.9804841750435145
1392,1767152665674,0.0,0.0,0.0,0.0,-200.7200324658966,0.0,8.049151248888035e-22,hard,False,False,-225.97884808991935,0.0,1.0,0.0,0.9804841750435145
1393,1767152665708,0.0,0.0,0.0,0.0,-200.7200324658966,0.0,3.219660499555214e-22,hard,False,False,-225.97884808991935,0.0,1.0,0.0,0.9804841750435145
1394,1767152665742,0.0,0.0,0.0,0.0,-200.7200324658966,0.0,1.2878641998220856e-22,hard,False,False,-225.97884808991935,0.0,1.0,0.0,0.9804841750435145
1395,1767152665774,0.0,0.0,0.0,0.0,-200.7200324658966,0.0,5.151456799288343e-23,hard,False,False,-225.97884808991935,0.0,1.0,0.0,0.9804841750435145
1396,1767152665808,0.0,0.0,0.0,0.0,-200.7200324658966,0.0,2.0605827197153373e-23,hard,False,False,-225.97884808991935,0.0,1.0,0.0,0.9804841750435145
1397,1767152665841,0.0,0.0,0.0,0.0,-200.7200324658966,0.0,8.24233087886135e-24,hard,False,False,-225.97884808991935,0.0,1.0,0.0,0.9804841750435145
1398,1767152665874,0.0,0.0,0.0,0.0,-200.7200324658966,0.0,3.29693235154454e-24,hard,False,False,-225.97884808991935,0.0,1.0,0.0,0.9804841750435145
1399,1767152665908,0.0,0.0,0.0,0.0,-200.7200324658966,0.0,1.3187729406178161e-24,hard,False,False,-225.97884808991935,0.0,1.0,0.0,0.9804841750435145
1400,1767152665941,0.0,0.0,0.0,0.0,-200.7200324658966,0.0,5.275091762471265e-25,hard,False,False,-225.97884808991935,0.0,1.0,0.0,0.9804841750435145
1401,1767152665975,0.0,0.0,0.0,0.0,-200.7200324658966,0.0,2.110036704988506e-25,hard,False,False,-225.97884808991935,0.0,1.0,0.0,0.9804841750435145
1402,1767152666008,0.0,0.0,0.0,0.0,-200.7200324658966,0.0,8.440146819954024e-26,hard,False,False,-225.97884808991935,0.0,1.0,0.0,0.9804841750435145
1403,1767152666206,0.0,0.0,0.0,0.0,-200.7200324658966,0.0,3.37605872798161e-26,hard,False,False,-225.97884808991935,0.0,1.0,0.0,0.9804841750435145
1404,1767152666225,0.0,0.0,0.0,0.0,-200.7200324658966,0.0,1.350423491192644e-26,hard,False,False,-225.97884808991935,0.0,1.0,0.0,0.9804841750435145
1405,1767152666248,0.0,0.0,0.0,0.0,-200.7200324658966,0.0,5.4016939647705766e-27,hard,False,False,-225.97884808991935,0.0,1.0,0.0,0.9804841750435145
1406,1767152666267,0.0,0.0,0.0,0.0,-200.7200324658966,0.0,2.1606775859082306e-27,hard,False,False,-225.97884808991935,0.0,1.0,0.0,0.9804841750435145
1407,1767152666286,0.0,0.0,0.0,0.0,-200.7200324658966,0.0,8.642710343632922e-28,hard,False,False,-225.97884808991935,0.0,1.0,0.0,0.9804841750435145
1408,1767152666306,0.0,0.0,0.0,0.0,-200.7200324658966,0.0,3.457084137453169e-28,hard,False,False,-225.97884808991935,0.0,1.0,0.0,0.9804841750435145
1409,1767152666326,0.0,0.0,0.0,0.0,-200.7200324658966,0.0,1.3828336549812678e-28,hard,False,False,-225.97884808991935,0.0,1.0,0.0,0.9804841750435145
1410,1767152666346,0.0,0.0,0.0,0.0,-200.7200324658966,0.0,5.531334619925072e-29,hard,False,False,-225.97884808991935,0.0,1.0,0.0,0.9804841750435145
1411,1767152666374,0.0,0.0,0.0,0.0,-200.7200324658966,0.0,2.2125338479700286e-29,hard,False,False,-225.97884808991935,0.0,1.0,0.0,0.9804841750435145
1412,1767152666441,0.0,0.0,0.0,0.0,-200.7200324658966,0.0,8.850135391880115e-30,hard,False,False,-225.97884808991935,0.0,1.0,0.0,0.9804841750435145
1413,1767152666474,0.0,0.0,0.0,0.0,-200.7200324658966,0.0,3.540054156752046e-30,hard,False,False,-225.97884808991935,0.0,1.0,0.0,0.9804841750435145
1414,1767152666508,0.0,0.0,0.0,0.0,-200.7200324658966,0.0,1.4160216627008184e-30,hard,False,False,-225.97884808991935,0.0,1.0,0.0,0.9804841750435145
1415,1767152666541,0.0,0.0,0.0,0.0,-200.7200324658966,0.0,5.6640866508032735e-31,hard,False,False,-225.97884808991935,0.0,1.0,0.0,0.9804841750435145
1416,1767152666574,0.0,0.0,0.0,0.0,-200.7200324658966,0.0,2.2656346603213094e-31,hard,False,False,-225.97884808991935,0.0,1.0,0.0,0.9804841750435145
1417,1767152666663,0.0,0.0,0.0,0.0,-200.7200324658966,0.0,9.062538641285238e-32,hard,False,False,-225.97884808991935,0.0,1.0,0.0,0.9804841750435145
1418,1767152666683,0.0,0.0,0.0,0.0,-200.7200324658966,0.0,3.6250154565140953e-32,hard,False,False,-225.97884808991935,0.0,1.0,0.0,0.9804841750435145
1419,1767152666703,0.0,0.0,0.0,0.0,-200.7200324658966,0.0,1.4500061826056382e-32,hard,False,False,-225.97884808991935,0.0,1.0,0.0,0.9804841750435145
1420,1767152666724,0.0,0.0,0.0,0.0,-200.7200324658966,0.0,5.800024730422553e-33,hard,False,False,-225.97884808991935,0.0,1.0,0.0,0.9804841750435145
1421,1767152666744,0.0,0.0,0.0,0.0,-200.7200324658966,0.0,2.3200098921690212e-33,hard,False,False,-225.97884808991935,0.0,1.0,0.0,0.9804841750435145
1422,1767152666774,0.0,0.0,0.0,0.0,-200.7200324658966,0.0,9.280039568676085e-34,hard,False,False,-225.97884808991935,0.0,1.0,0.0,0.9804841750435145
1423,1767152666807,0.0,0.0,0.0,0.0,-200.7200324658966,0.0,3.7120158274704344e-34,hard,False,False,-225.97884808991935,0.0,1.0,0.0,0.9804841750435145
1424,1767152666841,0.0,0.0,0.0,0.0,-200.7200324658966,0.0,1.4848063309881738e-34,hard,False,False,-225.97884808991935,0.0,1.0,0.0,0.9804841750435145
1425,1767152666876,0.0,0.0,0.0,0.0,-200.7200324658966,0.0,5.939225323952695e-35,hard,False,False,-225.97884808991935,0.0,1.0,0.0,0.9804841750435145
1426,1767152666908,0.0,0.0,0.0,0.0,-200.7200324658966,0.0,2.3756901295810784e-35,hard,False,False,-225.97884808991935,0.0,1.0,0.0,0.9804841750435145
1427,1767152666941,0.0,0.0,0.0,0.0,-200.7200324658966,0.0,9.502760518324314e-36,hard,False,False,-225.97884808991935,0.0,1.0,0.0,0.9804841750435145
1428,1767152666974,0.0,0.0,0.0,0.0,-200.7200324658966,0.0,3.801104207329726e-36,hard,False,False,-225.97884808991935,0.0,1.0,0.0,0.9804841750435145
1429,1767152667007,0.0,0.0,0.0,0.0,-200.7200324658966,0.0,1.5204416829318904e-36,hard,False,False,-225.97884808991935,0.0,1.0,0.0,0.9804841750435145
1430,1767152667041,0.0,0.0,0.0,0.0,-200.7200324658966,0.0,6.081766731727562e-37,hard,False,False,-225.97884808991935,0.0,1.0,0.0,0.9804841750435145
1431,1767152667074,0.0,0.0,0.0,0.0,-200.7200324658966,0.0,2.432706692691025e-37,hard,False,False,-225.97884808991935,0.0,1.0,0.0,0.9804841750435145
1432,1767152667108,0.0,0.0,0.0,0.0,-200.7200324658966,0.0,9.7308267707641e-38,hard,False,False,-225.97884808991935,0.0,1.0,0.0,0.9804841750435145
1433,1767152667141,0.0,0.0,0.0,0.0,-200.7200324658966,0.0,3.89233070830564e-38,hard,False,False,-225.97884808991935,0.0,1.0,0.0,0.9804841750435145
1434,1767152667174,0.0,0.0,0.0,0.0,-200.7200324658966,0.0,1.556932283322256e-38,hard,False,False,-225.97884808991935,0.0,1.0,0.0,0.9804841750435145
1435,1767152667208,0.0,0.0,0.0,0.0,-200.7200324658966,0.0,6.227729133289024e-39,hard,False,False,-225.97884808991935,0.0,1.0,0.0,0.9804841750435145
1436,1767152667241,0.0,0.0,0.0,0.0,-200.7200324658966,0.0,2.4910916533156096e-39,hard,False,False,-225.97884808991935,0.0,1.0,0.0,0.9804841750435145
1437,1767152667276,0.0,0.0,0.0,0.0,-200.7200324658966,0.0,9.96436661326244e-40,hard,False,False,-225.97884808991935,0.0,1.0,0.0,0.9804841750435145
1438,1767152667307,0.0,0.0,0.0,0.0,-200.7200324658966,0.0,3.985746645304976e-40,hard,False,False,-225.97884808991935,0.0,1.0,0.0,0.9804841750435145
1439,1767152667341,0.0,0.0,0.0,0.0,-200.7200324658966,0.0,1.5942986581219905e-40,hard,False,False,-225.97884808991935,0.0,1.0,0.0,0.9804841750435145
1440,1767152667375,0.0,0.0,0.0,0.0,-200.7200324658966,0.0,6.377194632487962e-41,hard,False,False,-225.97884808991935,0.0,1.0,0.0,0.9804841750435145
1441,1767152667408,0.0,0.0,0.0,0.0,-200.7200324658966,0.0,2.550877852995185e-41,hard,False,False,-225.97884808991935,0.0,1.0,0.0,0.9804841750435145
1442,1767152667453,0.0,0.0,0.0,0.0,-200.7200324658966,0.0,1.0203511411980741e-41,hard,False,False,-225.97884808991935,0.0,1.0,0.0,0.9804841750435145
1443,1767152667485,0.0,0.0,0.0,0.0,-200.7200324658966,0.0,4.081404564792297e-42,hard,False,False,-225.97884808991935,0.0,1.0,0.0,0.9804841750435145
1444,1767152667529,0.0,0.0,0.0,0.0,-200.7200324658966,0.0,1.632561825916919e-42,hard,False,False,-225.97884808991935,0.0,1.0,0.0,0.9804841750435145
1445,1767152667559,0.0,0.0,0.0,0.0,-200.7200324658966,0.0,6.530247303667676e-43,hard,False,False,-225.97884808991935,0.0,1.0,0.0,0.9804841750435145
1446,1767152667604,0.0,0.0,0.0,0.0,-200.7200324658966,0.0,2.6120989214670704e-43,hard,False,False,-225.97884808991935,0.0,1.0,0.0,0.9804841750435145
1447,1767152667641,0.0,0.0,0.0,0.0,-200.7200324658966,0.0,1.0448395685868282e-43,hard,False,False,-225.97884808991935,0.0,1.0,0.0,0.9804841750435145
1448,1767152667675,0.0,0.0,0.0,0.0,-200.7200324658966,0.0,4.1793582743473127e-44,hard,False,False,-225.97884808991935,0.0,1.0,0.0,0.9804841750435145
1449,1767152667710,0.0,0.0,0.0,0.0,-200.7200324658966,0.0,1.6717433097389253e-44,hard,False,False,-225.97884808991935,0.0,1.0,0.0,0.9804841750435145
1450,1767152667746,0.0,0.0,0.0,0.0,-200.7200324658966,0.0,6.686973238955701e-45,hard,False,False,-225.97884808991935,0.0,1.0,0.0,0.9804841750435145
1451,1767152667790,0.0,0.0,0.0,0.0,-200.7200324658966,0.0,2.6747892955822804e-45,hard,False,False,-225.97884808991935,0.0,1.0,0.0,0.9804841750435145
1452,1767152667815,0.0,0.0,0.0,0.0,-200.7200324658966,0.0,1.0699157182329123e-45,hard,False,False,-225.97884808991935,0.0,1.0,0.0,0.9804841750435145
1453,1767152667861,0.0,0.0,0.0,0.0,-200.7200324658966,0.0,4.279662872931649e-46,hard,False,False,-225.97884808991935,0.0,1.0,0.0,0.9804841750435145
1454,1767152667908,0.0,0.0,0.0,0.0,-200.7200324658966,0.0,1.71186514917266e-46,hard,False,False,-225.97884808991935,0.0,1.0,0.0,0.9804841750435145
1455,1767152667942,0.0,0.0,0.0,0.0,-200.7200324658966,0.0,6.84746059669064e-47,hard,False,False,-225.97884808991935,0.0,1.0,0.0,0.9804841750435145
1456,1767152667989,0.0,0.0,0.0,0.0,-200.7200324658966,0.0,2.7389842386762563e-47,hard,False,False,-225.97884808991935,0.0,1.0,0.0,0.9804841750435145
1457,1767152668021,0.0,0.0,0.0,0.0,-200.7200324658966,0.0,1.0955936954705026e-47,hard,False,False,-225.97884808991935,0.0,1.0,0.0,0.9804841750435145
1458,1767152668065,0.0,0.0,0.0,0.0,-200.7200324658966,0.0,4.382374781882011e-48,hard,False,False,-225.97884808991935,0.0,1.0,0.0,0.9804841750435145
1459,1767152668113,0.0,0.0,0.0,0.0,-200.7200324658966,0.0,1.7529499127528043e-48,hard,False,False,-225.97884808991935,0.0,1.0,0.0,0.9804841750435145
1460,1767152668163,0.0,0.0,0.0,0.0,-200.7200324658966,0.0,7.011799651011217e-49,hard,False,False,-225.97884808991935,0.0,1.0,0.0,0.9804841750435145
1461,1767152668190,0.0,0.0,0.0,0.0,-200.7200324658966,0.0,2.804719860404487e-49,hard,False,False,-225.97884808991935,0.0,1.0,0.0,0.9804841750435145
1462,1767152668219,0.0,0.0,0.0,0.0,-200.7200324658966,0.0,1.1218879441617949e-49,hard,False,False,-225.97884808991935,0.0,1.0,0.0,0.9804841750435145
1463,1767152668255,0.0,0.0,0.0,0.0,-200.7200324658966,0.0,4.48755177664718e-50,hard,False,False,-225.97884808991935,0.0,1.0,0.0,0.9804841750435145
1464,1767152668299,0.0,0.0,0.0,0.0,-200.7200324658966,0.0,1.795020710658872e-50,hard,False,False,-225.97884808991935,0.0,1.0,0.0,0.9804841750435145
1465,1767152668331,0.0,0.0,0.0,0.0,-200.7200324658966,0.0,7.180082842635488e-51,hard,False,False,-225.97884808991935,0.0,1.0,0.0,0.9804841750435145
1466,1767152668366,0.0,0.0,0.0,0.0,-200.7200324658966,0.0,2.872033137054195e-51,hard,False,False,-225.97884808991935,0.0,1.0,0.0,0.9804841750435145
1467,1767152668413,0.0,0.0,0.0,0.0,-200.7200324658966,0.0,1.1488132548216781e-51,hard,False,False,-225.97884808991935,0.0,1.0,0.0,0.9804841750435145
1468,1767152668460,0.0,0.0,0.0,0.0,-200.7200324658966,0.0,4.5952530192867125e-52,hard,False,False,-225.97884808991935,0.0,1.0,0.0,0.9804841750435145
1469,1767152668506,0.0,0.0,0.0,0.0,-200.7200324658966,0.0,1.838101207714685e-52,hard,False,False,-225.97884808991935,0.0,1.0,0.0,0.9804841750435145
1470,1767152668553,0.0,0.0,0.0,0.0,-200.7200324658966,0.0,7.352404830858741e-53,hard,False,False,-225.97884808991935,0.0,1.0,0.0,0.9804841750435145
1471,1767152668598,0.0,0.0,0.0,0.0,-200.7200324658966,0.0,2.9409619323434964e-53,hard,False,False,-225.97884808991935,0.0,1.0,0.0,0.9804841750435145
1472,1767152668636,0.0,0.0,0.0,0.0,-200.7200324658966,0.0,1.1763847729373986e-53,hard,False,False,-225.97884808991935,0.0,1.0,0.0,0.9804841750435145
1473,1767152668683,0.0,0.0,0.0,0.0,-200.7200324658966,0.0,4.7055390917495946e-54,hard,False,False,-225.97884808991935,0.0,1.0,0.0,0.9804841750435145
1474,1767152668716,0.0,0.0,0.0,0.0,-200.7200324658966,0.0,1.882215636699838e-54,hard,False,False,-225.97884808991935,0.0,1.0,0.0,0.9804841750435145
1475,1767152668745,0.0,0.0,0.0,0.0,-200.7200324658966,0.0,7.528862546799352e-55,hard,False,False,-225.97884808991935,0.0,1.0,0.0,0.9804841750435145
1476,1767152668774,0.0,0.0,0.0,0.0,-200.7200324658966,0.0,3.011545018719741e-55,hard,False,False,-225.97884808991935,0.0,1.0,0.0,0.9804841750435145
1477,1767152668803,0.0,0.0,0.0,0.0,-200.7200324658966,0.0,1.2046180074878965e-55,hard,False,False,-225.97884808991935,0.0,1.0,0.0,0.9804841750435145
1478,1767152668843,0.0,0.0,0.0,0.0,-200.7200324658966,0.0,4.818472029951586e-56,hard,False,False,-225.97884808991935,0.0,1.0,0.0,0.9804841750435145
1479,1767152668875,0.0,0.0,0.0,0.0,-200.7200324658966,0.0,1.9273888119806344e-56,hard,False,False,-225.97884808991935,0.0,1.0,0.0,0.9804841750435145
1480,1767152668908,0.0,0.0,0.0,0.0,-200.7200324658966,0.0,7.709555247922538e-57,hard,False,False,-225.97884808991935,0.0,1.0,0.0,0.9804841750435145
1481,1767152668936,0.0,0.0,0.0,0.0,-200.7200324658966,0.0,3.0838220991690157e-57,hard,False,False,-225.97884808991935,0.0,1.0,0.0,0.9804841750435145
1482,1767152668987,0.0,0.0,0.0,0.0,-200.7200324658966,0.0,1.2335288396676063e-57,hard,False,False,-225.97884808991935,0.0,1.0,0.0,0.9804841750435145
1483,1767152669038,0.0,0.0,0.0,0.0,-200.7200324658966,0.0,4.9341153586704255e-58,hard,False,False,-225.97884808991935,0.0,1.0,0.0,0.9804841750435145
1484,1767152669069,0.0,0.0,0.0,0.0,-200.7200324658966,0.0,1.9736461434681705e-58,hard,False,False,-225.97884808991935,0.0,1.0,0.0,0.9804841750435145
1485,1767152669127,0.0,0.0,0.0,0.0,-200.7200324658966,0.0,7.894584573872682e-59,hard,False,False,-225.97884808991935,0.0,1.0,0.0,0.9804841750435145
1486,1767152669153,0.0,0.0,0.0,0.0,-200.7200324658966,0.0,3.1578338295490732e-59,hard,False,False,-225.97884808991935,0.0,1.0,0.0,0.9804841750435145
1487,1767152669182,0.0,0.0,0.0,0.0,-200.7200324658966,0.0,1.2631335318196293e-59,hard,False,False,-225.97884808991935,0.0,1.0,0.0,0.9804841750435145
1488,1767152669215,0.0,0.0,0.0,0.0,-200.7200324658966,0.0,5.052534127278517e-60,hard,False,False,-225.97884808991935,0.0,1.0,0.0,0.9804841750435145
1489,1767152669258,0.0,0.0,0.0,0.0,-200.7200324658966,0.0,2.021013650911407e-60,hard,False,False,-225.97884808991935,0.0,1.0,0.0,0.9804841750435145
1490,1767152669290,0.0,0.0,0.0,0.0,-200.7200324658966,0.0,8.084054603645628e-61,hard,False,False,-225.97884808991935,0.0,1.0,0.0,0.9804841750435145
1491,1767152669328,0.0,0.0,0.0,0.0,-200.7200324658966,0.0,3.233621841458251e-61,hard,False,False,-225.97884808991935,0.0,1.0,0.0,0.9804841750435145
1492,1767152669360,0.0,0.0,0.0,0.0,-200.7200324658966,0.0,1.2934487365833007e-61,hard,False,False,-225.97884808991935,0.0,1.0,0.0,0.9804841750435145
1493,1767152669390,0.0,0.0,0.0,0.0,-200.7200324658966,0.0,5.173794946333203e-62,hard,False,False,-225.97884808991935,0.0,1.0,0.0,0.9804841750435145
1494,1767152669423,0.0,0.0,0.0,0.0,-200.7200324658966,0.0,2.0695179785332815e-62,hard,False,False,-225.97884808991935,0.0,1.0,0.0,0.9804841750435145
1495,1767152669467,0.0,0.0,0.0,0.0,-200.7200324658966,0.0,8.278071914133127e-63,hard,False,False,-225.97884808991935,0.0,1.0,0.0,0.9804841750435145
1496,1767152669498,0.0,0.0,0.0,0.0,-200.7200324658966,0.0,3.3112287656532507e-63,hard,False,False,-225.97884808991935,0.0,1.0,0.0,0.9804841750435145
1497,1767152669527,0.0,0.0,0.0,0.0,-200.7200324658966,0.0,1.3244915062613004e-63,hard,False,False,-225.97884808991935,0.0,1.0,0.0,0.9804841750435145
1498,1767152669574,0.0,0.0,0.0,0.0,-200.7200324658966,0.0,5.297966025045202e-64,hard,False,False,-225.97884808991935,0.0,1.0,0.0,0.9804841750435145
1499,1767152669604,0.0,0.0,0.0,0.0,-200.7200324658966,0.0,2.1191864100180812e-64,hard,False,False,-225.97884808991935,0.0,1.0,0.0,0.9804841750435145
1500,1767152669643,0.0,0.0,0.0,0.0,-200.7200324658966,0.0,8.476745640072326e-65,hard,False,False,-225.97884808991935,0.0,1.0,0.0,0.9804841750435145
1501,1767152669668,0.0,0.0,0.0,0.0,-200.7200324658966,0.0,3.3906982560289304e-65,hard,False,False,-225.97884808991935,0.0,1.0,0.0,0.9804841750435145
1502,1767152669695,0.0,0.0,0.0,0.0,-200.7200324658966,0.0,1.3562793024115722e-65,hard,False,False,-225.97884808991935,0.0,1.0,0.0,0.9804841750435145
1503,1767152669725,0.0,0.0,0.0,0.0,-200.7200324658966,0.0,5.425117209646289e-66,hard,False,False,-225.97884808991935,0.0,1.0,0.0,0.9804841750435145
1504,1767152669754,0.0,0.0,0.0,0.0,-200.7200324658966,0.0,2.1700468838585157e-66,hard,False,False,-225.97884808991935,0.0,1.0,0.0,0.9804841750435145
1505,1767152669803,0.0,0.0,0.0,0.0,-200.7200324658966,0.0,8.680187535434064e-67,hard,False,False,-225.97884808991935,0.0,1.0,0.0,0.9804841750435145
1506,1767152669834,0.0,0.0,0.0,0.0,-200.7200324658966,0.0,3.4720750141736254e-67,hard,False,False,-225.97884808991935,0.0,1.0,0.0,0.9804841750435145
1507,1767152669865,0.0,0.0,0.0,0.0,-200.7200324658966,0.0,1.3888300056694502e-67,hard,False,False,-225.97884808991935,0.0,1.0,0.0,0.9804841750435145
1508,1767152669891,0.0,0.0,0.0,0.0,-200.7200324658966,0.0,5.555320022677801e-68,hard,False,False,-225.97884808991935,0.0,1.0,0.0,0.9804841750435145
1509,1767152669917,0.0,0.0,0.0,0.0,-200.7200324658966,0.0,2.2221280090711204e-68,hard,False,False,-225.97884808991935,0.0,1.0,0.0,0.9804841750435145
1510,1767152669947,0.0,0.0,0.0,0.0,-200.7200324658966,0.0,8.888512036284482e-69,hard,False,False,-225.97884808991935,0.0,1.0,0.0,0.9804841750435145
1511,1767152669975,0.0,0.0,0.0,0.0,-200.7200324658966,0.0,3.555404814513793e-69,hard,False,False,-225.97884808991935,0.0,1.0,0.0,0.9804841750435145
1512,1767152670017,0.0,0.0,0.0,0.0,-200.7200324658966,0.0,1.4221619258055174e-69,hard,False,False,-225.97884808991935,0.0,1.0,0.0,0.9804841750435145
1513,1767152670047,0.0,0.0,0.0,0.0,-200.7200324658966,0.0,5.68864770322207e-70,hard,False,False,-225.97884808991935,0.0,1.0,0.0,0.9804841750435145
1514,1767152670085,0.0,0.0,0.0,0.0,-200.7200324658966,0.0,2.275459081288828e-70,hard,False,False,-225.97884808991935,0.0,1.0,0.0,0.9804841750435145
1515,1767152670117,0.0,0.0,0.0,0.0,-200.7200324658966,0.0,9.101836325155313e-71,hard,False,False,-225.97884808991935,0.0,1.0,0.0,0.9804841750435145
1516,1767152670158,0.0,0.0,0.0,0.0,-200.7200324658966,0.0,3.640734530062125e-71,hard,False,False,-225.97884808991935,0.0,1.0,0.0,0.9804841750435145
1517,1767152670186,0.0,0.0,0.0,0.0,-200.7200324658966,0.0,1.45629381202485e-71,hard,False,False,-225.97884808991935,0.0,1.0,0.0,0.9804841750435145
1518,1767152670211,0.0,0.0,0.0,0.0,-200.7200324658966,0.0,5.825175248099401e-72,hard,False,False,-225.97884808991935,0.0,1.0,0.0,0.9804841750435145
1519,1767152670241,0.0,0.0,0.0,0.0,-200.7200324658966,0.0,2.3300700992397606e-72,hard,False,False,-225.97884808991935,0.0,1.0,0.0,0.9804841750435145
1520,1767152670283,0.0,0.0,0.0,0.0,-200.7200324658966,0.0,9.320280396959044e-73,hard,False,False,-225.97884808991935,0.0,1.0,0.0,0.9804841750435145
1521,1767152670319,0.0,0.0,0.0,0.0,-200.7200324658966,0.0,3.7281121587836174e-73,hard,False,False,-225.97884808991935,0.0,1.0,0.0,0.9804841750435145
1522,1767152670361,0.0,0.0,0.0,0.0,-200.7200324658966,0.0,1.491244863513447e-73,hard,False,False,-225.97884808991935,0.0,1.0,0.0,0.9804841750435145
1523,1767152670411,0.0,0.0,0.0,0.0,-200.7200324658966,0.0,5.964979454053788e-74,hard,False,False,-225.97884808991935,0.0,1.0,0.0,0.9804841750435145
1524,1767152670438,0.0,0.0,0.0,0.0,-200.7200324658966,0.0,2.3859917816215152e-74,hard,False,False,-225.97884808991935,0.0,1.0,0.0,0.9804841750435145
1525,1767152670465,0.0,0.0,0.0,0.0,-200.7200324658966,0.0,9.54396712648606e-75,hard,False,False,-225.97884808991935,0.0,1.0,0.0,0.9804841750435145
1526,1767152670491,0.0,0.0,0.0,0.0,-200.7200324658966,0.0,3.8175868505944243e-75,hard,False,False,-225.97884808991935,0.0,1.0,0.0,0.9804841750435145
1527,1767152670514,0.0,0.0,0.0,0.0,-200.7200324658966,0.0,1.52703474023777e-75,hard,False,False,-225.97884808991935,0.0,1.0,0.0,0.9804841750435145
1528,1767152670541,0.0,0.0,0.0,0.0,-200.7200324658966,0.0,6.10813896095108e-76,hard,False,False,-225.97884808991935,0.0,1.0,0.0,0.9804841750435145
1529,1767152670587,0.0,0.0,0.0,0.0,-200.7200324658966,0.0,2.4432555843804324e-76,hard,False,False,-225.97884808991935,0.0,1.0,0.0,0.9804841750435145
1530,1767152670641,0.0,0.0,0.0,0.0,-200.7200324658966,0.0,9.77302233752173e-77,hard,False,False,-225.97884808991935,0.0,1.0,0.0,0.9804841750435145
1531,1767152670688,0.0,0.0,0.0,0.0,-200.7200324658966,0.0,3.909208935008692e-77,hard,False,False,-225.97884808991935,0.0,1.0,0.0,0.9804841750435145
1532,1767152670727,0.0,0.0,0.0,0.0,-200.7200324658966,0.0,1.563683574003477e-77,hard,False,False,-225.97884808991935,0.0,1.0,0.0,0.9804841750435145
1533,1767152670761,0.0,0.0,0.0,0.0,-200.7200324658966,0.0,6.254734296013908e-78,hard,False,False,-225.97884808991935,0.0,1.0,0.0,0.9804841750435145
1534,1767152670786,0.0,0.0,0.0,0.0,-200.7200324658966,0.0,2.5018937184055633e-78,hard,False,False,-225.97884808991935,0.0,1.0,0.0,0.9804841750435145
1535,1767152670817,0.0,0.0,0.0,0.0,-200.7200324658966,0.0,1.0007574873622254e-78,hard,False,False,-225.97884808991935,0.0,1.0,0.0,0.9804841750435145
1536,1767152670869,0.0,0.0,0.0,0.0,-200.7200324658966,0.0,4.003029949448902e-79,hard,False,False,-225.97884808991935,0.0,1.0,0.0,0.9804841750435145
1537,1767152670902,0.0,0.0,0.0,0.0,-200.7200324658966,0.0,1.6012119797795607e-79,hard,False,False,-225.97884808991935,0.0,1.0,0.0,0.9804841750435145
1538,1767152670957,0.0,0.0,0.0,0.0,-200.7200324658966,0.0,6.4048479191182434e-80,hard,False,False,-225.97884808991935,0.0,1.0,0.0,0.9804841750435145
1539,1767152670994,0.0,0.0,0.0,0.0,-200.7200324658966,0.0,2.5619391676472974e-80,hard,False,False,-225.97884808991935,0.0,1.0,0.0,0.9804841750435145
1540,1767152671020,0.0,0.0,0.0,0.0,-200.7200324658966,0.0,1.024775667058919e-80,hard,False,False,-225.97884808991935,0.0,1.0,0.0,0.9804841750435145
1541,1767152671057,0.0,0.0,0.0,0.0,-200.7200324658966,0.0,4.0991026682356764e-81,hard,False,False,-225.97884808991935,0.0,1.0,0.0,0.9804841750435145
1542,1767152671093,0.0,0.0,0.0,0.0,-200.7200324658966,0.0,1.6396410672942706e-81,hard,False,False,-225.97884808991935,0.0,1.0,0.0,0.9804841750435145
1543,1767152671129,0.0,0.0,0.0,0.0,-200.7200324658966,0.0,6.558564269177083e-82,hard,False,False,-225.97884808991935,0.0,1.0,0.0,0.9804841750435145
1544,1767152671165,0.0,0.0,0.0,0.0,-200.7200324658966,0.0,2.6234257076708334e-82,hard,False,False,-225.97884808991935,0.0,1.0,0.0,0.9804841750435145
1545,1767152671196,0.0,0.0,0.0,0.0,-200.7200324658966,0.0,1.0493702830683334e-82,hard,False,False,-225.97884808991935,0.0,1.0,0.0,0.9804841750435145
1546,1767152671233,0.0,0.0,0.0,0.0,-200.7200324658966,0.0,4.197481132273334e-83,hard,False,False,-225.97884808991935,0.0,1.0,0.0,0.9804841750435145
1547,1767152671259,0.0,0.0,0.0,0.0,-200.7200324658966,0.0,1.6789924529093337e-83,hard,False,False,-225.97884808991935,0.0,1.0,0.0,0.9804841750435145
1548,1767152671283,0.0,0.0,0.0,0.0,-200.7200324658966,0.0,6.715969811637335e-84,hard,False,False,-225.97884808991935,0.0,1.0,0.0,0.9804841750435145
1549,1767152671308,0.0,0.0,0.0,0.0,-200.7200324658966,0.0,2.686387924654934e-84,hard,False,False,-225.97884808991935,0.0,1.0,0.0,0.9804841750435145
1550,1767152671339,0.0,0.0,0.0,0.0,-200.7200324658966,0.0,1.0745551698619737e-84,hard,False,False,-225.97884808991935,0.0,1.0,0.0,0.9804841750435145
1551,1767152671367,0.0,0.0,0.0,0.0,-200.7200324658966,0.0,4.298220679447895e-85,hard,False,False,-225.97884808991935,0.0,1.0,0.0,0.9804841750435145
1552,1767152671402,0.0,0.0,0.0,0.0,-200.7200324658966,0.0,1.719288271779158e-85,hard,False,False,-225.97884808991935,0.0,1.0,0.0,0.9804841750435145
1553,1767152671428,0.0,0.0,0.0,0.0,-200.7200324658966,0.0,6.877153087116633e-86,hard,False,False,-225.97884808991935,0.0,1.0,0.0,0.9804841750435145
1554,1767152671466,0.0,0.0,0.0,0.0,-200.7200324658966,0.0,2.7508612348466537e-86,hard,False,False,-225.97884808991935,0.0,1.0,0.0,0.9804841750435145
1555,1767152671497,0.0,0.0,0.0,0.0,-200.7200324658966,0.0,1.1003444939386616e-86,hard,False,False,-225.97884808991935,0.0,1.0,0.0,0.9804841750435145
1556,1767152671523,0.0,0.0,0.0,0.0,-200.7200324658966,0.0,4.401377975754646e-87,hard,False,False,-225.97884808991935,0.0,1.0,0.0,0.9804841750435145
1557,1767152671547,0.0,0.0,0.0,0.0,-200.7200324658966,0.0,1.7605511903018586e-87,hard,False,False,-225.97884808991935,0.0,1.0,0.0,0.9804841750435145
1558,1767152671574,0.0,0.0,0.0,0.0,-200.7200324658966,0.0,7.042204761207434e-88,hard,False,False,-225.97884808991935,0.0,1.0,0.0,0.9804841750435145
1559,1767152671607,0.0,0.0,0.0,0.0,-200.7200324658966,0.0,2.8168819044829737e-88,hard,False,False,-225.97884808991935,0.0,1.0,0.0,0.9804841750435145
1560,1767152671641,0.0,0.0,0.0,0.0,-200.7200324658966,0.0,1.1267527617931896e-88,hard,False,False,-225.97884808991935,0.0,1.0,0.0,0.9804841750435145
1561,1767152671674,0.0,0.0,0.0,0.0,-200.7200324658966,0.0,4.5070110471727586e-89,hard,False,False,-225.97884808991935,0.0,1.0,0.0,0.9804841750435145
1562,1767152671707,0.0,0.0,0.0,0.0,-200.7200324658966,0.0,1.8028044188691037e-89,hard,False,False,-225.97884808991935,0.0,1.0,0.0,0.9804841750435145
1563,1767152671740,0.0,0.0,0.0,0.0,-200.7200324658966,0.0,7.211217675476415e-90,hard,False,False,-225.97884808991935,0.0,1.0,0.0,0.9804841750435145
1564,1767152671774,0.0,0.0,0.0,0.0,-200.7200324658966,0.0,2.8844870701905663e-90,hard,False,False,-225.97884808991935,0.0,1.0,0.0,0.9804841750435145
1565,1767152671807,0.0,0.0,0.0,0.0,-200.7200324658966,0.0,1.1537948280762265e-90,hard,False,False,-225.97884808991935,0.0,1.0,0.0,0.9804841750435145
1566,1767152671841,0.0,0.0,0.0,0.0,-200.7200324658966,0.0,4.615179312304906e-91,hard,False,False,-225.97884808991935,0.0,1.0,0.0,0.9804841750435145
1567,1767152671877,0.0,0.0,0.0,0.0,-200.7200324658966,0.0,1.8460717249219625e-91,hard,False,False,-225.97884808991935,0.0,1.0,0.0,0.9804841750435145
1568,1767152671908,0.0,0.0,0.0,0.0,-200.7200324658966,0.0,7.38428689968785e-92,hard,False,False,-225.97884808991935,0.0,1.0,0.0,0.9804841750435145
1569,1767152671940,0.0,0.0,0.0,0.0,-200.7200324658966,0.0,2.9537147598751402e-92,hard,False,False,-225.97884808991935,0.0,1.0,0.0,0.9804841750435145
1570,1767152671983,0.0,0.0,0.0,0.0,-200.7200324658966,0.0,1.1814859039500562e-92,hard,False,False,-225.97884808991935,0.0,1.0,0.0,0.9804841750435145
1571,1767152672013,0.0,0.0,0.0,0.0,-200.7200324658966,0.0,4.725943615800225e-93,hard,False,False,-225.97884808991935,0.0,1.0,0.0,0.9804841750435145
1572,1767152672041,0.0,0.0,0.0,0.0,-200.7200324658966,0.0,1.89037744632009e-93,hard,False,False,-225.97884808991935,0.0,1.0,0.0,0.9804841750435145
1573,1767152672074,0.0,0.0,0.0,0.0,-200.7200324658966,0.0,7.56150978528036e-94,hard,False,False,-225.97884808991935,0.0,1.0,0.0,0.9804841750435145
1574,1767152672108,0.0,0.0,0.0,0.0,-200.7200324658966,0.0,3.024603914112144e-94,hard,False,False,-225.97884808991935,0.0,1.0,0.0,0.9804841750435145
1575,1767152672141,0.0,0.0,0.0,0.0,-200.7200324658966,0.0,1.2098415656448576e-94,hard,False,False,-225.97884808991935,0.0,1.0,0.0,0.9804841750435145
1576,1767152672175,0.0,0.0,0.0,0.0,-200.7200324658966,0.0,4.8393662625794306e-95,hard,False,False,-225.97884808991935,0.0,1.0,0.0,0.9804841750435145
1577,1767152672208,0.0,0.0,0.0,0.0,-200.7200324658966,0.0,1.9357465050317725e-95,hard,False,False,-225.97884808991935,0.0,1.0,0.0,0.9804841750435145
1578,1767152672246,0.0,0.0,0.0,0.0,-200.7200324658966,0.0,7.74298602012709e-96,hard,False,False,-225.97884808991935,0.0,1.0,0.0,0.9804841750435145
1579,1767152672280,0.0,0.0,0.0,0.0,-200.7200324658966,0.0,3.0971944080508364e-96,hard,False,False,-225.97884808991935,0.0,1.0,0.0,0.9804841750435145
1580,1767152672307,0.0,0.0,0.0,0.0,-200.7200324658966,0.0,1.2388777632203347e-96,hard,False,False,-225.97884808991935,0.0,1.0,0.0,0.9804841750435145
1581,1767152672491,0.0,0.0,0.0,0.0,-200.7200324658966,0.0,4.955511052881339e-97,hard,False,False,-225.97884808991935,0.0,1.0,0.0,0.9804841750435145
1582,1767152672516,0.0,0.0,0.0,0.0,-200.7200324658966,0.0,1.9822044211525356e-97,hard,False,False,-225.97884808991935,0.0,1.0,0.0,0.9804841750435145
1583,1767152672541,0.0,0.0,0.0,0.0,-200.7200324658966,0.0,7.928817684610143e-98,hard,False,False,-225.97884808991935,0.0,1.0,0.0,0.9804841750435145
1584,1767152672568,0.0,0.0,0.0,0.0,-200.7200324658966,0.0,3.1715270738440575e-98,hard,False,False,-225.97884808991935,0.0,1.0,0.0,0.9804841750435145
1585,1767152672606,0.0,0.0,0.0,0.0,-200.7200324658966,0.0,1.2686108295376231e-98,hard,False,False,-225.97884808991935,0.0,1.0,0.0,0.9804841750435145
1586,1767152672630,0.0,0.0,0.0,0.0,-200.7200324658966,0.0,5.074443318150493e-99,hard,False,False,-225.97884808991935,0.0,1.0,0.0,0.9804841750435145
1587,1767152672655,0.0,0.0,0.0,0.0,-200.7200324658966,0.0,2.029777327260197e-99,hard,False,False,-225.97884808991935,0.0,1.0,0.0,0.9804841750435145
1588,1767152672678,0.0,0.0,0.0,0.0,-200.7200324658966,0.0,8.119109309040789e-100,hard,False,False,-225.97884808991935,0.0,1.0,0.0,0.9804841750435145
1589,1767152672703,0.0,0.0,0.0,0.0,-200.7200324658966,0.0,3.247643723616316e-100,hard,False,False,-225.97884808991935,0.0,1.0,0.0,0.9804841750435145
1590,1767152672727,0.0,0.0,0.0,0.0,-200.7200324658966,0.0,1.2990574894465264e-100,hard,False,False,-225.97884808991935,0.0,1.0,0.0,0.9804841750435145
1591,1767152672749,0.0,0.0,0.0,0.0,-200.7200324658966,0.0,5.196229957786106e-101,hard,False,False,-225.97884808991935,0.0,1.0,0.0,0.9804841750435145
1592,1767152672774,0.0,0.0,0.0,0.0,-200.7200324658966,0.0,2.0784919831144425e-101,hard,False,False,-225.97884808991935,0.0,1.0,0.0,0.9804841750435145
1593,1767152672796,0.0,0.0,0.0,0.0,-200.7200324658966,0.0,8.31396793245777e-102,hard,False,False,-225.97884808991935,0.0,1.0,0.0,0.9804841750435145
1594,1767152672818,0.0,0.0,0.0,0.0,-200.7200324658966,0.0,3.3255871729831084e-102,hard,False,False,-225.97884808991935,0.0,1.0,0.0,0.9804841750435145
1595,1767152672841,0.0,0.0,0.0,0.0,-200.7200324658966,0.0,1.3302348691932435e-102,hard,False,False,-225.97884808991935,0.0,1.0,0.0,0.9804841750435145
1596,1767152672947,0.0,0.0,0.0,0.0,-200.7200324658966,0.0,5.320939476772974e-103,hard,False,False,-225.97884808991935,0.0,1.0,0.0,0.9804841750435145
1597,1767152672974,0.0,0.0,0.0,0.0,-200.7200324658966,0.0,2.1283757907091897e-103,hard,False,False,-225.97884808991935,0.0,1.0,0.0,0.9804841750435145
1598,1767152672997,0.0,0.0,0.0,0.0,-200.7200324658966,0.0,8.513503162836759e-104,hard,False,False,-225.97884808991935,0.0,1.0,0.0,0.9804841750435145
1599,1767152673020,0.0,0.0,0.0,0.0,-200.7200324658966,0.0,3.4054012651347037e-104,hard,False,False,-225.97884808991935,0.0,1.0,0.0,0.9804841750435145
1600,1767152673054,0.0,0.0,0.0,0.0,-200.7200324658966,0.0,1.3621605060538815e-104,hard,False,False,-225.97884808991935,0.0,1.0,0.0,0.9804841750435145
1601,1767152673079,0.0,0.0,0.0,0.0,-200.7200324658966,0.0,5.4486420242155264e-105,hard,False,False,-225.97884808991935,0.0,1.0,0.0,0.9804841750435145
1602,1767152673125,0.0,0.0,0.0,0.0,-200.7200324658966,0.0,2.1794568096862106e-105,hard,False,False,-225.97884808991935,0.0,1.0,0.0,0.9804841750435145
1603,1767152673151,0.0,0.0,0.0,0.0,-200.7200324658966,0.0,8.717827238744842e-106,hard,False,False,-225.97884808991935,0.0,1.0,0.0,0.9804841750435145
1604,1767152673180,0.0,0.0,0.0,0.0,-200.7200324658966,0.0,3.487130895497937e-106,hard,False,False,-225.97884808991935,0.0,1.0,0.0,0.9804841750435145
1605,1767152673209,0.0,0.0,0.0,0.0,-200.7200324658966,0.0,1.3948523581991749e-106,hard,False,False,-225.97884808991935,0.0,1.0,0.0,0.9804841750435145
1606,1767152673245,0.0,0.0,0.0,0.0,-200.7200324658966,0.0,5.5794094327967e-107,hard,False,False,-225.97884808991935,0.0,1.0,0.0,0.9804841750435145
1607,1767152673270,0.0,0.0,0.0,0.0,-200.7200324658966,0.0,2.23176377311868e-107,hard,False,False,-225.97884808991935,0.0,1.0,0.0,0.9804841750435145
1608,1767152673300,0.0,0.0,0.0,0.0,-200.7200324658966,0.0,8.927055092474721e-108,hard,False,False,-225.97884808991935,0.0,1.0,0.0,0.9804841750435145
1609,1767152673332,0.0,0.0,0.0,0.0,-200.7200324658966,0.0,3.570822036989888e-108,hard,False,False,-225.97884808991935,0.0,1.0,0.0,0.9804841750435145
1610,1767152673369,0.0,0.0,0.0,0.0,-200.7200324658966,0.0,1.4283288147959554e-108,hard,False,False,-225.97884808991935,0.0,1.0,0.0,0.9804841750435145
1611,1767152673400,0.0,0.0,0.0,0.0,-200.7200324658966,0.0,5.713315259183822e-109,hard,False,False,-225.97884808991935,0.0,1.0,0.0,0.9804841750435145
1612,1767152673447,0.0,0.0,0.0,0.0,-200.7200324658966,0.0,2.285326103673529e-109,hard,False,False,-225.97884808991935,0.0,1.0,0.0,0.9804841750435145
1613,1767152673473,0.0,0.0,0.0,0.0,-200.7200324658966,0.0,9.141304414694116e-110,hard,False,False,-225.97884808991935,0.0,1.0,0.0,0.9804841750435145
1614,1767152673500,0.0,0.0,0.0,0.0,-200.7200324658966,0.0,3.6565217658776464e-110,hard,False,False,-225.97884808991935,0.0,1.0,0.0,0.9804841750435145
1615,1767152673528,0.0,0.0,0.0,0.0,-200.7200324658966,0.0,1.4626087063510587e-110,hard,False,False,-225.97884808991935,0.0,1.0,0.0,0.9804841750435145
1616,1767152673553,0.0,0.0,0.0,0.0,-200.7200324658966,0.0,5.850434825404235e-111,hard,False,False,-225.97884808991935,0.0,1.0,0.0,0.9804841750435145
1617,1767152673585,0.0,0.0,0.0,0.0,-200.7200324658966,0.0,2.3401739301616943e-111,hard,False,False,-225.97884808991935,0.0,1.0,0.0,0.9804841750435145
1618,1767152673619,0.0,0.0,0.0,0.0,-200.7200324658966,0.0,9.360695720646777e-112,hard,False,False,-225.97884808991935,0.0,1.0,0.0,0.9804841750435145
1619,1767152673647,0.0,0.0,0.0,0.0,-200.7200324658966,0.0,3.744278288258711e-112,hard,False,False,-225.97884808991935,0.0,1.0,0.0,0.9804841750435145
1620,1767152673701,0.0,0.0,0.0,0.0,-200.7200324658966,0.0,1.4977113153034846e-112,hard,False,False,-225.97884808991935,0.0,1.0,0.0,0.9804841750435145
1621,1767152673731,0.0,0.0,0.0,0.0,-200.7200324658966,0.0,5.990845261213938e-113,hard,False,False,-225.97884808991935,0.0,1.0,0.0,0.9804841750435145
1622,1767152673756,0.0,0.0,0.0,0.0,-200.7200324658966,0.0,2.3963381044855754e-113,hard,False,False,-225.97884808991935,0.0,1.0,0.0,0.9804841750435145
1623,1767152673782,0.0,0.0,0.0,0.0,-200.7200324658966,0.0,9.585352417942302e-114,hard,False,False,-225.97884808991935,0.0,1.0,0.0,0.9804841750435145
1624,1767152673807,0.0,0.0,0.0,0.0,-200.7200324658966,0.0,3.834140967176921e-114,hard,False,False,-225.97884808991935,0.0,1.0,0.0,0.9804841750435145
1625,1767152673853,0.0,0.0,0.0,0.0,-200.7200324658966,0.0,1.5336563868707684e-114,hard,False,False,-225.97884808991935,0.0,1.0,0.0,0.9804841750435145
1626,1767152673890,0.0,0.0,0.0,0.0,-200.7200324658966,0.0,6.134625547483074e-115,hard,False,False,-225.97884808991935,0.0,1.0,0.0,0.9804841750435145
1627,1767152673919,0.0,0.0,0.0,0.0,-200.7200324658966,0.0,2.4538502189932296e-115,hard,False,False,-225.97884808991935,0.0,1.0,0.0,0.9804841750435145
1628,1767152673966,0.0,0.0,0.0,0.0,-200.7200324658966,0.0,9.815400875972919e-116,hard,False,False,-225.97884808991935,0.0,1.0,0.0,0.9804841750435145
1629,1767152673997,0.0,0.0,0.0,0.0,-200.7200324658966,0.0,3.926160350389168e-116,hard,False,False,-225.97884808991935,0.0,1.0,0.0,0.9804841750435145
1630,1767152674046,0.0,0.0,0.0,0.0,-200.7200324658966,0.0,1.5704641401556673e-116,hard,False,False,-225.97884808991935,0.0,1.0,0.0,0.9804841750435145
1631,1767152674107,0.0,0.0,0.0,0.0,-200.7200324658966,0.0,6.28185656062267e-117,hard,False,False,-225.97884808991935,0.0,1.0,0.0,0.9804841750435145
1632,1767152674152,0.0,0.0,0.0,0.0,-200.7200324658966,0.0,2.512742624249068e-117,hard,False,False,-225.97884808991935,0.0,1.0,0.0,0.9804841750435145
1633,1767152674195,0.0,0.0,0.0,0.0,-200.7200324658966,0.0,1.0050970496996272e-117,hard,False,False,-225.97884808991935,0.0,1.0,0.0,0.9804841750435145
1634,1767152674237,0.0,0.0,0.0,0.0,-200.7200324658966,0.0,4.0203881987985095e-118,hard,False,False,-225.97884808991935,0.0,1.0,0.0,0.9804841750435145
1635,1767152674262,0.0,0.0,0.0,0.0,-200.7200324658966,0.0,1.608155279519404e-118,hard,False,False,-225.97884808991935,0.0,1.0,0.0,0.9804841750435145
1636,1767152674289,0.0,0.0,0.0,0.0,-200.7200324658966,0.0,6.432621118077616e-119,hard,False,False,-225.97884808991935,0.0,1.0,0.0,0.9804841750435145
1637,1767152674332,0.0,0.0,0.0,0.0,-200.7200324658966,0.0,2.5730484472310465e-119,hard,False,False,-225.97884808991935,0.0,1.0,0.0,0.9804841750435145
1638,1767152674374,0.0,0.0,0.0,0.0,-200.7200324658966,0.0,1.0292193788924186e-119,hard,False,False,-225.97884808991935,0.0,1.0,0.0,0.9804841750435145
1639,1767152674416,0.0,0.0,0.0,0.0,-200.7200324658966,0.0,4.116877515569675e-120,hard,False,False,-225.97884808991935,0.0,1.0,0.0,0.9804841750435145
1640,1767152674447,0.0,0.0,0.0,0.0,-200.7200324658966,0.0,1.64675100622787e-120,hard,False,False,-225.97884808991935,0.0,1.0,0.0,0.9804841750435145
1641,1767152674488,0.0,0.0,0.0,0.0,-200.7200324658966,0.0,6.58700402491148e-121,hard,False,False,-225.97884808991935,0.0,1.0,0.0,0.9804841750435145
1642,1767152674514,0.0,0.0,0.0,0.0,-200.7200324658966,0.0,2.634801609964592e-121,hard,False,False,-225.97884808991935,0.0,1.0,0.0,0.9804841750435145
1643,1767152674543,0.0,0.0,0.0,0.0,-200.7200324658966,0.0,1.0539206439858369e-121,hard,False,False,-225.97884808991935,0.0,1.0,0.0,0.9804841750435145
1644,1767152674575,0.0,0.0,0.0,0.0,-200.7200324658966,0.0,4.215682575943348e-122,hard,False,False,-225.97884808991935,0.0,1.0,0.0,0.9804841750435145
1645,1767152674607,0.0,0.0,0.0,0.0,-200.7200324658966,0.0,1.6862730303773391e-122,hard,False,False,-225.97884808991935,0.0,1.0,0.0,0.9804841750435145
1646,1767152674640,0.0,0.0,0.0,0.0,-200.7200324658966,0.0,6.745092121509357e-123,hard,False,False,-225.97884808991935,0.0,1.0,0.0,0.9804841750435145
1647,1767152674674,0.0,0.0,0.0,0.0,-200.7200324658966,0.0,2.698036848603743e-123,hard,False,False,-225.97884808991935,0.0,1.0,0.0,0.9804841750435145
1648,1767152674707,0.0,0.0,0.0,0.0,-200.7200324658966,0.0,1.0792147394414973e-123,hard,False,False,-225.97884808991935,0.0,1.0,0.0,0.9804841750435145
1649,1767152674742,0.0,0.0,0.0,0.0,-200.7200324658966,0.0,4.3168589577659895e-124,hard,False,False,-225.97884808991935,0.0,1.0,0.0,0.9804841750435145
1650,1767152674774,0.0,0.0,0.0,0.0,-200.7200324658966,0.0,1.726743583106396e-124,hard,False,False,-225.97884808991935,0.0,1.0,0.0,0.9804841750435145
1651,1767152674808,0.0,0.0,0.0,0.0,-200.7200324658966,0.0,6.906974332425584e-125,hard,False,False,-225.97884808991935,0.0,1.0,0.0,0.9804841750435145
1652,1767152674845,0.0,0.0,0.0,0.0,-200.7200324658966,0.0,2.7627897329702337e-125,hard,False,False,-225.97884808991935,0.0,1.0,0.0,0.9804841750435145
1653,1767152674881,0.0,0.0,0.0,0.0,-200.7200324658966,0.0,1.1051158931880935e-125,hard,False,False,-225.97884808991935,0.0,1.0,0.0,0.9804841750435145
1654,1767152674916,0.0,0.0,0.0,0.0,-200.7200324658966,0.0,4.420463572752374e-126,hard,False,False,-225.97884808991935,0.0,1.0,0.0,0.9804841750435145
1655,1767152674960,0.0,0.0,0.0,0.0,-200.7200324658966,0.0,1.76818542910095e-126,hard,False,False,-225.97884808991935,0.0,1.0,0.0,0.9804841750435145
1656,1767152674985,0.0,0.0,0.0,0.0,-200.7200324658966,0.0,7.0727417164038e-127,hard,False,False,-225.97884808991935,0.0,1.0,0.0,0.9804841750435145
1657,1767152675015,0.0,0.0,0.0,0.0,-200.7200324658966,0.0,2.82909668656152e-127,hard,False,False,-225.97884808991935,0.0,1.0,0.0,0.9804841750435145
1658,1767152675041,0.0,0.0,0.0,0.0,-200.7200324658966,0.0,1.1316386746246081e-127,hard,False,False,-225.97884808991935,0.0,1.0,0.0,0.9804841750435145
1659,1767152675074,0.0,0.0,0.0,0.0,-200.7200324658966,0.0,4.526554698498433e-128,hard,False,False,-225.97884808991935,0.0,1.0,0.0,0.9804841750435145
1660,1767152675107,0.0,0.0,0.0,0.0,-200.7200324658966,0.0,1.8106218793993734e-128,hard,False,False,-225.97884808991935,0.0,1.0,0.0,0.9804841750435145
1661,1767152675208,0.0,0.0,0.0,0.0,-200.7200324658966,0.0,7.242487517597495e-129,hard,False,False,-225.97884808991935,0.0,1.0,0.0,0.9804841750435145
1662,1767152675241,0.0,0.0,0.0,0.0,-200.7200324658966,0.0,2.896995007038998e-129,hard,False,False,-225.97884808991935,0.0,1.0,0.0,0.9804841750435145
1663,1767152675273,0.0,0.0,0.0,0.0,-200.7200324658966,0.0,1.1587980028155992e-129,hard,False,False,-225.97884808991935,0.0,1.0,0.0,0.9804841750435145
1664,1767152675307,0.0,0.0,0.0,0.0,-200.7200324658966,0.0,4.6351920112623974e-130,hard,False,False,-225.97884808991935,0.0,1.0,0.0,0.9804841750435145
1665,1767152675345,0.0,0.0,0.0,0.0,-200.7200324658966,0.0,1.8540768045049592e-130,hard,False,False,-225.97884808991935,0.0,1.0,0.0,0.9804841750435145
1666,1767152675378,0.0,0.0,0.0,0.0,-200.7200324658966,0.0,7.416307218019837e-131,hard,False,False,-225.97884808991935,0.0,1.0,0.0,0.9804841750435145
1667,1767152675473,0.0,0.0,0.0,0.0,-200.7200324658966,0.0,2.966522887207935e-131,hard,False,False,-225.97884808991935,0.0,1.0,0.0,0.9804841750435145
1668,1767152675507,0.0,0.0,0.0,0.0,-200.7200324658966,0.0,1.1866091548831741e-131,hard,False,False,-225.97884808991935,0.0,1.0,0.0,0.9804841750435145
1669,1767152675542,0.0,0.0,0.0,0.0,-200.7200324658966,0.0,4.746436619532697e-132,hard,False,False,-225.97884808991935,0.0,1.0,0.0,0.9804841750435145
1670,1767152675577,0.0,0.0,0.0,0.0,-200.7200324658966,0.0,1.898574647813079e-132,hard,False,False,-225.97884808991935,0.0,1.0,0.0,0.9804841750435145
1671,1767152675607,0.0,0.0,0.0,0.0,-200.7200324658966,0.0,7.594298591252317e-133,hard,False,False,-225.97884808991935,0.0,1.0,0.0,0.9804841750435145
1672,1767152675641,0.0,0.0,0.0,0.0,-200.7200324658966,0.0,3.037719436500927e-133,hard,False,False,-225.97884808991935,0.0,1.0,0.0,0.9804841750435145
1673,1767152675676,0.0,0.0,0.0,0.0,-200.7200324658966,0.0,1.215087774600371e-133,hard,False,False,-225.97884808991935,0.0,1.0,0.0,0.9804841750435145
1674,1767152675721,0.0,0.0,0.0,0.0,-200.7200324658966,0.0,4.860351098401484e-134,hard,False,False,-225.97884808991935,0.0,1.0,0.0,0.9804841750435145
1675,1767152675753,0.0,0.0,0.0,0.0,-200.7200324658966,0.0,1.9441404393605935e-134,hard,False,False,-225.97884808991935,0.0,1.0,0.0,0.9804841750435145
1676,1767152675780,0.0,0.0,0.0,0.0,-200.7200324658966,0.0,7.776561757442375e-135,hard,False,False,-225.97884808991935,0.0,1.0,0.0,0.9804841750435145
1677,1767152675810,0.0,0.0,0.0,0.0,-200.7200324658966,0.0,3.11062470297695e-135,hard,False,False,-225.97884808991935,0.0,1.0,0.0,0.9804841750435145
1678,1767152675854,0.0,0.0,0.0,0.0,-200.7200324658966,0.0,1.2442498811907801e-135,hard,False,False,-225.97884808991935,0.0,1.0,0.0,0.9804841750435145
1679,1767152675882,0.0,0.0,0.0,0.0,-200.7200324658966,0.0,4.9769995247631204e-136,hard,False,False,-225.97884808991935,0.0,1.0,0.0,0.9804841750435145
1680,1767152675909,0.0,0.0,0.0,0.0,-200.7200324658966,0.0,1.990799809905248e-136,hard,False,False,-225.97884808991935,0.0,1.0,0.0,0.9804841750435145
1681,1767152675944,0.0,0.0,0.0,0.0,-200.7200324658966,0.0,7.963199239620993e-137,hard,False,False,-225.97884808991935,0.0,1.0,0.0,0.9804841750435145
1682,1767152675986,0.0,0.0,0.0,0.0,-200.7200324658966,0.0,3.1852796958483974e-137,hard,False,False,-225.97884808991935,0.0,1.0,0.0,0.9804841750435145
1683,1767152676022,0.0,0.0,0.0,0.0,-200.7200324658966,0.0,1.274111878339359e-137,hard,False,False,-225.97884808991935,0.0,1.0,0.0,0.9804841750435145
1684,1767152676067,0.0,0.0,0.0,0.0,-200.7200324658966,0.0,5.096447513357436e-138,hard,False,False,-225.97884808991935,0.0,1.0,0.0,0.9804841750435145
1685,1767152676097,0.0,0.0,0.0,0.0,-200.7200324658966,0.0,2.0385790053429747e-138,hard,False,False,-225.97884808991935,0.0,1.0,0.0,0.9804841750435145
1686,1767152676130,0.0,0.0,0.0,0.0,-200.7200324658966,0.0,8.1543160213719e-139,hard,False,False,-225.97884808991935,0.0,1.0,0.0,0.9804841750435145
1687,1767152676160,0.0,0.0,0.0,0.0,-200.7200324658966,0.0,3.26172640854876e-139,hard,False,False,-225.97884808991935,0.0,1.0,0.0,0.9804841750435145
1688,1767152676185,0.0,0.0,0.0,0.0,-200.7200324658966,0.0,1.304690563419504e-139,hard,False,False,-225.97884808991935,0.0,1.0,0.0,0.9804841750435145
1689,1767152676218,0.0,0.0,0.0,0.0,-200.7200324658966,0.0,5.218762253678016e-140,hard,False,False,-225.97884808991935,0.0,1.0,0.0,0.9804841750435145
1690,1767152676274,0.0,0.0,0.0,0.0,-200.7200324658966,0.0,2.0875049014712064e-140,hard,False,False,-225.97884808991935,0.0,1.0,0.0,0.9804841750435145
1691,1767152676321,0.0,0.0,0.0,0.0,-200.7200324658966,0.0,8.350019605884826e-141,hard,False,False,-225.97884808991935,0.0,1.0,0.0,0.9804841750435145
1692,1767152676353,0.0,0.0,0.0,0.0,-200.7200324658966,0.0,3.340007842353931e-141,hard,False,False,-225.97884808991935,0.0,1.0,0.0,0.9804841750435145
1693,1767152676383,0.0,0.0,0.0,0.0,-200.7200324658966,0.0,1.3360031369415726e-141,hard,False,False,-225.97884808991935,0.0,1.0,0.0,0.9804841750435145
1694,1767152676411,0.0,0.0,0.0,0.0,-200.7200324658966,0.0,5.3440125477662906e-142,hard,False,False,-225.97884808991935,0.0,1.0,0.0,0.9804841750435145
1695,1767152676450,0.0,0.0,0.0,0.0,-200.7200324658966,0.0,2.1376050191065162e-142,hard,False,False,-225.97884808991935,0.0,1.0,0.0,0.9804841750435145
1696,1767152676497,0.0,0.0,0.0,0.0,-200.7200324658966,0.0,8.550420076426065e-143,hard,False,False,-225.97884808991935,0.0,1.0,0.0,0.9804841750435145
1697,1767152676544,0.0,0.0,0.0,0.0,-200.7200324658966,0.0,3.420168030570426e-143,hard,False,False,-225.97884808991935,0.0,1.0,0.0,0.9804841750435145
1698,1767152676593,0.0,0.0,0.0,0.0,-200.7200324658966,0.0,1.3680672122281703e-143,hard,False,False,-225.97884808991935,0.0,1.0,0.0,0.9804841750435145
1699,1767152676635,0.0,0.0,0.0,0.0,-200.7200324658966,0.0,5.472268848912681e-144,hard,False,False,-225.97884808991935,0.0,1.0,0.0,0.9804841750435145
1700,1767152676662,0.0,0.0,0.0,0.0,-200.7200324658966,0.0,2.1889075395650726e-144,hard,False,False,-225.97884808991935,0.0,1.0,0.0,0.9804841750435145
1701,1767152676694,0.0,0.0,0.0,0.0,-200.7200324658966,0.0,8.755630158260291e-145,hard,False,False,-225.97884808991935,0.0,1.0,0.0,0.9804841750435145
1702,1767152676719,0.0,0.0,0.0,0.0,-200.7200324658966,0.0,3.502252063304117e-145,hard,False,False,-225.97884808991935,0.0,1.0,0.0,0.9804841750435145
1703,1767152676762,0.0,0.0,0.0,0.0,-200.7200324658966,0.0,1.4009008253216468e-145,hard,False,False,-225.97884808991935,0.0,1.0,0.0,0.9804841750435145
1704,1767152676790,0.0,0.0,0.0,0.0,-200.7200324658966,0.0,5.603603301286588e-146,hard,False,False,-225.97884808991935,0.0,1.0,0.0,0.9804841750435145
1705,1767152676835,0.0,0.0,0.0,0.0,-200.7200324658966,0.0,2.241441320514635e-146,hard,False,False,-225.97884808991935,0.0,1.0,0.0,0.9804841750435145
1706,1767152676861,0.0,0.0,0.0,0.0,-200.7200324658966,0.0,8.96576528205854e-147,hard,False,False,-225.97884808991935,0.0,1.0,0.0,0.9804841750435145
1707,1767152676891,0.0,0.0,0.0,0.0,-200.7200324658966,0.0,3.5863061128234165e-147,hard,False,False,-225.97884808991935,0.0,1.0,0.0,0.9804841750435145
1708,1767152676944,0.0,0.0,0.0,0.0,-200.7200324658966,0.0,1.4345224451293668e-147,hard,False,False,-225.97884808991935,0.0,1.0,0.0,0.9804841750435145
1709,1767152676982,0.0,0.0,0.0,0.0,-200.7200324658966,0.0,5.738089780517467e-148,hard,False,False,-225.97884808991935,0.0,1.0,0.0,0.9804841750435145
1710,1767152677008,0.0,0.0,0.0,0.0,-200.7200324658966,0.0,2.295235912206987e-148,hard,False,False,-225.97884808991935,0.0,1.0,0.0,0.9804841750435145
1711,1767152677035,0.0,0.0,0.0,0.0,-200.7200324658966,0.0,9.180943648827948e-149,hard,False,False,-225.97884808991935,0.0,1.0,0.0,0.9804841750435145
1712,1767152677076,0.0,0.0,0.0,0.0,-200.7200324658966,0.0,3.6723774595311795e-149,hard,False,False,-225.97884808991935,0.0,1.0,0.0,0.9804841750435145
1713,1767152677106,0.0,0.0,0.0,0.0,-200.7200324658966,0.0,1.468950983812472e-149,hard,False,False,-225.97884808991935,0.0,1.0,0.0,0.9804841750435145
1714,1767152677145,0.0,0.0,0.0,0.0,-200.7200324658966,0.0,5.875803935249888e-150,hard,False,False,-225.97884808991935,0.0,1.0,0.0,0.9804841750435145
1715,1767152677192,0.0,0.0,0.0,0.0,-200.7200324658966,0.0,2.3503215740999552e-150,hard,False,False,-225.97884808991935,0.0,1.0,0.0,0.9804841750435145
1716,1767152677220,0.0,0.0,0.0,0.0,-200.7200324658966,0.0,9.401286296399821e-151,hard,False,False,-225.97884808991935,0.0,1.0,0.0,0.9804841750435145
1717,1767152677248,0.0,0.0,0.0,0.0,-200.7200324658966,0.0,3.7605145185599286e-151,hard,False,False,-225.97884808991935,0.0,1.0,0.0,0.9804841750435145
1718,1767152677274,0.0,0.0,0.0,0.0,-200.7200324658966,0.0,1.5042058074239715e-151,hard,False,False,-225.97884808991935,0.0,1.0,0.0,0.9804841750435145
1719,1767152677303,0.0,0.0,0.0,0.0,-200.7200324658966,0.0,6.016823229695886e-152,hard,False,False,-225.97884808991935,0.0,1.0,0.0,0.9804841750435145
1720,1767152677340,0.0,0.0,0.0,0.0,-200.7200324658966,0.0,2.4067292918783544e-152,hard,False,False,-225.97884808991935,0.0,1.0,0.0,0.9804841750435145
1721,1767152677384,0.0,0.0,0.0,0.0,-200.7200324658966,0.0,9.626917167513418e-153,hard,False,False,-225.97884808991935,0.0,1.0,0.0,0.9804841750435145
1722,1767152677431,0.0,0.0,0.0,0.0,-200.7200324658966,0.0,3.8507668670053673e-153,hard,False,False,-225.97884808991935,0.0,1.0,0.0,0.9804841750435145
1723,1767152677460,0.0,0.0,0.0,0.0,-200.7200324658966,0.0,1.540306746802147e-153,hard,False,False,-225.97884808991935,0.0,1.0,0.0,0.9804841750435145
1724,1767152677488,0.0,0.0,0.0,0.0,-200.7200324658966,0.0,6.161226987208589e-154,hard,False,False,-225.97884808991935,0.0,1.0,0.0,0.9804841750435145
1725,1767152677516,0.0,0.0,0.0,0.0,-200.7200324658966,0.0,2.4644907948834357e-154,hard,False,False,-225.97884808991935,0.0,1.0,0.0,0.9804841750435145
1726,1767152677541,0.0,0.0,0.0,0.0,-200.7200324658966,0.0,9.857963179533743e-155,hard,False,False,-225.97884808991935,0.0,1.0,0.0,0.9804841750435145
1727,1767152677574,0.0,0.0,0.0,0.0,-200.7200324658966,0.0,3.943185271813498e-155,hard,False,False,-225.97884808991935,0.0,1.0,0.0,0.9804841750435145
1728,1767152677622,0.0,0.0,0.0,0.0,-200.7200324658966,0.0,1.5772741087253992e-155,hard,False,False,-225.97884808991935,0.0,1.0,0.0,0.9804841750435145
1729,1767152677674,0.0,0.0,0.0,0.0,-200.7200324658966,0.0,6.309096434901597e-156,hard,False,False,-225.97884808991935,0.0,1.0,0.0,0.9804841750435145
1730,1767152677724,0.0,0.0,0.0,0.0,-200.7200324658966,0.0,2.523638573960639e-156,hard,False,False,-225.97884808991935,0.0,1.0,0.0,0.9804841750435145
1731,1767152677763,0.0,0.0,0.0,0.0,-200.7200324658966,0.0,1.0094554295842557e-156,hard,False,False,-225.97884808991935,0.0,1.0,0.0,0.9804841750435145
1732,1767152677788,0.0,0.0,0.0,0.0,-200.7200324658966,0.0,4.0378217183370233e-157,hard,False,False,-225.97884808991935,0.0,1.0,0.0,0.9804841750435145
1733,1767152677816,0.0,0.0,0.0,0.0,-200.7200324658966,0.0,1.6151286873348093e-157,hard,False,False,-225.97884808991935,0.0,1.0,0.0,0.9804841750435145
1734,1767152677859,0.0,0.0,0.0,0.0,-200.7200324658966,0.0,6.460514749339238e-158,hard,False,False,-225.97884808991935,0.0,1.0,0.0,0.9804841750435145
1735,1767152677886,0.0,0.0,0.0,0.0,-200.7200324658966,0.0,2.584205899735695e-158,hard,False,False,-225.97884808991935,0.0,1.0,0.0,0.9804841750435145
1736,1767152677929,0.0,0.0,0.0,0.0,-200.7200324658966,0.0,1.0336823598942782e-158,hard,False,False,-225.97884808991935,0.0,1.0,0.0,0.9804841750435145
1737,1767152677961,0.0,0.0,0.0,0.0,-200.7200324658966,0.0,4.134729439577113e-159,hard,False,False,-225.97884808991935,0.0,1.0,0.0,0.9804841750435145
1738,1767152677989,0.0,0.0,0.0,0.0,-200.7200324658966,0.0,1.6538917758308452e-159,hard,False,False,-225.97884808991935,0.0,1.0,0.0,0.9804841750435145
1739,1767152678040,0.0,0.0,0.0,0.0,-200.7200324658966,0.0,6.615567103323381e-160,hard,False,False,-225.97884808991935,0.0,1.0,0.0,0.9804841750435145
1740,1767152678079,0.0,0.0,0.0,0.0,-200.7200324658966,0.0,2.6462268413293526e-160,hard,False,False,-225.97884808991935,0.0,1.0,0.0,0.9804841750435145
1741,1767152678129,0.0,0.0,0.0,0.0,-200.7200324658966,0.0,1.0584907365317412e-160,hard,False,False,-225.97884808991935,0.0,1.0,0.0,0.9804841750435145
1742,1767152678172,0.0,0.0,0.0,0.0,-200.7200324658966,0.0,4.233962946126965e-161,hard,False,False,-225.97884808991935,0.0,1.0,0.0,0.9804841750435145
1743,1767152678213,0.0,0.0,0.0,0.0,-200.7200324658966,0.0,1.693585178450786e-161,hard,False,False,-225.97884808991935,0.0,1.0,0.0,0.9804841750435145
1744,1767152678240,0.0,0.0,0.0,0.0,-200.7200324658966,0.0,6.774340713803145e-162,hard,False,False,-225.97884808991935,0.0,1.0,0.0,0.9804841750435145
1745,1767152678274,0.0,0.0,0.0,0.0,-200.7200324658966,0.0,2.709736285521258e-162,hard,False,False,-225.97884808991935,0.0,1.0,0.0,0.9804841750435145
1746,1767152678307,0.0,0.0,0.0,0.0,-200.7200324658966,0.0,1.0838945142085033e-162,hard,False,False,-225.97884808991935,0.0,1.0,0.0,0.9804841750435145
1747,1767152678342,0.0,0.0,0.0,0.0,-200.7200324658966,0.0,4.335578056834013e-163,hard,False,False,-225.97884808991935,0.0,1.0,0.0,0.9804841750435145
1748,1767152678441,0.0,0.0,0.0,0.0,-200.7200324658966,0.0,1.7342312227336055e-163,hard,False,False,-225.97884808991935,0.0,1.0,0.0,0.9804841750435145
1749,1767152678474,0.0,0.0,0.0,0.0,-200.7200324658966,0.0,6.9369248909344225e-164,hard,False,False,-225.97884808991935,0.0,1.0,0.0,0.9804841750435145
1750,1767152678507,0.0,0.0,0.0,0.0,-200.7200324658966,0.0,2.774769956373769e-164,hard,False,False,-225.97884808991935,0.0,1.0,0.0,0.9804841750435145
1751,1767152678550,0.0,0.0,0.0,0.0,-200.7200324658966,0.0,1.1099079825495078e-164,hard,False,False,-225.97884808991935,0.0,1.0,0.0,0.9804841750435145
1752,1767152678580,0.0,0.0,0.0,0.0,-200.7200324658966,0.0,4.439631930198031e-165,hard,False,False,-225.97884808991935,0.0,1.0,0.0,0.9804841750435145
1753,1767152678776,0.0,0.0,0.0,0.0,-200.7200324658966,0.0,1.7758527720792126e-165,hard,False,False,-225.97884808991935,0.0,1.0,0.0,0.9804841750435145
1754,1767152678812,0.0,0.0,0.0,0.0,-200.7200324658966,0.0,7.103411088316851e-166,hard,False,False,-225.97884808991935,0.0,1.0,0.0,0.9804841750435145
1755,1767152678836,0.0,0.0,0.0,0.0,-200.7200324658966,0.0,2.84136443532674e-166,hard,False,False,-225.97884808991935,0.0,1.0,0.0,0.9804841750435145
1756,1767152678860,0.0,0.0,0.0,0.0,-200.7200324658966,0.0,1.1365457741306962e-166,hard,False,False,-225.97884808991935,0.0,1.0,0.0,0.9804841750435145
1757,1767152678882,0.0,0.0,0.0,0.0,-200.7200324658966,0.0,4.5461830965227854e-167,hard,False,False,-225.97884808991935,0.0,1.0,0.0,0.9804841750435145
1758,1767152678910,0.0,0.0,0.0,0.0,-200.7200324658966,0.0,1.8184732386091144e-167,hard,False,False,-225.97884808991935,0.0,1.0,0.0,0.9804841750435145
1759,1767152678939,0.0,0.0,0.0,0.0,-200.7200324658966,0.0,7.273892954436458e-168,hard,False,False,-225.97884808991935,0.0,1.0,0.0,0.9804841750435145
1760,1767152678970,0.0,0.0,0.0,0.0,-200.7200324658966,0.0,2.9095571817745833e-168,hard,False,False,-225.97884808991935,0.0,1.0,0.0,0.9804841750435145
1761,1767152678995,0.0,0.0,0.0,0.0,-200.7200324658966,0.0,1.1638228727098334e-168,hard,False,False,-225.97884808991935,0.0,1.0,0.0,0.9804841750435145
1762,1767152679027,0.0,0.0,0.0,0.0,-200.7200324658966,0.0,4.655291490839334e-169,hard,False,False,-225.97884808991935,0.0,1.0,0.0,0.9804841750435145
1763,1767152679069,0.0,0.0,0.0,0.0,-200.7200324658966,0.0,1.8621165963357337e-169,hard,False,False,-225.97884808991935,0.0,1.0,0.0,0.9804841750435145
1764,1767152679096,0.0,0.0,0.0,0.0,-200.7200324658966,0.0,7.448466385342935e-170,hard,False,False,-225.97884808991935,0.0,1.0,0.0,0.9804841750435145
1765,1767152679124,0.0,0.0,0.0,0.0,-200.7200324658966,0.0,2.979386554137174e-170,hard,False,False,-225.97884808991935,0.0,1.0,0.0,0.9804841750435145
1766,1767152679233,0.0,0.0,0.0,0.0,-200.7200324658966,0.0,1.1917546216548696e-170,hard,False,False,-225.97884808991935,0.0,1.0,0.0,0.9804841750435145
1767,1767152679268,0.0,0.0,0.0,0.0,-200.7200324658966,0.0,4.767018486619479e-171,hard,False,False,-225.97884808991935,0.0,1.0,0.0,0.9804841750435145
1768,1767152679308,0.0,0.0,0.0,0.0,-200.7200324658966,0.0,1.9068073946477916e-171,hard,False,False,-225.97884808991935,0.0,1.0,0.0,0.9804841750435145
1769,1767152679336,0.0,0.0,0.0,0.0,-200.7200324658966,0.0,7.627229578591166e-172,hard,False,False,-225.97884808991935,0.0,1.0,0.0,0.9804841750435145
1770,1767152679382,0.0,0.0,0.0,0.0,-200.7200324658966,0.0,3.0508918314364664e-172,hard,False,False,-225.97884808991935,0.0,1.0,0.0,0.9804841750435145
1771,1767152679424,0.0,0.0,0.0,0.0,-200.7200324658966,0.0,1.2203567325745866e-172,hard,False,False,-225.97884808991935,0.0,1.0,0.0,0.9804841750435145
1772,1767152679454,0.0,0.0,0.0,0.0,-200.7200324658966,0.0,4.8814269302983466e-173,hard,False,False,-225.97884808991935,0.0,1.0,0.0,0.9804841750435145
1773,1767152679504,0.0,0.0,0.0,0.0,-200.7200324658966,0.0,1.9525707721193388e-173,hard,False,False,-225.97884808991935,0.0,1.0,0.0,0.9804841750435145
1774,1767152679533,0.0,0.0,0.0,0.0,-200.7200324658966,0.0,7.810283088477355e-174,hard,False,False,-225.97884808991935,0.0,1.0,0.0,0.9804841750435145
1775,1767152679581,0.0,0.0,0.0,0.0,-200.7200324658966,0.0,3.124113235390942e-174,hard,False,False,-225.97884808991935,0.0,1.0,0.0,0.9804841750435145
1776,1767152679611,0.0,0.0,0.0,0.0,-200.7200324658966,0.0,1.249645294156377e-174,hard,False,False,-225.97884808991935,0.0,1.0,0.0,0.9804841750435145
1777,1767152679642,0.0,0.0,0.0,0.0,-200.7200324658966,0.0,4.998581176625508e-175,hard,False,False,-225.97884808991935,0.0,1.0,0.0,0.9804841750435145
1778,1767152679688,0.0,0.0,0.0,0.0,-200.7200324658966,0.0,1.9994324706502034e-175,hard,False,False,-225.97884808991935,0.0,1.0,0.0,0.9804841750435145
1779,1767152679731,0.0,0.0,0.0,0.0,-200.7200324658966,0.0,7.997729882600815e-176,hard,False,False,-225.97884808991935,0.0,1.0,0.0,0.9804841750435145
1780,1767152679766,0.0,0.0,0.0,0.0,-200.7200324658966,0.0,3.199091953040326e-176,hard,False,False,-225.97884808991935,0.0,1.0,0.0,0.9804841750435145
1781,1767152679807,0.0,0.0,0.0,0.0,-200.7200324658966,0.0,1.2796367812161306e-176,hard,False,False,-225.97884808991935,0.0,1.0,0.0,0.9804841750435145
1782,1767152679851,0.0,0.0,0.0,0.0,-200.7200324658966,0.0,5.118547124864523e-177,hard,False,False,-225.97884808991935,0.0,1.0,0.0,0.9804841750435145
1783,1767152679880,0.0,0.0,0.0,0.0,-200.7200324658966,0.0,2.047418849945809e-177,hard,False,False,-225.97884808991935,0.0,1.0,0.0,0.9804841750435145
1784,1767152679909,0.0,0.0,0.0,0.0,-200.7200324658966,0.0,8.189675399783237e-178,hard,False,False,-225.97884808991935,0.0,1.0,0.0,0.9804841750435145
1785,1767152679941,0.0,0.0,0.0,0.0,-200.7200324658966,0.0,3.275870159913295e-178,hard,False,False,-225.97884808991935,0.0,1.0,0.0,0.9804841750435145
1786,1767152679970,0.0,0.0,0.0,0.0,-200.7200324658966,0.0,1.310348063965318e-178,hard,False,False,-225.97884808991935,0.0,1.0,0.0,0.9804841750435145
1787,1767152680012,0.0,0.0,0.0,0.0,-200.7200324658966,0.0,5.241392255861273e-179,hard,False,False,-225.97884808991935,0.0,1.0,0.0,0.9804841750435145
1788,1767152680040,0.0,0.0,0.0,0.0,-200.7200324658966,0.0,2.0965569023445093e-179,hard,False,False,-225.97884808991935,0.0,1.0,0.0,0.9804841750435145
1789,1767152680068,0.0,0.0,0.0,0.0,-200.7200324658966,0.0,8.386227609378037e-180,hard,False,False,-225.97884808991935,0.0,1.0,0.0,0.9804841750435145
1790,1767152680112,0.0,0.0,0.0,0.0,-200.7200324658966,0.0,3.354491043751215e-180,hard,False,False,-225.97884808991935,0.0,1.0,0.0,0.9804841750435145
1791,1767152680137,0.0,0.0,0.0,0.0,-200.7200324658966,0.0,1.3417964175004862e-180,hard,False,False,-225.97884808991935,0.0,1.0,0.0,0.9804841750435145
1792,1767152680167,0.0,0.0,0.0,0.0,-200.7200324658966,0.0,5.367185670001945e-181,hard,False,False,-225.97884808991935,0.0,1.0,0.0,0.9804841750435145
1793,1767152680195,0.0,0.0,0.0,0.0,-200.7200324658966,0.0,2.146874268000778e-181,hard,False,False,-225.97884808991935,0.0,1.0,0.0,0.9804841750435145
1794,1767152680226,0.0,0.0,0.0,0.0,-200.7200324658966,0.0,8.587497072003113e-182,hard,False,False,-225.97884808991935,0.0,1.0,0.0,0.9804841750435145
1795,1767152680253,0.0,0.0,0.0,0.0,-200.7200324658966,0.0,3.434998828801245e-182,hard,False,False,-225.97884808991935,0.0,1.0,0.0,0.9804841750435145
1796,1767152680274,0.0,0.0,0.0,0.0,-200.7200324658966,0.0,1.3739995315204981e-182,hard,False,False,-225.97884808991935,0.0,1.0,0.0,0.9804841750435145
1797,1767152680304,0.0,0.0,0.0,0.0,-200.7200324658966,0.0,5.495998126081993e-183,hard,False,False,-225.97884808991935,0.0,1.0,0.0,0.9804841750435145
1798,1767152680331,0.0,0.0,0.0,0.0,-200.7200324658966,0.0,2.198399250432797e-183,hard,False,False,-225.97884808991935,0.0,1.0,0.0,0.9804841750435145
1799,1767152680358,0.0,0.0,0.0,0.0,-200.7200324658966,0.0,8.793597001731189e-184,hard,False,False,-225.97884808991935,0.0,1.0,0.0,0.9804841750435145
1800,1767152680380,0.0,0.0,0.0,0.0,-200.7200324658966,0.0,3.5174388006924755e-184,hard,False,False,-225.97884808991935,0.0,1.0,0.0,0.9804841750435145
1801,1767152680408,0.0,0.0,0.0,0.0,-200.7200324658966,0.0,1.4069755202769903e-184,hard,False,False,-225.97884808991935,0.0,1.0,0.0,0.9804841750435145
1802,1767152680432,0.0,0.0,0.0,0.0,-200.7200324658966,0.0,5.627902081107961e-185,hard,False,False,-225.97884808991935,0.0,1.0,0.0,0.9804841750435145
1803,1767152680454,0.0,0.0,0.0,0.0,-200.7200324658966,0.0,2.2511608324431848e-185,hard,False,False,-225.97884808991935,0.0,1.0,0.0,0.9804841750435145
1804,1767152680481,0.0,0.0,0.0,0.0,-200.7200324658966,0.0,9.004643329772739e-186,hard,False,False,-225.97884808991935,0.0,1.0,0.0,0.9804841750435145
1805,1767152680507,0.0,0.0,0.0,0.0,-200.7200324658966,0.0,3.601857331909096e-186,hard,False,False,-225.97884808991935,0.0,1.0,0.0,0.9804841750435145
1806,1767152680540,0.0,0.0,0.0,0.0,-200.7200324658966,0.0,1.4407429327636384e-186,hard,False,False,-225.97884808991935,0.0,1.0,0.0,0.9804841750435145
1807,1767152680573,0.0,0.0,0.0,0.0,-200.7200324658966,0.0,5.762971731054554e-187,hard,False,False,-225.97884808991935,0.0,1.0,0.0,0.9804841750435145
1808,1767152680606,0.0,0.0,0.0,0.0,-200.7200324658966,0.0,2.305188692421822e-187,hard,False,False,-225.97884808991935,0.0,1.0,0.0,0.9804841750435145
1809,1767152680641,0.0,0.0,0.0,0.0,-200.7200324658966,0.0,9.220754769687288e-188,hard,False,False,-225.97884808991935,0.0,1.0,0.0,0.9804841750435145
1810,1767152680673,0.0,0.0,0.0,0.0,-200.7200324658966,0.0,3.688301907874916e-188,hard,False,False,-225.97884808991935,0.0,1.0,0.0,0.9804841750435145
1811,1767152680706,0.0,0.0,0.0,0.0,-200.7200324658966,0.0,1.4753207631499662e-188,hard,False,False,-225.97884808991935,0.0,1.0,0.0,0.9804841750435145
1812,1767152680740,0.0,0.0,0.0,0.0,-200.7200324658966,0.0,5.901283052599865e-189,hard,False,False,-225.97884808991935,0.0,1.0,0.0,0.9804841750435145
1813,1767152680774,0.0,0.0,0.0,0.0,-200.7200324658966,0.0,2.3605132210399464e-189,hard,False,False,-225.97884808991935,0.0,1.0,0.0,0.9804841750435145
1814,1767152680807,0.0,0.0,0.0,0.0,-200.7200324658966,0.0,9.442052884159787e-190,hard,False,False,-225.97884808991935,0.0,1.0,0.0,0.9804841750435145
1815,1767152680840,0.0,0.0,0.0,0.0,-200.7200324658966,0.0,3.776821153663915e-190,hard,False,False,-225.97884808991935,0.0,1.0,0.0,0.9804841750435145
1816,1767152680873,0.0,0.0,0.0,0.0,-200.7200324658966,0.0,1.5107284614655661e-190,hard,False,False,-225.97884808991935,0.0,1.0,0.0,0.9804841750435145
1817,1767152680907,0.0,0.0,0.0,0.0,-200.7200324658966,0.0,6.042913845862265e-191,hard,False,False,-225.97884808991935,0.0,1.0,0.0,0.9804841750435145
1818,1767152680940,0.0,0.0,0.0,0.0,-200.7200324658966,0.0,2.4171655383449062e-191,hard,False,False,-225.97884808991935,0.0,1.0,0.0,0.9804841750435145
1819,1767152680973,0.0,0.0,0.0,0.0,-200.7200324658966,0.0,9.668662153379625e-192,hard,False,False,-225.97884808991935,0.0,1.0,0.0,0.9804841750435145
1820,1767152681007,0.0,0.0,0.0,0.0,-200.7200324658966,0.0,3.86746486135185e-192,hard,False,False,-225.97884808991935,0.0,1.0,0.0,0.9804841750435145
1821,1767152681055,0.0,0.0,0.0,0.0,-200.7200324658966,0.0,1.5469859445407401e-192,hard,False,False,-225.97884808991935,0.0,1.0,0.0,0.9804841750435145
1822,1767152681079,0.0,0.0,0.0,0.0,-200.7200324658966,0.0,6.18794377816296e-193,hard,False,False,-225.97884808991935,0.0,1.0,0.0,0.9804841750435145
1823,1767152681107,0.0,0.0,0.0,0.0,-200.7200324658966,0.0,2.4751775112651844e-193,hard,False,False,-225.97884808991935,0.0,1.0,0.0,0.9804841750435145
1824,1767152681141,0.0,0.0,0.0,0.0,-200.7200324658966,0.0,9.900710045060738e-194,hard,False,False,-225.97884808991935,0.0,1.0,0.0,0.9804841750435145
1825,1767152681174,0.0,0.0,0.0,0.0,-200.7200324658966,0.0,3.9602840180242956e-194,hard,False,False,-225.97884808991935,0.0,1.0,0.0,0.9804841750435145
1826,1767152681206,0.0,0.0,0.0,0.0,-200.7200324658966,0.0,1.5841136072097183e-194,hard,False,False,-225.97884808991935,0.0,1.0,0.0,0.9804841750435145
1827,1767152681240,0.0,0.0,0.0,0.0,-200.7200324658966,0.0,6.3364544288388735e-195,hard,False,False,-225.97884808991935,0.0,1.0,0.0,0.9804841750435145
1828,1767152681274,0.0,0.0,0.0,0.0,-200.7200324658966,0.0,2.5345817715355496e-195,hard,False,False,-225.97884808991935,0.0,1.0,0.0,0.9804841750435145
1829,1767152681307,0.0,0.0,0.0,0.0,-200.7200324658966,0.0,1.0138327086142199e-195,hard,False,False,-225.97884808991935,0.0,1.0,0.0,0.9804841750435145
1830,1767152681340,0.0,0.0,0.0,0.0,-200.7200324658966,0.0,4.05533083445688e-196,hard,False,False,-225.97884808991935,0.0,1.0,0.0,0.9804841750435145
1831,1767152681373,0.0,0.0,0.0,0.0,-200.7200324658966,0.0,1.622132333782752e-196,hard,False,False,-225.97884808991935,0.0,1.0,0.0,0.9804841750435145
1832,1767152681406,0.0,0.0,0.0,0.0,-200.7200324658966,0.0,6.488529335131009e-197,hard,False,False,-225.97884808991935,0.0,1.0,0.0,0.9804841750435145
1833,1767152681442,0.0,0.0,0.0,0.0,-200.7200324658966,0.0,2.595411734052404e-197,hard,False,False,-225.97884808991935,0.0,1.0,0.0,0.9804841750435145
1834,1767152681473,0.0,0.0,0.0,0.0,-200.7200324658966,0.0,1.0381646936209615e-197,hard,False,False,-225.97884808991935,0.0,1.0,0.0,0.9804841750435145
1835,1767152681507,0.0,0.0,0.0,0.0,-200.7200324658966,0.0,4.1526587744838465e-198,hard,False,False,-225.97884808991935,0.0,1.0,0.0,0.9804841750435145
1836,1767152681540,0.0,0.0,0.0,0.0,-200.7200324658966,0.0,1.6610635097935387e-198,hard,False,False,-225.97884808991935,0.0,1.0,0.0,0.9804841750435145
1837,1767152681573,0.0,0.0,0.0,0.0,-200.7200324658966,0.0,6.6442540391741555e-199,hard,False,False,-225.97884808991935,0.0,1.0,0.0,0.9804841750435145
1838,1767152681607,0.0,0.0,0.0,0.0,-200.7200324658966,0.0,2.6577016156696626e-199,hard,False,False,-225.97884808991935,0.0,1.0,0.0,0.9804841750435145
1839,1767152681640,0.0,0.0,0.0,0.0,-200.7200324658966,0.0,1.063080646267865e-199,hard,False,False,-225.97884808991935,0.0,1.0,0.0,0.9804841750435145
1840,1767152681673,0.0,0.0,0.0,0.0,-200.7200324658966,0.0,4.2523225850714606e-200,hard,False,False,-225.97884808991935,0.0,1.0,0.0,0.9804841750435145
1841,1767152681706,0.0,0.0,0.0,0.0,-200.7200324658966,0.0,1.7009290340285843e-200,hard,False,False,-225.97884808991935,0.0,1.0,0.0,0.9804841750435145
1842,1767152681740,0.0,0.0,0.0,0.0,-200.7200324658966,0.0,6.803716136114337e-201,hard,False,False,-225.97884808991935,0.0,1.0,0.0,0.9804841750435145
1843,1767152681773,0.0,0.0,0.0,0.0,-200.7200324658966,0.0,2.721486454445735e-201,hard,False,False,-225.97884808991935,0.0,1.0,0.0,0.9804841750435145
1844,1767152681806,0.0,0.0,0.0,0.0,-200.7200324658966,0.0,1.088594581778294e-201,hard,False,False,-225.97884808991935,0.0,1.0,0.0,0.9804841750435145
1845,1767152681839,0.0,0.0,0.0,0.0,-200.7200324658966,0.0,4.354378327113176e-202,hard,False,False,-225.97884808991935,0.0,1.0,0.0,0.9804841750435145
1846,1767152681873,0.0,0.0,0.0,0.0,-200.7200324658966,0.0,1.7417513308452706e-202,hard,False,False,-225.97884808991935,0.0,1.0,0.0,0.9804841750435145
1847,1767152681906,0.0,0.0,0.0,0.0,-200.7200324658966,0.0,6.967005323381083e-203,hard,False,False,-225.97884808991935,0.0,1.0,0.0,0.9804841750435145
1848,1767152681939,0.0,0.0,0.0,0.0,-200.7200324658966,0.0,2.786802129352433e-203,hard,False,False,-225.97884808991935,0.0,1.0,0.0,0.9804841750435145
1849,1767152681973,0.0,0.0,0.0,0.0,-200.7200324658966,0.0,1.1147208517409733e-203,hard,False,False,-225.97884808991935,0.0,1.0,0.0,0.9804841750435145
1850,1767152682006,0.0,0.0,0.0,0.0,-200.7200324658966,0.0,4.458883406963893e-204,hard,False,False,-225.97884808991935,0.0,1.0,0.0,0.9804841750435145
1851,1767152682041,0.0,0.0,0.0,0.0,-200.7200324658966,0.0,1.7835533627855572e-204,hard,False,False,-225.97884808991935,0.0,1.0,0.0,0.9804841750435145
1852,1767152682073,0.0,0.0,0.0,0.0,-200.7200324658966,0.0,7.134213451142229e-205,hard,False,False,-225.97884808991935,0.0,1.0,0.0,0.9804841750435145
1853,1767152682106,0.0,0.0,0.0,0.0,-200.7200324658966,0.0,2.8536853804568917e-205,hard,False,False,-225.97884808991935,0.0,1.0,0.0,0.9804841750435145
1854,1767152682141,0.0,0.0,0.0,0.0,-200.7200324658966,0.0,1.1414741521827567e-205,hard,False,False,-225.97884808991935,0.0,1.0,0.0,0.9804841750435145
1855,1767152682173,0.0,0.0,0.0,0.0,-200.7200324658966,0.0,4.565896608731027e-206,hard,False,False,-225.97884808991935,0.0,1.0,0.0,0.9804841750435145
1856,1767152682206,0.0,0.0,0.0,0.0,-200.7200324658966,0.0,1.826358643492411e-206,hard,False,False,-225.97884808991935,0.0,1.0,0.0,0.9804841750435145
1857,1767152682239,0.0,0.0,0.0,0.0,-200.7200324658966,0.0,7.305434573969644e-207,hard,False,False,-225.97884808991935,0.0,1.0,0.0,0.9804841750435145
1858,1767152682275,0.0,0.0,0.0,0.0,-200.7200324658966,0.0,2.9221738295878576e-207,hard,False,False,-225.97884808991935,0.0,1.0,0.0,0.9804841750435145
1859,1767152682307,0.0,0.0,0.0,0.0,-200.7200324658966,0.0,1.1688695318351432e-207,hard,False,False,-225.97884808991935,0.0,1.0,0.0,0.9804841750435145
1860,1767152682340,0.0,0.0,0.0,0.0,-200.7200324658966,0.0,4.6754781273405735e-208,hard,False,False,-225.97884808991935,0.0,1.0,0.0,0.9804841750435145
1861,1767152682373,0.0,0.0,0.0,0.0,-200.7200324658966,0.0,1.8701912509362295e-208,hard,False,False,-225.97884808991935,0.0,1.0,0.0,0.9804841750435145
1862,1767152682406,0.0,0.0,0.0,0.0,-200.7200324658966,0.0,7.480765003744918e-209,hard,False,False,-225.97884808991935,0.0,1.0,0.0,0.9804841750435145
1863,1767152682439,0.0,0.0,0.0,0.0,-200.7200324658966,0.0,2.9923060014979676e-209,hard,False,False,-225.97884808991935,0.0,1.0,0.0,0.9804841750435145
1864,1767152682473,0.0,0.0,0.0,0.0,-200.7200324658966,0.0,1.1969224005991871e-209,hard,False,False,-225.97884808991935,0.0,1.0,0.0,0.9804841750435145
1865,1767152682506,0.0,0.0,0.0,0.0,-200.7200324658966,0.0,4.787689602396749e-210,hard,False,False,-225.97884808991935,0.0,1.0,0.0,0.9804841750435145
1866,1767152682541,0.0,0.0,0.0,0.0,-200.7200324658966,0.0,1.9150758409586997e-210,hard,False,False,-225.97884808991935,0.0,1.0,0.0,0.9804841750435145
1867,1767152682573,0.0,0.0,0.0,0.0,-200.7200324658966,0.0,7.660303363834799e-211,hard,False,False,-225.97884808991935,0.0,1.0,0.0,0.9804841750435145
1868,1767152682606,0.0,0.0,0.0,0.0,-200.7200324658966,0.0,3.06412134553392e-211,hard,False,False,-225.97884808991935,0.0,1.0,0.0,0.9804841750435145
1869,1767152682640,0.0,0.0,0.0,0.0,-200.7200324658966,0.0,1.225648538213568e-211,hard,False,False,-225.97884808991935,0.0,1.0,0.0,0.9804841750435145
1870,1767152682673,0.0,0.0,0.0,0.0,-200.7200324658966,0.0,4.902594152854272e-212,hard,False,False,-225.97884808991935,0.0,1.0,0.0,0.9804841750435145
1871,1767152682706,0.0,0.0,0.0,0.0,-200.7200324658966,0.0,1.961037661141709e-212,hard,False,False,-225.97884808991935,0.0,1.0,0.0,0.9804841750435145
1872,1767152682739,0.0,0.0,0.0,0.0,-200.7200324658966,0.0,7.844150644566837e-213,hard,False,False,-225.97884808991935,0.0,1.0,0.0,0.9804841750435145
1873,1767152682773,0.0,0.0,0.0,0.0,-200.7200324658966,0.0,3.137660257826735e-213,hard,False,False,-225.97884808991935,0.0,1.0,0.0,0.9804841750435145
1874,1767152682810,0.0,0.0,0.0,0.0,-200.7200324658966,0.0,1.255064103130694e-213,hard,False,False,-225.97884808991935,0.0,1.0,0.0,0.9804841750435145
1875,1767152682839,0.0,0.0,0.0,0.0,-200.7200324658966,0.0,5.0202564125227764e-214,hard,False,False,-225.97884808991935,0.0,1.0,0.0,0.9804841750435145
1876,1767152682873,0.0,0.0,0.0,0.0,-200.7200324658966,0.0,2.0081025650091107e-214,hard,False,False,-225.97884808991935,0.0,1.0,0.0,0.9804841750435145
1877,1767152682906,0.0,0.0,0.0,0.0,-200.7200324658966,0.0,8.032410260036444e-215,hard,False,False,-225.97884808991935,0.0,1.0,0.0,0.9804841750435145
1878,1767152682939,0.0,0.0,0.0,0.0,-200.7200324658966,0.0,3.212964104014578e-215,hard,False,False,-225.97884808991935,0.0,1.0,0.0,0.9804841750435145
1879,1767152682974,0.0,0.0,0.0,0.0,-200.7200324658966,0.0,1.2851856416058312e-215,hard,False,False,-225.97884808991935,0.0,1.0,0.0,0.9804841750435145
1880,1767152683006,0.0,0.0,0.0,0.0,-200.7200324658966,0.0,5.140742566423325e-216,hard,False,False,-225.97884808991935,0.0,1.0,0.0,0.9804841750435145
1881,1767152683039,0.0,0.0,0.0,0.0,-200.7200324658966,0.0,2.05629702656933e-216,hard,False,False,-225.97884808991935,0.0,1.0,0.0,0.9804841750435145
1882,1767152683073,0.0,0.0,0.0,0.0,-200.7200324658966,0.0,8.225188106277321e-217,hard,False,False,-225.97884808991935,0.0,1.0,0.0,0.9804841750435145
1883,1767152683106,0.0,0.0,0.0,0.0,-200.7200324658966,0.0,3.2900752425109287e-217,hard,False,False,-225.97884808991935,0.0,1.0,0.0,0.9804841750435145
1884,1767152683139,0.0,0.0,0.0,0.0,-200.7200324658966,0.0,1.3160300970043715e-217,hard,False,False,-225.97884808991935,0.0,1.0,0.0,0.9804841750435145
1885,1767152683173,0.0,0.0,0.0,0.0,-200.7200324658966,0.0,5.264120388017486e-218,hard,False,False,-225.97884808991935,0.0,1.0,0.0,0.9804841750435145
1886,1767152683206,0.0,0.0,0.0,0.0,-200.7200324658966,0.0,2.1056481552069946e-218,hard,False,False,-225.97884808991935,0.0,1.0,0.0,0.9804841750435145
1887,1767152683239,0.0,0.0,0.0,0.0,-200.7200324658966,0.0,8.422592620827979e-219,hard,False,False,-225.97884808991935,0.0,1.0,0.0,0.9804841750435145
1888,1767152683275,0.0,0.0,0.0,0.0,-200.7200324658966,0.0,3.369037048331192e-219,hard,False,False,-225.97884808991935,0.0,1.0,0.0,0.9804841750435145
