{
  "n_pairs": 56,
  "mean_dt_ms": -305.30357142857144,
  "median_dt_ms": -329.0,
  "std_dt_ms": 103.41610119920833,
  "min_dt_ms": -496.0,
  "max_dt_ms": -86.0,
  "offset_ms": 280.0
}