{
  "n_pairs": 36,
  "mean_dt_ms": -246.77777777777777,
  "median_dt_ms": -256.5,
  "std_dt_ms": 80.43289511937233,
  "min_dt_ms": -359.0,
  "max_dt_ms": -86.0,
  "offset_ms": 280.0
}