frame_idx,timestamp_ms,depth_raw_mm,depth_ema_mm,depth_kf_mm,depth_corr_mm,sig_mm,conf,conf_ema,vision_state,has_hand,has_main_hand,velocity_mm_s,motion_mm,gain,offset_mm,cos_tilt
0,1767151255065,-0.17799806226710552,-0.17799806226710552,-0.17799806226710552,-0.17799806226710552,-0.17799806226710552,0.9410008192062378,0.5646004915237427,ok,True,True,0.0,0.0,1.0,0.0,0.9804841750435145
1,1767151255098,-0.2853985423229933,-0.24243835030063815,-0.23502794704889773,-0.23502794704889773,-0.23502794704889773,0.9315910339355469,0.7847948169708252,ok,True,True,-0.011720505423831693,0.042960192022355126,1.0,0.0,0.9804841750435145
2,1767151255132,-0.29557132820081855,-0.27431813704074637,-0.269810719440618,-0.269810719440618,-0.269810719440618,0.9477935433387756,0.8825940527915954,ok,True,True,-0.021507415559153788,0.021253191160072182,1.0,0.0,0.9804841750435145
3,1767151255165,-0.6962296610341276,-0.5274650514367751,-0.49775473545647275,-0.49775473545647275,-0.49775473545647275,0.9395105242729187,0.9167439356803894,ok,True,True,-0.10075189558478895,0.1687646095973525,1.0,0.0,0.9804841750435145
4,1767151255199,-0.5914614611658354,-0.5658628972742112,-0.5583912110075095,-0.5583912110075095,-0.5583912110075095,0.9371448159217834,0.9289844638252258,ok,True,True,-0.12422110516660131,0.025598563891624182,1.0,0.0,0.9804841750435145
5,1767151255232,-0.2645989309716657,-0.38510451749268393,-0.40553743595708885,-0.40553743595708885,-0.40553743595708885,0.935470700263977,0.9328762056884766,ok,True,True,-0.050629484012828296,0.12050558652101823,1.0,0.0,0.9804841750435145
6,1767151255265,-0.16082502034453944,-0.2505368192037972,-0.26854637915134016,-0.26854637915134016,-0.26854637915134016,0.9356861114501953,0.9345621491455078,ok,True,True,0.022283668094223733,0.08971179885925779,1.0,0.0,0.9804841750435145
7,1767151255299,-0.6364171284745075,-0.4820650047662234,-0.4574841545296312,-0.4574841545296312,-0.4574841545296312,0.939909815788269,0.9377707491311646,ok,True,True,-0.0878580766183211,0.1543521237082841,1.0,0.0,0.9804841750435145
8,1767151255332,-0.42010461882269345,-0.4448887732001054,-0.4466665354359729,-0.4466665354359729,-0.4466665354359729,0.9520381689071655,0.9463312009967653,ok,True,True,-0.07915206477750357,0.024784154377411938,1.0,0.0,0.9804841750435145
9,1767151255365,-0.510906790621429,-0.4844995836528995,-0.4804761447878266,-0.4804761447878266,-0.4804761447878266,0.940344512462616,0.9427391878762756,ok,True,True,-0.10046353652482572,0.02640720696852944,1.0,0.0,0.9804841750435145
10,1767151255399,-0.5471322535524645,-0.5220791855926386,-0.5177131755201155,-0.5177131755201155,-0.5177131755201155,0.9307495951652527,0.9355454322496619,ok,True,True,-0.1252584675439153,0.02505306795982598,1.0,0.0,0.9804841750435145
11,1767151255432,-0.06590200816478656,-0.24837287913592737,-0.2795406525702684,-0.2795406525702684,-0.2795406525702684,0.9382559061050415,0.9371717165628897,ok,True,True,0.06310265770904464,0.18247087097114081,1.0,0.0,0.9804841750435145
12,1767151255465,-0.33190024319162853,-0.29848929756934806,-0.2960939302067051,-0.2960939302067051,-0.2960939302067051,0.9332106113433838,0.9347950534311862,ok,True,True,0.04779703431484497,0.033410945622280475,1.0,0.0,0.9804841750435145
13,1767151255499,0.06351077127645197,-0.08128925626186805,-0.10551496711882119,-0.10551496711882119,-0.10551496711882119,0.9454506039619446,0.9411883837496413,ok,True,True,0.21053663966898356,0.14480002753832,1.0,0.0,0.9804841750435145
14,1767151255539,-0.7019310189950331,-0.45367431390176705,-0.4133715815492546,-0.4133715815492546,-0.4133715815492546,0.9408785700798035,0.9410024955477385,ok,True,True,-0.07268725177449609,0.24825670509326603,1.0,0.0,0.9804841750435145
15,1767151255578,-0.5371951084774588,-0.503786790647182,-0.4938145773969882,-0.4938145773969882,-0.4938145773969882,0.9350497722625732,0.9374308615766394,ok,True,True,-0.1456758897906797,0.03340831783027676,1.0,0.0,0.9804841750435145
16,1767151255619,-0.580127713283874,-0.5495913442291972,-0.5438272121327481,-0.5438272121327481,-0.5438272121327481,0.9509299993515015,0.9455303442415566,ok,True,True,-0.18944493895625175,0.030536369054676826,1.0,0.0,0.9804841750435145
17,1767151255651,-0.5189070832439898,-0.5311807876380727,-0.5333248051972926,-0.5333248051972926,-0.5333248051972926,0.9369221329689026,0.9403654174779642,ok,True,True,-0.1726137809149335,0.01227370439408293,1.0,0.0,0.9804841750435145
18,1767151255674,-0.13195614833080133,-0.2916460040537099,-0.31959543413227487,-0.31959543413227487,-0.31959543413227487,0.9339135885238647,0.9364943201055045,ok,True,True,0.0535128934461524,0.15968985572290856,1.0,0.0,0.9804841750435145
19,1767151255702,-0.6036688042192258,-0.4788596841530194,-0.46068543819946084,-0.46068543819946084,-0.46068543819946084,0.931879997253418,0.9337257263942526,ok,True,True,-0.0976019143835768,0.12480912006620637,1.0,0.0,0.9804841750435145
20,1767151255732,-0.40320170172287184,-0.4334648946949309,-0.4369008182758453,-0.4369008182758453,-0.4369008182758453,0.9367040991783142,0.9355127500646896,ok,True,True,-0.06831552176259395,0.03026319297205904,1.0,0.0,0.9804841750435145
21,1767151255765,-0.3866896035155317,-0.4053997199872914,-0.4092050628028252,-0.4092050628028252,-0.4092050628028252,0.9325206875801086,0.933717512573941,ok,True,True,-0.035141712143730394,0.018710116471759686,1.0,0.0,0.9804841750435145
22,1767151255799,-0.2299137542639394,-0.30010814055328017,-0.3125210730304401,-0.3125210730304401,-0.3125210730304401,0.9287967681884766,0.9307650659426624,ok,True,True,0.07530634725886166,0.07019438628934077,1.0,0.0,0.9804841750435145
23,1767151255833,-0.602645778294789,-0.4816307231981855,-0.4623251227024948,-0.4623251227024948,-0.4623251227024948,0.934435248374939,0.9329671754020283,ok,True,True,-0.09969339912259768,0.12101505509660354,1.0,0.0,0.9804841750435145
24,1767151255866,-0.6846890090326174,-0.6034656946988447,-0.5879727008820146,-0.5879727008820146,-0.5879727008820146,0.9376357793807983,0.9357683377892902,ok,True,True,-0.24252508338199807,0.08122331433377272,1.0,0.0,0.9804841750435145
25,1767151255899,-0.8189812772932196,-0.7327750442554696,-0.7174149269120342,-0.7174149269120342,-0.7174149269120342,0.9308083057403564,0.93279231855993,ok,True,True,-0.3863228702023617,0.08620623303774999,1.0,0.0,0.9804841750435145
26,1767151255932,-0.4041327702608423,-0.5355896798586932,-0.557452079558323,-0.557452079558323,-0.557452079558323,0.9307041168212891,0.9315393975167454,ok,True,True,-0.17877459529773443,0.1314569095978509,1.0,0.0,0.9804841750435145
27,1767151255966,-1.3026598880955604,-0.9958318048008135,-0.9473019501583347,-0.9473019501583347,-0.9473019501583347,0.9394254088401794,0.9362710043108058,ok,True,True,-0.6453747260779226,0.306828083294747,1.0,0.0,0.9804841750435145
28,1767151255999,-0.009279247448213223,-0.40390027038925336,-0.4672696799799726,-0.4672696799799726,-0.4672696799799726,0.9236676096916199,0.9287089675392942,ok,True,True,-0.029019019557196213,0.3946210229410401,1.0,0.0,0.9804841750435145
29,1767151256032,0.6231461832998884,0.21232760182423163,0.13601826906055203,0.13601826906055203,0.13601826906055203,0.9312027096748352,0.9302052128206189,ok,True,True,0.7210344545762075,0.41081858147565675,1.0,0.0,0.9804841750435145
30,1767151256066,1.766325927827978,1.1447265974264793,1.0343626509898052,1.0343626509898052,1.0343626509898052,0.9380460977554321,0.9349097437815068,ok,True,True,1.8162328760463415,0.6215993304014986,1.0,0.0,0.9804841750435145
31,1767151256099,3.564472157461701,2.5965739334476123,2.428325842750807,2.428325842750807,2.428325842750807,0.9031215310096741,0.9158368161184072,ok,True,True,3.500427922178572,0.9678982240140885,1.0,0.0,0.9804841750435145
32,1767151256133,6.193648783263939,4.754818843337408,4.507313322905624,4.507313322905624,4.507313322905624,0.9223207831382751,0.919727196330328,ok,True,True,5.997685725234143,1.4388299399265305,1.0,0.0,0.9804841750435145
33,1767151256166,10.12682712785037,7.978023814045185,7.611798760793496,7.611798760793496,7.611798760793496,0.9276050329208374,0.9244538982846336,ok,True,True,9.719487214577924,2.1488033138051854,1.0,0.0,0.9804841750435145
34,1767151256199,15.236410570162468,12.333055867715554,11.84083881389589,11.84083881389589,11.84083881389589,0.9465988874435425,0.937740891779979,ok,True,True,14.754573166635659,2.9033547024469133,1.0,0.0,0.9804841750435145
35,1767151256232,22.372889988279656,18.356956340054015,17.68278954362567,17.68278954362567,17.68278954362567,0.9501944780349731,0.9452130435329754,ok,True,True,21.692129367361055,4.015933648225641,1.0,0.0,0.9804841750435145
36,1767151256266,31.327148538041108,26.13907165884627,25.27386855775049,25.27386855775049,25.27386855775049,0.9470699429512024,0.9463271831839115,ok,True,True,30.643985768046733,5.188076879194838,1.0,0.0,0.9804841750435145
37,1767151256299,40.674542156955596,34.860353957711865,33.902294117993705,33.902294117993705,33.902294117993705,0.945667564868927,0.9459314121949208,ok,True,True,40.605641643746964,5.8141881992437305,1.0,0.0,0.9804841750435145
38,1767151256332,50.17295279379423,44.04791325936128,43.06464739714913,43.06464739714913,43.06464739714913,0.9340533018112183,0.9388045459646993,ok,True,True,50.875413692929456,6.1250395344329505,1.0,0.0,0.9804841750435145
39,1767151256366,56.41188214130791,51.466294588529266,50.716485646252345,50.716485646252345,50.716485646252345,0.9224354028701782,0.9289830601079866,ok,True,True,58.73891318662923,4.9455875527786475,1.0,0.0,0.9804841750435145
40,1767151256399,58.371384847506576,55.609348743915646,55.2812371514683,55.2812371514683,55.2812371514683,0.8676570653915405,0.892187463278119,ok,True,True,62.19275541726649,2.7620361035909298,1.0,0.0,0.9804841750435145
41,1767151256432,58.48449243286002,57.33443495728227,57.33665870727672,57.33665870727672,57.33665870727672,0.9554628729820251,0.9301527091004627,ok,True,True,62.16926789518732,1.1500574755777535,1.0,0.0,0.9804841750435145
42,1767151256466,56.06795002125095,56.57454399566348,56.8913314549846,56.8913314549846,56.8913314549846,0.9301018118858337,0.9301221707716854,ok,True,True,58.812994950189186,0.5065939744125316,1.0,0.0,0.9804841750435145
43,1767151256500,52.87237911552001,54.353245067577404,54.85595599804218,54.85595599804218,54.85595599804218,0.9103301167488098,0.9182469383579601,ok,True,True,53.47196146079004,1.4808659520573926,1.0,0.0,0.9804841750435145
44,1767151256533,45.313367001263856,48.92931822778928,49.790706767587324,49.790706767587324,49.790706767587324,0.9387606978416443,0.9305551940481707,ok,True,True,44.29678964639413,3.615951226525425,1.0,0.0,0.9804841750435145
45,1767151256567,37.49865587926509,42.070920818674765,43.098390256646304,43.098390256646304,43.098390256646304,0.9435630440711975,0.9383599040619868,ok,True,True,33.32714679037408,4.572264939409678,1.0,0.0,0.9804841750435145
46,1767151256600,28.738168784797914,34.07126959834865,35.20384113635735,35.20384113635735,35.20384113635735,0.9472334384918213,0.9436840247198874,ok,True,True,21.209816050058496,5.333100813550736,1.0,0.0,0.9804841750435145
47,1767151256633,20.690891685089422,26.043042850393114,27.145329473702894,27.145329473702894,27.145329473702894,0.9316969513893127,0.9364917807215426,ok,True,True,9.393800807150805,5.352151165303692,1.0,0.0,0.9804841750435145
48,1767151256669,14.486779703026517,19.109284961973156,20.0418594380263,20.0418594380263,20.0418594380263,0.9636699557304382,0.95279868572688,ok,True,True,-0.6204874215073168,4.622505258946639,1.0,0.0,0.9804841750435145
49,1767151256699,9.900680925183327,13.584122539899258,14.303068036021235,14.303068036021235,14.303068036021235,0.9641892910003662,0.9596330488909717,ok,True,True,-8.353063716131015,3.6834416147159317,1.0,0.0,0.9804841750435145
50,1767151256733,6.627245102462115,9.409996077436972,9.925364433213602,9.925364433213602,9.925364433213602,0.9427267909049988,0.949489294099388,ok,True,True,-13.904117779006643,2.7827509749748573,1.0,0.0,0.9804841750435145
51,1767151256766,5.855935281466755,7.277559599854842,7.521494149843628,7.521494149843628,7.521494149843628,0.9533252716064453,0.9517908806036224,ok,True,True,-16.53501487114305,1.421624318388087,1.0,0.0,0.9804841750435145
52,1767151256800,6.166412154859975,6.6108711328579215,6.651011012740312,6.651011012740312,6.651011012740312,0.9117664098739624,0.9277761981658263,ok,True,True,-16.968453802405495,0.44445897799794665,1.0,0.0,0.9804841750435145
53,1767151256833,7.598096704752513,7.203206475994676,7.078388504372298,7.078388504372298,7.078388504372298,0.9126015305519104,0.9186713975974767,ok,True,True,-15.619169785538114,0.39489022875783686,1.0,0.0,0.9804841750435145
54,1767151256866,9.967936258710054,8.862044345623904,8.604751763602088,8.604751763602088,8.604751763602088,0.9257135987281799,0.9228967182758987,ok,True,True,-12.835067103611225,1.1058919130861504,1.0,0.0,0.9804841750435145
55,1767151256899,12.524558506590447,11.059552842203829,10.737697149179114,10.737697149179114,10.737697149179114,0.9448197484016418,0.9360505363513446,ok,True,True,-9.34919003581455,1.4650056643866183,1.0,0.0,0.9804841750435145
56,1767151256933,15.505644555725588,13.727207870316885,13.358637623686365,13.358637623686365,13.358637623686365,0.942084789276123,0.9396710881062117,ok,True,True,-5.3540805306879005,1.7784366854087033,1.0,0.0,0.9804841750435145
57,1767151256966,19.52150408541846,17.20378559937783,16.754567999754535,16.754567999754535,16.754567999754535,0.9390283226966858,0.9392854288604962,ok,True,True,-0.48114625869412553,2.3177184860406292,1.0,0.0,0.9804841750435145
58,1767151256999,26.591343135030915,22.83632012076968,22.155552268879124,22.155552268879124,22.155552268879124,0.9314773082733154,0.9346005565081877,ok,True,True,6.908589896917599,3.7550230142612335,1.0,0.0,0.9804841750435145
59,1767151257051,36.4860211394991,31.026140732007335,30.061549856163506,30.061549856163506,30.061549856163506,0.9300902485847473,0.9318943717541235,ok,True,True,17.385724101868767,5.459880407491767,1.0,0.0,0.9804841750435145
60,1767151257076,44.8668851532871,39.33058738477519,38.36052771463147,38.36052771463147,38.36052771463147,0.9315755367279053,0.9317030707383926,ok,True,True,27.928209960520405,5.536297768511908,1.0,0.0,0.9804841750435145
61,1767151257099,52.79247389401752,47.407719290320586,46.501677453580285,46.501677453580285,46.501677453580285,0.8926470875740051,0.9082694808397601,ok,True,True,37.78001905844009,5.384754603696933,1.0,0.0,0.9804841750435145
62,1767151257133,57.446747579252104,53.4311362636795,52.79817653014247,52.79817653014247,52.79817653014247,0.8926604390144348,0.8989040557445649,ok,True,True,44.66570006656936,4.015611315572606,1.0,0.0,0.9804841750435145
63,1767151257166,60.661819198250534,57.76954602442212,57.38079843201614,57.38079843201614,57.38079843201614,0.8307214975357056,0.8579945208192492,ok,True,True,48.89650827513436,2.892273173828414,1.0,0.0,0.9804841750435145
64,1767151257200,60.61827737575879,59.47878483522412,59.42653216282931,59.42653216282931,59.42653216282931,0.8546348214149475,0.8559787011766682,ok,True,True,49.465403534122544,1.1394925405346683,1.0,0.0,0.9804841750435145
65,1767151257235,58.76564639464383,59.050901770875946,59.27688340018021,59.27688340018021,59.27688340018021,0.9079594612121582,0.8871671571979622,ok,True,True,47.00418603976098,0.28525537623211505,1.0,0.0,0.9804841750435145
66,1767151257266,53.8384316917042,55.9234197233729,56.472635219186735,56.472635219186735,56.472635219186735,0.943840742111206,0.9211713081459085,ok,True,True,41.02063610382443,2.0849880316687006,1.0,0.0,0.9804841750435145
67,1767151257299,46.10806273510491,50.03420553041211,50.90549924271048,50.90549924271048,50.90549924271048,0.9359407424926758,0.9300329687539689,ok,True,True,31.525362878673846,3.9261427953072,1.0,0.0,0.9804841750435145
68,1767151257333,36.75553674455827,42.06700425889981,43.17085427214757,43.17085427214757,43.17085427214757,0.9426209926605225,0.9375857830979011,ok,True,True,19.492518565654038,5.311467514341537,1.0,0.0,0.9804841750435145
69,1767151257366,26.639867898401803,32.810722442601005,34.03963392148591,34.03963392148591,34.03963392148591,0.945942759513855,0.9425999689474734,ok,True,True,6.09316652004714,6.1708545441992015,1.0,0.0,0.9804841750435145
70,1767151257400,16.088096894265956,22.777147113599973,24.056911519102833,24.056911519102833,24.056911519102833,0.9227390289306641,0.9306834049373878,ok,True,True,-7.863726372242006,6.6890502193340176,1.0,0.0,0.9804841750435145
71,1767151257433,9.672224293181317,14.91419342134878,15.905416818851572,15.905416818851572,15.905416818851572,0.9498672485351562,0.9421937110960488,ok,True,True,-18.67600406385834,5.241969128167463,1.0,0.0,0.9804841750435145
72,1767151257467,3.9992351860006683,8.365218480139914,9.13733957409659,9.13733957409659,9.13733957409659,0.9748713970184326,0.961800322649479,ok,True,True,-27.099845234289038,4.365983294139246,1.0,0.0,0.9804841750435145
73,1767151257499,2.4249534663822976,4.8010594718853445,5.184228423947109,5.184228423947109,5.184228423947109,0.9470472931861877,0.9529485049715043,ok,True,True,-31.280911513472617,2.376106005503047,1.0,0.0,0.9804841750435145
74,1767151257536,2.512198036792121,3.4277426108294105,3.5074115957125986,3.5074115957125986,3.5074115957125986,0.9293518662452698,0.9387905217357635,ok,True,True,-32.15037537515107,0.9155445740372894,1.0,0.0,0.9804841750435145
75,1767151257566,3.2064418205921372,3.2949621366870465,3.199060476359638,3.199060476359638,3.199060476359638,0.8873801231384277,0.907944282577362,ok,True,True,-31.103613262437026,0.08852031609490929,1.0,0.0,0.9804841750435145
76,1767151257600,6.093076139153166,4.973830538166719,4.66002452644753,4.66002452644753,4.66002452644753,0.8999185562133789,0.9031288467589721,ok,True,True,-27.67800749633044,1.1192456009864475,1.0,0.0,0.9804841750435145
77,1767151257633,8.302542011113626,6.971057421934863,6.610144179511513,6.610144179511513,6.610144179511513,0.9306957125663757,0.9196689662434142,ok,True,True,-23.737716374643618,1.3314845891787632,1.0,0.0,0.9804841750435145
78,1767151257666,12.2629972154606,10.146221298050305,9.663239846012479,9.663239846012479,9.663239846012479,0.9478265643119812,0.9365635250845544,ok,True,True,-18.464193008344445,2.116775917410296,1.0,0.0,0.9804841750435145
79,1767151257699,18.22645671714141,14.994362549504967,14.330655330079622,14.330655330079622,14.330655330079622,0.931856095790863,0.9337390675083396,ok,True,True,-11.21669925268824,3.2320941676364434,1.0,0.0,0.9804841750435145
80,1767151257739,26.477384943852655,21.88417598611358,20.999390959352297,20.999390959352297,20.999390959352297,0.9353857040405273,0.9347270494276522,ok,True,True,-1.554271044599881,4.593208957739076,1.0,0.0,0.9804841750435145
81,1767151257770,36.948175974531694,30.92257597916445,29.809262423130754,29.809262423130754,29.809262423130754,0.93724524974823,0.9362379696199988,ok,True,True,10.60478534416583,6.025599995367244,1.0,0.0,0.9804841750435145
82,1767151257809,47.87766194357753,41.09562755781229,39.87540876661316,39.87540876661316,39.87540876661316,0.9157041907310486,0.9239177022866287,ok,True,True,23.932353041053897,6.782034385765236,1.0,0.0,0.9804841750435145
83,1767151257833,55.17895773492545,49.54562566408018,48.555371286771546,48.555371286771546,48.555371286771546,0.9161361455917358,0.919248768269693,ok,True,True,34.748884053419566,5.63333207084527,1.0,0.0,0.9804841750435145
84,1767151257866,60.40801106426713,56.06305690419235,55.354405034626936,55.354405034626936,55.354405034626936,0.9316191673278809,0.9266710077046058,ok,True,True,42.48993068650742,4.344954160074778,1.0,0.0,0.9804841750435145
85,1767151257900,62.18153570367452,59.734144183881654,59.40340064595985,59.40340064595985,59.40340064595985,0.8406264781951904,0.8750442899989566,ok,True,True,46.103041950732454,2.447391519792866,1.0,0.0,0.9804841750435145
86,1767151257933,62.40867044824607,61.33885994250031,61.294362442493025,61.294362442493025,61.294362442493025,0.8861834406852722,0.881727780410746,ok,True,True,46.58916555797009,1.0698105057457639,1.0,0.0,0.9804841750435145
87,1767151257966,58.18502170915947,59.44655700249581,59.8261133659476,59.8261133659476,59.8261133659476,0.9548460841178894,0.925598762635032,ok,True,True,42.4424274512806,1.2615352933363368,1.0,0.0,0.9804841750435145
88,1767151258003,51.72726251853947,54.814980312122,55.53216315403719,55.53216315403719,55.53216315403719,0.9455227255821228,0.9375531404032865,ok,True,True,34.60672886270632,3.0877177935825344,1.0,0.0,0.9804841750435145
89,1767151258033,42.317360866174575,47.31640864455355,48.36210167006544,48.36210167006544,48.36210167006544,0.9377855658531189,0.937692595673186,ok,True,True,23.181419504329433,4.999047778378973,1.0,0.0,0.9804841750435145
90,1767151258067,32.318690552286405,38.31777778919326,39.52504717121169,39.52504717121169,39.52504717121169,0.9284601807594299,0.9321531467249323,ok,True,True,9.990276276528952,5.999087236906853,1.0,0.0,0.9804841750435145
91,1767151258105,21.963415241018897,28.50516026028864,29.772234009477202,29.772234009477202,29.772234009477202,0.9363092184066772,0.9346467897339792,ok,True,True,-3.85473556420734,6.541745019269744,1.0,0.0,0.9804841750435145
92,1767151258323,9.066345810438682,16.841871590378666,18.270660700379842,18.270660700379842,18.270660700379842,0.9375016689300537,0.9363597172516238,ok,True,True,-19.467203931866337,7.775525779939985,1.0,0.0,0.9804841750435145
93,1767151258346,4.807540613038719,9.621273003974698,10.514188308249873,10.514188308249873,10.514188308249873,0.9377181529998779,0.9371747787005763,ok,True,True,-29.224390938189607,4.8137323909359795,1.0,0.0,0.9804841750435145
94,1767151258367,2.520548916950584,5.36083855176023,5.827269355564092,5.827269355564092,5.827269355564092,0.9267643690109253,0.9309285328867857,ok,True,True,-34.321354461259894,2.8402896348096456,1.0,0.0,0.9804841750435145
95,1767151258391,3.2515814026737417,4.095284262308336,4.160902757570377,4.160902757570377,4.160902757570377,0.8986291885375977,0.9115489262772729,ok,True,True,-35.038421258228404,0.8437028596345946,1.0,0.0,0.9804841750435145
96,1767151258415,11.69201081354524,8.65332019305048,8.021581695177709,8.021581695177709,8.021581695177709,0.9475001692771912,0.9331196720772239,ok,True,True,-28.13476878843872,3.0386906204947604,1.0,0.0,0.9804841750435145
97,1767151258439,16.637777919204424,13.443994828742845,12.73414579535555,12.73414579535555,12.73414579535555,0.927275538444519,0.9296131918976009,ok,True,True,-20.37738884106626,3.1937830904615794,1.0,0.0,0.9804841750435145
98,1767151258461,24.00391516268434,19.779947029107742,18.91777600610351,18.91777600610351,18.91777600610351,0.9487204551696777,0.941077549860847,ok,True,True,-10.955254181158745,4.223968133576598,1.0,0.0,0.9804841750435145
99,1767151258484,34.70654225931802,28.73590416723391,27.59937481672567,27.59937481672567,27.59937481672567,0.9479761123657227,0.9452166873637724,ok,True,True,1.4653506106110168,5.9706380920841085,1.0,0.0,0.9804841750435145
100,1767151258516,47.15819309920249,39.78927752641506,38.434249619979255,38.434249619979255,38.434249619979255,0.917290449142456,0.9284609444309826,ok,True,True,16.27401777175354,7.368915572787429,1.0,0.0,0.9804841750435145
101,1767151258546,55.23678168900273,49.057780023967666,47.93266269089578,47.93266269089578,47.93266269089578,0.9086666107177734,0.9165843442030571,ok,True,True,28.570211160726174,6.1790016650350665,1.0,0.0,0.9804841750435145
102,1767151258573,61.06466151901242,56.261908920994514,55.4385949101306,55.4385949101306,55.4385949101306,0.902511715888977,0.9081407672146091,ok,True,True,37.56815028531954,4.8027525980179036,1.0,0.0,0.9804841750435145
103,1767151258600,62.91707984867117,60.255011477600505,59.85722829334213,59.85722829334213,59.85722829334213,0.8893227577209473,0.896849961518412,ok,True,True,41.91553644737087,2.662068371070667,1.0,0.0,0.9804841750435145
104,1767151258633,60.75473638993799,60.55484642500299,60.63292283633155,60.63292283633155,60.63292283633155,0.9346587657928467,0.9195352440830729,ok,True,True,41.06222904426409,0.19988996493499656,1.0,0.0,0.9804841750435145
105,1767151258667,56.463309309689144,58.09992415581468,58.5353849050624,58.5353849050624,58.5353849050624,0.9437824487686157,0.9340835668943985,ok,True,True,36.30298244060289,1.6366148461255392,1.0,0.0,0.9804841750435145
106,1767151258782,49.836566926764164,53.14190981838438,53.878913509436615,53.878913509436615,53.878913509436615,0.9349698424339294,0.9346153322181171,ok,True,True,28.248047033688074,3.3053428916202137,1.0,0.0,0.9804841750435145
107,1767151258811,40.21684150782997,45.38686883205173,46.43972739381954,46.43972739381954,46.43972739381954,0.9333212971687317,0.9338389111884858,ok,True,True,16.74096126987927,5.170027324221763,1.0,0.0,0.9804841750435145
108,1767151258836,31.062156086928738,36.79204118497793,37.93106787048279,37.93106787048279,37.93106787048279,0.929203987121582,0.9310579567483436,ok,True,True,4.292035685149727,5.729885098049195,1.0,0.0,0.9804841750435145
109,1767151258858,12.981029225672096,22.50543400939443,24.243005215584827,24.243005215584827,24.243005215584827,0.9001931548118591,0.9125390755864529,ok,True,True,-14.698752907866904,9.524404783722336,1.0,0.0,0.9804841750435145
110,1767151258884,5.0342672967078315,12.022733981782473,13.33191501597903,13.33191501597903,13.33191501597903,0.9608334302902222,0.9415156884087145,ok,True,True,-29.007522549207362,6.988466685074641,1.0,0.0,0.9804841750435145
111,1767151258909,1.2922051378814694,5.584416675441871,6.3411745053129405,6.3411745053129405,6.3411745053129405,0.924921989440918,0.9315594690280365,ok,True,True,-37.27858901603042,4.2922115375604015,1.0,0.0,0.9804841750435145
112,1767151258934,-0.4912681412742374,1.939005785412206,2.2916323635058453,2.2916323635058453,2.2916323635058453,0.9041436910629272,0.915110002248971,ok,True,True,-41.132675460557216,2.4302739266864433,1.0,0.0,0.9804841750435145
113,1767151258967,0.37113121835256563,0.9982810451764218,0.9896049868850786,0.9896049868850786,0.9896049868850786,0.8776398301124573,0.8926278989670627,ok,True,True,-41.037848784654855,0.6271498268238562,1.0,0.0,0.9804841750435145
114,1767151259001,1.8752437047605583,1.5244586409269036,1.3120956602151752,1.3120956602151752,1.3120956602151752,0.8559913635253906,0.8706459777020594,ok,True,True,-38.7167779952938,0.3507850638336547,1.0,0.0,0.9804841750435145
115,1767151259034,4.063335231704275,3.0477845953933262,2.710035440249571,2.710035440249571,2.710035440249571,0.9103285074234009,0.8944554955348643,ok,True,True,-35.02525806770899,1.0155506363109486,1.0,0.0,0.9804841750435145
116,1767151259067,7.842318281196825,5.924504806875425,5.435447379247213,5.435447379247213,5.435447379247213,0.9026280045509338,0.899359000944506,ok,True,True,-29.679958446609188,1.9178134743213997,1.0,0.0,0.9804841750435145
117,1767151259100,11.576069791221302,9.315443797482951,8.771994940564616,8.771994940564616,8.771994940564616,0.8987890481948853,0.8990170292947335,ok,True,True,-23.74015586699063,2.2606259937383513,1.0,0.0,0.9804841750435145
118,1767151259134,16.52813023051677,13.643055657303242,13.011094978449194,13.011094978449194,13.011094978449194,0.8803606033325195,0.8878231737174052,ok,True,True,-16.832917842231552,2.8850745732135277,1.0,0.0,0.9804841750435145
119,1767151259167,23.20513881981885,19.380305554812608,18.606838086554745,18.606838086554745,18.606838086554745,0.9115909337997437,0.9020838297668082,ok,True,True,-8.379012933902482,3.824833265006241,1.0,0.0,0.9804841750435145
120,1767151259201,32.05408317272986,26.984572125562963,26.01839081256319,26.01839081256319,26.01839081256319,0.950110673904419,0.9308999362493746,ok,True,True,2.181251572139569,5.069511047166898,1.0,0.0,0.9804841750435145
121,1767151259234,40.717118426889456,35.22409990635886,34.20479775191217,34.20479775191217,34.20479775191217,0.928632915019989,0.9295397235117433,ok,True,True,13.322141521627119,5.4930185205305975,1.0,0.0,0.9804841750435145
122,1767151259267,49.10118945453048,43.55035363526183,42.55689026702105,42.55689026702105,42.55689026702105,0.8972912430763245,0.910190635250492,ok,True,True,24.18063336456704,5.550835819268649,1.0,0.0,0.9804841750435145
123,1767151259301,53.79294726942335,49.69590981575874,48.9891061890377,48.9891061890377,48.9891061890377,0.921438455581665,0.9169393274491958,ok,True,True,31.905963826217274,4.097037453664612,1.0,0.0,0.9804841750435145
124,1767151259334,56.65729341643963,53.87273997616727,53.446391925347,53.446391925347,53.446391925347,0.8955235481262207,0.9040898598554108,ok,True,True,36.56593431051191,2.7845534402723615,1.0,0.0,0.9804841750435145
125,1767151259367,55.64065278302571,54.93348766028233,54.90355131887262,54.90355131887262,54.90355131887262,0.9344495534896851,0.9223056760359754,ok,True,True,36.89313796207966,0.7071651227433762,1.0,0.0,0.9804841750435145
126,1767151259401,51.96121360438284,53.150123226742636,53.483067532143366,53.483067532143366,53.483067532143366,0.9576852917671204,0.9435334454746623,ok,True,True,33.254058856940404,1.1889096223597946,1.0,0.0,0.9804841750435145
127,1767151259467,36.49769398024365,43.15866567884325,44.43464776601204,44.43464776601204,44.43464776601204,0.9498170018196106,0.9473035792816313,ok,True,True,19.30756868049681,6.660971698599596,1.0,0.0,0.9804841750435145
128,1767151259506,27.39744733213043,33.70193467081556,34.971602930009716,34.971602930009716,34.971602930009716,0.8956061005592346,0.9162850920481933,ok,True,True,5.430075801859555,6.3044873386851314,1.0,0.0,0.9804841750435145
129,1767151259535,17.413179843897534,23.928681774664746,25.18134394908995,25.18134394908995,25.18134394908995,0.9207578301429749,0.9189687349050621,ok,True,True,-8.261551874790133,6.515501930767211,1.0,0.0,0.9804841750435145
130,1767151259567,10.664312304408757,15.970060092511154,16.967363917357346,16.967363917357346,16.967363917357346,0.9171826839447021,0.9178971043288462,ok,True,True,-19.162115025262977,5.305747788102398,1.0,0.0,0.9804841750435145
131,1767151259600,4.916780240823932,9.338092181498821,10.118280811538224,10.118280811538224,10.118280811538224,0.9272505640983582,0.9235091801905533,ok,True,True,-27.689608015574194,4.421311940674889,1.0,0.0,0.9804841750435145
132,1767151259635,0.9527214563948115,4.306869746436416,4.8524493122055725,4.8524493122055725,4.8524493122055725,0.8618016242980957,0.8864846466550786,ok,True,True,-33.65281832524906,3.354148290041604,1.0,0.0,0.9804841750435145
133,1767151259667,-1.2881421157072062,0.9498626291502427,1.2602206913358596,1.2602206913358596,1.2602206913358596,0.8457342386245728,0.8620344018367752,ok,True,True,-37.04504850311738,2.2380047448574487,1.0,0.0,0.9804841750435145
134,1767151259701,-1.168028526972364,-0.3208720645233213,-0.28222746891995,-0.28222746891995,-0.28222746891995,0.8893653750419617,0.8784329857598872,ok,True,True,-37.46743621732637,0.8471564624490427,1.0,0.0,0.9804841750435145
135,1767151259734,-0.5875130408844422,-0.4808566503399938,-0.598075241234342,-0.598075241234342,-0.598075241234342,0.8890957236289978,0.8848306284813535,ok,True,True,-36.18622947593496,0.10665639054444842,1.0,0.0,0.9804841750435145
136,1767151259767,0.0170435544277415,-0.18211652747935264,-0.363160707314647,-0.363160707314647,-0.363160707314647,0.8647646903991699,0.8727910656320435,ok,True,True,-34.20740407705016,0.19916008190709414,1.0,0.0,0.9804841750435145
137,1767151259800,2.575550928730691,1.4724839462466734,1.1403553616520676,1.1403553616520676,1.1403553616520676,0.8423891067504883,0.8545498903031103,ok,True,True,-30.57721425045344,1.1030669824840174,1.0,0.0,0.9804841750435145
138,1767151259834,5.23514246010663,3.730079054562647,3.3272954992229815,3.3272954992229815,3.3272954992229815,0.8506182432174683,0.8521909020517251,ok,True,True,-26.174758813083496,1.5050634055439827,1.0,0.0,0.9804841750435145
139,1767151259868,9.278853583225455,7.059343771760332,6.545447547977786,6.545447547977786,6.545447547977786,0.8697749376296997,0.8627413233985098,ok,True,True,-20.55783146231281,2.219509811465123,1.0,0.0,0.9804841750435145
140,1767151259900,14.237218850830512,11.36606881920244,10.751577045717857,10.751577045717857,10.751577045717857,0.8684217929840088,0.8661496051498092,ok,True,True,-13.841384595782394,2.8711500316280727,1.0,0.0,0.9804841750435145
141,1767151259934,23.67921937840878,18.753959154726246,17.80934909847391,17.80934909847391,17.80934909847391,0.9398589134216309,0.9103751901129022,ok,True,True,-3.5167142690088458,4.925260223682535,1.0,0.0,0.9804841750435145
142,1767151259969,34.48630431873142,28.19336625312935,27.0213604502457,27.0213604502457,27.0213604502457,0.9487730264663696,0.9334138919249827,ok,True,True,9.293414581317085,6.292938065602069,1.0,0.0,0.9804841750435145
143,1767151260001,42.59280772266082,36.833031134848234,35.77255929404145,35.77255929404145,35.77255929404145,0.9109564423561096,0.9199394221836588,ok,True,True,20.88446980681026,5.759776587812588,1.0,0.0,0.9804841750435145
144,1767151260034,49.97896868704375,44.72059366616554,43.79963038286259,43.79963038286259,43.79963038286259,0.9193372130393982,0.9195780966971024,ok,True,True,30.9506856712436,5.258375020878212,1.0,0.0,0.9804841750435145
145,1767151260067,54.14900052248389,50.377637779956544,49.758633171689425,49.758633171689425,49.758633171689425,0.933781623840332,0.9281002129830402,ok,True,True,37.71646589757691,3.7713627425273444,1.0,0.0,0.9804841750435145
146,1767151260103,56.0517655212329,53.78211442472235,53.47338144987695,53.47338144987695,53.47338144987695,0.9280316233634949,0.9280590592113129,ok,True,True,41.09094774061609,2.2696510965105503,1.0,0.0,0.9804841750435145
147,1767151260134,54.11248194538349,53.98033493711903,54.07662277942302,54.07662277942302,54.07662277942302,0.9499185681343079,0.94117476456511,ok,True,True,40.03851197159811,0.1321470082644609,1.0,0.0,0.9804841750435145
148,1767151260168,50.11424374987221,51.660680224770935,52.07926669804751,52.07926669804751,52.07926669804751,0.9408243894577026,0.9409645395006656,ok,True,True,35.46331921254894,1.5464364748987265,1.0,0.0,0.9804841750435145
149,1767151260201,43.58739582533281,46.816709585108065,47.535975775613785,47.535975775613785,47.535975775613785,0.9590588808059692,0.9518211442838478,ok,True,True,27.601665532557238,3.229313759775252,1.0,0.0,0.9804841750435145
150,1767151260234,34.78667162695002,39.59868681021324,40.587223168334596,40.587223168334596,40.587223168334596,0.9319303035736084,0.9398866398577042,ok,True,True,16.796859876671935,4.81201518326322,1.0,0.0,0.9804841750435145
151,1767151260268,25.30575013554993,31.02292480541525,32.15284964140954,32.15284964140954,32.15284964140954,0.8895673751831055,0.9096950810529449,ok,True,True,4.446662078625373,5.717174669865322,1.0,0.0,0.9804841750435145
152,1767151260309,16.706435602874766,22.433031283890962,23.534367770563172,23.534367770563172,23.534367770563172,0.9403576850891113,0.9280926434746448,ok,True,True,-7.591063203577104,5.726595681016196,1.0,0.0,0.9804841750435145
153,1767151260337,9.870018884133495,14.895223844036483,15.831167235069973,15.831167235069973,15.831167235069973,0.9363532662391663,0.9330490171333576,ok,True,True,-17.82102520587717,5.025204959902988,1.0,0.0,0.9804841750435145
154,1767151260368,5.081527646014813,9.007006125223482,9.702328171120842,9.702328171120842,9.702328171120842,0.9126012325286865,0.920780346370555,ok,True,True,-25.42097061444652,3.925478479208669,1.0,0.0,0.9804841750435145
155,1767151260401,1.0355463249176025,4.224130245039954,4.740960763697343,4.740960763697343,4.740960763697343,0.9286231994628906,0.9254860582259563,ok,True,True,-31.069984673646893,3.188583920122352,1.0,0.0,0.9804841750435145
156,1767151260435,0.5439191475225881,2.0160035865295347,2.2045392766678518,2.2045392766678518,2.2045392766678518,0.881955087184906,0.8993674756013261,ok,True,True,-33.1307005104513,1.4720844390069465,1.0,0.0,0.9804841750435145
157,1767151260468,1.9647182417921876,1.9852323796871265,1.8864551590852148,1.8864551590852148,1.8864551590852148,0.8909342885017395,0.8943075633415741,ok,True,True,-32.051054556307335,0.020514137894938944,1.0,0.0,0.9804841750435145
158,1767151260501,2.67703739936947,2.4003153914965325,2.223728540635542,2.223728540635542,2.223728540635542,0.87189781665802,0.8808617153314416,ok,True,True,-30.120940625435054,0.2767220078729373,1.0,0.0,0.9804841750435145
159,1767151260534,5.213601442326918,4.088287021994764,3.7681340386334847,3.7681340386334847,3.7681340386334847,0.8920934200286865,0.8876007381497886,ok,True,True,-26.621632715451238,1.1253144203321543,1.0,0.0,0.9804841750435145
160,1767151260567,9.351971200139406,7.246497528881549,6.759251751796421,6.759251751796421,6.759251751796421,0.8905256390571594,0.8893556786942111,ok,True,True,-21.295981642798715,2.1054736712578572,1.0,0.0,0.9804841750435145
161,1767151260601,11.995993196519285,10.09619492946419,9.644545123126786,9.644545123126786,9.644545123126786,0.892959475517273,0.8915179567880482,ok,True,True,-16.359398324771075,1.899798267055095,1.0,0.0,0.9804841750435145
162,1767151260634,17.59368069885741,14.59468639110012,13.98135849884109,13.98135849884109,13.98135849884109,0.8755152225494385,0.8819163162448823,ok,True,True,-9.655655042403595,2.998994307757288,1.0,0.0,0.9804841750435145
163,1767151260668,25.08605244460882,20.889506023205342,20.082591459776243,20.082591459776243,20.082591459776243,0.9303796291351318,0.910994303979032,ok,True,True,-0.8359872312025072,4.196546421403479,1.0,0.0,0.9804841750435145
164,1767151260701,36.06433330184829,29.994402390391112,28.885070818153025,28.885070818153025,28.885070818153025,0.9459049105644226,0.9319406679302664,ok,True,True,11.28913320608668,6.069930911457181,1.0,0.0,0.9804841750435145
165,1767151260736,47.5464831635561,40.525650854290106,39.2684856239852,39.2684856239852,39.2684856239852,0.9200705885887146,0.9248186203253352,ok,True,True,25.030092753534312,7.020832309265991,1.0,0.0,0.9804841750435145
166,1767151260768,53.84223068123259,48.515598750455595,47.576679043046994,47.576679043046994,47.576679043046994,0.9117127060890198,0.916955071783546,ok,True,True,35.2925926536197,5.326631930776998,1.0,0.0,0.9804841750435145
167,1767151260801,57.428534269395136,53.86336006181932,53.293022208385686,53.293022208385686,53.293022208385686,0.9328234791755676,0.9264761162187589,ok,True,True,41.52645083659702,3.565174207575815,1.0,0.0,0.9804841750435145
168,1767151260837,58.591266453220605,56.700103896660096,56.474339034902435,56.474339034902435,56.474339034902435,0.9037979245185852,0.9128692011986547,ok,True,True,43.99408673428373,1.8911625565605092,1.0,0.0,0.9804841750435145
169,1767151260868,56.380656861265976,56.50843567542363,56.66829765728342,56.66829765728342,56.66829765728342,0.9427666068077087,0.9308076445640872,ok,True,True,42.24677685751539,0.1277788141576508,1.0,0.0,0.9804841750435145
170,1767151260901,50.959768929082465,53.17923562761893,53.72580429233488,53.72580429233488,53.72580429233488,0.9405786395072937,0.9366702415300111,ok,True,True,36.2727182854635,2.219466698536465,1.0,0.0,0.9804841750435145
171,1767151260935,43.48322534847655,47.3616294601335,48.20685433570046,48.20685433570046,48.20685433570046,0.9429280757904053,0.9404249420862476,ok,True,True,27.034312719247154,3.8784041116569483,1.0,0.0,0.9804841750435145
172,1767151260968,34.54496738396022,39.671632214429536,40.72479101779254,40.72479101779254,40.72479101779254,0.9159386157989502,0.9257331463138692,ok,True,True,15.52316512432699,5.126664830469316,1.0,0.0,0.9804841750435145
173,1767151261001,23.64323530361722,30.054594067942148,31.30320579650607,31.30320579650607,31.30320579650607,0.922328770160675,0.9236905206219528,ok,True,True,1.875694256826062,6.411358764324927,1.0,0.0,0.9804841750435145
174,1767151261068,8.277736506114364,16.988479530845478,18.593072544596588,18.593072544596588,18.593072544596588,0.9387674927711487,0.9327367039114703,ok,True,True,-15.662693517304568,8.710743024731114,1.0,0.0,0.9804841750435145
175,1767151261101,4.292349355361736,9.370801425555234,10.341797322328807,10.341797322328807,10.341797322328807,0.9326507449150085,0.9326851285135932,ok,True,True,-26.275791422297477,5.078452070193498,1.0,0.0,0.9804841750435145
176,1767151261134,2.360267192339968,5.164480885626074,5.644550974397948,5.644550974397948,5.644550974397948,0.9196808338165283,0.9248825516953543,ok,True,True,-31.523013291600698,2.804213693286106,1.0,0.0,0.9804841750435145
177,1767151261170,3.488067063981582,4.158632592639378,4.207198258454399,4.207198258454399,4.207198258454399,0.8808625340461731,0.8984705411058456,ok,True,True,-32.05384166864527,0.6705655286577965,1.0,0.0,0.9804841750435145
178,1767151261201,4.359018460549743,4.278864113385597,4.1516186191174285,4.1516186191174285,4.1516186191174285,0.923028290271759,0.9132051906053937,ok,True,True,-30.66303360214942,0.08015434716414571,1.0,0.0,0.9804841750435145
179,1767151261235,6.123858874272733,5.3858609699178785,5.134038603923679,5.134038603923679,5.134038603923679,0.9238263368606567,0.9195778783585515,ok,True,True,-27.91058580340082,0.7379979043548541,1.0,0.0,0.9804841750435145
180,1767151261268,9.39601304092007,7.791952212519194,7.391478719300486,7.391478719300486,7.391478719300486,0.9254517555236816,0.9231022046576296,ok,True,True,-23.533363835424375,1.6040608284008773,1.0,0.0,0.9804841750435145
181,1767151261301,12.35129354847813,10.527557014094556,10.09000148218501,10.09000148218501,10.09000148218501,0.9331412315368652,0.929125620785171,ok,True,True,-18.750830831572138,1.823736534383574,1.0,0.0,0.9804841750435145
182,1767151261335,16.366859964001637,14.031138784038806,13.52152555949278,13.52152555949278,13.52152555949278,0.9239181876182556,0.9260011608850218,ok,True,True,-13.180698810035206,2.3357211799628317,1.0,0.0,0.9804841750435145
183,1767151261368,22.64937136536365,19.20207833283371,18.519057293238994,18.519057293238994,18.519057293238994,0.9363585114479065,0.9322155712227527,ok,True,True,-5.715199092748159,3.447293032529938,1.0,0.0,0.9804841750435145
184,1767151261404,31.225173543786727,26.415935459405517,25.5133315787078,25.5133315787078,25.5133315787078,0.9425791501998901,0.9384337186090352,ok,True,True,4.150366764480268,4.80923808438121,1.0,0.0,0.9804841750435145
185,1767151261435,40.48855259549102,34.85950574105682,33.83185316465903,33.83185316465903,33.83185316465903,0.910507321357727,0.9216778802582503,ok,True,True,15.382729522036843,5.6290468544342005,1.0,0.0,0.9804841750435145
186,1767151261473,49.17465765898032,43.44859689181092,42.43253380592277,42.43253380592277,42.43253380592277,0.9210615158081055,0.9213080615881634,ok,True,True,26.488417837341686,5.7260607671694,1.0,0.0,0.9804841750435145
187,1767151261501,56.39491025616824,51.21638491042531,50.33459349822562,50.33459349822562,50.33459349822562,0.8848491907119751,0.8994327390624504,ok,True,True,36.126501096016845,5.178525345742926,1.0,0.0,0.9804841750435145
188,1767151261535,60.867229010269455,57.0068913703318,56.39661853182014,56.39661853182014,56.39661853182014,0.9309860467910767,0.9183647236996262,ok,True,True,42.796854612458276,3.8603376399376543,1.0,0.0,0.9804841750435145
189,1767151261568,62.65612777522666,60.396433213268715,60.1092417325665,60.1092417325665,60.1092417325665,0.881020188331604,0.8959580024788129,ok,True,True,45.935891102288494,2.259694561957943,1.0,0.0,0.9804841750435145
190,1767151261601,60.091470750703785,60.21345573572975,60.37271609643699,60.37271609643699,60.37271609643699,0.9289206266403198,0.915735576975717,ok,True,True,44.19515671921392,0.12198498502596777,1.0,0.0,0.9804841750435145
191,1767151261634,56.328494033793014,57.88247871456771,58.32482054368564,58.32482054368564,58.32482054368564,0.9245961308479309,0.9210519092990453,ok,True,True,39.36030874148863,1.5539846807746969,1.0,0.0,0.9804841750435145
192,1767151261669,49.20260120979274,52.67455221170273,53.45158704434901,53.45158704434901,53.45158704434901,0.9674519896507263,0.948891957510054,ok,True,True,30.867227033438606,3.471951001909993,1.0,0.0,0.9804841750435145
193,1767151261702,39.7947858406333,44.94669238906107,46.01072570558674,46.01072570558674,46.01072570558674,0.9491986632347107,0.949075980944848,ok,True,True,19.23721826686777,5.1519065484277675,1.0,0.0,0.9804841750435145
194,1767151261735,30.623927414387328,36.35303340425683,37.502460199968816,37.502460199968816,37.502460199968816,0.9227858781814575,0.9333019192868137,ok,True,True,6.673848748607311,5.729105989869499,1.0,0.0,0.9804841750435145
195,1767151261770,19.577167040913793,26.287513586251006,27.564001511418454,27.564001511418454,27.564001511418454,0.8964109420776367,0.9111673329613075,ok,True,True,-7.278313821596484,6.710346545337213,1.0,0.0,0.9804841750435145
196,1767151261802,11.161163810822384,17.21170372099383,18.340009499137523,18.340009499137523,18.340009499137523,0.9622359871864319,0.9418085254963822,ok,True,True,-19.610828183201043,6.050539910171448,1.0,0.0,0.9804841750435145
197,1767151261835,6.839402287712987,10.988322861025324,11.735861656323792,11.735861656323792,11.735861656323792,0.9657385945320129,0.9561665669177606,ok,True,True,-27.78151481818626,4.148920573312337,1.0,0.0,0.9804841750435145
198,1767151261868,2.9850371706647567,6.186351446808984,6.702359127495031,6.702359127495031,6.702359127495031,0.9566670656204224,0.9564668661393576,ok,True,True,-33.421539244967676,3.201314276144227,1.0,0.0,0.9804841750435145
199,1767151261901,1.558985010693274,3.409931585139558,3.6530523080085886,3.6530523080085886,3.6530523080085886,0.9255305528640747,0.9379050781741879,ok,True,True,-36.07887724309444,1.8509465744462839,1.0,0.0,0.9804841750435145
200,1767151261935,1.1043361973309875,2.026574352454416,2.073878580319703,2.073878580319703,2.073878580319703,0.9302845597267151,0.9333327671057042,ok,True,True,-36.595917998923056,0.9222381551234284,1.0,0.0,0.9804841750435145
201,1767151261968,1.748578152239998,1.8597766323257652,1.7475271608887781,1.7475271608887781,1.7475271608887781,0.9469466805458069,0.9415011151697659,ok,True,True,-35.36901811645167,0.11119848008576727,1.0,0.0,0.9804841750435145
202,1767151262001,2.942656310177139,2.5095044390365895,2.292882611154295,2.292882611154295,2.292882611154295,0.9416665434837341,0.9416003721581467,ok,True,True,-33.00131613979991,0.43315187114054954,1.0,0.0,0.9804841750435145
203,1767151262035,6.29034772246982,4.778010409096527,4.377882316430318,4.377882316430318,4.377882316430318,0.946800947189331,0.9447207171768573,ok,True,True,-28.627869170363496,1.5123373133732922,1.0,0.0,0.9804841750435145
204,1767151262068,10.044467793596565,7.93788483979655,7.434064007098549,7.434064007098549,7.434064007098549,0.9368793964385986,0.940015924733902,ok,True,True,-23.12104839005182,2.1065829538000154,1.0,0.0,0.9804841750435145
205,1767151262102,14.177647706410367,11.68174255976484,11.121659230687989,11.121659230687989,11.121659230687989,0.9443492293357849,0.9426159074950318,ok,True,True,-16.99927192288783,2.4959051466455264,1.0,0.0,0.9804841750435145
206,1767151262135,20.50295952383574,16.974472738207382,16.25802039396195,16.25802039396195,16.25802039396195,0.9328506588935852,0.9367567583341638,ok,True,True,-9.168363778062822,3.5284867856283597,1.0,0.0,0.9804841750435145
207,1767151262170,28.73239845879716,24.029228170561247,23.127803402051793,23.127803402051793,23.127803402051793,0.9561938047409058,0.9484189861782091,ok,True,True,0.6843146619998013,4.703170288235913,1.0,0.0,0.9804841750435145
208,1767151262206,40.64876535206179,34.00095047946157,32.78998350663028,32.78998350663028,32.78998350663028,0.9547380805015564,0.9522104427722174,ok,True,True,13.920325705311251,6.647814872600215,1.0,0.0,0.9804841750435145
209,1767151262235,48.393301493513526,42.636361087892745,41.58922894252817,41.58922894252817,41.58922894252817,0.9569274187088013,0.9550406283341677,ok,True,True,25.365602873890538,5.756940405620782,1.0,0.0,0.9804841750435145
210,1767151262268,55.463755508147976,50.33279774004588,49.451324981200514,49.451324981200514,49.451324981200514,0.941679835319519,0.9470241525253785,ok,True,True,35.00020352129059,5.130957768102093,1.0,0.0,0.9804841750435145
211,1767151262302,59.29437837747796,55.70974612250513,55.14147450838878,55.14147450838878,55.14147450838878,0.9383644461631775,0.9418283287080579,ok,True,True,41.21147892186413,3.5846322549728313,1.0,0.0,0.9804841750435145
212,1767151262336,59.55006014321062,58.013934534928424,57.84666511011161,57.84666511011161,57.84666511011161,0.9161534905433655,0.9264234258092425,ok,True,True,43.03975335643792,1.5361256082821981,1.0,0.0,0.9804841750435145
213,1767151262368,57.87018260724577,57.92768337831883,58.07875828128757,58.07875828128757,58.07875828128757,0.9593098759651184,0.9461552959027681,ok,True,True,41.388486944834916,0.05750077107305884,1.0,0.0,0.9804841750435145
214,1767151262402,53.241024783189765,55.11568822124139,55.60035979146634,55.60035979146634,55.60035979146634,0.968073308467865,0.9593061034418262,ok,True,True,36.09096982539442,1.874663438051627,1.0,0.0,0.9804841750435145
215,1767151262435,44.395931145837025,48.68383397599877,49.59002860541766,49.59002860541766,49.59002860541766,0.9510084390640259,0.954327504815146,ok,True,True,26.186156217526428,4.287902830161748,1.0,0.0,0.9804841750435145
216,1767151262468,34.39873215013231,40.1127728804789,41.267913330072474,41.267913330072474,41.267913330072474,0.9432128667831421,0.9476587219959437,ok,True,True,13.560335587675,5.714040730346589,1.0,0.0,0.9804841750435145
217,1767151262502,23.777136752985335,30.31139120398276,31.584656501789787,31.584656501789787,31.584656501789787,0.9323365092277527,0.9384653943350291,ok,True,True,-0.3566034939433038,6.534254450997427,1.0,0.0,0.9804841750435145
218,1767151262537,14.593789364189924,20.880830100107058,22.07411895764124,22.07411895764124,22.07411895764124,0.9169601798057556,0.925562265617465,ok,True,True,-13.399390703221753,6.2870407359171345,1.0,0.0,0.9804841750435145
219,1767151262568,7.267538637089733,12.712855222296662,13.707783548349518,13.707783548349518,13.707783548349518,0.9707785844802856,0.9526920569351573,ok,True,True,-24.27407403368226,5.445316585206929,1.0,0.0,0.9804841750435145
220,1767151262602,3.2518630221697946,7.036259902220542,7.690539887280022,7.690539887280022,7.690539887280022,0.9654231071472168,0.960330687062393,ok,True,True,-31.425431032769275,3.7843968800507475,1.0,0.0,0.9804841750435145
221,1767151262635,0.5238379532530278,3.128806732840034,3.5210160298057276,3.5210160298057276,3.5210160298057276,0.9432740807533264,0.950096723276953,ok,True,True,-35.71232466457157,2.604968779587006,1.0,0.0,0.9804841750435145
222,1767151262668,0.25059232670531706,1.401878089159204,1.5055299766273083,1.5055299766273083,1.5055299766273083,0.9081268906593323,0.9249148237063806,ok,True,True,-36.8452519557074,1.1512857624538868,1.0,0.0,0.9804841750435145
223,1767151262702,0.9698944983173775,1.142687934654108,1.046111233749901,1.046111233749901,1.046111233749901,0.9051311612129211,0.9130446262103049,ok,True,True,-35.7896572836955,0.1727934363367304,1.0,0.0,0.9804841750435145
224,1767151262736,3.147738524006766,2.3457182882657026,2.0675286708173815,2.0675286708173815,2.0675286708173815,0.9149401783943176,0.9141819575207126,ok,True,True,-32.74901212528747,0.8020202357410633,1.0,0.0,0.9804841750435145
225,1767151262770,5.374273985830016,4.1628517068042905,3.807166944004634,3.807166944004634,3.807166944004634,0.9313129782676697,0.9244605699688869,ok,True,True,-28.86133593538014,1.2114222790257259,1.0,0.0,0.9804841750435145
226,1767151262802,8.863867140113378,6.983460966789743,6.521595911327912,6.521595911327912,6.521595911327912,0.9195957183837891,0.9215416590178283,ok,True,True,-23.813096688082915,1.8804061733236344,1.0,0.0,0.9804841750435145
227,1767151262835,12.841098820153784,10.498043678808168,9.965656873326841,9.965656873326841,9.965656873326841,0.9391123056411743,0.9320840469918359,ok,True,True,-17.994046438206837,2.3430551413456158,1.0,0.0,0.9804841750435145
228,1767151262869,19.19377945472617,15.715485144358968,15.006825838157162,15.006825838157162,15.006825838157162,0.9493659734725952,0.9424532028802914,ok,True,True,-10.248317072487811,3.4782943103672004,1.0,0.0,0.9804841750435145
229,1767151262902,27.586500224031663,22.838094192162586,21.92594862267072,21.92594862267072,21.92594862267072,0.956310510635376,0.9507675875333421,ok,True,True,-0.27845897273264164,4.748406031869077,1.0,0.0,0.9804841750435145
230,1767151262935,38.45112175159889,32.20591072782437,31.057565269510754,31.057565269510754,31.057565269510754,0.9600887298583984,0.9563602729283759,ok,True,True,12.273091626772853,6.245211023774523,1.0,0.0,0.9804841750435145
231,1767151262969,47.50125162408803,41.38311526558256,40.27637635164807,40.27637635164807,40.27637635164807,0.9452924728393555,0.9497195928749637,ok,True,True,24.36987781502564,6.118136358505467,1.0,0.0,0.9804841750435145
232,1767151263002,55.14096209230494,49.637823361615986,48.68368713231856,48.68368713231856,48.68368713231856,0.9402375817298889,0.9440303861879189,ok,True,True,34.798698755128584,5.503138730688953,1.0,0.0,0.9804841750435145
233,1767151263035,60.03575032184192,55.87657953775154,55.203265312161506,55.203265312161506,55.203265312161506,0.9227268695831299,0.9312482762250455,ok,True,True,42.15810224471176,4.159170784090378,1.0,0.0,0.9804841750435145
234,1767151263069,61.36675877556391,59.17068708043897,58.88473456144104,58.88473456144104,58.88473456144104,0.9383584856987,0.9355144019092381,ok,True,True,45.28359682996782,2.1960716951249424,1.0,0.0,0.9804841750435145
235,1767151263102,58.67387292295055,58.87259858594592,59.04241767457942,59.04241767457942,59.04241767457942,0.9456686973571777,0.9416069791780018,ok,True,True,43.42745426518975,0.19872566299537198,1.0,0.0,0.9804841750435145
236,1767151263135,53.379495365197926,55.57673665349713,56.125088215311344,56.125088215311344,56.125088215311344,0.966539204120636,0.9565663141435823,ok,True,True,37.43390735257941,2.197241288299203,1.0,0.0,0.9804841750435145
237,1767151263169,45.28346935598903,49.40077627499227,50.29051462022332,50.29051462022332,50.29051462022332,0.9539042115211487,0.9549690525701221,ok,True,True,27.708962839578163,4.117306919003241,1.0,0.0,0.9804841750435145
238,1767151263203,36.178659322572415,41.46750610354036,42.55529354472994,42.55529354472994,42.55529354472994,0.9620386362075806,0.9592108027525972,ok,True,True,15.8193184688297,5.288846780967944,1.0,0.0,0.9804841750435145
239,1767151263239,25.64319925986102,31.972921997332755,33.21283359502484,33.21283359502484,33.21283359502484,0.9145472049713135,0.932412644083827,ok,True,True,2.266939217242358,6.329722737471734,1.0,0.0,0.9804841750435145
240,1767151263270,16.656186638507634,22.782880782037683,23.955363733329154,23.955363733329154,23.955363733329154,0.9407960176467896,0.9374426682216045,ok,True,True,-10.548437017548373,6.126694143530049,1.0,0.0,0.9804841750435145
241,1767151263302,9.82598853802614,15.008745435630757,15.968002833923737,15.968002833923737,15.968002833923737,0.9702967405319214,0.9571551116077945,ok,True,True,-21.03323293876775,5.182756897604618,1.0,0.0,0.9804841750435145
242,1767151263336,5.6360939071093,9.385154518517883,10.041594389298176,10.041594389298176,10.041594389298176,0.9546050429344177,0.9556250704037685,ok,True,True,-28.208197752245194,3.7490606114085825,1.0,0.0,0.9804841750435145
243,1767151263369,3.097610253709369,5.612627959632775,6.001988434607563,6.001988434607563,6.001988434607563,0.9468105435371399,0.9503363542837914,ok,True,True,-32.463953430877055,2.515017705923406,1.0,0.0,0.9804841750435145
244,1767151263403,2.285436869103083,3.61631330531496,3.761797081707585,3.761797081707585,3.761797081707585,0.9360134601593018,0.9417426178090976,ok,True,True,-34.05410817779127,1.3308764362118768,1.0,0.0,0.9804841750435145
245,1767151263436,3.730656396816118,3.684919160215655,3.566810684182686,3.566810684182686,3.566810684182686,0.87898188829422,0.904086180100171,ok,True,True,-32.76316867598322,0.04573723660046314,1.0,0.0,0.9804841750435145
246,1767151263469,5.732603184205595,4.913529574609619,4.641341157878786,4.641341157878786,4.641341157878786,0.9306210875511169,0.9200071245707386,ok,True,True,-29.78811734267218,0.8190736095959759,1.0,0.0,0.9804841750435145
247,1767151263502,9.466831723172366,7.645510863747266,7.199408158689058,7.199408158689058,7.199408158689058,0.9333350658416748,0.9280038893333004,ok,True,True,-24.912162430872883,1.8213208594250991,1.0,0.0,0.9804841750435145
248,1767151263536,13.00761640503414,10.86277418851939,10.361240548831914,10.361240548831914,10.361240548831914,0.9341251850128174,0.9316766667410106,ok,True,True,-19.43034089926996,2.14484221651475,1.0,0.0,0.9804841750435145
249,1767151263569,17.30445172907454,14.727780712852478,14.168161886605597,14.168161886605597,14.168161886605597,0.9534070491790771,0.9447148962038505,ok,True,True,-13.313641462810043,2.576671016222061,1.0,0.0,0.9804841750435145
250,1767151263602,24.23517649497357,20.432218182125133,19.683579843433428,19.683579843433428,19.683579843433428,0.9507184624671936,0.9483170359618565,ok,True,True,-5.130936575732889,3.8029583128484354,1.0,0.0,0.9804841750435145
251,1767151263638,32.601700903809494,27.73390781513575,26.81635153765529,26.81635153765529,26.81635153765529,0.9504628777503967,0.9496045410349806,ok,True,True,4.898061203211466,4.867793088673743,1.0,0.0,0.9804841750435145
252,1767151263669,41.61777205928621,36.06422636162603,35.05032620500695,35.05032620500695,35.05032620500695,0.9501953721046448,0.9499590396767791,ok,True,True,15.980108886220732,5.553545697660184,1.0,0.0,0.9804841750435145
253,1767151263707,50.70417912073627,44.84819801709217,43.81414225871755,43.81414225871755,43.81414225871755,0.9313438534736633,0.9387899279549097,ok,True,True,27.28245966155847,5.855981103644098,1.0,0.0,0.9804841750435145
254,1767151263737,56.89187670931494,52.07440523242583,51.254003611360034,51.254003611360034,51.254003611360034,0.9468905925750732,0.9436503267270078,ok,True,True,36.24954564595054,4.817471476889111,1.0,0.0,0.9804841750435145
255,1767151263769,61.36424144210939,57.64830695823596,57.06951783994394,57.06951783994394,57.06951783994394,0.9468249678611755,0.9455551114075085,ok,True,True,42.57577862418728,3.7159344838734256,1.0,0.0,0.9804841750435145
256,1767151263802,60.5056755560309,59.36272811691293,59.2651821554218,59.2651821554218,59.2651821554218,0.9184308052062988,0.9292805276867826,ok,True,True,43.64196742936619,1.1429474391179681,1.0,0.0,0.9804841750435145
257,1767151263837,58.193481788714365,58.66118031999379,58.89094821332173,58.89094821332173,58.89094821332173,0.9577372074127197,0.9463545355223449,ok,True,True,41.13057739422633,0.4676985312794244,1.0,0.0,0.9804841750435145
258,1767151263869,53.17042449973033,55.36672682783571,55.91306699706214,55.91306699706214,55.91306699706214,0.974449634552002,0.9632115949401392,ok,True,True,35.159015236759906,2.196302328105382,1.0,0.0,0.9804841750435145
259,1767151263910,45.97656941979487,49.73263238301121,50.55320745570184,50.55320745570184,50.55320745570184,0.9334397912025452,0.9453485126975828,ok,True,True,26.19003340553659,3.756062963216337,1.0,0.0,0.9804841750435145
260,1767151263935,36.38294840394378,41.722821995570754,42.805782009446936,42.805782009446936,42.805782009446936,0.9361794590950012,0.9398470805360339,ok,True,True,14.353153378723633,5.339873591626976,1.0,0.0,0.9804841750435145
261,1767151263969,26.824759718565442,32.783984629367566,33.95587811722952,33.95587811722952,33.95587811722952,0.9235147833824158,0.930047702243863,ok,True,True,1.544220045699129,5.959224910802124,1.0,0.0,0.9804841750435145
262,1767151264008,17.145164293705086,23.40069242797008,24.5844634999276,24.5844634999276,24.5844634999276,0.9306461215019226,0.9304067537986987,ok,True,True,-11.394536675252024,6.255528134264992,1.0,0.0,0.9804841750435145
263,1767151264036,10.389899968520258,15.594216952300187,16.555195871222814,16.555195871222814,16.555195871222814,0.9787460565567017,0.9594103354535005,ok,True,True,-21.89814902098679,5.204316983779929,1.0,0.0,0.9804841750435145
264,1767151264070,6.487883683272562,10.130416990883612,10.765997629286097,10.765997629286097,10.765997629286097,0.9617534279823303,0.9608161909707984,ok,True,True,-28.845119978201428,3.6425333076110498,1.0,0.0,0.9804841750435145
265,1767151264103,2.965024944435046,5.831181763014473,6.274628784521517,6.274628784521517,6.274628784521517,0.9609182476997375,0.9608774250081619,ok,True,True,-33.6920479576673,2.866156818579427,1.0,0.0,0.9804841750435145
266,1767151264136,2.2563725876431047,3.6862962577916525,3.849829122621192,3.849829122621192,3.849829122621192,0.9343577027320862,0.9449655916425165,ok,True,True,-35.47948135932238,1.4299236701485478,1.0,0.0,0.9804841750435145
267,1767151264169,2.6192651713220685,3.046077605909902,3.0037901807206007,3.0037901807206007,3.0037901807206007,0.9228742122650146,0.9317107640160154,ok,True,True,-35.01727483996446,0.4268124345878337,1.0,0.0,0.9804841750435145
268,1767151264203,3.379821725437536,3.2463240776264826,3.0889840140322793,3.0889840140322793,3.0889840140322793,0.949434757232666,0.9423451599460058,ok,True,True,-33.29752948247332,0.13349764781105344,1.0,0.0,0.9804841750435145
269,1767151264236,4.8068911639968,4.182664329448674,3.936728700227169,3.936728700227169,3.936728700227169,0.938233494758606,0.9398781608335659,ok,True,True,-30.60942419679841,0.6242268345481268,1.0,0.0,0.9804841750435145
270,1767151264269,7.4856270737676756,6.164441976040075,5.801941338919008,5.801941338919008,5.801941338919008,0.9404537677764893,0.9402235249993199,ok,True,True,-26.647249696944208,1.321185097727601,1.0,0.0,0.9804841750435145
271,1767151264302,10.590269366293489,8.819938410192123,8.383977180080315,8.383977180080315,8.383977180080315,0.9371195435523987,0.9383611361311672,ok,True,True,-21.88214229576903,1.7703309561013665,1.0,0.0,0.9804841750435145
272,1767151264336,16.46342671446448,13.406031392755537,12.764131781380458,12.764131781380458,12.764131781380458,0.9548416137695312,0.9482494227141857,ok,True,True,-14.86610422239721,3.057395321708942,1.0,0.0,0.9804841750435145
273,1767151264370,22.14604835787746,18.65004157182869,17.937831309596184,17.937831309596184,17.937831309596184,0.9521791338920593,0.9506072494209099,ok,True,True,-7.081562484834271,3.4960067860487705,1.0,0.0,0.9804841750435145
274,1767151264404,29.71110092295711,25.286677182505745,24.440154050294222,24.440154050294222,24.440154050294222,0.9615864157676697,0.9571947492289657,ok,True,True,2.1710346819954536,4.424423740451367,1.0,0.0,0.9804841750435145
275,1767151264614,37.368605145455234,32.53583396027544,31.640381006466093,31.640381006466093,31.640381006466093,0.9647802710533142,0.9617460623235747,ok,True,True,11.958440540365736,4.832771185179794,1.0,0.0,0.9804841750435145
276,1767151264641,46.027870146769715,40.631055672172,39.672126815154755,39.672126815154755,39.672126815154755,0.9560457468032837,0.9583258730114002,ok,True,True,22.439645469124986,5.396814474597711,1.0,0.0,0.9804841750435145
277,1767151264669,53.74103157742652,48.497041215324714,47.5956045815706,47.5956045815706,47.5956045815706,0.9439576864242554,0.9497049610591133,ok,True,True,32.29245365143701,5.243990362101805,1.0,0.0,0.9804841750435145
278,1767151264695,58.30535369668718,54.38202870414219,53.74475517290048,53.74475517290048,53.74475517290048,0.9451407194137573,0.9469664160718998,ok,True,True,39.25792812615879,3.923324992544984,1.0,0.0,0.9804841750435145
279,1767151264718,56.15012544073183,55.44288674609597,55.39941226332025,55.39941226332025,55.39941226332025,0.9558868408203125,0.9523186709209475,ok,True,True,39.73310932423266,0.7072386946358549,1.0,0.0,0.9804841750435145
280,1767151264743,50.3470511157214,52.38538536787122,52.86958568910494,52.86958568910494,52.86958568910494,0.9666327238082886,0.9609071026533521,ok,True,True,34.44074299664042,2.0383342521498236,1.0,0.0,0.9804841750435145
281,1767151264770,41.76128305554005,46.01092398047252,46.90452140962219,46.90452140962219,46.90452140962219,0.9123477339744568,0.931771481446015,ok,True,True,24.673618240491386,4.249640924932471,1.0,0.0,0.9804841750435145
282,1767151264799,33.21623487555326,38.33411051752097,39.382414318791746,39.382414318791746,39.382414318791746,0.9402177333831787,0.9368392326083133,ok,True,True,13.215534683665647,5.117875641967707,1.0,0.0,0.9804841750435145
283,1767151264841,23.432411500470106,29.393091107290452,30.557128086078645,30.557128086078645,30.557128086078645,0.9485999345779419,0.9438956537900904,ok,True,True,0.49247391633132054,5.960679606820346,1.0,0.0,0.9804841750435145
284,1767151264866,14.73737507582027,20.599661488408344,21.71281056628558,21.71281056628558,21.71281056628558,0.9525420069694519,0.9490834656977073,ok,True,True,-11.674376122817327,5.862286412588075,1.0,0.0,0.9804841750435145
285,1767151264890,5.747902594378912,11.688606151990685,12.763940320612173,12.763940320612173,12.763940320612173,0.9492999315261841,0.9492133451947934,ok,True,True,-23.427904766568023,5.940703557611773,1.0,0.0,0.9804841750435145
286,1767151264918,2.4868925135039492,6.167577968898644,6.816617402753008,6.816617402753008,6.816617402753008,0.9529423713684082,0.9514507608989623,ok,True,True,-30.521981937493106,3.6806854553946944,1.0,0.0,0.9804841750435145
287,1767151264947,1.5355013931244643,3.3883320234341365,3.657402321319585,3.657402321319585,3.657402321319585,0.9447301030158997,0.9474183661691247,ok,True,True,-33.462951866343424,1.8528306303096722,1.0,0.0,0.9804841750435145
288,1767151264974,2.5361874199864958,2.877045261365552,2.8396487848516263,2.8396487848516263,2.8396487848516263,0.9383850693702698,0.9419983880898117,ok,True,True,-33.0542039899083,0.3408578413790564,1.0,0.0,0.9804841750435145
289,1767151265070,4.347270904428685,3.759180647203432,3.533586322083391,3.533586322083391,3.533586322083391,0.9443719983100891,0.9434225542219781,ok,True,True,-30.588431544894288,0.5880902572252529,1.0,0.0,0.9804841750435145
290,1767151265095,6.179464356401525,5.211350872722288,4.910306128476739,4.910306128476739,4.910306128476739,0.9450666308403015,0.9444090001929721,ok,True,True,-27.297977165414057,0.9681134836792369,1.0,0.0,0.9804841750435145
291,1767151265123,8.597167730014732,7.242840987097754,6.880960879859305,6.880960879859305,6.880960879859305,0.9442167282104492,0.9442936370034584,ok,True,True,-23.342585129941355,1.354326742916978,1.0,0.0,0.9804841750435145
292,1767151265152,10.589286571725632,9.250708337874482,8.899389968285025,8.899389968285025,8.899389968285025,0.9400343298912048,0.9417380527361063,ok,True,True,-19.50263412629581,1.33857823385115,1.0,0.0,0.9804841750435145
293,1767151265179,13.822117460985353,11.993553811741005,11.57567137600283,11.57567137600283,11.57567137600283,0.9412596821784973,0.9414510304015409,ok,True,True,-14.93513006895296,1.828563649244348,1.0,0.0,0.9804841750435145
294,1767151265201,17.68040800896836,15.40566633007742,14.922652524338593,14.922652524338593,14.922652524338593,0.9462926983833313,0.9443560311906152,ok,True,True,-9.655732494924978,2.2747416788909405,1.0,0.0,0.9804841750435145
295,1767151265226,23.392191638564444,20.197581515169635,19.57294431244506,19.57294431244506,19.57294431244506,0.9658374786376953,0.9572448996588633,ok,True,True,-2.8283745736167782,3.19461012339481,1.0,0.0,0.9804841750435145
296,1767151265252,31.55360509688748,27.011195664200343,26.170517074572626,26.170517074572626,26.170517074572626,0.9559175372123718,0.9564484821909685,ok,True,True,6.360341057047475,4.542409432687137,1.0,0.0,0.9804841750435145
297,1767151265276,40.94908668158714,35.37393027463242,34.37043231252653,34.37043231252653,34.37043231252653,0.9705982208251953,0.9649383253715046,ok,True,True,17.32869153428094,5.575156406954719,1.0,0.0,0.9804841750435145
298,1767151265313,51.76294198448837,45.20733730054599,44.06233580809042,44.06233580809042,44.06233580809042,0.9597616195678711,0.9618323018893244,ok,True,True,29.84369220239801,6.555604683942384,1.0,0.0,0.9804841750435145
299,1767151265341,57.44620158226996,52.55065586958037,51.71432994983598,51.71432994983598,51.71432994983598,0.9675278067588806,0.9652496048110581,ok,True,True,38.98483264049383,4.895545712689589,1.0,0.0,0.9804841750435145
300,1767151265370,61.880266063601226,58.14842198599288,57.57536804632284,57.57536804632284,57.57536804632284,0.9340927600860596,0.946555497976059,ok,True,True,45.24837944378957,3.7318440776083435,1.0,0.0,0.9804841750435145
301,1767151265403,61.49878084584613,60.15863730190483,60.038661547836334,60.038661547836334,60.038661547836334,0.9565596580505371,0.9525579940207458,ok,True,True,46.5597285138291,1.340143543941295,1.0,0.0,0.9804841750435145
302,1767151265436,59.83213367885909,59.962735128077384,60.14442112032955,60.14442112032955,60.14442112032955,0.9420017004013062,0.9462242178490821,ok,True,True,44.57387929930306,0.13060144921829675,1.0,0.0,0.9804841750435145
303,1767151265470,54.9604439953351,56.96136044843202,57.48243471693661,57.48243471693661,57.48243471693661,0.9731452465057373,0.9623768350430751,ok,True,True,38.87847640118925,2.00091645309692,1.0,0.0,0.9804841750435145
304,1767151265503,47.31116421158905,51.17124270632624,52.02024832956313,52.02024832956313,52.02024832956313,0.924168586730957,0.9394518860558043,ok,True,True,29.598745316068538,3.860078494737188,1.0,0.0,0.9804841750435145
305,1767151265539,39.4838434329711,44.15880314231316,45.146304358608475,45.146304358608475,45.146304358608475,0.9569330811500549,0.9499406031123546,ok,True,True,18.805241147611795,4.674959709342062,1.0,0.0,0.9804841750435145
306,1767151265572,30.968491741476242,36.24461630181101,37.30806113971827,37.30806113971827,37.30806113971827,0.9292195439338684,0.9375079676052629,ok,True,True,7.181664283637769,5.276124560334765,1.0,0.0,0.9804841750435145
307,1767151265608,23.826213260675026,28.793574477129418,29.770562978072306,29.770562978072306,29.770562978072306,0.9676852226257324,0.9556143206175447,ok,True,True,-3.4969346724457484,4.9673612164543925,1.0,0.0,0.9804841750435145
308,1767151265637,16.827951541753215,21.6142007159037,22.511493577710738,22.511493577710738,22.511493577710738,0.961053729057312,0.958877965681405,ok,True,True,-13.304450941211263,4.786249174150484,1.0,0.0,0.9804841750435145
309,1767151265670,11.2515924057386,15.39663572980464,16.141203984710593,16.141203984710593,16.141203984710593,0.9718267321586609,0.9666472255677585,ok,True,True,-21.442669335694738,4.145043324066039,1.0,0.0,0.9804841750435145
310,1767151265703,6.2728413350213135,9.922359092934643,10.536650662411821,10.536650662411821,10.536650662411821,0.979046106338501,0.9740865540302039,ok,True,True,-28.156948271649256,3.6495177579133298,1.0,0.0,0.9804841750435145
311,1767151265736,1.3279938032267904,4.765739919109932,5.305060622854203,5.305060622854203,5.305060622854203,0.9731855392456055,0.9735459451594449,ok,True,True,-34.05178684798913,3.437746115883142,1.0,0.0,0.9804841750435145
312,1767151265770,-0.9181975499536139,1.3553774376718049,1.6695074391213947,1.6695074391213947,1.6695074391213947,0.9639214873313904,0.9677712704626122,ok,True,True,-37.48526462415259,2.2735749876254188,1.0,0.0,0.9804841750435145
313,1767151265803,-1.133808884533623,-0.1381343556514517,-0.07584314539777609,-0.07584314539777609,-0.07584314539777609,0.940458357334137,0.951383522585527,ok,True,True,-38.16611486153639,0.9956745288821712,1.0,0.0,0.9804841750435145
314,1767151265836,0.2994791722854198,0.1244337611106712,-0.03990450835299297,-0.03990450835299297,-0.03990450835299297,0.9418162703514099,0.9456431712450568,ok,True,True,-36.36987829268632,0.17504541117474862,1.0,0.0,0.9804841750435145
315,1767151265870,2.175312151473134,1.3549607953281488,1.0639812020477777,1.0639812020477777,1.0639812020477777,0.9466630220413208,0.9462550817228152,ok,True,True,-33.189437194303586,0.8203513561449851,1.0,0.0,0.9804841750435145
316,1767151265903,5.397211606416684,3.7803112819812705,3.3536796853616826,3.3536796853616826,3.3536796853616826,0.9243351817131042,0.9331031417169886,ok,True,True,-28.52630378188521,1.6169003244354139,1.0,0.0,0.9804841750435145
317,1767151265936,9.940619167592935,7.476496013348269,6.910239404822916,6.910239404822916,6.910239404822916,0.9559074640274048,0.9467857351032383,ok,True,True,-22.337052605602093,2.4641231542446658,1.0,0.0,0.9804841750435145
318,1767151265970,15.891060951752122,12.52523497639058,11.815466952982309,11.815466952982309,11.815466952982309,0.9589990377426147,0.9541137166868642,ok,True,True,-14.579204824879612,3.365825975361542,1.0,0.0,0.9804841750435145
319,1767151266004,23.739468708554114,19.253775215688698,18.369374680243883,18.369374680243883,18.369374680243883,0.9606388807296753,0.9580288151125509,ok,True,True,-4.912603196048785,4.4856934928654155,1.0,0.0,0.9804841750435145
320,1767151266043,33.51216523987486,27.808809230200396,26.737032019247973,26.737032019247973,26.737032019247973,0.9495624303817749,0.9529489842740854,ok,True,True,6.802047483041699,5.703356009674465,1.0,0.0,0.9804841750435145
321,1767151266072,40.97197257614392,35.70670723776651,34.73093917170586,34.73093917170586,34.73093917170586,0.961348831653595,0.9579888927017911,ok,True,True,17.46730694265873,5.265265338377411,1.0,0.0,0.9804841750435145
322,1767151266103,48.40570424601316,43.32610544271449,42.43181201028506,42.43181201028506,42.43181201028506,0.9662699103355408,0.962957503282041,ok,True,True,27.242039096373937,5.079598803298666,1.0,0.0,0.9804841750435145
323,1767151266170,56.71383571444304,51.35874360575163,50.46378712872064,50.46378712872064,50.46378712872064,0.9767459034919739,0.9712305434080006,ok,True,True,37.02401840538654,5.355092108691416,1.0,0.0,0.9804841750435145
324,1767151266203,56.782637081529735,54.61307969121849,54.28772934153487,54.28772934153487,54.28772934153487,0.9359853267669678,0.9500834134233809,ok,True,True,40.580135904355146,2.1695573903112475,1.0,0.0,0.9804841750435145
325,1767151266236,53.31271706061349,53.83286211285549,54.034594963906095,54.034594963906095,54.034594963906095,0.9657211899757385,0.9594660793547954,ok,True,True,38.375172170842916,0.5201450522420004,1.0,0.0,0.9804841750435145
326,1767151266270,47.96711349126254,50.31341293989972,50.87148448136253,50.87148448136253,50.87148448136253,0.9643974900245667,0.9624249257566582,ok,True,True,32.27538473799653,2.3462994486371826,1.0,0.0,0.9804841750435145
327,1767151266307,38.978985886598245,43.51275670791884,44.45410911436153,44.45410911436153,44.45410911436153,0.9346387982368469,0.9457532492447713,ok,True,True,21.98629247637021,4.533770821320594,1.0,0.0,0.9804841750435145
328,1767151266338,29.167270686732554,34.90546509520707,36.05294854631584,36.05294854631584,36.05294854631584,0.9418655037879944,0.9434206019707052,ok,True,True,9.44416370892612,5.7381944084745165,1.0,0.0,0.9804841750435145
329,1767151266370,19.376682696407475,25.588195655927315,26.791263323983593,26.791263323983593,26.791263323983593,0.9124289751052856,0.9248256258514534,ok,True,True,-3.7055070720604064,6.21151295951984,1.0,0.0,0.9804841750435145
330,1767151266404,11.575977833834836,17.180864962671826,18.23966162076495,18.23966162076495,18.23966162076495,0.9661447405815125,0.9496170946894888,ok,True,True,-15.278278785248943,5.604887128836991,1.0,0.0,0.9804841750435145
331,1767151266439,5.917523741052505,10.422860229700234,11.23842681386957,11.23842681386957,11.23842681386957,0.971778154373169,0.9629137304996969,ok,True,True,-24.192517249596854,4.505336488647729,1.0,0.0,0.9804841750435145
332,1767151266481,2.826876213279517,5.865269819847804,6.374947189501001,6.374947189501001,6.374947189501001,0.9690446257591248,0.9665922676553536,ok,True,True,-29.763350705945136,3.0383936065682873,1.0,0.0,0.9804841750435145
333,1767151266503,1.6670004557711549,3.346308201401815,3.5735976754478846,3.5735976754478846,3.5735976754478846,0.9254640936851501,0.9419153632732316,ok,True,True,-32.24765132763689,1.67930774563066,1.0,0.0,0.9804841750435145
334,1767151266537,2.9729102903245237,3.1222694547554406,3.0526724321381957,3.0526724321381957,3.0526724321381957,0.9274930953979492,0.9332620025480621,ok,True,True,-31.486947703847996,0.1493591644309169,1.0,0.0,0.9804841750435145
335,1767151266570,3.5718977164188477,3.3920464117534848,3.2370319451721414,3.2370319451721414,3.2370319451721414,0.9203335046768188,0.9255049038253162,ok,True,True,-29.792621394565444,0.17985130466536292,1.0,0.0,0.9804841750435145
336,1767151266603,5.054250786254272,4.3893690364539575,4.149925941267056,4.149925941267056,4.149925941267056,0.9434865117073059,0.93629386855451,ok,True,True,-27.175480267686634,0.6648817498003146,1.0,0.0,0.9804841750435145
337,1767151266638,7.797523539314469,6.434261738170265,6.078216669127258,6.078216669127258,6.078216669127258,0.9394471645355225,0.9381858461431174,ok,True,True,-23.283865884371426,1.363261801144204,1.0,0.0,0.9804841750435145
338,1767151266670,10.871164697927858,9.096403514024821,8.672933608927556,8.672933608927556,8.672933608927556,0.9456590414047241,0.9426697633000815,ok,True,True,-18.65529013128723,1.7747611839030366,1.0,0.0,0.9804841750435145
339,1767151266706,14.981418484828302,12.62741249650691,12.116665698779155,12.116665698779155,12.116665698779155,0.9465142488479614,0.9449764546288095,ok,True,True,-13.072767700596193,2.3540059883213917,1.0,0.0,0.9804841750435145
340,1767151266738,21.828410303013186,18.148011180410677,17.426240958953308,17.426240958953308,17.426240958953308,0.9673149585723877,0.9583795569949565,ok,True,True,-5.183734486846367,3.680399122602509,1.0,0.0,0.9804841750435145
341,1767151266770,31.330487740637164,26.057497116546568,25.07490911785764,25.07490911785764,25.07490911785764,0.9608940482139587,0.9598882517263578,ok,True,True,5.556067636656401,5.272990624090596,1.0,0.0,0.9804841750435145
342,1767151266804,41.68317100307365,35.43290144846282,34.29755300096126,34.29755300096126,34.29755300096126,0.9704990386962891,0.9662547239083166,ok,True,True,17.965559390741134,6.250269554610831,1.0,0.0,0.9804841750435145
343,1767151266837,50.18122321123954,44.28189450612885,43.23441383640788,43.23441383640788,43.23441383640788,0.9613394141197205,0.963305538035159,ok,True,True,29.414646023193328,5.89932870511069,1.0,0.0,0.9804841750435145
344,1767151266870,57.3766932927748,52.13877377811642,51.25441900307266,51.25441900307266,51.25441900307266,0.9470906853675842,0.9535766264346142,ok,True,True,39.080747485472294,5.23791951465838,1.0,0.0,0.9804841750435145
345,1767151266904,61.35778718304679,57.670181821074635,57.0995303630776,57.0995303630776,57.0995303630776,0.9182255268096924,0.9323659666596611,ok,True,True,45.31803488217786,3.687605361972153,1.0,0.0,0.9804841750435145
346,1767151266938,61.43893382926658,59.931433025989804,59.78396732624685,59.78396732624685,59.78396732624685,0.9435707330703735,0.9390888265060886,ok,True,True,46.92985228413714,1.507500803276777,1.0,0.0,0.9804841750435145
347,1767151266970,58.082150130387056,58.82186328862815,59.10382931123135,59.10382931123135,59.10382931123135,0.9745930433273315,0.9603913565988343,ok,True,True,43.8479305709164,0.739713158241095,1.0,0.0,0.9804841750435145
348,1767151267004,53.23778903265349,55.47141873504335,56.039942643278486,56.039942643278486,56.039942643278486,0.9579778909683228,0.9589432772205273,ok,True,True,37.63389754275721,2.2336297023898624,1.0,0.0,0.9804841750435145
349,1767151267037,44.878414310615305,49.11561608038652,50.02842134312249,50.02842134312249,50.02842134312249,0.9449594020843506,0.9505529521388212,ok,True,True,27.656828911594413,4.237201769771218,1.0,0.0,0.9804841750435145
350,1767151267070,34.929975719084304,40.60423186360519,41.75892099663913,41.75892099663913,41.75892099663913,0.9601424932479858,0.9563066768043199,ok,True,True,15.035941195185865,5.674256144520889,1.0,0.0,0.9804841750435145
351,1767151267104,25.152543382360555,31.33321877485841,32.552730743088475,32.552730743088475,32.552730743088475,0.9312779307365417,0.941289429163653,ok,True,True,1.706532283708988,6.180675392497854,1.0,0.0,0.9804841750435145
352,1767151267170,12.103652306724607,19.795478893978128,21.225618472056098,21.225618472056098,21.225618472056098,0.9285406470298767,0.9336401598833872,ok,True,True,-13.92506111865444,7.691826587253521,1.0,0.0,0.9804841750435145
353,1767151267204,6.072339748505034,11.561595406694272,12.588358004602838,12.588358004602838,12.588358004602838,0.9672126770019531,0.9537836701545268,ok,True,True,-25.147696795118485,5.489255658189237,1.0,0.0,0.9804841750435145
354,1767151267237,4.650149798765133,7.4147280419367885,7.898583446938172,7.898583446938172,7.898583446938172,0.972608745098114,0.9650787151206791,ok,True,True,-30.436293147848154,2.7645782431716555,1.0,0.0,0.9804841750435145
355,1767151267270,3.5960825090594626,5.123540722210393,5.320023741640061,5.320023741640061,5.320023741640061,0.9539834260940552,0.9584215417047047,ok,True,True,-32.58387560572332,1.5274582131509304,1.0,0.0,0.9804841750435145
356,1767151267304,5.6259383632414375,5.4249793068290195,5.292046629169386,5.292046629169386,5.292046629169386,0.9411966800689697,0.9480866247232638,ok,True,True,-31.130905840453643,0.20095905641241796,1.0,0.0,0.9804841750435145
357,1767151267337,6.837316004507535,6.272381325436129,6.047156094322619,6.047156094322619,6.047156094322619,0.9470816850662231,0.9474836609290395,ok,True,True,-28.669167636234963,0.5649346790714063,1.0,0.0,0.9804841750435145
358,1767151267370,9.391696791092812,8.14397060483014,7.803297275403242,7.803297275403242,7.803297275403242,0.9550803303718567,0.9520416625947299,ok,True,True,-24.945568170658643,1.247726186262673,1.0,0.0,0.9804841750435145
359,1767151267404,12.73804907394508,10.900417686299104,10.461956403467376,10.461956403467376,10.461956403467376,0.9559233784675598,0.9543706921184278,ok,True,True,-20.15313489983381,1.8376313876459758,1.0,0.0,0.9804841750435145
360,1767151267437,17.454020418161843,14.832579325416749,14.269815889465319,14.269815889465319,14.269815889465319,0.9563429951667786,0.9555540739474382,ok,True,True,-14.002064509674891,2.621441092745094,1.0,0.0,0.9804841750435145
361,1767151267471,23.205437681324863,19.856294338961618,19.180716941804942,19.180716941804942,19.180716941804942,0.9587598443031311,0.957477536160854,ok,True,True,-6.61792428584254,3.349143342363245,1.0,0.0,0.9804841750435145
362,1767151267509,31.342660599670626,26.748114095387024,25.878924075150124,25.878924075150124,25.878924075150124,0.9565682411193848,0.9569319591359724,ok,True,True,2.8824246269504927,4.594546504283603,1.0,0.0,0.9804841750435145
363,1767151267539,41.79842809233575,35.778302493556254,34.684191770291626,34.684191770291626,34.684191770291626,0.9521967172622681,0.9540908140117499,ok,True,True,14.841183216250958,6.020125598779494,1.0,0.0,0.9804841750435145
364,1767151267570,52.15174930914084,45.602370582907,44.43904435036039,44.43904435036039,44.43904435036039,0.9631487727165222,0.9595255892346133,ok,True,True,27.55647544381879,6.54937872623384,1.0,0.0,0.9804841750435145
365,1767151267604,58.88036898159709,53.56916962212105,52.65270520125264,52.65270520125264,52.65270520125264,0.9573317766189575,0.9582093016652198,ok,True,True,37.573539102738486,5.311199359476035,1.0,0.0,0.9804841750435145
366,1767151267638,62.43385527746451,58.88798101532713,58.331865924968774,58.331865924968774,58.331865924968774,0.9250057935714722,0.9382871968089712,ok,True,True,43.651942295441714,3.5458742621373815,1.0,0.0,0.9804841750435145
367,1767151267671,61.028079721208826,60.17204023885614,60.129059547231684,60.129059547231684,60.129059547231684,0.9421515464782715,0.9406058066105514,ok,True,True,44.12172629829324,0.8560394823526849,1.0,0.0,0.9804841750435145
368,1767151267704,56.981834022625534,58.25791650911778,58.630890271819375,58.630890271819375,58.630890271819375,0.9651936888694763,0.9553585359659063,ok,True,True,40.0450793068601,1.2760824864922427,1.0,0.0,0.9804841750435145
369,1767151267739,51.398399915189664,54.14220655276091,54.79214860369953,54.79214860369953,54.79214860369953,0.9606193900108337,0.9585150483928628,ok,True,True,32.94113642526763,2.7438066375712467,1.0,0.0,0.9804841750435145
370,1767151267776,41.87689073233805,46.78301706050719,47.79943542650244,47.79943542650244,47.79943542650244,0.91550213098526,0.9327072979483011,ok,True,True,21.831564417418363,4.906126328169144,1.0,0.0,0.9804841750435145
371,1767151267804,32.80416233212483,38.39570422347778,39.526438855931474,39.526438855931474,39.526438855931474,0.9451442360877991,0.9401694608319999,ok,True,True,9.472502203196223,5.591541891352946,1.0,0.0,0.9804841750435145
372,1767151267837,23.61121689111701,29.525011824061316,30.676474787667534,30.676474787667534,30.676474787667534,0.9487338066101074,0.9453080682988644,ok,True,True,-3.1131231028055826,5.913794932944306,1.0,0.0,0.9804841750435145
373,1767151267879,15.058909824936054,20.84535062458616,21.930985488813704,21.930985488813704,21.930985488813704,0.9669656753540039,0.9583026325319481,ok,True,True,-14.979239558265192,5.786440799650107,1.0,0.0,0.9804841750435145
374,1767151267904,9.41655402212196,13.98807266310764,14.818826579802975,14.818826579802975,14.818826579802975,0.9767407774925232,0.9693655195082932,ok,True,True,-24.059477349219076,4.57151864098568,1.0,0.0,0.9804841750435145
375,1767151267937,5.485525181444177,8.886544174109563,9.459118453210586,9.459118453210586,9.459118453210586,0.9769271612167358,0.9739025045333587,ok,True,True,-30.317781406216948,3.401018992665386,1.0,0.0,0.9804841750435145
376,1767151267971,3.5734954760086985,5.698714955249044,6.005611429242506,6.005611429242506,6.005611429242506,0.9678996205329895,0.9703007741331372,ok,True,True,-33.6721958784967,2.1252194792403456,1.0,0.0,0.9804841750435145
377,1767151268038,3.763893244687001,4.537821928911818,4.5763688778845895,4.5763688778845895,4.5763688778845895,0.9278361797332764,0.9448220174932207,ok,True,True,-34.09351855390564,0.773928684224817,1.0,0.0,0.9804841750435145
378,1767151268071,5.290845646958541,4.989636159739852,4.816677728568185,4.816677728568185,4.816677728568185,0.9363105297088623,0.9397151248226057,ok,True,True,-32.20306260608851,0.30120948721868857,1.0,0.0,0.9804841750435145
379,1767151268104,7.224830178412829,6.3307525709436385,6.041969873419081,6.041969873419081,6.041969873419081,0.9434447288513184,0.9419528872398333,ok,True,True,-29.046633836102053,0.8940776074691907,1.0,0.0,0.9804841750435145
380,1767151268137,10.290706685206478,8.706725039501343,8.301261645062525,8.301261645062525,8.301261645062525,0.9455932378768921,0.9441370976220685,ok,True,True,-24.614871357416064,1.5839816457051352,1.0,0.0,0.9804841750435145
381,1767151268171,14.20752236233858,12.007203433203685,11.502024052720902,11.502024052720902,11.502024052720902,0.9562776684761047,0.9514214401344903,ok,True,True,-19.093201450498608,2.2003189291348946,1.0,0.0,0.9804841750435145
382,1767151268204,20.58722122652207,17.155214109194716,16.453251154932758,16.453251154932758,16.453251154932758,0.9542384147644043,0.9531116249124387,ok,True,True,-11.42066399139854,3.4320071173273554,1.0,0.0,0.9804841750435145
383,1767151268238,29.689272538344692,24.6756491666847,23.715489644852624,23.715489644852624,23.715489644852624,0.9563513398170471,0.9550554538552037,ok,True,True,-0.9260077517203218,5.0136233716599925,1.0,0.0,0.9804841750435145
384,1767151268279,40.750090897274255,34.32031420503843,33.133302999105325,33.133302999105325,33.133302999105325,0.9719352722167969,0.9651833448721596,ok,True,True,12.04816401417976,6.429776692235826,1.0,0.0,0.9804841750435145
385,1767151268308,49.50771581808766,43.43275517286797,42.32809216419841,42.32809216419841,42.32809216419841,0.9621849656105042,0.9633843173151664,ok,True,True,24.122260321171648,6.07496064521969,1.0,0.0,0.9804841750435145
386,1767151268338,54.35296200566596,49.98487927254676,49.220072803070764,49.220072803070764,49.220072803070764,0.9508140087127686,0.9558421321537276,ok,True,True,32.48168477568049,4.368082733119195,1.0,0.0,0.9804841750435145
387,1767151268371,56.4554067217897,53.86719574209252,53.46938588810913,53.46938588810913,53.46938588810913,0.930358350276947,0.9405518630276593,ok,True,True,36.82979315911474,2.5882109796971804,1.0,0.0,0.9804841750435145
388,1767151268404,57.02857136429699,55.7640211154152,55.64493982919171,55.64493982919171,55.64493982919171,0.9497376680374146,0.9460633460335125,ok,True,True,38.13136559065154,1.2645502488817897,1.0,0.0,0.9804841750435145
389,1767151268437,53.77949275431601,54.573304098755685,54.83476231232697,54.83476231232697,54.83476231232697,0.9645944237709045,0.9571819926759477,ok,True,True,35.27359663655586,0.7938113444396748,1.0,0.0,0.9804841750435145
390,1767151268478,49.461150896515825,51.50601217741177,52.008747287334145,52.008747287334145,52.008747287334145,0.9624795317649841,0.9603605161293696,ok,True,True,29.778642893676718,2.044861280895944,1.0,0.0,0.9804841750435145
391,1767151268538,32.11909704496148,39.873863097941594,41.33897670127797,41.33897670127797,41.33897670127797,0.9604176878929138,0.9603948191874961,ok,True,True,13.764779291352689,7.754766052980116,1.0,0.0,0.9804841750435145
392,1767151268571,21.87968804064141,29.077358063561483,30.497041054773867,30.497041054773867,30.497041054773867,0.9233318567276001,0.9381570417115584,ok,True,True,-1.7525223895838504,7.197670022920075,1.0,0.0,0.9804841750435145
393,1767151268611,11.832073407806599,18.730187270108555,20.036923667682824,20.036923667682824,20.036923667682824,0.94889897108078,0.9446021993330913,ok,True,True,-16.035304548792453,6.8981138623019564,1.0,0.0,0.9804841750435145
394,1767151268638,6.787067040140402,11.564315132127664,12.450257691536859,12.450257691536859,12.450257691536859,0.9736643433570862,0.9620394857474882,ok,True,True,-25.718760680497923,4.777248091987262,1.0,0.0,0.9804841750435145
395,1767151268671,3.9324798707628483,6.985213975308775,7.499468539949326,7.499468539949326,7.499468539949326,0.9592245221138,0.9603505075672754,ok,True,True,-31.33962341515074,3.0527341045459266,1.0,0.0,0.9804841750435145
396,1767151268705,4.208576176291012,5.319231295898117,5.445969637519017,5.445969637519017,5.445969637519017,0.9422410726547241,0.9494848466197445,ok,True,True,-32.72488836066765,1.110655119607105,1.0,0.0,0.9804841750435145
397,1767151268738,5.659836154827546,5.523594211255775,5.393187249560826,5.393187249560826,5.393187249560826,0.9345425367355347,0.9405194606892187,ok,True,True,-31.29952496726194,0.136241943571771,1.0,0.0,0.9804841750435145
398,1767151268771,7.213025148925229,6.537252773857446,6.293126835848139,6.293126835848139,6.293126835848139,0.9300494194030762,0.9342374359175332,ok,True,True,-28.63119981884483,0.6757723750677824,1.0,0.0,0.9804841750435145
399,1767151268807,8.962422469058549,7.992354590978108,7.696195735177822,7.696195735177822,7.696195735177822,0.9335381984710693,0.9338178934496548,ok,True,True,-25.39414877337906,0.9700678780804406,1.0,0.0,0.9804841750435145
400,1767151268838,12.10254307075036,10.458467678841458,10.055708811473854,10.055708811473854,10.055708811473854,0.952117383480072,0.9447975874679052,ok,True,True,-20.9919470929333,1.6440753919089008,1.0,0.0,0.9804841750435145
401,1767151268872,16.04032503199676,13.807582090734638,13.310754512808867,13.310754512808867,13.310754512808867,0.9459952116012573,0.9455161619479164,ok,True,True,-15.561563367972647,2.2327429412621207,1.0,0.0,0.9804841750435145
402,1767151268904,20.482907066249457,17.812777076043528,17.25243022473509,17.25243022473509,17.25243022473509,0.9391887784004211,0.9417197318194193,ok,True,True,-9.436906531526038,2.670129990205929,1.0,0.0,0.9804841750435145
403,1767151268938,26.635764300030747,23.10656941043586,22.418102724019278,22.418102724019278,22.418102724019278,0.9586706161499023,0.9518902624177091,ok,True,True,-1.911884863641136,3.529194889594887,1.0,0.0,0.9804841750435145
404,1767151268971,36.97501028936986,31.427633937796262,30.41500000128599,30.41500000128599,30.41500000128599,0.9446462988853455,0.947543884298291,ok,True,True,9.156322885868734,5.5473763515736,1.0,0.0,0.9804841750435145
405,1767151269005,46.812979323071666,40.6588411689615,39.549626438681926,39.549626438681926,39.549626438681926,0.9538816809654236,0.9513465622985706,ok,True,True,21.28017004416151,6.154138154110164,1.0,0.0,0.9804841750435145
406,1767151269038,54.24952144056477,48.81324933192346,47.858536528120155,47.858536528120155,47.858536528120155,0.9516085386276245,0.9515037480960029,ok,True,True,31.715293016662073,5.436272108641312,1.0,0.0,0.9804841750435145
407,1767151269071,60.01466909099453,55.5341011873661,54.795446723797376,54.795446723797376,54.795446723797376,0.9377498030662537,0.9432513810781533,ok,True,True,39.78887297790255,4.480567903628433,1.0,0.0,0.9804841750435145
408,1767151269104,61.903410588307445,59.35568682793091,58.99475795234839,58.99475795234839,58.99475795234839,0.9375360608100891,0.9398221889173148,ok,True,True,43.73386793976538,2.5477237603765346,1.0,0.0,0.9804841750435145
409,1767151269138,60.234625412085066,59.8830499784234,59.94661022014558,59.94661022014558,59.94661022014558,0.9445244669914246,0.9426435557617807,ok,True,True,43.039147039521254,0.3515754336616652,1.0,0.0,0.9804841750435145
410,1767151269171,55.58657609244692,57.30516564683751,57.76008256277772,57.76008256277772,57.76008256277772,0.9715235829353333,0.9599715720659122,ok,True,True,38.0668517679007,1.71858955439059,1.0,0.0,0.9804841750435145
411,1767151269205,48.09958385380378,51.78181657101727,52.590646104132944,52.590646104132944,52.590646104132944,0.9265604615211487,0.9399249057390542,ok,True,True,29.226250062101087,3.6822327172134948,1.0,0.0,0.9804841750435145
412,1767151269271,28.123847464510348,37.587035107113124,39.370261954213355,39.370261954213355,39.370261954213355,0.9432957768440247,0.9419474284020364,ok,True,True,9.73537137772016,9.463187642602776,1.0,0.0,0.9804841750435145
413,1767151269312,18.217364430554564,25.96523270117799,27.49753737478276,27.49753737478276,27.49753737478276,0.9042750597000122,0.9193440071808219,ok,True,True,-7.012898506903085,7.7478682706234245,1.0,0.0,0.9804841750435145
414,1767151269339,10.804748475552634,16.86894216580278,18.029071904088298,18.029071904088298,18.029071904088298,0.9689083099365234,0.9490825888342429,ok,True,True,-19.693252677117425,6.0641936902501445,1.0,0.0,0.9804841750435145
415,1767151269371,8.336422560689773,11.749430402734975,12.377015465756951,12.377015465756951,12.377015465756951,0.954868495464325,0.9525541328122922,ok,True,True,-26.552831057390303,3.413007842045202,1.0,0.0,0.9804841750435145
416,1767151269405,7.8497438401539705,9.409618465186373,9.64201675934023,9.64201675934023,9.64201675934023,0.9410665035247803,0.945661555239785,ok,True,True,-29.092971682334177,1.5598746250324025,1.0,0.0,0.9804841750435145
417,1767151269438,9.570525171086334,9.50616248872635,9.413092636163555,9.413092636163555,9.413092636163555,0.9189547300338745,0.9296374601162387,ok,True,True,-28.075707272915654,0.06436268235998455,1.0,0.0,0.9804841750435145
418,1767151269471,11.137433057777445,10.484924830157006,10.260853883128789,10.260853883128789,10.260853883128789,0.9014819264411926,0.9127441399112111,ok,True,True,-25.62658552919404,0.652508227620439,1.0,0.0,0.9804841750435145
419,1767151269504,14.63871054747867,12.977196260550002,12.578698712290377,12.578698712290377,12.578698712290377,0.9397686719894409,0.928958859158149,ok,True,True,-21.270960566625817,1.6615142869286679,1.0,0.0,0.9804841750435145
420,1767151269540,20.565105475076944,17.529941789266168,16.898218879968162,16.898218879968162,16.898218879968162,0.9579645991325378,0.9463623031427824,ok,True,True,-14.366155041017027,3.035163685810776,1.0,0.0,0.9804841750435145
421,1767151269572,28.748186392586078,24.260888551258112,23.3857223570981,23.3857223570981,23.3857223570981,0.9510298371315002,0.949162823536013,ok,True,True,-4.800485845994313,4.487297841327965,1.0,0.0,0.9804841750435145
422,1767151269605,38.42114939094756,32.757045055071785,31.693286662959245,31.693286662959245,31.693286662959245,0.9632552862167358,0.9576183011444467,ok,True,True,6.826518202241774,5.664104335875777,1.0,0.0,0.9804841750435145
423,1767151269642,47.57980047414014,41.650698306512794,40.56478357319314,40.56478357319314,40.56478357319314,0.9554620981216431,0.9563245793307645,ok,True,True,18.69569365971826,5.929102167627349,1.0,0.0,0.9804841750435145
424,1767151269671,57.16048998251942,50.956573312116774,49.866335068244034,49.866335068244034,49.866335068244034,0.9601911902427673,0.9586445458779662,ok,True,True,30.612125594864903,6.2039166704026485,1.0,0.0,0.9804841750435145
425,1767151269705,62.06762349118949,57.623203419560404,56.871370925819505,56.871370925819505,56.871370925819505,0.9474619030952454,0.9519349602083337,ok,True,True,38.82974297221012,4.444420071629082,1.0,0.0,0.9804841750435145
426,1767151269738,65.96093256140615,62.625840904667854,62.128060167478004,62.128060167478004,62.128060167478004,0.9096789360046387,0.9265813456861167,ok,True,True,44.270544839771766,3.3350916567382995,1.0,0.0,0.9804841750435145
427,1767151269772,63.491893976798195,63.14547274794606,63.19661886232276,63.19661886232276,63.19661886232276,0.9507189393043518,0.9410639018570577,ok,True,True,43.71151180809956,0.34642122885213666,1.0,0.0,0.9804841750435145
428,1767151269808,57.396291710765425,59.69596412563768,60.249275732459814,60.249275732459814,60.249275732459814,0.9626659154891968,0.9540251100363412,ok,True,True,37.66375101941068,2.299672414872255,1.0,0.0,0.9804841750435145
429,1767151269838,48.20378306734331,52.80065549066106,53.77208634315188,53.77208634315188,53.77208634315188,0.9238284826278687,0.9359071335912577,ok,True,True,27.04589781304346,4.596872423317748,1.0,0.0,0.9804841750435145
430,1767151269872,37.42084843564135,43.57277125764924,44.81169657280813,44.81169657280813,44.81169657280813,0.9373663663864136,0.9367826732683512,ok,True,True,13.504298741653313,6.151922822007883,1.0,0.0,0.9804841750435145
431,1767151269905,26.97155819138545,33.612043417890966,34.912235224675804,34.912235224675804,34.912235224675804,0.9309468269348145,0.9332811654682291,ok,True,True,-0.7069502722781866,6.640485226505515,1.0,0.0,0.9804841750435145
432,1767151269939,18.28206794660686,24.414058135120502,25.583091849062143,25.583091849062143,25.583091849062143,0.9618287086486816,0.9504096913765006,ok,True,True,-13.484625941215139,6.131990188513644,1.0,0.0,0.9804841750435145
433,1767151269972,12.991000854767027,17.560223766908415,18.405461483049827,18.405461483049827,18.405461483049827,0.9658776521682739,0.9596904678515645,ok,True,True,-22.72317335965776,4.569222912141388,1.0,0.0,0.9804841750435145
434,1767151270005,10.47911587540245,13.311559032004837,13.79553608086151,13.79553608086151,13.79553608086151,0.9643215537071228,0.9624691193648995,ok,True,True,-28.01309929399959,2.8324431566023875,1.0,0.0,0.9804841750435145
435,1767151270038,11.346854510780947,12.132736319270503,12.214100706870717,12.214100706870717,12.214100706870717,0.9123923778533936,0.932423074457996,ok,True,True,-28.902421597846427,0.785881808489556,1.0,0.0,0.9804841750435145
436,1767151270072,13.042801600030778,12.678775487726668,12.519391638400329,12.519391638400329,12.519391638400329,0.9146738648414612,0.9217735486880752,ok,True,True,-27.160337422453402,0.36402611230410997,1.0,0.0,0.9804841750435145
437,1767151270105,16.942185605090877,15.236821558145193,14.832496749116949,14.832496749116949,14.832496749116949,0.9391893148422241,0.9322230083805645,ok,True,True,-22.741019815907716,1.705364046945684,1.0,0.0,0.9804841750435145
438,1767151270138,22.396408089868395,19.532573477179113,18.923413405251605,18.923413405251605,18.923413405251605,0.9581344723701477,0.9477698867743145,ok,True,True,-16.082828750303793,2.8638346126892813,1.0,0.0,0.9804841750435145
439,1767151270171,29.712951565359745,25.64080033008749,24.83126542603616,24.83126542603616,24.83126542603616,0.9476348757743835,0.9476888801743559,ok,True,True,-7.234517257408518,4.072151235272255,1.0,0.0,0.9804841750435145
440,1767151270205,39.369161077374415,33.877816778459646,32.84124983019796,32.84124983019796,32.84124983019796,0.9512859582901001,0.9498471270438025,ok,True,True,4.095281118867224,5.491344298914768,1.0,0.0,0.9804841750435145
441,1767151270238,47.60796817108207,42.115907614033105,41.096031794674694,41.096031794674694,41.096031794674694,0.9600037932395935,0.9559411267612771,ok,True,True,15.242643497676818,5.492060557048966,1.0,0.0,0.9804841750435145
442,1767151270272,54.561188012645395,49.583075853200484,48.69257332895312,48.69257332895312,48.69257332895312,0.9605006575584412,0.9586768452395755,ok,True,True,24.975940580134207,4.978112159444912,1.0,0.0,0.9804841750435145
443,1767151270305,60.09933310724665,55.89283020562819,55.182151303011814,55.182151303011814,55.182151303011814,0.9505950212478638,0.9538277508445484,ok,True,True,32.743744377485925,4.206502901618464,1.0,0.0,0.9804841750435145
444,1767151270339,64.08430070242352,60.80771250370539,60.301677598279284,60.301677598279284,60.301677598279284,0.9107944965362549,0.9280077982595722,ok,True,True,38.27476527242204,3.2765881987181302,1.0,0.0,0.9804841750435145
445,1767151270375,61.14153214676152,61.008004289539066,61.071564000673696,61.071564000673696,61.071564000673696,0.950154721736908,0.9412959523459736,ok,True,True,37.580050171562085,0.13352785722245386,1.0,0.0,0.9804841750435145
446,1767151270405,57.246401170825486,58.75104241831092,59.14983327112303,59.14983327112303,59.14983327112303,0.9616807103157043,0.953526807127812,ok,True,True,33.22121935581852,1.5046412474854307,1.0,0.0,0.9804841750435145
447,1767151270438,48.482155318186514,52.58971015823627,53.44545188237297,53.44545188237297,53.44545188237297,0.9348642230033875,0.9423292566531574,ok,True,True,23.86786189743688,4.107554840049758,1.0,0.0,0.9804841750435145
448,1767151270482,38.55268293761418,44.16749382586302,45.29176683142886,45.29176683142886,45.29176683142886,0.9412277936935425,0.9416683788773884,ok,True,True,11.579426023312529,5.61481088824884,1.0,0.0,0.9804841750435145
449,1767151270505,28.192522390190653,34.5825109644596,35.8208103598964,35.8208103598964,35.8208103598964,0.9378286004066467,0.9393645117949434,ok,True,True,-1.9553316720690148,6.389988574268948,1.0,0.0,0.9804841750435145
450,1767151270539,18.08106059446502,24.681640742462854,25.917569077922085,25.917569077922085,25.917569077922085,0.9295613169670105,0.9334825948981836,ok,True,True,-15.46417340367327,6.600580147997835,1.0,0.0,0.9804841750435145
451,1767151270573,11.797658355921616,16.95125131053811,17.894419708105083,17.894419708105083,17.894419708105083,0.9660365581512451,0.9530149728500206,ok,True,True,-25.77311466137882,5.153592954616496,1.0,0.0,0.9804841750435145
452,1767151270605,8.836084514727272,12.082151233051608,12.634956093563906,12.634956093563906,12.634956093563906,0.9593096971511841,0.9567918074307187,ok,True,True,-31.815336653439097,3.246066718324336,1.0,0.0,0.9804841750435145
453,1767151270638,8.811675575957146,10.11986583879493,10.28220616377214,10.28220616377214,10.28220616377214,0.9107906222343445,0.9291910963128942,ok,True,True,-33.58973545461187,1.3081902628377833,1.0,0.0,0.9804841750435145
454,1767151270672,9.964349920637874,10.026556287900696,9.930127471125289,9.930127471125289,9.930127471125289,0.9294375777244568,0.9293389851598317,ok,True,True,-32.53575717220536,0.06220636726282258,1.0,0.0,0.9804841750435145
455,1767151270705,12.29146377390855,11.385500779505408,11.102031853959403,11.102031853959403,11.102031853959403,0.9333683252334595,0.9317565892040083,ok,True,True,-29.437408553467648,0.9059629944031418,1.0,0.0,0.9804841750435145
456,1767151270900,16.299869007961004,14.334121716578764,13.863886375510024,13.863886375510024,13.863886375510024,0.9379516839981079,0.935473646080468,ok,True,True,-24.29768109771331,1.9657472913822396,1.0,0.0,0.9804841750435145
457,1767151270924,21.46382225502125,18.611942039644255,17.991636099632636,17.991636099632636,17.991636099632636,0.9613614678382874,0.9510063391351596,ok,True,True,-17.517664386083055,2.851880215376994,1.0,0.0,0.9804841750435145
458,1767151270949,29.81507599036713,25.33382241007798,24.449218003252486,24.449218003252486,24.449218003252486,0.9505723118782043,0.9507459227809865,ok,True,True,-7.848834419137576,4.481253580289152,1.0,0.0,0.9804841750435145
459,1767151270973,39.69208093462384,33.94877752480549,32.85936657615623,32.85936657615623,32.85936657615623,0.9571758508682251,0.9546038796333296,ok,True,True,4.058555082140819,5.7433034098183455,1.0,0.0,0.9804841750435145
460,1767151270998,59.51890383120854,49.29085330864732,47.47209296792408,47.47209296792408,47.47209296792408,0.9632964134216309,0.9598193999063103,ok,True,True,23.937819021356013,10.228050522561219,1.0,0.0,0.9804841750435145
461,1767151271023,61.936176154572685,56.878047016202544,55.91733616590094,55.91733616590094,55.91733616590094,0.9305419325828552,0.9422529195122372,ok,True,True,34.43850134589958,5.058129138370141,1.0,0.0,0.9804841750435145
462,1767151271045,59.06469181543197,58.1900338957402,58.06450485912174,58.06450485912174,58.06450485912174,0.9497576355934143,0.9467557491609435,ok,True,True,35.81054844583882,0.8746579196917708,1.0,0.0,0.9804841750435145
463,1767151271067,54.42299905013329,55.92981298837606,56.30128113289039,56.30128113289039,56.30128113289039,0.9495405554771423,0.9484266329506628,ok,True,True,31.750358037863244,1.5068139382427646,1.0,0.0,0.9804841750435145
464,1767151271090,45.276457605270984,49.53779975851302,50.410765647770496,50.410765647770496,50.410765647770496,0.9300252795219421,0.9373858208934305,ok,True,True,22.20873843361112,4.261342153242033,1.0,0.0,0.9804841750435145
465,1767151271118,35.6650888138319,41.21417319170435,42.323192982703404,42.323192982703404,42.323192982703404,0.934024453163147,0.9353690002552604,ok,True,True,10.087021984528763,5.549084377872447,1.0,0.0,0.9804841750435145
466,1767151271146,26.161028545062248,32.18228640371909,33.35160232165148,33.35160232165148,33.35160232165148,0.92448890209198,0.9288409413572922,ok,True,True,-2.693738207141143,6.021257858656842,1.0,0.0,0.9804841750435145
467,1767151271191,17.923072057179397,23.626757795795275,24.7020913738793,24.7020913738793,24.7020913738793,0.959418535232544,0.9471874976824433,ok,True,True,-14.447260396289126,5.703685738615878,1.0,0.0,0.9804841750435145
468,1767151271220,11.707448159798256,16.475172014197064,17.339601952782576,17.339601952782576,17.339601952782576,0.9467985033988953,0.9469541011123144,ok,True,True,-23.895581058079863,4.767723854398808,1.0,0.0,0.9804841750435145
469,1767151271243,8.464800819533268,11.668949297398786,12.212933751879085,12.212933751879085,12.212933751879085,0.9465606808662415,0.9467180489646706,ok,True,True,-29.841394977215348,3.204148477865518,1.0,0.0,0.9804841750435145
470,1767151271355,7.2920337859096716,9.042799990505317,9.285590845055708,9.285590845055708,9.285590845055708,0.9339604377746582,0.9390634822506632,ok,True,True,-32.49512750676652,1.7507662045956458,1.0,0.0,0.9804841750435145
471,1767151271377,8.261603732126197,8.574082235477846,8.53260234446961,8.53260234446961,8.53260234446961,0.8652423024177551,0.8947707743509183,ok,True,True,-32.0417474307557,0.31247850335164884,1.0,0.0,0.9804841750435145
472,1767151271403,9.015499123059517,8.83893236802685,8.685541845037417,8.685541845037417,8.685541845037417,0.8931460976600647,0.8937959683364062,ok,True,True,-30.365171015487803,0.17656675503266683,1.0,0.0,0.9804841750435145
473,1767151271425,10.907160267392728,10.079869107646378,9.811288354660054,9.811288354660054,9.811288354660054,0.89687180519104,0.8956414704491864,ok,True,True,-27.429551869820084,0.8272911597463501,1.0,0.0,0.9804841750435145
474,1767151271451,14.448899007139092,12.701287047342007,12.27670092418762,12.27670092418762,12.27670092418762,0.9279006719589233,0.9149969913550287,ok,True,True,-22.788775722393346,1.7476119597970854,1.0,0.0,0.9804841750435145
475,1767151271483,19.644066039567964,16.86695444267758,16.269873681318682,16.269873681318682,16.269873681318682,0.9507174491882324,0.9364292660549509,ok,True,True,-16.262612938702375,2.777111596890382,1.0,0.0,0.9804841750435145
476,1767151271507,27.864165552466407,23.465281108550876,22.601727223033546,22.601727223033546,22.601727223033546,0.9533281326293945,0.9465685859996171,ok,True,True,-6.8238676397437725,4.398884443915531,1.0,0.0,0.9804841750435145
477,1767151271530,38.26774722831195,32.346760780407514,31.23376645404638,31.23376645404638,31.23376645404638,0.9561348557472229,0.9523083478481806,ok,True,True,5.341290947221921,5.920986447904433,1.0,0.0,0.9804841750435145
478,1767151271554,50.02964295432329,42.95649008475698,41.66802987893894,41.66802987893894,41.66802987893894,0.9567438364028931,0.954969640981008,ok,True,True,19.424312185988835,7.073152869566314,1.0,0.0,0.9804841750435145
479,1767151271578,57.04302591598214,51.40841158349208,50.393585259574266,50.393585259574266,50.393585259574266,0.9517383575439453,0.9530308709187705,ok,True,True,30.51648298712002,5.6346143324900595,1.0,0.0,0.9804841750435145
480,1767151271606,61.2433577102629,57.309379259554575,56.65106023285374,56.65106023285374,56.65106023285374,0.9187225103378296,0.9324458545702059,ok,True,True,37.711987196756034,3.9339784507083237,1.0,0.0,0.9804841750435145
481,1767151271639,61.84947758114501,60.03343825250883,59.79623986233543,59.79623986233543,59.79623986233543,0.9425582885742188,0.9385133149726137,ok,True,True,40.30459343444143,1.8160393286361796,1.0,0.0,0.9804841750435145
482,1767151271672,59.09392851699157,59.46973241119847,59.656114413219306,59.656114413219306,59.656114413219306,0.9370923638343811,0.9376607442896742,ok,True,True,38.26741628210803,0.3758038942069035,1.0,0.0,0.9804841750435145
483,1767151271707,54.26411392832963,56.34636132147717,56.858113887318375,56.858113887318375,56.858113887318375,0.9544409513473511,0.9477288685242803,ok,True,True,32.673900687919065,2.08224739314754,1.0,0.0,0.9804841750435145
484,1767151271745,44.91063962723506,49.4849283049319,50.42937685964892,50.42937685964892,50.42937685964892,0.9344730377197266,0.9397753700415481,ok,True,True,22.350967162348596,4.574288677696842,1.0,0.0,0.9804841750435145
485,1767151271773,34.45794121234325,40.46873604937871,41.663557645498614,41.663557645498614,41.663557645498614,0.9260419011116028,0.9315352886835809,ok,True,True,9.291426915228072,6.010794837035462,1.0,0.0,0.9804841750435145
486,1767151271806,24.987456884307075,31.17996855033573,32.38457024589846,32.38457024589846,32.38457024589846,0.9072620272636414,0.9169713318316172,ok,True,True,-3.8750109664089276,6.192511666028654,1.0,0.0,0.9804841750435145
487,1767151271839,15.571520528455327,21.81489973720749,22.980126712750852,22.980126712750852,22.980126712750852,0.9452839493751526,0.9339589023577384,ok,True,True,-16.61107853796628,6.243379208752163,1.0,0.0,0.9804841750435145
488,1767151271878,10.06681918584451,14.766051406389701,15.62099800157868,15.62099800157868,15.62099800157868,0.961707592010498,0.9506081161493942,ok,True,True,-25.95574514364817,4.699232220545191,1.0,0.0,0.9804841750435145
489,1767151271906,8.340560643080751,10.91075694840433,11.339889074663816,11.339889074663816,11.339889074663816,0.9532814025878906,0.952212088012492,ok,True,True,-30.646209638446088,2.570196305323579,1.0,0.0,0.9804841750435145
490,1767151271939,10.108085063021223,10.429153817174466,10.416787263238792,10.416787263238792,10.416787263238792,0.8784028887748718,0.9079265684699199,ok,True,True,-30.511041752825676,0.3210687541532433,1.0,0.0,0.9804841750435145
491,1767151271974,11.18003231705792,10.879680917104539,10.714511442957866,10.714511442957866,10.714511442957866,0.8965507745742798,0.9011010921325359,ok,True,True,-28.70572001925554,0.30035139995338156,1.0,0.0,0.9804841750435145
492,1767151272006,13.623104434662496,12.525735027639312,12.216799489791685,12.216799489791685,12.216799489791685,0.9366793632507324,0.9224480548034537,ok,True,True,-25.329018339784007,1.0973694070231836,1.0,0.0,0.9804841750435145
493,1767151272039,18.794833828215793,16.287194307985203,15.738682858900548,15.738682858900548,15.738682858900548,0.9421680569648743,0.934280056100306,ok,True,True,-19.33372383842096,2.5076395202305903,1.0,0.0,0.9804841750435145
494,1767151272072,25.587840913208353,21.867582271119094,21.111632315088208,21.111632315088208,21.111632315088208,0.939451277256012,0.9373827887937296,ok,True,True,-11.07110211509912,3.7202586420892594,1.0,0.0,0.9804841750435145
495,1767151272106,33.47085913134156,28.829548387252572,27.92699272175109,27.92699272175109,27.92699272175109,0.965057373046875,0.9539875393456169,ok,True,True,-1.206062784406912,4.64131074408899,1.0,0.0,0.9804841750435145
496,1767151272143,42.4677284350568,37.012456415935105,35.99397373751255,35.99397373751255,35.99397373751255,0.9488122463226318,0.9508823635318258,ok,True,True,9.926072400501333,5.4552720191216935,1.0,0.0,0.9804841750435145
497,1767151272172,52.96179043184844,46.58205682548311,45.43728612712387,45.43728612712387,45.43728612712387,0.9571148157119751,0.9546218348399154,ok,True,True,22.438550462076776,6.379733606365335,1.0,0.0,0.9804841750435145
498,1767151272206,58.65399863280053,53.82522190987356,52.97255081150246,52.97255081150246,52.97255081150246,0.945650041103363,0.949238758597984,ok,True,True,31.758345620530257,4.828776722926968,1.0,0.0,0.9804841750435145
499,1767151272244,62.172811246633536,58.833775511929545,58.29777315890658,58.29777315890658,58.29777315890658,0.9249100685119629,0.9346415445463714,ok,True,True,37.61691423410954,3.339035734703991,1.0,0.0,0.9804841750435145
500,1767151272273,60.46865121330494,59.814700932754775,59.78534503154562,59.78534503154562,59.78534503154562,0.949063777923584,0.9432948845726989,ok,True,True,37.937777678975685,0.6539502805501627,1.0,0.0,0.9804841750435145
501,1767151272309,57.198491372476596,58.244975196587866,58.55802694639031,58.55802694639031,58.55802694639031,0.9403681755065918,0.9415388591330347,ok,True,True,34.51608531983773,1.0464838241112702,1.0,0.0,0.9804841750435145
502,1767151272339,50.88584093770027,53.82949464125531,54.48563629211216,54.48563629211216,54.48563629211216,0.9469435811042786,0.944781692315781,ok,True,True,27.344380083671822,2.943653703555036,1.0,0.0,0.9804841750435145
503,1767151272373,40.58106747361269,45.88043834066974,46.94256040384373,46.94256040384373,46.94256040384373,0.9299449324607849,0.9358796364027833,ok,True,True,15.735261302742526,5.29937086705705,1.0,0.0,0.9804841750435145
504,1767151272406,30.405534368866714,36.59549595758793,37.80883306694379,37.80883306694379,37.80883306694379,0.9227540493011475,0.9280042841418018,ok,True,True,2.4733443233245485,6.189961588721214,1.0,0.0,0.9804841750435145
505,1767151272472,14.264668130690676,23.196999261449577,24.83697475385819,24.83697475385819,24.83697475385819,0.9075656533241272,0.915741105651197,ok,True,True,-15.451780245023455,8.9323311307589,1.0,0.0,0.9804841750435145
506,1767151272506,8.886051859598354,14.610430820338841,15.694294624865998,15.694294624865998,15.694294624865998,0.9578664302825928,0.9410163004300345,ok,True,True,-27.298538810139963,5.724378960740488,1.0,0.0,0.9804841750435145
507,1767151272539,8.160577048419748,10.740518557187386,11.191835270184992,11.191835270184992,11.191835270184992,0.9191292524337769,0.9278840716322799,ok,True,True,-32.23148344114654,2.5799415087676376,1.0,0.0,0.9804841750435145
508,1767151272573,8.809129505819362,9.581685126366573,9.641480191302412,9.641480191302412,9.641480191302412,0.865595817565918,0.8905111191924627,ok,True,True,-32.88505051730642,0.7725556205472106,1.0,0.0,0.9804841750435145
509,1767151272606,9.535248018703232,9.553822861768568,9.441266580407257,9.441266580407257,9.441266580407257,0.901603102684021,0.8971663092873977,ok,True,True,-31.654797154563592,0.018574843065335855,1.0,0.0,0.9804841750435145
510,1767151272641,12.671109843934326,11.424195051068022,11.085124953772645,11.085124953772645,11.085124953772645,0.9112114906311035,0.9055934180936211,ok,True,True,-27.948721204309603,1.2469147928663045,1.0,0.0,0.9804841750435145
511,1767151272673,16.52959005402692,14.48743205284336,14.00373761368746,14.00373761368746,14.00373761368746,0.9365288019180298,0.9241546483882663,ok,True,True,-22.661884227158914,2.0421580011835587,1.0,0.0,0.9804841750435145
512,1767151272706,22.956830887013442,19.569071353345407,18.863637465166647,18.863637465166647,18.863637465166647,0.9495154619216919,0.9393711365083217,ok,True,True,-14.95140905306544,3.387759533668035,1.0,0.0,0.9804841750435145
513,1767151272740,32.7334988279622,27.467727838115483,26.45183388260175,26.45183388260175,26.45183388260175,0.9549106359481812,0.9486948361722374,ok,True,True,-3.847568913313985,5.265770989846718,1.0,0.0,0.9804841750435145
514,1767151272773,42.648074111927016,36.5759356024024,35.43170731013274,35.43170731013274,35.43170731013274,0.9545249938964844,0.9521929308067856,ok,True,True,8.658980586055927,6.072138509524613,1.0,0.0,0.9804841750435145
515,1767151272806,52.49871602295119,46.12960385473168,44.96786342040492,44.96786342040492,44.96786342040492,0.9491152167320251,0.9503463023619293,ok,True,True,21.3569398530017,6.369112168219516,1.0,0.0,0.9804841750435145
516,1767151272839,57.54542360226701,52.97909570325288,52.164443303131065,52.164443303131065,52.164443303131065,0.926873505115509,0.9362626240140771,ok,True,True,30.261186178439388,4.5663278990141265,1.0,0.0,0.9804841750435145
517,1767151272906,59.703789904035524,57.013912223722464,56.585258535531395,56.585258535531395,56.585258535531395,0.9289931654930115,0.9319009489014378,ok,True,True,34.94642128900909,2.68987768031306,1.0,0.0,0.9804841750435145
518,1767151272942,56.515523863191994,56.71487920740418,56.83042085014381,56.83042085014381,56.83042085014381,0.9533179998397827,0.9447511794644448,ok,True,True,33.68353757609605,0.19935534421218648,1.0,0.0,0.9804841750435145
519,1767151272973,49.311996015667624,52.27314929236225,52.90707989313214,52.90707989313214,52.90707989313214,0.9566535949707031,0.9518926287681998,ok,True,True,26.75460172364688,2.961153276694624,1.0,0.0,0.9804841750435145
520,1767151273006,40.70640539136615,45.33310295176459,46.27794005226717,46.27794005226717,46.27794005226717,0.8897436857223511,0.9146032629406906,ok,True,True,16.427421347047904,4.626697560398441,1.0,0.0,0.9804841750435145
521,1767151273040,34.180810386217345,38.64172741243624,39.55509110191802,39.55509110191802,39.55509110191802,0.9351822137832642,0.9269506334462347,ok,True,True,6.444249046026908,4.460917026218894,1.0,0.0,0.9804841750435145
522,1767151273073,24.94071954263562,30.42112269055587,31.46450597554223,31.46450597554223,31.46450597554223,0.909783124923706,0.9166501283327175,ok,True,True,-4.960052690485108,5.480403147920249,1.0,0.0,0.9804841750435145
523,1767151273108,17.35632718971479,22.58224539005122,23.55511003727841,23.55511003727841,23.55511003727841,0.9623816609382629,0.9440890478960449,ok,True,True,-15.59357744156371,5.22591820033643,1.0,0.0,0.9804841750435145
524,1767151273173,10.70982546337288,15.458793434044217,16.30438272570824,16.30438272570824,16.30438272570824,0.9567574262619019,0.951690074915559,ok,True,True,-24.835967621722716,4.7489679706713375,1.0,0.0,0.9804841750435145
525,1767151273208,11.001951090829436,12.78468802811535,13.085113376359063,13.085113376359063,13.085113376359063,0.8940109014511108,0.9170825708368902,ok,True,True,-28.11965193022953,1.7827369372859128,1.0,0.0,0.9804841750435145
526,1767151273240,11.95841136213787,12.288922028528862,12.273170974959688,12.273170974959688,12.273170974959688,0.8935877084732056,0.9029856534186794,ok,True,True,-27.947491066474495,0.33051066639099247,1.0,0.0,0.9804841750435145
527,1767151273273,13.97101371168412,13.298177038422018,13.079809178734136,13.079809178734136,13.079809178734136,0.9097914695739746,0.9070691431118565,ok,True,True,-25.560704736588555,0.6728366732621023,1.0,0.0,0.9804841750435145
528,1767151273306,17.755445236324793,15.972537957163684,15.554599648809738,15.554599648809738,15.554599648809738,0.9403079748153687,0.9270124421339638,ok,True,True,-20.99258998499168,1.7829072791611082,1.0,0.0,0.9804841750435145
529,1767151273341,23.00945350141874,20.194687283716718,19.598726910126324,19.598726910126324,19.598726910126324,0.9333541989326477,0.9308174962131741,ok,True,True,-14.478673171077862,2.8147662177020223,1.0,0.0,0.9804841750435145
530,1767151273373,29.84714612889723,25.986162590825025,25.219420157119476,25.219420157119476,25.219420157119476,0.9399778246879578,0.9363136932980443,ok,True,True,-6.098088400372102,3.8609835380722046,1.0,0.0,0.9804841750435145
531,1767151273406,38.471277661244955,33.47723163307698,32.53292085824427,32.53292085824427,32.53292085824427,0.9417824745178223,0.939594962029911,ok,True,True,4.223339174895667,4.994046028167972,1.0,0.0,0.9804841750435145
532,1767151273439,47.7911185482395,42.06556378217449,41.01737157413328,41.01737157413328,41.01737157413328,0.9491468667984009,0.9453261048910049,ok,True,True,15.680203004680964,5.7255547660650095,1.0,0.0,0.9804841750435145
533,1767151273474,54.65627195025147,49.61998868302068,48.7182152817037,48.7182152817037,48.7182152817037,0.9447103142738342,0.9449566305207026,ok,True,True,25.536692096044966,5.036283267230793,1.0,0.0,0.9804841750435145
534,1767151273506,60.25810328231722,56.002857442598604,55.28484671766282,55.28484671766282,55.28484671766282,0.9277952909469604,0.9346598267764572,ok,True,True,33.38463357167094,4.255245839718619,1.0,0.0,0.9804841750435145
535,1767151273540,63.95208322269507,60.772392910656485,60.28414560742793,60.28414560742793,60.28414560742793,0.9091277122497559,0.9193405580604364,ok,True,True,38.721233887373266,3.1796903120385878,1.0,0.0,0.9804841750435145
536,1767151273574,62.25334867516798,61.66096636936338,61.65135561153051,61.65135561153051,61.65135561153051,0.9190300703048706,0.9191542654070969,ok,True,True,38.826280598222205,0.5923823058045983,1.0,0.0,0.9804841750435145
537,1767151273606,60.2521662835535,60.81568631787745,61.053394399640446,61.053394399640446,61.053394399640446,0.9571206569671631,0.9419341003431366,ok,True,True,36.228103371654804,0.5635200343239504,1.0,0.0,0.9804841750435145
538,1767151273640,53.93271674951534,56.68590457686018,57.308120649319235,57.308120649319235,57.308120649319235,0.9439466595649719,0.9431416358762378,ok,True,True,29.42720868823725,2.7531878273448385,1.0,0.0,0.9804841750435145
539,1767151273678,44.80790598454233,49.55910542146947,50.53342058225214,50.53342058225214,50.53342058225214,0.898551881313324,0.9163877831384896,ok,True,True,18.777829653792512,4.751199436927138,1.0,0.0,0.9804841750435145
540,1767151273706,35.21759543460402,40.9541994293502,42.09315931833833,42.09315931833833,42.09315931833833,0.9193875789642334,0.9181876606339359,ok,True,True,6.328864420489348,5.736603994746176,1.0,0.0,0.9804841750435145
541,1767151273740,25.05789049500354,31.416414068742203,32.63155186255909,32.63155186255909,32.63155186255909,0.9192245006561279,0.9188097646472511,ok,True,True,-6.952734251381674,6.358523573738662,1.0,0.0,0.9804841750435145
542,1767151273776,15.961626751191636,22.14354167821186,23.288205052289932,23.288205052289932,23.288205052289932,0.9432143568992615,0.9334525199984574,ok,True,True,-19.46403924597042,6.181914927020225,1.0,0.0,0.9804841750435145
543,1767151273807,10.297229912308925,15.035754618670099,15.884370501368547,15.884370501368547,15.884370501368547,0.9530721306800842,0.9452242864074334,ok,True,True,-28.7395104212788,4.738524706361174,1.0,0.0,0.9804841750435145
544,1767151273840,8.481801441356208,11.103382712281764,11.530054426412313,11.530054426412313,11.530054426412313,0.9135845303535461,0.926240432775101,ok,True,True,-33.40308232280029,2.6215812709255566,1.0,0.0,0.9804841750435145
545,1767151273873,9.540110265512634,10.165419244220285,10.193454671224778,10.193454671224778,10.193454671224778,0.9007907509803772,0.9109706236982668,ok,True,True,-33.70951282966371,0.6253089787076505,1.0,0.0,0.9804841750435145
546,1767151273906,10.050485255073447,10.096458850732184,9.981877629095957,9.981877629095957,9.981877629095957,0.8953496813774109,0.9015980583057532,ok,True,True,-32.45712663210759,0.0459735956587366,1.0,0.0,0.9804841750435145
547,1767151273940,11.4266390382137,10.894566963221093,10.671957563109789,10.671957563109789,10.671957563109789,0.8943777680397034,0.8972658841461234,ok,True,True,-30.023979767687173,0.5320720749926071,1.0,0.0,0.9804841750435145
548,1767151273977,15.127533024586466,13.434346600040318,13.014350705786876,13.014350705786876,13.014350705786876,0.9112193584442139,0.9056379687249777,ok,True,True,-25.43337536076968,1.6931864245461483,1.0,0.0,0.9804841750435145
549,1767151274006,19.532291836318276,17.09311374180709,16.5432801157114,16.5432801157114,16.5432801157114,0.9309319853782654,0.9208143787169503,ok,True,True,-19.423629309530494,2.4391780945111847,1.0,0.0,0.9804841750435145
550,1767151274040,26.860485163207567,22.953536594647375,22.165850922615345,22.165850922615345,22.165850922615345,0.9326527714729309,0.9279174143705387,ok,True,True,-10.814132486416337,3.9069485685601926,1.0,0.0,0.9804841750435145
551,1767151274073,37.171902548467344,31.484556166939356,30.404298171440388,30.404298171440388,30.404298171440388,0.9254820942878723,0.9264562223209388,ok,True,True,0.9932141629129578,5.687346381527988,1.0,0.0,0.9804841750435145
552,1767151274107,48.03021924772498,41.41195401541073,40.18712417607085,40.18712417607085,40.18712417607085,0.9487143754959106,0.9398111142259219,ok,True,True,14.380748029624334,6.618265232314251,1.0,0.0,0.9804841750435145
553,1767151274140,55.65348083843775,49.95687010922694,48.92000341544268,48.92000341544268,48.92000341544268,0.9488188624382019,0.9452157631532899,ok,True,True,25.71382265963426,5.696610729210811,1.0,0.0,0.9804841750435145
554,1767151274173,60.321048113353356,56.17537691170279,55.46129172043748,55.46129172043748,55.46129172043748,0.9390820860862732,0.9415355569130799,ok,True,True,33.51885759161611,4.145671201650565,1.0,0.0,0.9804841750435145
555,1767151274240,60.70664842415282,58.89413981917281,58.63570930907689,58.63570930907689,58.63570930907689,0.9122994542121887,0.9239938952925453,ok,True,True,36.34353339145228,1.8125086049800103,1.0,0.0,0.9804841750435145
556,1767151274273,55.80390588068652,57.039999456081034,57.35329657721094,57.35329657721094,57.35329657721094,0.968150794506073,0.9504880348206619,ok,True,True,32.919159094913006,1.2360935753945128,1.0,0.0,0.9804841750435145
557,1767151274307,48.460309691564134,51.8921855973709,52.62414680853438,52.62414680853438,52.62414680853438,0.931951105594635,0.9393658772850457,ok,True,True,24.91873716785463,3.4318759058067627,1.0,0.0,0.9804841750435145
558,1767151274342,38.2478901801719,43.705608347051495,44.79367730670308,44.79367730670308,44.79367730670308,0.9153503775596619,0.9249565774498154,ok,True,True,13.026015763791113,5.457718166879594,1.0,0.0,0.9804841750435145
559,1767151274373,28.775888555259026,34.74777647197601,35.917422824647744,35.917422824647744,35.917422824647744,0.922798216342926,0.9236615607856817,ok,True,True,0.24164388164660622,5.971887916716984,1.0,0.0,0.9804841750435145
560,1767151274407,19.767811945068225,25.75979775583134,26.894352658281566,26.894352658281566,26.894352658281566,0.9369825124740601,0.9316541317987087,ok,True,True,-12.159174331911872,5.991985810763115,1.0,0.0,0.9804841750435145
561,1767151274441,12.879812879856061,18.031806830246172,18.975688916835463,18.975688916835463,18.975688916835463,0.9754860997200012,0.9579533125514842,ok,True,True,-22.475916294376347,5.151993950390111,1.0,0.0,0.9804841750435145
562,1767151274473,9.307291404990133,12.797097575092549,13.403052691877459,13.403052691877459,13.403052691877459,0.9487910866737366,0.9524559770248355,ok,True,True,-29.099076824199116,3.4898061701024155,1.0,0.0,0.9804841750435145
563,1767151274507,9.085840776369519,10.57034349585873,10.7782371922367,10.7782371922367,10.7782371922367,0.9070687294006348,0.925223628450315,ok,True,True,-31.371379320059184,1.4845027194892104,1.0,0.0,0.9804841750435145
564,1767151274540,10.03529504429656,10.249314424921428,10.191637368794797,10.191637368794797,10.191637368794797,0.866851270198822,0.8902002134994192,ok,True,True,-30.740962328713152,0.21401938062486714,1.0,0.0,0.9804841750435145
565,1767151274573,10.506128357676902,10.403402784574713,10.265405474688977,10.265405474688977,10.265405474688977,0.9061235785484314,0.8997542325288266,ok,True,True,-29.232635538923294,0.10272557310218922,1.0,0.0,0.9804841750435145
566,1767151274607,13.805180059865606,12.44446914974925,12.092520066665434,12.092520066665434,12.092520066665434,0.9262447357177734,0.9156485344421946,ok,True,True,-25.385790762768938,1.3607109101163566,1.0,0.0,0.9804841750435145
567,1767151274640,19.485772893439677,16.669251395963506,16.06401834770182,16.06401834770182,16.06401834770182,0.9558311104774475,0.9397580800633464,ok,True,True,-18.770522526633215,2.8165214974761703,1.0,0.0,0.9804841750435145
568,1767151274673,28.189091230208135,23.581155296510282,22.672364379857164,22.672364379857164,22.672364379857164,0.9487386345863342,0.9451464127771391,ok,True,True,-8.83733116920317,4.607935933697853,1.0,0.0,0.9804841750435145
569,1767151274707,40.289482095801624,33.60615137608509,32.35299404786494,32.35299404786494,32.35299404786494,0.9354344606399536,0.9393192414948278,ok,True,True,4.859825474944714,6.683330719716537,1.0,0.0,0.9804841750435145
570,1767151274740,50.08861062839475,43.49562692747088,42.27011740607735,42.27011740607735,42.27011740607735,0.9241988658905029,0.9302470161322329,ok,True,True,18.254788346257143,6.592983700923867,1.0,0.0,0.9804841750435145
571,1767151274773,58.20635007548299,52.32206081627814,51.2681113348957,51.2681113348957,51.2681113348957,0.9148988127708435,0.9210380941153993,ok,True,True,29.77457984922605,5.884289259204849,1.0,0.0,0.9804841750435145
572,1767151274807,61.94415345784863,58.09531640122043,57.44412442834549,57.44412442834549,57.44412442834549,0.9025744795799255,0.9099599253941151,ok,True,True,36.8921845242496,3.8488370566281986,1.0,0.0,0.9804841750435145
573,1767151274840,63.241195151944666,61.18284365165498,60.902825462900296,60.902825462900296,60.902825462900296,0.9042735695838928,0.9065481119079817,ok,True,True,39.952816184945284,2.058351500289689,1.0,0.0,0.9804841750435145
574,1767151274873,62.119315037056815,61.744726482896084,61.799397938888305,61.799397938888305,61.799397938888305,0.9021515846252441,0.9039101955383391,ok,True,True,39.35525075574837,0.3745885541607308,1.0,0.0,0.9804841750435145
575,1767151274907,58.86455805846155,60.01662542823536,60.362004169384186,60.362004169384186,60.362004169384186,0.9298644661903381,0.9194827579295385,ok,True,True,35.580220587913765,1.1520673697738104,1.0,0.0,0.9804841750435145
576,1767151274941,52.269747877986966,55.36849889808632,56.05817203709581,56.05817203709581,56.05817203709581,0.9213230013847351,0.9205869040026564,ok,True,True,28.042012251622094,3.098751020099357,1.0,0.0,0.9804841750435145
577,1767151274975,43.060502990228,47.98370135337133,48.989186198845026,48.989186198845026,48.989186198845026,0.8681038618087769,0.8890970786863287,ok,True,True,17.05194490602335,4.923198363143328,1.0,0.0,0.9804841750435145
578,1767151275007,33.76645040280057,39.453350783028874,40.58104788694502,40.58104788694502,40.58104788694502,0.9078490138053894,0.9003482397577651,ok,True,True,4.726083235143122,5.686900380228302,1.0,0.0,0.9804841750435145
579,1767151275044,23.80359749094099,30.063498807776146,31.254906602826352,31.254906602826352,31.254906602826352,0.9236977100372314,0.914357921925445,ok,True,True,-8.296143765706917,6.259901316835155,1.0,0.0,0.9804841750435145
580,1767151275073,14.940646878603843,20.989787650272763,22.104577167202997,22.104577167202997,22.104577167202997,0.9241269826889038,0.9202193583835202,ok,True,True,-20.48092399624226,6.04914077166892,1.0,0.0,0.9804841750435145
581,1767151275107,10.805823227506957,14.879408996613279,15.60959057916196,15.60959057916196,15.60959057916196,0.9515623450279236,0.9390251503701622,ok,True,True,-28.461894373717577,4.073585769106321,1.0,0.0,0.9804841750435145
582,1767151275140,9.59458352232056,11.708513712037647,12.038014529408647,12.038014529408647,12.038014529408647,0.9283349514007568,0.9326110309885189,ok,True,True,-32.0633769715295,2.1139301897170863,1.0,0.0,0.9804841750435145
583,1767151275207,12.282894494957228,12.053142181789395,11.932171239731765,11.932171239731765,11.932171239731765,0.8803232908248901,0.9012383868903417,ok,True,True,-30.74115037999142,0.2297523131678325,1.0,0.0,0.9804841750435145
584,1767151275240,13.923362543484659,13.175274398806554,12.922172499743533,12.922172499743533,12.922172499743533,0.8893014788627625,0.8940762420737941,ok,True,True,-27.97471692400921,0.7480881446781051,1.0,0.0,0.9804841750435145
585,1767151275274,16.746126709808248,15.31778578540757,14.946348105995733,14.946348105995733,14.946348105995733,0.9126817584037781,0.9052395518717845,ok,True,True,-23.91485950317869,1.4283409244006773,1.0,0.0,0.9804841750435145
586,1767151275307,22.215786540838778,19.456586238666297,18.864246434438794,18.864246434438794,18.864246434438794,0.9455960988998413,0.9294534800886186,ok,True,True,-17.44051593724241,2.7592003021724807,1.0,0.0,0.9804841750435145
587,1767151275340,30.003611621969497,25.78480146864822,24.94754081809274,24.94754081809274,24.94754081809274,0.9218835234642029,0.9249115061139692,ok,True,True,-8.289158781690636,4.218810153321279,1.0,0.0,0.9804841750435145
588,1767151275374,37.761159733606206,32.970616427623014,32.04435242805603,32.04435242805603,32.04435242805603,0.9266713857650757,0.9259674339046331,ok,True,True,1.8350154222965678,4.790543305983192,1.0,0.0,0.9804841750435145
589,1767151275407,45.776929933776714,40.65440453131524,39.700294287017655,39.700294287017655,39.700294287017655,0.9160315990447998,0.9200059329887331,ok,True,True,12.263552348694649,5.122525402461477,1.0,0.0,0.9804841750435145
590,1767151275441,51.34158749236351,47.066714307944196,46.29019774057662,46.29019774057662,46.29019774057662,0.9015392065048218,0.9089258970983862,ok,True,True,20.75096954723267,4.274873184419313,1.0,0.0,0.9804841750435145
591,1767151275474,55.4654567197976,52.10595975505623,51.534081542487876,51.534081542487876,51.534081542487876,0.9088637828826904,0.9088886285689688,ok,True,True,27.001665515351363,3.3594969647413677,1.0,0.0,0.9804841750435145
592,1767151275507,56.33514944963851,54.6434735718056,54.39689748399549,54.39689748399549,54.39689748399549,0.8946172595024109,0.9003258071290341,ok,True,True,29.69677108859422,1.6916758778329068,1.0,0.0,0.9804841750435145
593,1767151275540,53.372403151766726,53.880831319782274,54.04890592572686,54.04890592572686,54.04890592572686,0.9553799629211426,0.9333583006042991,ok,True,True,27.859695923581945,0.5084281680155485,1.0,0.0,0.9804841750435145
594,1767151275575,48.80704651190831,50.83656043505789,51.29872275051042,51.29872275051042,51.29872275051042,0.9452446699142456,0.9404901221902671,ok,True,True,22.808207585109447,2.0295139231495796,1.0,0.0,0.9804841750435145
595,1767151275616,40.99768616033454,44.93323587022388,45.72851632154341,45.72851632154341,45.72851632154341,0.8837867975234985,0.906468127390206,ok,True,True,14.115698933204156,3.9355497098893437,1.0,0.0,0.9804841750435145
596,1767151275642,31.46324547001111,36.85124163009622,37.894515683259506,37.894515683259506,37.894515683259506,0.9009311199188232,0.9031459229073764,ok,True,True,2.7125911133357157,5.387996160085109,1.0,0.0,0.9804841750435145
597,1767151275676,22.30955433835105,28.126229255049118,29.226523925208397,29.226523925208397,29.226523925208397,0.8881894946098328,0.8941720659288501,ok,True,True,-9.313758741153663,5.816674916698069,1.0,0.0,0.9804841750435145
598,1767151275707,13.684371043395615,19.461114328057015,20.516347339602504,20.516347339602504,20.516347339602504,0.9256983995437622,0.9130878660977974,ok,True,True,-20.84757937941537,5.7767432846614,1.0,0.0,0.9804841750435145
599,1767151275740,7.780281529352052,12.452614648834038,13.275021359897053,13.275021359897053,13.275021359897053,0.9442704319953918,0.931797405636354,ok,True,True,-29.836581233338777,4.672333119481985,1.0,0.0,0.9804841750435145
600,1767151275774,7.2338305076132094,9.321344164101541,9.651601386389482,9.651601386389482,9.651601386389482,0.8747393488883972,0.8975625715875799,ok,True,True,-33.44633142565015,2.0875136564883316,1.0,0.0,0.9804841750435145
601,1767151275807,7.476069252911843,8.214179217387723,8.250177241851514,8.250177241851514,8.250177241851514,0.9161021709442139,0.9086863312015603,ok,True,True,-33.83979405708264,0.7381099644758802,1.0,0.0,0.9804841750435145
602,1767151275842,8.111431572690208,8.152530630569213,8.037537367402045,8.037537367402045,8.037537367402045,0.917752742767334,0.9141261781410245,ok,True,True,-32.58290419724398,0.041099057879005585,1.0,0.0,0.9804841750435145
603,1767151275874,9.761796534936067,9.118090173189326,8.876278216461097,8.876278216461097,8.876278216461097,0.8962537050247192,0.9034026942712413,ok,True,True,-29.93987113575387,0.6437063617467409,1.0,0.0,0.9804841750435145
604,1767151275907,11.311370454278295,10.434058341842707,10.148817410008464,10.148817410008464,10.148817410008464,0.8814074993133545,0.8902055772965093,ok,True,True,-26.82215428035678,0.8773121124355878,1.0,0.0,0.9804841750435145
605,1767151275941,15.085738392437571,13.225066372199624,12.781953176080536,12.781953176080536,12.781953176080536,0.9349483251571655,0.9170512260129031,ok,True,True,-21.97887505144105,1.8606720202379474,1.0,0.0,0.9804841750435145
606,1767151275974,20.402300669675164,17.531406950684946,16.919571425537605,16.919571425537605,16.919571425537605,0.9462230801582336,0.9345543385001015,ok,True,True,-15.291440968204057,2.8708937189902173,1.0,0.0,0.9804841750435145
607,1767151276007,30.1027014532235,25.074183652208077,24.10718934188632,24.10718934188632,24.10718934188632,0.9601215124130249,0.9498946428478555,ok,True,True,-4.7220796883328315,5.028517801015422,1.0,0.0,0.9804841750435145
608,1767151276041,42.59930796041665,35.58925823713322,34.290218754653964,34.290218754653964,34.290218754653964,0.9538742899894714,0.9522824311328251,ok,True,True,9.476574285723858,7.01004972328343,1.0,0.0,0.9804841750435145
609,1767151276074,50.8165740363446,44.72564771666005,43.59624196644755,43.59624196644755,43.59624196644755,0.951156735420227,0.9516070137052662,ok,True,True,21.821111661117406,6.090926319684549,1.0,0.0,0.9804841750435145
610,1767151276115,55.903955517161755,51.43263239696107,50.63922028412014,50.63922028412014,50.63922028412014,0.9376906752586365,0.9432572106372884,ok,True,True,30.49319915421898,4.471323120200687,1.0,0.0,0.9804841750435145
611,1767151276141,58.19260244620629,55.4886144265082,55.06083222178553,55.06083222178553,55.06083222178553,0.9214727282524109,0.9301865212063618,ok,True,True,35.16890884821834,2.7039880196980874,1.0,0.0,0.9804841750435145
612,1767151276176,56.515276727715865,56.1046118072328,56.11895516853382,56.11895516853382,56.11895516853382,0.8974286913871765,0.9105318233148507,ok,True,True,35.01213422613417,0.4106649204830646,1.0,0.0,0.9804841750435145
613,1767151276208,51.96658736415446,53.6217971413858,54.03074855649412,54.03074855649412,54.03074855649412,0.9614916443824768,0.9411077159554263,ok,True,True,30.542247272242815,1.6552097772313417,1.0,0.0,0.9804841750435145
614,1767151276243,45.08175508143873,48.49777190541756,49.2289111663988,49.2289111663988,49.2289111663988,0.9387018084526062,0.9396641714537342,ok,True,True,22.550809357124702,3.416016823978829,1.0,0.0,0.9804841750435145
615,1767151276282,36.952584181745415,41.57065927121427,42.50926299167936,42.50926299167936,42.50926299167936,0.9381035566329956,0.9387278025612911,ok,True,True,12.291760555766373,4.618075089468853,1.0,0.0,0.9804841750435145
616,1767151276314,26.97013859923188,32.81034686802484,33.93853592134997,33.93853592134997,33.93853592134997,0.9341533184051514,0.9359831120676072,ok,True,True,-0.039478179879800734,5.840208268792956,1.0,0.0,0.9804841750435145
617,1767151276345,18.214324089464526,24.05273320088865,25.155905156410363,25.155905156410363,25.155905156410363,0.8813117146492004,0.9031802736165631,ok,True,True,-12.09727710100406,5.838409111424124,1.0,0.0,0.9804841750435145
618,1767151276374,11.600927022250453,16.581649493705733,17.493586824558562,17.493586824558562,17.493586824558562,0.955767810344696,0.9347327956534428,ok,True,True,-22.064859134840244,4.98072247145528,1.0,0.0,0.9804841750435145
619,1767151276407,7.845163212840623,11.339757725186669,11.944478437603824,11.944478437603824,11.944478437603824,0.9515781402587891,0.9448400024166506,ok,True,True,-28.674527480077238,3.494594512346046,1.0,0.0,0.9804841750435145
620,1767151276441,7.783614984611452,9.206072080841539,9.405020391193982,9.405020391193982,9.405020391193982,0.9141225218772888,0.9264095140930335,ok,True,True,-30.849055857017994,1.4224570962300866,1.0,0.0,0.9804841750435145
621,1767151276474,8.28238610146756,8.651860493217152,8.621152889968872,8.621152889968872,8.621152889968872,0.9156713485717773,0.9199666147802799,ok,True,True,-30.513418150254214,0.3694743917495913,1.0,0.0,0.9804841750435145
622,1767151276507,9.524109680267513,9.175210005447369,8.99985726510979,8.99985726510979,8.99985726510979,0.905983567237854,0.9115767862548243,ok,True,True,-28.596792122303118,0.34889967482014406,1.0,0.0,0.9804841750435145
623,1767151276541,10.893159755303245,10.205979855360894,9.964982694307103,9.964982694307103,9.964982694307103,0.8935285210609436,0.9007478271384959,ok,True,True,-25.96266487314354,0.6871798999423504,1.0,0.0,0.9804841750435145
624,1767151276574,13.948708298129409,12.451616921022001,12.077505984994476,12.077505984994476,12.077505984994476,0.9328571557998657,0.9200134243353177,ok,True,True,-21.873588443821014,1.4970913771074077,1.0,0.0,0.9804841750435145
625,1767151276607,19.942686157443696,16.94625846287502,16.321500127922903,16.321500127922903,16.321500127922903,0.9264237880706787,0.9238596425765343,ok,True,True,-15.044906533042731,2.996427694568677,1.0,0.0,0.9804841750435145
626,1767151276641,25.64419929643884,22.16502296301331,21.456878173425075,21.456878173425075,21.456878173425075,0.9521507024765015,0.9408342785165146,ok,True,True,-7.304800888443858,3.479176333425528,1.0,0.0,0.9804841750435145
627,1767151276675,36.077270556656764,30.512371519199384,29.474545117183908,29.474545117183908,29.474545117183908,0.959210991859436,0.9518603065222675,ok,True,True,4.038763465146324,5.56489903745738,1.0,0.0,0.9804841750435145
628,1767151276707,46.24256765482171,39.950489200572775,38.79633188787071,38.79633188787071,38.79633188787071,0.9593179821968079,0.9563349119269917,ok,True,True,16.6538383229233,6.292078454248937,1.0,0.0,0.9804841750435145
629,1767151276742,53.59056055648451,48.13453201411981,47.15428497355845,47.15428497355845,47.15428497355845,0.9494913220405579,0.9522287579951314,ok,True,True,27.368053499401725,5.456028542364699,1.0,0.0,0.9804841750435145
630,1767151276774,59.41710700439044,54.90407700828219,54.14096563680401,54.14096563680401,54.14096563680401,0.9387375116348267,0.9441340101789486,ok,True,True,35.7089503338899,4.513029996108251,1.0,0.0,0.9804841750435145
631,1767151276807,60.39790724642915,58.20037515117036,57.8801639909963,57.8801639909963,57.8801639909963,0.936540961265564,0.9395781808309178,ok,True,True,39.2088958884819,2.1975320952587865,1.0,0.0,0.9804841750435145
632,1767151276841,58.981165771837375,58.66884952357057,58.726692626246155,58.726692626246155,58.726692626246155,0.936216413974762,0.9375611207172243,ok,True,True,38.57666398887173,0.3123162482668036,1.0,0.0,0.9804841750435145
633,1767151276875,54.50398477092676,56.16993067198429,56.5987950774331,56.5987950774331,56.5987950774331,0.9732176065444946,0.9589550122135865,ok,True,True,33.88912571394907,1.6659459010575262,1.0,0.0,0.9804841750435145
634,1767151276910,48.12832053707447,51.3449645910384,52.05740045581766,52.05740045581766,52.05740045581766,0.9437823295593262,0.9498514026210303,ok,True,True,26.102118113993377,3.2166440539639254,1.0,0.0,0.9804841750435145
635,1767151276944,38.095821399640045,43.39547867619939,44.45931000204078,44.45931000204078,44.45931000204078,0.9300445318222046,0.9379672801417348,ok,True,True,14.474316891542836,5.299657276559344,1.0,0.0,0.9804841750435145
636,1767151276974,27.0777229940607,33.60482526691618,34.87010274437753,34.87010274437753,34.87010274437753,0.9213031530380249,0.9279688038795089,ok,True,True,0.64468559399843,6.52710227285548,1.0,0.0,0.9804841750435145
637,1767151277009,17.90618638208954,24.185641936020197,25.3804944782661,25.3804944782661,25.3804944782661,0.940116286277771,0.9352572933184662,ok,True,True,-12.415192897910597,6.2794555539306565,1.0,0.0,0.9804841750435145
638,1767151277188,11.29915736388825,16.45375119274103,17.403845682598323,17.403845682598323,17.403845682598323,0.9649723768234253,0.9530863434214416,ok,True,True,-22.799837157063813,5.15459382885278,1.0,0.0,0.9804841750435145
639,1767151277215,10.112631206314648,12.6490792008852,13.094921300448888,13.094921300448888,13.094921300448888,0.945810079574585,0.9487205851133276,ok,True,True,-27.672943620841206,2.536447994570553,1.0,0.0,0.9804841750435145
640,1767151277241,10.878992570450796,11.587027222624558,11.652368596625998,11.652368596625998,11.652368596625998,0.898549497127533,0.9186179323218508,ok,True,True,-28.387132505897416,0.7080346521737617,1.0,0.0,0.9804841750435145
641,1767151277264,11.698131727081897,11.653689925298961,11.547936270591848,11.547936270591848,11.547936270591848,0.9262238144874573,0.9231814616212146,ok,True,True,-27.231232650711792,0.044441801782936,1.0,0.0,0.9804841750435145
642,1767151277290,13.689980443970054,12.875464236501617,12.625997631313664,12.625997631313664,12.625997631313664,0.890693724155426,0.9036888191417415,ok,True,True,-24.504533383352996,0.8145162074684364,1.0,0.0,0.9804841750435145
643,1767151277312,17.149629974285354,15.439963679171859,15.034744978036212,15.034744978036212,15.034744978036212,0.9355102777481079,0.9227816943055613,ok,True,True,-20.075445431183226,1.7096662951134949,1.0,0.0,0.9804841750435145
644,1767151277340,24.277155041895394,20.74227849680598,20.030596307464133,20.030596307464133,20.030596307464133,0.9560245275497437,0.9427273942520707,ok,True,True,-12.296675592195443,3.534876545089414,1.0,0.0,0.9804841750435145
645,1767151277367,33.333244902494876,28.296858340219316,27.328544363097624,27.328544363097624,27.328544363097624,0.9428202509880066,0.9427831082936323,ok,True,True,-1.7128901993499852,5.03638656227556,1.0,0.0,0.9804841750435145
646,1767151277389,45.4395325354955,38.582462857385025,37.32008124567903,37.32008124567903,37.32008124567903,0.9128738045692444,0.9248375260589996,ok,True,True,12.085088945684655,6.857069678110477,1.0,0.0,0.9804841750435145
647,1767151277413,54.24361892582097,47.97915649844659,46.834494622281476,46.834494622281476,46.834494622281476,0.9195495843887329,0.9216647610568396,ok,True,True,24.596377567909045,6.264462427374376,1.0,0.0,0.9804841750435145
648,1767151277439,60.03827340263308,55.214626640958485,54.370854069530395,54.370854069530395,54.370854069530395,0.9405224323272705,0.9329793638190981,ok,True,True,33.81891078271355,4.8236467616745955,1.0,0.0,0.9804841750435145
649,1767151277468,62.40318174174137,59.527759701428224,59.0780296037421,59.0780296037421,59.0780296037421,0.9141541719436646,0.9216842486938379,ok,True,True,38.73451352219061,2.875422040313147,1.0,0.0,0.9804841750435145
650,1767151277495,60.20538871052547,59.934337106886574,59.9828683615147,59.9828683615147,59.9828683615147,0.940226674079895,0.9328097039254721,ok,True,True,38.204061214400525,0.27105160363889524,1.0,0.0,0.9804841750435145
651,1767151277520,56.16312016890683,57.67160694409873,58.07168575740445,58.07168575740445,58.07168575740445,0.9626208543777466,0.9506963941968367,ok,True,True,33.831152839331295,1.5084867751918978,1.0,0.0,0.9804841750435145
652,1767151277544,49.2560801773595,52.62229088405519,53.35633731398247,53.35633731398247,53.35633731398247,0.9518173336982727,0.9513689578976983,ok,True,True,25.807939226502945,3.3662107066956892,1.0,0.0,0.9804841750435145
653,1767151277647,40.499639207896855,45.34869987836019,46.338414477785605,46.338414477785605,46.338414477785605,0.9384964108467102,0.9436454296671054,ok,True,True,14.990242520707914,4.849060670463338,1.0,0.0,0.9804841750435145
654,1767151277680,30.975923047770042,36.7250337800061,37.8537154609492,37.8537154609492,37.8537154609492,0.914474606513977,0.9261429357752283,ok,True,True,2.6536193073918692,5.749110732236058,1.0,0.0,0.9804841750435145
655,1767151277705,21.8889125159713,27.82336102158522,28.952684770537168,28.952684770537168,28.952684770537168,0.9252804517745972,0.9256254453748496,ok,True,True,-9.690021784601733,5.934448505613922,1.0,0.0,0.9804841750435145
656,1767151277730,13.524319212251163,19.243935935984787,20.29144546521408,20.29144546521408,20.29144546521408,0.9393646717071533,0.9338689811742319,ok,True,True,-21.1394238548665,5.719616723733624,1.0,0.0,0.9804841750435145
657,1767151277752,8.499014714635353,12.796983203175127,13.554769969107776,13.554769969107776,13.554769969107776,0.9601340889930725,0.9496280458655362,ok,True,True,-29.422122125947652,4.297968488539775,1.0,0.0,0.9804841750435145
658,1767151277779,8.659480354018903,10.314481493681392,10.566661847506747,10.566661847506747,10.566661847506747,0.9188394546508789,0.9311548911367418,ok,True,True,-32.17848298434717,1.6550011396624882,1.0,0.0,0.9804841750435145
659,1767151277803,9.202264574972405,9.647151342455999,9.630063778706276,9.630063778706276,9.630063778706276,0.9225633144378662,0.9259999451174165,ok,True,True,-31.99171390749132,0.44488676748359346,1.0,0.0,0.9804841750435145
660,1767151277837,10.363151863731897,10.076751655221539,9.907882433352578,9.907882433352578,9.907882433352578,0.9140697717666626,0.9188418411069641,ok,True,True,-30.145953497184568,0.28640020851035786,1.0,0.0,0.9804841750435145
661,1767151277864,13.15201249113272,11.921908156768247,11.584980627276899,11.584980627276899,11.584980627276899,0.9185805916786194,0.9186850914499574,ok,True,True,-26.463296064439604,1.2301043343644729,1.0,0.0,0.9804841750435145
662,1767151277891,16.63039833894051,14.747002266071604,14.295651319641843,14.295651319641843,14.295651319641843,0.9067704677581787,0.9115363172348903,ok,True,True,-21.529977258002567,1.883396072868905,1.0,0.0,0.9804841750435145
663,1767151277930,21.52984191116734,18.816706053129046,18.23203131754287,18.23203131754287,18.23203131754287,0.9481226801872253,0.9334881350062914,ok,True,True,-15.139413791742621,2.7131358580382923,1.0,0.0,0.9804841750435145
664,1767151277958,30.436478029412598,25.788569238899175,24.88888942042631,24.88888942042631,24.88888942042631,0.9514891505241394,0.9442887443170003,ok,True,True,-5.305807806527882,4.647908790513423,1.0,0.0,0.9804841750435145
665,1767151277989,42.53546654486247,35.83670762247715,34.59512234187389,34.59512234187389,34.59512234187389,0.9317365884780884,0.9367574508136531,ok,True,True,8.264864999292056,6.6987589223853234,1.0,0.0,0.9804841750435145
666,1767151278019,52.69945325027028,45.954354999153026,44.71733903008416,44.71733903008416,44.71733903008416,0.9553209543228149,0.9478955529191502,ok,True,True,21.78559469387357,6.7450982511172555,1.0,0.0,0.9804841750435145
667,1767151278052,58.67944209216841,53.58940725496225,52.68027474438084,52.68027474438084,52.68027474438084,0.9464755654335022,0.9470435604277614,ok,True,True,31.722519713022887,5.090034837206154,1.0,0.0,0.9804841750435145
668,1767151278086,63.89200631264935,59.77096668957451,59.097614647157584,59.097614647157584,59.097614647157584,0.9051111936569214,0.9218841403652573,ok,True,True,39.08233654842447,4.121039623074843,1.0,0.0,0.9804841750435145
669,1767151278128,64.24511692934297,62.45545683343558,62.226094791012926,62.226094791012926,62.226094791012926,0.9235354065895081,0.9228749000998078,ok,True,True,41.58929058566959,1.7896600959073865,1.0,0.0,0.9804841750435145
670,1767151278158,61.85171329510346,62.09321071043631,62.26276245304153,62.26276245304153,62.26276245304153,0.93389892578125,0.9294893155086732,ok,True,True,39.73607014362786,0.24149741533285152,1.0,0.0,0.9804841750435145
671,1767151278194,57.329007640555425,59.234688868507774,59.72046790497893,59.72046790497893,59.72046790497893,0.9278897643089294,0.9285295847888269,ok,True,True,34.42644827321272,1.9056812279523498,1.0,0.0,0.9804841750435145
672,1767151278225,48.357150745959,52.70816599497851,53.61885747401287,53.61885747401287,53.61885747401287,0.9251784086227417,0.9265188790891757,ok,True,True,24.472483545941802,4.351015249019511,1.0,0.0,0.9804841750435145
673,1767151278260,38.519308153663594,44.19485129018956,45.337673522486085,45.337673522486085,45.337673522486085,0.9402583837509155,0.9347625818862195,ok,True,True,11.981302447066778,5.675543136525967,1.0,0.0,0.9804841750435145
674,1767151278298,27.668267582610092,34.278901065641875,35.557703814344606,35.557703814344606,35.557703814344606,0.9280421733856201,0.9307303367858599,ok,True,True,-1.9961616522143828,6.610633483031783,1.0,0.0,0.9804841750435145
675,1767151278357,19.708085622558414,25.5364117997918,26.64742594750968,26.64742594750968,26.64742594750968,0.9302040934562683,0.930414590788105,ok,True,True,-14.13967665425319,5.828326177233386,1.0,0.0,0.9804841750435145
676,1767151278393,12.886818883237456,17.946656049859193,18.86511501679593,18.86511501679593,18.86511501679593,0.9692345261573792,0.9537065520096695,ok,True,True,-24.178540935741616,5.059837166621737,1.0,0.0,0.9804841750435145
677,1767151278434,11.117386347527809,13.849094228460363,14.31896490783778,14.31896490783778,14.31896490783778,0.9513083100318909,0.9522676068230023,ok,True,True,-29.31428259642003,2.7317078809325537,1.0,0.0,0.9804841750435145
678,1767151278468,12.656069063910445,13.133279129730411,13.156553865351604,13.156553865351604,13.156553865351604,0.9323499202728271,0.9403169948928972,ok,True,True,-29.568678187839826,0.47721006581996583,1.0,0.0,0.9804841750435145
679,1767151278505,12.823052183059788,12.947142961728037,12.860512770312102,12.860512770312102,12.860512770312102,0.919446587562561,0.9277947504946955,ok,True,True,-28.621800030392613,0.1240907786682488,1.0,0.0,0.9804841750435145
680,1767151278536,14.92324394321511,14.132803550620281,13.88432856152973,13.88432856152973,13.88432856152973,0.9060848355293274,0.9147688015154747,ok,True,True,-25.905939243335606,0.7904403925948298,1.0,0.0,0.9804841750435145
681,1767151278573,17.93527940023279,16.414289060387787,16.03555366667092,16.03555366667092,16.03555366667092,0.9309312105178833,0.9244662469169199,ok,True,True,-21.766316948830223,1.520990339845003,1.0,0.0,0.9804841750435145
682,1767151278606,23.384225829961807,20.596251122132198,20.006272771135357,20.006272771135357,20.006272771135357,0.9380185604095459,0.9325976350124956,ok,True,True,-15.317784343800302,2.7879747078296084,1.0,0.0,0.9804841750435145
683,1767151278640,31.755106719981576,27.291564480841828,26.421493898254457,26.421493898254457,26.421493898254457,0.9505680203437805,0.9433798662112666,ok,True,True,-5.807810781190581,4.463542239139748,1.0,0.0,0.9804841750435145
684,1767151278672,41.561787252938245,35.85369814409968,34.779397518234234,34.779397518234234,34.779397518234234,0.9440098404884338,0.9437578507775669,ok,True,True,5.934421119000721,5.708089108838564,1.0,0.0,0.9804841750435145
685,1767151278706,50.81743613684272,44.83194093974551,43.73209010007727,43.73209010007727,43.73209010007727,0.9439212083816528,0.9438558653400184,ok,True,True,17.95591985414351,5.985495197097215,1.0,0.0,0.9804841750435145
686,1767151278742,58.92422116026816,53.2873090720591,52.28768536099325,52.28768536099325,52.28768536099325,0.9423773884773254,0.9429687792224026,ok,True,True,28.881924312913277,5.636912088209058,1.0,0.0,0.9804841750435145
687,1767151278780,63.021210094170854,59.127649685326155,58.471712828698884,58.471712828698884,58.471712828698884,0.8966680765151978,0.9151883575980797,ok,True,True,36.05139112411909,3.8935604088446993,1.0,0.0,0.9804841750435145
688,1767151278822,63.89439145736082,61.98769474854696,61.72940753696924,61.72940753696924,61.72940753696924,0.9283159375190735,0.9230649055506759,ok,True,True,38.874500654336536,1.906696708813861,1.0,0.0,0.9804841750435145
689,1767151278854,59.783310053982184,60.66506393180809,60.9284729184485,60.9284729184485,60.9284729184485,0.9628719091415405,0.9469491077051947,ok,True,True,35.995409521689794,0.8817538778259078,1.0,0.0,0.9804841750435145
690,1767151278892,53.03541956172461,56.087277309758,56.76149630746577,56.76149630746577,56.76149630746577,0.9453921914100647,0.9460149579281167,ok,True,True,28.626116763229916,3.0518577480333917,1.0,0.0,0.9804841750435145
691,1767151278927,43.14247150558932,48.320393827256794,49.36897011988321,49.36897011988321,49.36897011988321,0.9392739534378052,0.9419703552339298,ok,True,True,17.165054843859572,5.177922321667474,1.0,0.0,0.9804841750435145
692,1767151278967,33.53641325321867,39.450005482833916,40.62088305179256,40.62088305179256,40.62088305179256,0.9373468160629272,0.9391962317313283,ok,True,True,4.367225623227048,5.913592229615247,1.0,0.0,0.9804841750435145
693,1767151279012,24.022869878969686,30.193724120515377,31.37370877000162,31.37370877000162,31.37370877000162,0.9254449009895325,0.9309454332862508,ok,True,True,-8.530145056205829,6.17085424154569,1.0,0.0,0.9804841750435145
694,1767151279048,15.545174737232756,21.404594490545804,22.48547745772857,22.48547745772857,22.48547745772857,0.8992519974708557,0.9119293717970138,ok,True,True,-20.344322719373764,5.859419753313048,1.0,0.0,0.9804841750435145
695,1767151279082,10.38116976414262,14.790539654703894,15.573658719211458,15.573658719211458,15.573658719211458,0.9624990224838257,0.942271162209101,ok,True,True,-28.903905986395365,4.409369890561274,1.0,0.0,0.9804841750435145
696,1767151279124,8.724758603736609,11.151071024123523,11.537131408533131,11.537131408533131,11.537131408533131,0.9411914348602295,0.9416233257997781,ok,True,True,-33.12359128869397,2.426312420386914,1.0,0.0,0.9804841750435145
697,1767151279156,10.592056787992927,10.815662482445166,10.772956207197756,10.772956207197756,10.772956207197756,0.9107787013053894,0.9231165511031449,ok,True,True,-32.65680668904384,0.22360569445223888,1.0,0.0,0.9804841750435145
698,1767151279189,11.464335819328195,11.204866484574984,11.035172250335037,11.035172250335037,11.035172250335037,0.9215370416641235,0.9221688454397321,ok,True,True,-30.802028796714474,0.2594693347532111,1.0,0.0,0.9804841750435145
699,1767151279223,13.66368637877737,12.680158421096415,12.381977326404881,12.381977326404881,12.381977326404881,0.9069036245346069,0.913009712896657,ok,True,True,-27.54287444287589,0.9835279576809555,1.0,0.0,0.9804841750435145
700,1767151279256,16.868573717224667,15.193207598773366,14.776990951069244,14.776990951069244,14.776990951069244,0.94395911693573,0.9315793553201008,ok,True,True,-22.993577644202936,1.6753661184513007,1.0,0.0,0.9804841750435145
701,1767151279294,22.38457432369752,19.508027633727856,18.8944726638428,18.8944726638428,18.8944726638428,0.9441593885421753,0.9391273752533456,ok,True,True,-16.28734982822143,2.876546689969665,1.0,0.0,0.9804841750435145
702,1767151279326,31.567295252797635,26.743588205169722,25.806984285865703,25.806984285865703,25.806984285865703,0.962215006351471,0.9529799539122208,ok,True,True,-6.050159088212197,4.823707047627913,1.0,0.0,0.9804841750435145
703,1767151279359,42.347212532756174,36.105762801721596,34.933845356496334,34.933845356496334,34.933845356496334,0.9245218634605408,0.9359050996412127,ok,True,True,6.759036102034605,6.241449731034578,1.0,0.0,0.9804841750435145
704,1767151279397,53.98499452372138,46.833301834921464,45.530391427029,45.530391427029,45.530391427029,0.9471145868301392,0.9426307919545686,ok,True,True,20.99999974507572,7.151692688799919,1.0,0.0,0.9804841750435145
705,1767151279443,60.271230199235276,54.89605885350976,53.92891493376737,53.92891493376737,53.92891493376737,0.9248679280281067,0.9319730735986915,ok,True,True,31.570996273469667,5.375171345725519,1.0,0.0,0.9804841750435145
706,1767151279481,63.47299098654273,60.04221813332954,59.47738522774497,59.47738522774497,59.47738522774497,0.9153727293014526,0.9220128670203482,ok,True,True,37.74468620955241,3.430772853213192,1.0,0.0,0.9804841750435145
707,1767151279515,62.67781822375939,61.62357818758745,61.524467605225716,61.524467605225716,61.524467605225716,0.9360175728797913,0.9304156905360141,ok,True,True,38.82797650449845,1.0542400361719402,1.0,0.0,0.9804841750435145
708,1767151279559,53.00852202618324,56.45454449074492,57.1648286944322,57.1648286944322,57.1648286944322,0.9155131578445435,0.9214741709211317,ok,True,True,31.064486812756062,3.446022464561679,1.0,0.0,0.9804841750435145
709,1767151279599,43.55794072498035,48.71658223128618,49.775027094631625,49.775027094631625,49.775027094631625,0.9200977683067322,0.9206483293524921,ok,True,True,19.495560257439024,5.158641506305834,1.0,0.0,0.9804841750435145
710,1767151279635,34.244772495841254,40.033496390019224,41.19324117415617,41.19324117415617,41.19324117415617,0.9362587928771973,0.9300146074673152,ok,True,True,6.81941368123945,5.78872389417797,1.0,0.0,0.9804841750435145
711,1767151279689,24.868291606120163,30.934373519679788,32.10469844858255,32.10469844858255,32.10469844858255,0.9153841733932495,0.9212363470228757,ok,True,True,-5.9723751187350445,6.066081913559625,1.0,0.0,0.9804841750435145
712,1767151279726,17.7448299055246,23.020647351186675,24.012267055097027,24.012267055097027,24.012267055097027,0.9590513706207275,0.9439253611815868,ok,True,True,-16.81089484009726,5.275817445662074,1.0,0.0,0.9804841750435145
713,1767151279759,12.379518718786604,16.63597017174663,17.39667197643449,17.39667197643449,17.39667197643449,0.9548115134239197,0.9504570525269865,ok,True,True,-25.12545482682635,4.256451452960027,1.0,0.0,0.9804841750435145
714,1767151279799,14.141778578351888,15.139455215709786,15.297902996036823,15.297902996036823,15.297902996036823,0.8889719247817993,0.9135659758798742,ok,True,True,-26.857307658217767,0.9976766373578982,1.0,0.0,0.9804841750435145
715,1767151279833,15.705421977823447,15.479035272977981,15.35890484084062,15.35890484084062,15.35890484084062,0.9186404347419739,0.916610651197134,ok,True,True,-25.54426793873447,0.2263867048454653,1.0,0.0,0.9804841750435145
716,1767151279865,19.426121286306376,17.84728688097502,17.474537403600902,17.474537403600902,17.474537403600902,0.9361296892166138,0.9283220740088218,ok,True,True,-21.470072412248577,1.5788344053313565,1.0,0.0,0.9804841750435145
717,1767151279898,24.756454182167285,21.992787261690378,21.408648426941138,21.408648426941138,21.408648426941138,0.9479724764823914,0.9401123154929636,ok,True,True,-15.08536640501947,2.7636669204769078,1.0,0.0,0.9804841750435145
718,1767151279929,43.11921778148668,34.66864557356816,33.13262428851118,33.13262428851118,33.13262428851118,0.9811255931854248,0.9647202821084403,ok,True,True,1.7035264788872535,8.450572207918519,1.0,0.0,0.9804841750435145
719,1767151279961,54.20253696341719,46.388980407477575,44.915823745860976,44.915823745860976,44.915823745860976,0.9508971571922302,0.9564264071587143,ok,True,True,17.805301651994462,7.813556555939613,1.0,0.0,0.9804841750435145
720,1767151279991,60.78254200467072,55.02511736579346,53.96309504778977,53.96309504778977,53.96309504778977,0.9269059896469116,0.9387141566516326,ok,True,True,29.41333020650815,5.757424638877254,1.0,0.0,0.9804841750435145
721,1767151280027,63.60433487109976,60.17264786897724,59.589045912060385,59.589045912060385,59.589045912060385,0.9205489754676819,0.9278150479412622,ok,True,True,35.792168076031544,3.4316870021225157,1.0,0.0,0.9804841750435145
722,1767151280067,61.827804374622254,61.16574177236425,61.122926925569274,61.122926925569274,61.122926925569274,0.9083834886550903,0.9161561123695591,ok,True,True,36.26013937543648,0.6620626022580041,1.0,0.0,0.9804841750435145
723,1767151280100,57.2787069501584,58.83352087904075,59.2239286893995,59.2239286893995,59.2239286893995,0.9623872637748718,0.9438948032127468,ok,True,True,31.992936197382527,1.5548139288823464,1.0,0.0,0.9804841750435145
724,1767151280136,51.85204294463748,54.64463411839879,55.27473323070487,55.27473323070487,55.27473323070487,0.9383635520935059,0.9405760525412021,ok,True,True,25.105878963433458,2.792591173761309,1.0,0.0,0.9804841750435145
725,1767151280201,42.03747131845468,47.080336438432326,48.08828276287305,48.08828276287305,48.08828276287305,0.9269058704376221,0.9323739432790541,ok,True,True,14.08890736389275,5.042865119977648,1.0,0.0,0.9804841750435145
726,1767151280263,32.372974146984745,38.25591906356378,39.4056874893278,39.4056874893278,39.4056874893278,0.9406150579452515,0.9373186120787724,ok,True,True,1.5218035553448903,5.882944916579035,1.0,0.0,0.9804841750435145
727,1767151280298,21.08826828869322,27.955328598641444,29.238923332146992,29.238923332146992,29.238923332146992,0.9281174540519714,0.9317979172626918,ok,True,True,-12.508037500127207,6.867060309948222,1.0,0.0,0.9804841750435145
728,1767151280331,13.786288564283451,19.45390457802665,20.49944269882232,20.49944269882232,20.49944269882232,0.9454380869865417,0.9399820190970019,ok,True,True,-23.935891844885553,5.6676160137431975,1.0,0.0,0.9804841750435145
729,1767151280368,9.407536450911618,13.42608370175763,14.12646919231487,14.12646919231487,14.12646919231487,0.9369269609451294,0.9381489842058783,ok,True,True,-31.591187440591927,4.018547250846012,1.0,0.0,0.9804841750435145
730,1767151280401,12.249088660757586,12.719886677157604,12.759344330173048,12.759344330173048,12.759344330173048,0.8536807298660278,0.8874680316019681,ok,True,True,-32.02246421805019,0.4707980164000176,1.0,0.0,0.9804841750435145
731,1767151280432,14.754088330810504,13.940407669349343,13.689463050358707,13.689463050358707,13.689463050358707,0.8901092410087585,0.8890527572460424,ok,True,True,-29.2796100863965,0.8136806614611611,1.0,0.0,0.9804841750435145
732,1767151280473,18.8561521629788,16.889854365527015,16.42374382907364,16.42374382907364,16.42374382907364,0.9364022016525269,0.917462423889933,ok,True,True,-24.184967229096717,1.9662977974517837,1.0,0.0,0.9804841750435145
733,1767151280506,26.175994609709623,22.46153851203658,21.697708766729704,21.697708766729704,21.697708766729704,0.9523276686668396,0.938381570756077,ok,True,True,-15.836218484366189,3.714456097673043,1.0,0.0,0.9804841750435145
734,1767151280538,37.20891539652,31.309964642726626,30.178261288115728,30.178261288115728,30.178261288115728,0.9428882002830505,0.9410855484722611,ok,True,True,-3.466568023294945,5.898950753793372,1.0,0.0,0.9804841750435145
735,1767151280570,47.26048994430951,40.88027982367636,39.67296972240496,39.67296972240496,39.67296972240496,0.9465314745903015,0.9443531041430853,ok,True,True,9.729473050544867,6.380210120633151,1.0,0.0,0.9804841750435145
736,1767151280612,54.31070758658473,48.93853648142139,47.94063567396513,47.94063567396513,47.94063567396513,0.9320220351219177,0.9369544627303847,ok,True,True,20.636645970694595,5.372171105163346,1.0,0.0,0.9804841750435145
737,1767151280644,58.95626256211499,54.94917212983755,54.24374735138742,54.24374735138742,54.24374735138742,0.9072065353393555,0.9191057062957673,ok,True,True,28.347021574385252,4.007090432277444,1.0,0.0,0.9804841750435145
738,1767151280680,59.557008673225475,57.713874055870306,57.43204268211646,57.43204268211646,57.43204268211646,0.9395731091499329,0.9313861480082666,ok,True,True,31.42747155988272,1.8431346173551688,1.0,0.0,0.9804841750435145
739,1767151280715,57.61067311530145,57.65195349152899,57.74432693399005,57.74432693399005,57.74432693399005,0.9257118105888367,0.9279815455566086,ok,True,True,30.417818994593635,0.041280376227540216,1.0,0.0,0.9804841750435145
740,1767151280747,52.56424715548168,54.59932968990061,55.063492273508835,55.063492273508835,55.063492273508835,0.9677002429962158,0.951812764020373,ok,True,True,25.344467490465973,2.035082534418926,1.0,0.0,0.9804841750435145
741,1767151280785,45.946211987587716,49.40745906851287,50.132995378977775,50.132995378977775,50.132995378977775,0.9376205205917358,0.9432974179631907,ok,True,True,17.414270481947135,3.4612470809251548,1.0,0.0,0.9804841750435145
742,1767151280821,37.34686297089263,42.171101409940725,43.12448450834492,43.12448450834492,43.12448450834492,0.9154039621353149,0.9265613444664653,ok,True,True,6.993681345487763,4.824238439048095,1.0,0.0,0.9804841750435145
743,1767151280857,28.318343084223056,33.85944641451012,34.91950191981971,34.91950191981971,34.91950191981971,0.9319926500320435,0.9298201278058122,ok,True,True,-4.592849715491701,5.541103330287061,1.0,0.0,0.9804841750435145
744,1767151280903,14.076994599586438,21.98997532555591,23.41590682296051,23.41590682296051,23.41590682296051,0.9188727140426636,0.9232516795479231,ok,True,True,-20.178448302314905,7.912980725969472,1.0,0.0,0.9804841750435145
745,1767151280953,8.922081913083147,14.149239278072251,15.108390524278171,15.108390524278171,15.108390524278171,0.9440725445747375,0.9357441985640118,ok,True,True,-30.662083971087203,5.227157364989104,1.0,0.0,0.9804841750435145
746,1767151280986,11.35453869988753,12.47241893116142,12.652540732661354,12.652540732661354,12.652540732661354,0.8838329315185547,0.9045974383367376,ok,True,True,-32.630836397149146,1.1178802312738885,1.0,0.0,0.9804841750435145
747,1767151281019,14.582587805051007,13.738520255495171,13.495924324425673,13.495924324425673,13.495924324425673,0.9196999669075012,0.9136589554791958,ok,True,True,-29.979234404116657,0.8440675495558363,1.0,0.0,0.9804841750435145
748,1767151281052,19.642088955758943,17.280661475653435,16.74673145420971,16.74673145420971,16.74673145420971,0.9292449355125427,0.923010543499204,ok,True,True,-24.14331661786786,2.361427480105508,1.0,0.0,0.9804841750435145
749,1767151281083,27.223728334422436,23.246501590914832,22.43126737888308,22.43126737888308,22.43126737888308,0.9282670617103577,0.9261644544258962,ok,True,True,-15.232711019984214,3.977226743507604,1.0,0.0,0.9804841750435145
750,1767151281115,37.13875765798293,31.58185523115569,30.503922157722847,30.503922157722847,30.503922157722847,0.9586034417152405,0.9456278467995027,ok,True,True,-3.450776041646325,5.556902426827239,1.0,0.0,0.9804841750435145
751,1767151281148,46.38609014574886,40.46439617991159,39.339905939508235,39.339905939508235,39.339905939508235,0.9486250877380371,0.9474261913626233,ok,True,True,8.840034234742548,5.921693965837271,1.0,0.0,0.9804841750435145
752,1767151281180,53.78393544554966,48.45611973929444,47.47157877544256,47.47157877544256,47.47157877544256,0.9355474710464478,0.940298959172918,ok,True,True,19.601182496639385,5.3278157062552225,1.0,0.0,0.9804841750435145
753,1767151281211,59.19957605936794,54.90219353133854,54.14580996966661,54.14580996966661,54.14580996966661,0.9260333776473999,0.9317396102576071,ok,True,True,27.868543580497573,4.297382528029402,1.0,0.0,0.9804841750435145
754,1767151281246,60.12363284662035,58.03505712050763,57.70466918367585,57.70466918367585,57.70466918367585,0.9345256686210632,0.9334112452756809,ok,True,True,31.479722498111315,2.0885757261127225,1.0,0.0,0.9804841750435145
755,1767151281278,58.431478999562245,58.2729102479404,58.326602190334214,58.326602190334214,58.326602190334214,0.9366411566734314,0.9353491921143312,ok,True,True,30.892863267482117,0.1585687516218428,1.0,0.0,0.9804841750435145
756,1767151281318,54.22201468733807,55.842372911579005,56.2345568293342,56.2345568293342,56.2345568293342,0.9623584747314453,0.9515547616845996,ok,True,True,26.606247027174877,1.6203582242409382,1.0,0.0,0.9804841750435145
757,1767151281358,46.94049548141703,50.501246453481826,51.24010147948258,51.24010147948258,51.24010147948258,0.9449664950370789,0.9476018016960872,ok,True,True,18.530474895018102,3.5607509720647954,1.0,0.0,0.9804841750435145
758,1767151281404,36.47052057254289,42.08281092491846,43.17376044760882,43.17376044760882,43.17376044760882,0.9375520348548889,0.9415719415913681,ok,True,True,6.606268598932708,5.612290352375574,1.0,0.0,0.9804841750435145
759,1767151281444,26.267980732859115,32.593912809682855,33.79926821288174,33.79926821288174,33.79926821288174,0.9320343136787415,0.9358493648437921,ok,True,True,-6.568407395608375,6.32593207682374,1.0,0.0,0.9804841750435145
760,1767151281489,16.92113885826342,23.190248438831194,24.34984703506902,24.34984703506902,24.34984703506902,0.9081867933273315,0.9192518219339157,ok,True,True,-19.242956120916705,6.2691095805677755,1.0,0.0,0.9804841750435145
761,1767151281526,10.781207384617282,15.744823806302847,16.633611544703832,16.633611544703832,16.633611544703832,0.9546483755111694,0.9404897540802679,ok,True,True,-28.95751039285852,4.963616421685565,1.0,0.0,0.9804841750435145
762,1767151281560,7.416406151105231,10.747773213184278,11.296942309165178,11.296942309165178,11.296942309165178,0.9211333394050598,0.928875905275143,ok,True,True,-34.959993051966464,3.331367062079047,1.0,0.0,0.9804841750435145
763,1767151281598,7.59768864385007,8.857722471583752,8.999896380317434,8.999896380317434,8.999896380317434,0.9285014271736145,0.9286512184142259,ok,True,True,-36.51397055725056,1.2600338277336824,1.0,0.0,0.9804841750435145
764,1767151281636,8.562603247376742,8.680650937059546,8.580441014300174,8.580441014300174,8.580441014300174,0.8971971273422241,0.9097787637710248,ok,True,True,-35.41866434276066,0.11804768968280399,1.0,0.0,0.9804841750435145
765,1767151281669,9.800137017755825,9.352342585477313,9.1344284485468,9.1344284485468,9.1344284485468,0.9071980714797974,0.9082303483962884,ok,True,True,-33.03683725585303,0.4477944322785117,1.0,0.0,0.9804841750435145
766,1767151281704,11.341199131513276,10.54565651309889,10.265250354402198,10.265250354402198,10.265250354402198,0.9096619486808777,0.909089308567042,ok,True,True,-29.971965038166363,0.7955426184143857,1.0,0.0,0.9804841750435145
767,1767151281737,15.468183415413915,13.499172654487904,13.026744137568102,13.026744137568102,13.026744137568102,0.9390538334846497,0.9270680235176066,ok,True,True,-24.80826591301053,1.969010760926011,1.0,0.0,0.9804841750435145
768,1767151281772,22.24437954069312,18.746296786211033,18.015666083706883,18.015666083706883,18.015666083706883,0.9468320608139038,0.938926445895385,ok,True,True,-16.822386601721803,3.4980827544820876,1.0,0.0,0.9804841750435145
769,1767151281802,31.030936554223455,26.117080647018483,25.150328092027628,25.150328092027628,25.150328092027628,0.9651734828948975,0.9546746680950925,ok,True,True,-6.255667735985202,4.913855907204972,1.0,0.0,0.9804841750435145
770,1767151281833,42.642930245621564,36.03259040618033,34.794787900547064,34.794787900547064,34.794787900547064,0.952190637588501,0.9531842497911376,ok,True,True,7.273658895538272,6.610339839441231,1.0,0.0,0.9804841750435145
771,1767151281865,52.10935695397992,45.67865033486008,44.491001225539335,44.491001225539335,44.491001225539335,0.9356838464736938,0.9426840078006713,ok,True,True,20.25480302031749,6.430706619119839,1.0,0.0,0.9804841750435145
772,1767151281901,60.025387873854505,54.286692858256735,53.268783195531086,53.268783195531086,53.268783195531086,0.9166361093521118,0.9270552687315357,ok,True,True,31.380675076420246,5.73869501559777,1.0,0.0,0.9804841750435145
773,1767151281942,63.28401281001799,59.68508482931349,59.085727324762956,59.085727324762956,59.085727324762956,0.9157650470733643,0.9202811357366327,ok,True,True,37.93172293035106,3.5989279807045023,1.0,0.0,0.9804841750435145
774,1767151281979,62.64851830149658,61.46314491262335,61.33892399912187,61.33892399912187,61.33892399912187,0.9337753057479858,0.9283776377434446,ok,True,True,39.289472091125276,1.1853733888732307,1.0,0.0,0.9804841750435145
775,1767151282014,61.00944110843946,61.19092263011302,61.35360574361687,61.35360574361687,61.35360574361687,0.9041154384613037,0.9138203181741601,ok,True,True,37.51132657113325,0.18148152167356102,1.0,0.0,0.9804841750435145
776,1767151282049,56.951717978557845,58.64739983917991,59.08897986309815,59.08897986309815,59.08897986309815,0.968471348285675,0.9466109362410691,ok,True,True,32.68480509427669,1.6956818606220665,1.0,0.0,0.9804841750435145
777,1767151282085,48.6344827288678,52.639649572992646,53.48103053393503,53.48103053393503,53.48103053393503,0.9215405583381653,0.9315687094993268,ok,True,True,23.488412462714876,4.005166844124844,1.0,0.0,0.9804841750435145
778,1767151282146,39.21316686590779,44.58375994874173,45.664134164454964,45.664134164454964,45.664134164454964,0.9178363084793091,0.9233292688873161,ok,True,True,11.679795512806306,5.370593082833942,1.0,0.0,0.9804841750435145
779,1767151282209,28.71656454631501,35.0634427072857,36.28999901600868,36.28999901600868,36.28999901600868,0.9261771440505981,0.9250379939852854,ok,True,True,-1.7266088668479203,6.346878160970693,1.0,0.0,0.9804841750435145
780,1767151282246,19.241585801015294,25.57032856352346,26.760289006258155,26.760289006258155,26.760289006258155,0.9082047939300537,0.9149380739521463,ok,True,True,-14.733016137055694,6.328742762508167,1.0,0.0,0.9804841750435145
781,1767151282282,11.904702501104946,17.370952926072352,18.364052934320835,18.364052934320835,18.364052934320835,0.9405555725097656,0.930308573086718,ok,True,True,-25.58771575853401,5.466250424967406,1.0,0.0,0.9804841750435145
782,1767151282319,8.200900362385186,11.868921387860052,12.498627858846355,12.498627858846355,12.498627858846355,0.9379096627235413,0.9348692268688119,ok,True,True,-32.470481376785045,3.668021025474866,1.0,0.0,0.9804841750435145
783,1767151282360,12.678914727110648,12.35491739141041,12.250159284411373,12.250159284411373,12.250159284411373,0.9199228882789612,0.9259014237149015,ok,True,True,-31.325462974867243,0.3239973357002377,1.0,0.0,0.9804841750435145
784,1767151282392,15.280486894963056,14.110259093541998,13.78612265397757,13.78612265397757,13.78612265397757,0.9286047220230103,0.9275234026997667,ok,True,True,-27.782613655942466,1.170227801421058,1.0,0.0,0.9804841750435145
785,1767151282426,19.642997034950298,17.429901858386977,16.91987554308532,16.91987554308532,16.91987554308532,0.9171803593635559,0.9213175766980402,ok,True,True,-22.207966182710667,2.2130951765633213,1.0,0.0,0.9804841750435145
786,1767151282461,25.291410530597844,22.146807061713496,21.48082969806522,21.48082969806522,21.48082969806522,0.9437758326530457,0.9347925302710435,ok,True,True,-14.928755451602417,3.1446034688843483,1.0,0.0,0.9804841750435145
787,1767151282494,36.342561869275144,30.664259946250482,29.58379223086954,29.58379223086954,29.58379223086954,0.9435142874717712,0.9400255845914801,ok,True,True,-3.1191165393544775,5.678301923024662,1.0,0.0,0.9804841750435145
788,1767151282529,47.954710738762905,41.03853042175793,39.7485045854364,39.7485045854364,39.7485045854364,0.9377900958061218,0.9386842913202651,ok,True,True,10.981017224528197,6.916180317004972,1.0,0.0,0.9804841750435145
789,1767151282561,57.5432453616751,50.941359385708225,49.73301691524443,49.73301691524443,49.73301691524443,0.9142087697982788,0.9239989784070732,ok,True,True,24.188342214780114,6.601885975966873,1.0,0.0,0.9804841750435145
790,1767151282591,62.55672758779333,57.91058030695929,57.087897711605294,57.087897711605294,57.087897711605294,0.9226721525192261,0.923202882874365,ok,True,True,33.18035951637647,4.646147280834043,1.0,0.0,0.9804841750435145
791,1767151282648,62.74277462262446,60.80989689635839,60.51793599035399,60.51793599035399,60.51793599035399,0.9234452843666077,0.9233483237697107,ok,True,True,36.37152647798169,1.9328777262660708,1.0,0.0,0.9804841750435145
792,1767151282681,60.170904690600636,60.42650157290374,60.572016072875584,60.572016072875584,60.572016072875584,0.9535613059997559,0.9414761131077378,ok,True,True,34.78103591847623,0.2555968823031023,1.0,0.0,0.9804841750435145
793,1767151282724,56.518414773529024,58.08164949327891,58.48898320441372,58.48898320441372,58.48898320441372,0.9657695889472961,0.9560521986114728,ok,True,True,30.328830658838285,1.563234719749886,1.0,0.0,0.9804841750435145
794,1767151282772,48.83474292724461,52.53350555365833,53.311004673620005,53.311004673620005,53.311004673620005,0.9300045371055603,0.9404236017079253,ok,True,True,21.830674045153025,3.6987626264137177,1.0,0.0,0.9804841750435145
795,1767151282815,29.31382777141309,38.60169888431119,40.3245662678113,40.3245662678113,40.3245662678113,0.9288463592529297,0.9334772562349279,ok,True,True,2.9995313805597057,9.287871112898099,1.0,0.0,0.9804841750435145
796,1767151282858,21.481863144778593,28.329797440591634,29.6796492681964,29.6796492681964,29.6796492681964,0.9357463717460632,0.9348387255416092,ok,True,True,-11.754507488088803,6.84793429581304,1.0,0.0,0.9804841750435145
797,1767151282892,14.789997690225563,20.205917590371993,21.21951737448122,21.21951737448122,21.21951737448122,0.9685303568840027,0.9550537043470453,ok,True,True,-22.833272065188744,5.415919900146429,1.0,0.0,0.9804841750435145
798,1767151282926,11.584391934696495,15.033002196966695,15.638512224845039,15.638512224845039,15.638512224845039,0.9580438137054443,0.9568477699620846,ok,True,True,-29.451567721035566,3.4486102622702006,1.0,0.0,0.9804841750435145
799,1767151282963,12.771579035985322,13.676148300377871,13.785594555581016,13.785594555581016,13.785594555581016,0.9157773852348328,0.9322055391257336,ok,True,True,-30.647828132936134,0.9045692643925491,1.0,0.0,0.9804841750435145
800,1767151282994,14.290215042118325,14.044588345422145,13.901666525940279,13.901666525940279,13.901666525940279,0.8918089270591736,0.9079675718857976,ok,True,True,-29.085675875413813,0.24562669669617954,1.0,0.0,0.9804841750435145
801,1767151283029,16.95149054313393,15.788729664049214,15.469916430092109,15.469916430092109,15.469916430092109,0.9331834316253662,0.9230970877295388,ok,True,True,-25.60100981840721,1.1627608790847148,1.0,0.0,0.9804841750435145
802,1767151283065,22.195751325262453,19.632942660777157,19.07308108720041,19.07308108720041,19.07308108720041,0.9459325671195984,0.9367983753635746,ok,True,True,-19.48165712451093,2.5628086644852957,1.0,0.0,0.9804841750435145
803,1767151283096,42.0779727998564,33.0999607442247,31.461995326376805,31.461995326376805,31.461995326376805,0.9695250391960144,0.9564343736630385,ok,True,True,-1.578502906975615,8.978012055631694,1.0,0.0,0.9804841750435145
804,1767151283127,53.39438671446881,45.27661632637116,43.728943883679165,43.728943883679165,43.728943883679165,0.9458402991294861,0.9500779289429071,ok,True,True,15.337738497039982,8.117770388097647,1.0,0.0,0.9804841750435145
805,1767151283164,59.066203364972004,53.55036854953167,52.51129438719131,52.51129438719131,52.51129438719131,0.9211346507072449,0.9327119620015099,ok,True,True,26.694941017394477,5.515834815440336,1.0,0.0,0.9804841750435145
806,1767151283196,61.41117419322708,58.26685193574892,57.723805768019055,57.723805768019055,57.723805768019055,0.9187386631965637,0.9243279827185422,ok,True,True,32.63049935224819,3.1443222574781657,1.0,0.0,0.9804841750435145
807,1767151283232,59.44090672547522,58.9712848095847,58.95345058392814,58.95345058392814,58.95345058392814,0.9358373880386353,0.931233625910598,ok,True,True,32.825429531359816,0.4696219158905208,1.0,0.0,0.9804841750435145
808,1767151283263,54.85366422763786,56.500712460416594,56.896571322385796,56.896571322385796,56.896571322385796,0.9428248405456543,0.9381883546916318,ok,True,True,28.498645719571904,1.6470482327787366,1.0,0.0,0.9804841750435145
809,1767151283469,49.02617521652066,52.01599011407903,52.66671523675654,52.66671523675654,52.66671523675654,0.9478989243507385,0.9440146964870959,ok,True,True,21.386143771986934,2.989814897558368,1.0,0.0,0.9804841750435145
810,1767151283503,39.42779540591993,44.46307328918357,45.458213224017015,45.458213224017015,45.458213224017015,0.9277421236038208,0.9342511527571309,ok,True,True,10.509147513568,5.035277883263639,1.0,0.0,0.9804841750435145
811,1767151283538,30.217337830126947,35.9156320137496,37.01974139004365,37.01974139004365,37.01974139004365,0.9229562282562256,0.9274741980565877,ok,True,True,-1.5588975265957625,5.698294183622654,1.0,0.0,0.9804841750435145
812,1767151283568,22.22074074503465,27.69869725252063,28.733185973484723,28.733185973484723,28.733185973484723,0.9304919242858887,0.9292848337941684,ok,True,True,-12.865980634647578,5.477956507485981,1.0,0.0,0.9804841750435145
813,1767151283598,16.24234391538973,20.82488525024209,21.65963800870085,21.65963800870085,21.65963800870085,0.9675401449203491,0.9522380204698768,ok,True,True,-21.98992623530367,4.582541334852362,1.0,0.0,0.9804841750435145
814,1767151283630,22.107690633047742,21.59456847992548,21.52002344102724,21.52002344102724,21.52002344102724,0.936748206615448,0.9429441321572195,ok,True,True,-21.175140212958443,0.5131221531222607,1.0,0.0,0.9804841750435145
815,1767151283668,31.381012577163695,27.466434938268407,26.724001339355702,26.724001339355702,26.724001339355702,0.9452376961708069,0.9443202705653719,ok,True,True,-13.060253858960854,3.914577638895288,1.0,0.0,0.9804841750435145
816,1767151283699,42.73396805822312,36.62695481024124,35.47313492478926,35.47313492478926,35.47313492478926,0.9342432022094727,0.9382740295518324,ok,True,True,-0.44886712062134215,6.107013247981882,1.0,0.0,0.9804841750435145
817,1767151283730,52.65064112006668,46.2411665961365,45.03771549745655,45.03771549745655,45.03771549745655,0.9367436170578003,0.9373557820554131,ok,True,True,12.704994602074775,6.409474523930179,1.0,0.0,0.9804841750435145
818,1767151283762,58.56598966661571,53.636060438424025,52.723695428707686,52.723695428707686,52.723695428707686,0.9486289024353027,0.9441196542833469,ok,True,True,22.677251216073408,4.929929228191682,1.0,0.0,0.9804841750435145
819,1767151283794,61.548265414438255,58.38338342403256,57.83609024895591,57.83609024895591,57.83609024895591,0.9169119000434875,0.9277950017394313,ok,True,True,28.65922983957548,3.1648819904056964,1.0,0.0,0.9804841750435145
820,1767151283826,61.07088588460885,59.995884900378336,59.86145644721787,59.86145644721787,59.86145644721787,0.9313628673553467,0.9299357211089805,ok,True,True,30.12854860658503,1.0750009842305133,1.0,0.0,0.9804841750435145
821,1767151283926,58.88166213234427,59.32735123955789,59.49904542258215,59.49904542258215,59.49904542258215,0.9505800008773804,0.9423222889700205,ok,True,True,28.251911039367236,0.4456891072136244,1.0,0.0,0.9804841750435145
822,1767151283967,53.30738353219845,55.71537061514223,56.2427560609855,56.2427560609855,56.2427560609855,0.9554117321968079,0.950175954906093,ok,True,True,22.48752623237831,2.4079870829437766,1.0,0.0,0.9804841750435145
823,1767151284001,45.079007854518046,49.33355295876772,50.188322615578365,50.188322615578365,50.188322615578365,0.9067099690437317,0.9240963633886763,ok,True,True,13.144793583933728,4.254545104249672,1.0,0.0,0.9804841750435145
824,1767151284036,34.981667264951625,40.72242154247806,41.827778090330426,41.827778090330426,41.827778090330426,0.9134926199913025,0.917734117350252,ok,True,True,1.063116812293254,5.740754277526435,1.0,0.0,0.9804841750435145
825,1767151284075,18.87924496165513,27.6165155939843,29.206538418803014,29.206538418803014,29.206538418803014,0.9293181896209717,0.9246845607126838,ok,True,True,-16.3160192378025,8.737270632329171,1.0,0.0,0.9804841750435145
826,1767151284109,10.890734379235202,17.58104686513484,18.81782701975723,18.81782701975723,18.81782701975723,0.9161589741706848,0.9195692087874844,ok,True,True,-29.834171452813393,6.690312485899639,1.0,0.0,0.9804841750435145
827,1767151284145,9.587945348485027,12.785185955144954,13.34747780915595,13.34747780915595,13.34747780915595,0.9298624992370605,0.9257451830572301,ok,True,True,-35.98008739702752,3.1972406066599266,1.0,0.0,0.9804841750435145
828,1767151284176,10.149109552058468,11.203540113293062,11.308963677619829,11.308963677619829,11.308963677619829,0.9149513840675354,0.9192689036634132,ok,True,True,-37.13237932562282,1.0544305612345948,1.0,0.0,0.9804841750435145
829,1767151284211,12.228674120962085,11.818620517894475,11.62359918534829,11.62359918534829,11.62359918534829,0.8925377726554871,0.9032302250586576,ok,True,True,-35.00077327689988,0.41005360306760963,1.0,0.0,0.9804841750435145
830,1767151284242,15.795362049124064,14.204665436632228,13.786391592105774,13.786391592105774,13.786391592105774,0.9337909817695618,0.9215666790852001,ok,True,True,-30.428991075565353,1.5906966124918362,1.0,0.0,0.9804841750435145
831,1767151284274,23.647109008522104,19.870131579766152,19.077944944408134,19.077944944408134,19.077944944408134,0.9413204789161682,0.9334189589837809,ok,True,True,-21.770298195150716,3.776977428755952,1.0,0.0,0.9804841750435145
832,1767151284308,34.887836246736164,28.880754379948158,27.705707987265768,27.705707987265768,27.705707987265768,0.9525895714759827,0.944921326479102,ok,True,True,-8.926903242043812,6.007081866788006,1.0,0.0,0.9804841750435145
833,1767151284341,46.3423356718009,39.35770315505981,38.02405597332744,38.02405597332744,38.02405597332744,0.9424648880958557,0.9434474634491542,ok,True,True,5.650016945750465,6.984632516741094,1.0,0.0,0.9804841750435145
834,1767151284371,54.74038422218479,48.5873117953348,47.429404140591586,47.429404140591586,47.429404140591586,0.9438825249671936,0.9437085003599779,ok,True,True,18.306083482105983,6.153072426849988,1.0,0.0,0.9804841750435145
835,1767151284402,61.29371587402646,56.211154242549796,55.29915728859654,55.29915728859654,55.29915728859654,0.9369710087776184,0.9396660054105622,ok,True,True,28.274317203426108,5.082561631476665,1.0,0.0,0.9804841750435145
836,1767151284433,63.889011950252545,60.81786886717144,60.307131840973796,60.307131840973796,60.307131840973796,0.9038999676704407,0.9182063827664892,ok,True,True,33.85673283014658,3.071143083081104,1.0,0.0,0.9804841750435145
837,1767151284466,64.37340323080001,62.95118948534858,62.78205000375997,62.78205000375997,62.78205000375997,0.9291491508483887,0.9247720436156289,ok,True,True,35.70544721090159,1.4222137454514296,1.0,0.0,0.9804841750435145
838,1767151284502,60.406022485784796,61.42408928561031,61.708478265765514,61.708478265765514,61.708478265765514,0.9649010300636292,0.948849435484429,ok,True,True,32.5970422873252,1.0180667998255117,1.0,0.0,0.9804841750435145
839,1767151284539,53.84233988062901,56.87503964262153,57.53575026036771,57.53575026036771,57.53575026036771,0.9369386434555054,0.9417029602670748,ok,True,True,25.375397706931924,3.032699761992518,1.0,0.0,0.9804841750435145
840,1767151284583,44.34538331996387,49.35724584902694,50.36442114928853,50.36442114928853,50.36442114928853,0.9261816740036011,0.9323901885089906,ok,True,True,14.366853492141855,5.011862529063066,1.0,0.0,0.9804841750435145
841,1767151284633,36.36214879259246,41.56018761516625,42.596244156443625,42.596244156443625,42.596244156443625,0.9478457570075989,0.9416635296081555,ok,True,True,3.042633924096327,5.198038822573793,1.0,0.0,0.9804841750435145
842,1767151284669,25.39367863902159,31.860282229479456,33.06980350512083,33.06980350512083,33.06980350512083,0.9397022724151611,0.9404867752923588,ok,True,True,-10.177575545068711,6.466603590457865,1.0,0.0,0.9804841750435145
843,1767151284708,16.68763606467908,22.75669453059923,23.86984071357054,23.86984071357054,23.86984071357054,0.9343770742416382,0.9368209546619264,ok,True,True,-22.344393942602586,6.0690584659201505,1.0,0.0,0.9804841750435145
844,1767151284742,10.460345073890032,15.378884856573713,16.243403936576584,16.243403936576584,16.243403936576584,0.9660347104072571,0.9543492081091247,ok,True,True,-31.793688930545013,4.9185397826836805,1.0,0.0,0.9804841750435145
845,1767151284783,6.684833415736584,10.162453992071436,10.722847603259318,10.722847603259318,10.722847603259318,0.9560776948928833,0.9553863001793799,ok,True,True,-37.918856857960826,3.4776205763348518,1.0,0.0,0.9804841750435145
846,1767151284815,9.228345988708886,9.601989190053906,9.586017926027596,9.586017926027596,9.586017926027596,0.9220121502876282,0.9353618102443289,ok,True,True,-37.74428906806957,0.37364320134502016,1.0,0.0,0.9804841750435145
847,1767151284859,10.747367066397715,10.289215915860192,10.070317718225958,10.070317718225958,10.070317718225958,0.9268832206726074,0.930274656501296,ok,True,True,-35.35170608219964,0.45815115053752287,1.0,0.0,0.9804841750435145
848,1767151284889,13.663565684707631,12.313825777168656,11.931920041390583,11.931920041390583,11.931920041390583,0.917527973651886,0.92262664679165,ok,True,True,-31.177431576954238,1.349739907538975,1.0,0.0,0.9804841750435145
849,1767151284923,18.428297433098106,15.982508770726326,15.414450463544402,15.414450463544402,15.414450463544402,0.954407811164856,0.9416953454155735,ok,True,True,-24.968487622940646,2.445788662371779,1.0,0.0,0.9804841750435145
850,1767151284960,26.070255109946785,22.0351565742586,21.203355321811898,21.203355321811898,21.203355321811898,0.9648240208625793,0.955572550683777,ok,True,True,-15.87680232932894,4.035098535688185,1.0,0.0,0.9804841750435145
851,1767151284994,36.74108219287311,30.858711945427302,29.72204729111102,29.72204729111102,29.72204729111102,0.9695525169372559,0.9639605304358643,ok,True,True,-3.45292428031415,5.882370247445806,1.0,0.0,0.9804841750435145
852,1767151285035,48.22681264531644,41.279572365360785,39.97683301935675,39.97683301935675,39.97683301935675,0.9584338665008545,0.9606445320748584,ok,True,True,10.786169636213907,6.947240279955658,1.0,0.0,0.9804841750435145
853,1767151285066,57.666249860746966,51.111578862592495,49.90899684887875,49.90899684887875,49.90899684887875,0.9564950466156006,0.9581548407993038,ok,True,True,23.930532158250152,6.554670998154471,1.0,0.0,0.9804841750435145
854,1767151285100,61.5314544547249,57.363504217871935,56.62056019163633,56.62056019163633,56.62056019163633,0.9446377754211426,0.9500446015724071,ok,True,True,32.05099754278112,4.167950236852967,1.0,0.0,0.9804841750435145
855,1767151285136,61.863684997354035,60.063612685561196,59.798582547308136,59.798582547308136,59.798582547308136,0.9535924792289734,0.9521733281663469,ok,True,True,34.947808052781674,1.8000723117928388,1.0,0.0,0.9804841750435145
856,1767151285167,54.47374803278933,56.70969389389808,57.18444692509794,57.18444692509794,57.18444692509794,0.9319314956665039,0.9400282286664411,ok,True,True,29.758701713784035,2.235945861108746,1.0,0.0,0.9804841750435145
857,1767151285204,46.83672731812656,50.785913948435166,51.61073987573343,51.61073987573343,51.61073987573343,0.9608496427536011,0.9525210771187371,ok,True,True,20.743257542536153,3.9491866303086027,1.0,0.0,0.9804841750435145
858,1767151285249,38.30251286773282,43.29587330001377,44.301034940991144,44.301034940991144,44.301034940991144,0.9488937854766846,0.9503447021335056,ok,True,True,9.756722860007311,4.993360432280944,1.0,0.0,0.9804841750435145
859,1767151285289,27.588293393067755,33.87132535584615,35.07164475355606,35.07164475355606,35.07164475355606,0.9230954051017761,0.9339951239144679,ok,True,True,-3.3629090036093885,6.283031962778399,1.0,0.0,0.9804841750435145
860,1767151285327,18.141953626315615,24.433702318127832,25.608454005926692,25.608454005926692,25.608454005926692,0.9419507384300232,0.9387684926238011,ok,True,True,-16.203082797758377,6.2917486918122165,1.0,0.0,0.9804841750435145
861,1767151285362,10.9354486584044,16.334750122293773,17.309475876268003,17.309475876268003,17.309475876268003,0.976271390914917,0.9612702315984707,ok,True,True,-26.856949663966223,5.399301463889373,1.0,0.0,0.9804841750435145
862,1767151285395,9.784596219443035,12.40465778058333,12.852153276508645,12.852153276508645,12.852153276508645,0.9510036110877991,0.9551102592920677,ok,True,True,-31.748127943987345,2.620061561140295,1.0,0.0,0.9804841750435145
863,1767151285428,10.91785606090608,11.51257674877698,11.543972252823147,11.543972252823147,11.543972252823147,0.9224172234535217,0.93549443778894,ok,True,True,-32.09128448719099,0.5947206878708986,1.0,0.0,0.9804841750435145
864,1767151285464,12.029879493432084,11.82295839557004,11.672435336184138,11.672435336184138,11.672435336184138,0.9221132397651672,0.9274657189746763,ok,True,True,-30.446049785580666,0.20692109786204327,1.0,0.0,0.9804841750435145
865,1767151285496,14.71989167771838,13.561118364859045,13.237063459730948,13.237063459730948,13.237063459730948,0.9267101287841797,0.9270123648603783,ok,True,True,-26.904091647612322,1.158773312859335,1.0,0.0,0.9804841750435145
866,1767151285533,20.662051549758953,17.82167827579899,17.209916976940995,17.209916976940995,17.209916976940995,0.9494158625602722,0.9404544634803147,ok,True,True,-20.217468866427662,2.840373273959962,1.0,0.0,0.9804841750435145
867,1767151285565,31.423675057147367,25.982876344608016,24.92854466363454,24.92854466363454,24.92854466363454,0.9534497261047363,0.9482516210549676,ok,True,True,-8.693499877081058,5.440798712539351,1.0,0.0,0.9804841750435145
868,1767151285597,43.45418405636318,36.465660971661116,35.145703315842,35.145703315842,35.145703315842,0.9570097923278809,0.9535065238187156,ok,True,True,5.733792186139079,6.9885230847020665,1.0,0.0,0.9804841750435145
869,1767151285631,52.47387028659535,46.070586560621656,44.87263063393577,44.87263063393577,44.87263063393577,0.9558117389678955,0.9548896529082236,ok,True,True,18.827591034131256,6.403283725973694,1.0,0.0,0.9804841750435145
870,1767151285661,57.70173966458627,53.04927842300043,52.20675487728211,52.20675487728211,52.20675487728211,0.9349504113197327,0.942926107955129,ok,True,True,28.03647225136615,4.65246124158584,1.0,0.0,0.9804841750435145
871,1767151285693,58.44989346620211,56.28964744892144,55.938272174848414,55.938272174848414,55.938272174848414,0.9331660270690918,0.9370700594235066,ok,True,True,31.877045227701267,2.16024601728067,1.0,0.0,0.9804841750435145
872,1767151285727,57.5016001602792,57.016819075736095,57.01503574762867,57.01503574762867,57.01503574762867,0.9476699829101562,0.9434300135154965,ok,True,True,31.896537213172845,0.4847810845431084,1.0,0.0,0.9804841750435145
873,1767151285778,53.38868535650789,54.839938844199175,55.2013554924517,55.2013554924517,55.2013554924517,0.9639522433280945,0.9557433514030553,ok,True,True,27.94621083879117,1.4512534876912824,1.0,0.0,0.9804841750435145
874,1767151285812,46.20940552232734,49.66161885107607,50.38385476112694,50.38385476112694,50.38385476112694,0.9344673156738281,0.9429777299655191,ok,True,True,20.052087594069874,3.4522133287487335,1.0,0.0,0.9804841750435145
875,1767151285868,36.68436747477008,41.87526802529247,42.89947877577232,42.89947877577232,42.89947877577232,0.9074052572250366,0.9216342463212297,ok,True,True,8.85734390943787,5.190900550522393,1.0,0.0,0.9804841750435145
876,1767151285915,27.26117223272415,33.10681054975148,34.23268617517709,34.23268617517709,34.23268617517709,0.9158390760421753,0.918157144153797,ok,True,True,-3.4486087878067657,5.84563831702733,1.0,0.0,0.9804841750435145
877,1767151285965,17.05285057236631,23.47443456332038,24.662294703351456,24.662294703351456,24.662294703351456,0.9316635727882385,0.9262610013344619,ok,True,True,-16.432059503012454,6.421583990954069,1.0,0.0,0.9804841750435145
878,1767151286001,10.12172924023815,15.46281136947104,16.428401793137628,16.428401793137628,16.428401793137628,0.9444807767868042,0.9371928666058672,ok,True,True,-26.98607613700921,5.341082129232891,1.0,0.0,0.9804841750435145
879,1767151286039,8.249419378419422,11.13477617484007,11.625184699464683,11.625184699464683,11.625184699464683,0.9423710107803345,0.9402997531105475,ok,True,True,-32.34629885617023,2.8853567964206484,1.0,0.0,0.9804841750435145
880,1767151286074,10.723251241796948,10.887861215014198,10.849816103493971,10.849816103493971,10.849816103493971,0.8804789185523987,0.9044072523756582,ok,True,True,-31.930461323003698,0.16460997321724946,1.0,0.0,0.9804841750435145
881,1767151286106,15.533467412468275,13.675224933486644,13.241103109282685,13.241103109282685,13.241103109282685,0.9555134177207947,0.9350709515827401,ok,True,True,-27.185458844176658,1.85824247898163,1.0,0.0,0.9804841750435145
882,1767151286146,20.726306773552224,17.905874037525994,17.28412005782535,17.28412005782535,17.28412005782535,0.9320122599601746,0.9332357366092008,ok,True,True,-20.38961488883099,2.8204327360262305,1.0,0.0,0.9804841750435145
883,1767151286178,26.579733514989552,23.11018972400413,22.38410936496596,22.38410936496596,22.38410936496596,0.9545647501945496,0.9460331447604101,ok,True,True,-12.453471365567115,3.4695437909854228,1.0,0.0,0.9804841750435145
884,1767151286210,36.629118327513844,31.221546886109955,30.18890275698179,30.18890275698179,30.18890275698179,0.952649712562561,0.9500030854417008,ok,True,True,-1.166549862728166,5.4075714414038885,1.0,0.0,0.9804841750435145
885,1767151286241,47.61502590049336,41.05763429474,39.840274513960985,39.840274513960985,39.840274513960985,0.9386848211288452,0.9432121268539874,ok,True,True,12.139335387369023,6.557391605753359,1.0,0.0,0.9804841750435145
886,1767151286271,57.36745157543496,50.84352466315697,49.660652475204735,49.660652475204735,49.660652475204735,0.9284690022468567,0.9343662520897089,ok,True,True,25.068267201061776,6.523926912277993,1.0,0.0,0.9804841750435145
887,1767151286307,61.71994410763403,57.369376329843206,56.6022927345559,56.6022927345559,56.6022927345559,0.9292498826980591,0.931296430454719,ok,True,True,33.45258090788832,4.350567777790822,1.0,0.0,0.9804841750435145
888,1767151286338,63.7090341029282,61.1731709936942,60.7874824743588,60.7874824743588,60.7874824743588,0.898361325263977,0.9115353673402737,ok,True,True,37.66820168129086,2.5358631092340005,1.0,0.0,0.9804841750435145
889,1767151286383,62.09532565386244,61.72646378979515,61.761801210689505,61.761801210689505,61.761801210689505,0.9069494009017944,0.9087837874771861,ok,True,True,37.28195952438812,0.3688618640672914,1.0,0.0,0.9804841750435145
890,1767151286425,60.862274806073586,61.20795039956221,61.40846053219771,61.40846053219771,61.40846053219771,0.9630802869796753,0.9413616871786796,ok,True,True,35.09036024662783,0.34567559348862176,1.0,0.0,0.9804841750435145
891,1767151286458,55.93339337550426,58.043216185127434,58.549342604136186,58.549342604136186,58.549342604136186,0.9496432542800903,0.946330627439526,ok,True,True,29.5583390974951,2.109822809623175,1.0,0.0,0.9804841750435145
892,1767151286509,46.58455142775292,51.168017330702725,52.101783773555276,52.101783773555276,52.101783773555276,0.9327273368835449,0.9381686531059373,ok,True,True,19.35216230805267,4.583465902949804,1.0,0.0,0.9804841750435145
893,1767151286544,25.313968826965343,35.655588228460296,37.56308302737393,37.56308302737393,37.56308302737393,0.948826014995575,0.94456307023972,ok,True,True,-1.4969796713712746,10.341619401494953,1.0,0.0,0.9804841750435145
894,1767151286593,15.71628444409977,23.692005957843982,25.23453780806024,25.23453780806024,25.23453780806024,0.9232475757598877,0.9317737735518207,ok,True,True,-18.35703379642493,7.975721513744212,1.0,0.0,0.9804841750435145
895,1767151286630,11.487284934588168,16.369173343890495,17.290312649511456,17.290312649511456,17.290312649511456,0.9541503190994263,0.9451997008803841,ok,True,True,-28.425194494245503,4.881888409302327,1.0,0.0,0.9804841750435145
896,1767151286665,13.250182748522061,14.497778986669434,14.703695822504164,14.703695822504164,14.703695822504164,0.8873977065086365,0.9105185042573355,ok,True,True,-30.67588967240122,1.2475962381473735,1.0,0.0,0.9804841750435145
897,1767151286700,14.339320286491283,14.402703766562544,14.322175554771231,14.322175554771231,14.322175554771231,0.9102016091346741,0.9103283671837387,ok,True,True,-29.79570686826336,0.06338348007126093,1.0,0.0,0.9804841750435145
898,1767151286733,14.71794907792928,14.591850953382586,14.450907070836388,14.450907070836388,14.450907070836388,0.8967127799987793,0.9021590148727631,ok,True,True,-28.255173693540936,0.12609812454669367,1.0,0.0,0.9804841750435145
899,1767151286764,17.322871943051055,16.230463547183668,15.926738389602292,15.926738389602292,15.926738389602292,0.9233014583587646,0.914844480964364,ok,True,True,-24.93542208177064,1.0924083958673876,1.0,0.0,0.9804841750435145
900,1767151286799,29.66232327677344,24.289579384937532,23.263467745849496,23.263467745849496,23.263467745849496,0.9374826550483704,0.9284273854147679,ok,True,True,-13.719901461599116,5.372743891835906,1.0,0.0,0.9804841750435145
901,1767151286831,39.877949802018684,33.642601635186224,32.433182939184135,32.433182939184135,32.433182939184135,0.9495813250541687,0.9411197491984084,ok,True,True,-0.5008131999283307,6.235348166832459,1.0,0.0,0.9804841750435145
902,1767151286866,51.0668877896423,44.09717332785987,42.79353425441506,42.79353425441506,42.79353425441506,0.9441961646080017,0.9429655984441643,ok,True,True,13.74811484310231,6.969714461782431,1.0,0.0,0.9804841750435145
903,1767151286898,58.477181820635955,52.72517842352552,51.66788932059921,51.66788932059921,51.66788932059921,0.9400731921195984,0.9412301546494247,ok,True,True,25.304408801420177,5.752003397110435,1.0,0.0,0.9804841750435145
904,1767151286928,61.34182682915825,57.89516746690516,57.29430118653516,57.29430118653516,57.29430118653516,0.9235880374908447,0.9306448843542767,ok,True,True,31.87194775209892,3.4466593622530937,1.0,0.0,0.9804841750435145
905,1767151286969,59.60568286734938,58.92147670717169,58.858443951844286,58.858443951844286,58.858443951844286,0.9302060008049011,0.9303815542246514,ok,True,True,32.56090316415234,0.6842061601776877,1.0,0.0,0.9804841750435145
906,1767151287007,56.59535436931798,57.52580330445946,57.79566802837344,57.79566802837344,57.79566802837344,0.9623252153396606,0.949547750893657,ok,True,True,29.6112500655829,0.9304489351414773,1.0,0.0,0.9804841750435145
907,1767151287042,51.136602983257,53.69228311173798,54.26040728197534,54.26040728197534,54.26040728197534,0.947737455368042,0.948461573578288,ok,True,True,23.40158622064498,2.5556801284809794,1.0,0.0,0.9804841750435145
908,1767151287087,42.65039603593529,47.06715086625637,47.957023187997194,47.957023187997194,47.957023187997194,0.9428927302360535,0.9451202675729473,ok,True,True,13.675177325532628,4.416754830321082,1.0,0.0,0.9804841750435145
909,1767151287133,31.878030756340287,37.95367880030672,39.120990600688806,39.120990600688806,39.120990600688806,0.9506672620773315,0.9484484642755779,ok,True,True,0.9163223738526121,6.0756480439664315,1.0,0.0,0.9804841750435145
910,1767151287194,20.83788556735567,27.68420286053609,28.964030447724586,28.964030447724586,28.964030447724586,0.9156206250190735,0.9287517607216753,ok,True,True,-13.072343330333483,6.8463172931804195,1.0,0.0,0.9804841750435145
911,1767151287234,13.353784239049562,19.085951687644172,20.139776562390306,20.139776562390306,20.139776562390306,0.9523416757583618,0.9429057097436873,ok,True,True,-24.590772868146125,5.732167448594611,1.0,0.0,0.9804841750435145
912,1767151287267,10.693612226671556,14.050548011060602,14.638661951374376,14.638661951374376,14.638661951374376,0.9231271743774414,0.9310385885239398,ok,True,True,-31.018927245638338,3.356935784389046,1.0,0.0,0.9804841750435145
913,1767151287302,13.240987009875438,13.564811410349504,13.569262976525494,13.569262976525494,13.569262976525494,0.924089789390564,0.9268693090439144,ok,True,True,-31.067583386293016,0.32382440047406646,1.0,0.0,0.9804841750435145
914,1767151287334,15.373737432176455,14.650167023445674,14.413953182492172,14.413953182492172,14.413953182492172,0.9219918251037598,0.9239428186798216,ok,True,True,-28.485738387109045,0.7235704087307813,1.0,0.0,0.9804841750435145
915,1767151287375,25.095863148277434,20.91758469834473,20.085764796772963,20.085764796772963,20.085764796772963,0.9538958668708801,0.9419146475944566,ok,True,True,-19.393849256372093,4.178278449932705,1.0,0.0,0.9804841750435145
916,1767151287409,33.84790740519968,28.6757783224577,27.644928608319866,27.644928608319866,27.644928608319866,0.9648644328117371,0.955684518724825,ok,True,True,-8.1265409199359,5.172129082741979,1.0,0.0,0.9804841750435145
917,1767151287441,43.38948054031089,37.503999653169615,36.37343179133771,36.37343179133771,36.37343179133771,0.9444204568862915,0.9489260816217049,ok,True,True,4.230698471821128,5.885480887141277,1.0,0.0,0.9804841750435145
918,1767151287480,51.16774780058578,45.70224854161931,44.67683201658063,44.67683201658063,44.67683201658063,0.9483821392059326,0.9485997161722415,ok,True,True,15.438621413867889,5.465499258966467,1.0,0.0,0.9804841750435145
919,1767151287514,57.35687072865469,52.695021853840544,51.85757553956903,51.85757553956903,51.85757553956903,0.9426549673080444,0.9450328668537232,ok,True,True,24.59200789562185,4.661848874814147,1.0,0.0,0.9804841750435145
920,1767151287545,60.45502427809798,57.351023308395,56.82940690916491,56.82940690916491,56.82940690916491,0.9321148991584778,0.9372820862365759,ok,True,True,30.293336346183196,3.1040009697029802,1.0,0.0,0.9804841750435145
921,1767151287585,59.7614529326865,58.7972810829699,58.69035140746956,58.69035140746956,58.69035140746956,0.9367416501045227,0.936957824557344,ok,True,True,31.4620902466343,0.9641718497165996,1.0,0.0,0.9804841750435145
922,1767151287621,56.93053904298734,57.67723585898037,57.90735171951017,57.90735171951017,57.90735171951017,0.9569284319877625,0.9489401890155951,ok,True,True,28.946896889024355,0.7466968159930261,1.0,0.0,0.9804841750435145
923,1767151287664,49.83636576998126,52.97271380558091,53.63113959233689,53.63113959233689,53.63113959233689,0.9417676329612732,0.944636655383002,ok,True,True,21.75022577945823,3.136348035599646,1.0,0.0,0.9804841750435145
924,1767151287698,41.196492282537854,45.906980891755076,46.849961891687066,46.849961891687066,46.849961891687066,0.9439975619316101,0.9442531993121669,ok,True,True,11.443332799892454,4.710488609217222,1.0,0.0,0.9804841750435145
925,1767151287735,31.36544304216763,37.182058182002606,38.30362971937922,38.30362971937922,38.30362971937922,0.9513423442840576,0.9485066862953013,ok,True,True,-0.8155757099306946,5.816615139834976,1.0,0.0,0.9804841750435145
926,1767151287783,22.444731696456394,28.33966229067488,29.448670679352837,29.448670679352837,29.448670679352837,0.950947105884552,0.9499709380488517,ok,True,True,-12.937167530305436,5.894930594218486,1.0,0.0,0.9804841750435145
927,1767151287818,15.086008517260314,20.38747002662614,21.35062896184829,21.35062896184829,21.35062896184829,0.9594171047210693,0.9556386380521822,ok,True,True,-23.46460771029126,5.301461509365826,1.0,0.0,0.9804841750435145
928,1767151287857,14.444795408768035,16.821865255911277,17.240010911757246,17.240010911757246,17.240010911757246,0.9436802268028259,0.9484635913025684,ok,True,True,-28.034988794306283,2.3770698471432414,1.0,0.0,0.9804841750435145
929,1767151287890,17.572858098159468,17.272460961260194,17.16454319187454,17.16454319187454,17.16454319187454,0.9237546324729919,0.9336382160048226,ok,True,True,-26.855434911744894,0.3003971368992744,1.0,0.0,0.9804841750435145
930,1767151287927,21.06525595273005,19.548137956142106,19.182205588352886,19.182205588352886,19.182205588352886,0.9040926694869995,0.9159108880941287,ok,True,True,-22.855751192948187,1.5171179965879418,1.0,0.0,0.9804841750435145
931,1767151287963,26.199035682356065,23.53867659187048,22.96743829165001,22.96743829165001,22.96743829165001,0.9490134716033936,0.9357724381996877,ok,True,True,-16.612049541879806,2.660359090485585,1.0,0.0,0.9804841750435145
932,1767151288002,36.4179094528109,31.266216308434736,30.27821922822181,30.27821922822181,30.27821922822181,0.9562451839447021,0.9480560856466964,ok,True,True,-5.813125522612683,5.151693144376168,1.0,0.0,0.9804841750435145
933,1767151288032,48.107268042910356,41.370847349120105,40.111213025148686,40.111213025148686,40.111213025148686,0.9437941908836365,0.9454989487888605,ok,True,True,7.954825445113613,6.736420693790251,1.0,0.0,0.9804841750435145
934,1767151288065,57.127379576054935,50.824766685281006,49.65865920942974,49.65865920942974,49.65865920942974,0.951142430305481,0.9488850376988327,ok,True,True,20.70051698835509,6.302612890773929,1.0,0.0,0.9804841750435145
935,1767151288105,63.14914580809198,58.21939415896759,57.34097171306509,57.34097171306509,57.34097171306509,0.9269343614578247,0.9357146319542279,ok,True,True,30.301777397014995,4.929751649124391,1.0,0.0,0.9804841750435145
936,1767151288135,63.77119154884271,61.55047259289266,61.19339443989449,61.19339443989449,61.19339443989449,0.9084723591804504,0.9193692682899615,ok,True,True,34.20468350918335,2.2207189559500478,1.0,0.0,0.9804841750435145
937,1767151288167,57.9827154589338,59.409818312517345,59.73612553400892,59.73612553400892,59.73612553400892,0.9394674897193909,0.9314282011476192,ok,True,True,30.63810728907318,1.4271028535835484,1.0,0.0,0.9804841750435145
938,1767151288219,49.4435468043442,53.43005540761346,54.24783346559771,54.24783346559771,54.24783346559771,0.931961178779602,0.9317479877268089,ok,True,True,21.69969715643136,3.9865086032692574,1.0,0.0,0.9804841750435145
939,1767151288253,37.60355052053976,43.934152475369245,45.16595275066549,45.16595275066549,45.16595275066549,0.9403148889541626,0.9368881284632211,ok,True,True,8.235975606799178,6.330601954829483,1.0,0.0,0.9804841750435145
940,1767151288294,25.89815686117526,33.11255510685285,34.488430974536584,34.488430974536584,34.488430974536584,0.9293537139892578,0.932367479778843,ok,True,True,-6.8025090735986105,7.214398245677593,1.0,0.0,0.9804841750435145
941,1767151288333,17.078569903893587,23.49216398507729,24.694110939602687,24.694110939602687,24.694110939602687,0.9435557723045349,0.9390804552942582,ok,True,True,-19.939930324187728,6.413594081183703,1.0,0.0,0.9804841750435145
942,1767151288375,10.971915509474908,15.980014899715862,16.878382968919652,16.878382968919652,16.878382968919652,0.947041928768158,0.9438573393785981,ok,True,True,-29.759198735969555,5.008099390240954,1.0,0.0,0.9804841750435145
943,1767151288411,11.167951415410922,13.092776809132898,13.404564108047852,13.404564108047852,13.404564108047852,0.936776876449585,0.9396090616211902,ok,True,True,-33.16707049853538,1.9248253937219761,1.0,0.0,0.9804841750435145
944,1767151288447,12.629958913490695,12.815086071747576,12.757487016926557,12.757487016926557,12.757487016926557,0.9029532074928284,0.9176155491441731,ok,True,True,-32.53750607061245,0.18512715825688097,1.0,0.0,0.9804841750435145
945,1767151288479,14.82019994434306,14.018154395304865,13.756409390799703,13.756409390799703,13.756409390799703,0.9125193357467651,0.9145578211057284,ok,True,True,-29.676602457957227,0.8020455490381941,1.0,0.0,0.9804841750435145
946,1767151288513,23.822845321395704,19.900968950959367,19.104793508340595,19.104793508340595,19.104793508340595,0.9521875381469727,0.9371356513304749,ok,True,True,-20.974311446132027,3.921876370436337,1.0,0.0,0.9804841750435145
947,1767151288544,32.030001832149026,27.178388679673162,26.19929490104136,26.19929490104136,26.19929490104136,0.9615511894226074,0.9517849741857545,ok,True,True,-10.272701557868627,4.8516131524758634,1.0,0.0,0.9804841750435145
948,1767151288579,51.726015346485525,41.90696467976058,40.11567161072503,40.11567161072503,40.11567161072503,0.9678017497062683,0.9613950394980628,ok,True,True,9.306341878763567,9.819050666724948,1.0,0.0,0.9804841750435145
949,1767151288609,62.58128020997982,54.31155399789212,52.76182428907783,52.76182428907783,52.76182428907783,0.9432578682899475,0.9505127367731936,ok,True,True,26.24506944289748,8.269726212087704,1.0,0.0,0.9804841750435145
950,1767151288643,65.54308969197697,61.05047541434303,60.22304618114934,60.22304618114934,60.22304618114934,0.9086150527000427,0.925374126329303,ok,True,True,35.288968053056834,4.49261427763394,1.0,0.0,0.9804841750435145
951,1767151288678,64.39250737783836,63.05569459244023,62.870835395282654,62.870835395282654,62.870835395282654,0.9511281251907349,0.9408265256461621,ok,True,True,37.30950076954747,1.3368127853981235,1.0,0.0,0.9804841750435145
952,1767151288708,62.54247994022773,62.747765801112735,62.90030045354673,62.90030045354673,62.90030045354673,0.9413831233978271,0.941160484297161,ok,True,True,35.64227911987921,0.2052858608850059,1.0,0.0,0.9804841750435145
953,1767151288743,56.83936329430609,59.202724297028745,59.74799432778328,59.74799432778328,59.74799432778328,0.9588959813117981,0.9518017825059433,ok,True,True,29.682413701215516,2.3633610027226553,1.0,0.0,0.9804841750435145
954,1767151288787,47.13379565510568,51.96136711187491,52.94082942819384,52.94082942819384,52.94082942819384,0.9318417906761169,0.9398257874080475,ok,True,True,18.97677565278726,4.827571456769228,1.0,0.0,0.9804841750435145
955,1767151288827,35.80622041271093,42.26827909237652,43.53000163370796,43.53000163370796,43.53000163370796,0.941922664642334,0.9410839137486193,ok,True,True,5.186000224282463,6.462058679665589,1.0,0.0,0.9804841750435145
956,1767151288872,24.13005770756937,31.385346261492227,32.76006051666238,32.76006051666238,32.76006051666238,0.9201005697250366,0.9284939073344697,ok,True,True,-9.839787895037219,7.255288553922856,1.0,0.0,0.9804841750435145
957,1767151288943,16.093895956949982,22.21047607876688,23.351271078262073,23.351271078262073,23.351271078262073,0.9620752334594727,0.9486427030094715,ok,True,True,-22.308811101516234,6.116580121816899,1.0,0.0,0.9804841750435145
958,1767151288983,11.220987838055313,15.61678313433994,16.397007931898763,16.397007931898763,16.397007931898763,0.9618722200393677,0.9565804132274092,ok,True,True,-30.836759691171963,4.395795296284627,1.0,0.0,0.9804841750435145
959,1767151289016,13.003777184149175,14.04897956422548,14.196315228877058,14.196315228877058,14.196315228877058,0.9112948775291443,0.9294090918084502,ok,True,True,-32.447155794324125,1.0452023800763044,1.0,0.0,0.9804841750435145
960,1767151289051,15.155792678914866,14.713067433039111,14.534684243071567,14.534684243071567,14.534684243071567,0.9179931282997131,0.922559513703208,ok,True,True,-30.497406596321582,0.4427252458757547,1.0,0.0,0.9804841750435145
961,1767151289084,17.87935781458802,16.612841661968453,16.267449144543054,16.267449144543054,16.267449144543054,0.9175659418106079,0.9195633705676479,ok,True,True,-26.7222258521675,1.266516152619566,1.0,0.0,0.9804841750435145
962,1767151289115,22.885811047978258,20.376623293574337,19.818600794075174,19.818600794075174,19.818600794075174,0.9376916289329529,0.930440325586831,ok,True,True,-20.622974453737932,2.5091877544039214,1.0,0.0,0.9804841750435145
963,1767151289151,29.520042210563584,25.862674643767885,25.111395475942487,25.111395475942487,25.111395475942487,0.9525676369667053,0.9437167124147555,ok,True,True,-12.411404993576928,3.657367566795699,1.0,0.0,0.9804841750435145
964,1767151289183,39.58941625997096,34.098719613489735,33.04950367502476,33.04950367502476,33.04950367502476,0.960717499256134,0.9539171845195826,ok,True,True,-0.9433516701344349,5.490696646481226,1.0,0.0,0.9804841750435145
965,1767151289214,49.28384556073565,43.20979518183728,42.07233218524965,42.07233218524965,42.07233218524965,0.9486656785011292,0.9507662809085106,ok,True,True,11.4892523535845,6.07405037889837,1.0,0.0,0.9804841750435145
966,1767151289245,60.66086514036595,53.68043715695448,52.42764085406885,52.42764085406885,52.42764085406885,0.932583212852478,0.939856440074891,ok,True,True,25.182462948463076,6.980427983411467,1.0,0.0,0.9804841750435145
967,1767151289276,66.54991962172228,61.402126635815165,60.49420074495441,60.49420074495441,60.49420074495441,0.919913113117218,0.9278904439002872,ok,True,True,35.1061994724796,5.147792985907117,1.0,0.0,0.9804841750435145
968,1767151289308,68.6129031243787,65.72859252895329,65.27500346943366,65.27500346943366,65.27500346943366,0.9192554950714111,0.9227094746029615,ok,True,True,40.0639811176112,2.8843105954254185,1.0,0.0,0.9804841750435145
969,1767151289360,66.30054268429922,66.07176262216085,66.1318857565648,66.1318857565648,66.1318857565648,0.9196841716766357,0.9208942928471661,ok,True,True,39.406828203668795,0.22878006213836954,1.0,0.0,0.9804841750435145
970,1767151289394,63.75462197726883,64.68147823522564,64.98995479654303,64.98995479654303,64.98995479654303,0.9657050371170044,0.947780739409069,ok,True,True,36.03514319152954,0.9268562579568069,1.0,0.0,0.9804841750435145
971,1767151289426,56.92802170953282,60.02940431980995,60.71709190202486,60.71709190202486,60.71709190202486,0.9426928162574768,0.9447279855181137,ok,True,True,28.518637223989693,3.1013826102771276,1.0,0.0,0.9804841750435145
972,1767151289460,45.391599747799994,51.246721576603974,52.40977089814561,52.40977089814561,52.40977089814561,0.9154703617095947,0.9271734112330023,ok,True,True,15.80637166619926,5.855121828803981,1.0,0.0,0.9804841750435145
973,1767151289510,34.13545240534288,40.97996007384732,42.31440315100193,42.31440315100193,42.31440315100193,0.9416340589523315,0.9358497998645998,ok,True,True,1.2207522480487256,6.844507668504441,1.0,0.0,0.9804841750435145
974,1767151289553,24.675330525294115,31.197182344715397,32.442476761871205,32.442476761871205,32.442476761871205,0.9482858777046204,0.9433114465686121,ok,True,True,-12.39046185552428,6.521851819421283,1.0,0.0,0.9804841750435145
975,1767151289757,17.035884434563297,22.700403598624135,23.741586123225623,23.741586123225623,23.741586123225623,0.9616807103157043,0.9543330048168674,ok,True,True,-23.77070902279023,5.664519164060838,1.0,0.0,0.9804841750435145
976,1767151289784,12.956930643081293,16.85431982529843,17.53455069552335,17.53455069552335,17.53455069552335,0.9690104126930237,0.9631394495425611,ok,True,True,-31.205712253301606,3.897389182217136,1.0,0.0,0.9804841750435145
977,1767151289816,12.039121210771938,13.965200656582535,14.247471050299719,14.247471050299719,14.247471050299719,0.9592698812484741,0.9608177085661089,ok,True,True,-34.290960778513394,1.926079445810597,1.0,0.0,0.9804841750435145
978,1767151289848,13.647214511926608,13.774408969788979,13.699636038101488,13.699636038101488,13.699636038101488,0.8960869312286377,0.9219792421636263,ok,True,True,-33.47368386124047,0.12719445786237138,1.0,0.0,0.9804841750435145
979,1767151289877,62.229681142826244,42.84757227361134,39.469946889674425,39.469946889674425,39.469946889674425,0.9133881330490112,0.9168245766948573,ok,True,True,3.444157919042894,19.382108869214903,1.0,0.0,0.9804841750435145
980,1767151289914,61.90855445461289,54.28416158221226,52.64361345832955,52.64361345832955,52.64361345832955,0.9448356628417969,0.933631228383021,ok,True,True,21.375541416595997,7.624392872400627,1.0,0.0,0.9804841750435145
981,1767151289929,66.7358287204737,61.75516186516913,60.81777634870564,60.81777634870564,60.81777634870564,0.9298341870307922,0.9313530035716838,ok,True,True,31.621275105271575,4.980666855304577,1.0,0.0,0.9804841750435145
982,1767151289984,65.45585661624047,63.975578715811935,63.74078565734958,63.74078565734958,63.74078565734958,0.9136548638343811,0.9207341197293022,ok,True,True,34.187590785111276,1.4802779004285327,1.0,0.0,0.9804841750435145
983,1767151290018,62.24444605069071,62.9368991167392,63.153803124726224,63.153803124726224,63.153803124726224,0.9394043684005737,0.9319362689320652,ok,True,True,31.816804526085477,0.6924530660484862,1.0,0.0,0.9804841750435145
984,1767151290052,55.58757038168808,58.52730187570853,59.162014307886736,59.162014307886736,59.162014307886736,0.9528707265853882,0.9444969435240589,ok,True,True,24.87932316460256,2.9397314940204495,1.0,0.0,0.9804841750435145
985,1767151290102,44.3565963737761,50.02487857454907,51.13719775960301,51.13719775960301,51.13719775960301,0.9291728734970093,0.9353025015078291,ok,True,True,12.72154395134628,5.668282200772971,1.0,0.0,0.9804841750435145
986,1767151290217,34.193851093085584,40.52626208567098,41.75783724084236,41.75783724084236,41.75783724084236,0.9436687231063843,0.9403222344669623,ok,True,True,-0.7397170089053944,6.332410992585395,1.0,0.0,0.9804841750435145
987,1767151290246,24.539618664879942,30.934276033196355,32.139502796941585,32.139502796941585,32.139502796941585,0.9524804353713989,0.9476171550096243,ok,True,True,-13.912986959123334,6.3946573683164125,1.0,0.0,0.9804841750435145
988,1767151290274,17.64252156574428,22.95922335272511,23.932041986469365,23.932041986469365,23.932041986469365,0.9622257947921753,0.9563823388791549,ok,True,True,-24.546008777434167,5.316701786980833,1.0,0.0,0.9804841750435145
989,1767151290306,10.339587783449925,15.38744201116,16.24975764128536,16.24975764128536,16.24975764128536,0.9783352613449097,0.9695540923586077,ok,True,True,-33.971219799660446,5.047854227710074,1.0,0.0,0.9804841750435145
990,1767151290336,-2.9039368479784198,4.4126146956769485,5.60733538881844,5.60733538881844,5.60733538881844,0.9660006761550903,0.9674220426364972,ok,True,True,-47.029657165386915,7.316551543655368,1.0,0.0,0.9804841750435145
991,1767151290376,-11.092247841842822,-4.890302826834914,-3.8936596018063163,-3.8936596018063163,-3.8936596018063163,0.9658878445625305,0.9665015237921173,ok,True,True,-57.923084562036394,6.201945015007908,1.0,0.0,0.9804841750435145
992,1767151290408,-23.25204892643014,-15.90735048659205,-14.782031958293416,-14.782031958293416,-14.782031958293416,0.9309595227241516,0.9451763231513379,ok,True,True,-70.22294812231281,7.344698439838092,1.0,0.0,0.9804841750435145
993,1767151290439,-38.29421980578112,-29.33947207810549,-27.976012978067097,-27.976012978067097,-27.976012978067097,0.848863422870636,0.8873885829829168,ok,True,True,-85.12571607535148,8.954747727675628,1.0,0.0,0.9804841750435145
994,1767151290470,-55.129347069767135,-44.81339707310248,-43.25092311523649,-43.25092311523649,-43.25092311523649,0.9439937472343445,0.9213516815337734,invalid,True,True,-102.20373977704301,10.315949996664656,1.0,0.0,0.9804841750435145
995,1767151290507,-75.92429733106817,-63.4799372278819,-61.60246955365744,-61.60246955365744,-61.60246955365744,0.8662325739860535,0.8882802170051415,invalid,True,True,-122.72468176020219,12.444360103186277,1.0,0.0,0.9804841750435145
996,1767151290536,-91.73240139797456,-80.4314157299375,-78.7865468735059,-78.7865468735059,-78.7865468735059,0.9209141135215759,0.9078605549150022,invalid,True,True,-140.7032913715136,11.300985668037058,1.0,0.0,0.9804841750435145
997,1767151290567,-106.61380202909932,-96.1408475094346,-94.72744278994065,-94.72744278994065,-94.72744278994065,0.8575006723403931,0.8776446253702368,invalid,True,True,-156.15197080586896,10.472954519664725,1.0,0.0,0.9804841750435145
998,1767151290623,-117.88069401743135,-109.18475541423265,-108.15214547043033,-108.15214547043033,-108.15214547043033,0.5713616609573364,0.6938748467224967,invalid,True,True,-167.43851865908522,8.695938603198698,1.0,0.0,0.9804841750435145
999,1767151290654,-133.19112470878258,-123.58857699096261,-122.48867947961764,-122.48867947961764,-122.48867947961764,0.996802806854248,0.8756316228015475,invalid,True,True,-179.46052752113107,9.602547717819974,1.0,0.0,0.9804841750435145
1000,1767151290704,-139.77147746390366,-133.29831727472725,-132.75952397703875,-132.75952397703875,-132.75952397703875,0.9907257556915283,0.944688102535536,invalid,True,True,-185.34960148739665,6.4731601891764114,1.0,0.0,0.9804841750435145
1001,1767151290738,-144.83770587216526,-140.22195043319005,-140.07863594382886,-140.07863594382886,-140.07863594382886,0.9256985187530518,0.9332943522660455,invalid,True,True,-186.91604567277622,4.615755438975214,1.0,0.0,0.9804841750435145
1002,1767151290772,-147.8066679146285,-144.77278092205313,-144.94425186062318,-144.94425186062318,-144.94425186062318,0.9804731011390686,0.9616016015898594,invalid,True,True,-185.04184819363857,3.0338869925753613,1.0,0.0,0.9804841750435145
1003,1767151290811,-145.78809982963529,-145.38197226660242,-146.02151500138578,-146.02151500138578,-146.02151500138578,0.9912607073783875,0.9793970650629762,invalid,True,True,-178.051571057889,0.406127563032868,1.0,0.0,0.9804841750435145
1004,1767151290834,-133.72755524906492,-138.38932205607992,-139.9035134223479,-139.9035134223479,-139.9035134223479,0.9633471369743347,0.9697671082097913,invalid,True,True,-161.50128174788975,4.661766807014999,1.0,0.0,0.9804841750435145
1005,1767151290872,-132.15558395878153,-134.64907919770087,-135.83632687500747,-135.83632687500747,-135.83632687500747,0.9214460849761963,0.9407744942696343,invalid,True,True,-148.52452532212945,2.493495238919337,1.0,0.0,0.9804841750435145
1006,1767151290890,-121.39432253360232,-126.69622519924174,-128.26886191961714,-128.26886191961714,-128.26886191961714,0.9559456706047058,0.9498772000706772,invalid,True,True,-131.3354214337016,5.3019026656394175,1.0,0.0,0.9804841750435145
1007,1767151290927,-123.60348667038843,-124.84058208192975,-125.71179581509644,-125.71179581509644,-125.71179581509644,0.9881342649459839,0.9728314389958612,invalid,True,True,-121.8129531011216,1.2370954115413184,1.0,0.0,0.9804841750435145
1008,1767151290942,-114.53094793228482,-118.65480159214279,-119.89557745078088,-119.89557745078088,-119.89557745078088,0.9949698448181152,0.9861144824892136,invalid,True,True,-108.25112737235935,4.123853659857971,1.0,0.0,0.9804841750435145
1009,1767151290981,-114.4637040934314,-116.14014309291595,-116.96199086710683,-116.96199086710683,-116.96199086710683,0.9955189228057861,0.9917571466791572,invalid,True,True,-99.26823476403462,1.6764389994845459,1.0,0.0,0.9804841750435145
1010,1767151290996,-109.50622966300773,-112.15979503497101,-113.06504980984478,-113.06504980984478,-113.06504980984478,0.9898759126663208,0.9906284062714553,invalid,True,True,-89.37369385118711,2.653565371963282,1.0,0.0,0.9804841750435145
1011,1767151291037,-106.27185561385637,-108.62703138230223,-109.4548318271609,-109.4548318271609,-109.4548318271609,0.9856721758842468,0.9876546680391303,invalid,True,True,-80.32573785397135,2.3551757684458607,1.0,0.0,0.9804841750435145
1012,1767151291068,-103.67445601241486,-105.6554861603698,-106.37834631393342,-106.37834631393342,-106.37834631393342,0.9883232116699219,0.9880557942176051,invalid,True,True,-72.42479155440647,1.9810301479549395,1.0,0.0,0.9804841750435145
1013,1767151291098,-103.18947562986035,-104.17587984206413,-104.69112485731796,-104.69112485731796,-104.69112485731796,0.9886338114738464,0.9884026045713499,invalid,True,True,-66.79310307833009,0.9864042122037802,1.0,0.0,0.9804841750435145
1014,1767151291133,-103.11727183947441,-103.54071504051029,-103.91759272109756,-103.91759272109756,-103.91759272109756,0.9934377074241638,0.9914236662830382,invalid,True,True,-62.67378580631702,0.4234432010358802,1.0,0.0,0.9804841750435145
1015,1767151291169,-103.03628611868095,-103.23805768741269,-103.54705799140919,-103.54705799140919,-103.54705799140919,0.9929935336112976,0.9923655866799939,invalid,True,True,-59.29637622523865,0.2017715687317434,1.0,0.0,0.9804841750435145
1016,1767151291199,-102.53404073681742,-102.81564751705552,-103.11787276826186,-103.11787276826186,-103.11787276826186,0.9948345422744751,0.9938469600366826,invalid,True,True,-55.99301876614794,0.28160678023810704,1.0,0.0,0.9804841750435145
1017,1767151291234,-114.21735600242503,-109.65667260827723,-109.13520668696573,-109.13520668696573,-109.13520668696573,0.8990238308906555,0.9369530825490664,invalid,True,True,-61.69270247540181,4.5606833941478016,1.0,0.0,0.9804841750435145
1018,1767151291271,-113.77638585029962,-112.12850055349065,-112.0239398180645,-112.0239398180645,-112.0239398180645,0.967207133769989,0.95510551328162,invalid,True,True,-62.83556358286814,1.6478852968089654,1.0,0.0,0.9804841750435145
1019,1767151291295,-110.15815293335498,-110.94629198140925,-111.30032606875719,-111.30032606875719,-111.30032606875719,0.9852493405342102,0.9731918096331741,invalid,True,True,-58.96592946545053,0.788139048054262,1.0,0.0,0.9804841750435145
1020,1767151291318,-104.98253259288684,-107.3680363482958,-108.02627086688211,-108.02627086688211,-108.02627086688211,0.808875560760498,0.8746020603095686,invalid,True,True,-51.771348939422474,2.385503755408962,1.0,0.0,0.9804841750435145
1021,1767151291342,-98.60961271228692,-102.11298216669047,-102.96554347012854,-102.96554347012854,-102.96554347012854,0.6503389477729797,0.7400441927876154,invalid,True,True,-42.45275385247057,3.503369454403554,1.0,0.0,0.9804841750435145
1022,1767151291367,-93.67555867872886,-97.05052807391351,-97.86861492692474,-97.86861492692474,-97.86861492692474,0.9210664629936218,0.8486575549112192,invalid,True,True,-33.51096855394963,3.3749693951846496,1.0,0.0,0.9804841750435145
1023,1767151291393,-89.63995704762901,-92.60418545814281,-93.31639741188732,-93.31639741188732,-93.31639741188732,0.9941526651382446,0.9359546210474345,invalid,True,True,-25.726408327877593,2.9642284105137975,1.0,0.0,0.9804841750435145
1024,1767151291415,-86.86007376008196,-89.1577184393063,-89.7175613402636,-89.7175613402636,-89.7175613402636,0.9403834939002991,0.9386119447591532,invalid,True,True,-19.60725972790288,2.2976446792243337,1.0,0.0,0.9804841750435145
1025,1767151291446,-82.05552733701994,-84.89640377793448,-85.50741898977026,-85.50741898977026,-85.50741898977026,0.9381559491157532,0.9383383473731133,invalid,True,True,-12.928791765417612,2.840876440914542,1.0,0.0,0.9804841750435145
1026,1767151291482,-80.24230584334241,-82.10394501717923,-82.53189234663809,-82.53189234663809,-82.53189234663809,0.9872269630432129,0.967671516775173,invalid,True,True,-8.2512772386758,1.8616391738368208,1.0,0.0,0.9804841750435145
1027,1767151291514,-80.32596120201173,-81.03715472807872,-81.23467351886539,-81.23467351886539,-81.23467351886539,0.9721237421035767,0.9703428519722153,invalid,True,True,-6.092373678330107,0.7111935260669924,1.0,0.0,0.9804841750435145
1028,1767151291579,-80.52862378710996,-80.73203616349747,-80.81079863688576,-80.81079863688576,-80.81079863688576,0.9916793704032898,0.9831447630308601,invalid,True,True,-5.231490602130639,0.20341237638750442,1.0,0.0,0.9804841750435145
1029,1767151291613,-78.71740524025641,-79.52325760955284,-79.68641768512474,-79.68641768512474,-79.68641768512474,0.9929089546203613,0.9890032779845608,invalid,True,True,-3.448131830767692,0.8058523692964314,1.0,0.0,0.9804841750435145
1030,1767151291647,-76.02787870591737,-77.42603026737156,-77.69113174848263,-77.69113174848263,-77.69113174848263,0.9940272569656372,0.9920176653732067,invalid,True,True,-0.5505415349575973,1.3981515614541848,1.0,0.0,0.9804841750435145
1031,1767151291679,-77.08930546020868,-77.22399538307383,-77.27817892161318,-77.27817892161318,-77.27817892161318,0.998143196105957,0.995692983812857,invalid,True,True,0.04169089922670888,0.13468992286514947,1.0,0.0,0.9804841750435145
1032,1767151291714,-73.06647728482267,-74.72948452412314,-75.01378002376501,-75.01378002376501,-75.01378002376501,0.7071090936660767,0.8225426497247887,invalid,True,True,3.149074069823264,1.6630072393004696,1.0,0.0,0.9804841750435145
1033,1767151291746,-84.53017819587069,-80.60990072717166,-79.97362263144146,-79.97362263144146,-79.97362263144146,0.9914414286613464,0.9238819170867234,invalid,True,True,-3.805520177999407,3.9202774686990267,1.0,0.0,0.9804841750435145
1034,1767151291780,-84.92093961498556,-83.19652405986,-82.85098499017249,-82.85098499017249,-82.85098499017249,0.990192711353302,0.9636683936466706,invalid,True,True,-7.582302755574931,1.7244155551255602,1.0,0.0,0.9804841750435145
1035,1767151291813,-85.38163750017632,-84.5075921240498,-84.35091195368835,-84.35091195368835,-84.35091195368835,0.9896979331970215,0.9792861173768811,invalid,True,True,-9.294835402629268,0.8740453761265314,1.0,0.0,0.9804841750435145
1036,1767151291846,-85.70251705291355,-85.22454708136806,-85.16162258215955,-85.16162258215955,-85.16162258215955,0.9884100556373596,0.9847604803331682,invalid,True,True,-9.982607562600306,0.47796997154549103,1.0,0.0,0.9804841750435145
1037,1767151291882,-85.29514295719989,-85.26690460686714,-85.29229188817098,-85.29229188817098,-85.29229188817098,0.9884448647499084,0.9869711109832123,invalid,True,True,-9.705121598981007,0.028238350332742357,1.0,0.0,0.9804841750435145
1038,1767151291917,-83.98887104043729,-84.50008446700923,-84.62460500472989,-84.62460500472989,-84.62460500472989,0.9885639548301697,0.9879268172913868,invalid,True,True,-8.344097510333018,0.5112134265719419,1.0,0.0,0.9804841750435145
1039,1767151291947,-81.82415105799763,-82.89452442160227,-83.11865430391906,-83.11865430391906,-83.11865430391906,0.9885659217834473,0.9883102799866231,invalid,True,True,-5.894331596991789,1.070373363604645,1.0,0.0,0.9804841750435145
1040,1767151291979,-80.00075390477394,-81.15826211150528,-81.39898259114766,-81.39898259114766,-81.39898259114766,0.988506555557251,0.9884280453289997,invalid,True,True,-3.2632285081250108,1.157508206731336,1.0,0.0,0.9804841750435145
1041,1767151292013,-77.60248802372504,-79.02479765883714,-79.30191179074431,-79.30191179074431,-79.30191179074431,0.9871402978897095,0.9876553968654256,invalid,True,True,-0.23433852953749046,1.4223096351121,1.0,0.0,0.9804841750435145
1042,1767151292047,-74.23730746599381,-76.15230354313115,-76.50469176080694,-76.50469176080694,-76.50469176080694,0.9881991147994995,0.9879816276258699,invalid,True,True,3.6173060392354635,1.9149960771373458,1.0,0.0,0.9804841750435145
1043,1767151292081,-69.1956316799187,-71.97830042520368,-72.47001750364599,-72.47001750364599,-72.47001750364599,0.9900972843170166,0.9892510216405579,invalid,True,True,8.991831405170894,2.7826687452849797,1.0,0.0,0.9804841750435145
1044,1767151292113,-63.72610978496786,-67.0269860410622,-67.60101164100972,-67.60101164100972,-67.60101164100972,0.9929507374763489,0.9914708511420325,invalid,True,True,15.26599856932039,3.300876256094341,1.0,0.0,0.9804841750435145
1045,1767151292146,-55.89356755099962,-60.34693494702466,-61.099743540289715,-61.099743540289715,-61.099743540289715,0.9913027286529541,0.9913699776485855,invalid,True,True,23.494284829001145,4.453367396025037,1.0,0.0,0.9804841750435145
1046,1767151292181,-47.29121555090274,-52.513503309351506,-53.384378895726094,-53.384378895726094,-53.384378895726094,0.9903318285942078,0.9907470882159588,invalid,True,True,33.013057177465086,5.222287758448765,1.0,0.0,0.9804841750435145
1047,1767151292218,-37.126349502986855,-43.28121102553271,-44.28597357734027,-44.28597357734027,-44.28597357734027,0.8162193298339844,0.8860304331867741,invalid,True,True,43.9952297685383,6.154861522545858,1.0,0.0,0.9804841750435145
1048,1767151292257,0.0,0.0,0.0,0.0,-44.28597357734027,0.0,0.35441217327470964,ok,False,False,43.9952297685383,0.0,1.0,0.0,0.9804841750435145
1049,1767151292286,0.0,0.0,0.0,0.0,-44.28597357734027,0.0,0.14176486930988386,soft,False,False,43.9952297685383,0.0,1.0,0.0,0.9804841750435145
1050,1767151292316,0.0,0.0,0.0,0.0,-44.28597357734027,0.0,0.05670594772395354,hard,False,False,43.9952297685383,0.0,1.0,0.0,0.9804841750435145
1051,1767151292358,0.0,0.0,0.0,0.0,-44.28597357734027,0.0,0.022682379089581418,hard,False,False,43.9952297685383,0.0,1.0,0.0,0.9804841750435145
1052,1767151292388,0.0,0.0,0.0,0.0,-44.28597357734027,0.0,0.009072951635832568,hard,False,False,43.9952297685383,0.0,1.0,0.0,0.9804841750435145
1053,1767151292423,0.0,0.0,0.0,0.0,-44.28597357734027,0.0,0.0036291806543330275,hard,False,False,43.9952297685383,0.0,1.0,0.0,0.9804841750435145
1054,1767151292451,0.0,0.0,0.0,0.0,-44.28597357734027,0.0,0.001451672261733211,hard,False,False,43.9952297685383,0.0,1.0,0.0,0.9804841750435145
1055,1767151292482,0.0,0.0,0.0,0.0,-44.28597357734027,0.0,0.0005806689046932845,hard,False,False,43.9952297685383,0.0,1.0,0.0,0.9804841750435145
1056,1767151292513,0.0,0.0,0.0,0.0,-44.28597357734027,0.0,0.0002322675618773138,hard,False,False,43.9952297685383,0.0,1.0,0.0,0.9804841750435145
1057,1767151292546,0.0,0.0,0.0,0.0,-44.28597357734027,0.0,9.290702475092552e-05,hard,False,False,43.9952297685383,0.0,1.0,0.0,0.9804841750435145
1058,1767151292582,0.0,0.0,0.0,0.0,-44.28597357734027,0.0,3.716280990037021e-05,hard,False,False,43.9952297685383,0.0,1.0,0.0,0.9804841750435145
1059,1767151292613,0.0,0.0,0.0,0.0,-44.28597357734027,0.0,1.4865123960148086e-05,hard,False,False,43.9952297685383,0.0,1.0,0.0,0.9804841750435145
1060,1767151292650,0.0,0.0,0.0,0.0,-44.28597357734027,0.0,5.9460495840592345e-06,hard,False,False,43.9952297685383,0.0,1.0,0.0,0.9804841750435145
1061,1767151292680,0.0,0.0,0.0,0.0,-44.28597357734027,0.0,2.378419833623694e-06,hard,False,False,43.9952297685383,0.0,1.0,0.0,0.9804841750435145
1062,1767151292713,0.0,0.0,0.0,0.0,-44.28597357734027,0.0,9.513679334494776e-07,hard,False,False,43.9952297685383,0.0,1.0,0.0,0.9804841750435145
1063,1767151292747,0.0,0.0,0.0,0.0,-44.28597357734027,0.0,3.8054717337979106e-07,hard,False,False,43.9952297685383,0.0,1.0,0.0,0.9804841750435145
1064,1767151292780,0.0,0.0,0.0,0.0,-44.28597357734027,0.0,1.5221886935191643e-07,hard,False,False,43.9952297685383,0.0,1.0,0.0,0.9804841750435145
1065,1767151292813,0.0,0.0,0.0,0.0,-44.28597357734027,0.0,6.088754774076657e-08,hard,False,False,43.9952297685383,0.0,1.0,0.0,0.9804841750435145
1066,1767151292847,0.0,0.0,0.0,0.0,-44.28597357734027,0.0,2.435501909630663e-08,hard,False,False,43.9952297685383,0.0,1.0,0.0,0.9804841750435145
1067,1767151292880,0.0,0.0,0.0,0.0,-44.28597357734027,0.0,9.742007638522653e-09,hard,False,False,43.9952297685383,0.0,1.0,0.0,0.9804841750435145
1068,1767151292913,0.0,0.0,0.0,0.0,-44.28597357734027,0.0,3.8968030554090616e-09,hard,False,False,43.9952297685383,0.0,1.0,0.0,0.9804841750435145
1069,1767151292947,0.0,0.0,0.0,0.0,-44.28597357734027,0.0,1.5587212221636247e-09,hard,False,False,43.9952297685383,0.0,1.0,0.0,0.9804841750435145
1070,1767151292980,0.0,0.0,0.0,0.0,-44.28597357734027,0.0,6.234884888654499e-10,hard,False,False,43.9952297685383,0.0,1.0,0.0,0.9804841750435145
1071,1767151293013,0.0,0.0,0.0,0.0,-44.28597357734027,0.0,2.4939539554617996e-10,hard,False,False,43.9952297685383,0.0,1.0,0.0,0.9804841750435145
1072,1767151293046,0.0,0.0,0.0,0.0,-44.28597357734027,0.0,9.975815821847199e-11,hard,False,False,43.9952297685383,0.0,1.0,0.0,0.9804841750435145
1073,1767151293082,0.0,0.0,0.0,0.0,-44.28597357734027,0.0,3.99032632873888e-11,hard,False,False,43.9952297685383,0.0,1.0,0.0,0.9804841750435145
1074,1767151293113,0.0,0.0,0.0,0.0,-44.28597357734027,0.0,1.596130531495552e-11,hard,False,False,43.9952297685383,0.0,1.0,0.0,0.9804841750435145
1075,1767151293148,0.0,0.0,0.0,0.0,-44.28597357734027,0.0,6.384522125982208e-12,hard,False,False,43.9952297685383,0.0,1.0,0.0,0.9804841750435145
1076,1767151293180,0.0,0.0,0.0,0.0,-44.28597357734027,0.0,2.5538088503928835e-12,hard,False,False,43.9952297685383,0.0,1.0,0.0,0.9804841750435145
1077,1767151293215,0.0,0.0,0.0,0.0,-44.28597357734027,0.0,1.0215235401571534e-12,hard,False,False,43.9952297685383,0.0,1.0,0.0,0.9804841750435145
1078,1767151293246,0.0,0.0,0.0,0.0,-44.28597357734027,0.0,4.086094160628614e-13,hard,False,False,43.9952297685383,0.0,1.0,0.0,0.9804841750435145
1079,1767151293281,0.0,0.0,0.0,0.0,-44.28597357734027,0.0,1.6344376642514458e-13,hard,False,False,43.9952297685383,0.0,1.0,0.0,0.9804841750435145
1080,1767151293313,0.0,0.0,0.0,0.0,-44.28597357734027,0.0,6.537750657005784e-14,hard,False,False,43.9952297685383,0.0,1.0,0.0,0.9804841750435145
1081,1767151293347,0.0,0.0,0.0,0.0,-44.28597357734027,0.0,2.615100262802314e-14,hard,False,False,43.9952297685383,0.0,1.0,0.0,0.9804841750435145
1082,1767151293381,0.0,0.0,0.0,0.0,-44.28597357734027,0.0,1.0460401051209257e-14,hard,False,False,43.9952297685383,0.0,1.0,0.0,0.9804841750435145
1083,1767151293414,0.0,0.0,0.0,0.0,-44.28597357734027,0.0,4.184160420483703e-15,hard,False,False,43.9952297685383,0.0,1.0,0.0,0.9804841750435145
1084,1767151293447,0.0,0.0,0.0,0.0,-44.28597357734027,0.0,1.6736641681934814e-15,hard,False,False,43.9952297685383,0.0,1.0,0.0,0.9804841750435145
1085,1767151293481,0.0,0.0,0.0,0.0,-44.28597357734027,0.0,6.694656672773926e-16,hard,False,False,43.9952297685383,0.0,1.0,0.0,0.9804841750435145
1086,1767151293516,0.0,0.0,0.0,0.0,-44.28597357734027,0.0,2.6778626691095706e-16,hard,False,False,43.9952297685383,0.0,1.0,0.0,0.9804841750435145
1087,1767151293547,0.0,0.0,0.0,0.0,-44.28597357734027,0.0,1.0711450676438282e-16,hard,False,False,43.9952297685383,0.0,1.0,0.0,0.9804841750435145
1088,1767151293580,0.0,0.0,0.0,0.0,-44.28597357734027,0.0,4.284580270575313e-17,hard,False,False,43.9952297685383,0.0,1.0,0.0,0.9804841750435145
1089,1767151293613,0.0,0.0,0.0,0.0,-44.28597357734027,0.0,1.7138321082301252e-17,hard,False,False,43.9952297685383,0.0,1.0,0.0,0.9804841750435145
1090,1767151293647,0.0,0.0,0.0,0.0,-44.28597357734027,0.0,6.855328432920501e-18,hard,False,False,43.9952297685383,0.0,1.0,0.0,0.9804841750435145
1091,1767151293680,0.0,0.0,0.0,0.0,-44.28597357734027,0.0,2.7421313731682004e-18,hard,False,False,43.9952297685383,0.0,1.0,0.0,0.9804841750435145
1092,1767151293714,0.0,0.0,0.0,0.0,-44.28597357734027,0.0,1.0968525492672802e-18,hard,False,False,43.9952297685383,0.0,1.0,0.0,0.9804841750435145
1093,1767151293747,0.0,0.0,0.0,0.0,-44.28597357734027,0.0,4.387410197069121e-19,hard,False,False,43.9952297685383,0.0,1.0,0.0,0.9804841750435145
1094,1767151293780,0.0,0.0,0.0,0.0,-44.28597357734027,0.0,1.7549640788276484e-19,hard,False,False,43.9952297685383,0.0,1.0,0.0,0.9804841750435145
1095,1767151293813,0.0,0.0,0.0,0.0,-44.28597357734027,0.0,7.019856315310594e-20,hard,False,False,43.9952297685383,0.0,1.0,0.0,0.9804841750435145
1096,1767151293847,0.0,0.0,0.0,0.0,-44.28597357734027,0.0,2.807942526124238e-20,hard,False,False,43.9952297685383,0.0,1.0,0.0,0.9804841750435145
1097,1767151293880,0.0,0.0,0.0,0.0,-44.28597357734027,0.0,1.1231770104496952e-20,hard,False,False,43.9952297685383,0.0,1.0,0.0,0.9804841750435145
1098,1767151293916,0.0,0.0,0.0,0.0,-44.28597357734027,0.0,4.492708041798781e-21,hard,False,False,43.9952297685383,0.0,1.0,0.0,0.9804841750435145
1099,1767151293947,0.0,0.0,0.0,0.0,-44.28597357734027,0.0,1.7970832167195127e-21,hard,False,False,43.9952297685383,0.0,1.0,0.0,0.9804841750435145
1100,1767151293984,0.0,0.0,0.0,0.0,-44.28597357734027,0.0,7.188332866878051e-22,hard,False,False,43.9952297685383,0.0,1.0,0.0,0.9804841750435145
1101,1767151294014,0.0,0.0,0.0,0.0,-44.28597357734027,0.0,2.8753331467512203e-22,hard,False,False,43.9952297685383,0.0,1.0,0.0,0.9804841750435145
1102,1767151294047,0.0,0.0,0.0,0.0,-44.28597357734027,0.0,1.1501332587004882e-22,hard,False,False,43.9952297685383,0.0,1.0,0.0,0.9804841750435145
1103,1767151294080,0.0,0.0,0.0,0.0,-44.28597357734027,0.0,4.600533034801953e-23,hard,False,False,43.9952297685383,0.0,1.0,0.0,0.9804841750435145
1104,1767151294114,0.0,0.0,0.0,0.0,-44.28597357734027,0.0,1.8402132139207815e-23,hard,False,False,43.9952297685383,0.0,1.0,0.0,0.9804841750435145
1105,1767151294147,0.0,0.0,0.0,0.0,-44.28597357734027,0.0,7.360852855683127e-24,hard,False,False,43.9952297685383,0.0,1.0,0.0,0.9804841750435145
1106,1767151294180,0.0,0.0,0.0,0.0,-44.28597357734027,0.0,2.944341142273251e-24,hard,False,False,43.9952297685383,0.0,1.0,0.0,0.9804841750435145
1107,1767151294214,0.0,0.0,0.0,0.0,-44.28597357734027,0.0,1.1777364569093005e-24,hard,False,False,43.9952297685383,0.0,1.0,0.0,0.9804841750435145
1108,1767151294247,0.0,0.0,0.0,0.0,-44.28597357734027,0.0,4.710945827637202e-25,hard,False,False,43.9952297685383,0.0,1.0,0.0,0.9804841750435145
1109,1767151294280,0.0,0.0,0.0,0.0,-44.28597357734027,0.0,1.884378331054881e-25,hard,False,False,43.9952297685383,0.0,1.0,0.0,0.9804841750435145
1110,1767151294313,0.0,0.0,0.0,0.0,-44.28597357734027,0.0,7.537513324219525e-26,hard,False,False,43.9952297685383,0.0,1.0,0.0,0.9804841750435145
1111,1767151294347,0.0,0.0,0.0,0.0,-44.28597357734027,0.0,3.0150053296878097e-26,hard,False,False,43.9952297685383,0.0,1.0,0.0,0.9804841750435145
1112,1767151294380,0.0,0.0,0.0,0.0,-44.28597357734027,0.0,1.206002131875124e-26,hard,False,False,43.9952297685383,0.0,1.0,0.0,0.9804841750435145
1113,1767151294419,0.0,0.0,0.0,0.0,-44.28597357734027,0.0,4.824008527500496e-27,hard,False,False,43.9952297685383,0.0,1.0,0.0,0.9804841750435145
1114,1767151294448,0.0,0.0,0.0,0.0,-44.28597357734027,0.0,1.9296034110001986e-27,hard,False,False,43.9952297685383,0.0,1.0,0.0,0.9804841750435145
1115,1767151294481,0.0,0.0,0.0,0.0,-44.28597357734027,0.0,7.718413644000795e-28,hard,False,False,43.9952297685383,0.0,1.0,0.0,0.9804841750435145
1116,1767151294524,0.0,0.0,0.0,0.0,-44.28597357734027,0.0,3.0873654576003184e-28,hard,False,False,43.9952297685383,0.0,1.0,0.0,0.9804841750435145
1117,1767151294582,0.0,0.0,0.0,0.0,-44.28597357734027,0.0,1.2349461830401273e-28,hard,False,False,43.9952297685383,0.0,1.0,0.0,0.9804841750435145
1118,1767151294614,0.0,0.0,0.0,0.0,-44.28597357734027,0.0,4.9397847321605095e-29,hard,False,False,43.9952297685383,0.0,1.0,0.0,0.9804841750435145
1119,1767151294651,0.0,0.0,0.0,0.0,-44.28597357734027,0.0,1.975913892864204e-29,hard,False,False,43.9952297685383,0.0,1.0,0.0,0.9804841750435145
1120,1767151294681,0.0,0.0,0.0,0.0,-44.28597357734027,0.0,7.903655571456816e-30,hard,False,False,43.9952297685383,0.0,1.0,0.0,0.9804841750435145
1121,1767151294714,0.0,0.0,0.0,0.0,-44.28597357734027,0.0,3.161462228582727e-30,hard,False,False,43.9952297685383,0.0,1.0,0.0,0.9804841750435145
1122,1767151294747,0.0,0.0,0.0,0.0,-44.28597357734027,0.0,1.2645848914330909e-30,hard,False,False,43.9952297685383,0.0,1.0,0.0,0.9804841750435145
1123,1767151294781,0.0,0.0,0.0,0.0,-44.28597357734027,0.0,5.058339565732364e-31,hard,False,False,43.9952297685383,0.0,1.0,0.0,0.9804841750435145
1124,1767151294814,0.0,0.0,0.0,0.0,-44.28597357734027,0.0,2.023335826292946e-31,hard,False,False,43.9952297685383,0.0,1.0,0.0,0.9804841750435145
1125,1767151294847,0.0,0.0,0.0,0.0,-44.28597357734027,0.0,8.093343305171784e-32,hard,False,False,43.9952297685383,0.0,1.0,0.0,0.9804841750435145
1126,1767151294880,0.0,0.0,0.0,0.0,-44.28597357734027,0.0,3.2373373220687137e-32,hard,False,False,43.9952297685383,0.0,1.0,0.0,0.9804841750435145
1127,1767151294914,0.0,0.0,0.0,0.0,-44.28597357734027,0.0,1.2949349288274856e-32,hard,False,False,43.9952297685383,0.0,1.0,0.0,0.9804841750435145
1128,1767151294947,0.0,0.0,0.0,0.0,-44.28597357734027,0.0,5.1797397153099426e-33,hard,False,False,43.9952297685383,0.0,1.0,0.0,0.9804841750435145
1129,1767151294982,0.0,0.0,0.0,0.0,-44.28597357734027,0.0,2.071895886123977e-33,hard,False,False,43.9952297685383,0.0,1.0,0.0,0.9804841750435145
1130,1767151295016,0.0,0.0,0.0,0.0,-44.28597357734027,0.0,8.287583544495908e-34,hard,False,False,43.9952297685383,0.0,1.0,0.0,0.9804841750435145
1131,1767151295047,0.0,0.0,0.0,0.0,-44.28597357734027,0.0,3.3150334177983636e-34,hard,False,False,43.9952297685383,0.0,1.0,0.0,0.9804841750435145
1132,1767151295080,0.0,0.0,0.0,0.0,-44.28597357734027,0.0,1.3260133671193455e-34,hard,False,False,43.9952297685383,0.0,1.0,0.0,0.9804841750435145
1133,1767151295114,0.0,0.0,0.0,0.0,-44.28597357734027,0.0,5.304053468477382e-35,hard,False,False,43.9952297685383,0.0,1.0,0.0,0.9804841750435145
1134,1767151295147,0.0,0.0,0.0,0.0,-44.28597357734027,0.0,2.1216213873909528e-35,hard,False,False,43.9952297685383,0.0,1.0,0.0,0.9804841750435145
1135,1767151295180,0.0,0.0,0.0,0.0,-44.28597357734027,0.0,8.486485549563812e-36,hard,False,False,43.9952297685383,0.0,1.0,0.0,0.9804841750435145
1136,1767151295214,0.0,0.0,0.0,0.0,-44.28597357734027,0.0,3.394594219825525e-36,hard,False,False,43.9952297685383,0.0,1.0,0.0,0.9804841750435145
1137,1767151295247,0.0,0.0,0.0,0.0,-44.28597357734027,0.0,1.3578376879302099e-36,hard,False,False,43.9952297685383,0.0,1.0,0.0,0.9804841750435145
1138,1767151295282,0.0,0.0,0.0,0.0,-44.28597357734027,0.0,5.43135075172084e-37,hard,False,False,43.9952297685383,0.0,1.0,0.0,0.9804841750435145
1139,1767151295314,0.0,0.0,0.0,0.0,-44.28597357734027,0.0,2.172540300688336e-37,hard,False,False,43.9952297685383,0.0,1.0,0.0,0.9804841750435145
1140,1767151295348,0.0,0.0,0.0,0.0,-44.28597357734027,0.0,8.690161202753344e-38,hard,False,False,43.9952297685383,0.0,1.0,0.0,0.9804841750435145
1141,1767151295381,0.0,0.0,0.0,0.0,-44.28597357734027,0.0,3.476064481101338e-38,hard,False,False,43.9952297685383,0.0,1.0,0.0,0.9804841750435145
1142,1767151295416,0.0,0.0,0.0,0.0,-44.28597357734027,0.0,1.390425792440535e-38,hard,False,False,43.9952297685383,0.0,1.0,0.0,0.9804841750435145
1143,1767151295447,0.0,0.0,0.0,0.0,-44.28597357734027,0.0,5.5617031697621405e-39,hard,False,False,43.9952297685383,0.0,1.0,0.0,0.9804841750435145
1144,1767151295481,0.0,0.0,0.0,0.0,-44.28597357734027,0.0,2.2246812679048562e-39,hard,False,False,43.9952297685383,0.0,1.0,0.0,0.9804841750435145
1145,1767151295514,0.0,0.0,0.0,0.0,-44.28597357734027,0.0,8.898725071619426e-40,hard,False,False,43.9952297685383,0.0,1.0,0.0,0.9804841750435145
1146,1767151295547,0.0,0.0,0.0,0.0,-44.28597357734027,0.0,3.5594900286477704e-40,hard,False,False,43.9952297685383,0.0,1.0,0.0,0.9804841750435145
1147,1767151295581,0.0,0.0,0.0,0.0,-44.28597357734027,0.0,1.4237960114591082e-40,hard,False,False,43.9952297685383,0.0,1.0,0.0,0.9804841750435145
1148,1767151295614,0.0,0.0,0.0,0.0,-44.28597357734027,0.0,5.695184045836433e-41,hard,False,False,43.9952297685383,0.0,1.0,0.0,0.9804841750435145
1149,1767151295647,0.0,0.0,0.0,0.0,-44.28597357734027,0.0,2.2780736183345735e-41,hard,False,False,43.9952297685383,0.0,1.0,0.0,0.9804841750435145
1150,1767151295681,0.0,0.0,0.0,0.0,-44.28597357734027,0.0,9.112294473338295e-42,hard,False,False,43.9952297685383,0.0,1.0,0.0,0.9804841750435145
1151,1767151295714,0.0,0.0,0.0,0.0,-44.28597357734027,0.0,3.6449177893353185e-42,hard,False,False,43.9952297685383,0.0,1.0,0.0,0.9804841750435145
1152,1767151295747,0.0,0.0,0.0,0.0,-44.28597357734027,0.0,1.4579671157341276e-42,hard,False,False,43.9952297685383,0.0,1.0,0.0,0.9804841750435145
1153,1767151295781,0.0,0.0,0.0,0.0,-44.28597357734027,0.0,5.8318684629365106e-43,hard,False,False,43.9952297685383,0.0,1.0,0.0,0.9804841750435145
1154,1767151295847,0.0,0.0,0.0,0.0,-44.28597357734027,0.0,2.3327473851746042e-43,hard,False,False,43.9952297685383,0.0,1.0,0.0,0.9804841750435145
1155,1767151296045,0.0,0.0,0.0,0.0,-44.28597357734027,0.0,9.330989540698417e-44,hard,False,False,43.9952297685383,0.0,1.0,0.0,0.9804841750435145
1156,1767151296063,0.0,0.0,0.0,0.0,-44.28597357734027,0.0,3.732395816279367e-44,hard,False,False,43.9952297685383,0.0,1.0,0.0,0.9804841750435145
1157,1767151296093,0.0,0.0,0.0,0.0,-44.28597357734027,0.0,1.492958326511747e-44,hard,False,False,43.9952297685383,0.0,1.0,0.0,0.9804841750435145
1158,1767151296120,0.0,0.0,0.0,0.0,-44.28597357734027,0.0,5.971833306046987e-45,hard,False,False,43.9952297685383,0.0,1.0,0.0,0.9804841750435145
1159,1767151296144,0.0,0.0,0.0,0.0,-44.28597357734027,0.0,2.388733322418795e-45,hard,False,False,43.9952297685383,0.0,1.0,0.0,0.9804841750435145
1160,1767151296169,0.0,0.0,0.0,0.0,-44.28597357734027,0.0,9.55493328967518e-46,hard,False,False,43.9952297685383,0.0,1.0,0.0,0.9804841750435145
1161,1767151296191,0.0,0.0,0.0,0.0,-44.28597357734027,0.0,3.8219733158700726e-46,hard,False,False,43.9952297685383,0.0,1.0,0.0,0.9804841750435145
1162,1767151296215,0.0,0.0,0.0,0.0,-44.28597357734027,0.0,1.5287893263480292e-46,hard,False,False,43.9952297685383,0.0,1.0,0.0,0.9804841750435145
1163,1767151296242,0.0,0.0,0.0,0.0,-44.28597357734027,0.0,6.115157305392117e-47,hard,False,False,43.9952297685383,0.0,1.0,0.0,0.9804841750435145
1164,1767151296264,0.0,0.0,0.0,0.0,-44.28597357734027,0.0,2.446062922156847e-47,hard,False,False,43.9952297685383,0.0,1.0,0.0,0.9804841750435145
1165,1767151296287,0.0,0.0,0.0,0.0,-44.28597357734027,0.0,9.784251688627389e-48,hard,False,False,43.9952297685383,0.0,1.0,0.0,0.9804841750435145
1166,1767151296314,0.0,0.0,0.0,0.0,-44.28597357734027,0.0,3.913700675450956e-48,hard,False,False,43.9952297685383,0.0,1.0,0.0,0.9804841750435145
1167,1767151296348,0.0,0.0,0.0,0.0,-44.28597357734027,0.0,1.5654802701803823e-48,hard,False,False,43.9952297685383,0.0,1.0,0.0,0.9804841750435145
1168,1767151296381,0.0,0.0,0.0,0.0,-44.28597357734027,0.0,6.26192108072153e-49,hard,False,False,43.9952297685383,0.0,1.0,0.0,0.9804841750435145
1169,1767151296414,0.0,0.0,0.0,0.0,-44.28597357734027,0.0,2.504768432288612e-49,hard,False,False,43.9952297685383,0.0,1.0,0.0,0.9804841750435145
1170,1767151296500,0.0,0.0,0.0,0.0,-44.28597357734027,0.0,1.0019073729154448e-49,hard,False,False,43.9952297685383,0.0,1.0,0.0,0.9804841750435145
1171,1767151296521,0.0,0.0,0.0,0.0,-44.28597357734027,0.0,4.0076294916617796e-50,hard,False,False,43.9952297685383,0.0,1.0,0.0,0.9804841750435145
1172,1767151296549,0.0,0.0,0.0,0.0,-44.28597357734027,0.0,1.603051796664712e-50,hard,False,False,43.9952297685383,0.0,1.0,0.0,0.9804841750435145
1173,1767151296573,0.0,0.0,0.0,0.0,-44.28597357734027,0.0,6.412207186658848e-51,hard,False,False,43.9952297685383,0.0,1.0,0.0,0.9804841750435145
1174,1767151296594,0.0,0.0,0.0,0.0,-44.28597357734027,0.0,2.5648828746635394e-51,hard,False,False,43.9952297685383,0.0,1.0,0.0,0.9804841750435145
1175,1767151296619,0.0,0.0,0.0,0.0,-44.28597357734027,0.0,1.0259531498654157e-51,hard,False,False,43.9952297685383,0.0,1.0,0.0,0.9804841750435145
1176,1767151296648,0.0,0.0,0.0,0.0,-44.28597357734027,0.0,4.1038125994616636e-52,hard,False,False,43.9952297685383,0.0,1.0,0.0,0.9804841750435145
1177,1767151296682,0.0,0.0,0.0,0.0,-44.28597357734027,0.0,1.6415250397846655e-52,hard,False,False,43.9952297685383,0.0,1.0,0.0,0.9804841750435145
1178,1767151296718,0.0,0.0,0.0,0.0,-44.28597357734027,0.0,6.566100159138663e-53,hard,False,False,43.9952297685383,0.0,1.0,0.0,0.9804841750435145
1179,1767151296750,0.0,0.0,0.0,0.0,-44.28597357734027,0.0,2.6264400636554653e-53,hard,False,False,43.9952297685383,0.0,1.0,0.0,0.9804841750435145
1180,1767151296781,0.0,0.0,0.0,0.0,-44.28597357734027,0.0,1.0505760254621862e-53,hard,False,False,43.9952297685383,0.0,1.0,0.0,0.9804841750435145
1181,1767151296820,0.0,0.0,0.0,0.0,-44.28597357734027,0.0,4.202304101848745e-54,hard,False,False,43.9952297685383,0.0,1.0,0.0,0.9804841750435145
1182,1767151296855,0.0,0.0,0.0,0.0,-44.28597357734027,0.0,1.6809216407394982e-54,hard,False,False,43.9952297685383,0.0,1.0,0.0,0.9804841750435145
1183,1767151296892,0.0,0.0,0.0,0.0,-44.28597357734027,0.0,6.723686562957993e-55,hard,False,False,43.9952297685383,0.0,1.0,0.0,0.9804841750435145
1184,1767151296922,0.0,0.0,0.0,0.0,-44.28597357734027,0.0,2.6894746251831973e-55,hard,False,False,43.9952297685383,0.0,1.0,0.0,0.9804841750435145
1185,1767151296948,0.0,0.0,0.0,0.0,-44.28597357734027,0.0,1.075789850073279e-55,hard,False,False,43.9952297685383,0.0,1.0,0.0,0.9804841750435145
1186,1767151296982,0.0,0.0,0.0,0.0,-44.28597357734027,0.0,4.303159400293116e-56,hard,False,False,43.9952297685383,0.0,1.0,0.0,0.9804841750435145
1187,1767151297016,0.0,0.0,0.0,0.0,-44.28597357734027,0.0,1.7212637601172465e-56,hard,False,False,43.9952297685383,0.0,1.0,0.0,0.9804841750435145
1188,1767151297048,0.0,0.0,0.0,0.0,-44.28597357734027,0.0,6.885055040468986e-57,hard,False,False,43.9952297685383,0.0,1.0,0.0,0.9804841750435145
1189,1767151297081,0.0,0.0,0.0,0.0,-44.28597357734027,0.0,2.754022016187594e-57,hard,False,False,43.9952297685383,0.0,1.0,0.0,0.9804841750435145
1190,1767151297115,0.0,0.0,0.0,0.0,-44.28597357734027,0.0,1.1016088064750378e-57,hard,False,False,43.9952297685383,0.0,1.0,0.0,0.9804841750435145
1191,1767151297148,0.0,0.0,0.0,0.0,-44.28597357734027,0.0,4.406435225900152e-58,hard,False,False,43.9952297685383,0.0,1.0,0.0,0.9804841750435145
1192,1767151297181,0.0,0.0,0.0,0.0,-44.28597357734027,0.0,1.762574090360061e-58,hard,False,False,43.9952297685383,0.0,1.0,0.0,0.9804841750435145
1193,1767151297215,0.0,0.0,0.0,0.0,-44.28597357734027,0.0,7.050296361440244e-59,hard,False,False,43.9952297685383,0.0,1.0,0.0,0.9804841750435145
1194,1767151297248,0.0,0.0,0.0,0.0,-44.28597357734027,0.0,2.820118544576098e-59,hard,False,False,43.9952297685383,0.0,1.0,0.0,0.9804841750435145
1195,1767151297281,0.0,0.0,0.0,0.0,-44.28597357734027,0.0,1.1280474178304392e-59,hard,False,False,43.9952297685383,0.0,1.0,0.0,0.9804841750435145
1196,1767151297315,0.0,0.0,0.0,0.0,-44.28597357734027,0.0,4.512189671321757e-60,hard,False,False,43.9952297685383,0.0,1.0,0.0,0.9804841750435145
1197,1767151297350,0.0,0.0,0.0,0.0,-44.28597357734027,0.0,1.804875868528703e-60,hard,False,False,43.9952297685383,0.0,1.0,0.0,0.9804841750435145
1198,1767151297381,0.0,0.0,0.0,0.0,-44.28597357734027,0.0,7.219503474114812e-61,hard,False,False,43.9952297685383,0.0,1.0,0.0,0.9804841750435145
1199,1767151297420,0.0,0.0,0.0,0.0,-44.28597357734027,0.0,2.887801389645925e-61,hard,False,False,43.9952297685383,0.0,1.0,0.0,0.9804841750435145
1200,1767151297448,0.0,0.0,0.0,0.0,-44.28597357734027,0.0,1.1551205558583701e-61,hard,False,False,43.9952297685383,0.0,1.0,0.0,0.9804841750435145
1201,1767151297482,0.0,0.0,0.0,0.0,-44.28597357734027,0.0,4.62048222343348e-62,hard,False,False,43.9952297685383,0.0,1.0,0.0,0.9804841750435145
1202,1767151297515,0.0,0.0,0.0,0.0,-44.28597357734027,0.0,1.8481928893733923e-62,hard,False,False,43.9952297685383,0.0,1.0,0.0,0.9804841750435145
1203,1767151297548,0.0,0.0,0.0,0.0,-44.28597357734027,0.0,7.39277155749357e-63,hard,False,False,43.9952297685383,0.0,1.0,0.0,0.9804841750435145
1204,1767151297581,0.0,0.0,0.0,0.0,-44.28597357734027,0.0,2.9571086229974283e-63,hard,False,False,43.9952297685383,0.0,1.0,0.0,0.9804841750435145
1205,1767151297615,0.0,0.0,0.0,0.0,-44.28597357734027,0.0,1.1828434491989714e-63,hard,False,False,43.9952297685383,0.0,1.0,0.0,0.9804841750435145
1206,1767151297651,0.0,0.0,0.0,0.0,-44.28597357734027,0.0,4.731373796795886e-64,hard,False,False,43.9952297685383,0.0,1.0,0.0,0.9804841750435145
1207,1767151297681,0.0,0.0,0.0,0.0,-44.28597357734027,0.0,1.8925495187183544e-64,hard,False,False,43.9952297685383,0.0,1.0,0.0,0.9804841750435145
1208,1767151297715,0.0,0.0,0.0,0.0,-44.28597357734027,0.0,7.570198074873418e-65,hard,False,False,43.9952297685383,0.0,1.0,0.0,0.9804841750435145
1209,1767151297748,0.0,0.0,0.0,0.0,-44.28597357734027,0.0,3.0280792299493672e-65,hard,False,False,43.9952297685383,0.0,1.0,0.0,0.9804841750435145
1210,1767151297782,0.0,0.0,0.0,0.0,-44.28597357734027,0.0,1.211231691979747e-65,hard,False,False,43.9952297685383,0.0,1.0,0.0,0.9804841750435145
1211,1767151297815,0.0,0.0,0.0,0.0,-44.28597357734027,0.0,4.844926767918989e-66,hard,False,False,43.9952297685383,0.0,1.0,0.0,0.9804841750435145
1212,1767151297848,0.0,0.0,0.0,0.0,-44.28597357734027,0.0,1.9379707071675956e-66,hard,False,False,43.9952297685383,0.0,1.0,0.0,0.9804841750435145
1213,1767151297883,0.0,0.0,0.0,0.0,-44.28597357734027,0.0,7.751882828670383e-67,hard,False,False,43.9952297685383,0.0,1.0,0.0,0.9804841750435145
1214,1767151297915,0.0,0.0,0.0,0.0,-44.28597357734027,0.0,3.1007531314681535e-67,hard,False,False,43.9952297685383,0.0,1.0,0.0,0.9804841750435145
1215,1767151297948,0.0,0.0,0.0,0.0,-44.28597357734027,0.0,1.2403012525872614e-67,hard,False,False,43.9952297685383,0.0,1.0,0.0,0.9804841750435145
1216,1767151297984,0.0,0.0,0.0,0.0,-44.28597357734027,0.0,4.961205010349046e-68,hard,False,False,43.9952297685383,0.0,1.0,0.0,0.9804841750435145
1217,1767151298048,0.0,0.0,0.0,0.0,-44.28597357734027,0.0,1.9844820041396184e-68,hard,False,False,43.9952297685383,0.0,1.0,0.0,0.9804841750435145
1218,1767151298082,0.0,0.0,0.0,0.0,-44.28597357734027,0.0,7.937928016558474e-69,hard,False,False,43.9952297685383,0.0,1.0,0.0,0.9804841750435145
1219,1767151298115,0.0,0.0,0.0,0.0,-44.28597357734027,0.0,3.1751712066233897e-69,hard,False,False,43.9952297685383,0.0,1.0,0.0,0.9804841750435145
1220,1767151298148,0.0,0.0,0.0,0.0,-44.28597357734027,0.0,1.270068482649356e-69,hard,False,False,43.9952297685383,0.0,1.0,0.0,0.9804841750435145
1221,1767151298183,0.0,0.0,0.0,0.0,-44.28597357734027,0.0,5.0802739305974243e-70,hard,False,False,43.9952297685383,0.0,1.0,0.0,0.9804841750435145
1222,1767151298215,0.0,0.0,0.0,0.0,-44.28597357734027,0.0,2.03210957223897e-70,hard,False,False,43.9952297685383,0.0,1.0,0.0,0.9804841750435145
1223,1767151298248,0.0,0.0,0.0,0.0,-44.28597357734027,0.0,8.128438288955881e-71,hard,False,False,43.9952297685383,0.0,1.0,0.0,0.9804841750435145
1224,1767151298281,0.0,0.0,0.0,0.0,-44.28597357734027,0.0,3.2513753155823526e-71,hard,False,False,43.9952297685383,0.0,1.0,0.0,0.9804841750435145
1225,1767151298315,0.0,0.0,0.0,0.0,-44.28597357734027,0.0,1.300550126232941e-71,hard,False,False,43.9952297685383,0.0,1.0,0.0,0.9804841750435145
1226,1767151298348,0.0,0.0,0.0,0.0,-44.28597357734027,0.0,5.202200504931765e-72,hard,False,False,43.9952297685383,0.0,1.0,0.0,0.9804841750435145
1227,1767151298381,0.0,0.0,0.0,0.0,-44.28597357734027,0.0,2.080880201972706e-72,hard,False,False,43.9952297685383,0.0,1.0,0.0,0.9804841750435145
1228,1767151298415,0.0,0.0,0.0,0.0,-44.28597357734027,0.0,8.323520807890825e-73,hard,False,False,43.9952297685383,0.0,1.0,0.0,0.9804841750435145
1229,1767151298448,0.0,0.0,0.0,0.0,-44.28597357734027,0.0,3.32940832315633e-73,hard,False,False,43.9952297685383,0.0,1.0,0.0,0.9804841750435145
1230,1767151298481,0.0,0.0,0.0,0.0,-44.28597357734027,0.0,1.331763329262532e-73,hard,False,False,43.9952297685383,0.0,1.0,0.0,0.9804841750435145
1231,1767151298515,0.0,0.0,0.0,0.0,-44.28597357734027,0.0,5.327053317050129e-74,hard,False,False,43.9952297685383,0.0,1.0,0.0,0.9804841750435145
1232,1767151298548,0.0,0.0,0.0,0.0,-44.28597357734027,0.0,2.1308213268200516e-74,hard,False,False,43.9952297685383,0.0,1.0,0.0,0.9804841750435145
1233,1767151298591,0.0,0.0,0.0,0.0,-44.28597357734027,0.0,8.523285307280207e-75,hard,False,False,43.9952297685383,0.0,1.0,0.0,0.9804841750435145
1234,1767151298616,0.0,0.0,0.0,0.0,-44.28597357734027,0.0,3.409314122912083e-75,hard,False,False,43.9952297685383,0.0,1.0,0.0,0.9804841750435145
1235,1767151298648,0.0,0.0,0.0,0.0,-44.28597357734027,0.0,1.3637256491648333e-75,hard,False,False,43.9952297685383,0.0,1.0,0.0,0.9804841750435145
1236,1767151298682,0.0,0.0,0.0,0.0,-44.28597357734027,0.0,5.4549025966593335e-76,hard,False,False,43.9952297685383,0.0,1.0,0.0,0.9804841750435145
1237,1767151298715,0.0,0.0,0.0,0.0,-44.28597357734027,0.0,2.1819610386637334e-76,hard,False,False,43.9952297685383,0.0,1.0,0.0,0.9804841750435145
1238,1767151298748,0.0,0.0,0.0,0.0,-44.28597357734027,0.0,8.727844154654934e-77,hard,False,False,43.9952297685383,0.0,1.0,0.0,0.9804841750435145
1239,1767151298782,0.0,0.0,0.0,0.0,-44.28597357734027,0.0,3.4911376618619734e-77,hard,False,False,43.9952297685383,0.0,1.0,0.0,0.9804841750435145
1240,1767151298818,0.0,0.0,0.0,0.0,-44.28597357734027,0.0,1.3964550647447895e-77,hard,False,False,43.9952297685383,0.0,1.0,0.0,0.9804841750435145
1241,1767151298848,0.0,0.0,0.0,0.0,-44.28597357734027,0.0,5.585820258979159e-78,hard,False,False,43.9952297685383,0.0,1.0,0.0,0.9804841750435145
1242,1767151298882,0.0,0.0,0.0,0.0,-44.28597357734027,0.0,2.2343281035916634e-78,hard,False,False,43.9952297685383,0.0,1.0,0.0,0.9804841750435145
1243,1767151298915,0.0,0.0,0.0,0.0,-44.28597357734027,0.0,8.937312414366654e-79,hard,False,False,43.9952297685383,0.0,1.0,0.0,0.9804841750435145
1244,1767151298948,0.0,0.0,0.0,0.0,-44.28597357734027,0.0,3.574924965746662e-79,hard,False,False,43.9952297685383,0.0,1.0,0.0,0.9804841750435145
1245,1767151298983,0.0,0.0,0.0,0.0,-44.28597357734027,0.0,1.4299699862986648e-79,hard,False,False,43.9952297685383,0.0,1.0,0.0,0.9804841750435145
1246,1767151299016,0.0,0.0,0.0,0.0,-44.28597357734027,0.0,5.7198799451946595e-80,hard,False,False,43.9952297685383,0.0,1.0,0.0,0.9804841750435145
1247,1767151299050,0.0,0.0,0.0,0.0,-44.28597357734027,0.0,2.287951978077864e-80,hard,False,False,43.9952297685383,0.0,1.0,0.0,0.9804841750435145
1248,1767151299082,0.0,0.0,0.0,0.0,-44.28597357734027,0.0,9.151807912311456e-81,hard,False,False,43.9952297685383,0.0,1.0,0.0,0.9804841750435145
1249,1767151299115,0.0,0.0,0.0,0.0,-44.28597357734027,0.0,3.6607231649245826e-81,hard,False,False,43.9952297685383,0.0,1.0,0.0,0.9804841750435145
1250,1767151299149,0.0,0.0,0.0,0.0,-44.28597357734027,0.0,1.4642892659698331e-81,hard,False,False,43.9952297685383,0.0,1.0,0.0,0.9804841750435145
1251,1767151299182,0.0,0.0,0.0,0.0,-44.28597357734027,0.0,5.857157063879333e-82,hard,False,False,43.9952297685383,0.0,1.0,0.0,0.9804841750435145
1252,1767151299215,0.0,0.0,0.0,0.0,-44.28597357734027,0.0,2.3428628255517333e-82,hard,False,False,43.9952297685383,0.0,1.0,0.0,0.9804841750435145
1253,1767151299252,0.0,0.0,0.0,0.0,-44.28597357734027,0.0,9.371451302206933e-83,hard,False,False,43.9952297685383,0.0,1.0,0.0,0.9804841750435145
1254,1767151299282,0.0,0.0,0.0,0.0,-44.28597357734027,0.0,3.748580520882773e-83,hard,False,False,43.9952297685383,0.0,1.0,0.0,0.9804841750435145
1255,1767151299315,0.0,0.0,0.0,0.0,-44.28597357734027,0.0,1.4994322083531095e-83,hard,False,False,43.9952297685383,0.0,1.0,0.0,0.9804841750435145
1256,1767151299351,0.0,0.0,0.0,0.0,-44.28597357734027,0.0,5.997728833412438e-84,hard,False,False,43.9952297685383,0.0,1.0,0.0,0.9804841750435145
1257,1767151299382,0.0,0.0,0.0,0.0,-44.28597357734027,0.0,2.3990915333649755e-84,hard,False,False,43.9952297685383,0.0,1.0,0.0,0.9804841750435145
1258,1767151299415,0.0,0.0,0.0,0.0,-44.28597357734027,0.0,9.596366133459902e-85,hard,False,False,43.9952297685383,0.0,1.0,0.0,0.9804841750435145
1259,1767151299457,0.0,0.0,0.0,0.0,-44.28597357734027,0.0,3.838546453383961e-85,hard,False,False,43.9952297685383,0.0,1.0,0.0,0.9804841750435145
1260,1767151299485,0.0,0.0,0.0,0.0,-44.28597357734027,0.0,1.5354185813535846e-85,hard,False,False,43.9952297685383,0.0,1.0,0.0,0.9804841750435145
1261,1767151299516,0.0,0.0,0.0,0.0,-44.28597357734027,0.0,6.141674325414339e-86,hard,False,False,43.9952297685383,0.0,1.0,0.0,0.9804841750435145
1262,1767151299549,0.0,0.0,0.0,0.0,-44.28597357734027,0.0,2.4566697301657355e-86,hard,False,False,43.9952297685383,0.0,1.0,0.0,0.9804841750435145
1263,1767151299582,0.0,0.0,0.0,0.0,-44.28597357734027,0.0,9.826678920662944e-87,hard,False,False,43.9952297685383,0.0,1.0,0.0,0.9804841750435145
1264,1767151299622,0.0,0.0,0.0,0.0,-44.28597357734027,0.0,3.930671568265178e-87,hard,False,False,43.9952297685383,0.0,1.0,0.0,0.9804841750435145
1265,1767151299651,0.0,0.0,0.0,0.0,-44.28597357734027,0.0,1.5722686273060712e-87,hard,False,False,43.9952297685383,0.0,1.0,0.0,0.9804841750435145
1266,1767151299682,0.0,0.0,0.0,0.0,-44.28597357734027,0.0,6.289074509224285e-88,hard,False,False,43.9952297685383,0.0,1.0,0.0,0.9804841750435145
1267,1767151299717,0.0,0.0,0.0,0.0,-44.28597357734027,0.0,2.515629803689714e-88,hard,False,False,43.9952297685383,0.0,1.0,0.0,0.9804841750435145
1268,1767151299749,0.0,0.0,0.0,0.0,-44.28597357734027,0.0,1.0062519214758856e-88,hard,False,False,43.9952297685383,0.0,1.0,0.0,0.9804841750435145
1269,1767151299782,0.0,0.0,0.0,0.0,-44.28597357734027,0.0,4.025007685903543e-89,hard,False,False,43.9952297685383,0.0,1.0,0.0,0.9804841750435145
1270,1767151299815,0.0,0.0,0.0,0.0,-44.28597357734027,0.0,1.610003074361417e-89,hard,False,False,43.9952297685383,0.0,1.0,0.0,0.9804841750435145
1271,1767151299848,0.0,0.0,0.0,0.0,-44.28597357734027,0.0,6.440012297445669e-90,hard,False,False,43.9952297685383,0.0,1.0,0.0,0.9804841750435145
1272,1767151299882,0.0,0.0,0.0,0.0,-44.28597357734027,0.0,2.5760049189782676e-90,hard,False,False,43.9952297685383,0.0,1.0,0.0,0.9804841750435145
1273,1767151299915,0.0,0.0,0.0,0.0,-44.28597357734027,0.0,1.0304019675913072e-90,hard,False,False,43.9952297685383,0.0,1.0,0.0,0.9804841750435145
1274,1767151299982,0.0,0.0,0.0,0.0,-44.28597357734027,0.0,4.121607870365229e-91,hard,False,False,43.9952297685383,0.0,1.0,0.0,0.9804841750435145
1275,1767151300015,0.0,0.0,0.0,0.0,-44.28597357734027,0.0,1.6486431481460916e-91,hard,False,False,43.9952297685383,0.0,1.0,0.0,0.9804841750435145
1276,1767151300048,0.0,0.0,0.0,0.0,-44.28597357734027,0.0,6.594572592584367e-92,hard,False,False,43.9952297685383,0.0,1.0,0.0,0.9804841750435145
1277,1767151300082,0.0,0.0,0.0,0.0,-44.28597357734027,0.0,2.637829037033747e-92,hard,False,False,43.9952297685383,0.0,1.0,0.0,0.9804841750435145
1278,1767151300115,0.0,0.0,0.0,0.0,-44.28597357734027,0.0,1.0551316148134989e-92,hard,False,False,43.9952297685383,0.0,1.0,0.0,0.9804841750435145
1279,1767151300148,0.0,0.0,0.0,0.0,-44.28597357734027,0.0,4.2205264592539955e-93,hard,False,False,43.9952297685383,0.0,1.0,0.0,0.9804841750435145
1280,1767151300182,0.0,0.0,0.0,0.0,-44.28597357734027,0.0,1.6882105837015982e-93,hard,False,False,43.9952297685383,0.0,1.0,0.0,0.9804841750435145
1281,1767151300215,0.0,0.0,0.0,0.0,-44.28597357734027,0.0,6.752842334806394e-94,hard,False,False,43.9952297685383,0.0,1.0,0.0,0.9804841750435145
1282,1767151300249,0.0,0.0,0.0,0.0,-44.28597357734027,0.0,2.7011369339225576e-94,hard,False,False,43.9952297685383,0.0,1.0,0.0,0.9804841750435145
1283,1767151300282,0.0,0.0,0.0,0.0,-44.28597357734027,0.0,1.0804547735690231e-94,hard,False,False,43.9952297685383,0.0,1.0,0.0,0.9804841750435145
1284,1767151300315,0.0,0.0,0.0,0.0,-44.28597357734027,0.0,4.321819094276093e-95,hard,False,False,43.9952297685383,0.0,1.0,0.0,0.9804841750435145
1285,1767151300349,0.0,0.0,0.0,0.0,-44.28597357734027,0.0,1.728727637710437e-95,hard,False,False,43.9952297685383,0.0,1.0,0.0,0.9804841750435145
1286,1767151300382,0.0,0.0,0.0,0.0,-44.28597357734027,0.0,6.914910550841749e-96,hard,False,False,43.9952297685383,0.0,1.0,0.0,0.9804841750435145
1287,1767151300416,0.0,0.0,0.0,0.0,-44.28597357734027,0.0,2.7659642203366996e-96,hard,False,False,43.9952297685383,0.0,1.0,0.0,0.9804841750435145
1288,1767151300449,0.0,0.0,0.0,0.0,-44.28597357734027,0.0,1.1063856881346798e-96,hard,False,False,43.9952297685383,0.0,1.0,0.0,0.9804841750435145
1289,1767151300482,0.0,0.0,0.0,0.0,-44.28597357734027,0.0,4.4255427525387194e-97,hard,False,False,43.9952297685383,0.0,1.0,0.0,0.9804841750435145
1290,1767151300515,0.0,0.0,0.0,0.0,-44.28597357734027,0.0,1.7702171010154878e-97,hard,False,False,43.9952297685383,0.0,1.0,0.0,0.9804841750435145
1291,1767151300549,0.0,0.0,0.0,0.0,-44.28597357734027,0.0,7.080868404061952e-98,hard,False,False,43.9952297685383,0.0,1.0,0.0,0.9804841750435145
1292,1767151300582,0.0,0.0,0.0,0.0,-44.28597357734027,0.0,2.832347361624781e-98,hard,False,False,43.9952297685383,0.0,1.0,0.0,0.9804841750435145
1293,1767151300616,0.0,0.0,0.0,0.0,-44.28597357734027,0.0,1.1329389446499125e-98,hard,False,False,43.9952297685383,0.0,1.0,0.0,0.9804841750435145
1294,1767151300649,0.0,0.0,0.0,0.0,-44.28597357734027,0.0,4.5317557785996506e-99,hard,False,False,43.9952297685383,0.0,1.0,0.0,0.9804841750435145
1295,1767151300683,0.0,0.0,0.0,0.0,-44.28597357734027,0.0,1.8127023114398602e-99,hard,False,False,43.9952297685383,0.0,1.0,0.0,0.9804841750435145
1296,1767151300716,0.0,0.0,0.0,0.0,-44.28597357734027,0.0,7.250809245759441e-100,hard,False,False,43.9952297685383,0.0,1.0,0.0,0.9804841750435145
1297,1767151300749,0.0,0.0,0.0,0.0,-44.28597357734027,0.0,2.9003236983037767e-100,hard,False,False,43.9952297685383,0.0,1.0,0.0,0.9804841750435145
1298,1767151300782,0.0,0.0,0.0,0.0,-44.28597357734027,0.0,1.1601294793215108e-100,hard,False,False,43.9952297685383,0.0,1.0,0.0,0.9804841750435145
1299,1767151300816,0.0,0.0,0.0,0.0,-44.28597357734027,0.0,4.640517917286044e-101,hard,False,False,43.9952297685383,0.0,1.0,0.0,0.9804841750435145
1300,1767151300849,0.0,0.0,0.0,0.0,-44.28597357734027,0.0,1.8562071669144176e-101,hard,False,False,43.9952297685383,0.0,1.0,0.0,0.9804841750435145
1301,1767151300882,0.0,0.0,0.0,0.0,-44.28597357734027,0.0,7.424828667657671e-102,hard,False,False,43.9952297685383,0.0,1.0,0.0,0.9804841750435145
1302,1767151300915,0.0,0.0,0.0,0.0,-44.28597357734027,0.0,2.969931467063069e-102,hard,False,False,43.9952297685383,0.0,1.0,0.0,0.9804841750435145
1303,1767151300949,0.0,0.0,0.0,0.0,-44.28597357734027,0.0,1.1879725868252277e-102,hard,False,False,43.9952297685383,0.0,1.0,0.0,0.9804841750435145
1304,1767151300982,0.0,0.0,0.0,0.0,-44.28597357734027,0.0,4.751890347300911e-103,hard,False,False,43.9952297685383,0.0,1.0,0.0,0.9804841750435145
1305,1767151301015,0.0,0.0,0.0,0.0,-44.28597357734027,0.0,1.9007561389203645e-103,hard,False,False,43.9952297685383,0.0,1.0,0.0,0.9804841750435145
1306,1767151301049,0.0,0.0,0.0,0.0,-44.28597357734027,0.0,7.603024555681458e-104,hard,False,False,43.9952297685383,0.0,1.0,0.0,0.9804841750435145
1307,1767151301085,0.0,0.0,0.0,0.0,-44.28597357734027,0.0,3.0412098222725836e-104,hard,False,False,43.9952297685383,0.0,1.0,0.0,0.9804841750435145
1308,1767151301116,0.0,0.0,0.0,0.0,-44.28597357734027,0.0,1.2164839289090334e-104,hard,False,False,43.9952297685383,0.0,1.0,0.0,0.9804841750435145
1309,1767151301149,0.0,0.0,0.0,0.0,-44.28597357734027,0.0,4.865935715636134e-105,hard,False,False,43.9952297685383,0.0,1.0,0.0,0.9804841750435145
1310,1767151301182,0.0,0.0,0.0,0.0,-44.28597357734027,0.0,1.9463742862544538e-105,hard,False,False,43.9952297685383,0.0,1.0,0.0,0.9804841750435145
1311,1767151301216,0.0,0.0,0.0,0.0,-44.28597357734027,0.0,7.785497145017816e-106,hard,False,False,43.9952297685383,0.0,1.0,0.0,0.9804841750435145
1312,1767151301250,0.0,0.0,0.0,0.0,-44.28597357734027,0.0,3.1141988580071266e-106,hard,False,False,43.9952297685383,0.0,1.0,0.0,0.9804841750435145
1313,1767151301283,0.0,0.0,0.0,0.0,-44.28597357734027,0.0,1.2456795432028506e-106,hard,False,False,43.9952297685383,0.0,1.0,0.0,0.9804841750435145
1314,1767151301323,0.0,0.0,0.0,0.0,-44.28597357734027,0.0,4.982718172811403e-107,hard,False,False,43.9952297685383,0.0,1.0,0.0,0.9804841750435145
1315,1767151301350,0.0,0.0,0.0,0.0,-44.28597357734027,0.0,1.9930872691245613e-107,hard,False,False,43.9952297685383,0.0,1.0,0.0,0.9804841750435145
1316,1767151301383,0.0,0.0,0.0,0.0,-44.28597357734027,0.0,7.972349076498245e-108,hard,False,False,43.9952297685383,0.0,1.0,0.0,0.9804841750435145
1317,1767151301416,0.0,0.0,0.0,0.0,-44.28597357734027,0.0,3.188939630599298e-108,hard,False,False,43.9952297685383,0.0,1.0,0.0,0.9804841750435145
1318,1767151301449,0.0,0.0,0.0,0.0,-44.28597357734027,0.0,1.2755758522397193e-108,hard,False,False,43.9952297685383,0.0,1.0,0.0,0.9804841750435145
1319,1767151301483,0.0,0.0,0.0,0.0,-44.28597357734027,0.0,5.1023034089588775e-109,hard,False,False,43.9952297685383,0.0,1.0,0.0,0.9804841750435145
1320,1767151301516,0.0,0.0,0.0,0.0,-44.28597357734027,0.0,2.040921363583551e-109,hard,False,False,43.9952297685383,0.0,1.0,0.0,0.9804841750435145
1321,1767151301549,0.0,0.0,0.0,0.0,-44.28597357734027,0.0,8.163685454334205e-110,hard,False,False,43.9952297685383,0.0,1.0,0.0,0.9804841750435145
1322,1767151301583,0.0,0.0,0.0,0.0,-44.28597357734027,0.0,3.265474181733682e-110,hard,False,False,43.9952297685383,0.0,1.0,0.0,0.9804841750435145
1323,1767151301616,0.0,0.0,0.0,0.0,-44.28597357734027,0.0,1.3061896726934729e-110,hard,False,False,43.9952297685383,0.0,1.0,0.0,0.9804841750435145
1324,1767151301649,0.0,0.0,0.0,0.0,-44.28597357734027,0.0,5.224758690773892e-111,hard,False,False,43.9952297685383,0.0,1.0,0.0,0.9804841750435145
1325,1767151301682,0.0,0.0,0.0,0.0,-44.28597357734027,0.0,2.089903476309557e-111,hard,False,False,43.9952297685383,0.0,1.0,0.0,0.9804841750435145
1326,1767151301716,0.0,0.0,0.0,0.0,-44.28597357734027,0.0,8.35961390523823e-112,hard,False,False,43.9952297685383,0.0,1.0,0.0,0.9804841750435145
1327,1767151301749,0.0,0.0,0.0,0.0,-44.28597357734027,0.0,3.3438455620952917e-112,hard,False,False,43.9952297685383,0.0,1.0,0.0,0.9804841750435145
1328,1767151301782,0.0,0.0,0.0,0.0,-44.28597357734027,0.0,1.3375382248381167e-112,hard,False,False,43.9952297685383,0.0,1.0,0.0,0.9804841750435145
1329,1767151301816,0.0,0.0,0.0,0.0,-44.28597357734027,0.0,5.350152899352467e-113,hard,False,False,43.9952297685383,0.0,1.0,0.0,0.9804841750435145
1330,1767151301849,0.0,0.0,0.0,0.0,-44.28597357734027,0.0,2.1400611597409872e-113,hard,False,False,43.9952297685383,0.0,1.0,0.0,0.9804841750435145
1331,1767151301882,0.0,0.0,0.0,0.0,-44.28597357734027,0.0,8.56024463896395e-114,hard,False,False,43.9952297685383,0.0,1.0,0.0,0.9804841750435145
1332,1767151301916,0.0,0.0,0.0,0.0,-44.28597357734027,0.0,3.42409785558558e-114,hard,False,False,43.9952297685383,0.0,1.0,0.0,0.9804841750435145
1333,1767151301949,0.0,0.0,0.0,0.0,-44.28597357734027,0.0,1.369639142234232e-114,hard,False,False,43.9952297685383,0.0,1.0,0.0,0.9804841750435145
1334,1767151301984,0.0,0.0,0.0,0.0,-44.28597357734027,0.0,5.478556568936929e-115,hard,False,False,43.9952297685383,0.0,1.0,0.0,0.9804841750435145
1335,1767151302016,0.0,0.0,0.0,0.0,-44.28597357734027,0.0,2.1914226275747714e-115,hard,False,False,43.9952297685383,0.0,1.0,0.0,0.9804841750435145
1336,1767151302050,0.0,0.0,0.0,0.0,-44.28597357734027,0.0,8.765690510299086e-116,hard,False,False,43.9952297685383,0.0,1.0,0.0,0.9804841750435145
1337,1767151302083,0.0,0.0,0.0,0.0,-44.28597357734027,0.0,3.506276204119635e-116,hard,False,False,43.9952297685383,0.0,1.0,0.0,0.9804841750435145
1338,1767151302116,0.0,0.0,0.0,0.0,-44.28597357734027,0.0,1.402510481647854e-116,hard,False,False,43.9952297685383,0.0,1.0,0.0,0.9804841750435145
1339,1767151302152,0.0,0.0,0.0,0.0,-44.28597357734027,0.0,5.6100419265914166e-117,hard,False,False,43.9952297685383,0.0,1.0,0.0,0.9804841750435145
1340,1767151302332,0.0,0.0,0.0,0.0,-44.28597357734027,0.0,2.2440167706365667e-117,hard,False,False,43.9952297685383,0.0,1.0,0.0,0.9804841750435145
1341,1767151302359,0.0,0.0,0.0,0.0,-44.28597357734027,0.0,8.976067082546268e-118,hard,False,False,43.9952297685383,0.0,1.0,0.0,0.9804841750435145
1342,1767151302380,0.0,0.0,0.0,0.0,-44.28597357734027,0.0,3.590426833018507e-118,hard,False,False,43.9952297685383,0.0,1.0,0.0,0.9804841750435145
1343,1767151302401,0.0,0.0,0.0,0.0,-44.28597357734027,0.0,1.436170733207403e-118,hard,False,False,43.9952297685383,0.0,1.0,0.0,0.9804841750435145
1344,1767151302424,0.0,0.0,0.0,0.0,-44.28597357734027,0.0,5.744682932829612e-119,hard,False,False,43.9952297685383,0.0,1.0,0.0,0.9804841750435145
1345,1767151302448,0.0,0.0,0.0,0.0,-44.28597357734027,0.0,2.297873173131845e-119,hard,False,False,43.9952297685383,0.0,1.0,0.0,0.9804841750435145
1346,1767151302469,0.0,0.0,0.0,0.0,-44.28597357734027,0.0,9.19149269252738e-120,hard,False,False,43.9952297685383,0.0,1.0,0.0,0.9804841750435145
1347,1767151302490,0.0,0.0,0.0,0.0,-44.28597357734027,0.0,3.676597077010952e-120,hard,False,False,43.9952297685383,0.0,1.0,0.0,0.9804841750435145
1348,1767151302516,0.0,0.0,0.0,0.0,-44.28597357734027,0.0,1.4706388308043808e-120,hard,False,False,43.9952297685383,0.0,1.0,0.0,0.9804841750435145
1349,1767151302549,0.0,0.0,0.0,0.0,-44.28597357734027,0.0,5.8825553232175235e-121,hard,False,False,43.9952297685383,0.0,1.0,0.0,0.9804841750435145
1350,1767151302583,0.0,0.0,0.0,0.0,-44.28597357734027,0.0,2.3530221292870094e-121,hard,False,False,43.9952297685383,0.0,1.0,0.0,0.9804841750435145
1351,1767151302616,0.0,0.0,0.0,0.0,-44.28597357734027,0.0,9.412088517148038e-122,hard,False,False,43.9952297685383,0.0,1.0,0.0,0.9804841750435145
1352,1767151302649,0.0,0.0,0.0,0.0,-44.28597357734027,0.0,3.7648354068592156e-122,hard,False,False,43.9952297685383,0.0,1.0,0.0,0.9804841750435145
1353,1767151302683,0.0,0.0,0.0,0.0,-44.28597357734027,0.0,1.5059341627436862e-122,hard,False,False,43.9952297685383,0.0,1.0,0.0,0.9804841750435145
1354,1767151302717,0.0,0.0,0.0,0.0,-44.28597357734027,0.0,6.023736650974745e-123,hard,False,False,43.9952297685383,0.0,1.0,0.0,0.9804841750435145
1355,1767151302749,0.0,0.0,0.0,0.0,-44.28597357734027,0.0,2.409494660389898e-123,hard,False,False,43.9952297685383,0.0,1.0,0.0,0.9804841750435145
1356,1767151302838,0.0,0.0,0.0,0.0,-44.28597357734027,0.0,9.637978641559593e-124,hard,False,False,43.9952297685383,0.0,1.0,0.0,0.9804841750435145
1357,1767151302860,0.0,0.0,0.0,0.0,-44.28597357734027,0.0,3.855191456623837e-124,hard,False,False,43.9952297685383,0.0,1.0,0.0,0.9804841750435145
1358,1767151302892,0.0,0.0,0.0,0.0,-44.28597357734027,0.0,1.542076582649535e-124,hard,False,False,43.9952297685383,0.0,1.0,0.0,0.9804841750435145
1359,1767151302919,0.0,0.0,0.0,0.0,-44.28597357734027,0.0,6.16830633059814e-125,hard,False,False,43.9952297685383,0.0,1.0,0.0,0.9804841750435145
1360,1767151302948,0.0,0.0,0.0,0.0,-44.28597357734027,0.0,2.467322532239256e-125,hard,False,False,43.9952297685383,0.0,1.0,0.0,0.9804841750435145
1361,1767151302969,0.0,0.0,0.0,0.0,-44.28597357734027,0.0,9.869290128957025e-126,hard,False,False,43.9952297685383,0.0,1.0,0.0,0.9804841750435145
1362,1767151302996,0.0,0.0,0.0,0.0,-44.28597357734027,0.0,3.94771605158281e-126,hard,False,False,43.9952297685383,0.0,1.0,0.0,0.9804841750435145
1363,1767151303023,0.0,0.0,0.0,0.0,-44.28597357734027,0.0,1.579086420633124e-126,hard,False,False,43.9952297685383,0.0,1.0,0.0,0.9804841750435145
1364,1767151303053,0.0,0.0,0.0,0.0,-44.28597357734027,0.0,6.316345682532497e-127,hard,False,False,43.9952297685383,0.0,1.0,0.0,0.9804841750435145
1365,1767151303084,0.0,0.0,0.0,0.0,-44.28597357734027,0.0,2.526538273012999e-127,hard,False,False,43.9952297685383,0.0,1.0,0.0,0.9804841750435145
1366,1767151303116,0.0,0.0,0.0,0.0,-44.28597357734027,0.0,1.0106153092051996e-127,hard,False,False,43.9952297685383,0.0,1.0,0.0,0.9804841750435145
1367,1767151303150,0.0,0.0,0.0,0.0,-44.28597357734027,0.0,4.0424612368207983e-128,hard,False,False,43.9952297685383,0.0,1.0,0.0,0.9804841750435145
1368,1767151303183,0.0,0.0,0.0,0.0,-44.28597357734027,0.0,1.6169844947283193e-128,hard,False,False,43.9952297685383,0.0,1.0,0.0,0.9804841750435145
1369,1767151303216,0.0,0.0,0.0,0.0,-44.28597357734027,0.0,6.467937978913277e-129,hard,False,False,43.9952297685383,0.0,1.0,0.0,0.9804841750435145
1370,1767151303249,0.0,0.0,0.0,0.0,-44.28597357734027,0.0,2.587175191565311e-129,hard,False,False,43.9952297685383,0.0,1.0,0.0,0.9804841750435145
1371,1767151303283,0.0,0.0,0.0,0.0,-44.28597357734027,0.0,1.0348700766261245e-129,hard,False,False,43.9952297685383,0.0,1.0,0.0,0.9804841750435145
1372,1767151303321,0.0,0.0,0.0,0.0,-44.28597357734027,0.0,4.1394803065044985e-130,hard,False,False,43.9952297685383,0.0,1.0,0.0,0.9804841750435145
1373,1767151303351,0.0,0.0,0.0,0.0,-44.28597357734027,0.0,1.6557921226017996e-130,hard,False,False,43.9952297685383,0.0,1.0,0.0,0.9804841750435145
1374,1767151303384,0.0,0.0,0.0,0.0,-44.28597357734027,0.0,6.623168490407199e-131,hard,False,False,43.9952297685383,0.0,1.0,0.0,0.9804841750435145
1375,1767151303451,0.0,0.0,0.0,0.0,-44.28597357734027,0.0,2.6492673961628794e-131,hard,False,False,43.9952297685383,0.0,1.0,0.0,0.9804841750435145
1376,1767151303483,0.0,0.0,0.0,0.0,-44.28597357734027,0.0,1.0597069584651518e-131,hard,False,False,43.9952297685383,0.0,1.0,0.0,0.9804841750435145
1377,1767151303516,0.0,0.0,0.0,0.0,-44.28597357734027,0.0,4.238827833860608e-132,hard,False,False,43.9952297685383,0.0,1.0,0.0,0.9804841750435145
1378,1767151303550,0.0,0.0,0.0,0.0,-44.28597357734027,0.0,1.695531133544243e-132,hard,False,False,43.9952297685383,0.0,1.0,0.0,0.9804841750435145
1379,1767151303583,0.0,0.0,0.0,0.0,-44.28597357734027,0.0,6.782124534176973e-133,hard,False,False,43.9952297685383,0.0,1.0,0.0,0.9804841750435145
1380,1767151303616,0.0,0.0,0.0,0.0,-44.28597357734027,0.0,2.7128498136707895e-133,hard,False,False,43.9952297685383,0.0,1.0,0.0,0.9804841750435145
1381,1767151303650,0.0,0.0,0.0,0.0,-44.28597357734027,0.0,1.0851399254683159e-133,hard,False,False,43.9952297685383,0.0,1.0,0.0,0.9804841750435145
1382,1767151303716,0.0,0.0,0.0,0.0,-44.28597357734027,0.0,4.340559701873264e-134,hard,False,False,43.9952297685383,0.0,1.0,0.0,0.9804841750435145
1383,1767151303762,0.0,0.0,0.0,0.0,-44.28597357734027,0.0,1.7362238807493056e-134,hard,False,False,43.9952297685383,0.0,1.0,0.0,0.9804841750435145
1384,1767151303800,0.0,0.0,0.0,0.0,-44.28597357734027,0.0,6.944895522997222e-135,hard,False,False,43.9952297685383,0.0,1.0,0.0,0.9804841750435145
1385,1767151303828,0.0,0.0,0.0,0.0,-44.28597357734027,0.0,2.7779582091988893e-135,hard,False,False,43.9952297685383,0.0,1.0,0.0,0.9804841750435145
1386,1767151303854,0.0,0.0,0.0,0.0,-44.28597357734027,0.0,1.1111832836795557e-135,hard,False,False,43.9952297685383,0.0,1.0,0.0,0.9804841750435145
1387,1767151303883,0.0,0.0,0.0,0.0,-44.28597357734027,0.0,4.4447331347182235e-136,hard,False,False,43.9952297685383,0.0,1.0,0.0,0.9804841750435145
1388,1767151303916,0.0,0.0,0.0,0.0,-44.28597357734027,0.0,1.7778932538872893e-136,hard,False,False,43.9952297685383,0.0,1.0,0.0,0.9804841750435145
1389,1767151303950,0.0,0.0,0.0,0.0,-44.28597357734027,0.0,7.111573015549158e-137,hard,False,False,43.9952297685383,0.0,1.0,0.0,0.9804841750435145
1390,1767151303983,0.0,0.0,0.0,0.0,-44.28597357734027,0.0,2.8446292062196633e-137,hard,False,False,43.9952297685383,0.0,1.0,0.0,0.9804841750435145
1391,1767151304016,0.0,0.0,0.0,0.0,-44.28597357734027,0.0,1.1378516824878654e-137,hard,False,False,43.9952297685383,0.0,1.0,0.0,0.9804841750435145
1392,1767151304050,0.0,0.0,0.0,0.0,-44.28597357734027,0.0,4.5514067299514616e-138,hard,False,False,43.9952297685383,0.0,1.0,0.0,0.9804841750435145
1393,1767151304084,0.0,0.0,0.0,0.0,-44.28597357734027,0.0,1.820562691980585e-138,hard,False,False,43.9952297685383,0.0,1.0,0.0,0.9804841750435145
1394,1767151304130,0.0,0.0,0.0,0.0,-44.28597357734027,0.0,7.28225076792234e-139,hard,False,False,43.9952297685383,0.0,1.0,0.0,0.9804841750435145
1395,1767151304168,0.0,0.0,0.0,0.0,-44.28597357734027,0.0,2.9129003071689362e-139,hard,False,False,43.9952297685383,0.0,1.0,0.0,0.9804841750435145
1396,1767151304209,0.0,0.0,0.0,0.0,-44.28597357734027,0.0,1.1651601228675746e-139,hard,False,False,43.9952297685383,0.0,1.0,0.0,0.9804841750435145
1397,1767151304238,0.0,0.0,0.0,0.0,-44.28597357734027,0.0,4.660640491470299e-140,hard,False,False,43.9952297685383,0.0,1.0,0.0,0.9804841750435145
1398,1767151304262,0.0,0.0,0.0,0.0,-44.28597357734027,0.0,1.8642561965881196e-140,hard,False,False,43.9952297685383,0.0,1.0,0.0,0.9804841750435145
1399,1767151304287,0.0,0.0,0.0,0.0,-44.28597357734027,0.0,7.457024786352479e-141,hard,False,False,43.9952297685383,0.0,1.0,0.0,0.9804841750435145
1400,1767151304317,0.0,0.0,0.0,0.0,-44.28597357734027,0.0,2.982809914540992e-141,hard,False,False,43.9952297685383,0.0,1.0,0.0,0.9804841750435145
1401,1767151304350,0.0,0.0,0.0,0.0,-44.28597357734027,0.0,1.1931239658163968e-141,hard,False,False,43.9952297685383,0.0,1.0,0.0,0.9804841750435145
1402,1767151304384,0.0,0.0,0.0,0.0,-44.28597357734027,0.0,4.7724958632655876e-142,hard,False,False,43.9952297685383,0.0,1.0,0.0,0.9804841750435145
1403,1767151304417,0.0,0.0,0.0,0.0,-44.28597357734027,0.0,1.908998345306235e-142,hard,False,False,43.9952297685383,0.0,1.0,0.0,0.9804841750435145
1404,1767151304450,0.0,0.0,0.0,0.0,-44.28597357734027,0.0,7.63599338122494e-143,hard,False,False,43.9952297685383,0.0,1.0,0.0,0.9804841750435145
1405,1767151304483,0.0,0.0,0.0,0.0,-44.28597357734027,0.0,3.0543973524899763e-143,hard,False,False,43.9952297685383,0.0,1.0,0.0,0.9804841750435145
1406,1767151304517,0.0,0.0,0.0,0.0,-44.28597357734027,0.0,1.2217589409959906e-143,hard,False,False,43.9952297685383,0.0,1.0,0.0,0.9804841750435145
1407,1767151304550,0.0,0.0,0.0,0.0,-44.28597357734027,0.0,4.887035763983963e-144,hard,False,False,43.9952297685383,0.0,1.0,0.0,0.9804841750435145
1408,1767151304583,0.0,0.0,0.0,0.0,-44.28597357734027,0.0,1.9548143055935854e-144,hard,False,False,43.9952297685383,0.0,1.0,0.0,0.9804841750435145
1409,1767151304617,0.0,0.0,0.0,0.0,-44.28597357734027,0.0,7.819257222374342e-145,hard,False,False,43.9952297685383,0.0,1.0,0.0,0.9804841750435145
1410,1767151304654,0.0,0.0,0.0,0.0,-44.28597357734027,0.0,3.127702888949737e-145,hard,False,False,43.9952297685383,0.0,1.0,0.0,0.9804841750435145
1411,1767151304684,0.0,0.0,0.0,0.0,-44.28597357734027,0.0,1.2510811555798949e-145,hard,False,False,43.9952297685383,0.0,1.0,0.0,0.9804841750435145
1412,1767151304722,0.0,0.0,0.0,0.0,-44.28597357734027,0.0,5.00432462231958e-146,hard,False,False,43.9952297685383,0.0,1.0,0.0,0.9804841750435145
1413,1767151304752,0.0,0.0,0.0,0.0,-44.28597357734027,0.0,2.001729848927832e-146,hard,False,False,43.9952297685383,0.0,1.0,0.0,0.9804841750435145
1414,1767151304784,0.0,0.0,0.0,0.0,-44.28597357734027,0.0,8.006919395711329e-147,hard,False,False,43.9952297685383,0.0,1.0,0.0,0.9804841750435145
1415,1767151304819,0.0,0.0,0.0,0.0,-44.28597357734027,0.0,3.202767758284532e-147,hard,False,False,43.9952297685383,0.0,1.0,0.0,0.9804841750435145
1416,1767151304860,0.0,0.0,0.0,0.0,-44.28597357734027,0.0,1.281107103313813e-147,hard,False,False,43.9952297685383,0.0,1.0,0.0,0.9804841750435145
1417,1767151304890,0.0,0.0,0.0,0.0,-44.28597357734027,0.0,5.124428413255252e-148,hard,False,False,43.9952297685383,0.0,1.0,0.0,0.9804841750435145
1418,1767151304919,0.0,0.0,0.0,0.0,-44.28597357734027,0.0,2.0497713653021008e-148,hard,False,False,43.9952297685383,0.0,1.0,0.0,0.9804841750435145
1419,1767151304955,0.0,0.0,0.0,0.0,-44.28597357734027,0.0,8.199085461208404e-149,hard,False,False,43.9952297685383,0.0,1.0,0.0,0.9804841750435145
1420,1767151304984,0.0,0.0,0.0,0.0,-44.28597357734027,0.0,3.279634184483362e-149,hard,False,False,43.9952297685383,0.0,1.0,0.0,0.9804841750435145
1421,1767151305017,0.0,0.0,0.0,0.0,-44.28597357734027,0.0,1.3118536737933449e-149,hard,False,False,43.9952297685383,0.0,1.0,0.0,0.9804841750435145
1422,1767151305050,0.0,0.0,0.0,0.0,-44.28597357734027,0.0,5.24741469517338e-150,hard,False,False,43.9952297685383,0.0,1.0,0.0,0.9804841750435145
1423,1767151305084,0.0,0.0,0.0,0.0,-44.28597357734027,0.0,2.0989658780693518e-150,hard,False,False,43.9952297685383,0.0,1.0,0.0,0.9804841750435145
1424,1767151305117,0.0,0.0,0.0,0.0,-44.28597357734027,0.0,8.395863512277407e-151,hard,False,False,43.9952297685383,0.0,1.0,0.0,0.9804841750435145
1425,1767151305150,0.0,0.0,0.0,0.0,-44.28597357734027,0.0,3.358345404910963e-151,hard,False,False,43.9952297685383,0.0,1.0,0.0,0.9804841750435145
1426,1767151305187,0.0,0.0,0.0,0.0,-44.28597357734027,0.0,1.3433381619643852e-151,hard,False,False,43.9952297685383,0.0,1.0,0.0,0.9804841750435145
1427,1767151305226,0.0,0.0,0.0,0.0,-44.28597357734027,0.0,5.373352647857541e-152,hard,False,False,43.9952297685383,0.0,1.0,0.0,0.9804841750435145
1428,1767151305259,0.0,0.0,0.0,0.0,-44.28597357734027,0.0,2.1493410591430165e-152,hard,False,False,43.9952297685383,0.0,1.0,0.0,0.9804841750435145
1429,1767151305285,0.0,0.0,0.0,0.0,-44.28597357734027,0.0,8.597364236572067e-153,hard,False,False,43.9952297685383,0.0,1.0,0.0,0.9804841750435145
1430,1767151305318,0.0,0.0,0.0,0.0,-44.28597357734027,0.0,3.438945694628827e-153,hard,False,False,43.9952297685383,0.0,1.0,0.0,0.9804841750435145
1431,1767151305351,0.0,0.0,0.0,0.0,-44.28597357734027,0.0,1.3755782778515308e-153,hard,False,False,43.9952297685383,0.0,1.0,0.0,0.9804841750435145
1432,1767151305383,0.0,0.0,0.0,0.0,-44.28597357734027,0.0,5.502313111406123e-154,hard,False,False,43.9952297685383,0.0,1.0,0.0,0.9804841750435145
1433,1767151305417,0.0,0.0,0.0,0.0,-44.28597357734027,0.0,2.2009252445624493e-154,hard,False,False,43.9952297685383,0.0,1.0,0.0,0.9804841750435145
1434,1767151305451,0.0,0.0,0.0,0.0,-44.28597357734027,0.0,8.803700978249797e-155,hard,False,False,43.9952297685383,0.0,1.0,0.0,0.9804841750435145
1435,1767151305483,0.0,0.0,0.0,0.0,-44.28597357734027,0.0,3.521480391299919e-155,hard,False,False,43.9952297685383,0.0,1.0,0.0,0.9804841750435145
1436,1767151305519,0.0,0.0,0.0,0.0,-44.28597357734027,0.0,1.4085921565199677e-155,hard,False,False,43.9952297685383,0.0,1.0,0.0,0.9804841750435145
1437,1767151305550,0.0,0.0,0.0,0.0,-44.28597357734027,0.0,5.634368626079872e-156,hard,False,False,43.9952297685383,0.0,1.0,0.0,0.9804841750435145
1438,1767151305585,0.0,0.0,0.0,0.0,-44.28597357734027,0.0,2.2537474504319486e-156,hard,False,False,43.9952297685383,0.0,1.0,0.0,0.9804841750435145
1439,1767151305617,0.0,0.0,0.0,0.0,-44.28597357734027,0.0,9.014989801727796e-157,hard,False,False,43.9952297685383,0.0,1.0,0.0,0.9804841750435145
1440,1767151305652,0.0,0.0,0.0,0.0,-44.28597357734027,0.0,3.6059959206911184e-157,hard,False,False,43.9952297685383,0.0,1.0,0.0,0.9804841750435145
1441,1767151305684,0.0,0.0,0.0,0.0,-44.28597357734027,0.0,1.4423983682764475e-157,hard,False,False,43.9952297685383,0.0,1.0,0.0,0.9804841750435145
1442,1767151305721,0.0,0.0,0.0,0.0,-44.28597357734027,0.0,5.76959347310579e-158,hard,False,False,43.9952297685383,0.0,1.0,0.0,0.9804841750435145
1443,1767151305763,0.0,0.0,0.0,0.0,-44.28597357734027,0.0,2.3078373892423163e-158,hard,False,False,43.9952297685383,0.0,1.0,0.0,0.9804841750435145
1444,1767151305804,0.0,0.0,0.0,0.0,-44.28597357734027,0.0,9.231349556969265e-159,hard,False,False,43.9952297685383,0.0,1.0,0.0,0.9804841750435145
1445,1767151305836,0.0,0.0,0.0,0.0,-44.28597357734027,0.0,3.692539822787706e-159,hard,False,False,43.9952297685383,0.0,1.0,0.0,0.9804841750435145
1446,1767151305863,0.0,0.0,0.0,0.0,-44.28597357734027,0.0,1.4770159291150825e-159,hard,False,False,43.9952297685383,0.0,1.0,0.0,0.9804841750435145
1447,1767151305895,0.0,0.0,0.0,0.0,-44.28597357734027,0.0,5.908063716460331e-160,hard,False,False,43.9952297685383,0.0,1.0,0.0,0.9804841750435145
1448,1767151305937,0.0,0.0,0.0,0.0,-44.28597357734027,0.0,2.3632254865841323e-160,hard,False,False,43.9952297685383,0.0,1.0,0.0,0.9804841750435145
1449,1767151305967,0.0,0.0,0.0,0.0,-44.28597357734027,0.0,9.45290194633653e-161,hard,False,False,43.9952297685383,0.0,1.0,0.0,0.9804841750435145
1450,1767151305993,0.0,0.0,0.0,0.0,-44.28597357734027,0.0,3.781160778534612e-161,hard,False,False,43.9952297685383,0.0,1.0,0.0,0.9804841750435145
1451,1767151306020,0.0,0.0,0.0,0.0,-44.28597357734027,0.0,1.5124643114138449e-161,hard,False,False,43.9952297685383,0.0,1.0,0.0,0.9804841750435145
1452,1767151306052,0.0,0.0,0.0,0.0,-44.28597357734027,0.0,6.04985724565538e-162,hard,False,False,43.9952297685383,0.0,1.0,0.0,0.9804841750435145
1453,1767151306084,0.0,0.0,0.0,0.0,-44.28597357734027,0.0,2.419942898262152e-162,hard,False,False,43.9952297685383,0.0,1.0,0.0,0.9804841750435145
1454,1767151306117,0.0,0.0,0.0,0.0,-44.28597357734027,0.0,9.679771593048609e-163,hard,False,False,43.9952297685383,0.0,1.0,0.0,0.9804841750435145
1455,1767151306151,0.0,0.0,0.0,0.0,-44.28597357734027,0.0,3.8719086372194436e-163,hard,False,False,43.9952297685383,0.0,1.0,0.0,0.9804841750435145
1456,1767151306184,0.0,0.0,0.0,0.0,-44.28597357734027,0.0,1.5487634548877775e-163,hard,False,False,43.9952297685383,0.0,1.0,0.0,0.9804841750435145
1457,1767151306219,0.0,0.0,0.0,0.0,-44.28597357734027,0.0,6.195053819551111e-164,hard,False,False,43.9952297685383,0.0,1.0,0.0,0.9804841750435145
1458,1767151306250,0.0,0.0,0.0,0.0,-44.28597357734027,0.0,2.4780215278204443e-164,hard,False,False,43.9952297685383,0.0,1.0,0.0,0.9804841750435145
1459,1767151306286,0.0,0.0,0.0,0.0,-44.28597357734027,0.0,9.912086111281777e-165,hard,False,False,43.9952297685383,0.0,1.0,0.0,0.9804841750435145
1460,1767151306317,0.0,0.0,0.0,0.0,-44.28597357734027,0.0,3.964834444512711e-165,hard,False,False,43.9952297685383,0.0,1.0,0.0,0.9804841750435145
1461,1767151306350,0.0,0.0,0.0,0.0,-44.28597357734027,0.0,1.5859337778050846e-165,hard,False,False,43.9952297685383,0.0,1.0,0.0,0.9804841750435145
1462,1767151306385,0.0,0.0,0.0,0.0,-44.28597357734027,0.0,6.343735111220339e-166,hard,False,False,43.9952297685383,0.0,1.0,0.0,0.9804841750435145
1463,1767151306419,0.0,0.0,0.0,0.0,-44.28597357734027,0.0,2.537494044488136e-166,hard,False,False,43.9952297685383,0.0,1.0,0.0,0.9804841750435145
1464,1767151306458,0.0,0.0,0.0,0.0,-44.28597357734027,0.0,1.0149976177952543e-166,hard,False,False,43.9952297685383,0.0,1.0,0.0,0.9804841750435145
1465,1767151306493,0.0,0.0,0.0,0.0,-44.28597357734027,0.0,4.059990471181017e-167,hard,False,False,43.9952297685383,0.0,1.0,0.0,0.9804841750435145
1466,1767151306525,0.0,0.0,0.0,0.0,-44.28597357734027,0.0,1.6239961884724069e-167,hard,False,False,43.9952297685383,0.0,1.0,0.0,0.9804841750435145
1467,1767151306554,0.0,0.0,0.0,0.0,-44.28597357734027,0.0,6.495984753889628e-168,hard,False,False,43.9952297685383,0.0,1.0,0.0,0.9804841750435145
1468,1767151306589,0.0,0.0,0.0,0.0,-44.28597357734027,0.0,2.5983939015558514e-168,hard,False,False,43.9952297685383,0.0,1.0,0.0,0.9804841750435145
1469,1767151306634,0.0,0.0,0.0,0.0,-44.28597357734027,0.0,1.0393575606223406e-168,hard,False,False,43.9952297685383,0.0,1.0,0.0,0.9804841750435145
1470,1767151306659,0.0,0.0,0.0,0.0,-44.28597357734027,0.0,4.1574302424893625e-169,hard,False,False,43.9952297685383,0.0,1.0,0.0,0.9804841750435145
1471,1767151306684,0.0,0.0,0.0,0.0,-44.28597357734027,0.0,1.662972096995745e-169,hard,False,False,43.9952297685383,0.0,1.0,0.0,0.9804841750435145
1472,1767151306717,0.0,0.0,0.0,0.0,-44.28597357734027,0.0,6.65188838798298e-170,hard,False,False,43.9952297685383,0.0,1.0,0.0,0.9804841750435145
1473,1767151306751,0.0,0.0,0.0,0.0,-44.28597357734027,0.0,2.6607553551931923e-170,hard,False,False,43.9952297685383,0.0,1.0,0.0,0.9804841750435145
1474,1767151306789,0.0,0.0,0.0,0.0,-44.28597357734027,0.0,1.064302142077277e-170,hard,False,False,43.9952297685383,0.0,1.0,0.0,0.9804841750435145
1475,1767151306817,0.0,0.0,0.0,0.0,-44.28597357734027,0.0,4.257208568309108e-171,hard,False,False,43.9952297685383,0.0,1.0,0.0,0.9804841750435145
1476,1767151306850,0.0,0.0,0.0,0.0,-44.28597357734027,0.0,1.7028834273236434e-171,hard,False,False,43.9952297685383,0.0,1.0,0.0,0.9804841750435145
1477,1767151306884,0.0,0.0,0.0,0.0,-44.28597357734027,0.0,6.811533709294574e-172,hard,False,False,43.9952297685383,0.0,1.0,0.0,0.9804841750435145
1478,1767151306917,0.0,0.0,0.0,0.0,-44.28597357734027,0.0,2.72461348371783e-172,hard,False,False,43.9952297685383,0.0,1.0,0.0,0.9804841750435145
1479,1767151306951,0.0,0.0,0.0,0.0,-44.28597357734027,0.0,1.089845393487132e-172,hard,False,False,43.9952297685383,0.0,1.0,0.0,0.9804841750435145
1480,1767151306984,0.0,0.0,0.0,0.0,-44.28597357734027,0.0,4.3593815739485285e-173,hard,False,False,43.9952297685383,0.0,1.0,0.0,0.9804841750435145
1481,1767151307018,0.0,0.0,0.0,0.0,-44.28597357734027,0.0,1.7437526295794113e-173,hard,False,False,43.9952297685383,0.0,1.0,0.0,0.9804841750435145
1482,1767151307051,0.0,0.0,0.0,0.0,-44.28597357734027,0.0,6.975010518317646e-174,hard,False,False,43.9952297685383,0.0,1.0,0.0,0.9804841750435145
1483,1767151307084,0.0,0.0,0.0,0.0,-44.28597357734027,0.0,2.7900042073270585e-174,hard,False,False,43.9952297685383,0.0,1.0,0.0,0.9804841750435145
1484,1767151307117,0.0,0.0,0.0,0.0,-44.28597357734027,0.0,1.1160016829308234e-174,hard,False,False,43.9952297685383,0.0,1.0,0.0,0.9804841750435145
1485,1767151307151,0.0,0.0,0.0,0.0,-44.28597357734027,0.0,4.464006731723294e-175,hard,False,False,43.9952297685383,0.0,1.0,0.0,0.9804841750435145
1486,1767151307184,0.0,0.0,0.0,0.0,-44.28597357734027,0.0,1.7856026926893177e-175,hard,False,False,43.9952297685383,0.0,1.0,0.0,0.9804841750435145
1487,1767151307217,0.0,0.0,0.0,0.0,-44.28597357734027,0.0,7.142410770757271e-176,hard,False,False,43.9952297685383,0.0,1.0,0.0,0.9804841750435145
1488,1767151307251,0.0,0.0,0.0,0.0,-44.28597357734027,0.0,2.8569643083029085e-176,hard,False,False,43.9952297685383,0.0,1.0,0.0,0.9804841750435145
1489,1767151307284,0.0,0.0,0.0,0.0,-44.28597357734027,0.0,1.1427857233211634e-176,hard,False,False,43.9952297685383,0.0,1.0,0.0,0.9804841750435145
1490,1767151307320,0.0,0.0,0.0,0.0,-44.28597357734027,0.0,4.571142893284654e-177,hard,False,False,43.9952297685383,0.0,1.0,0.0,0.9804841750435145
1491,1767151307359,0.0,0.0,0.0,0.0,-44.28597357734027,0.0,1.8284571573138616e-177,hard,False,False,43.9952297685383,0.0,1.0,0.0,0.9804841750435145
1492,1767151307388,0.0,0.0,0.0,0.0,-44.28597357734027,0.0,7.313828629255447e-178,hard,False,False,43.9952297685383,0.0,1.0,0.0,0.9804841750435145
1493,1767151307434,0.0,0.0,0.0,0.0,-44.28597357734027,0.0,2.925531451702179e-178,hard,False,False,43.9952297685383,0.0,1.0,0.0,0.9804841750435145
1494,1767151307460,0.0,0.0,0.0,0.0,-44.28597357734027,0.0,1.1702125806808717e-178,hard,False,False,43.9952297685383,0.0,1.0,0.0,0.9804841750435145
1495,1767151307495,0.0,0.0,0.0,0.0,-44.28597357734027,0.0,4.6808503227234875e-179,hard,False,False,43.9952297685383,0.0,1.0,0.0,0.9804841750435145
1496,1767151307539,0.0,0.0,0.0,0.0,-44.28597357734027,0.0,1.872340129089395e-179,hard,False,False,43.9952297685383,0.0,1.0,0.0,0.9804841750435145
1497,1767151307573,0.0,0.0,0.0,0.0,-44.28597357734027,0.0,7.489360516357581e-180,hard,False,False,43.9952297685383,0.0,1.0,0.0,0.9804841750435145
1498,1767151307602,0.0,0.0,0.0,0.0,-44.28597357734027,0.0,2.9957442065430326e-180,hard,False,False,43.9952297685383,0.0,1.0,0.0,0.9804841750435145
1499,1767151307627,0.0,0.0,0.0,0.0,-44.28597357734027,0.0,1.1982976826172132e-180,hard,False,False,43.9952297685383,0.0,1.0,0.0,0.9804841750435145
1500,1767151307669,0.0,0.0,0.0,0.0,-44.28597357734027,0.0,4.793190730468853e-181,hard,False,False,43.9952297685383,0.0,1.0,0.0,0.9804841750435145
1501,1767151307700,0.0,0.0,0.0,0.0,-44.28597357734027,0.0,1.917276292187541e-181,hard,False,False,43.9952297685383,0.0,1.0,0.0,0.9804841750435145
1502,1767151307744,0.0,0.0,0.0,0.0,-44.28597357734027,0.0,7.669105168750165e-182,hard,False,False,43.9952297685383,0.0,1.0,0.0,0.9804841750435145
1503,1767151307777,0.0,0.0,0.0,0.0,-44.28597357734027,0.0,3.067642067500066e-182,hard,False,False,43.9952297685383,0.0,1.0,0.0,0.9804841750435145
1504,1767151307811,0.0,0.0,0.0,0.0,-44.28597357734027,0.0,1.2270568270000264e-182,hard,False,False,43.9952297685383,0.0,1.0,0.0,0.9804841750435145
1505,1767151307839,0.0,0.0,0.0,0.0,-44.28597357734027,0.0,4.908227308000106e-183,hard,False,False,43.9952297685383,0.0,1.0,0.0,0.9804841750435145
1506,1767151307865,0.0,0.0,0.0,0.0,-44.28597357734027,0.0,1.9632909232000426e-183,hard,False,False,43.9952297685383,0.0,1.0,0.0,0.9804841750435145
1507,1767151307891,0.0,0.0,0.0,0.0,-44.28597357734027,0.0,7.853163692800171e-184,hard,False,False,43.9952297685383,0.0,1.0,0.0,0.9804841750435145
1508,1767151307917,0.0,0.0,0.0,0.0,-44.28597357734027,0.0,3.1412654771200685e-184,hard,False,False,43.9952297685383,0.0,1.0,0.0,0.9804841750435145
1509,1767151307958,0.0,0.0,0.0,0.0,-44.28597357734027,0.0,1.2565061908480274e-184,hard,False,False,43.9952297685383,0.0,1.0,0.0,0.9804841750435145
1510,1767151308018,0.0,0.0,0.0,0.0,-44.28597357734027,0.0,5.02602476339211e-185,hard,False,False,43.9952297685383,0.0,1.0,0.0,0.9804841750435145
1511,1767151308053,0.0,0.0,0.0,0.0,-44.28597357734027,0.0,2.010409905356844e-185,hard,False,False,43.9952297685383,0.0,1.0,0.0,0.9804841750435145
1512,1767151308103,0.0,0.0,0.0,0.0,-44.28597357734027,0.0,8.041639621427377e-186,hard,False,False,43.9952297685383,0.0,1.0,0.0,0.9804841750435145
1513,1767151308130,0.0,0.0,0.0,0.0,-44.28597357734027,0.0,3.216655848570951e-186,hard,False,False,43.9952297685383,0.0,1.0,0.0,0.9804841750435145
1514,1767151308173,0.0,0.0,0.0,0.0,-44.28597357734027,0.0,1.2866623394283805e-186,hard,False,False,43.9952297685383,0.0,1.0,0.0,0.9804841750435145
1515,1767151308206,0.0,0.0,0.0,0.0,-44.28597357734027,0.0,5.146649357713522e-187,hard,False,False,43.9952297685383,0.0,1.0,0.0,0.9804841750435145
1516,1767151308249,0.0,0.0,0.0,0.0,-44.28597357734027,0.0,2.058659743085409e-187,hard,False,False,43.9952297685383,0.0,1.0,0.0,0.9804841750435145
1517,1767151308277,0.0,0.0,0.0,0.0,-44.28597357734027,0.0,8.234638972341637e-188,hard,False,False,43.9952297685383,0.0,1.0,0.0,0.9804841750435145
1518,1767151308326,0.0,0.0,0.0,0.0,-44.28597357734027,0.0,3.293855588936655e-188,hard,False,False,43.9952297685383,0.0,1.0,0.0,0.9804841750435145
1519,1767151308359,0.0,0.0,0.0,0.0,-44.28597357734027,0.0,1.317542235574662e-188,hard,False,False,43.9952297685383,0.0,1.0,0.0,0.9804841750435145
1520,1767151308402,0.0,0.0,0.0,0.0,-44.28597357734027,0.0,5.2701689422986485e-189,hard,False,False,43.9952297685383,0.0,1.0,0.0,0.9804841750435145
1521,1767151308436,0.0,0.0,0.0,0.0,-44.28597357734027,0.0,2.1080675769194595e-189,hard,False,False,43.9952297685383,0.0,1.0,0.0,0.9804841750435145
1522,1767151308624,0.0,0.0,0.0,0.0,-44.28597357734027,0.0,8.432270307677838e-190,hard,False,False,43.9952297685383,0.0,1.0,0.0,0.9804841750435145
1523,1767151308645,0.0,0.0,0.0,0.0,-44.28597357734027,0.0,3.3729081230711355e-190,hard,False,False,43.9952297685383,0.0,1.0,0.0,0.9804841750435145
1524,1767151308665,0.0,0.0,0.0,0.0,-44.28597357734027,0.0,1.3491632492284543e-190,hard,False,False,43.9952297685383,0.0,1.0,0.0,0.9804841750435145
1525,1767151308686,0.0,0.0,0.0,0.0,-44.28597357734027,0.0,5.396652996913817e-191,hard,False,False,43.9952297685383,0.0,1.0,0.0,0.9804841750435145
1526,1767151308706,0.0,0.0,0.0,0.0,-44.28597357734027,0.0,2.158661198765527e-191,hard,False,False,43.9952297685383,0.0,1.0,0.0,0.9804841750435145
1527,1767151308726,0.0,0.0,0.0,0.0,-44.28597357734027,0.0,8.634644795062109e-192,hard,False,False,43.9952297685383,0.0,1.0,0.0,0.9804841750435145
1528,1767151308748,0.0,0.0,0.0,0.0,-44.28597357734027,0.0,3.4538579180248436e-192,hard,False,False,43.9952297685383,0.0,1.0,0.0,0.9804841750435145
1529,1767151308770,0.0,0.0,0.0,0.0,-44.28597357734027,0.0,1.3815431672099375e-192,hard,False,False,43.9952297685383,0.0,1.0,0.0,0.9804841750435145
1530,1767151308795,0.0,0.0,0.0,0.0,-44.28597357734027,0.0,5.52617266883975e-193,hard,False,False,43.9952297685383,0.0,1.0,0.0,0.9804841750435145
1531,1767151308819,0.0,0.0,0.0,0.0,-44.28597357734027,0.0,2.2104690675359e-193,hard,False,False,43.9952297685383,0.0,1.0,0.0,0.9804841750435145
1532,1767151308851,0.0,0.0,0.0,0.0,-44.28597357734027,0.0,8.8418762701436e-194,hard,False,False,43.9952297685383,0.0,1.0,0.0,0.9804841750435145
1533,1767151308884,0.0,0.0,0.0,0.0,-44.28597357734027,0.0,3.53675050805744e-194,hard,False,False,43.9952297685383,0.0,1.0,0.0,0.9804841750435145
1534,1767151308918,0.0,0.0,0.0,0.0,-44.28597357734027,0.0,1.414700203222976e-194,hard,False,False,43.9952297685383,0.0,1.0,0.0,0.9804841750435145
1535,1767151308952,0.0,0.0,0.0,0.0,-44.28597357734027,0.0,5.658800812891905e-195,hard,False,False,43.9952297685383,0.0,1.0,0.0,0.9804841750435145
1536,1767151308985,0.0,0.0,0.0,0.0,-44.28597357734027,0.0,2.263520325156762e-195,hard,False,False,43.9952297685383,0.0,1.0,0.0,0.9804841750435145
1537,1767151309080,0.0,0.0,0.0,0.0,-44.28597357734027,0.0,9.054081300627049e-196,hard,False,False,43.9952297685383,0.0,1.0,0.0,0.9804841750435145
1538,1767151309106,0.0,0.0,0.0,0.0,-44.28597357734027,0.0,3.6216325202508195e-196,hard,False,False,43.9952297685383,0.0,1.0,0.0,0.9804841750435145
1539,1767151309129,0.0,0.0,0.0,0.0,-44.28597357734027,0.0,1.4486530081003278e-196,hard,False,False,43.9952297685383,0.0,1.0,0.0,0.9804841750435145
1540,1767151309152,0.0,0.0,0.0,0.0,-44.28597357734027,0.0,5.794612032401311e-197,hard,False,False,43.9952297685383,0.0,1.0,0.0,0.9804841750435145
1541,1767151309190,0.0,0.0,0.0,0.0,-44.28597357734027,0.0,2.3178448129605248e-197,hard,False,False,43.9952297685383,0.0,1.0,0.0,0.9804841750435145
1542,1767151309221,0.0,0.0,0.0,0.0,-44.28597357734027,0.0,9.2713792518421e-198,hard,False,False,43.9952297685383,0.0,1.0,0.0,0.9804841750435145
1543,1767151309252,0.0,0.0,0.0,0.0,-44.28597357734027,0.0,3.70855170073684e-198,hard,False,False,43.9952297685383,0.0,1.0,0.0,0.9804841750435145
1544,1767151309287,0.0,0.0,0.0,0.0,-44.28597357734027,0.0,1.4834206802947361e-198,hard,False,False,43.9952297685383,0.0,1.0,0.0,0.9804841750435145
1545,1767151309318,0.0,0.0,0.0,0.0,-44.28597357734027,0.0,5.933682721178945e-199,hard,False,False,43.9952297685383,0.0,1.0,0.0,0.9804841750435145
1546,1767151309352,0.0,0.0,0.0,0.0,-44.28597357734027,0.0,2.373473088471578e-199,hard,False,False,43.9952297685383,0.0,1.0,0.0,0.9804841750435145
1547,1767151309385,0.0,0.0,0.0,0.0,-44.28597357734027,0.0,9.493892353886312e-200,hard,False,False,43.9952297685383,0.0,1.0,0.0,0.9804841750435145
1548,1767151309418,0.0,0.0,0.0,0.0,-44.28597357734027,0.0,3.797556941554525e-200,hard,False,False,43.9952297685383,0.0,1.0,0.0,0.9804841750435145
1549,1767151309451,0.0,0.0,0.0,0.0,-44.28597357734027,0.0,1.5190227766218102e-200,hard,False,False,43.9952297685383,0.0,1.0,0.0,0.9804841750435145
1550,1767151309484,0.0,0.0,0.0,0.0,-44.28597357734027,0.0,6.076091106487241e-201,hard,False,False,43.9952297685383,0.0,1.0,0.0,0.9804841750435145
1551,1767151309518,0.0,0.0,0.0,0.0,-44.28597357734027,0.0,2.4304364425948965e-201,hard,False,False,43.9952297685383,0.0,1.0,0.0,0.9804841750435145
1552,1767151309555,0.0,0.0,0.0,0.0,-44.28597357734027,0.0,9.721745770379587e-202,hard,False,False,43.9952297685383,0.0,1.0,0.0,0.9804841750435145
1553,1767151309585,0.0,0.0,0.0,0.0,-44.28597357734027,0.0,3.888698308151835e-202,hard,False,False,43.9952297685383,0.0,1.0,0.0,0.9804841750435145
1554,1767151309622,0.0,0.0,0.0,0.0,-44.28597357734027,0.0,1.555479323260734e-202,hard,False,False,43.9952297685383,0.0,1.0,0.0,0.9804841750435145
1555,1767151309652,0.0,0.0,0.0,0.0,-44.28597357734027,0.0,6.221917293042936e-203,hard,False,False,43.9952297685383,0.0,1.0,0.0,0.9804841750435145
1556,1767151309687,0.0,0.0,0.0,0.0,-44.28597357734027,0.0,2.4887669172171746e-203,hard,False,False,43.9952297685383,0.0,1.0,0.0,0.9804841750435145
1557,1767151309719,0.0,0.0,0.0,0.0,-44.28597357734027,0.0,9.955067668868699e-204,hard,False,False,43.9952297685383,0.0,1.0,0.0,0.9804841750435145
1558,1767151309785,0.0,0.0,0.0,0.0,-44.28597357734027,0.0,3.9820270675474794e-204,hard,False,False,43.9952297685383,0.0,1.0,0.0,0.9804841750435145
1559,1767151309818,0.0,0.0,0.0,0.0,-44.28597357734027,0.0,1.5928108270189918e-204,hard,False,False,43.9952297685383,0.0,1.0,0.0,0.9804841750435145
1560,1767151309853,0.0,0.0,0.0,0.0,-44.28597357734027,0.0,6.371243308075968e-205,hard,False,False,43.9952297685383,0.0,1.0,0.0,0.9804841750435145
1561,1767151309885,0.0,0.0,0.0,0.0,-44.28597357734027,0.0,2.548497323230387e-205,hard,False,False,43.9952297685383,0.0,1.0,0.0,0.9804841750435145
1562,1767151309921,0.0,0.0,0.0,0.0,-44.28597357734027,0.0,1.019398929292155e-205,hard,False,False,43.9952297685383,0.0,1.0,0.0,0.9804841750435145
1563,1767151309952,0.0,0.0,0.0,0.0,-44.28597357734027,0.0,4.07759571716862e-206,hard,False,False,43.9952297685383,0.0,1.0,0.0,0.9804841750435145
1564,1767151309985,0.0,0.0,0.0,0.0,-44.28597357734027,0.0,1.6310382868674482e-206,hard,False,False,43.9952297685383,0.0,1.0,0.0,0.9804841750435145
1565,1767151310018,0.0,0.0,0.0,0.0,-44.28597357734027,0.0,6.524153147469793e-207,hard,False,False,43.9952297685383,0.0,1.0,0.0,0.9804841750435145
1566,1767151310051,0.0,0.0,0.0,0.0,-44.28597357734027,0.0,2.6096612589879174e-207,hard,False,False,43.9952297685383,0.0,1.0,0.0,0.9804841750435145
1567,1767151310085,0.0,0.0,0.0,0.0,-44.28597357734027,0.0,1.043864503595167e-207,hard,False,False,43.9952297685383,0.0,1.0,0.0,0.9804841750435145
1568,1767151310118,0.0,0.0,0.0,0.0,-44.28597357734027,0.0,4.175458014380668e-208,hard,False,False,43.9952297685383,0.0,1.0,0.0,0.9804841750435145
1569,1767151310152,0.0,0.0,0.0,0.0,-44.28597357734027,0.0,1.6701832057522672e-208,hard,False,False,43.9952297685383,0.0,1.0,0.0,0.9804841750435145
1570,1767151310185,0.0,0.0,0.0,0.0,-44.28597357734027,0.0,6.68073282300907e-209,hard,False,False,43.9952297685383,0.0,1.0,0.0,0.9804841750435145
1571,1767151310218,0.0,0.0,0.0,0.0,-44.28597357734027,0.0,2.672293129203628e-209,hard,False,False,43.9952297685383,0.0,1.0,0.0,0.9804841750435145
1572,1767151310251,0.0,0.0,0.0,0.0,-44.28597357734027,0.0,1.0689172516814513e-209,hard,False,False,43.9952297685383,0.0,1.0,0.0,0.9804841750435145
1573,1767151310285,0.0,0.0,0.0,0.0,-44.28597357734027,0.0,4.2756690067258056e-210,hard,False,False,43.9952297685383,0.0,1.0,0.0,0.9804841750435145
1574,1767151310318,0.0,0.0,0.0,0.0,-44.28597357734027,0.0,1.7102676026903223e-210,hard,False,False,43.9952297685383,0.0,1.0,0.0,0.9804841750435145
1575,1767151310351,0.0,0.0,0.0,0.0,-44.28597357734027,0.0,6.84107041076129e-211,hard,False,False,43.9952297685383,0.0,1.0,0.0,0.9804841750435145
1576,1767151310385,0.0,0.0,0.0,0.0,-44.28597357734027,0.0,2.736428164304516e-211,hard,False,False,43.9952297685383,0.0,1.0,0.0,0.9804841750435145
1577,1767151310418,0.0,0.0,0.0,0.0,-44.28597357734027,0.0,1.0945712657218063e-211,hard,False,False,43.9952297685383,0.0,1.0,0.0,0.9804841750435145
1578,1767151310452,0.0,0.0,0.0,0.0,-44.28597357734027,0.0,4.378285062887226e-212,hard,False,False,43.9952297685383,0.0,1.0,0.0,0.9804841750435145
1579,1767151310485,0.0,0.0,0.0,0.0,-44.28597357734027,0.0,1.7513140251548903e-212,hard,False,False,43.9952297685383,0.0,1.0,0.0,0.9804841750435145
1580,1767151310521,0.0,0.0,0.0,0.0,-44.28597357734027,0.0,7.005256100619561e-213,hard,False,False,43.9952297685383,0.0,1.0,0.0,0.9804841750435145
1581,1767151310552,0.0,0.0,0.0,0.0,-44.28597357734027,0.0,2.8021024402478247e-213,hard,False,False,43.9952297685383,0.0,1.0,0.0,0.9804841750435145
1582,1767151310585,0.0,0.0,0.0,0.0,-44.28597357734027,0.0,1.12084097609913e-213,hard,False,False,43.9952297685383,0.0,1.0,0.0,0.9804841750435145
1583,1767151310618,0.0,0.0,0.0,0.0,-44.28597357734027,0.0,4.48336390439652e-214,hard,False,False,43.9952297685383,0.0,1.0,0.0,0.9804841750435145
1584,1767151310652,0.0,0.0,0.0,0.0,-44.28597357734027,0.0,1.793345561758608e-214,hard,False,False,43.9952297685383,0.0,1.0,0.0,0.9804841750435145
1585,1767151310686,0.0,0.0,0.0,0.0,-44.28597357734027,0.0,7.173382247034433e-215,hard,False,False,43.9952297685383,0.0,1.0,0.0,0.9804841750435145
1586,1767151310719,0.0,0.0,0.0,0.0,-44.28597357734027,0.0,2.8693528988137735e-215,hard,False,False,43.9952297685383,0.0,1.0,0.0,0.9804841750435145
1587,1767151310752,0.0,0.0,0.0,0.0,-44.28597357734027,0.0,1.1477411595255095e-215,hard,False,False,43.9952297685383,0.0,1.0,0.0,0.9804841750435145
1588,1767151310785,0.0,0.0,0.0,0.0,-44.28597357734027,0.0,4.590964638102038e-216,hard,False,False,43.9952297685383,0.0,1.0,0.0,0.9804841750435145
1589,1767151310820,0.0,0.0,0.0,0.0,-44.28597357734027,0.0,1.8363858552408154e-216,hard,False,False,43.9952297685383,0.0,1.0,0.0,0.9804841750435145
1590,1767151310852,0.0,0.0,0.0,0.0,-44.28597357734027,0.0,7.345543420963262e-217,hard,False,False,43.9952297685383,0.0,1.0,0.0,0.9804841750435145
1591,1767151310887,0.0,0.0,0.0,0.0,-44.28597357734027,0.0,2.938217368385305e-217,hard,False,False,43.9952297685383,0.0,1.0,0.0,0.9804841750435145
1592,1767151310919,0.0,0.0,0.0,0.0,-44.28597357734027,0.0,1.175286947354122e-217,hard,False,False,43.9952297685383,0.0,1.0,0.0,0.9804841750435145
1593,1767151310952,0.0,0.0,0.0,0.0,-44.28597357734027,0.0,4.701147789416488e-218,hard,False,False,43.9952297685383,0.0,1.0,0.0,0.9804841750435145
1594,1767151310985,0.0,0.0,0.0,0.0,-44.28597357734027,0.0,1.8804591157665955e-218,hard,False,False,43.9952297685383,0.0,1.0,0.0,0.9804841750435145
1595,1767151311018,0.0,0.0,0.0,0.0,-44.28597357734027,0.0,7.521836463066383e-219,hard,False,False,43.9952297685383,0.0,1.0,0.0,0.9804841750435145
1596,1767151311052,0.0,0.0,0.0,0.0,-44.28597357734027,0.0,3.008734585226553e-219,hard,False,False,43.9952297685383,0.0,1.0,0.0,0.9804841750435145
1597,1767151311085,0.0,0.0,0.0,0.0,-44.28597357734027,0.0,1.2034938340906212e-219,hard,False,False,43.9952297685383,0.0,1.0,0.0,0.9804841750435145
1598,1767151311119,0.0,0.0,0.0,0.0,-44.28597357734027,0.0,4.813975336362485e-220,hard,False,False,43.9952297685383,0.0,1.0,0.0,0.9804841750435145
1599,1767151311152,0.0,0.0,0.0,0.0,-44.28597357734027,0.0,1.925590134544994e-220,hard,False,False,43.9952297685383,0.0,1.0,0.0,0.9804841750435145
1600,1767151311185,0.0,0.0,0.0,0.0,-44.28597357734027,0.0,7.702360538179977e-221,hard,False,False,43.9952297685383,0.0,1.0,0.0,0.9804841750435145
1601,1767151311218,0.0,0.0,0.0,0.0,-44.28597357734027,0.0,3.080944215271991e-221,hard,False,False,43.9952297685383,0.0,1.0,0.0,0.9804841750435145
1602,1767151311252,0.0,0.0,0.0,0.0,-44.28597357734027,0.0,1.2323776861087965e-221,hard,False,False,43.9952297685383,0.0,1.0,0.0,0.9804841750435145
1603,1767151311288,0.0,0.0,0.0,0.0,-44.28597357734027,0.0,4.9295107444351863e-222,hard,False,False,43.9952297685383,0.0,1.0,0.0,0.9804841750435145
1604,1767151311319,0.0,0.0,0.0,0.0,-44.28597357734027,0.0,1.9718042977740747e-222,hard,False,False,43.9952297685383,0.0,1.0,0.0,0.9804841750435145
1605,1767151311355,0.0,0.0,0.0,0.0,-44.28597357734027,0.0,7.8872171910963e-223,hard,False,False,43.9952297685383,0.0,1.0,0.0,0.9804841750435145
1606,1767151311386,0.0,0.0,0.0,0.0,-44.28597357734027,0.0,3.15488687643852e-223,hard,False,False,43.9952297685383,0.0,1.0,0.0,0.9804841750435145
1607,1767151311422,0.0,0.0,0.0,0.0,-44.28597357734027,0.0,1.261954750575408e-223,hard,False,False,43.9952297685383,0.0,1.0,0.0,0.9804841750435145
1608,1767151311452,0.0,0.0,0.0,0.0,-44.28597357734027,0.0,5.047819002301632e-224,hard,False,False,43.9952297685383,0.0,1.0,0.0,0.9804841750435145
1609,1767151311487,0.0,0.0,0.0,0.0,-44.28597357734027,0.0,2.0191276009206528e-224,hard,False,False,43.9952297685383,0.0,1.0,0.0,0.9804841750435145
1610,1767151311519,0.0,0.0,0.0,0.0,-44.28597357734027,0.0,8.076510403682612e-225,hard,False,False,43.9952297685383,0.0,1.0,0.0,0.9804841750435145
1611,1767151311553,0.0,0.0,0.0,0.0,-44.28597357734027,0.0,3.2306041614730445e-225,hard,False,False,43.9952297685383,0.0,1.0,0.0,0.9804841750435145
1612,1767151311585,0.0,0.0,0.0,0.0,-44.28597357734027,0.0,1.2922416645892178e-225,hard,False,False,43.9952297685383,0.0,1.0,0.0,0.9804841750435145
1613,1767151311618,0.0,0.0,0.0,0.0,-44.28597357734027,0.0,5.1689666583568715e-226,hard,False,False,43.9952297685383,0.0,1.0,0.0,0.9804841750435145
1614,1767151311653,0.0,0.0,0.0,0.0,-44.28597357734027,0.0,2.067586663342749e-226,hard,False,False,43.9952297685383,0.0,1.0,0.0,0.9804841750435145
1615,1767151311687,0.0,0.0,0.0,0.0,-44.28597357734027,0.0,8.270346653370996e-227,hard,False,False,43.9952297685383,0.0,1.0,0.0,0.9804841750435145
1616,1767151311719,0.0,0.0,0.0,0.0,-44.28597357734027,0.0,3.3081386613483986e-227,hard,False,False,43.9952297685383,0.0,1.0,0.0,0.9804841750435145
1617,1767151311758,0.0,0.0,0.0,0.0,-44.28597357734027,0.0,1.3232554645393596e-227,hard,False,False,43.9952297685383,0.0,1.0,0.0,0.9804841750435145
1618,1767151311802,0.0,0.0,0.0,0.0,-44.28597357734027,0.0,5.293021858157438e-228,hard,False,False,43.9952297685383,0.0,1.0,0.0,0.9804841750435145
1619,1767151311856,0.0,0.0,0.0,0.0,-44.28597357734027,0.0,2.1172087432629753e-228,hard,False,False,43.9952297685383,0.0,1.0,0.0,0.9804841750435145
1620,1767151311888,0.0,0.0,0.0,0.0,-44.28597357734027,0.0,8.468834973051902e-229,hard,False,False,43.9952297685383,0.0,1.0,0.0,0.9804841750435145
1621,1767151311919,0.0,0.0,0.0,0.0,-44.28597357734027,0.0,3.387533989220761e-229,hard,False,False,43.9952297685383,0.0,1.0,0.0,0.9804841750435145
1622,1767151311953,0.0,0.0,0.0,0.0,-44.28597357734027,0.0,1.3550135956883045e-229,hard,False,False,43.9952297685383,0.0,1.0,0.0,0.9804841750435145
1623,1767151311985,0.0,0.0,0.0,0.0,-44.28597357734027,0.0,5.420054382753218e-230,hard,False,False,43.9952297685383,0.0,1.0,0.0,0.9804841750435145
1624,1767151312019,0.0,0.0,0.0,0.0,-44.28597357734027,0.0,2.1680217531012873e-230,hard,False,False,43.9952297685383,0.0,1.0,0.0,0.9804841750435145
1625,1767151312058,0.0,0.0,0.0,0.0,-44.28597357734027,0.0,8.672087012405149e-231,hard,False,False,43.9952297685383,0.0,1.0,0.0,0.9804841750435145
1626,1767151312091,0.0,0.0,0.0,0.0,-44.28597357734027,0.0,3.46883480496206e-231,hard,False,False,43.9952297685383,0.0,1.0,0.0,0.9804841750435145
1627,1767151312132,0.0,0.0,0.0,0.0,-44.28597357734027,0.0,1.387533921984824e-231,hard,False,False,43.9952297685383,0.0,1.0,0.0,0.9804841750435145
1628,1767151312179,0.0,0.0,0.0,0.0,-44.28597357734027,0.0,5.550135687939296e-232,hard,False,False,43.9952297685383,0.0,1.0,0.0,0.9804841750435145
1629,1767151312230,0.0,0.0,0.0,0.0,-44.28597357734027,0.0,2.2200542751757185e-232,hard,False,False,43.9952297685383,0.0,1.0,0.0,0.9804841750435145
1630,1767151312271,0.0,0.0,0.0,0.0,-44.28597357734027,0.0,8.880217100702875e-233,hard,False,False,43.9952297685383,0.0,1.0,0.0,0.9804841750435145
1631,1767151312316,0.0,0.0,0.0,0.0,-44.28597357734027,0.0,3.55208684028115e-233,hard,False,False,43.9952297685383,0.0,1.0,0.0,0.9804841750435145
1632,1767151312347,0.0,0.0,0.0,0.0,-44.28597357734027,0.0,1.4208347361124602e-233,hard,False,False,43.9952297685383,0.0,1.0,0.0,0.9804841750435145
1633,1767151312397,0.0,0.0,0.0,0.0,-44.28597357734027,0.0,5.68333894444984e-234,hard,False,False,43.9952297685383,0.0,1.0,0.0,0.9804841750435145
1634,1767151312430,0.0,0.0,0.0,0.0,-44.28597357734027,0.0,2.2733355777799364e-234,hard,False,False,43.9952297685383,0.0,1.0,0.0,0.9804841750435145
1635,1767151312464,0.0,0.0,0.0,0.0,-44.28597357734027,0.0,9.093342311119746e-235,hard,False,False,43.9952297685383,0.0,1.0,0.0,0.9804841750435145
1636,1767151312489,0.0,0.0,0.0,0.0,-44.28597357734027,0.0,3.6373369244478984e-235,hard,False,False,43.9952297685383,0.0,1.0,0.0,0.9804841750435145
1637,1767151312515,0.0,0.0,0.0,0.0,-44.28597357734027,0.0,1.4549347697791594e-235,hard,False,False,43.9952297685383,0.0,1.0,0.0,0.9804841750435145
1638,1767151312561,0.0,0.0,0.0,0.0,-44.28597357734027,0.0,5.819739079116638e-236,hard,False,False,43.9952297685383,0.0,1.0,0.0,0.9804841750435145
1639,1767151312605,0.0,0.0,0.0,0.0,-44.28597357734027,0.0,2.327895631646655e-236,hard,False,False,43.9952297685383,0.0,1.0,0.0,0.9804841750435145
1640,1767151312650,0.0,0.0,0.0,0.0,-44.28597357734027,0.0,9.311582526586621e-237,hard,False,False,43.9952297685383,0.0,1.0,0.0,0.9804841750435145
1641,1767151312695,0.0,0.0,0.0,0.0,-44.28597357734027,0.0,3.7246330106346485e-237,hard,False,False,43.9952297685383,0.0,1.0,0.0,0.9804841750435145
1642,1767151312727,0.0,0.0,0.0,0.0,-44.28597357734027,0.0,1.4898532042538596e-237,hard,False,False,43.9952297685383,0.0,1.0,0.0,0.9804841750435145
1643,1767151312757,0.0,0.0,0.0,0.0,-44.28597357734027,0.0,5.959412817015439e-238,hard,False,False,43.9952297685383,0.0,1.0,0.0,0.9804841750435145
1644,1767151312784,0.0,0.0,0.0,0.0,-44.28597357734027,0.0,2.3837651268061758e-238,hard,False,False,43.9952297685383,0.0,1.0,0.0,0.9804841750435145
1645,1767151312811,0.0,0.0,0.0,0.0,-44.28597357734027,0.0,9.535060507224704e-239,hard,False,False,43.9952297685383,0.0,1.0,0.0,0.9804841750435145
1646,1767151312838,0.0,0.0,0.0,0.0,-44.28597357734027,0.0,3.8140242028898815e-239,hard,False,False,43.9952297685383,0.0,1.0,0.0,0.9804841750435145
1647,1767151312862,0.0,0.0,0.0,0.0,-44.28597357734027,0.0,1.5256096811559527e-239,hard,False,False,43.9952297685383,0.0,1.0,0.0,0.9804841750435145
1648,1767151312888,0.0,0.0,0.0,0.0,-44.28597357734027,0.0,6.102438724623811e-240,hard,False,False,43.9952297685383,0.0,1.0,0.0,0.9804841750435145
1649,1767151312932,0.0,0.0,0.0,0.0,-44.28597357734027,0.0,2.440975489849524e-240,hard,False,False,43.9952297685383,0.0,1.0,0.0,0.9804841750435145
1650,1767151312967,0.0,0.0,0.0,0.0,-44.28597357734027,0.0,9.763901959398097e-241,hard,False,False,43.9952297685383,0.0,1.0,0.0,0.9804841750435145
1651,1767151313012,0.0,0.0,0.0,0.0,-44.28597357734027,0.0,3.905560783759239e-241,hard,False,False,43.9952297685383,0.0,1.0,0.0,0.9804841750435145
1652,1767151313040,0.0,0.0,0.0,0.0,-44.28597357734027,0.0,1.5622243135036957e-241,hard,False,False,43.9952297685383,0.0,1.0,0.0,0.9804841750435145
1653,1767151313079,0.0,0.0,0.0,0.0,-44.28597357734027,0.0,6.248897254014783e-242,hard,False,False,43.9952297685383,0.0,1.0,0.0,0.9804841750435145
1654,1767151313112,0.0,0.0,0.0,0.0,-44.28597357734027,0.0,2.4995589016059135e-242,hard,False,False,43.9952297685383,0.0,1.0,0.0,0.9804841750435145
1655,1767151313156,0.0,0.0,0.0,0.0,-44.28597357734027,0.0,9.998235606423654e-243,hard,False,False,43.9952297685383,0.0,1.0,0.0,0.9804841750435145
1656,1767151313184,0.0,0.0,0.0,0.0,-44.28597357734027,0.0,3.999294242569462e-243,hard,False,False,43.9952297685383,0.0,1.0,0.0,0.9804841750435145
1657,1767151313219,0.0,0.0,0.0,0.0,-44.28597357734027,0.0,1.599717697027785e-243,hard,False,False,43.9952297685383,0.0,1.0,0.0,0.9804841750435145
1658,1767151313246,0.0,0.0,0.0,0.0,-44.28597357734027,0.0,6.39887078811114e-244,hard,False,False,43.9952297685383,0.0,1.0,0.0,0.9804841750435145
1659,1767151313271,0.0,0.0,0.0,0.0,-44.28597357734027,0.0,2.5595483152444564e-244,hard,False,False,43.9952297685383,0.0,1.0,0.0,0.9804841750435145
1660,1767151313295,0.0,0.0,0.0,0.0,-44.28597357734027,0.0,1.0238193260977826e-244,hard,False,False,43.9952297685383,0.0,1.0,0.0,0.9804841750435145
1661,1767151313318,0.0,0.0,0.0,0.0,-44.28597357734027,0.0,4.0952773043911304e-245,hard,False,False,43.9952297685383,0.0,1.0,0.0,0.9804841750435145
1662,1767151313345,0.0,0.0,0.0,0.0,-44.28597357734027,0.0,1.6381109217564523e-245,hard,False,False,43.9952297685383,0.0,1.0,0.0,0.9804841750435145
1663,1767151313369,0.0,0.0,0.0,0.0,-44.28597357734027,0.0,6.55244368702581e-246,hard,False,False,43.9952297685383,0.0,1.0,0.0,0.9804841750435145
1664,1767151313394,0.0,0.0,0.0,0.0,-44.28597357734027,0.0,2.6209774748103243e-246,hard,False,False,43.9952297685383,0.0,1.0,0.0,0.9804841750435145
1665,1767151313419,0.0,0.0,0.0,0.0,-44.28597357734027,0.0,1.0483909899241298e-246,hard,False,False,43.9952297685383,0.0,1.0,0.0,0.9804841750435145
1666,1767151313453,0.0,0.0,0.0,0.0,-44.28597357734027,0.0,4.193563959696519e-247,hard,False,False,43.9952297685383,0.0,1.0,0.0,0.9804841750435145
1667,1767151313492,0.0,0.0,0.0,0.0,-44.28597357734027,0.0,1.677425583878608e-247,hard,False,False,43.9952297685383,0.0,1.0,0.0,0.9804841750435145
1668,1767151313520,0.0,0.0,0.0,0.0,-44.28597357734027,0.0,6.709702335514432e-248,hard,False,False,43.9952297685383,0.0,1.0,0.0,0.9804841750435145
1669,1767151313554,0.0,0.0,0.0,0.0,-44.28597357734027,0.0,2.6838809342057727e-248,hard,False,False,43.9952297685383,0.0,1.0,0.0,0.9804841750435145
1670,1767151313599,0.0,0.0,0.0,0.0,-44.28597357734027,0.0,1.0735523736823092e-248,hard,False,False,43.9952297685383,0.0,1.0,0.0,0.9804841750435145
1671,1767151313651,0.0,0.0,0.0,0.0,-44.28597357734027,0.0,4.2942094947292374e-249,hard,False,False,43.9952297685383,0.0,1.0,0.0,0.9804841750435145
1672,1767151313685,0.0,0.0,0.0,0.0,-44.28597357734027,0.0,1.717683797891695e-249,hard,False,False,43.9952297685383,0.0,1.0,0.0,0.9804841750435145
1673,1767151313711,0.0,0.0,0.0,0.0,-44.28597357734027,0.0,6.870735191566781e-250,hard,False,False,43.9952297685383,0.0,1.0,0.0,0.9804841750435145
1674,1767151313740,0.0,0.0,0.0,0.0,-44.28597357734027,0.0,2.7482940766267125e-250,hard,False,False,43.9952297685383,0.0,1.0,0.0,0.9804841750435145
1675,1767151313766,0.0,0.0,0.0,0.0,-44.28597357734027,0.0,1.099317630650685e-250,hard,False,False,43.9952297685383,0.0,1.0,0.0,0.9804841750435145
1676,1767151313789,0.0,0.0,0.0,0.0,-44.28597357734027,0.0,4.3972705226027406e-251,hard,False,False,43.9952297685383,0.0,1.0,0.0,0.9804841750435145
1677,1767151313821,0.0,0.0,0.0,0.0,-44.28597357734027,0.0,1.7589082090410965e-251,hard,False,False,43.9952297685383,0.0,1.0,0.0,0.9804841750435145
1678,1767151313887,0.0,0.0,0.0,0.0,-44.28597357734027,0.0,7.035632836164386e-252,hard,False,False,43.9952297685383,0.0,1.0,0.0,0.9804841750435145
1679,1767151313923,0.0,0.0,0.0,0.0,-44.28597357734027,0.0,2.814253134465755e-252,hard,False,False,43.9952297685383,0.0,1.0,0.0,0.9804841750435145
1680,1767151313954,0.0,0.0,0.0,0.0,-44.28597357734027,0.0,1.125701253786302e-252,hard,False,False,43.9952297685383,0.0,1.0,0.0,0.9804841750435145
1681,1767151313989,0.0,0.0,0.0,0.0,-44.28597357734027,0.0,4.502805015145208e-253,hard,False,False,43.9952297685383,0.0,1.0,0.0,0.9804841750435145
1682,1767151314019,0.0,0.0,0.0,0.0,-44.28597357734027,0.0,1.8011220060580834e-253,hard,False,False,43.9952297685383,0.0,1.0,0.0,0.9804841750435145
1683,1767151314052,0.0,0.0,0.0,0.0,-44.28597357734027,0.0,7.204488024232334e-254,hard,False,False,43.9952297685383,0.0,1.0,0.0,0.9804841750435145
1684,1767151314086,0.0,0.0,0.0,0.0,-44.28597357734027,0.0,2.8817952096929335e-254,hard,False,False,43.9952297685383,0.0,1.0,0.0,0.9804841750435145
1685,1767151314119,0.0,0.0,0.0,0.0,-44.28597357734027,0.0,1.1527180838771735e-254,hard,False,False,43.9952297685383,0.0,1.0,0.0,0.9804841750435145
1686,1767151314153,0.0,0.0,0.0,0.0,-44.28597357734027,0.0,4.610872335508694e-255,hard,False,False,43.9952297685383,0.0,1.0,0.0,0.9804841750435145
1687,1767151314188,0.0,0.0,0.0,0.0,-44.28597357734027,0.0,1.8443489342034779e-255,hard,False,False,43.9952297685383,0.0,1.0,0.0,0.9804841750435145
1688,1767151314220,0.0,0.0,0.0,0.0,-44.28597357734027,0.0,7.377395736813912e-256,hard,False,False,43.9952297685383,0.0,1.0,0.0,0.9804841750435145
1689,1767151314254,0.0,0.0,0.0,0.0,-44.28597357734027,0.0,2.950958294725565e-256,hard,False,False,43.9952297685383,0.0,1.0,0.0,0.9804841750435145
1690,1767151314286,0.0,0.0,0.0,0.0,-44.28597357734027,0.0,1.1803833178902261e-256,hard,False,False,43.9952297685383,0.0,1.0,0.0,0.9804841750435145
1691,1767151314320,0.0,0.0,0.0,0.0,-44.28597357734027,0.0,4.7215332715609046e-257,hard,False,False,43.9952297685383,0.0,1.0,0.0,0.9804841750435145
1692,1767151314353,0.0,0.0,0.0,0.0,-44.28597357734027,0.0,1.888613308624362e-257,hard,False,False,43.9952297685383,0.0,1.0,0.0,0.9804841750435145
1693,1767151314386,0.0,0.0,0.0,0.0,-44.28597357734027,0.0,7.554453234497448e-258,hard,False,False,43.9952297685383,0.0,1.0,0.0,0.9804841750435145
1694,1767151314428,0.0,0.0,0.0,0.0,-44.28597357734027,0.0,3.0217812937989793e-258,hard,False,False,43.9952297685383,0.0,1.0,0.0,0.9804841750435145
1695,1767151314487,0.0,0.0,0.0,0.0,-44.28597357734027,0.0,1.2087125175195917e-258,hard,False,False,43.9952297685383,0.0,1.0,0.0,0.9804841750435145
1696,1767151314530,0.0,0.0,0.0,0.0,-44.28597357734027,0.0,4.834850070078367e-259,hard,False,False,43.9952297685383,0.0,1.0,0.0,0.9804841750435145
1697,1767151314563,0.0,0.0,0.0,0.0,-44.28597357734027,0.0,1.933940028031347e-259,hard,False,False,43.9952297685383,0.0,1.0,0.0,0.9804841750435145
1698,1767151314592,0.0,0.0,0.0,0.0,-44.28597357734027,0.0,7.735760112125388e-260,hard,False,False,43.9952297685383,0.0,1.0,0.0,0.9804841750435145
1699,1767151314620,0.0,0.0,0.0,0.0,-44.28597357734027,0.0,3.0943040448501554e-260,hard,False,False,43.9952297685383,0.0,1.0,0.0,0.9804841750435145
1700,1767151314654,0.0,0.0,0.0,0.0,-44.28597357734027,0.0,1.2377216179400623e-260,hard,False,False,43.9952297685383,0.0,1.0,0.0,0.9804841750435145
1701,1767151314687,0.0,0.0,0.0,0.0,-44.28597357734027,0.0,4.95088647176025e-261,hard,False,False,43.9952297685383,0.0,1.0,0.0,0.9804841750435145
1702,1767151314719,0.0,0.0,0.0,0.0,-44.28597357734027,0.0,1.9803545887041e-261,hard,False,False,43.9952297685383,0.0,1.0,0.0,0.9804841750435145
1703,1767151314908,0.0,0.0,0.0,0.0,-44.28597357734027,0.0,7.921418354816401e-262,hard,False,False,43.9952297685383,0.0,1.0,0.0,0.9804841750435145
1704,1767151314928,0.0,0.0,0.0,0.0,-44.28597357734027,0.0,3.1685673419265607e-262,hard,False,False,43.9952297685383,0.0,1.0,0.0,0.9804841750435145
1705,1767151314946,0.0,0.0,0.0,0.0,-44.28597357734027,0.0,1.2674269367706243e-262,hard,False,False,43.9952297685383,0.0,1.0,0.0,0.9804841750435145
1706,1767151314967,0.0,0.0,0.0,0.0,-44.28597357734027,0.0,5.069707747082498e-263,hard,False,False,43.9952297685383,0.0,1.0,0.0,0.9804841750435145
1707,1767151314986,0.0,0.0,0.0,0.0,-44.28597357734027,0.0,2.0278830988329993e-263,hard,False,False,43.9952297685383,0.0,1.0,0.0,0.9804841750435145
1708,1767151315006,0.0,0.0,0.0,0.0,-44.28597357734027,0.0,8.111532395331998e-264,hard,False,False,43.9952297685383,0.0,1.0,0.0,0.9804841750435145
1709,1767151315026,0.0,0.0,0.0,0.0,-44.28597357734027,0.0,3.244612958132799e-264,hard,False,False,43.9952297685383,0.0,1.0,0.0,0.9804841750435145
1710,1767151315053,0.0,0.0,0.0,0.0,-44.28597357734027,0.0,1.2978451832531197e-264,hard,False,False,43.9952297685383,0.0,1.0,0.0,0.9804841750435145
1711,1767151315086,0.0,0.0,0.0,0.0,-44.28597357734027,0.0,5.191380733012479e-265,hard,False,False,43.9952297685383,0.0,1.0,0.0,0.9804841750435145
1712,1767151315122,0.0,0.0,0.0,0.0,-44.28597357734027,0.0,2.0765522932049918e-265,hard,False,False,43.9952297685383,0.0,1.0,0.0,0.9804841750435145
1713,1767151315153,0.0,0.0,0.0,0.0,-44.28597357734027,0.0,8.306209172819967e-266,hard,False,False,43.9952297685383,0.0,1.0,0.0,0.9804841750435145
1714,1767151315187,0.0,0.0,0.0,0.0,-44.28597357734027,0.0,3.322483669127987e-266,hard,False,False,43.9952297685383,0.0,1.0,0.0,0.9804841750435145
1715,1767151315219,0.0,0.0,0.0,0.0,-44.28597357734027,0.0,1.328993467651195e-266,hard,False,False,43.9952297685383,0.0,1.0,0.0,0.9804841750435145
1716,1767151315253,0.0,0.0,0.0,0.0,-44.28597357734027,0.0,5.31597387060478e-267,hard,False,False,43.9952297685383,0.0,1.0,0.0,0.9804841750435145
1717,1767151315367,0.0,0.0,0.0,0.0,-44.28597357734027,0.0,2.1263895482419122e-267,hard,False,False,43.9952297685383,0.0,1.0,0.0,0.9804841750435145
1718,1767151315387,0.0,0.0,0.0,0.0,-44.28597357734027,0.0,8.50555819296765e-268,hard,False,False,43.9952297685383,0.0,1.0,0.0,0.9804841750435145
1719,1767151315421,0.0,0.0,0.0,0.0,-44.28597357734027,0.0,3.40222327718706e-268,hard,False,False,43.9952297685383,0.0,1.0,0.0,0.9804841750435145
1720,1767151315459,0.0,0.0,0.0,0.0,-44.28597357734027,0.0,1.360889310874824e-268,hard,False,False,43.9952297685383,0.0,1.0,0.0,0.9804841750435145
1721,1767151315489,0.0,0.0,0.0,0.0,-44.28597357734027,0.0,5.443557243499297e-269,hard,False,False,43.9952297685383,0.0,1.0,0.0,0.9804841750435145
1722,1767151315515,0.0,0.0,0.0,0.0,-44.28597357734027,0.0,2.177422897399719e-269,hard,False,False,43.9952297685383,0.0,1.0,0.0,0.9804841750435145
1723,1767151315542,0.0,0.0,0.0,0.0,-44.28597357734027,0.0,8.709691589598875e-270,hard,False,False,43.9952297685383,0.0,1.0,0.0,0.9804841750435145
1724,1767151315568,0.0,0.0,0.0,0.0,-44.28597357734027,0.0,3.4838766358395504e-270,hard,False,False,43.9952297685383,0.0,1.0,0.0,0.9804841750435145
1725,1767151315596,0.0,0.0,0.0,0.0,-44.28597357734027,0.0,1.3935506543358203e-270,hard,False,False,43.9952297685383,0.0,1.0,0.0,0.9804841750435145
1726,1767151315621,0.0,0.0,0.0,0.0,-44.28597357734027,0.0,5.574202617343282e-271,hard,False,False,43.9952297685383,0.0,1.0,0.0,0.9804841750435145
1727,1767151315644,0.0,0.0,0.0,0.0,-44.28597357734027,0.0,2.2296810469373129e-271,hard,False,False,43.9952297685383,0.0,1.0,0.0,0.9804841750435145
1728,1767151315669,0.0,0.0,0.0,0.0,-44.28597357734027,0.0,8.918724187749252e-272,hard,False,False,43.9952297685383,0.0,1.0,0.0,0.9804841750435145
1729,1767151315698,0.0,0.0,0.0,0.0,-44.28597357734027,0.0,3.567489675099701e-272,hard,False,False,43.9952297685383,0.0,1.0,0.0,0.9804841750435145
1730,1767151315722,0.0,0.0,0.0,0.0,-44.28597357734027,0.0,1.4269958700398805e-272,hard,False,False,43.9952297685383,0.0,1.0,0.0,0.9804841750435145
1731,1767151315754,0.0,0.0,0.0,0.0,-44.28597357734027,0.0,5.707983480159522e-273,hard,False,False,43.9952297685383,0.0,1.0,0.0,0.9804841750435145
1732,1767151315788,0.0,0.0,0.0,0.0,-44.28597357734027,0.0,2.283193392063809e-273,hard,False,False,43.9952297685383,0.0,1.0,0.0,0.9804841750435145
1733,1767151315854,0.0,0.0,0.0,0.0,-44.28597357734027,0.0,9.132773568255236e-274,hard,False,False,43.9952297685383,0.0,1.0,0.0,0.9804841750435145
1734,1767151315892,0.0,0.0,0.0,0.0,-44.28597357734027,0.0,3.6531094273020947e-274,hard,False,False,43.9952297685383,0.0,1.0,0.0,0.9804841750435145
1735,1767151315921,0.0,0.0,0.0,0.0,-44.28597357734027,0.0,1.461243770920838e-274,hard,False,False,43.9952297685383,0.0,1.0,0.0,0.9804841750435145
1736,1767151315956,0.0,0.0,0.0,0.0,-44.28597357734027,0.0,5.844975083683352e-275,hard,False,False,43.9952297685383,0.0,1.0,0.0,0.9804841750435145
1737,1767151315987,0.0,0.0,0.0,0.0,-44.28597357734027,0.0,2.3379900334733407e-275,hard,False,False,43.9952297685383,0.0,1.0,0.0,0.9804841750435145
1738,1767151316020,0.0,0.0,0.0,0.0,-44.28597357734027,0.0,9.351960133893363e-276,hard,False,False,43.9952297685383,0.0,1.0,0.0,0.9804841750435145
1739,1767151316055,0.0,0.0,0.0,0.0,-44.28597357734027,0.0,3.740784053557346e-276,hard,False,False,43.9952297685383,0.0,1.0,0.0,0.9804841750435145
1740,1767151316087,0.0,0.0,0.0,0.0,-44.28597357734027,0.0,1.4963136214229383e-276,hard,False,False,43.9952297685383,0.0,1.0,0.0,0.9804841750435145
1741,1767151316120,0.0,0.0,0.0,0.0,-44.28597357734027,0.0,5.985254485691754e-277,hard,False,False,43.9952297685383,0.0,1.0,0.0,0.9804841750435145
1742,1767151316166,0.0,0.0,0.0,0.0,-44.28597357734027,0.0,2.3941017942767015e-277,hard,False,False,43.9952297685383,0.0,1.0,0.0,0.9804841750435145
1743,1767151316203,0.0,0.0,0.0,0.0,-44.28597357734027,0.0,9.576407177106806e-278,hard,False,False,43.9952297685383,0.0,1.0,0.0,0.9804841750435145
1744,1767151316229,0.0,0.0,0.0,0.0,-44.28597357734027,0.0,3.830562870842723e-278,hard,False,False,43.9952297685383,0.0,1.0,0.0,0.9804841750435145
1745,1767151316258,0.0,0.0,0.0,0.0,-44.28597357734027,0.0,1.5322251483370892e-278,hard,False,False,43.9952297685383,0.0,1.0,0.0,0.9804841750435145
1746,1767151316301,0.0,0.0,0.0,0.0,-44.28597357734027,0.0,6.128900593348357e-279,hard,False,False,43.9952297685383,0.0,1.0,0.0,0.9804841750435145
1747,1767151316331,0.0,0.0,0.0,0.0,-44.28597357734027,0.0,2.451560237339343e-279,hard,False,False,43.9952297685383,0.0,1.0,0.0,0.9804841750435145
1748,1767151316359,0.0,0.0,0.0,0.0,-44.28597357734027,0.0,9.806240949357373e-280,hard,False,False,43.9952297685383,0.0,1.0,0.0,0.9804841750435145
1749,1767151316387,0.0,0.0,0.0,0.0,-44.28597357734027,0.0,3.9224963797429496e-280,hard,False,False,43.9952297685383,0.0,1.0,0.0,0.9804841750435145
1750,1767151316453,0.0,0.0,0.0,0.0,-44.28597357734027,0.0,1.5689985518971799e-280,hard,False,False,43.9952297685383,0.0,1.0,0.0,0.9804841750435145
1751,1767151316486,0.0,0.0,0.0,0.0,-44.28597357734027,0.0,6.27599420758872e-281,hard,False,False,43.9952297685383,0.0,1.0,0.0,0.9804841750435145
1752,1767151316520,0.0,0.0,0.0,0.0,-44.28597357734027,0.0,2.5103976830354883e-281,hard,False,False,43.9952297685383,0.0,1.0,0.0,0.9804841750435145
1753,1767151316553,0.0,0.0,0.0,0.0,-44.28597357734027,0.0,1.0041590732141954e-281,hard,False,False,43.9952297685383,0.0,1.0,0.0,0.9804841750435145
1754,1767151316586,0.0,0.0,0.0,0.0,-44.28597357734027,0.0,4.016636292856781e-282,hard,False,False,43.9952297685383,0.0,1.0,0.0,0.9804841750435145
1755,1767151316620,0.0,0.0,0.0,0.0,-44.28597357734027,0.0,1.6066545171427126e-282,hard,False,False,43.9952297685383,0.0,1.0,0.0,0.9804841750435145
1756,1767151316656,0.0,0.0,0.0,0.0,-44.28597357734027,0.0,6.42661806857085e-283,hard,False,False,43.9952297685383,0.0,1.0,0.0,0.9804841750435145
1757,1767151316689,0.0,0.0,0.0,0.0,-44.28597357734027,0.0,2.5706472274283404e-283,hard,False,False,43.9952297685383,0.0,1.0,0.0,0.9804841750435145
1758,1767151316720,0.0,0.0,0.0,0.0,-44.28597357734027,0.0,1.0282588909713362e-283,hard,False,False,43.9952297685383,0.0,1.0,0.0,0.9804841750435145
1759,1767151316753,0.0,0.0,0.0,0.0,-44.28597357734027,0.0,4.1130355638853447e-284,hard,False,False,43.9952297685383,0.0,1.0,0.0,0.9804841750435145
1760,1767151316786,0.0,0.0,0.0,0.0,-44.28597357734027,0.0,1.645214225554138e-284,hard,False,False,43.9952297685383,0.0,1.0,0.0,0.9804841750435145
1761,1767151316820,0.0,0.0,0.0,0.0,-44.28597357734027,0.0,6.5808569022165525e-285,hard,False,False,43.9952297685383,0.0,1.0,0.0,0.9804841750435145
1762,1767151316887,0.0,0.0,0.0,0.0,-44.28597357734027,0.0,2.632342760886621e-285,hard,False,False,43.9952297685383,0.0,1.0,0.0,0.9804841750435145
1763,1767151316921,0.0,0.0,0.0,0.0,-44.28597357734027,0.0,1.0529371043546485e-285,hard,False,False,43.9952297685383,0.0,1.0,0.0,0.9804841750435145
1764,1767151316953,0.0,0.0,0.0,0.0,-44.28597357734027,0.0,4.211748417418594e-286,hard,False,False,43.9952297685383,0.0,1.0,0.0,0.9804841750435145
1765,1767151316986,0.0,0.0,0.0,0.0,-44.28597357734027,0.0,1.6846993669674375e-286,hard,False,False,43.9952297685383,0.0,1.0,0.0,0.9804841750435145
1766,1767151317020,0.0,0.0,0.0,0.0,-44.28597357734027,0.0,6.73879746786975e-287,hard,False,False,43.9952297685383,0.0,1.0,0.0,0.9804841750435145
1767,1767151317053,0.0,0.0,0.0,0.0,-44.28597357734027,0.0,2.6955189871479e-287,hard,False,False,43.9952297685383,0.0,1.0,0.0,0.9804841750435145
1768,1767151317087,0.0,0.0,0.0,0.0,-44.28597357734027,0.0,1.07820759485916e-287,hard,False,False,43.9952297685383,0.0,1.0,0.0,0.9804841750435145
1769,1767151317120,0.0,0.0,0.0,0.0,-44.28597357734027,0.0,4.31283037943664e-288,hard,False,False,43.9952297685383,0.0,1.0,0.0,0.9804841750435145
1770,1767151317153,0.0,0.0,0.0,0.0,-44.28597357734027,0.0,1.725132151774656e-288,hard,False,False,43.9952297685383,0.0,1.0,0.0,0.9804841750435145
1771,1767151317187,0.0,0.0,0.0,0.0,-44.28597357734027,0.0,6.900528607098625e-289,hard,False,False,43.9952297685383,0.0,1.0,0.0,0.9804841750435145
1772,1767151317220,0.0,0.0,0.0,0.0,-44.28597357734027,0.0,2.76021144283945e-289,hard,False,False,43.9952297685383,0.0,1.0,0.0,0.9804841750435145
1773,1767151317253,0.0,0.0,0.0,0.0,-44.28597357734027,0.0,1.10408457713578e-289,hard,False,False,43.9952297685383,0.0,1.0,0.0,0.9804841750435145
1774,1767151317290,0.0,0.0,0.0,0.0,-44.28597357734027,0.0,4.4163383085431206e-290,hard,False,False,43.9952297685383,0.0,1.0,0.0,0.9804841750435145
1775,1767151317320,0.0,0.0,0.0,0.0,-44.28597357734027,0.0,1.7665353234172484e-290,hard,False,False,43.9952297685383,0.0,1.0,0.0,0.9804841750435145
1776,1767151317354,0.0,0.0,0.0,0.0,-44.28597357734027,0.0,7.066141293668993e-291,hard,False,False,43.9952297685383,0.0,1.0,0.0,0.9804841750435145
1777,1767151317387,0.0,0.0,0.0,0.0,-44.28597357734027,0.0,2.8264565174675975e-291,hard,False,False,43.9952297685383,0.0,1.0,0.0,0.9804841750435145
1778,1767151317420,0.0,0.0,0.0,0.0,-44.28597357734027,0.0,1.130582606987039e-291,hard,False,False,43.9952297685383,0.0,1.0,0.0,0.9804841750435145
1779,1767151317453,0.0,0.0,0.0,0.0,-44.28597357734027,0.0,4.522330427948156e-292,hard,False,False,43.9952297685383,0.0,1.0,0.0,0.9804841750435145
1780,1767151317487,0.0,0.0,0.0,0.0,-44.28597357734027,0.0,1.8089321711792626e-292,hard,False,False,43.9952297685383,0.0,1.0,0.0,0.9804841750435145
1781,1767151317520,0.0,0.0,0.0,0.0,-44.28597357734027,0.0,7.23572868471705e-293,hard,False,False,43.9952297685383,0.0,1.0,0.0,0.9804841750435145
1782,1767151317553,0.0,0.0,0.0,0.0,-44.28597357734027,0.0,2.8942914738868205e-293,hard,False,False,43.9952297685383,0.0,1.0,0.0,0.9804841750435145
1783,1767151317590,0.0,0.0,0.0,0.0,-44.28597357734027,0.0,1.1577165895547282e-293,hard,False,False,43.9952297685383,0.0,1.0,0.0,0.9804841750435145
1784,1767151317620,0.0,0.0,0.0,0.0,-44.28597357734027,0.0,4.6308663582189135e-294,hard,False,False,43.9952297685383,0.0,1.0,0.0,0.9804841750435145
1785,1767151317654,0.0,0.0,0.0,0.0,-44.28597357734027,0.0,1.8523465432875655e-294,hard,False,False,43.9952297685383,0.0,1.0,0.0,0.9804841750435145
1786,1767151317687,0.0,0.0,0.0,0.0,-44.28597357734027,0.0,7.409386173150263e-295,hard,False,False,43.9952297685383,0.0,1.0,0.0,0.9804841750435145
1787,1767151317720,0.0,0.0,0.0,0.0,-44.28597357734027,0.0,2.963754469260105e-295,hard,False,False,43.9952297685383,0.0,1.0,0.0,0.9804841750435145
1788,1767151317754,0.0,0.0,0.0,0.0,-44.28597357734027,0.0,1.1855017877040422e-295,hard,False,False,43.9952297685383,0.0,1.0,0.0,0.9804841750435145
1789,1767151317787,0.0,0.0,0.0,0.0,-44.28597357734027,0.0,4.7420071508161693e-296,hard,False,False,43.9952297685383,0.0,1.0,0.0,0.9804841750435145
1790,1767151317821,0.0,0.0,0.0,0.0,-44.28597357734027,0.0,1.896802860326468e-296,hard,False,False,43.9952297685383,0.0,1.0,0.0,0.9804841750435145
1791,1767151317857,0.0,0.0,0.0,0.0,-44.28597357734027,0.0,7.587211441305873e-297,hard,False,False,43.9952297685383,0.0,1.0,0.0,0.9804841750435145
1792,1767151317887,0.0,0.0,0.0,0.0,-44.28597357734027,0.0,3.0348845765223493e-297,hard,False,False,43.9952297685383,0.0,1.0,0.0,0.9804841750435145
1793,1767151317922,0.0,0.0,0.0,0.0,-44.28597357734027,0.0,1.2139538306089397e-297,hard,False,False,43.9952297685383,0.0,1.0,0.0,0.9804841750435145
1794,1767151317954,0.0,0.0,0.0,0.0,-44.28597357734027,0.0,4.85581532243576e-298,hard,False,False,43.9952297685383,0.0,1.0,0.0,0.9804841750435145
1795,1767151317988,0.0,0.0,0.0,0.0,-44.28597357734027,0.0,1.9423261289743038e-298,hard,False,False,43.9952297685383,0.0,1.0,0.0,0.9804841750435145
1796,1767151318035,0.0,0.0,0.0,0.0,-44.28597357734027,0.0,7.769304515897216e-299,hard,False,False,43.9952297685383,0.0,1.0,0.0,0.9804841750435145
1797,1767151318070,0.0,0.0,0.0,0.0,-44.28597357734027,0.0,3.1077218063588865e-299,hard,False,False,43.9952297685383,0.0,1.0,0.0,0.9804841750435145
1798,1767151318096,0.0,0.0,0.0,0.0,-44.28597357734027,0.0,1.2430887225435548e-299,hard,False,False,43.9952297685383,0.0,1.0,0.0,0.9804841750435145
1799,1767151318125,0.0,0.0,0.0,0.0,-44.28597357734027,0.0,4.972354890174219e-300,hard,False,False,43.9952297685383,0.0,1.0,0.0,0.9804841750435145
1800,1767151318153,0.0,0.0,0.0,0.0,-44.28597357734027,0.0,1.988941956069688e-300,hard,False,False,43.9952297685383,0.0,1.0,0.0,0.9804841750435145
1801,1767151318187,0.0,0.0,0.0,0.0,-44.28597357734027,0.0,7.955767824278751e-301,hard,False,False,43.9952297685383,0.0,1.0,0.0,0.9804841750435145
1802,1767151318223,0.0,0.0,0.0,0.0,-44.28597357734027,0.0,3.182307129711501e-301,hard,False,False,43.9952297685383,0.0,1.0,0.0,0.9804841750435145
1803,1767151318260,0.0,0.0,0.0,0.0,-44.28597357734027,0.0,1.2729228518846005e-301,hard,False,False,43.9952297685383,0.0,1.0,0.0,0.9804841750435145
1804,1767151318304,0.0,0.0,0.0,0.0,-44.28597357734027,0.0,5.091691407538402e-302,hard,False,False,43.9952297685383,0.0,1.0,0.0,0.9804841750435145
1805,1767151318337,0.0,0.0,0.0,0.0,-44.28597357734027,0.0,2.036676563015361e-302,hard,False,False,43.9952297685383,0.0,1.0,0.0,0.9804841750435145
1806,1767151318382,0.0,0.0,0.0,0.0,-44.28597357734027,0.0,8.146706252061445e-303,hard,False,False,43.9952297685383,0.0,1.0,0.0,0.9804841750435145
1807,1767151318412,0.0,0.0,0.0,0.0,-44.28597357734027,0.0,3.258682500824578e-303,hard,False,False,43.9952297685383,0.0,1.0,0.0,0.9804841750435145
1808,1767151318443,0.0,0.0,0.0,0.0,-44.28597357734027,0.0,1.3034730003298313e-303,hard,False,False,43.9952297685383,0.0,1.0,0.0,0.9804841750435145
1809,1767151318475,0.0,0.0,0.0,0.0,-44.28597357734027,0.0,5.2138920013193256e-304,hard,False,False,43.9952297685383,0.0,1.0,0.0,0.9804841750435145
1810,1767151318503,0.0,0.0,0.0,0.0,-44.28597357734027,0.0,2.0855568005277303e-304,hard,False,False,43.9952297685383,0.0,1.0,0.0,0.9804841750435145
1811,1767151318549,0.0,0.0,0.0,0.0,-44.28597357734027,0.0,8.342227202110921e-305,hard,False,False,43.9952297685383,0.0,1.0,0.0,0.9804841750435145
1812,1767151318594,0.0,0.0,0.0,0.0,-44.28597357734027,0.0,3.3368908808443685e-305,hard,False,False,43.9952297685383,0.0,1.0,0.0,0.9804841750435145
1813,1767151318627,0.0,0.0,0.0,0.0,-44.28597357734027,0.0,1.3347563523377475e-305,hard,False,False,43.9952297685383,0.0,1.0,0.0,0.9804841750435145
1814,1767151318661,0.0,0.0,0.0,0.0,-44.28597357734027,0.0,5.33902540935099e-306,hard,False,False,43.9952297685383,0.0,1.0,0.0,0.9804841750435145
1815,1767151318690,0.0,0.0,0.0,0.0,-44.28597357734027,0.0,2.135610163740396e-306,hard,False,False,43.9952297685383,0.0,1.0,0.0,0.9804841750435145
1816,1767151318728,0.0,0.0,0.0,0.0,-44.28597357734027,0.0,8.542440654961585e-307,hard,False,False,43.9952297685383,0.0,1.0,0.0,0.9804841750435145
1817,1767151318765,0.0,0.0,0.0,0.0,-44.28597357734027,0.0,3.416976261984634e-307,hard,False,False,43.9952297685383,0.0,1.0,0.0,0.9804841750435145
1818,1767151318811,0.0,0.0,0.0,0.0,-44.28597357734027,0.0,1.3667905047938537e-307,hard,False,False,43.9952297685383,0.0,1.0,0.0,0.9804841750435145
1819,1767151318840,0.0,0.0,0.0,0.0,-44.28597357734027,0.0,5.467162019175415e-308,hard,False,False,43.9952297685383,0.0,1.0,0.0,0.9804841750435145
1820,1767151318890,0.0,0.0,0.0,0.0,-44.28597357734027,0.0,2.186864807670166e-308,hard,False,False,43.9952297685383,0.0,1.0,0.0,0.9804841750435145
1821,1767151318920,0.0,0.0,0.0,0.0,-44.28597357734027,0.0,8.747459230680663e-309,hard,False,False,43.9952297685383,0.0,1.0,0.0,0.9804841750435145
1822,1767151318952,0.0,0.0,0.0,0.0,-44.28597357734027,0.0,3.498983692272265e-309,hard,False,False,43.9952297685383,0.0,1.0,0.0,0.9804841750435145
1823,1767151318982,0.0,0.0,0.0,0.0,-44.28597357734027,0.0,1.399593476908906e-309,hard,False,False,43.9952297685383,0.0,1.0,0.0,0.9804841750435145
1824,1767151319030,0.0,0.0,0.0,0.0,-44.28597357734027,0.0,5.5983739076356e-310,hard,False,False,43.9952297685383,0.0,1.0,0.0,0.9804841750435145
1825,1767151319058,0.0,0.0,0.0,0.0,-44.28597357734027,0.0,2.23934956305424e-310,hard,False,False,43.9952297685383,0.0,1.0,0.0,0.9804841750435145
1826,1767151319086,0.0,0.0,0.0,0.0,-44.28597357734027,0.0,8.957398252217e-311,hard,False,False,43.9952297685383,0.0,1.0,0.0,0.9804841750435145
1827,1767151319116,0.0,0.0,0.0,0.0,-44.28597357734027,0.0,3.582959300887e-311,hard,False,False,43.9952297685383,0.0,1.0,0.0,0.9804841750435145
1828,1767151319148,0.0,0.0,0.0,0.0,-44.28597357734027,0.0,1.433183720355e-311,hard,False,False,43.9952297685383,0.0,1.0,0.0,0.9804841750435145
1829,1767151319174,0.0,0.0,0.0,0.0,-44.28597357734027,0.0,5.73273488142e-312,hard,False,False,43.9952297685383,0.0,1.0,0.0,0.9804841750435145
1830,1767151319204,0.0,0.0,0.0,0.0,-44.28597357734027,0.0,2.293093952567e-312,hard,False,False,43.9952297685383,0.0,1.0,0.0,0.9804841750435145
1831,1767151319244,0.0,0.0,0.0,0.0,-44.28597357734027,0.0,9.17237581027e-313,hard,False,False,43.9952297685383,0.0,1.0,0.0,0.9804841750435145
1832,1767151319275,0.0,0.0,0.0,0.0,-44.28597357734027,0.0,3.6689503241e-313,hard,False,False,43.9952297685383,0.0,1.0,0.0,0.9804841750435145
1833,1767151319317,0.0,0.0,0.0,0.0,-44.28597357734027,0.0,1.46758012965e-313,hard,False,False,43.9952297685383,0.0,1.0,0.0,0.9804841750435145
1834,1767151319342,0.0,0.0,0.0,0.0,-44.28597357734027,0.0,5.8703205186e-314,hard,False,False,43.9952297685383,0.0,1.0,0.0,0.9804841750435145
1835,1767151319367,0.0,0.0,0.0,0.0,-44.28597357734027,0.0,2.348128207e-314,hard,False,False,43.9952297685383,0.0,1.0,0.0,0.9804841750435145
1836,1767151319397,0.0,0.0,0.0,0.0,-44.28597357734027,0.0,9.39251283e-315,hard,False,False,43.9952297685383,0.0,1.0,0.0,0.9804841750435145
1837,1767151319420,0.0,0.0,0.0,0.0,-44.28597357734027,0.0,3.75700513e-315,hard,False,False,43.9952297685383,0.0,1.0,0.0,0.9804841750435145
1838,1767151319446,0.0,0.0,0.0,0.0,-44.28597357734027,0.0,1.502802054e-315,hard,False,False,43.9952297685383,0.0,1.0,0.0,0.9804841750435145
1839,1767151319475,0.0,0.0,0.0,0.0,-44.28597357734027,0.0,6.01120823e-316,hard,False,False,43.9952297685383,0.0,1.0,0.0,0.9804841750435145
1840,1767151319500,0.0,0.0,0.0,0.0,-44.28597357734027,0.0,2.4044833e-316,hard,False,False,43.9952297685383,0.0,1.0,0.0,0.9804841750435145
1841,1767151319522,0.0,0.0,0.0,0.0,-44.28597357734027,0.0,9.6179334e-317,hard,False,False,43.9952297685383,0.0,1.0,0.0,0.9804841750435145
1842,1767151319554,0.0,0.0,0.0,0.0,-44.28597357734027,0.0,3.8471736e-317,hard,False,False,43.9952297685383,0.0,1.0,0.0,0.9804841750435145
1843,1767151319589,0.0,0.0,0.0,0.0,-44.28597357734027,0.0,1.538869e-317,hard,False,False,43.9952297685383,0.0,1.0,0.0,0.9804841750435145
1844,1767151319621,0.0,0.0,0.0,0.0,-44.28597357734027,0.0,6.155475e-318,hard,False,False,43.9952297685383,0.0,1.0,0.0,0.9804841750435145
1845,1767151319655,0.0,0.0,0.0,0.0,-44.28597357734027,0.0,2.46219e-318,hard,False,False,43.9952297685383,0.0,1.0,0.0,0.9804841750435145
1846,1767151319697,0.0,0.0,0.0,0.0,-44.28597357734027,0.0,9.84875e-319,hard,False,False,43.9952297685383,0.0,1.0,0.0,0.9804841750435145
1847,1767151319725,0.0,0.0,0.0,0.0,-44.28597357734027,0.0,3.9395e-319,hard,False,False,43.9952297685383,0.0,1.0,0.0,0.9804841750435145
1848,1767151319764,0.0,0.0,0.0,0.0,-44.28597357734027,0.0,1.57577e-319,hard,False,False,43.9952297685383,0.0,1.0,0.0,0.9804841750435145
1849,1767151319809,0.0,0.0,0.0,0.0,-44.28597357734027,0.0,6.3033e-320,hard,False,False,43.9952297685383,0.0,1.0,0.0,0.9804841750435145
1850,1767151319845,0.0,0.0,0.0,0.0,-44.28597357734027,0.0,2.521e-320,hard,False,False,43.9952297685383,0.0,1.0,0.0,0.9804841750435145
1851,1767151319869,0.0,0.0,0.0,0.0,-44.28597357734027,0.0,1.0084e-320,hard,False,False,43.9952297685383,0.0,1.0,0.0,0.9804841750435145
1852,1767151319894,0.0,0.0,0.0,0.0,-44.28597357734027,0.0,4.03e-321,hard,False,False,43.9952297685383,0.0,1.0,0.0,0.9804841750435145
1853,1767151319921,0.0,0.0,0.0,0.0,-44.28597357734027,0.0,1.61e-321,hard,False,False,43.9952297685383,0.0,1.0,0.0,0.9804841750435145
1854,1767151319955,0.0,0.0,0.0,0.0,-44.28597357734027,0.0,6.4e-322,hard,False,False,43.9952297685383,0.0,1.0,0.0,0.9804841750435145
1855,1767151319987,0.0,0.0,0.0,0.0,-44.28597357734027,0.0,2.57e-322,hard,False,False,43.9952297685383,0.0,1.0,0.0,0.9804841750435145
1856,1767151320021,0.0,0.0,0.0,0.0,-44.28597357734027,0.0,1.04e-322,hard,False,False,43.9952297685383,0.0,1.0,0.0,0.9804841750435145
1857,1767151320056,0.0,0.0,0.0,0.0,-44.28597357734027,0.0,4e-323,hard,False,False,43.9952297685383,0.0,1.0,0.0,0.9804841750435145
1858,1767151320088,0.0,0.0,0.0,0.0,-44.28597357734027,0.0,1.5e-323,hard,False,False,43.9952297685383,0.0,1.0,0.0,0.9804841750435145
1859,1767151320121,0.0,0.0,0.0,0.0,-44.28597357734027,0.0,5e-324,hard,False,False,43.9952297685383,0.0,1.0,0.0,0.9804841750435145
1860,1767151320158,0.0,0.0,0.0,0.0,-44.28597357734027,0.0,0.0,hard,False,False,43.9952297685383,0.0,1.0,0.0,0.9804841750435145
1861,1767151320188,0.0,0.0,0.0,0.0,-44.28597357734027,0.0,0.0,hard,False,False,43.9952297685383,0.0,1.0,0.0,0.9804841750435145
1862,1767151320227,0.0,0.0,0.0,0.0,-44.28597357734027,0.0,0.0,hard,False,False,43.9952297685383,0.0,1.0,0.0,0.9804841750435145
1863,1767151320278,0.0,0.0,0.0,0.0,-44.28597357734027,0.0,0.0,hard,False,False,43.9952297685383,0.0,1.0,0.0,0.9804841750435145
1864,1767151320312,0.0,0.0,0.0,0.0,-44.28597357734027,0.0,0.0,hard,False,False,43.9952297685383,0.0,1.0,0.0,0.9804841750435145
1865,1767151320340,0.0,0.0,0.0,0.0,-44.28597357734027,0.0,0.0,hard,False,False,43.9952297685383,0.0,1.0,0.0,0.9804841750435145
1866,1767151320367,0.0,0.0,0.0,0.0,-44.28597357734027,0.0,0.0,hard,False,False,43.9952297685383,0.0,1.0,0.0,0.9804841750435145
1867,1767151320390,0.0,0.0,0.0,0.0,-44.28597357734027,0.0,0.0,hard,False,False,43.9952297685383,0.0,1.0,0.0,0.9804841750435145
1868,1767151320421,0.0,0.0,0.0,0.0,-44.28597357734027,0.0,0.0,hard,False,False,43.9952297685383,0.0,1.0,0.0,0.9804841750435145
1869,1767151320454,0.0,0.0,0.0,0.0,-44.28597357734027,0.0,0.0,hard,False,False,43.9952297685383,0.0,1.0,0.0,0.9804841750435145
1870,1767151320487,0.0,0.0,0.0,0.0,-44.28597357734027,0.0,0.0,hard,False,False,43.9952297685383,0.0,1.0,0.0,0.9804841750435145
1871,1767151320521,0.0,0.0,0.0,0.0,-44.28597357734027,0.0,0.0,hard,False,False,43.9952297685383,0.0,1.0,0.0,0.9804841750435145
1872,1767151320554,0.0,0.0,0.0,0.0,-44.28597357734027,0.0,0.0,hard,False,False,43.9952297685383,0.0,1.0,0.0,0.9804841750435145
1873,1767151320587,0.0,0.0,0.0,0.0,-44.28597357734027,0.0,0.0,hard,False,False,43.9952297685383,0.0,1.0,0.0,0.9804841750435145
1874,1767151320621,0.0,0.0,0.0,0.0,-44.28597357734027,0.0,0.0,hard,False,False,43.9952297685383,0.0,1.0,0.0,0.9804841750435145
1875,1767151320654,0.0,0.0,0.0,0.0,-44.28597357734027,0.0,0.0,hard,False,False,43.9952297685383,0.0,1.0,0.0,0.9804841750435145
1876,1767151320687,0.0,0.0,0.0,0.0,-44.28597357734027,0.0,0.0,hard,False,False,43.9952297685383,0.0,1.0,0.0,0.9804841750435145
1877,1767151320721,0.0,0.0,0.0,0.0,-44.28597357734027,0.0,0.0,hard,False,False,43.9952297685383,0.0,1.0,0.0,0.9804841750435145
1878,1767151320754,0.0,0.0,0.0,0.0,-44.28597357734027,0.0,0.0,hard,False,False,43.9952297685383,0.0,1.0,0.0,0.9804841750435145
1879,1767151320821,0.0,0.0,0.0,0.0,-44.28597357734027,0.0,0.0,hard,False,False,43.9952297685383,0.0,1.0,0.0,0.9804841750435145
1880,1767151320855,0.0,0.0,0.0,0.0,-44.28597357734027,0.0,0.0,hard,False,False,43.9952297685383,0.0,1.0,0.0,0.9804841750435145
1881,1767151320890,0.0,0.0,0.0,0.0,-44.28597357734027,0.0,0.0,hard,False,False,43.9952297685383,0.0,1.0,0.0,0.9804841750435145
1882,1767151320921,0.0,0.0,0.0,0.0,-44.28597357734027,0.0,0.0,hard,False,False,43.9952297685383,0.0,1.0,0.0,0.9804841750435145
1883,1767151320987,0.0,0.0,0.0,0.0,-44.28597357734027,0.0,0.0,hard,False,False,43.9952297685383,0.0,1.0,0.0,0.9804841750435145
1884,1767151321021,0.0,0.0,0.0,0.0,-44.28597357734027,0.0,0.0,hard,False,False,43.9952297685383,0.0,1.0,0.0,0.9804841750435145
1885,1767151321193,0.0,0.0,0.0,0.0,-44.28597357734027,0.0,0.0,hard,False,False,43.9952297685383,0.0,1.0,0.0,0.9804841750435145
1886,1767151321212,0.0,0.0,0.0,0.0,-44.28597357734027,0.0,0.0,hard,False,False,43.9952297685383,0.0,1.0,0.0,0.9804841750435145
1887,1767151321233,0.0,0.0,0.0,0.0,-44.28597357734027,0.0,0.0,hard,False,False,43.9952297685383,0.0,1.0,0.0,0.9804841750435145
1888,1767151321253,0.0,0.0,0.0,0.0,-44.28597357734027,0.0,0.0,hard,False,False,43.9952297685383,0.0,1.0,0.0,0.9804841750435145
1889,1767151321272,0.0,0.0,0.0,0.0,-44.28597357734027,0.0,0.0,hard,False,False,43.9952297685383,0.0,1.0,0.0,0.9804841750435145
1890,1767151321293,0.0,0.0,0.0,0.0,-44.28597357734027,0.0,0.0,hard,False,False,43.9952297685383,0.0,1.0,0.0,0.9804841750435145
1891,1767151321314,0.0,0.0,0.0,0.0,-44.28597357734027,0.0,0.0,hard,False,False,43.9952297685383,0.0,1.0,0.0,0.9804841750435145
1892,1767151321334,0.0,0.0,0.0,0.0,-44.28597357734027,0.0,0.0,hard,False,False,43.9952297685383,0.0,1.0,0.0,0.9804841750435145
1893,1767151321355,0.0,0.0,0.0,0.0,-44.28597357734027,0.0,0.0,hard,False,False,43.9952297685383,0.0,1.0,0.0,0.9804841750435145
1894,1767151321388,0.0,0.0,0.0,0.0,-44.28597357734027,0.0,0.0,hard,False,False,43.9952297685383,0.0,1.0,0.0,0.9804841750435145
1895,1767151321421,0.0,0.0,0.0,0.0,-44.28597357734027,0.0,0.0,hard,False,False,43.9952297685383,0.0,1.0,0.0,0.9804841750435145
1896,1767151321454,0.0,0.0,0.0,0.0,-44.28597357734027,0.0,0.0,hard,False,False,43.9952297685383,0.0,1.0,0.0,0.9804841750435145
1897,1767151321488,0.0,0.0,0.0,0.0,-44.28597357734027,0.0,0.0,hard,False,False,43.9952297685383,0.0,1.0,0.0,0.9804841750435145
1898,1767151321521,0.0,0.0,0.0,0.0,-44.28597357734027,0.0,0.0,hard,False,False,43.9952297685383,0.0,1.0,0.0,0.9804841750435145
1899,1767151321556,0.0,0.0,0.0,0.0,-44.28597357734027,0.0,0.0,hard,False,False,43.9952297685383,0.0,1.0,0.0,0.9804841750435145
1900,1767151321655,0.0,0.0,0.0,0.0,-44.28597357734027,0.0,0.0,hard,False,False,43.9952297685383,0.0,1.0,0.0,0.9804841750435145
1901,1767151321679,0.0,0.0,0.0,0.0,-44.28597357734027,0.0,0.0,hard,False,False,43.9952297685383,0.0,1.0,0.0,0.9804841750435145
1902,1767151321700,0.0,0.0,0.0,0.0,-44.28597357734027,0.0,0.0,hard,False,False,43.9952297685383,0.0,1.0,0.0,0.9804841750435145
1903,1767151321727,0.0,0.0,0.0,0.0,-44.28597357734027,0.0,0.0,hard,False,False,43.9952297685383,0.0,1.0,0.0,0.9804841750435145
1904,1767151321747,0.0,0.0,0.0,0.0,-44.28597357734027,0.0,0.0,hard,False,False,43.9952297685383,0.0,1.0,0.0,0.9804841750435145
1905,1767151321767,0.0,0.0,0.0,0.0,-44.28597357734027,0.0,0.0,hard,False,False,43.9952297685383,0.0,1.0,0.0,0.9804841750435145
1906,1767151321789,0.0,0.0,0.0,0.0,-44.28597357734027,0.0,0.0,hard,False,False,43.9952297685383,0.0,1.0,0.0,0.9804841750435145
1907,1767151321821,0.0,0.0,0.0,0.0,-44.28597357734027,0.0,0.0,hard,False,False,43.9952297685383,0.0,1.0,0.0,0.9804841750435145
1908,1767151321854,0.0,0.0,0.0,0.0,-44.28597357734027,0.0,0.0,hard,False,False,43.9952297685383,0.0,1.0,0.0,0.9804841750435145
1909,1767151321888,0.0,0.0,0.0,0.0,-44.28597357734027,0.0,0.0,hard,False,False,43.9952297685383,0.0,1.0,0.0,0.9804841750435145
1910,1767151321922,0.0,0.0,0.0,0.0,-44.28597357734027,0.0,0.0,hard,False,False,43.9952297685383,0.0,1.0,0.0,0.9804841750435145
1911,1767151321988,0.0,0.0,0.0,0.0,-44.28597357734027,0.0,0.0,hard,False,False,43.9952297685383,0.0,1.0,0.0,0.9804841750435145
1912,1767151322058,0.0,0.0,0.0,0.0,-44.28597357734027,0.0,0.0,hard,False,False,43.9952297685383,0.0,1.0,0.0,0.9804841750435145
1913,1767151322090,0.0,0.0,0.0,0.0,-44.28597357734027,0.0,0.0,hard,False,False,43.9952297685383,0.0,1.0,0.0,0.9804841750435145
1914,1767151322138,0.0,0.0,0.0,0.0,-44.28597357734027,0.0,0.0,hard,False,False,43.9952297685383,0.0,1.0,0.0,0.9804841750435145
1915,1767151322166,0.0,0.0,0.0,0.0,-44.28597357734027,0.0,0.0,hard,False,False,43.9952297685383,0.0,1.0,0.0,0.9804841750435145
1916,1767151322194,0.0,0.0,0.0,0.0,-44.28597357734027,0.0,0.0,hard,False,False,43.9952297685383,0.0,1.0,0.0,0.9804841750435145
1917,1767151322223,0.0,0.0,0.0,0.0,-44.28597357734027,0.0,0.0,hard,False,False,43.9952297685383,0.0,1.0,0.0,0.9804841750435145
1918,1767151322255,0.0,0.0,0.0,0.0,-44.28597357734027,0.0,0.0,hard,False,False,43.9952297685383,0.0,1.0,0.0,0.9804841750435145
1919,1767151322288,0.0,0.0,0.0,0.0,-44.28597357734027,0.0,0.0,hard,False,False,43.9952297685383,0.0,1.0,0.0,0.9804841750435145
1920,1767151322322,0.0,0.0,0.0,0.0,-44.28597357734027,0.0,0.0,hard,False,False,43.9952297685383,0.0,1.0,0.0,0.9804841750435145
1921,1767151322355,0.0,0.0,0.0,0.0,-44.28597357734027,0.0,0.0,hard,False,False,43.9952297685383,0.0,1.0,0.0,0.9804841750435145
1922,1767151322388,0.0,0.0,0.0,0.0,-44.28597357734027,0.0,0.0,hard,False,False,43.9952297685383,0.0,1.0,0.0,0.9804841750435145
1923,1767151322422,0.0,0.0,0.0,0.0,-44.28597357734027,0.0,0.0,hard,False,False,43.9952297685383,0.0,1.0,0.0,0.9804841750435145
1924,1767151322459,0.0,0.0,0.0,0.0,-44.28597357734027,0.0,0.0,hard,False,False,43.9952297685383,0.0,1.0,0.0,0.9804841750435145
1925,1767151322491,0.0,0.0,0.0,0.0,-44.28597357734027,0.0,0.0,hard,False,False,43.9952297685383,0.0,1.0,0.0,0.9804841750435145
1926,1767151322521,0.0,0.0,0.0,0.0,-44.28597357734027,0.0,0.0,hard,False,False,43.9952297685383,0.0,1.0,0.0,0.9804841750435145
1927,1767151322555,0.0,0.0,0.0,0.0,-44.28597357734027,0.0,0.0,hard,False,False,43.9952297685383,0.0,1.0,0.0,0.9804841750435145
1928,1767151322591,0.0,0.0,0.0,0.0,-44.28597357734027,0.0,0.0,hard,False,False,43.9952297685383,0.0,1.0,0.0,0.9804841750435145
1929,1767151322622,0.0,0.0,0.0,0.0,-44.28597357734027,0.0,0.0,hard,False,False,43.9952297685383,0.0,1.0,0.0,0.9804841750435145
1930,1767151322655,0.0,0.0,0.0,0.0,-44.28597357734027,0.0,0.0,hard,False,False,43.9952297685383,0.0,1.0,0.0,0.9804841750435145
1931,1767151322688,0.0,0.0,0.0,0.0,-44.28597357734027,0.0,0.0,hard,False,False,43.9952297685383,0.0,1.0,0.0,0.9804841750435145
1932,1767151322722,0.0,0.0,0.0,0.0,-44.28597357734027,0.0,0.0,hard,False,False,43.9952297685383,0.0,1.0,0.0,0.9804841750435145
1933,1767151322755,0.0,0.0,0.0,0.0,-44.28597357734027,0.0,0.0,hard,False,False,43.9952297685383,0.0,1.0,0.0,0.9804841750435145
1934,1767151322788,0.0,0.0,0.0,0.0,-44.28597357734027,0.0,0.0,hard,False,False,43.9952297685383,0.0,1.0,0.0,0.9804841750435145
1935,1767151322822,0.0,0.0,0.0,0.0,-44.28597357734027,0.0,0.0,hard,False,False,43.9952297685383,0.0,1.0,0.0,0.9804841750435145
1936,1767151322855,0.0,0.0,0.0,0.0,-44.28597357734027,0.0,0.0,hard,False,False,43.9952297685383,0.0,1.0,0.0,0.9804841750435145
1937,1767151322888,0.0,0.0,0.0,0.0,-44.28597357734027,0.0,0.0,hard,False,False,43.9952297685383,0.0,1.0,0.0,0.9804841750435145
1938,1767151322922,0.0,0.0,0.0,0.0,-44.28597357734027,0.0,0.0,hard,False,False,43.9952297685383,0.0,1.0,0.0,0.9804841750435145
1939,1767151322956,0.0,0.0,0.0,0.0,-44.28597357734027,0.0,0.0,hard,False,False,43.9952297685383,0.0,1.0,0.0,0.9804841750435145
1940,1767151322989,0.0,0.0,0.0,0.0,-44.28597357734027,0.0,0.0,hard,False,False,43.9952297685383,0.0,1.0,0.0,0.9804841750435145
1941,1767151323022,0.0,0.0,0.0,0.0,-44.28597357734027,0.0,0.0,hard,False,False,43.9952297685383,0.0,1.0,0.0,0.9804841750435145
1942,1767151323055,0.0,0.0,0.0,0.0,-44.28597357734027,0.0,0.0,hard,False,False,43.9952297685383,0.0,1.0,0.0,0.9804841750435145
1943,1767151323088,0.0,0.0,0.0,0.0,-44.28597357734027,0.0,0.0,hard,False,False,43.9952297685383,0.0,1.0,0.0,0.9804841750435145
1944,1767151323121,0.0,0.0,0.0,0.0,-44.28597357734027,0.0,0.0,hard,False,False,43.9952297685383,0.0,1.0,0.0,0.9804841750435145
1945,1767151323155,0.0,0.0,0.0,0.0,-44.28597357734027,0.0,0.0,hard,False,False,43.9952297685383,0.0,1.0,0.0,0.9804841750435145
1946,1767151323188,0.0,0.0,0.0,0.0,-44.28597357734027,0.0,0.0,hard,False,False,43.9952297685383,0.0,1.0,0.0,0.9804841750435145
1947,1767151323226,0.0,0.0,0.0,0.0,-44.28597357734027,0.0,0.0,hard,False,False,43.9952297685383,0.0,1.0,0.0,0.9804841750435145
1948,1767151323255,0.0,0.0,0.0,0.0,-44.28597357734027,0.0,0.0,hard,False,False,43.9952297685383,0.0,1.0,0.0,0.9804841750435145
1949,1767151323289,0.0,0.0,0.0,0.0,-44.28597357734027,0.0,0.0,hard,False,False,43.9952297685383,0.0,1.0,0.0,0.9804841750435145
1950,1767151323321,0.0,0.0,0.0,0.0,-44.28597357734027,0.0,0.0,hard,False,False,43.9952297685383,0.0,1.0,0.0,0.9804841750435145
1951,1767151323355,0.0,0.0,0.0,0.0,-44.28597357734027,0.0,0.0,hard,False,False,43.9952297685383,0.0,1.0,0.0,0.9804841750435145
1952,1767151323388,0.0,0.0,0.0,0.0,-44.28597357734027,0.0,0.0,hard,False,False,43.9952297685383,0.0,1.0,0.0,0.9804841750435145
1953,1767151323422,0.0,0.0,0.0,0.0,-44.28597357734027,0.0,0.0,hard,False,False,43.9952297685383,0.0,1.0,0.0,0.9804841750435145
1954,1767151323455,0.0,0.0,0.0,0.0,-44.28597357734027,0.0,0.0,hard,False,False,43.9952297685383,0.0,1.0,0.0,0.9804841750435145
1955,1767151323488,0.0,0.0,0.0,0.0,-44.28597357734027,0.0,0.0,hard,False,False,43.9952297685383,0.0,1.0,0.0,0.9804841750435145
1956,1767151323521,0.0,0.0,0.0,0.0,-44.28597357734027,0.0,0.0,hard,False,False,43.9952297685383,0.0,1.0,0.0,0.9804841750435145
1957,1767151323555,0.0,0.0,0.0,0.0,-44.28597357734027,0.0,0.0,hard,False,False,43.9952297685383,0.0,1.0,0.0,0.9804841750435145
1958,1767151323589,0.0,0.0,0.0,0.0,-44.28597357734027,0.0,0.0,hard,False,False,43.9952297685383,0.0,1.0,0.0,0.9804841750435145
1959,1767151323622,0.0,0.0,0.0,0.0,-44.28597357734027,0.0,0.0,hard,False,False,43.9952297685383,0.0,1.0,0.0,0.9804841750435145
1960,1767151323655,0.0,0.0,0.0,0.0,-44.28597357734027,0.0,0.0,hard,False,False,43.9952297685383,0.0,1.0,0.0,0.9804841750435145
1961,1767151323688,0.0,0.0,0.0,0.0,-44.28597357734027,0.0,0.0,hard,False,False,43.9952297685383,0.0,1.0,0.0,0.9804841750435145
1962,1767151323722,0.0,0.0,0.0,0.0,-44.28597357734027,0.0,0.0,hard,False,False,43.9952297685383,0.0,1.0,0.0,0.9804841750435145
1963,1767151323755,0.0,0.0,0.0,0.0,-44.28597357734027,0.0,0.0,hard,False,False,43.9952297685383,0.0,1.0,0.0,0.9804841750435145
1964,1767151323788,0.0,0.0,0.0,0.0,-44.28597357734027,0.0,0.0,hard,False,False,43.9952297685383,0.0,1.0,0.0,0.9804841750435145
1965,1767151323822,0.0,0.0,0.0,0.0,-44.28597357734027,0.0,0.0,hard,False,False,43.9952297685383,0.0,1.0,0.0,0.9804841750435145
1966,1767151323855,0.0,0.0,0.0,0.0,-44.28597357734027,0.0,0.0,hard,False,False,43.9952297685383,0.0,1.0,0.0,0.9804841750435145
1967,1767151323888,0.0,0.0,0.0,0.0,-44.28597357734027,0.0,0.0,hard,False,False,43.9952297685383,0.0,1.0,0.0,0.9804841750435145
1968,1767151323922,0.0,0.0,0.0,0.0,-44.28597357734027,0.0,0.0,hard,False,False,43.9952297685383,0.0,1.0,0.0,0.9804841750435145
1969,1767151323955,0.0,0.0,0.0,0.0,-44.28597357734027,0.0,0.0,hard,False,False,43.9952297685383,0.0,1.0,0.0,0.9804841750435145
1970,1767151323988,0.0,0.0,0.0,0.0,-44.28597357734027,0.0,0.0,hard,False,False,43.9952297685383,0.0,1.0,0.0,0.9804841750435145
1971,1767151324023,0.0,0.0,0.0,0.0,-44.28597357734027,0.0,0.0,hard,False,False,43.9952297685383,0.0,1.0,0.0,0.9804841750435145
1972,1767151324055,0.0,0.0,0.0,0.0,-44.28597357734027,0.0,0.0,hard,False,False,43.9952297685383,0.0,1.0,0.0,0.9804841750435145
1973,1767151324089,0.0,0.0,0.0,0.0,-44.28597357734027,0.0,0.0,hard,False,False,43.9952297685383,0.0,1.0,0.0,0.9804841750435145
1974,1767151324122,0.0,0.0,0.0,0.0,-44.28597357734027,0.0,0.0,hard,False,False,43.9952297685383,0.0,1.0,0.0,0.9804841750435145
1975,1767151324155,0.0,0.0,0.0,0.0,-44.28597357734027,0.0,0.0,hard,False,False,43.9952297685383,0.0,1.0,0.0,0.9804841750435145
1976,1767151324188,0.0,0.0,0.0,0.0,-44.28597357734027,0.0,0.0,hard,False,False,43.9952297685383,0.0,1.0,0.0,0.9804841750435145
1977,1767151324222,0.0,0.0,0.0,0.0,-44.28597357734027,0.0,0.0,hard,False,False,43.9952297685383,0.0,1.0,0.0,0.9804841750435145
1978,1767151324255,0.0,0.0,0.0,0.0,-44.28597357734027,0.0,0.0,hard,False,False,43.9952297685383,0.0,1.0,0.0,0.9804841750435145
1979,1767151324288,0.0,0.0,0.0,0.0,-44.28597357734027,0.0,0.0,hard,False,False,43.9952297685383,0.0,1.0,0.0,0.9804841750435145
1980,1767151324322,0.0,0.0,0.0,0.0,-44.28597357734027,0.0,0.0,hard,False,False,43.9952297685383,0.0,1.0,0.0,0.9804841750435145
1981,1767151324355,0.0,0.0,0.0,0.0,-44.28597357734027,0.0,0.0,hard,False,False,43.9952297685383,0.0,1.0,0.0,0.9804841750435145
1982,1767151324388,0.0,0.0,0.0,0.0,-44.28597357734027,0.0,0.0,hard,False,False,43.9952297685383,0.0,1.0,0.0,0.9804841750435145
1983,1767151324424,0.0,0.0,0.0,0.0,-44.28597357734027,0.0,0.0,hard,False,False,43.9952297685383,0.0,1.0,0.0,0.9804841750435145
1984,1767151324455,0.0,0.0,0.0,0.0,-44.28597357734027,0.0,0.0,hard,False,False,43.9952297685383,0.0,1.0,0.0,0.9804841750435145
1985,1767151324489,0.0,0.0,0.0,0.0,-44.28597357734027,0.0,0.0,hard,False,False,43.9952297685383,0.0,1.0,0.0,0.9804841750435145
1986,1767151324523,0.0,0.0,0.0,0.0,-44.28597357734027,0.0,0.0,hard,False,False,43.9952297685383,0.0,1.0,0.0,0.9804841750435145
1987,1767151324555,0.0,0.0,0.0,0.0,-44.28597357734027,0.0,0.0,hard,False,False,43.9952297685383,0.0,1.0,0.0,0.9804841750435145
1988,1767151324588,0.0,0.0,0.0,0.0,-44.28597357734027,0.0,0.0,hard,False,False,43.9952297685383,0.0,1.0,0.0,0.9804841750435145
1989,1767151324622,0.0,0.0,0.0,0.0,-44.28597357734027,0.0,0.0,hard,False,False,43.9952297685383,0.0,1.0,0.0,0.9804841750435145
1990,1767151324655,0.0,0.0,0.0,0.0,-44.28597357734027,0.0,0.0,hard,False,False,43.9952297685383,0.0,1.0,0.0,0.9804841750435145
1991,1767151324689,0.0,0.0,0.0,0.0,-44.28597357734027,0.0,0.0,hard,False,False,43.9952297685383,0.0,1.0,0.0,0.9804841750435145
1992,1767151324722,0.0,0.0,0.0,0.0,-44.28597357734027,0.0,0.0,hard,False,False,43.9952297685383,0.0,1.0,0.0,0.9804841750435145
1993,1767151324756,0.0,0.0,0.0,0.0,-44.28597357734027,0.0,0.0,hard,False,False,43.9952297685383,0.0,1.0,0.0,0.9804841750435145
1994,1767151324802,0.0,0.0,0.0,0.0,-44.28597357734027,0.0,0.0,hard,False,False,43.9952297685383,0.0,1.0,0.0,0.9804841750435145
1995,1767151324829,0.0,0.0,0.0,0.0,-44.28597357734027,0.0,0.0,hard,False,False,43.9952297685383,0.0,1.0,0.0,0.9804841750435145
1996,1767151324855,0.0,0.0,0.0,0.0,-44.28597357734027,0.0,0.0,hard,False,False,43.9952297685383,0.0,1.0,0.0,0.9804841750435145
1997,1767151324889,0.0,0.0,0.0,0.0,-44.28597357734027,0.0,0.0,hard,False,False,43.9952297685383,0.0,1.0,0.0,0.9804841750435145
1998,1767151324922,0.0,0.0,0.0,0.0,-44.28597357734027,0.0,0.0,hard,False,False,43.9952297685383,0.0,1.0,0.0,0.9804841750435145
1999,1767151324955,0.0,0.0,0.0,0.0,-44.28597357734027,0.0,0.0,hard,False,False,43.9952297685383,0.0,1.0,0.0,0.9804841750435145
2000,1767151324989,0.0,0.0,0.0,0.0,-44.28597357734027,0.0,0.0,hard,False,False,43.9952297685383,0.0,1.0,0.0,0.9804841750435145
2001,1767151325022,0.0,0.0,0.0,0.0,-44.28597357734027,0.0,0.0,hard,False,False,43.9952297685383,0.0,1.0,0.0,0.9804841750435145
2002,1767151325055,0.0,0.0,0.0,0.0,-44.28597357734027,0.0,0.0,hard,False,False,43.9952297685383,0.0,1.0,0.0,0.9804841750435145
2003,1767151325089,0.0,0.0,0.0,0.0,-44.28597357734027,0.0,0.0,hard,False,False,43.9952297685383,0.0,1.0,0.0,0.9804841750435145
2004,1767151325122,0.0,0.0,0.0,0.0,-44.28597357734027,0.0,0.0,hard,False,False,43.9952297685383,0.0,1.0,0.0,0.9804841750435145
2005,1767151325156,0.0,0.0,0.0,0.0,-44.28597357734027,0.0,0.0,hard,False,False,43.9952297685383,0.0,1.0,0.0,0.9804841750435145
2006,1767151325189,0.0,0.0,0.0,0.0,-44.28597357734027,0.0,0.0,hard,False,False,43.9952297685383,0.0,1.0,0.0,0.9804841750435145
2007,1767151325222,0.0,0.0,0.0,0.0,-44.28597357734027,0.0,0.0,hard,False,False,43.9952297685383,0.0,1.0,0.0,0.9804841750435145
2008,1767151325255,0.0,0.0,0.0,0.0,-44.28597357734027,0.0,0.0,hard,False,False,43.9952297685383,0.0,1.0,0.0,0.9804841750435145
2009,1767151325289,0.0,0.0,0.0,0.0,-44.28597357734027,0.0,0.0,hard,False,False,43.9952297685383,0.0,1.0,0.0,0.9804841750435145
2010,1767151325322,0.0,0.0,0.0,0.0,-44.28597357734027,0.0,0.0,hard,False,False,43.9952297685383,0.0,1.0,0.0,0.9804841750435145
2011,1767151325356,0.0,0.0,0.0,0.0,-44.28597357734027,0.0,0.0,hard,False,False,43.9952297685383,0.0,1.0,0.0,0.9804841750435145
2012,1767151325392,0.0,0.0,0.0,0.0,-44.28597357734027,0.0,0.0,hard,False,False,43.9952297685383,0.0,1.0,0.0,0.9804841750435145
2013,1767151325429,0.0,0.0,0.0,0.0,-44.28597357734027,0.0,0.0,hard,False,False,43.9952297685383,0.0,1.0,0.0,0.9804841750435145
2014,1767151325456,0.0,0.0,0.0,0.0,-44.28597357734027,0.0,0.0,hard,False,False,43.9952297685383,0.0,1.0,0.0,0.9804841750435145
2015,1767151325490,0.0,0.0,0.0,0.0,-44.28597357734027,0.0,0.0,hard,False,False,43.9952297685383,0.0,1.0,0.0,0.9804841750435145
2016,1767151325522,0.0,0.0,0.0,0.0,-44.28597357734027,0.0,0.0,hard,False,False,43.9952297685383,0.0,1.0,0.0,0.9804841750435145
2017,1767151325555,0.0,0.0,0.0,0.0,-44.28597357734027,0.0,0.0,hard,False,False,43.9952297685383,0.0,1.0,0.0,0.9804841750435145
2018,1767151325592,0.0,0.0,0.0,0.0,-44.28597357734027,0.0,0.0,hard,False,False,43.9952297685383,0.0,1.0,0.0,0.9804841750435145
2019,1767151325622,0.0,0.0,0.0,0.0,-44.28597357734027,0.0,0.0,hard,False,False,43.9952297685383,0.0,1.0,0.0,0.9804841750435145
2020,1767151325656,0.0,0.0,0.0,0.0,-44.28597357734027,0.0,0.0,hard,False,False,43.9952297685383,0.0,1.0,0.0,0.9804841750435145
2021,1767151325691,0.0,0.0,0.0,0.0,-44.28597357734027,0.0,0.0,hard,False,False,43.9952297685383,0.0,1.0,0.0,0.9804841750435145
2022,1767151325724,0.0,0.0,0.0,0.0,-44.28597357734027,0.0,0.0,hard,False,False,43.9952297685383,0.0,1.0,0.0,0.9804841750435145
2023,1767151325756,0.0,0.0,0.0,0.0,-44.28597357734027,0.0,0.0,hard,False,False,43.9952297685383,0.0,1.0,0.0,0.9804841750435145
2024,1767151325790,0.0,0.0,0.0,0.0,-44.28597357734027,0.0,0.0,hard,False,False,43.9952297685383,0.0,1.0,0.0,0.9804841750435145
2025,1767151325890,0.0,0.0,0.0,0.0,-44.28597357734027,0.0,0.0,hard,False,False,43.9952297685383,0.0,1.0,0.0,0.9804841750435145
2026,1767151325925,0.0,0.0,0.0,0.0,-44.28597357734027,0.0,0.0,hard,False,False,43.9952297685383,0.0,1.0,0.0,0.9804841750435145
2027,1767151325956,0.0,0.0,0.0,0.0,-44.28597357734027,0.0,0.0,hard,False,False,43.9952297685383,0.0,1.0,0.0,0.9804841750435145
2028,1767151325989,0.0,0.0,0.0,0.0,-44.28597357734027,0.0,0.0,hard,False,False,43.9952297685383,0.0,1.0,0.0,0.9804841750435145
2029,1767151326022,0.0,0.0,0.0,0.0,-44.28597357734027,0.0,0.0,hard,False,False,43.9952297685383,0.0,1.0,0.0,0.9804841750435145
2030,1767151326056,0.0,0.0,0.0,0.0,-44.28597357734027,0.0,0.0,hard,False,False,43.9952297685383,0.0,1.0,0.0,0.9804841750435145
2031,1767151326089,0.0,0.0,0.0,0.0,-44.28597357734027,0.0,0.0,hard,False,False,43.9952297685383,0.0,1.0,0.0,0.9804841750435145
2032,1767151326122,0.0,0.0,0.0,0.0,-44.28597357734027,0.0,0.0,hard,False,False,43.9952297685383,0.0,1.0,0.0,0.9804841750435145
2033,1767151326155,0.0,0.0,0.0,0.0,-44.28597357734027,0.0,0.0,hard,False,False,43.9952297685383,0.0,1.0,0.0,0.9804841750435145
2034,1767151326189,0.0,0.0,0.0,0.0,-44.28597357734027,0.0,0.0,hard,False,False,43.9952297685383,0.0,1.0,0.0,0.9804841750435145
2035,1767151326223,0.0,0.0,0.0,0.0,-44.28597357734027,0.0,0.0,hard,False,False,43.9952297685383,0.0,1.0,0.0,0.9804841750435145
2036,1767151326256,0.0,0.0,0.0,0.0,-44.28597357734027,0.0,0.0,hard,False,False,43.9952297685383,0.0,1.0,0.0,0.9804841750435145
2037,1767151326289,0.0,0.0,0.0,0.0,-44.28597357734027,0.0,0.0,hard,False,False,43.9952297685383,0.0,1.0,0.0,0.9804841750435145
2038,1767151326327,0.0,0.0,0.0,0.0,-44.28597357734027,0.0,0.0,hard,False,False,43.9952297685383,0.0,1.0,0.0,0.9804841750435145
2039,1767151326355,0.0,0.0,0.0,0.0,-44.28597357734027,0.0,0.0,hard,False,False,43.9952297685383,0.0,1.0,0.0,0.9804841750435145
2040,1767151326389,0.0,0.0,0.0,0.0,-44.28597357734027,0.0,0.0,hard,False,False,43.9952297685383,0.0,1.0,0.0,0.9804841750435145
2041,1767151326423,0.0,0.0,0.0,0.0,-44.28597357734027,0.0,0.0,hard,False,False,43.9952297685383,0.0,1.0,0.0,0.9804841750435145
2042,1767151326456,0.0,0.0,0.0,0.0,-44.28597357734027,0.0,0.0,hard,False,False,43.9952297685383,0.0,1.0,0.0,0.9804841750435145
2043,1767151326493,0.0,0.0,0.0,0.0,-44.28597357734027,0.0,0.0,hard,False,False,43.9952297685383,0.0,1.0,0.0,0.9804841750435145
2044,1767151326523,0.0,0.0,0.0,0.0,-44.28597357734027,0.0,0.0,hard,False,False,43.9952297685383,0.0,1.0,0.0,0.9804841750435145
2045,1767151326556,0.0,0.0,0.0,0.0,-44.28597357734027,0.0,0.0,hard,False,False,43.9952297685383,0.0,1.0,0.0,0.9804841750435145
2046,1767151326589,0.0,0.0,0.0,0.0,-44.28597357734027,0.0,0.0,hard,False,False,43.9952297685383,0.0,1.0,0.0,0.9804841750435145
2047,1767151326622,0.0,0.0,0.0,0.0,-44.28597357734027,0.0,0.0,hard,False,False,43.9952297685383,0.0,1.0,0.0,0.9804841750435145
2048,1767151326655,0.0,0.0,0.0,0.0,-44.28597357734027,0.0,0.0,hard,False,False,43.9952297685383,0.0,1.0,0.0,0.9804841750435145
2049,1767151326689,0.0,0.0,0.0,0.0,-44.28597357734027,0.0,0.0,hard,False,False,43.9952297685383,0.0,1.0,0.0,0.9804841750435145
2050,1767151326722,0.0,0.0,0.0,0.0,-44.28597357734027,0.0,0.0,hard,False,False,43.9952297685383,0.0,1.0,0.0,0.9804841750435145
2051,1767151326756,0.0,0.0,0.0,0.0,-44.28597357734027,0.0,0.0,hard,False,False,43.9952297685383,0.0,1.0,0.0,0.9804841750435145
2052,1767151326789,0.0,0.0,0.0,0.0,-44.28597357734027,0.0,0.0,hard,False,False,43.9952297685383,0.0,1.0,0.0,0.9804841750435145
2053,1767151326822,0.0,0.0,0.0,0.0,-44.28597357734027,0.0,0.0,hard,False,False,43.9952297685383,0.0,1.0,0.0,0.9804841750435145
2054,1767151326856,0.0,0.0,0.0,0.0,-44.28597357734027,0.0,0.0,hard,False,False,43.9952297685383,0.0,1.0,0.0,0.9804841750435145
2055,1767151326892,0.0,0.0,0.0,0.0,-44.28597357734027,0.0,0.0,hard,False,False,43.9952297685383,0.0,1.0,0.0,0.9804841750435145
2056,1767151326922,0.0,0.0,0.0,0.0,-44.28597357734027,0.0,0.0,hard,False,False,43.9952297685383,0.0,1.0,0.0,0.9804841750435145
2057,1767151326956,0.0,0.0,0.0,0.0,-44.28597357734027,0.0,0.0,hard,False,False,43.9952297685383,0.0,1.0,0.0,0.9804841750435145
2058,1767151326989,0.0,0.0,0.0,0.0,-44.28597357734027,0.0,0.0,hard,False,False,43.9952297685383,0.0,1.0,0.0,0.9804841750435145
2059,1767151327022,0.0,0.0,0.0,0.0,-44.28597357734027,0.0,0.0,hard,False,False,43.9952297685383,0.0,1.0,0.0,0.9804841750435145
2060,1767151327056,0.0,0.0,0.0,0.0,-44.28597357734027,0.0,0.0,hard,False,False,43.9952297685383,0.0,1.0,0.0,0.9804841750435145
2061,1767151327089,0.0,0.0,0.0,0.0,-44.28597357734027,0.0,0.0,hard,False,False,43.9952297685383,0.0,1.0,0.0,0.9804841750435145
2062,1767151327122,0.0,0.0,0.0,0.0,-44.28597357734027,0.0,0.0,hard,False,False,43.9952297685383,0.0,1.0,0.0,0.9804841750435145
2063,1767151327155,0.0,0.0,0.0,0.0,-44.28597357734027,0.0,0.0,hard,False,False,43.9952297685383,0.0,1.0,0.0,0.9804841750435145
2064,1767151327190,0.0,0.0,0.0,0.0,-44.28597357734027,0.0,0.0,hard,False,False,43.9952297685383,0.0,1.0,0.0,0.9804841750435145
2065,1767151327223,0.0,0.0,0.0,0.0,-44.28597357734027,0.0,0.0,hard,False,False,43.9952297685383,0.0,1.0,0.0,0.9804841750435145
2066,1767151327256,0.0,0.0,0.0,0.0,-44.28597357734027,0.0,0.0,hard,False,False,43.9952297685383,0.0,1.0,0.0,0.9804841750435145
2067,1767151327289,0.0,0.0,0.0,0.0,-44.28597357734027,0.0,0.0,hard,False,False,43.9952297685383,0.0,1.0,0.0,0.9804841750435145
2068,1767151327482,0.0,0.0,0.0,0.0,-44.28597357734027,0.0,0.0,hard,False,False,43.9952297685383,0.0,1.0,0.0,0.9804841750435145
2069,1767151327500,0.0,0.0,0.0,0.0,-44.28597357734027,0.0,0.0,hard,False,False,43.9952297685383,0.0,1.0,0.0,0.9804841750435145
2070,1767151327528,0.0,0.0,0.0,0.0,-44.28597357734027,0.0,0.0,hard,False,False,43.9952297685383,0.0,1.0,0.0,0.9804841750435145
2071,1767151327547,0.0,0.0,0.0,0.0,-44.28597357734027,0.0,0.0,hard,False,False,43.9952297685383,0.0,1.0,0.0,0.9804841750435145
2072,1767151327571,0.0,0.0,0.0,0.0,-44.28597357734027,0.0,0.0,hard,False,False,43.9952297685383,0.0,1.0,0.0,0.9804841750435145
2073,1767151327593,0.0,0.0,0.0,0.0,-44.28597357734027,0.0,0.0,hard,False,False,43.9952297685383,0.0,1.0,0.0,0.9804841750435145
2074,1767151327612,0.0,0.0,0.0,0.0,-44.28597357734027,0.0,0.0,hard,False,False,43.9952297685383,0.0,1.0,0.0,0.9804841750435145
2075,1767151327632,0.0,0.0,0.0,0.0,-44.28597357734027,0.0,0.0,hard,False,False,43.9952297685383,0.0,1.0,0.0,0.9804841750435145
2076,1767151327656,0.0,0.0,0.0,0.0,-44.28597357734027,0.0,0.0,hard,False,False,43.9952297685383,0.0,1.0,0.0,0.9804841750435145
2077,1767151327689,0.0,0.0,0.0,0.0,-44.28597357734027,0.0,0.0,hard,False,False,43.9952297685383,0.0,1.0,0.0,0.9804841750435145
2078,1767151327723,0.0,0.0,0.0,0.0,-44.28597357734027,0.0,0.0,hard,False,False,43.9952297685383,0.0,1.0,0.0,0.9804841750435145
2079,1767151327756,0.0,0.0,0.0,0.0,-44.28597357734027,0.0,0.0,hard,False,False,43.9952297685383,0.0,1.0,0.0,0.9804841750435145
2080,1767151327789,0.0,0.0,0.0,0.0,-44.28597357734027,0.0,0.0,hard,False,False,43.9952297685383,0.0,1.0,0.0,0.9804841750435145
2081,1767151327822,0.0,0.0,0.0,0.0,-44.28597357734027,0.0,0.0,hard,False,False,43.9952297685383,0.0,1.0,0.0,0.9804841750435145
2082,1767151327856,0.0,0.0,0.0,0.0,-44.28597357734027,0.0,0.0,hard,False,False,43.9952297685383,0.0,1.0,0.0,0.9804841750435145
2083,1767151327939,0.0,0.0,0.0,0.0,-44.28597357734027,0.0,0.0,hard,False,False,43.9952297685383,0.0,1.0,0.0,0.9804841750435145
2084,1767151327958,0.0,0.0,0.0,0.0,-44.28597357734027,0.0,0.0,hard,False,False,43.9952297685383,0.0,1.0,0.0,0.9804841750435145
2085,1767151327978,0.0,0.0,0.0,0.0,-44.28597357734027,0.0,0.0,hard,False,False,43.9952297685383,0.0,1.0,0.0,0.9804841750435145
2086,1767151327998,0.0,0.0,0.0,0.0,-44.28597357734027,0.0,0.0,hard,False,False,43.9952297685383,0.0,1.0,0.0,0.9804841750435145
2087,1767151328024,0.0,0.0,0.0,0.0,-44.28597357734027,0.0,0.0,hard,False,False,43.9952297685383,0.0,1.0,0.0,0.9804841750435145
2088,1767151328056,0.0,0.0,0.0,0.0,-44.28597357734027,0.0,0.0,hard,False,False,43.9952297685383,0.0,1.0,0.0,0.9804841750435145
2089,1767151328090,0.0,0.0,0.0,0.0,-44.28597357734027,0.0,0.0,hard,False,False,43.9952297685383,0.0,1.0,0.0,0.9804841750435145
2090,1767151328123,0.0,0.0,0.0,0.0,-44.28597357734027,0.0,0.0,hard,False,False,43.9952297685383,0.0,1.0,0.0,0.9804841750435145
2091,1767151328156,0.0,0.0,0.0,0.0,-44.28597357734027,0.0,0.0,hard,False,False,43.9952297685383,0.0,1.0,0.0,0.9804841750435145
2092,1767151328189,0.0,0.0,0.0,0.0,-44.28597357734027,0.0,0.0,hard,False,False,43.9952297685383,0.0,1.0,0.0,0.9804841750435145
2093,1767151328223,0.0,0.0,0.0,0.0,-44.28597357734027,0.0,0.0,hard,False,False,43.9952297685383,0.0,1.0,0.0,0.9804841750435145
2094,1767151328256,0.0,0.0,0.0,0.0,-44.28597357734027,0.0,0.0,hard,False,False,43.9952297685383,0.0,1.0,0.0,0.9804841750435145
2095,1767151328291,0.0,0.0,0.0,0.0,-44.28597357734027,0.0,0.0,hard,False,False,43.9952297685383,0.0,1.0,0.0,0.9804841750435145
2096,1767151328323,0.0,0.0,0.0,0.0,-44.28597357734027,0.0,0.0,hard,False,False,43.9952297685383,0.0,1.0,0.0,0.9804841750435145
2097,1767151328357,0.0,0.0,0.0,0.0,-44.28597357734027,0.0,0.0,hard,False,False,43.9952297685383,0.0,1.0,0.0,0.9804841750435145
2098,1767151328390,0.0,0.0,0.0,0.0,-44.28597357734027,0.0,0.0,hard,False,False,43.9952297685383,0.0,1.0,0.0,0.9804841750435145
2099,1767151328423,0.0,0.0,0.0,0.0,-44.28597357734027,0.0,0.0,hard,False,False,43.9952297685383,0.0,1.0,0.0,0.9804841750435145
2100,1767151328456,0.0,0.0,0.0,0.0,-44.28597357734027,0.0,0.0,hard,False,False,43.9952297685383,0.0,1.0,0.0,0.9804841750435145
2101,1767151328491,0.0,0.0,0.0,0.0,-44.28597357734027,0.0,0.0,hard,False,False,43.9952297685383,0.0,1.0,0.0,0.9804841750435145
2102,1767151328523,0.0,0.0,0.0,0.0,-44.28597357734027,0.0,0.0,hard,False,False,43.9952297685383,0.0,1.0,0.0,0.9804841750435145
2103,1767151328556,0.0,0.0,0.0,0.0,-44.28597357734027,0.0,0.0,hard,False,False,43.9952297685383,0.0,1.0,0.0,0.9804841750435145
2104,1767151328602,0.0,0.0,0.0,0.0,-44.28597357734027,0.0,0.0,hard,False,False,43.9952297685383,0.0,1.0,0.0,0.9804841750435145
2105,1767151328629,0.0,0.0,0.0,0.0,-44.28597357734027,0.0,0.0,hard,False,False,43.9952297685383,0.0,1.0,0.0,0.9804841750435145
2106,1767151328657,0.0,0.0,0.0,0.0,-44.28597357734027,0.0,0.0,hard,False,False,43.9952297685383,0.0,1.0,0.0,0.9804841750435145
2107,1767151328690,0.0,0.0,0.0,0.0,-44.28597357734027,0.0,0.0,hard,False,False,43.9952297685383,0.0,1.0,0.0,0.9804841750435145
2108,1767151328723,0.0,0.0,0.0,0.0,-44.28597357734027,0.0,0.0,hard,False,False,43.9952297685383,0.0,1.0,0.0,0.9804841750435145
2109,1767151328758,0.0,0.0,0.0,0.0,-44.28597357734027,0.0,0.0,hard,False,False,43.9952297685383,0.0,1.0,0.0,0.9804841750435145
2110,1767151328804,0.0,0.0,0.0,0.0,-44.28597357734027,0.0,0.0,hard,False,False,43.9952297685383,0.0,1.0,0.0,0.9804841750435145
2111,1767151328843,0.0,0.0,0.0,0.0,-44.28597357734027,0.0,0.0,hard,False,False,43.9952297685383,0.0,1.0,0.0,0.9804841750435145
2112,1767151328886,0.0,0.0,0.0,0.0,-44.28597357734027,0.0,0.0,hard,False,False,43.9952297685383,0.0,1.0,0.0,0.9804841750435145
2113,1767151328914,0.0,0.0,0.0,0.0,-44.28597357734027,0.0,0.0,hard,False,False,43.9952297685383,0.0,1.0,0.0,0.9804841750435145
2114,1767151328966,0.0,0.0,0.0,0.0,-44.28597357734027,0.0,0.0,hard,False,False,43.9952297685383,0.0,1.0,0.0,0.9804841750435145
2115,1767151328997,0.0,0.0,0.0,0.0,-44.28597357734027,0.0,0.0,hard,False,False,43.9952297685383,0.0,1.0,0.0,0.9804841750435145
2116,1767151329040,0.0,0.0,0.0,0.0,-44.28597357734027,0.0,0.0,hard,False,False,43.9952297685383,0.0,1.0,0.0,0.9804841750435145
2117,1767151329078,0.0,0.0,0.0,0.0,-44.28597357734027,0.0,0.0,hard,False,False,43.9952297685383,0.0,1.0,0.0,0.9804841750435145
2118,1767151329116,0.0,0.0,0.0,0.0,-44.28597357734027,0.0,0.0,hard,False,False,43.9952297685383,0.0,1.0,0.0,0.9804841750435145
2119,1767151329145,0.0,0.0,0.0,0.0,-44.28597357734027,0.0,0.0,hard,False,False,43.9952297685383,0.0,1.0,0.0,0.9804841750435145
2120,1767151329190,0.0,0.0,0.0,0.0,-44.28597357734027,0.0,0.0,hard,False,False,43.9952297685383,0.0,1.0,0.0,0.9804841750435145
2121,1767151329234,0.0,0.0,0.0,0.0,-44.28597357734027,0.0,0.0,hard,False,False,43.9952297685383,0.0,1.0,0.0,0.9804841750435145
2122,1767151329270,0.0,0.0,0.0,0.0,-44.28597357734027,0.0,0.0,hard,False,False,43.9952297685383,0.0,1.0,0.0,0.9804841750435145
2123,1767151329296,0.0,0.0,0.0,0.0,-44.28597357734027,0.0,0.0,hard,False,False,43.9952297685383,0.0,1.0,0.0,0.9804841750435145
2124,1767151329329,0.0,0.0,0.0,0.0,-44.28597357734027,0.0,0.0,hard,False,False,43.9952297685383,0.0,1.0,0.0,0.9804841750435145
2125,1767151329355,0.0,0.0,0.0,0.0,-44.28597357734027,0.0,0.0,hard,False,False,43.9952297685383,0.0,1.0,0.0,0.9804841750435145
2126,1767151329380,0.0,0.0,0.0,0.0,-44.28597357734027,0.0,0.0,hard,False,False,43.9952297685383,0.0,1.0,0.0,0.9804841750435145
2127,1767151329408,0.0,0.0,0.0,0.0,-44.28597357734027,0.0,0.0,hard,False,False,43.9952297685383,0.0,1.0,0.0,0.9804841750435145
2128,1767151329444,0.0,0.0,0.0,0.0,-44.28597357734027,0.0,0.0,hard,False,False,43.9952297685383,0.0,1.0,0.0,0.9804841750435145
2129,1767151329488,0.0,0.0,0.0,0.0,-44.28597357734027,0.0,0.0,hard,False,False,43.9952297685383,0.0,1.0,0.0,0.9804841750435145
2130,1767151329520,0.0,0.0,0.0,0.0,-44.28597357734027,0.0,0.0,hard,False,False,43.9952297685383,0.0,1.0,0.0,0.9804841750435145
2131,1767151329562,0.0,0.0,0.0,0.0,-44.28597357734027,0.0,0.0,hard,False,False,43.9952297685383,0.0,1.0,0.0,0.9804841750435145
2132,1767151329619,0.0,0.0,0.0,0.0,-44.28597357734027,0.0,0.0,hard,False,False,43.9952297685383,0.0,1.0,0.0,0.9804841750435145
2133,1767151329647,0.0,0.0,0.0,0.0,-44.28597357734027,0.0,0.0,hard,False,False,43.9952297685383,0.0,1.0,0.0,0.9804841750435145
2134,1767151329697,0.0,0.0,0.0,0.0,-44.28597357734027,0.0,0.0,hard,False,False,43.9952297685383,0.0,1.0,0.0,0.9804841750435145
2135,1767151329725,0.0,0.0,0.0,0.0,-44.28597357734027,0.0,0.0,hard,False,False,43.9952297685383,0.0,1.0,0.0,0.9804841750435145
2136,1767151329754,0.0,0.0,0.0,0.0,-44.28597357734027,0.0,0.0,hard,False,False,43.9952297685383,0.0,1.0,0.0,0.9804841750435145
2137,1767151329780,0.0,0.0,0.0,0.0,-44.28597357734027,0.0,0.0,hard,False,False,43.9952297685383,0.0,1.0,0.0,0.9804841750435145
2138,1767151329806,0.0,0.0,0.0,0.0,-44.28597357734027,0.0,0.0,hard,False,False,43.9952297685383,0.0,1.0,0.0,0.9804841750435145
2139,1767151329846,0.0,0.0,0.0,0.0,-44.28597357734027,0.0,0.0,hard,False,False,43.9952297685383,0.0,1.0,0.0,0.9804841750435145
2140,1767151329876,0.0,0.0,0.0,0.0,-44.28597357734027,0.0,0.0,hard,False,False,43.9952297685383,0.0,1.0,0.0,0.9804841750435145
2141,1767151329921,0.0,0.0,0.0,0.0,-44.28597357734027,0.0,0.0,hard,False,False,43.9952297685383,0.0,1.0,0.0,0.9804841750435145
2142,1767151329952,0.0,0.0,0.0,0.0,-44.28597357734027,0.0,0.0,hard,False,False,43.9952297685383,0.0,1.0,0.0,0.9804841750435145
2143,1767151329979,0.0,0.0,0.0,0.0,-44.28597357734027,0.0,0.0,hard,False,False,43.9952297685383,0.0,1.0,0.0,0.9804841750435145
2144,1767151330026,0.0,0.0,0.0,0.0,-44.28597357734027,0.0,0.0,hard,False,False,43.9952297685383,0.0,1.0,0.0,0.9804841750435145
2145,1767151330065,0.0,0.0,0.0,0.0,-44.28597357734027,0.0,0.0,hard,False,False,43.9952297685383,0.0,1.0,0.0,0.9804841750435145
2146,1767151330091,0.0,0.0,0.0,0.0,-44.28597357734027,0.0,0.0,hard,False,False,43.9952297685383,0.0,1.0,0.0,0.9804841750435145
2147,1767151330137,0.0,0.0,0.0,0.0,-44.28597357734027,0.0,0.0,hard,False,False,43.9952297685383,0.0,1.0,0.0,0.9804841750435145
2148,1767151330167,0.0,0.0,0.0,0.0,-44.28597357734027,0.0,0.0,hard,False,False,43.9952297685383,0.0,1.0,0.0,0.9804841750435145
2149,1767151330214,0.0,0.0,0.0,0.0,-44.28597357734027,0.0,0.0,hard,False,False,43.9952297685383,0.0,1.0,0.0,0.9804841750435145
2150,1767151330241,0.0,0.0,0.0,0.0,-44.28597357734027,0.0,0.0,hard,False,False,43.9952297685383,0.0,1.0,0.0,0.9804841750435145
2151,1767151330269,0.0,0.0,0.0,0.0,-44.28597357734027,0.0,0.0,hard,False,False,43.9952297685383,0.0,1.0,0.0,0.9804841750435145
2152,1767151330301,0.0,0.0,0.0,0.0,-44.28597357734027,0.0,0.0,hard,False,False,43.9952297685383,0.0,1.0,0.0,0.9804841750435145
2153,1767151330331,0.0,0.0,0.0,0.0,-44.28597357734027,0.0,0.0,hard,False,False,43.9952297685383,0.0,1.0,0.0,0.9804841750435145
2154,1767151330375,0.0,0.0,0.0,0.0,-44.28597357734027,0.0,0.0,hard,False,False,43.9952297685383,0.0,1.0,0.0,0.9804841750435145
2155,1767151330421,0.0,0.0,0.0,0.0,-44.28597357734027,0.0,0.0,hard,False,False,43.9952297685383,0.0,1.0,0.0,0.9804841750435145
2156,1767151330449,0.0,0.0,0.0,0.0,-44.28597357734027,0.0,0.0,hard,False,False,43.9952297685383,0.0,1.0,0.0,0.9804841750435145
2157,1767151330483,0.0,0.0,0.0,0.0,-44.28597357734027,0.0,0.0,hard,False,False,43.9952297685383,0.0,1.0,0.0,0.9804841750435145
2158,1767151330522,0.0,0.0,0.0,0.0,-44.28597357734027,0.0,0.0,hard,False,False,43.9952297685383,0.0,1.0,0.0,0.9804841750435145
2159,1767151330563,0.0,0.0,0.0,0.0,-44.28597357734027,0.0,0.0,hard,False,False,43.9952297685383,0.0,1.0,0.0,0.9804841750435145
2160,1767151330608,0.0,0.0,0.0,0.0,-44.28597357734027,0.0,0.0,hard,False,False,43.9952297685383,0.0,1.0,0.0,0.9804841750435145
2161,1767151330651,0.0,0.0,0.0,0.0,-44.28597357734027,0.0,0.0,hard,False,False,43.9952297685383,0.0,1.0,0.0,0.9804841750435145
2162,1767151330700,0.0,0.0,0.0,0.0,-44.28597357734027,0.0,0.0,hard,False,False,43.9952297685383,0.0,1.0,0.0,0.9804841750435145
2163,1767151330729,0.0,0.0,0.0,0.0,-44.28597357734027,0.0,0.0,hard,False,False,43.9952297685383,0.0,1.0,0.0,0.9804841750435145
2164,1767151330778,0.0,0.0,0.0,0.0,-44.28597357734027,0.0,0.0,hard,False,False,43.9952297685383,0.0,1.0,0.0,0.9804841750435145
2165,1767151330805,0.0,0.0,0.0,0.0,-44.28597357734027,0.0,0.0,hard,False,False,43.9952297685383,0.0,1.0,0.0,0.9804841750435145
2166,1767151330834,0.0,0.0,0.0,0.0,-44.28597357734027,0.0,0.0,hard,False,False,43.9952297685383,0.0,1.0,0.0,0.9804841750435145
2167,1767151330879,0.0,0.0,0.0,0.0,-44.28597357734027,0.0,0.0,hard,False,False,43.9952297685383,0.0,1.0,0.0,0.9804841750435145
2168,1767151330905,0.0,0.0,0.0,0.0,-44.28597357734027,0.0,0.0,hard,False,False,43.9952297685383,0.0,1.0,0.0,0.9804841750435145
2169,1767151330936,0.0,0.0,0.0,0.0,-44.28597357734027,0.0,0.0,hard,False,False,43.9952297685383,0.0,1.0,0.0,0.9804841750435145
2170,1767151330963,0.0,0.0,0.0,0.0,-44.28597357734027,0.0,0.0,hard,False,False,43.9952297685383,0.0,1.0,0.0,0.9804841750435145
2171,1767151331019,0.0,0.0,0.0,0.0,-44.28597357734027,0.0,0.0,hard,False,False,43.9952297685383,0.0,1.0,0.0,0.9804841750435145
2172,1767151331047,0.0,0.0,0.0,0.0,-44.28597357734027,0.0,0.0,hard,False,False,43.9952297685383,0.0,1.0,0.0,0.9804841750435145
2173,1767151331090,0.0,0.0,0.0,0.0,-44.28597357734027,0.0,0.0,hard,False,False,43.9952297685383,0.0,1.0,0.0,0.9804841750435145
2174,1767151331120,0.0,0.0,0.0,0.0,-44.28597357734027,0.0,0.0,hard,False,False,43.9952297685383,0.0,1.0,0.0,0.9804841750435145
2175,1767151331164,0.0,0.0,0.0,0.0,-44.28597357734027,0.0,0.0,hard,False,False,43.9952297685383,0.0,1.0,0.0,0.9804841750435145
2176,1767151331191,0.0,0.0,0.0,0.0,-44.28597357734027,0.0,0.0,hard,False,False,43.9952297685383,0.0,1.0,0.0,0.9804841750435145
2177,1767151331235,0.0,0.0,0.0,0.0,-44.28597357734027,0.0,0.0,hard,False,False,43.9952297685383,0.0,1.0,0.0,0.9804841750435145
2178,1767151331262,0.0,0.0,0.0,0.0,-44.28597357734027,0.0,0.0,hard,False,False,43.9952297685383,0.0,1.0,0.0,0.9804841750435145
2179,1767151331311,0.0,0.0,0.0,0.0,-44.28597357734027,0.0,0.0,hard,False,False,43.9952297685383,0.0,1.0,0.0,0.9804841750435145
2180,1767151331337,0.0,0.0,0.0,0.0,-44.28597357734027,0.0,0.0,hard,False,False,43.9952297685383,0.0,1.0,0.0,0.9804841750435145
2181,1767151331386,0.0,0.0,0.0,0.0,-44.28597357734027,0.0,0.0,hard,False,False,43.9952297685383,0.0,1.0,0.0,0.9804841750435145
2182,1767151331412,0.0,0.0,0.0,0.0,-44.28597357734027,0.0,0.0,hard,False,False,43.9952297685383,0.0,1.0,0.0,0.9804841750435145
2183,1767151331456,0.0,0.0,0.0,0.0,-44.28597357734027,0.0,0.0,hard,False,False,43.9952297685383,0.0,1.0,0.0,0.9804841750435145
2184,1767151331486,0.0,0.0,0.0,0.0,-44.28597357734027,0.0,0.0,hard,False,False,43.9952297685383,0.0,1.0,0.0,0.9804841750435145
2185,1767151331515,0.0,0.0,0.0,0.0,-44.28597357734027,0.0,0.0,hard,False,False,43.9952297685383,0.0,1.0,0.0,0.9804841750435145
2186,1767151331546,0.0,0.0,0.0,0.0,-44.28597357734027,0.0,0.0,hard,False,False,43.9952297685383,0.0,1.0,0.0,0.9804841750435145
2187,1767151331574,0.0,0.0,0.0,0.0,-44.28597357734027,0.0,0.0,hard,False,False,43.9952297685383,0.0,1.0,0.0,0.9804841750435145
2188,1767151331617,0.0,0.0,0.0,0.0,-44.28597357734027,0.0,0.0,hard,False,False,43.9952297685383,0.0,1.0,0.0,0.9804841750435145
2189,1767151331648,0.0,0.0,0.0,0.0,-44.28597357734027,0.0,0.0,hard,False,False,43.9952297685383,0.0,1.0,0.0,0.9804841750435145
2190,1767151331697,0.0,0.0,0.0,0.0,-44.28597357734027,0.0,0.0,hard,False,False,43.9952297685383,0.0,1.0,0.0,0.9804841750435145
2191,1767151331724,0.0,0.0,0.0,0.0,-44.28597357734027,0.0,0.0,hard,False,False,43.9952297685383,0.0,1.0,0.0,0.9804841750435145
2192,1767151331765,0.0,0.0,0.0,0.0,-44.28597357734027,0.0,0.0,hard,False,False,43.9952297685383,0.0,1.0,0.0,0.9804841750435145
2193,1767151331796,0.0,0.0,0.0,0.0,-44.28597357734027,0.0,0.0,hard,False,False,43.9952297685383,0.0,1.0,0.0,0.9804841750435145
2194,1767151331843,0.0,0.0,0.0,0.0,-44.28597357734027,0.0,0.0,hard,False,False,43.9952297685383,0.0,1.0,0.0,0.9804841750435145
2195,1767151331874,0.0,0.0,0.0,0.0,-44.28597357734027,0.0,0.0,hard,False,False,43.9952297685383,0.0,1.0,0.0,0.9804841750435145
2196,1767151331923,0.0,0.0,0.0,0.0,-44.28597357734027,0.0,0.0,hard,False,False,43.9952297685383,0.0,1.0,0.0,0.9804841750435145
2197,1767151331950,0.0,0.0,0.0,0.0,-44.28597357734027,0.0,0.0,hard,False,False,43.9952297685383,0.0,1.0,0.0,0.9804841750435145
2198,1767151331982,0.0,0.0,0.0,0.0,-44.28597357734027,0.0,0.0,hard,False,False,43.9952297685383,0.0,1.0,0.0,0.9804841750435145
2199,1767151332018,0.0,0.0,0.0,0.0,-44.28597357734027,0.0,0.0,hard,False,False,43.9952297685383,0.0,1.0,0.0,0.9804841750435145
2200,1767151332066,0.0,0.0,0.0,0.0,-44.28597357734027,0.0,0.0,hard,False,False,43.9952297685383,0.0,1.0,0.0,0.9804841750435145
2201,1767151332095,0.0,0.0,0.0,0.0,-44.28597357734027,0.0,0.0,hard,False,False,43.9952297685383,0.0,1.0,0.0,0.9804841750435145
2202,1767151332140,0.0,0.0,0.0,0.0,-44.28597357734027,0.0,0.0,hard,False,False,43.9952297685383,0.0,1.0,0.0,0.9804841750435145
2203,1767151332178,0.0,0.0,0.0,0.0,-44.28597357734027,0.0,0.0,hard,False,False,43.9952297685383,0.0,1.0,0.0,0.9804841750435145
2204,1767151332205,0.0,0.0,0.0,0.0,-44.28597357734027,0.0,0.0,hard,False,False,43.9952297685383,0.0,1.0,0.0,0.9804841750435145
2205,1767151332234,0.0,0.0,0.0,0.0,-44.28597357734027,0.0,0.0,hard,False,False,43.9952297685383,0.0,1.0,0.0,0.9804841750435145
2206,1767151332263,0.0,0.0,0.0,0.0,-44.28597357734027,0.0,0.0,hard,False,False,43.9952297685383,0.0,1.0,0.0,0.9804841750435145
2207,1767151332295,0.0,0.0,0.0,0.0,-44.28597357734027,0.0,0.0,hard,False,False,43.9952297685383,0.0,1.0,0.0,0.9804841750435145
2208,1767151332335,0.0,0.0,0.0,0.0,-44.28597357734027,0.0,0.0,hard,False,False,43.9952297685383,0.0,1.0,0.0,0.9804841750435145
2209,1767151332367,0.0,0.0,0.0,0.0,-44.28597357734027,0.0,0.0,hard,False,False,43.9952297685383,0.0,1.0,0.0,0.9804841750435145
2210,1767151332397,0.0,0.0,0.0,0.0,-44.28597357734027,0.0,0.0,hard,False,False,43.9952297685383,0.0,1.0,0.0,0.9804841750435145
2211,1767151332426,0.0,0.0,0.0,0.0,-44.28597357734027,0.0,0.0,hard,False,False,43.9952297685383,0.0,1.0,0.0,0.9804841750435145
2212,1767151332457,0.0,0.0,0.0,0.0,-44.28597357734027,0.0,0.0,hard,False,False,43.9952297685383,0.0,1.0,0.0,0.9804841750435145
2213,1767151332499,0.0,0.0,0.0,0.0,-44.28597357734027,0.0,0.0,hard,False,False,43.9952297685383,0.0,1.0,0.0,0.9804841750435145
2214,1767151332525,0.0,0.0,0.0,0.0,-44.28597357734027,0.0,0.0,hard,False,False,43.9952297685383,0.0,1.0,0.0,0.9804841750435145
2215,1767151332556,0.0,0.0,0.0,0.0,-44.28597357734027,0.0,0.0,hard,False,False,43.9952297685383,0.0,1.0,0.0,0.9804841750435145
2216,1767151332581,0.0,0.0,0.0,0.0,-44.28597357734027,0.0,0.0,hard,False,False,43.9952297685383,0.0,1.0,0.0,0.9804841750435145
2217,1767151332628,0.0,0.0,0.0,0.0,-44.28597357734027,0.0,0.0,hard,False,False,43.9952297685383,0.0,1.0,0.0,0.9804841750435145
2218,1767151332670,0.0,0.0,0.0,0.0,-44.28597357734027,0.0,0.0,hard,False,False,43.9952297685383,0.0,1.0,0.0,0.9804841750435145
2219,1767151332714,0.0,0.0,0.0,0.0,-44.28597357734027,0.0,0.0,hard,False,False,43.9952297685383,0.0,1.0,0.0,0.9804841750435145
2220,1767151332739,0.0,0.0,0.0,0.0,-44.28597357734027,0.0,0.0,hard,False,False,43.9952297685383,0.0,1.0,0.0,0.9804841750435145
2221,1767151332769,0.0,0.0,0.0,0.0,-44.28597357734027,0.0,0.0,hard,False,False,43.9952297685383,0.0,1.0,0.0,0.9804841750435145
2222,1767151332803,0.0,0.0,0.0,0.0,-44.28597357734027,0.0,0.0,hard,False,False,43.9952297685383,0.0,1.0,0.0,0.9804841750435145
2223,1767151332830,0.0,0.0,0.0,0.0,-44.28597357734027,0.0,0.0,hard,False,False,43.9952297685383,0.0,1.0,0.0,0.9804841750435145
2224,1767151332865,0.0,0.0,0.0,0.0,-44.28597357734027,0.0,0.0,hard,False,False,43.9952297685383,0.0,1.0,0.0,0.9804841750435145
2225,1767151332897,0.0,0.0,0.0,0.0,-44.28597357734027,0.0,0.0,hard,False,False,43.9952297685383,0.0,1.0,0.0,0.9804841750435145
2226,1767151332936,0.0,0.0,0.0,0.0,-44.28597357734027,0.0,0.0,hard,False,False,43.9952297685383,0.0,1.0,0.0,0.9804841750435145
2227,1767151332971,0.0,0.0,0.0,0.0,-44.28597357734027,0.0,0.0,hard,False,False,43.9952297685383,0.0,1.0,0.0,0.9804841750435145
2228,1767151333001,0.0,0.0,0.0,0.0,-44.28597357734027,0.0,0.0,hard,False,False,43.9952297685383,0.0,1.0,0.0,0.9804841750435145
2229,1767151333032,0.0,0.0,0.0,0.0,-44.28597357734027,0.0,0.0,hard,False,False,43.9952297685383,0.0,1.0,0.0,0.9804841750435145
2230,1767151333060,0.0,0.0,0.0,0.0,-44.28597357734027,0.0,0.0,hard,False,False,43.9952297685383,0.0,1.0,0.0,0.9804841750435145
2231,1767151333110,0.0,0.0,0.0,0.0,-44.28597357734027,0.0,0.0,hard,False,False,43.9952297685383,0.0,1.0,0.0,0.9804841750435145
2232,1767151333137,0.0,0.0,0.0,0.0,-44.28597357734027,0.0,0.0,hard,False,False,43.9952297685383,0.0,1.0,0.0,0.9804841750435145
2233,1767151333189,0.0,0.0,0.0,0.0,-44.28597357734027,0.0,0.0,hard,False,False,43.9952297685383,0.0,1.0,0.0,0.9804841750435145
2234,1767151333223,0.0,0.0,0.0,0.0,-44.28597357734027,0.0,0.0,hard,False,False,43.9952297685383,0.0,1.0,0.0,0.9804841750435145
2235,1767151333260,0.0,0.0,0.0,0.0,-44.28597357734027,0.0,0.0,hard,False,False,43.9952297685383,0.0,1.0,0.0,0.9804841750435145
2236,1767151333300,0.0,0.0,0.0,0.0,-44.28597357734027,0.0,0.0,hard,False,False,43.9952297685383,0.0,1.0,0.0,0.9804841750435145
2237,1767151333326,0.0,0.0,0.0,0.0,-44.28597357734027,0.0,0.0,hard,False,False,43.9952297685383,0.0,1.0,0.0,0.9804841750435145
2238,1767151333371,0.0,0.0,0.0,0.0,-44.28597357734027,0.0,0.0,hard,False,False,43.9952297685383,0.0,1.0,0.0,0.9804841750435145
2239,1767151333418,0.0,0.0,0.0,0.0,-44.28597357734027,0.0,0.0,hard,False,False,43.9952297685383,0.0,1.0,0.0,0.9804841750435145
2240,1767151333444,0.0,0.0,0.0,0.0,-44.28597357734027,0.0,0.0,hard,False,False,43.9952297685383,0.0,1.0,0.0,0.9804841750435145
2241,1767151333481,0.0,0.0,0.0,0.0,-44.28597357734027,0.0,0.0,hard,False,False,43.9952297685383,0.0,1.0,0.0,0.9804841750435145
2242,1767151333521,0.0,0.0,0.0,0.0,-44.28597357734027,0.0,0.0,hard,False,False,43.9952297685383,0.0,1.0,0.0,0.9804841750435145
2243,1767151333547,0.0,0.0,0.0,0.0,-44.28597357734027,0.0,0.0,hard,False,False,43.9952297685383,0.0,1.0,0.0,0.9804841750435145
2244,1767151333769,0.0,0.0,0.0,0.0,-44.28597357734027,0.0,0.0,hard,False,False,43.9952297685383,0.0,1.0,0.0,0.9804841750435145
2245,1767151333792,0.0,0.0,0.0,0.0,-44.28597357734027,0.0,0.0,hard,False,False,43.9952297685383,0.0,1.0,0.0,0.9804841750435145
2246,1767151333828,0.0,0.0,0.0,0.0,-44.28597357734027,0.0,0.0,hard,False,False,43.9952297685383,0.0,1.0,0.0,0.9804841750435145
2247,1767151333856,0.0,0.0,0.0,0.0,-44.28597357734027,0.0,0.0,hard,False,False,43.9952297685383,0.0,1.0,0.0,0.9804841750435145
2248,1767151333881,0.0,0.0,0.0,0.0,-44.28597357734027,0.0,0.0,hard,False,False,43.9952297685383,0.0,1.0,0.0,0.9804841750435145
2249,1767151333909,0.0,0.0,0.0,0.0,-44.28597357734027,0.0,0.0,hard,False,False,43.9952297685383,0.0,1.0,0.0,0.9804841750435145
2250,1767151333939,0.0,0.0,0.0,0.0,-44.28597357734027,0.0,0.0,hard,False,False,43.9952297685383,0.0,1.0,0.0,0.9804841750435145
2251,1767151333965,0.0,0.0,0.0,0.0,-44.28597357734027,0.0,0.0,hard,False,False,43.9952297685383,0.0,1.0,0.0,0.9804841750435145
2252,1767151334008,0.0,0.0,0.0,0.0,-44.28597357734027,0.0,0.0,hard,False,False,43.9952297685383,0.0,1.0,0.0,0.9804841750435145
2253,1767151334039,0.0,0.0,0.0,0.0,-44.28597357734027,0.0,0.0,hard,False,False,43.9952297685383,0.0,1.0,0.0,0.9804841750435145
2254,1767151334064,0.0,0.0,0.0,0.0,-44.28597357734027,0.0,0.0,hard,False,False,43.9952297685383,0.0,1.0,0.0,0.9804841750435145
2255,1767151334103,0.0,0.0,0.0,0.0,-44.28597357734027,0.0,0.0,hard,False,False,43.9952297685383,0.0,1.0,0.0,0.9804841750435145
2256,1767151334128,0.0,0.0,0.0,0.0,-44.28597357734027,0.0,0.0,hard,False,False,43.9952297685383,0.0,1.0,0.0,0.9804841750435145
2257,1767151334228,0.0,0.0,0.0,0.0,-44.28597357734027,0.0,0.0,hard,False,False,43.9952297685383,0.0,1.0,0.0,0.9804841750435145
2258,1767151334266,0.0,0.0,0.0,0.0,-44.28597357734027,0.0,0.0,hard,False,False,43.9952297685383,0.0,1.0,0.0,0.9804841750435145
2259,1767151334291,0.0,0.0,0.0,0.0,-44.28597357734027,0.0,0.0,hard,False,False,43.9952297685383,0.0,1.0,0.0,0.9804841750435145
2260,1767151334334,0.0,0.0,0.0,0.0,-44.28597357734027,0.0,0.0,hard,False,False,43.9952297685383,0.0,1.0,0.0,0.9804841750435145
2261,1767151334362,0.0,0.0,0.0,0.0,-44.28597357734027,0.0,0.0,hard,False,False,43.9952297685383,0.0,1.0,0.0,0.9804841750435145
2262,1767151334401,0.0,0.0,0.0,0.0,-44.28597357734027,0.0,0.0,hard,False,False,43.9952297685383,0.0,1.0,0.0,0.9804841750435145
2263,1767151334428,0.0,0.0,0.0,0.0,-44.28597357734027,0.0,0.0,hard,False,False,43.9952297685383,0.0,1.0,0.0,0.9804841750435145
2264,1767151334467,0.0,0.0,0.0,0.0,-44.28597357734027,0.0,0.0,hard,False,False,43.9952297685383,0.0,1.0,0.0,0.9804841750435145
2265,1767151334498,0.0,0.0,0.0,0.0,-44.28597357734027,0.0,0.0,hard,False,False,43.9952297685383,0.0,1.0,0.0,0.9804841750435145
2266,1767151334537,0.0,0.0,0.0,0.0,-44.28597357734027,0.0,0.0,hard,False,False,43.9952297685383,0.0,1.0,0.0,0.9804841750435145
2267,1767151334581,0.0,0.0,0.0,0.0,-44.28597357734027,0.0,0.0,hard,False,False,43.9952297685383,0.0,1.0,0.0,0.9804841750435145
2268,1767151334613,0.0,0.0,0.0,0.0,-44.28597357734027,0.0,0.0,hard,False,False,43.9952297685383,0.0,1.0,0.0,0.9804841750435145
2269,1767151334644,0.0,0.0,0.0,0.0,-44.28597357734027,0.0,0.0,hard,False,False,43.9952297685383,0.0,1.0,0.0,0.9804841750435145
2270,1767151334682,0.0,0.0,0.0,0.0,-44.28597357734027,0.0,0.0,hard,False,False,43.9952297685383,0.0,1.0,0.0,0.9804841750435145
2271,1767151334732,0.0,0.0,0.0,0.0,-44.28597357734027,0.0,0.0,hard,False,False,43.9952297685383,0.0,1.0,0.0,0.9804841750435145
2272,1767151334759,0.0,0.0,0.0,0.0,-44.28597357734027,0.0,0.0,hard,False,False,43.9952297685383,0.0,1.0,0.0,0.9804841750435145
2273,1767151334786,0.0,0.0,0.0,0.0,-44.28597357734027,0.0,0.0,hard,False,False,43.9952297685383,0.0,1.0,0.0,0.9804841750435145
2274,1767151334809,0.0,0.0,0.0,0.0,-44.28597357734027,0.0,0.0,hard,False,False,43.9952297685383,0.0,1.0,0.0,0.9804841750435145
2275,1767151334833,0.0,0.0,0.0,0.0,-44.28597357734027,0.0,0.0,hard,False,False,43.9952297685383,0.0,1.0,0.0,0.9804841750435145
2276,1767151334860,0.0,0.0,0.0,0.0,-44.28597357734027,0.0,0.0,hard,False,False,43.9952297685383,0.0,1.0,0.0,0.9804841750435145
2277,1767151334881,0.0,0.0,0.0,0.0,-44.28597357734027,0.0,0.0,hard,False,False,43.9952297685383,0.0,1.0,0.0,0.9804841750435145
2278,1767151334911,0.0,0.0,0.0,0.0,-44.28597357734027,0.0,0.0,hard,False,False,43.9952297685383,0.0,1.0,0.0,0.9804841750435145
2279,1767151334939,0.0,0.0,0.0,0.0,-44.28597357734027,0.0,0.0,hard,False,False,43.9952297685383,0.0,1.0,0.0,0.9804841750435145
2280,1767151334972,0.0,0.0,0.0,0.0,-44.28597357734027,0.0,0.0,hard,False,False,43.9952297685383,0.0,1.0,0.0,0.9804841750435145
2281,1767151334997,0.0,0.0,0.0,0.0,-44.28597357734027,0.0,0.0,hard,False,False,43.9952297685383,0.0,1.0,0.0,0.9804841750435145
2282,1767151335024,0.0,0.0,0.0,0.0,-44.28597357734027,0.0,0.0,hard,False,False,43.9952297685383,0.0,1.0,0.0,0.9804841750435145
2283,1767151335059,0.0,0.0,0.0,0.0,-44.28597357734027,0.0,0.0,hard,False,False,43.9952297685383,0.0,1.0,0.0,0.9804841750435145
2284,1767151335092,0.0,0.0,0.0,0.0,-44.28597357734027,0.0,0.0,hard,False,False,43.9952297685383,0.0,1.0,0.0,0.9804841750435145
2285,1767151335124,0.0,0.0,0.0,0.0,-44.28597357734027,0.0,0.0,hard,False,False,43.9952297685383,0.0,1.0,0.0,0.9804841750435145
2286,1767151335158,0.0,0.0,0.0,0.0,-44.28597357734027,0.0,0.0,hard,False,False,43.9952297685383,0.0,1.0,0.0,0.9804841750435145
2287,1767151335192,0.0,0.0,0.0,0.0,-44.28597357734027,0.0,0.0,hard,False,False,43.9952297685383,0.0,1.0,0.0,0.9804841750435145
2288,1767151335225,0.0,0.0,0.0,0.0,-44.28597357734027,0.0,0.0,hard,False,False,43.9952297685383,0.0,1.0,0.0,0.9804841750435145
2289,1767151335258,0.0,0.0,0.0,0.0,-44.28597357734027,0.0,0.0,hard,False,False,43.9952297685383,0.0,1.0,0.0,0.9804841750435145
2290,1767151335297,0.0,0.0,0.0,0.0,-44.28597357734027,0.0,0.0,hard,False,False,43.9952297685383,0.0,1.0,0.0,0.9804841750435145
2291,1767151335324,0.0,0.0,0.0,0.0,-44.28597357734027,0.0,0.0,hard,False,False,43.9952297685383,0.0,1.0,0.0,0.9804841750435145
2292,1767151335357,0.0,0.0,0.0,0.0,-44.28597357734027,0.0,0.0,hard,False,False,43.9952297685383,0.0,1.0,0.0,0.9804841750435145
2293,1767151335391,0.0,0.0,0.0,0.0,-44.28597357734027,0.0,0.0,hard,False,False,43.9952297685383,0.0,1.0,0.0,0.9804841750435145
2294,1767151335424,0.0,0.0,0.0,0.0,-44.28597357734027,0.0,0.0,hard,False,False,43.9952297685383,0.0,1.0,0.0,0.9804841750435145
2295,1767151335457,0.0,0.0,0.0,0.0,-44.28597357734027,0.0,0.0,hard,False,False,43.9952297685383,0.0,1.0,0.0,0.9804841750435145
2296,1767151335491,0.0,0.0,0.0,0.0,-44.28597357734027,0.0,0.0,hard,False,False,43.9952297685383,0.0,1.0,0.0,0.9804841750435145
2297,1767151335524,0.0,0.0,0.0,0.0,-44.28597357734027,0.0,0.0,hard,False,False,43.9952297685383,0.0,1.0,0.0,0.9804841750435145
2298,1767151335560,0.0,0.0,0.0,0.0,-44.28597357734027,0.0,0.0,hard,False,False,43.9952297685383,0.0,1.0,0.0,0.9804841750435145
2299,1767151335591,0.0,0.0,0.0,0.0,-44.28597357734027,0.0,0.0,hard,False,False,43.9952297685383,0.0,1.0,0.0,0.9804841750435145
2300,1767151335625,0.0,0.0,0.0,0.0,-44.28597357734027,0.0,0.0,hard,False,False,43.9952297685383,0.0,1.0,0.0,0.9804841750435145
2301,1767151335657,0.0,0.0,0.0,0.0,-44.28597357734027,0.0,0.0,hard,False,False,43.9952297685383,0.0,1.0,0.0,0.9804841750435145
2302,1767151335691,0.0,0.0,0.0,0.0,-44.28597357734027,0.0,0.0,hard,False,False,43.9952297685383,0.0,1.0,0.0,0.9804841750435145
2303,1767151335724,0.0,0.0,0.0,0.0,-44.28597357734027,0.0,0.0,hard,False,False,43.9952297685383,0.0,1.0,0.0,0.9804841750435145
2304,1767151335758,0.0,0.0,0.0,0.0,-44.28597357734027,0.0,0.0,hard,False,False,43.9952297685383,0.0,1.0,0.0,0.9804841750435145
2305,1767151335791,0.0,0.0,0.0,0.0,-44.28597357734027,0.0,0.0,hard,False,False,43.9952297685383,0.0,1.0,0.0,0.9804841750435145
2306,1767151335824,0.0,0.0,0.0,0.0,-44.28597357734027,0.0,0.0,hard,False,False,43.9952297685383,0.0,1.0,0.0,0.9804841750435145
2307,1767151335857,0.0,0.0,0.0,0.0,-44.28597357734027,0.0,0.0,hard,False,False,43.9952297685383,0.0,1.0,0.0,0.9804841750435145
2308,1767151335891,0.0,0.0,0.0,0.0,-44.28597357734027,0.0,0.0,hard,False,False,43.9952297685383,0.0,1.0,0.0,0.9804841750435145
2309,1767151335924,0.0,0.0,0.0,0.0,-44.28597357734027,0.0,0.0,hard,False,False,43.9952297685383,0.0,1.0,0.0,0.9804841750435145
2310,1767151335958,0.0,0.0,0.0,0.0,-44.28597357734027,0.0,0.0,hard,False,False,43.9952297685383,0.0,1.0,0.0,0.9804841750435145
2311,1767151335991,0.0,0.0,0.0,0.0,-44.28597357734027,0.0,0.0,hard,False,False,43.9952297685383,0.0,1.0,0.0,0.9804841750435145
2312,1767151336024,0.0,0.0,0.0,0.0,-44.28597357734027,0.0,0.0,hard,False,False,43.9952297685383,0.0,1.0,0.0,0.9804841750435145
2313,1767151336058,0.0,0.0,0.0,0.0,-44.28597357734027,0.0,0.0,hard,False,False,43.9952297685383,0.0,1.0,0.0,0.9804841750435145
2314,1767151336091,0.0,0.0,0.0,0.0,-44.28597357734027,0.0,0.0,hard,False,False,43.9952297685383,0.0,1.0,0.0,0.9804841750435145
2315,1767151336124,0.0,0.0,0.0,0.0,-44.28597357734027,0.0,0.0,hard,False,False,43.9952297685383,0.0,1.0,0.0,0.9804841750435145
2316,1767151336158,0.0,0.0,0.0,0.0,-44.28597357734027,0.0,0.0,hard,False,False,43.9952297685383,0.0,1.0,0.0,0.9804841750435145
2317,1767151336191,0.0,0.0,0.0,0.0,-44.28597357734027,0.0,0.0,hard,False,False,43.9952297685383,0.0,1.0,0.0,0.9804841750435145
2318,1767151336224,0.0,0.0,0.0,0.0,-44.28597357734027,0.0,0.0,hard,False,False,43.9952297685383,0.0,1.0,0.0,0.9804841750435145
2319,1767151336258,0.0,0.0,0.0,0.0,-44.28597357734027,0.0,0.0,hard,False,False,43.9952297685383,0.0,1.0,0.0,0.9804841750435145
2320,1767151336291,0.0,0.0,0.0,0.0,-44.28597357734027,0.0,0.0,hard,False,False,43.9952297685383,0.0,1.0,0.0,0.9804841750435145
2321,1767151336324,0.0,0.0,0.0,0.0,-44.28597357734027,0.0,0.0,hard,False,False,43.9952297685383,0.0,1.0,0.0,0.9804841750435145
2322,1767151336358,0.0,0.0,0.0,0.0,-44.28597357734027,0.0,0.0,hard,False,False,43.9952297685383,0.0,1.0,0.0,0.9804841750435145
2323,1767151336391,0.0,0.0,0.0,0.0,-44.28597357734027,0.0,0.0,hard,False,False,43.9952297685383,0.0,1.0,0.0,0.9804841750435145
2324,1767151336424,0.0,0.0,0.0,0.0,-44.28597357734027,0.0,0.0,hard,False,False,43.9952297685383,0.0,1.0,0.0,0.9804841750435145
2325,1767151336458,0.0,0.0,0.0,0.0,-44.28597357734027,0.0,0.0,hard,False,False,43.9952297685383,0.0,1.0,0.0,0.9804841750435145
2326,1767151336491,0.0,0.0,0.0,0.0,-44.28597357734027,0.0,0.0,hard,False,False,43.9952297685383,0.0,1.0,0.0,0.9804841750435145
2327,1767151336528,0.0,0.0,0.0,0.0,-44.28597357734027,0.0,0.0,hard,False,False,43.9952297685383,0.0,1.0,0.0,0.9804841750435145
2328,1767151336558,0.0,0.0,0.0,0.0,-44.28597357734027,0.0,0.0,hard,False,False,43.9952297685383,0.0,1.0,0.0,0.9804841750435145
2329,1767151336591,0.0,0.0,0.0,0.0,-44.28597357734027,0.0,0.0,hard,False,False,43.9952297685383,0.0,1.0,0.0,0.9804841750435145
2330,1767151336625,0.0,0.0,0.0,0.0,-44.28597357734027,0.0,0.0,hard,False,False,43.9952297685383,0.0,1.0,0.0,0.9804841750435145
2331,1767151336658,0.0,0.0,0.0,0.0,-44.28597357734027,0.0,0.0,hard,False,False,43.9952297685383,0.0,1.0,0.0,0.9804841750435145
2332,1767151336691,0.0,0.0,0.0,0.0,-44.28597357734027,0.0,0.0,hard,False,False,43.9952297685383,0.0,1.0,0.0,0.9804841750435145
2333,1767151336724,0.0,0.0,0.0,0.0,-44.28597357734027,0.0,0.0,hard,False,False,43.9952297685383,0.0,1.0,0.0,0.9804841750435145
2334,1767151336758,0.0,0.0,0.0,0.0,-44.28597357734027,0.0,0.0,hard,False,False,43.9952297685383,0.0,1.0,0.0,0.9804841750435145
2335,1767151336791,0.0,0.0,0.0,0.0,-44.28597357734027,0.0,0.0,hard,False,False,43.9952297685383,0.0,1.0,0.0,0.9804841750435145
2336,1767151336824,0.0,0.0,0.0,0.0,-44.28597357734027,0.0,0.0,hard,False,False,43.9952297685383,0.0,1.0,0.0,0.9804841750435145
2337,1767151336858,0.0,0.0,0.0,0.0,-44.28597357734027,0.0,0.0,hard,False,False,43.9952297685383,0.0,1.0,0.0,0.9804841750435145
2338,1767151336891,0.0,0.0,0.0,0.0,-44.28597357734027,0.0,0.0,hard,False,False,43.9952297685383,0.0,1.0,0.0,0.9804841750435145
2339,1767151336924,0.0,0.0,0.0,0.0,-44.28597357734027,0.0,0.0,hard,False,False,43.9952297685383,0.0,1.0,0.0,0.9804841750435145
2340,1767151336958,0.0,0.0,0.0,0.0,-44.28597357734027,0.0,0.0,hard,False,False,43.9952297685383,0.0,1.0,0.0,0.9804841750435145
2341,1767151336991,0.0,0.0,0.0,0.0,-44.28597357734027,0.0,0.0,hard,False,False,43.9952297685383,0.0,1.0,0.0,0.9804841750435145
2342,1767151337024,0.0,0.0,0.0,0.0,-44.28597357734027,0.0,0.0,hard,False,False,43.9952297685383,0.0,1.0,0.0,0.9804841750435145
2343,1767151337058,0.0,0.0,0.0,0.0,-44.28597357734027,0.0,0.0,hard,False,False,43.9952297685383,0.0,1.0,0.0,0.9804841750435145
2344,1767151337091,0.0,0.0,0.0,0.0,-44.28597357734027,0.0,0.0,hard,False,False,43.9952297685383,0.0,1.0,0.0,0.9804841750435145
2345,1767151337125,0.0,0.0,0.0,0.0,-44.28597357734027,0.0,0.0,hard,False,False,43.9952297685383,0.0,1.0,0.0,0.9804841750435145
2346,1767151337158,0.0,0.0,0.0,0.0,-44.28597357734027,0.0,0.0,hard,False,False,43.9952297685383,0.0,1.0,0.0,0.9804841750435145
2347,1767151337192,0.0,0.0,0.0,0.0,-44.28597357734027,0.0,0.0,hard,False,False,43.9952297685383,0.0,1.0,0.0,0.9804841750435145
2348,1767151337224,0.0,0.0,0.0,0.0,-44.28597357734027,0.0,0.0,hard,False,False,43.9952297685383,0.0,1.0,0.0,0.9804841750435145
2349,1767151337258,0.0,0.0,0.0,0.0,-44.28597357734027,0.0,0.0,hard,False,False,43.9952297685383,0.0,1.0,0.0,0.9804841750435145
2350,1767151337291,0.0,0.0,0.0,0.0,-44.28597357734027,0.0,0.0,hard,False,False,43.9952297685383,0.0,1.0,0.0,0.9804841750435145
2351,1767151337324,0.0,0.0,0.0,0.0,-44.28597357734027,0.0,0.0,hard,False,False,43.9952297685383,0.0,1.0,0.0,0.9804841750435145
2352,1767151337358,0.0,0.0,0.0,0.0,-44.28597357734027,0.0,0.0,hard,False,False,43.9952297685383,0.0,1.0,0.0,0.9804841750435145
2353,1767151337391,0.0,0.0,0.0,0.0,-44.28597357734027,0.0,0.0,hard,False,False,43.9952297685383,0.0,1.0,0.0,0.9804841750435145
2354,1767151337425,0.0,0.0,0.0,0.0,-44.28597357734027,0.0,0.0,hard,False,False,43.9952297685383,0.0,1.0,0.0,0.9804841750435145
2355,1767151337458,0.0,0.0,0.0,0.0,-44.28597357734027,0.0,0.0,hard,False,False,43.9952297685383,0.0,1.0,0.0,0.9804841750435145
2356,1767151337491,0.0,0.0,0.0,0.0,-44.28597357734027,0.0,0.0,hard,False,False,43.9952297685383,0.0,1.0,0.0,0.9804841750435145
2357,1767151337525,0.0,0.0,0.0,0.0,-44.28597357734027,0.0,0.0,hard,False,False,43.9952297685383,0.0,1.0,0.0,0.9804841750435145
2358,1767151337558,0.0,0.0,0.0,0.0,-44.28597357734027,0.0,0.0,hard,False,False,43.9952297685383,0.0,1.0,0.0,0.9804841750435145
2359,1767151337591,0.0,0.0,0.0,0.0,-44.28597357734027,0.0,0.0,hard,False,False,43.9952297685383,0.0,1.0,0.0,0.9804841750435145
2360,1767151337625,0.0,0.0,0.0,0.0,-44.28597357734027,0.0,0.0,hard,False,False,43.9952297685383,0.0,1.0,0.0,0.9804841750435145
2361,1767151337658,0.0,0.0,0.0,0.0,-44.28597357734027,0.0,0.0,hard,False,False,43.9952297685383,0.0,1.0,0.0,0.9804841750435145
2362,1767151337691,0.0,0.0,0.0,0.0,-44.28597357734027,0.0,0.0,hard,False,False,43.9952297685383,0.0,1.0,0.0,0.9804841750435145
2363,1767151337725,0.0,0.0,0.0,0.0,-44.28597357734027,0.0,0.0,hard,False,False,43.9952297685383,0.0,1.0,0.0,0.9804841750435145
2364,1767151337758,0.0,0.0,0.0,0.0,-44.28597357734027,0.0,0.0,hard,False,False,43.9952297685383,0.0,1.0,0.0,0.9804841750435145
2365,1767151337791,0.0,0.0,0.0,0.0,-44.28597357734027,0.0,0.0,hard,False,False,43.9952297685383,0.0,1.0,0.0,0.9804841750435145
2366,1767151337827,0.0,0.0,0.0,0.0,-44.28597357734027,0.0,0.0,hard,False,False,43.9952297685383,0.0,1.0,0.0,0.9804841750435145
2367,1767151337858,0.0,0.0,0.0,0.0,-44.28597357734027,0.0,0.0,hard,False,False,43.9952297685383,0.0,1.0,0.0,0.9804841750435145
2368,1767151337891,0.0,0.0,0.0,0.0,-44.28597357734027,0.0,0.0,hard,False,False,43.9952297685383,0.0,1.0,0.0,0.9804841750435145
2369,1767151337925,0.0,0.0,0.0,0.0,-44.28597357734027,0.0,0.0,hard,False,False,43.9952297685383,0.0,1.0,0.0,0.9804841750435145
2370,1767151337958,0.0,0.0,0.0,0.0,-44.28597357734027,0.0,0.0,hard,False,False,43.9952297685383,0.0,1.0,0.0,0.9804841750435145
2371,1767151337991,0.0,0.0,0.0,0.0,-44.28597357734027,0.0,0.0,hard,False,False,43.9952297685383,0.0,1.0,0.0,0.9804841750435145
2372,1767151338025,0.0,0.0,0.0,0.0,-44.28597357734027,0.0,0.0,hard,False,False,43.9952297685383,0.0,1.0,0.0,0.9804841750435145
2373,1767151338058,0.0,0.0,0.0,0.0,-44.28597357734027,0.0,0.0,hard,False,False,43.9952297685383,0.0,1.0,0.0,0.9804841750435145
2374,1767151338092,0.0,0.0,0.0,0.0,-44.28597357734027,0.0,0.0,hard,False,False,43.9952297685383,0.0,1.0,0.0,0.9804841750435145
2375,1767151338125,0.0,0.0,0.0,0.0,-44.28597357734027,0.0,0.0,hard,False,False,43.9952297685383,0.0,1.0,0.0,0.9804841750435145
2376,1767151338158,0.0,0.0,0.0,0.0,-44.28597357734027,0.0,0.0,hard,False,False,43.9952297685383,0.0,1.0,0.0,0.9804841750435145
2377,1767151338191,0.0,0.0,0.0,0.0,-44.28597357734027,0.0,0.0,hard,False,False,43.9952297685383,0.0,1.0,0.0,0.9804841750435145
2378,1767151338225,0.0,0.0,0.0,0.0,-44.28597357734027,0.0,0.0,hard,False,False,43.9952297685383,0.0,1.0,0.0,0.9804841750435145
2379,1767151338258,0.0,0.0,0.0,0.0,-44.28597357734027,0.0,0.0,hard,False,False,43.9952297685383,0.0,1.0,0.0,0.9804841750435145
2380,1767151338291,0.0,0.0,0.0,0.0,-44.28597357734027,0.0,0.0,hard,False,False,43.9952297685383,0.0,1.0,0.0,0.9804841750435145
2381,1767151338328,0.0,0.0,0.0,0.0,-44.28597357734027,0.0,0.0,hard,False,False,43.9952297685383,0.0,1.0,0.0,0.9804841750435145
2382,1767151338358,0.0,0.0,0.0,0.0,-44.28597357734027,0.0,0.0,hard,False,False,43.9952297685383,0.0,1.0,0.0,0.9804841750435145
2383,1767151338392,0.0,0.0,0.0,0.0,-44.28597357734027,0.0,0.0,hard,False,False,43.9952297685383,0.0,1.0,0.0,0.9804841750435145
2384,1767151338427,0.0,0.0,0.0,0.0,-44.28597357734027,0.0,0.0,hard,False,False,43.9952297685383,0.0,1.0,0.0,0.9804841750435145
2385,1767151338458,0.0,0.0,0.0,0.0,-44.28597357734027,0.0,0.0,hard,False,False,43.9952297685383,0.0,1.0,0.0,0.9804841750435145
2386,1767151338491,0.0,0.0,0.0,0.0,-44.28597357734027,0.0,0.0,hard,False,False,43.9952297685383,0.0,1.0,0.0,0.9804841750435145
2387,1767151338525,0.0,0.0,0.0,0.0,-44.28597357734027,0.0,0.0,hard,False,False,43.9952297685383,0.0,1.0,0.0,0.9804841750435145
2388,1767151338560,0.0,0.0,0.0,0.0,-44.28597357734027,0.0,0.0,hard,False,False,43.9952297685383,0.0,1.0,0.0,0.9804841750435145
2389,1767151338592,0.0,0.0,0.0,0.0,-44.28597357734027,0.0,0.0,hard,False,False,43.9952297685383,0.0,1.0,0.0,0.9804841750435145
2390,1767151338630,0.0,0.0,0.0,0.0,-44.28597357734027,0.0,0.0,hard,False,False,43.9952297685383,0.0,1.0,0.0,0.9804841750435145
2391,1767151338658,0.0,0.0,0.0,0.0,-44.28597357734027,0.0,0.0,hard,False,False,43.9952297685383,0.0,1.0,0.0,0.9804841750435145
2392,1767151338695,0.0,0.0,0.0,0.0,-44.28597357734027,0.0,0.0,hard,False,False,43.9952297685383,0.0,1.0,0.0,0.9804841750435145
2393,1767151338725,0.0,0.0,0.0,0.0,-44.28597357734027,0.0,0.0,hard,False,False,43.9952297685383,0.0,1.0,0.0,0.9804841750435145
2394,1767151338759,0.0,0.0,0.0,0.0,-44.28597357734027,0.0,0.0,hard,False,False,43.9952297685383,0.0,1.0,0.0,0.9804841750435145
2395,1767151338825,0.0,0.0,0.0,0.0,-44.28597357734027,0.0,0.0,hard,False,False,43.9952297685383,0.0,1.0,0.0,0.9804841750435145
2396,1767151338858,0.0,0.0,0.0,0.0,-44.28597357734027,0.0,0.0,hard,False,False,43.9952297685383,0.0,1.0,0.0,0.9804841750435145
2397,1767151338891,0.0,0.0,0.0,0.0,-44.28597357734027,0.0,0.0,hard,False,False,43.9952297685383,0.0,1.0,0.0,0.9804841750435145
2398,1767151338925,0.0,0.0,0.0,0.0,-44.28597357734027,0.0,0.0,hard,False,False,43.9952297685383,0.0,1.0,0.0,0.9804841750435145
2399,1767151338960,0.0,0.0,0.0,0.0,-44.28597357734027,0.0,0.0,hard,False,False,43.9952297685383,0.0,1.0,0.0,0.9804841750435145
2400,1767151338996,0.0,0.0,0.0,0.0,-44.28597357734027,0.0,0.0,hard,False,False,43.9952297685383,0.0,1.0,0.0,0.9804841750435145
2401,1767151339025,0.0,0.0,0.0,0.0,-44.28597357734027,0.0,0.0,hard,False,False,43.9952297685383,0.0,1.0,0.0,0.9804841750435145
2402,1767151339058,0.0,0.0,0.0,0.0,-44.28597357734027,0.0,0.0,hard,False,False,43.9952297685383,0.0,1.0,0.0,0.9804841750435145
2403,1767151339092,0.0,0.0,0.0,0.0,-44.28597357734027,0.0,0.0,hard,False,False,43.9952297685383,0.0,1.0,0.0,0.9804841750435145
2404,1767151339125,0.0,0.0,0.0,0.0,-44.28597357734027,0.0,0.0,hard,False,False,43.9952297685383,0.0,1.0,0.0,0.9804841750435145
2405,1767151339158,0.0,0.0,0.0,0.0,-44.28597357734027,0.0,0.0,hard,False,False,43.9952297685383,0.0,1.0,0.0,0.9804841750435145
2406,1767151339192,0.0,0.0,0.0,0.0,-44.28597357734027,0.0,0.0,hard,False,False,43.9952297685383,0.0,1.0,0.0,0.9804841750435145
2407,1767151339225,0.0,0.0,0.0,0.0,-44.28597357734027,0.0,0.0,hard,False,False,43.9952297685383,0.0,1.0,0.0,0.9804841750435145
2408,1767151339258,0.0,0.0,0.0,0.0,-44.28597357734027,0.0,0.0,hard,False,False,43.9952297685383,0.0,1.0,0.0,0.9804841750435145
2409,1767151339291,0.0,0.0,0.0,0.0,-44.28597357734027,0.0,0.0,hard,False,False,43.9952297685383,0.0,1.0,0.0,0.9804841750435145
2410,1767151339325,0.0,0.0,0.0,0.0,-44.28597357734027,0.0,0.0,hard,False,False,43.9952297685383,0.0,1.0,0.0,0.9804841750435145
2411,1767151339358,0.0,0.0,0.0,0.0,-44.28597357734027,0.0,0.0,hard,False,False,43.9952297685383,0.0,1.0,0.0,0.9804841750435145
2412,1767151339392,0.0,0.0,0.0,0.0,-44.28597357734027,0.0,0.0,hard,False,False,43.9952297685383,0.0,1.0,0.0,0.9804841750435145
2413,1767151339425,0.0,0.0,0.0,0.0,-44.28597357734027,0.0,0.0,hard,False,False,43.9952297685383,0.0,1.0,0.0,0.9804841750435145
2414,1767151339458,0.0,0.0,0.0,0.0,-44.28597357734027,0.0,0.0,hard,False,False,43.9952297685383,0.0,1.0,0.0,0.9804841750435145
2415,1767151339491,0.0,0.0,0.0,0.0,-44.28597357734027,0.0,0.0,hard,False,False,43.9952297685383,0.0,1.0,0.0,0.9804841750435145
2416,1767151339525,0.0,0.0,0.0,0.0,-44.28597357734027,0.0,0.0,hard,False,False,43.9952297685383,0.0,1.0,0.0,0.9804841750435145
2417,1767151339558,0.0,0.0,0.0,0.0,-44.28597357734027,0.0,0.0,hard,False,False,43.9952297685383,0.0,1.0,0.0,0.9804841750435145
2418,1767151339591,0.0,0.0,0.0,0.0,-44.28597357734027,0.0,0.0,hard,False,False,43.9952297685383,0.0,1.0,0.0,0.9804841750435145
2419,1767151339628,0.0,0.0,0.0,0.0,-44.28597357734027,0.0,0.0,hard,False,False,43.9952297685383,0.0,1.0,0.0,0.9804841750435145
2420,1767151339667,0.0,0.0,0.0,0.0,-44.28597357734027,0.0,0.0,hard,False,False,43.9952297685383,0.0,1.0,0.0,0.9804841750435145
2421,1767151339704,0.0,0.0,0.0,0.0,-44.28597357734027,0.0,0.0,hard,False,False,43.9952297685383,0.0,1.0,0.0,0.9804841750435145
2422,1767151339729,0.0,0.0,0.0,0.0,-44.28597357734027,0.0,0.0,hard,False,False,43.9952297685383,0.0,1.0,0.0,0.9804841750435145
2423,1767151339758,0.0,0.0,0.0,0.0,-44.28597357734027,0.0,0.0,hard,False,False,43.9952297685383,0.0,1.0,0.0,0.9804841750435145
2424,1767151339792,0.0,0.0,0.0,0.0,-44.28597357734027,0.0,0.0,hard,False,False,43.9952297685383,0.0,1.0,0.0,0.9804841750435145
2425,1767151339825,0.0,0.0,0.0,0.0,-44.28597357734027,0.0,0.0,hard,False,False,43.9952297685383,0.0,1.0,0.0,0.9804841750435145
2426,1767151339859,0.0,0.0,0.0,0.0,-44.28597357734027,0.0,0.0,hard,False,False,43.9952297685383,0.0,1.0,0.0,0.9804841750435145
2427,1767151340066,0.0,0.0,0.0,0.0,-44.28597357734027,0.0,0.0,hard,False,False,43.9952297685383,0.0,1.0,0.0,0.9804841750435145
2428,1767151340090,0.0,0.0,0.0,0.0,-44.28597357734027,0.0,0.0,hard,False,False,43.9952297685383,0.0,1.0,0.0,0.9804841750435145
2429,1767151340118,0.0,0.0,0.0,0.0,-44.28597357734027,0.0,0.0,hard,False,False,43.9952297685383,0.0,1.0,0.0,0.9804841750435145
2430,1767151340151,0.0,0.0,0.0,0.0,-44.28597357734027,0.0,0.0,hard,False,False,43.9952297685383,0.0,1.0,0.0,0.9804841750435145
2431,1767151340173,0.0,0.0,0.0,0.0,-44.28597357734027,0.0,0.0,hard,False,False,43.9952297685383,0.0,1.0,0.0,0.9804841750435145
2432,1767151340193,0.0,0.0,0.0,0.0,-44.28597357734027,0.0,0.0,hard,False,False,43.9952297685383,0.0,1.0,0.0,0.9804841750435145
2433,1767151340216,0.0,0.0,0.0,0.0,-44.28597357734027,0.0,0.0,hard,False,False,43.9952297685383,0.0,1.0,0.0,0.9804841750435145
2434,1767151340240,0.0,0.0,0.0,0.0,-44.28597357734027,0.0,0.0,hard,False,False,43.9952297685383,0.0,1.0,0.0,0.9804841750435145
2435,1767151340262,0.0,0.0,0.0,0.0,-44.28597357734027,0.0,0.0,hard,False,False,43.9952297685383,0.0,1.0,0.0,0.9804841750435145
2436,1767151340284,0.0,0.0,0.0,0.0,-44.28597357734027,0.0,0.0,hard,False,False,43.9952297685383,0.0,1.0,0.0,0.9804841750435145
2437,1767151340308,0.0,0.0,0.0,0.0,-44.28597357734027,0.0,0.0,hard,False,False,43.9952297685383,0.0,1.0,0.0,0.9804841750435145
2438,1767151340330,0.0,0.0,0.0,0.0,-44.28597357734027,0.0,0.0,hard,False,False,43.9952297685383,0.0,1.0,0.0,0.9804841750435145
2439,1767151340359,0.0,0.0,0.0,0.0,-44.28597357734027,0.0,0.0,hard,False,False,43.9952297685383,0.0,1.0,0.0,0.9804841750435145
2440,1767151340392,0.0,0.0,0.0,0.0,-44.28597357734027,0.0,0.0,hard,False,False,43.9952297685383,0.0,1.0,0.0,0.9804841750435145
2441,1767151340433,0.0,0.0,0.0,0.0,-44.28597357734027,0.0,0.0,hard,False,False,43.9952297685383,0.0,1.0,0.0,0.9804841750435145
2442,1767151340459,0.0,0.0,0.0,0.0,-44.28597357734027,0.0,0.0,hard,False,False,43.9952297685383,0.0,1.0,0.0,0.9804841750435145
2443,1767151340570,0.0,0.0,0.0,0.0,-44.28597357734027,0.0,0.0,hard,False,False,43.9952297685383,0.0,1.0,0.0,0.9804841750435145
2444,1767151340599,0.0,0.0,0.0,0.0,-44.28597357734027,0.0,0.0,hard,False,False,43.9952297685383,0.0,1.0,0.0,0.9804841750435145
2445,1767151340622,0.0,0.0,0.0,0.0,-44.28597357734027,0.0,0.0,hard,False,False,43.9952297685383,0.0,1.0,0.0,0.9804841750435145
2446,1767151340643,0.0,0.0,0.0,0.0,-44.28597357734027,0.0,0.0,hard,False,False,43.9952297685383,0.0,1.0,0.0,0.9804841750435145
2447,1767151340666,0.0,0.0,0.0,0.0,-44.28597357734027,0.0,0.0,hard,False,False,43.9952297685383,0.0,1.0,0.0,0.9804841750435145
2448,1767151340687,0.0,0.0,0.0,0.0,-44.28597357734027,0.0,0.0,hard,False,False,43.9952297685383,0.0,1.0,0.0,0.9804841750435145
2449,1767151340708,0.0,0.0,0.0,0.0,-44.28597357734027,0.0,0.0,hard,False,False,43.9952297685383,0.0,1.0,0.0,0.9804841750435145
2450,1767151340731,0.0,0.0,0.0,0.0,-44.28597357734027,0.0,0.0,hard,False,False,43.9952297685383,0.0,1.0,0.0,0.9804841750435145
2451,1767151340760,0.0,0.0,0.0,0.0,-44.28597357734027,0.0,0.0,hard,False,False,43.9952297685383,0.0,1.0,0.0,0.9804841750435145
2452,1767151340792,0.0,0.0,0.0,0.0,-44.28597357734027,0.0,0.0,hard,False,False,43.9952297685383,0.0,1.0,0.0,0.9804841750435145
2453,1767151340825,0.0,0.0,0.0,0.0,-44.28597357734027,0.0,0.0,hard,False,False,43.9952297685383,0.0,1.0,0.0,0.9804841750435145
2454,1767151340859,0.0,0.0,0.0,0.0,-44.28597357734027,0.0,0.0,hard,False,False,43.9952297685383,0.0,1.0,0.0,0.9804841750435145
2455,1767151340892,0.0,0.0,0.0,0.0,-44.28597357734027,0.0,0.0,hard,False,False,43.9952297685383,0.0,1.0,0.0,0.9804841750435145
2456,1767151340925,0.0,0.0,0.0,0.0,-44.28597357734027,0.0,0.0,hard,False,False,43.9952297685383,0.0,1.0,0.0,0.9804841750435145
2457,1767151340959,0.0,0.0,0.0,0.0,-44.28597357734027,0.0,0.0,hard,False,False,43.9952297685383,0.0,1.0,0.0,0.9804841750435145
2458,1767151340992,0.0,0.0,0.0,0.0,-44.28597357734027,0.0,0.0,hard,False,False,43.9952297685383,0.0,1.0,0.0,0.9804841750435145
2459,1767151341025,0.0,0.0,0.0,0.0,-44.28597357734027,0.0,0.0,hard,False,False,43.9952297685383,0.0,1.0,0.0,0.9804841750435145
2460,1767151341059,0.0,0.0,0.0,0.0,-44.28597357734027,0.0,0.0,hard,False,False,43.9952297685383,0.0,1.0,0.0,0.9804841750435145
2461,1767151341092,0.0,0.0,0.0,0.0,-44.28597357734027,0.0,0.0,hard,False,False,43.9952297685383,0.0,1.0,0.0,0.9804841750435145
2462,1767151341129,0.0,0.0,0.0,0.0,-44.28597357734027,0.0,0.0,hard,False,False,43.9952297685383,0.0,1.0,0.0,0.9804841750435145
2463,1767151341159,0.0,0.0,0.0,0.0,-44.28597357734027,0.0,0.0,hard,False,False,43.9952297685383,0.0,1.0,0.0,0.9804841750435145
2464,1767151341192,0.0,0.0,0.0,0.0,-44.28597357734027,0.0,0.0,hard,False,False,43.9952297685383,0.0,1.0,0.0,0.9804841750435145
2465,1767151341225,0.0,0.0,0.0,0.0,-44.28597357734027,0.0,0.0,hard,False,False,43.9952297685383,0.0,1.0,0.0,0.9804841750435145
2466,1767151341259,0.0,0.0,0.0,0.0,-44.28597357734027,0.0,0.0,hard,False,False,43.9952297685383,0.0,1.0,0.0,0.9804841750435145
2467,1767151341292,0.0,0.0,0.0,0.0,-44.28597357734027,0.0,0.0,hard,False,False,43.9952297685383,0.0,1.0,0.0,0.9804841750435145
2468,1767151341325,0.0,0.0,0.0,0.0,-44.28597357734027,0.0,0.0,hard,False,False,43.9952297685383,0.0,1.0,0.0,0.9804841750435145
2469,1767151341362,0.0,0.0,0.0,0.0,-44.28597357734027,0.0,0.0,hard,False,False,43.9952297685383,0.0,1.0,0.0,0.9804841750435145
2470,1767151341392,0.0,0.0,0.0,0.0,-44.28597357734027,0.0,0.0,hard,False,False,43.9952297685383,0.0,1.0,0.0,0.9804841750435145
2471,1767151341426,0.0,0.0,0.0,0.0,-44.28597357734027,0.0,0.0,hard,False,False,43.9952297685383,0.0,1.0,0.0,0.9804841750435145
2472,1767151341460,0.0,0.0,0.0,0.0,-44.28597357734027,0.0,0.0,hard,False,False,43.9952297685383,0.0,1.0,0.0,0.9804841750435145
2473,1767151341493,0.0,0.0,0.0,0.0,-44.28597357734027,0.0,0.0,hard,False,False,43.9952297685383,0.0,1.0,0.0,0.9804841750435145
2474,1767151341559,0.0,0.0,0.0,0.0,-44.28597357734027,0.0,0.0,hard,False,False,43.9952297685383,0.0,1.0,0.0,0.9804841750435145
2475,1767151341592,0.0,0.0,0.0,0.0,-44.28597357734027,0.0,0.0,hard,False,False,43.9952297685383,0.0,1.0,0.0,0.9804841750435145
2476,1767151341626,0.0,0.0,0.0,0.0,-44.28597357734027,0.0,0.0,hard,False,False,43.9952297685383,0.0,1.0,0.0,0.9804841750435145
2477,1767151341659,0.0,0.0,0.0,0.0,-44.28597357734027,0.0,0.0,hard,False,False,43.9952297685383,0.0,1.0,0.0,0.9804841750435145
2478,1767151341692,0.0,0.0,0.0,0.0,-44.28597357734027,0.0,0.0,hard,False,False,43.9952297685383,0.0,1.0,0.0,0.9804841750435145
2479,1767151341727,0.0,0.0,0.0,0.0,-44.28597357734027,0.0,0.0,hard,False,False,43.9952297685383,0.0,1.0,0.0,0.9804841750435145
2480,1767151341759,0.0,0.0,0.0,0.0,-44.28597357734027,0.0,0.0,hard,False,False,43.9952297685383,0.0,1.0,0.0,0.9804841750435145
2481,1767151341792,0.0,0.0,0.0,0.0,-44.28597357734027,0.0,0.0,hard,False,False,43.9952297685383,0.0,1.0,0.0,0.9804841750435145
2482,1767151341825,0.0,0.0,0.0,0.0,-44.28597357734027,0.0,0.0,hard,False,False,43.9952297685383,0.0,1.0,0.0,0.9804841750435145
2483,1767151341860,0.0,0.0,0.0,0.0,-44.28597357734027,0.0,0.0,hard,False,False,43.9952297685383,0.0,1.0,0.0,0.9804841750435145
2484,1767151341893,0.0,0.0,0.0,0.0,-44.28597357734027,0.0,0.0,hard,False,False,43.9952297685383,0.0,1.0,0.0,0.9804841750435145
2485,1767151341925,0.0,0.0,0.0,0.0,-44.28597357734027,0.0,0.0,hard,False,False,43.9952297685383,0.0,1.0,0.0,0.9804841750435145
2486,1767151341960,0.0,0.0,0.0,0.0,-44.28597357734027,0.0,0.0,hard,False,False,43.9952297685383,0.0,1.0,0.0,0.9804841750435145
2487,1767151341992,0.0,0.0,0.0,0.0,-44.28597357734027,0.0,0.0,hard,False,False,43.9952297685383,0.0,1.0,0.0,0.9804841750435145
2488,1767151342027,0.0,0.0,0.0,0.0,-44.28597357734027,0.0,0.0,hard,False,False,43.9952297685383,0.0,1.0,0.0,0.9804841750435145
2489,1767151342059,0.0,0.0,0.0,0.0,-44.28597357734027,0.0,0.0,hard,False,False,43.9952297685383,0.0,1.0,0.0,0.9804841750435145
2490,1767151342093,0.0,0.0,0.0,0.0,-44.28597357734027,0.0,0.0,hard,False,False,43.9952297685383,0.0,1.0,0.0,0.9804841750435145
2491,1767151342127,0.0,0.0,0.0,0.0,-44.28597357734027,0.0,0.0,hard,False,False,43.9952297685383,0.0,1.0,0.0,0.9804841750435145
2492,1767151342159,0.0,0.0,0.0,0.0,-44.28597357734027,0.0,0.0,hard,False,False,43.9952297685383,0.0,1.0,0.0,0.9804841750435145
2493,1767151342195,0.0,0.0,0.0,0.0,-44.28597357734027,0.0,0.0,hard,False,False,43.9952297685383,0.0,1.0,0.0,0.9804841750435145
2494,1767151342226,0.0,0.0,0.0,0.0,-44.28597357734027,0.0,0.0,hard,False,False,43.9952297685383,0.0,1.0,0.0,0.9804841750435145
2495,1767151342259,0.0,0.0,0.0,0.0,-44.28597357734027,0.0,0.0,hard,False,False,43.9952297685383,0.0,1.0,0.0,0.9804841750435145
2496,1767151342292,0.0,0.0,0.0,0.0,-44.28597357734027,0.0,0.0,hard,False,False,43.9952297685383,0.0,1.0,0.0,0.9804841750435145
2497,1767151342326,0.0,0.0,0.0,0.0,-44.28597357734027,0.0,0.0,hard,False,False,43.9952297685383,0.0,1.0,0.0,0.9804841750435145
2498,1767151342359,0.0,0.0,0.0,0.0,-44.28597357734027,0.0,0.0,hard,False,False,43.9952297685383,0.0,1.0,0.0,0.9804841750435145
2499,1767151342393,0.0,0.0,0.0,0.0,-44.28597357734027,0.0,0.0,hard,False,False,43.9952297685383,0.0,1.0,0.0,0.9804841750435145
2500,1767151342425,0.0,0.0,0.0,0.0,-44.28597357734027,0.0,0.0,hard,False,False,43.9952297685383,0.0,1.0,0.0,0.9804841750435145
2501,1767151342459,0.0,0.0,0.0,0.0,-44.28597357734027,0.0,0.0,hard,False,False,43.9952297685383,0.0,1.0,0.0,0.9804841750435145
2502,1767151342494,0.0,0.0,0.0,0.0,-44.28597357734027,0.0,0.0,hard,False,False,43.9952297685383,0.0,1.0,0.0,0.9804841750435145
2503,1767151342526,0.0,0.0,0.0,0.0,-44.28597357734027,0.0,0.0,hard,False,False,43.9952297685383,0.0,1.0,0.0,0.9804841750435145
2504,1767151342559,0.0,0.0,0.0,0.0,-44.28597357734027,0.0,0.0,hard,False,False,43.9952297685383,0.0,1.0,0.0,0.9804841750435145
2505,1767151342592,0.0,0.0,0.0,0.0,-44.28597357734027,0.0,0.0,hard,False,False,43.9952297685383,0.0,1.0,0.0,0.9804841750435145
2506,1767151342628,0.0,0.0,0.0,0.0,-44.28597357734027,0.0,0.0,hard,False,False,43.9952297685383,0.0,1.0,0.0,0.9804841750435145
2507,1767151342659,0.0,0.0,0.0,0.0,-44.28597357734027,0.0,0.0,hard,False,False,43.9952297685383,0.0,1.0,0.0,0.9804841750435145
2508,1767151342693,0.0,0.0,0.0,0.0,-44.28597357734027,0.0,0.0,hard,False,False,43.9952297685383,0.0,1.0,0.0,0.9804841750435145
2509,1767151342726,0.0,0.0,0.0,0.0,-44.28597357734027,0.0,0.0,hard,False,False,43.9952297685383,0.0,1.0,0.0,0.9804841750435145
2510,1767151342759,0.0,0.0,0.0,0.0,-44.28597357734027,0.0,0.0,hard,False,False,43.9952297685383,0.0,1.0,0.0,0.9804841750435145
2511,1767151342792,0.0,0.0,0.0,0.0,-44.28597357734027,0.0,0.0,hard,False,False,43.9952297685383,0.0,1.0,0.0,0.9804841750435145
2512,1767151342826,0.0,0.0,0.0,0.0,-44.28597357734027,0.0,0.0,hard,False,False,43.9952297685383,0.0,1.0,0.0,0.9804841750435145
2513,1767151342859,0.0,0.0,0.0,0.0,-44.28597357734027,0.0,0.0,hard,False,False,43.9952297685383,0.0,1.0,0.0,0.9804841750435145
2514,1767151342893,0.0,0.0,0.0,0.0,-44.28597357734027,0.0,0.0,hard,False,False,43.9952297685383,0.0,1.0,0.0,0.9804841750435145
2515,1767151342926,0.0,0.0,0.0,0.0,-44.28597357734027,0.0,0.0,hard,False,False,43.9952297685383,0.0,1.0,0.0,0.9804841750435145
2516,1767151342959,0.0,0.0,0.0,0.0,-44.28597357734027,0.0,0.0,hard,False,False,43.9952297685383,0.0,1.0,0.0,0.9804841750435145
2517,1767151342993,0.0,0.0,0.0,0.0,-44.28597357734027,0.0,0.0,hard,False,False,43.9952297685383,0.0,1.0,0.0,0.9804841750435145
2518,1767151343026,0.0,0.0,0.0,0.0,-44.28597357734027,0.0,0.0,hard,False,False,43.9952297685383,0.0,1.0,0.0,0.9804841750435145
2519,1767151343060,0.0,0.0,0.0,0.0,-44.28597357734027,0.0,0.0,hard,False,False,43.9952297685383,0.0,1.0,0.0,0.9804841750435145
2520,1767151343092,0.0,0.0,0.0,0.0,-44.28597357734027,0.0,0.0,hard,False,False,43.9952297685383,0.0,1.0,0.0,0.9804841750435145
2521,1767151343126,0.0,0.0,0.0,0.0,-44.28597357734027,0.0,0.0,hard,False,False,43.9952297685383,0.0,1.0,0.0,0.9804841750435145
2522,1767151343159,0.0,0.0,0.0,0.0,-44.28597357734027,0.0,0.0,hard,False,False,43.9952297685383,0.0,1.0,0.0,0.9804841750435145
2523,1767151343192,0.0,0.0,0.0,0.0,-44.28597357734027,0.0,0.0,hard,False,False,43.9952297685383,0.0,1.0,0.0,0.9804841750435145
2524,1767151343226,0.0,0.0,0.0,0.0,-44.28597357734027,0.0,0.0,hard,False,False,43.9952297685383,0.0,1.0,0.0,0.9804841750435145
2525,1767151343264,0.0,0.0,0.0,0.0,-44.28597357734027,0.0,0.0,hard,False,False,43.9952297685383,0.0,1.0,0.0,0.9804841750435145
2526,1767151343295,0.0,0.0,0.0,0.0,-44.28597357734027,0.0,0.0,hard,False,False,43.9952297685383,0.0,1.0,0.0,0.9804841750435145
2527,1767151343326,0.0,0.0,0.0,0.0,-44.28597357734027,0.0,0.0,hard,False,False,43.9952297685383,0.0,1.0,0.0,0.9804841750435145
2528,1767151343359,0.0,0.0,0.0,0.0,-44.28597357734027,0.0,0.0,hard,False,False,43.9952297685383,0.0,1.0,0.0,0.9804841750435145
2529,1767151343398,0.0,0.0,0.0,0.0,-44.28597357734027,0.0,0.0,hard,False,False,43.9952297685383,0.0,1.0,0.0,0.9804841750435145
2530,1767151343427,0.0,0.0,0.0,0.0,-44.28597357734027,0.0,0.0,hard,False,False,43.9952297685383,0.0,1.0,0.0,0.9804841750435145
2531,1767151343460,0.0,0.0,0.0,0.0,-44.28597357734027,0.0,0.0,hard,False,False,43.9952297685383,0.0,1.0,0.0,0.9804841750435145
2532,1767151343493,0.0,0.0,0.0,0.0,-44.28597357734027,0.0,0.0,hard,False,False,43.9952297685383,0.0,1.0,0.0,0.9804841750435145
2533,1767151343526,0.0,0.0,0.0,0.0,-44.28597357734027,0.0,0.0,hard,False,False,43.9952297685383,0.0,1.0,0.0,0.9804841750435145
2534,1767151343559,0.0,0.0,0.0,0.0,-44.28597357734027,0.0,0.0,hard,False,False,43.9952297685383,0.0,1.0,0.0,0.9804841750435145
2535,1767151343592,0.0,0.0,0.0,0.0,-44.28597357734027,0.0,0.0,hard,False,False,43.9952297685383,0.0,1.0,0.0,0.9804841750435145
2536,1767151343626,0.0,0.0,0.0,0.0,-44.28597357734027,0.0,0.0,hard,False,False,43.9952297685383,0.0,1.0,0.0,0.9804841750435145
2537,1767151343659,0.0,0.0,0.0,0.0,-44.28597357734027,0.0,0.0,hard,False,False,43.9952297685383,0.0,1.0,0.0,0.9804841750435145
2538,1767151343693,0.0,0.0,0.0,0.0,-44.28597357734027,0.0,0.0,hard,False,False,43.9952297685383,0.0,1.0,0.0,0.9804841750435145
2539,1767151343727,0.0,0.0,0.0,0.0,-44.28597357734027,0.0,0.0,hard,False,False,43.9952297685383,0.0,1.0,0.0,0.9804841750435145
2540,1767151343759,0.0,0.0,0.0,0.0,-44.28597357734027,0.0,0.0,hard,False,False,43.9952297685383,0.0,1.0,0.0,0.9804841750435145
2541,1767151343792,0.0,0.0,0.0,0.0,-44.28597357734027,0.0,0.0,hard,False,False,43.9952297685383,0.0,1.0,0.0,0.9804841750435145
2542,1767151343826,0.0,0.0,0.0,0.0,-44.28597357734027,0.0,0.0,hard,False,False,43.9952297685383,0.0,1.0,0.0,0.9804841750435145
2543,1767151343859,0.0,0.0,0.0,0.0,-44.28597357734027,0.0,0.0,hard,False,False,43.9952297685383,0.0,1.0,0.0,0.9804841750435145
2544,1767151343894,0.0,0.0,0.0,0.0,-44.28597357734027,0.0,0.0,hard,False,False,43.9952297685383,0.0,1.0,0.0,0.9804841750435145
2545,1767151343926,0.0,0.0,0.0,0.0,-44.28597357734027,0.0,0.0,hard,False,False,43.9952297685383,0.0,1.0,0.0,0.9804841750435145
2546,1767151343959,0.0,0.0,0.0,0.0,-44.28597357734027,0.0,0.0,hard,False,False,43.9952297685383,0.0,1.0,0.0,0.9804841750435145
2547,1767151343992,0.0,0.0,0.0,0.0,-44.28597357734027,0.0,0.0,hard,False,False,43.9952297685383,0.0,1.0,0.0,0.9804841750435145
2548,1767151344031,0.0,0.0,0.0,0.0,-44.28597357734027,0.0,0.0,hard,False,False,43.9952297685383,0.0,1.0,0.0,0.9804841750435145
2549,1767151344059,0.0,0.0,0.0,0.0,-44.28597357734027,0.0,0.0,hard,False,False,43.9952297685383,0.0,1.0,0.0,0.9804841750435145
2550,1767151344092,0.0,0.0,0.0,0.0,-44.28597357734027,0.0,0.0,hard,False,False,43.9952297685383,0.0,1.0,0.0,0.9804841750435145
2551,1767151344126,0.0,0.0,0.0,0.0,-44.28597357734027,0.0,0.0,hard,False,False,43.9952297685383,0.0,1.0,0.0,0.9804841750435145
2552,1767151344159,0.0,0.0,0.0,0.0,-44.28597357734027,0.0,0.0,hard,False,False,43.9952297685383,0.0,1.0,0.0,0.9804841750435145
2553,1767151344192,0.0,0.0,0.0,0.0,-44.28597357734027,0.0,0.0,hard,False,False,43.9952297685383,0.0,1.0,0.0,0.9804841750435145
2554,1767151344226,0.0,0.0,0.0,0.0,-44.28597357734027,0.0,0.0,hard,False,False,43.9952297685383,0.0,1.0,0.0,0.9804841750435145
2555,1767151344259,0.0,0.0,0.0,0.0,-44.28597357734027,0.0,0.0,hard,False,False,43.9952297685383,0.0,1.0,0.0,0.9804841750435145
2556,1767151344293,0.0,0.0,0.0,0.0,-44.28597357734027,0.0,0.0,hard,False,False,43.9952297685383,0.0,1.0,0.0,0.9804841750435145
2557,1767151344326,0.0,0.0,0.0,0.0,-44.28597357734027,0.0,0.0,hard,False,False,43.9952297685383,0.0,1.0,0.0,0.9804841750435145
2558,1767151344359,0.0,0.0,0.0,0.0,-44.28597357734027,0.0,0.0,hard,False,False,43.9952297685383,0.0,1.0,0.0,0.9804841750435145
2559,1767151344393,0.0,0.0,0.0,0.0,-44.28597357734027,0.0,0.0,hard,False,False,43.9952297685383,0.0,1.0,0.0,0.9804841750435145
2560,1767151344426,0.0,0.0,0.0,0.0,-44.28597357734027,0.0,0.0,hard,False,False,43.9952297685383,0.0,1.0,0.0,0.9804841750435145
2561,1767151344459,0.0,0.0,0.0,0.0,-44.28597357734027,0.0,0.0,hard,False,False,43.9952297685383,0.0,1.0,0.0,0.9804841750435145
2562,1767151344492,0.0,0.0,0.0,0.0,-44.28597357734027,0.0,0.0,hard,False,False,43.9952297685383,0.0,1.0,0.0,0.9804841750435145
2563,1767151344526,0.0,0.0,0.0,0.0,-44.28597357734027,0.0,0.0,hard,False,False,43.9952297685383,0.0,1.0,0.0,0.9804841750435145
2564,1767151344559,0.0,0.0,0.0,0.0,-44.28597357734027,0.0,0.0,hard,False,False,43.9952297685383,0.0,1.0,0.0,0.9804841750435145
2565,1767151344592,0.0,0.0,0.0,0.0,-44.28597357734027,0.0,0.0,hard,False,False,43.9952297685383,0.0,1.0,0.0,0.9804841750435145
2566,1767151344626,0.0,0.0,0.0,0.0,-44.28597357734027,0.0,0.0,hard,False,False,43.9952297685383,0.0,1.0,0.0,0.9804841750435145
2567,1767151344659,0.0,0.0,0.0,0.0,-44.28597357734027,0.0,0.0,hard,False,False,43.9952297685383,0.0,1.0,0.0,0.9804841750435145
2568,1767151344693,0.0,0.0,0.0,0.0,-44.28597357734027,0.0,0.0,hard,False,False,43.9952297685383,0.0,1.0,0.0,0.9804841750435145
2569,1767151344726,0.0,0.0,0.0,0.0,-44.28597357734027,0.0,0.0,hard,False,False,43.9952297685383,0.0,1.0,0.0,0.9804841750435145
2570,1767151344759,0.0,0.0,0.0,0.0,-44.28597357734027,0.0,0.0,hard,False,False,43.9952297685383,0.0,1.0,0.0,0.9804841750435145
2571,1767151344793,0.0,0.0,0.0,0.0,-44.28597357734027,0.0,0.0,hard,False,False,43.9952297685383,0.0,1.0,0.0,0.9804841750435145
2572,1767151344826,0.0,0.0,0.0,0.0,-44.28597357734027,0.0,0.0,hard,False,False,43.9952297685383,0.0,1.0,0.0,0.9804841750435145
2573,1767151344859,0.0,0.0,0.0,0.0,-44.28597357734027,0.0,0.0,hard,False,False,43.9952297685383,0.0,1.0,0.0,0.9804841750435145
2574,1767151344893,0.0,0.0,0.0,0.0,-44.28597357734027,0.0,0.0,hard,False,False,43.9952297685383,0.0,1.0,0.0,0.9804841750435145
2575,1767151344929,0.0,0.0,0.0,0.0,-44.28597357734027,0.0,0.0,hard,False,False,43.9952297685383,0.0,1.0,0.0,0.9804841750435145
2576,1767151344959,0.0,0.0,0.0,0.0,-44.28597357734027,0.0,0.0,hard,False,False,43.9952297685383,0.0,1.0,0.0,0.9804841750435145
2577,1767151344993,0.0,0.0,0.0,0.0,-44.28597357734027,0.0,0.0,hard,False,False,43.9952297685383,0.0,1.0,0.0,0.9804841750435145
2578,1767151345026,0.0,0.0,0.0,0.0,-44.28597357734027,0.0,0.0,hard,False,False,43.9952297685383,0.0,1.0,0.0,0.9804841750435145
2579,1767151345059,0.0,0.0,0.0,0.0,-44.28597357734027,0.0,0.0,hard,False,False,43.9952297685383,0.0,1.0,0.0,0.9804841750435145
2580,1767151345092,0.0,0.0,0.0,0.0,-44.28597357734027,0.0,0.0,hard,False,False,43.9952297685383,0.0,1.0,0.0,0.9804841750435145
2581,1767151345126,0.0,0.0,0.0,0.0,-44.28597357734027,0.0,0.0,hard,False,False,43.9952297685383,0.0,1.0,0.0,0.9804841750435145
2582,1767151345159,0.0,0.0,0.0,0.0,-44.28597357734027,0.0,0.0,hard,False,False,43.9952297685383,0.0,1.0,0.0,0.9804841750435145
2583,1767151345192,0.0,0.0,0.0,0.0,-44.28597357734027,0.0,0.0,hard,False,False,43.9952297685383,0.0,1.0,0.0,0.9804841750435145
2584,1767151345226,0.0,0.0,0.0,0.0,-44.28597357734027,0.0,0.0,hard,False,False,43.9952297685383,0.0,1.0,0.0,0.9804841750435145
2585,1767151345265,0.0,0.0,0.0,0.0,-44.28597357734027,0.0,0.0,hard,False,False,43.9952297685383,0.0,1.0,0.0,0.9804841750435145
2586,1767151345293,0.0,0.0,0.0,0.0,-44.28597357734027,0.0,0.0,hard,False,False,43.9952297685383,0.0,1.0,0.0,0.9804841750435145
2587,1767151345326,0.0,0.0,0.0,0.0,-44.28597357734027,0.0,0.0,hard,False,False,43.9952297685383,0.0,1.0,0.0,0.9804841750435145
2588,1767151345359,0.0,0.0,0.0,0.0,-44.28597357734027,0.0,0.0,hard,False,False,43.9952297685383,0.0,1.0,0.0,0.9804841750435145
2589,1767151345393,0.0,0.0,0.0,0.0,-44.28597357734027,0.0,0.0,hard,False,False,43.9952297685383,0.0,1.0,0.0,0.9804841750435145
2590,1767151345426,0.0,0.0,0.0,0.0,-44.28597357734027,0.0,0.0,hard,False,False,43.9952297685383,0.0,1.0,0.0,0.9804841750435145
2591,1767151345459,0.0,0.0,0.0,0.0,-44.28597357734027,0.0,0.0,hard,False,False,43.9952297685383,0.0,1.0,0.0,0.9804841750435145
2592,1767151345493,0.0,0.0,0.0,0.0,-44.28597357734027,0.0,0.0,hard,False,False,43.9952297685383,0.0,1.0,0.0,0.9804841750435145
2593,1767151345526,0.0,0.0,0.0,0.0,-44.28597357734027,0.0,0.0,hard,False,False,43.9952297685383,0.0,1.0,0.0,0.9804841750435145
2594,1767151345559,0.0,0.0,0.0,0.0,-44.28597357734027,0.0,0.0,hard,False,False,43.9952297685383,0.0,1.0,0.0,0.9804841750435145
2595,1767151345593,0.0,0.0,0.0,0.0,-44.28597357734027,0.0,0.0,hard,False,False,43.9952297685383,0.0,1.0,0.0,0.9804841750435145
2596,1767151345626,0.0,0.0,0.0,0.0,-44.28597357734027,0.0,0.0,hard,False,False,43.9952297685383,0.0,1.0,0.0,0.9804841750435145
2597,1767151345660,0.0,0.0,0.0,0.0,-44.28597357734027,0.0,0.0,hard,False,False,43.9952297685383,0.0,1.0,0.0,0.9804841750435145
2598,1767151345726,0.0,0.0,0.0,0.0,-44.28597357734027,0.0,0.0,hard,False,False,43.9952297685383,0.0,1.0,0.0,0.9804841750435145
2599,1767151345760,0.0,0.0,0.0,0.0,-44.28597357734027,0.0,0.0,hard,False,False,43.9952297685383,0.0,1.0,0.0,0.9804841750435145
2600,1767151345793,0.0,0.0,0.0,0.0,-44.28597357734027,0.0,0.0,hard,False,False,43.9952297685383,0.0,1.0,0.0,0.9804841750435145
2601,1767151345826,0.0,0.0,0.0,0.0,-44.28597357734027,0.0,0.0,hard,False,False,43.9952297685383,0.0,1.0,0.0,0.9804841750435145
2602,1767151345860,0.0,0.0,0.0,0.0,-44.28597357734027,0.0,0.0,hard,False,False,43.9952297685383,0.0,1.0,0.0,0.9804841750435145
2603,1767151345893,0.0,0.0,0.0,0.0,-44.28597357734027,0.0,0.0,hard,False,False,43.9952297685383,0.0,1.0,0.0,0.9804841750435145
2604,1767151345926,0.0,0.0,0.0,0.0,-44.28597357734027,0.0,0.0,hard,False,False,43.9952297685383,0.0,1.0,0.0,0.9804841750435145
2605,1767151345959,0.0,0.0,0.0,0.0,-44.28597357734027,0.0,0.0,hard,False,False,43.9952297685383,0.0,1.0,0.0,0.9804841750435145
2606,1767151345993,0.0,0.0,0.0,0.0,-44.28597357734027,0.0,0.0,hard,False,False,43.9952297685383,0.0,1.0,0.0,0.9804841750435145
2607,1767151346026,0.0,0.0,0.0,0.0,-44.28597357734027,0.0,0.0,hard,False,False,43.9952297685383,0.0,1.0,0.0,0.9804841750435145
2608,1767151346060,0.0,0.0,0.0,0.0,-44.28597357734027,0.0,0.0,hard,False,False,43.9952297685383,0.0,1.0,0.0,0.9804841750435145
2609,1767151346093,0.0,0.0,0.0,0.0,-44.28597357734027,0.0,0.0,hard,False,False,43.9952297685383,0.0,1.0,0.0,0.9804841750435145
2610,1767151346128,0.0,0.0,0.0,0.0,-44.28597357734027,0.0,0.0,hard,False,False,43.9952297685383,0.0,1.0,0.0,0.9804841750435145
2611,1767151346160,0.0,0.0,0.0,0.0,-44.28597357734027,0.0,0.0,hard,False,False,43.9952297685383,0.0,1.0,0.0,0.9804841750435145
2612,1767151346341,0.0,0.0,0.0,0.0,-44.28597357734027,0.0,0.0,hard,False,False,43.9952297685383,0.0,1.0,0.0,0.9804841750435145
2613,1767151346362,0.0,0.0,0.0,0.0,-44.28597357734027,0.0,0.0,hard,False,False,43.9952297685383,0.0,1.0,0.0,0.9804841750435145
2614,1767151346383,0.0,0.0,0.0,0.0,-44.28597357734027,0.0,0.0,hard,False,False,43.9952297685383,0.0,1.0,0.0,0.9804841750435145
2615,1767151346403,0.0,0.0,0.0,0.0,-44.28597357734027,0.0,0.0,hard,False,False,43.9952297685383,0.0,1.0,0.0,0.9804841750435145
2616,1767151346421,0.0,0.0,0.0,0.0,-44.28597357734027,0.0,0.0,hard,False,False,43.9952297685383,0.0,1.0,0.0,0.9804841750435145
2617,1767151346450,0.0,0.0,0.0,0.0,-44.28597357734027,0.0,0.0,hard,False,False,43.9952297685383,0.0,1.0,0.0,0.9804841750435145
2618,1767151346473,0.0,0.0,0.0,0.0,-44.28597357734027,0.0,0.0,hard,False,False,43.9952297685383,0.0,1.0,0.0,0.9804841750435145
2619,1767151346493,0.0,0.0,0.0,0.0,-44.28597357734027,0.0,0.0,hard,False,False,43.9952297685383,0.0,1.0,0.0,0.9804841750435145
2620,1767151346526,0.0,0.0,0.0,0.0,-44.28597357734027,0.0,0.0,hard,False,False,43.9952297685383,0.0,1.0,0.0,0.9804841750435145
2621,1767151346560,0.0,0.0,0.0,0.0,-44.28597357734027,0.0,0.0,hard,False,False,43.9952297685383,0.0,1.0,0.0,0.9804841750435145
2622,1767151346593,0.0,0.0,0.0,0.0,-44.28597357734027,0.0,0.0,hard,False,False,43.9952297685383,0.0,1.0,0.0,0.9804841750435145
2623,1767151346628,0.0,0.0,0.0,0.0,-44.28597357734027,0.0,0.0,hard,False,False,43.9952297685383,0.0,1.0,0.0,0.9804841750435145
2624,1767151346660,0.0,0.0,0.0,0.0,-44.28597357734027,0.0,0.0,hard,False,False,43.9952297685383,0.0,1.0,0.0,0.9804841750435145
2625,1767151346694,0.0,0.0,0.0,0.0,-44.28597357734027,0.0,0.0,hard,False,False,43.9952297685383,0.0,1.0,0.0,0.9804841750435145
2626,1767151346797,0.0,0.0,0.0,0.0,-44.28597357734027,0.0,0.0,hard,False,False,43.9952297685383,0.0,1.0,0.0,0.9804841750435145
2627,1767151346816,0.0,0.0,0.0,0.0,-44.28597357734027,0.0,0.0,hard,False,False,43.9952297685383,0.0,1.0,0.0,0.9804841750435145
2628,1767151346836,0.0,0.0,0.0,0.0,-44.28597357734027,0.0,0.0,hard,False,False,43.9952297685383,0.0,1.0,0.0,0.9804841750435145
2629,1767151346859,0.0,0.0,0.0,0.0,-44.28597357734027,0.0,0.0,hard,False,False,43.9952297685383,0.0,1.0,0.0,0.9804841750435145
2630,1767151346879,0.0,0.0,0.0,0.0,-44.28597357734027,0.0,0.0,hard,False,False,43.9952297685383,0.0,1.0,0.0,0.9804841750435145
2631,1767151346912,0.0,0.0,0.0,0.0,-44.28597357734027,0.0,0.0,hard,False,False,43.9952297685383,0.0,1.0,0.0,0.9804841750435145
2632,1767151346935,0.0,0.0,0.0,0.0,-44.28597357734027,0.0,0.0,hard,False,False,43.9952297685383,0.0,1.0,0.0,0.9804841750435145
2633,1767151346960,0.0,0.0,0.0,0.0,-44.28597357734027,0.0,0.0,hard,False,False,43.9952297685383,0.0,1.0,0.0,0.9804841750435145
2634,1767151346993,0.0,0.0,0.0,0.0,-44.28597357734027,0.0,0.0,hard,False,False,43.9952297685383,0.0,1.0,0.0,0.9804841750435145
2635,1767151347026,0.0,0.0,0.0,0.0,-44.28597357734027,0.0,0.0,hard,False,False,43.9952297685383,0.0,1.0,0.0,0.9804841750435145
2636,1767151347060,0.0,0.0,0.0,0.0,-44.28597357734027,0.0,0.0,hard,False,False,43.9952297685383,0.0,1.0,0.0,0.9804841750435145
2637,1767151347093,0.0,0.0,0.0,0.0,-44.28597357734027,0.0,0.0,hard,False,False,43.9952297685383,0.0,1.0,0.0,0.9804841750435145
2638,1767151347127,0.0,0.0,0.0,0.0,-44.28597357734027,0.0,0.0,hard,False,False,43.9952297685383,0.0,1.0,0.0,0.9804841750435145
2639,1767151347160,0.0,0.0,0.0,0.0,-44.28597357734027,0.0,0.0,hard,False,False,43.9952297685383,0.0,1.0,0.0,0.9804841750435145
2640,1767151347193,0.0,0.0,0.0,0.0,-44.28597357734027,0.0,0.0,hard,False,False,43.9952297685383,0.0,1.0,0.0,0.9804841750435145
2641,1767151347226,0.0,0.0,0.0,0.0,-44.28597357734027,0.0,0.0,hard,False,False,43.9952297685383,0.0,1.0,0.0,0.9804841750435145
2642,1767151347260,0.0,0.0,0.0,0.0,-44.28597357734027,0.0,0.0,hard,False,False,43.9952297685383,0.0,1.0,0.0,0.9804841750435145
2643,1767151347293,0.0,0.0,0.0,0.0,-44.28597357734027,0.0,0.0,hard,False,False,43.9952297685383,0.0,1.0,0.0,0.9804841750435145
2644,1767151347327,0.0,0.0,0.0,0.0,-44.28597357734027,0.0,0.0,hard,False,False,43.9952297685383,0.0,1.0,0.0,0.9804841750435145
2645,1767151347360,0.0,0.0,0.0,0.0,-44.28597357734027,0.0,0.0,hard,False,False,43.9952297685383,0.0,1.0,0.0,0.9804841750435145
2646,1767151347393,0.0,0.0,0.0,0.0,-44.28597357734027,0.0,0.0,hard,False,False,43.9952297685383,0.0,1.0,0.0,0.9804841750435145
2647,1767151347429,0.0,0.0,0.0,0.0,-44.28597357734027,0.0,0.0,hard,False,False,43.9952297685383,0.0,1.0,0.0,0.9804841750435145
2648,1767151347460,0.0,0.0,0.0,0.0,-44.28597357734027,0.0,0.0,hard,False,False,43.9952297685383,0.0,1.0,0.0,0.9804841750435145
2649,1767151347493,0.0,0.0,0.0,0.0,-44.28597357734027,0.0,0.0,hard,False,False,43.9952297685383,0.0,1.0,0.0,0.9804841750435145
2650,1767151347528,0.0,0.0,0.0,0.0,-44.28597357734027,0.0,0.0,hard,False,False,43.9952297685383,0.0,1.0,0.0,0.9804841750435145
2651,1767151347560,0.0,0.0,0.0,0.0,-44.28597357734027,0.0,0.0,hard,False,False,43.9952297685383,0.0,1.0,0.0,0.9804841750435145
2652,1767151347593,0.0,0.0,0.0,0.0,-44.28597357734027,0.0,0.0,hard,False,False,43.9952297685383,0.0,1.0,0.0,0.9804841750435145
2653,1767151347626,0.0,0.0,0.0,0.0,-44.28597357734027,0.0,0.0,hard,False,False,43.9952297685383,0.0,1.0,0.0,0.9804841750435145
2654,1767151347660,0.0,0.0,0.0,0.0,-44.28597357734027,0.0,0.0,hard,False,False,43.9952297685383,0.0,1.0,0.0,0.9804841750435145
2655,1767151347693,0.0,0.0,0.0,0.0,-44.28597357734027,0.0,0.0,hard,False,False,43.9952297685383,0.0,1.0,0.0,0.9804841750435145
2656,1767151347727,0.0,0.0,0.0,0.0,-44.28597357734027,0.0,0.0,hard,False,False,43.9952297685383,0.0,1.0,0.0,0.9804841750435145
2657,1767151347760,0.0,0.0,0.0,0.0,-44.28597357734027,0.0,0.0,hard,False,False,43.9952297685383,0.0,1.0,0.0,0.9804841750435145
2658,1767151347793,0.0,0.0,0.0,0.0,-44.28597357734027,0.0,0.0,hard,False,False,43.9952297685383,0.0,1.0,0.0,0.9804841750435145
2659,1767151347829,0.0,0.0,0.0,0.0,-44.28597357734027,0.0,0.0,hard,False,False,43.9952297685383,0.0,1.0,0.0,0.9804841750435145
2660,1767151347860,0.0,0.0,0.0,0.0,-44.28597357734027,0.0,0.0,hard,False,False,43.9952297685383,0.0,1.0,0.0,0.9804841750435145
2661,1767151347893,0.0,0.0,0.0,0.0,-44.28597357734027,0.0,0.0,hard,False,False,43.9952297685383,0.0,1.0,0.0,0.9804841750435145
2662,1767151347927,0.0,0.0,0.0,0.0,-44.28597357734027,0.0,0.0,hard,False,False,43.9952297685383,0.0,1.0,0.0,0.9804841750435145
2663,1767151347960,0.0,0.0,0.0,0.0,-44.28597357734027,0.0,0.0,hard,False,False,43.9952297685383,0.0,1.0,0.0,0.9804841750435145
2664,1767151347993,0.0,0.0,0.0,0.0,-44.28597357734027,0.0,0.0,hard,False,False,43.9952297685383,0.0,1.0,0.0,0.9804841750435145
2665,1767151348027,0.0,0.0,0.0,0.0,-44.28597357734027,0.0,0.0,hard,False,False,43.9952297685383,0.0,1.0,0.0,0.9804841750435145
2666,1767151348060,0.0,0.0,0.0,0.0,-44.28597357734027,0.0,0.0,hard,False,False,43.9952297685383,0.0,1.0,0.0,0.9804841750435145
2667,1767151348094,0.0,0.0,0.0,0.0,-44.28597357734027,0.0,0.0,hard,False,False,43.9952297685383,0.0,1.0,0.0,0.9804841750435145
2668,1767151348127,0.0,0.0,0.0,0.0,-44.28597357734027,0.0,0.0,hard,False,False,43.9952297685383,0.0,1.0,0.0,0.9804841750435145
2669,1767151348162,0.0,0.0,0.0,0.0,-44.28597357734027,0.0,0.0,hard,False,False,43.9952297685383,0.0,1.0,0.0,0.9804841750435145
2670,1767151348193,0.0,0.0,0.0,0.0,-44.28597357734027,0.0,0.0,hard,False,False,43.9952297685383,0.0,1.0,0.0,0.9804841750435145
2671,1767151348228,0.0,0.0,0.0,0.0,-44.28597357734027,0.0,0.0,hard,False,False,43.9952297685383,0.0,1.0,0.0,0.9804841750435145
2672,1767151348260,0.0,0.0,0.0,0.0,-44.28597357734027,0.0,0.0,hard,False,False,43.9952297685383,0.0,1.0,0.0,0.9804841750435145
2673,1767151348295,0.0,0.0,0.0,0.0,-44.28597357734027,0.0,0.0,hard,False,False,43.9952297685383,0.0,1.0,0.0,0.9804841750435145
2674,1767151348327,0.0,0.0,0.0,0.0,-44.28597357734027,0.0,0.0,hard,False,False,43.9952297685383,0.0,1.0,0.0,0.9804841750435145
2675,1767151348360,0.0,0.0,0.0,0.0,-44.28597357734027,0.0,0.0,hard,False,False,43.9952297685383,0.0,1.0,0.0,0.9804841750435145
2676,1767151348393,0.0,0.0,0.0,0.0,-44.28597357734027,0.0,0.0,hard,False,False,43.9952297685383,0.0,1.0,0.0,0.9804841750435145
2677,1767151348427,0.0,0.0,0.0,0.0,-44.28597357734027,0.0,0.0,hard,False,False,43.9952297685383,0.0,1.0,0.0,0.9804841750435145
2678,1767151348460,0.0,0.0,0.0,0.0,-44.28597357734027,0.0,0.0,hard,False,False,43.9952297685383,0.0,1.0,0.0,0.9804841750435145
2679,1767151348493,0.0,0.0,0.0,0.0,-44.28597357734027,0.0,0.0,hard,False,False,43.9952297685383,0.0,1.0,0.0,0.9804841750435145
2680,1767151348527,0.0,0.0,0.0,0.0,-44.28597357734027,0.0,0.0,hard,False,False,43.9952297685383,0.0,1.0,0.0,0.9804841750435145
2681,1767151348560,0.0,0.0,0.0,0.0,-44.28597357734027,0.0,0.0,hard,False,False,43.9952297685383,0.0,1.0,0.0,0.9804841750435145
2682,1767151348593,0.0,0.0,0.0,0.0,-44.28597357734027,0.0,0.0,hard,False,False,43.9952297685383,0.0,1.0,0.0,0.9804841750435145
2683,1767151348627,0.0,0.0,0.0,0.0,-44.28597357734027,0.0,0.0,hard,False,False,43.9952297685383,0.0,1.0,0.0,0.9804841750435145
2684,1767151348660,0.0,0.0,0.0,0.0,-44.28597357734027,0.0,0.0,hard,False,False,43.9952297685383,0.0,1.0,0.0,0.9804841750435145
2685,1767151348694,0.0,0.0,0.0,0.0,-44.28597357734027,0.0,0.0,hard,False,False,43.9952297685383,0.0,1.0,0.0,0.9804841750435145
2686,1767151348730,0.0,0.0,0.0,0.0,-44.28597357734027,0.0,0.0,hard,False,False,43.9952297685383,0.0,1.0,0.0,0.9804841750435145
2687,1767151348760,0.0,0.0,0.0,0.0,-44.28597357734027,0.0,0.0,hard,False,False,43.9952297685383,0.0,1.0,0.0,0.9804841750435145
2688,1767151348793,0.0,0.0,0.0,0.0,-44.28597357734027,0.0,0.0,hard,False,False,43.9952297685383,0.0,1.0,0.0,0.9804841750435145
2689,1767151348827,0.0,0.0,0.0,0.0,-44.28597357734027,0.0,0.0,hard,False,False,43.9952297685383,0.0,1.0,0.0,0.9804841750435145
2690,1767151348860,0.0,0.0,0.0,0.0,-44.28597357734027,0.0,0.0,hard,False,False,43.9952297685383,0.0,1.0,0.0,0.9804841750435145
2691,1767151348894,0.0,0.0,0.0,0.0,-44.28597357734027,0.0,0.0,hard,False,False,43.9952297685383,0.0,1.0,0.0,0.9804841750435145
2692,1767151348931,0.0,0.0,0.0,0.0,-44.28597357734027,0.0,0.0,hard,False,False,43.9952297685383,0.0,1.0,0.0,0.9804841750435145
2693,1767151348960,0.0,0.0,0.0,0.0,-44.28597357734027,0.0,0.0,hard,False,False,43.9952297685383,0.0,1.0,0.0,0.9804841750435145
2694,1767151348994,0.0,0.0,0.0,0.0,-44.28597357734027,0.0,0.0,hard,False,False,43.9952297685383,0.0,1.0,0.0,0.9804841750435145
2695,1767151349027,0.0,0.0,0.0,0.0,-44.28597357734027,0.0,0.0,hard,False,False,43.9952297685383,0.0,1.0,0.0,0.9804841750435145
2696,1767151349060,0.0,0.0,0.0,0.0,-44.28597357734027,0.0,0.0,hard,False,False,43.9952297685383,0.0,1.0,0.0,0.9804841750435145
2697,1767151349094,0.0,0.0,0.0,0.0,-44.28597357734027,0.0,0.0,hard,False,False,43.9952297685383,0.0,1.0,0.0,0.9804841750435145
2698,1767151349128,0.0,0.0,0.0,0.0,-44.28597357734027,0.0,0.0,hard,False,False,43.9952297685383,0.0,1.0,0.0,0.9804841750435145
2699,1767151349160,0.0,0.0,0.0,0.0,-44.28597357734027,0.0,0.0,hard,False,False,43.9952297685383,0.0,1.0,0.0,0.9804841750435145
2700,1767151349193,0.0,0.0,0.0,0.0,-44.28597357734027,0.0,0.0,hard,False,False,43.9952297685383,0.0,1.0,0.0,0.9804841750435145
2701,1767151349227,0.0,0.0,0.0,0.0,-44.28597357734027,0.0,0.0,hard,False,False,43.9952297685383,0.0,1.0,0.0,0.9804841750435145
2702,1767151349260,0.0,0.0,0.0,0.0,-44.28597357734027,0.0,0.0,hard,False,False,43.9952297685383,0.0,1.0,0.0,0.9804841750435145
2703,1767151349296,0.0,0.0,0.0,0.0,-44.28597357734027,0.0,0.0,hard,False,False,43.9952297685383,0.0,1.0,0.0,0.9804841750435145
2704,1767151349327,0.0,0.0,0.0,0.0,-44.28597357734027,0.0,0.0,hard,False,False,43.9952297685383,0.0,1.0,0.0,0.9804841750435145
2705,1767151349360,0.0,0.0,0.0,0.0,-44.28597357734027,0.0,0.0,hard,False,False,43.9952297685383,0.0,1.0,0.0,0.9804841750435145
2706,1767151349396,0.0,0.0,0.0,0.0,-44.28597357734027,0.0,0.0,hard,False,False,43.9952297685383,0.0,1.0,0.0,0.9804841750435145
2707,1767151349427,0.0,0.0,0.0,0.0,-44.28597357734027,0.0,0.0,hard,False,False,43.9952297685383,0.0,1.0,0.0,0.9804841750435145
2708,1767151349460,0.0,0.0,0.0,0.0,-44.28597357734027,0.0,0.0,hard,False,False,43.9952297685383,0.0,1.0,0.0,0.9804841750435145
2709,1767151349494,0.0,0.0,0.0,0.0,-44.28597357734027,0.0,0.0,hard,False,False,43.9952297685383,0.0,1.0,0.0,0.9804841750435145
2710,1767151349527,0.0,0.0,0.0,0.0,-44.28597357734027,0.0,0.0,hard,False,False,43.9952297685383,0.0,1.0,0.0,0.9804841750435145
2711,1767151349560,0.0,0.0,0.0,0.0,-44.28597357734027,0.0,0.0,hard,False,False,43.9952297685383,0.0,1.0,0.0,0.9804841750435145
2712,1767151349594,0.0,0.0,0.0,0.0,-44.28597357734027,0.0,0.0,hard,False,False,43.9952297685383,0.0,1.0,0.0,0.9804841750435145
2713,1767151349627,0.0,0.0,0.0,0.0,-44.28597357734027,0.0,0.0,hard,False,False,43.9952297685383,0.0,1.0,0.0,0.9804841750435145
2714,1767151349664,0.0,0.0,0.0,0.0,-44.28597357734027,0.0,0.0,hard,False,False,43.9952297685383,0.0,1.0,0.0,0.9804841750435145
2715,1767151349693,0.0,0.0,0.0,0.0,-44.28597357734027,0.0,0.0,hard,False,False,43.9952297685383,0.0,1.0,0.0,0.9804841750435145
2716,1767151349727,0.0,0.0,0.0,0.0,-44.28597357734027,0.0,0.0,hard,False,False,43.9952297685383,0.0,1.0,0.0,0.9804841750435145
2717,1767151349762,0.0,0.0,0.0,0.0,-44.28597357734027,0.0,0.0,hard,False,False,43.9952297685383,0.0,1.0,0.0,0.9804841750435145
2718,1767151349794,0.0,0.0,0.0,0.0,-44.28597357734027,0.0,0.0,hard,False,False,43.9952297685383,0.0,1.0,0.0,0.9804841750435145
2719,1767151349827,0.0,0.0,0.0,0.0,-44.28597357734027,0.0,0.0,hard,False,False,43.9952297685383,0.0,1.0,0.0,0.9804841750435145
2720,1767151349860,0.0,0.0,0.0,0.0,-44.28597357734027,0.0,0.0,hard,False,False,43.9952297685383,0.0,1.0,0.0,0.9804841750435145
2721,1767151349893,0.0,0.0,0.0,0.0,-44.28597357734027,0.0,0.0,hard,False,False,43.9952297685383,0.0,1.0,0.0,0.9804841750435145
2722,1767151349927,0.0,0.0,0.0,0.0,-44.28597357734027,0.0,0.0,hard,False,False,43.9952297685383,0.0,1.0,0.0,0.9804841750435145
2723,1767151349960,0.0,0.0,0.0,0.0,-44.28597357734027,0.0,0.0,hard,False,False,43.9952297685383,0.0,1.0,0.0,0.9804841750435145
2724,1767151349994,0.0,0.0,0.0,0.0,-44.28597357734027,0.0,0.0,hard,False,False,43.9952297685383,0.0,1.0,0.0,0.9804841750435145
2725,1767151350027,0.0,0.0,0.0,0.0,-44.28597357734027,0.0,0.0,hard,False,False,43.9952297685383,0.0,1.0,0.0,0.9804841750435145
2726,1767151350060,0.0,0.0,0.0,0.0,-44.28597357734027,0.0,0.0,hard,False,False,43.9952297685383,0.0,1.0,0.0,0.9804841750435145
2727,1767151350094,0.0,0.0,0.0,0.0,-44.28597357734027,0.0,0.0,hard,False,False,43.9952297685383,0.0,1.0,0.0,0.9804841750435145
2728,1767151350127,0.0,0.0,0.0,0.0,-44.28597357734027,0.0,0.0,hard,False,False,43.9952297685383,0.0,1.0,0.0,0.9804841750435145
2729,1767151350160,0.0,0.0,0.0,0.0,-44.28597357734027,0.0,0.0,hard,False,False,43.9952297685383,0.0,1.0,0.0,0.9804841750435145
2730,1767151350194,0.0,0.0,0.0,0.0,-44.28597357734027,0.0,0.0,hard,False,False,43.9952297685383,0.0,1.0,0.0,0.9804841750435145
2731,1767151350227,0.0,0.0,0.0,0.0,-44.28597357734027,0.0,0.0,hard,False,False,43.9952297685383,0.0,1.0,0.0,0.9804841750435145
2732,1767151350260,0.0,0.0,0.0,0.0,-44.28597357734027,0.0,0.0,hard,False,False,43.9952297685383,0.0,1.0,0.0,0.9804841750435145
2733,1767151350294,0.0,0.0,0.0,0.0,-44.28597357734027,0.0,0.0,hard,False,False,43.9952297685383,0.0,1.0,0.0,0.9804841750435145
2734,1767151350327,0.0,0.0,0.0,0.0,-44.28597357734027,0.0,0.0,hard,False,False,43.9952297685383,0.0,1.0,0.0,0.9804841750435145
2735,1767151350366,0.0,0.0,0.0,0.0,-44.28597357734027,0.0,0.0,hard,False,False,43.9952297685383,0.0,1.0,0.0,0.9804841750435145
2736,1767151350394,0.0,0.0,0.0,0.0,-44.28597357734027,0.0,0.0,hard,False,False,43.9952297685383,0.0,1.0,0.0,0.9804841750435145
2737,1767151350430,0.0,0.0,0.0,0.0,-44.28597357734027,0.0,0.0,hard,False,False,43.9952297685383,0.0,1.0,0.0,0.9804841750435145
2738,1767151350460,0.0,0.0,0.0,0.0,-44.28597357734027,0.0,0.0,hard,False,False,43.9952297685383,0.0,1.0,0.0,0.9804841750435145
2739,1767151350495,0.0,0.0,0.0,0.0,-44.28597357734027,0.0,0.0,hard,False,False,43.9952297685383,0.0,1.0,0.0,0.9804841750435145
2740,1767151350530,0.0,0.0,0.0,0.0,-44.28597357734027,0.0,0.0,hard,False,False,43.9952297685383,0.0,1.0,0.0,0.9804841750435145
2741,1767151350560,0.0,0.0,0.0,0.0,-44.28597357734027,0.0,0.0,hard,False,False,43.9952297685383,0.0,1.0,0.0,0.9804841750435145
2742,1767151350594,0.0,0.0,0.0,0.0,-44.28597357734027,0.0,0.0,hard,False,False,43.9952297685383,0.0,1.0,0.0,0.9804841750435145
2743,1767151350630,0.0,0.0,0.0,0.0,-44.28597357734027,0.0,0.0,hard,False,False,43.9952297685383,0.0,1.0,0.0,0.9804841750435145
2744,1767151350660,0.0,0.0,0.0,0.0,-44.28597357734027,0.0,0.0,hard,False,False,43.9952297685383,0.0,1.0,0.0,0.9804841750435145
2745,1767151350694,0.0,0.0,0.0,0.0,-44.28597357734027,0.0,0.0,hard,False,False,43.9952297685383,0.0,1.0,0.0,0.9804841750435145
2746,1767151350727,0.0,0.0,0.0,0.0,-44.28597357734027,0.0,0.0,hard,False,False,43.9952297685383,0.0,1.0,0.0,0.9804841750435145
2747,1767151350760,0.0,0.0,0.0,0.0,-44.28597357734027,0.0,0.0,hard,False,False,43.9952297685383,0.0,1.0,0.0,0.9804841750435145
2748,1767151350794,0.0,0.0,0.0,0.0,-44.28597357734027,0.0,0.0,hard,False,False,43.9952297685383,0.0,1.0,0.0,0.9804841750435145
2749,1767151350827,0.0,0.0,0.0,0.0,-44.28597357734027,0.0,0.0,hard,False,False,43.9952297685383,0.0,1.0,0.0,0.9804841750435145
2750,1767151350860,0.0,0.0,0.0,0.0,-44.28597357734027,0.0,0.0,hard,False,False,43.9952297685383,0.0,1.0,0.0,0.9804841750435145
2751,1767151350894,0.0,0.0,0.0,0.0,-44.28597357734027,0.0,0.0,hard,False,False,43.9952297685383,0.0,1.0,0.0,0.9804841750435145
2752,1767151350928,0.0,0.0,0.0,0.0,-44.28597357734027,0.0,0.0,hard,False,False,43.9952297685383,0.0,1.0,0.0,0.9804841750435145
2753,1767151350964,0.0,0.0,0.0,0.0,-44.28597357734027,0.0,0.0,hard,False,False,43.9952297685383,0.0,1.0,0.0,0.9804841750435145
2754,1767151350994,0.0,0.0,0.0,0.0,-44.28597357734027,0.0,0.0,hard,False,False,43.9952297685383,0.0,1.0,0.0,0.9804841750435145
2755,1767151351028,0.0,0.0,0.0,0.0,-44.28597357734027,0.0,0.0,hard,False,False,43.9952297685383,0.0,1.0,0.0,0.9804841750435145
2756,1767151351060,0.0,0.0,0.0,0.0,-44.28597357734027,0.0,0.0,hard,False,False,43.9952297685383,0.0,1.0,0.0,0.9804841750435145
2757,1767151351094,0.0,0.0,0.0,0.0,-44.28597357734027,0.0,0.0,hard,False,False,43.9952297685383,0.0,1.0,0.0,0.9804841750435145
2758,1767151351127,0.0,0.0,0.0,0.0,-44.28597357734027,0.0,0.0,hard,False,False,43.9952297685383,0.0,1.0,0.0,0.9804841750435145
2759,1767151351161,0.0,0.0,0.0,0.0,-44.28597357734027,0.0,0.0,hard,False,False,43.9952297685383,0.0,1.0,0.0,0.9804841750435145
2760,1767151351194,0.0,0.0,0.0,0.0,-44.28597357734027,0.0,0.0,hard,False,False,43.9952297685383,0.0,1.0,0.0,0.9804841750435145
2761,1767151351227,0.0,0.0,0.0,0.0,-44.28597357734027,0.0,0.0,hard,False,False,43.9952297685383,0.0,1.0,0.0,0.9804841750435145
2762,1767151351260,0.0,0.0,0.0,0.0,-44.28597357734027,0.0,0.0,hard,False,False,43.9952297685383,0.0,1.0,0.0,0.9804841750435145
2763,1767151351294,0.0,0.0,0.0,0.0,-44.28597357734027,0.0,0.0,hard,False,False,43.9952297685383,0.0,1.0,0.0,0.9804841750435145
2764,1767151351327,0.0,0.0,0.0,0.0,-44.28597357734027,0.0,0.0,hard,False,False,43.9952297685383,0.0,1.0,0.0,0.9804841750435145
2765,1767151351361,0.0,0.0,0.0,0.0,-44.28597357734027,0.0,0.0,hard,False,False,43.9952297685383,0.0,1.0,0.0,0.9804841750435145
2766,1767151351394,0.0,0.0,0.0,0.0,-44.28597357734027,0.0,0.0,hard,False,False,43.9952297685383,0.0,1.0,0.0,0.9804841750435145
2767,1767151351427,0.0,0.0,0.0,0.0,-44.28597357734027,0.0,0.0,hard,False,False,43.9952297685383,0.0,1.0,0.0,0.9804841750435145
2768,1767151351461,0.0,0.0,0.0,0.0,-44.28597357734027,0.0,0.0,hard,False,False,43.9952297685383,0.0,1.0,0.0,0.9804841750435145
2769,1767151351494,0.0,0.0,0.0,0.0,-44.28597357734027,0.0,0.0,hard,False,False,43.9952297685383,0.0,1.0,0.0,0.9804841750435145
2770,1767151351527,0.0,0.0,0.0,0.0,-44.28597357734027,0.0,0.0,hard,False,False,43.9952297685383,0.0,1.0,0.0,0.9804841750435145
2771,1767151351561,0.0,0.0,0.0,0.0,-44.28597357734027,0.0,0.0,hard,False,False,43.9952297685383,0.0,1.0,0.0,0.9804841750435145
2772,1767151351594,0.0,0.0,0.0,0.0,-44.28597357734027,0.0,0.0,hard,False,False,43.9952297685383,0.0,1.0,0.0,0.9804841750435145
2773,1767151351660,0.0,0.0,0.0,0.0,-44.28597357734027,0.0,0.0,hard,False,False,43.9952297685383,0.0,1.0,0.0,0.9804841750435145
2774,1767151351694,0.0,0.0,0.0,0.0,-44.28597357734027,0.0,0.0,hard,False,False,43.9952297685383,0.0,1.0,0.0,0.9804841750435145
2775,1767151351727,0.0,0.0,0.0,0.0,-44.28597357734027,0.0,0.0,hard,False,False,43.9952297685383,0.0,1.0,0.0,0.9804841750435145
2776,1767151351761,0.0,0.0,0.0,0.0,-44.28597357734027,0.0,0.0,hard,False,False,43.9952297685383,0.0,1.0,0.0,0.9804841750435145
2777,1767151351794,0.0,0.0,0.0,0.0,-44.28597357734027,0.0,0.0,hard,False,False,43.9952297685383,0.0,1.0,0.0,0.9804841750435145
2778,1767151351827,0.0,0.0,0.0,0.0,-44.28597357734027,0.0,0.0,hard,False,False,43.9952297685383,0.0,1.0,0.0,0.9804841750435145
2779,1767151351860,0.0,0.0,0.0,0.0,-44.28597357734027,0.0,0.0,hard,False,False,43.9952297685383,0.0,1.0,0.0,0.9804841750435145
2780,1767151351894,0.0,0.0,0.0,0.0,-44.28597357734027,0.0,0.0,hard,False,False,43.9952297685383,0.0,1.0,0.0,0.9804841750435145
2781,1767151351927,0.0,0.0,0.0,0.0,-44.28597357734027,0.0,0.0,hard,False,False,43.9952297685383,0.0,1.0,0.0,0.9804841750435145
2782,1767151351961,0.0,0.0,0.0,0.0,-44.28597357734027,0.0,0.0,hard,False,False,43.9952297685383,0.0,1.0,0.0,0.9804841750435145
2783,1767151351994,0.0,0.0,0.0,0.0,-44.28597357734027,0.0,0.0,hard,False,False,43.9952297685383,0.0,1.0,0.0,0.9804841750435145
2784,1767151352027,0.0,0.0,0.0,0.0,-44.28597357734027,0.0,0.0,hard,False,False,43.9952297685383,0.0,1.0,0.0,0.9804841750435145
2785,1767151352060,0.0,0.0,0.0,0.0,-44.28597357734027,0.0,0.0,hard,False,False,43.9952297685383,0.0,1.0,0.0,0.9804841750435145
2786,1767151352094,0.0,0.0,0.0,0.0,-44.28597357734027,0.0,0.0,hard,False,False,43.9952297685383,0.0,1.0,0.0,0.9804841750435145
2787,1767151352129,0.0,0.0,0.0,0.0,-44.28597357734027,0.0,0.0,hard,False,False,43.9952297685383,0.0,1.0,0.0,0.9804841750435145
2788,1767151352161,0.0,0.0,0.0,0.0,-44.28597357734027,0.0,0.0,hard,False,False,43.9952297685383,0.0,1.0,0.0,0.9804841750435145
2789,1767151352194,0.0,0.0,0.0,0.0,-44.28597357734027,0.0,0.0,hard,False,False,43.9952297685383,0.0,1.0,0.0,0.9804841750435145
2790,1767151352228,0.0,0.0,0.0,0.0,-44.28597357734027,0.0,0.0,hard,False,False,43.9952297685383,0.0,1.0,0.0,0.9804841750435145
2791,1767151352260,0.0,0.0,0.0,0.0,-44.28597357734027,0.0,0.0,hard,False,False,43.9952297685383,0.0,1.0,0.0,0.9804841750435145
2792,1767151352294,0.0,0.0,0.0,0.0,-44.28597357734027,0.0,0.0,hard,False,False,43.9952297685383,0.0,1.0,0.0,0.9804841750435145
2793,1767151352327,0.0,0.0,0.0,0.0,-44.28597357734027,0.0,0.0,hard,False,False,43.9952297685383,0.0,1.0,0.0,0.9804841750435145
2794,1767151352361,0.0,0.0,0.0,0.0,-44.28597357734027,0.0,0.0,hard,False,False,43.9952297685383,0.0,1.0,0.0,0.9804841750435145
2795,1767151352394,0.0,0.0,0.0,0.0,-44.28597357734027,0.0,0.0,hard,False,False,43.9952297685383,0.0,1.0,0.0,0.9804841750435145
2796,1767151352427,0.0,0.0,0.0,0.0,-44.28597357734027,0.0,0.0,hard,False,False,43.9952297685383,0.0,1.0,0.0,0.9804841750435145
2797,1767151352625,0.0,0.0,0.0,0.0,-44.28597357734027,0.0,0.0,hard,False,False,43.9952297685383,0.0,1.0,0.0,0.9804841750435145
2798,1767151352644,0.0,0.0,0.0,0.0,-44.28597357734027,0.0,0.0,hard,False,False,43.9952297685383,0.0,1.0,0.0,0.9804841750435145
2799,1767151352664,0.0,0.0,0.0,0.0,-44.28597357734027,0.0,0.0,hard,False,False,43.9952297685383,0.0,1.0,0.0,0.9804841750435145
2800,1767151352683,0.0,0.0,0.0,0.0,-44.28597357734027,0.0,0.0,hard,False,False,43.9952297685383,0.0,1.0,0.0,0.9804841750435145
2801,1767151352710,0.0,0.0,0.0,0.0,-44.28597357734027,0.0,0.0,hard,False,False,43.9952297685383,0.0,1.0,0.0,0.9804841750435145
2802,1767151352734,0.0,0.0,0.0,0.0,-44.28597357734027,0.0,0.0,hard,False,False,43.9952297685383,0.0,1.0,0.0,0.9804841750435145
2803,1767151352758,0.0,0.0,0.0,0.0,-44.28597357734027,0.0,0.0,hard,False,False,43.9952297685383,0.0,1.0,0.0,0.9804841750435145
2804,1767151352777,0.0,0.0,0.0,0.0,-44.28597357734027,0.0,0.0,hard,False,False,43.9952297685383,0.0,1.0,0.0,0.9804841750435145
2805,1767151352798,0.0,0.0,0.0,0.0,-44.28597357734027,0.0,0.0,hard,False,False,43.9952297685383,0.0,1.0,0.0,0.9804841750435145
2806,1767151352827,0.0,0.0,0.0,0.0,-44.28597357734027,0.0,0.0,hard,False,False,43.9952297685383,0.0,1.0,0.0,0.9804841750435145
2807,1767151352861,0.0,0.0,0.0,0.0,-44.28597357734027,0.0,0.0,hard,False,False,43.9952297685383,0.0,1.0,0.0,0.9804841750435145
2808,1767151352894,0.0,0.0,0.0,0.0,-44.28597357734027,0.0,0.0,hard,False,False,43.9952297685383,0.0,1.0,0.0,0.9804841750435145
2809,1767151352927,0.0,0.0,0.0,0.0,-44.28597357734027,0.0,0.0,hard,False,False,43.9952297685383,0.0,1.0,0.0,0.9804841750435145
2810,1767151352961,0.0,0.0,0.0,0.0,-44.28597357734027,0.0,0.0,hard,False,False,43.9952297685383,0.0,1.0,0.0,0.9804841750435145
2811,1767151352994,0.0,0.0,0.0,0.0,-44.28597357734027,0.0,0.0,hard,False,False,43.9952297685383,0.0,1.0,0.0,0.9804841750435145
2812,1767151353030,0.0,0.0,0.0,0.0,-44.28597357734027,0.0,0.0,hard,False,False,43.9952297685383,0.0,1.0,0.0,0.9804841750435145
2813,1767151353126,0.0,0.0,0.0,0.0,-44.28597357734027,0.0,0.0,hard,False,False,43.9952297685383,0.0,1.0,0.0,0.9804841750435145
2814,1767151353145,0.0,0.0,0.0,0.0,-44.28597357734027,0.0,0.0,hard,False,False,43.9952297685383,0.0,1.0,0.0,0.9804841750435145
2815,1767151353163,0.0,0.0,0.0,0.0,-44.28597357734027,0.0,0.0,hard,False,False,43.9952297685383,0.0,1.0,0.0,0.9804841750435145
2816,1767151353183,0.0,0.0,0.0,0.0,-44.28597357734027,0.0,0.0,hard,False,False,43.9952297685383,0.0,1.0,0.0,0.9804841750435145
2817,1767151353202,0.0,0.0,0.0,0.0,-44.28597357734027,0.0,0.0,hard,False,False,43.9952297685383,0.0,1.0,0.0,0.9804841750435145
2818,1767151353227,0.0,0.0,0.0,0.0,-44.28597357734027,0.0,0.0,hard,False,False,43.9952297685383,0.0,1.0,0.0,0.9804841750435145
2819,1767151353261,0.0,0.0,0.0,0.0,-44.28597357734027,0.0,0.0,hard,False,False,43.9952297685383,0.0,1.0,0.0,0.9804841750435145
2820,1767151353295,0.0,0.0,0.0,0.0,-44.28597357734027,0.0,0.0,hard,False,False,43.9952297685383,0.0,1.0,0.0,0.9804841750435145
2821,1767151353330,0.0,0.0,0.0,0.0,-44.28597357734027,0.0,0.0,hard,False,False,43.9952297685383,0.0,1.0,0.0,0.9804841750435145
2822,1767151353361,0.0,0.0,0.0,0.0,-44.28597357734027,0.0,0.0,hard,False,False,43.9952297685383,0.0,1.0,0.0,0.9804841750435145
2823,1767151353394,0.0,0.0,0.0,0.0,-44.28597357734027,0.0,0.0,hard,False,False,43.9952297685383,0.0,1.0,0.0,0.9804841750435145
2824,1767151353428,0.0,0.0,0.0,0.0,-44.28597357734027,0.0,0.0,hard,False,False,43.9952297685383,0.0,1.0,0.0,0.9804841750435145
2825,1767151353463,0.0,0.0,0.0,0.0,-44.28597357734027,0.0,0.0,hard,False,False,43.9952297685383,0.0,1.0,0.0,0.9804841750435145
2826,1767151353494,0.0,0.0,0.0,0.0,-44.28597357734027,0.0,0.0,hard,False,False,43.9952297685383,0.0,1.0,0.0,0.9804841750435145
2827,1767151353527,0.0,0.0,0.0,0.0,-44.28597357734027,0.0,0.0,hard,False,False,43.9952297685383,0.0,1.0,0.0,0.9804841750435145
2828,1767151353561,0.0,0.0,0.0,0.0,-44.28597357734027,0.0,0.0,hard,False,False,43.9952297685383,0.0,1.0,0.0,0.9804841750435145
2829,1767151353594,0.0,0.0,0.0,0.0,-44.28597357734027,0.0,0.0,hard,False,False,43.9952297685383,0.0,1.0,0.0,0.9804841750435145
2830,1767151353627,0.0,0.0,0.0,0.0,-44.28597357734027,0.0,0.0,hard,False,False,43.9952297685383,0.0,1.0,0.0,0.9804841750435145
2831,1767151353661,0.0,0.0,0.0,0.0,-44.28597357734027,0.0,0.0,hard,False,False,43.9952297685383,0.0,1.0,0.0,0.9804841750435145
2832,1767151353694,0.0,0.0,0.0,0.0,-44.28597357734027,0.0,0.0,hard,False,False,43.9952297685383,0.0,1.0,0.0,0.9804841750435145
2833,1767151353728,0.0,0.0,0.0,0.0,-44.28597357734027,0.0,0.0,hard,False,False,43.9952297685383,0.0,1.0,0.0,0.9804841750435145
2834,1767151353761,0.0,0.0,0.0,0.0,-44.28597357734027,0.0,0.0,hard,False,False,43.9952297685383,0.0,1.0,0.0,0.9804841750435145
2835,1767151353794,0.0,0.0,0.0,0.0,-44.28597357734027,0.0,0.0,hard,False,False,43.9952297685383,0.0,1.0,0.0,0.9804841750435145
2836,1767151353828,0.0,0.0,0.0,0.0,-44.28597357734027,0.0,0.0,hard,False,False,43.9952297685383,0.0,1.0,0.0,0.9804841750435145
2837,1767151353861,0.0,0.0,0.0,0.0,-44.28597357734027,0.0,0.0,hard,False,False,43.9952297685383,0.0,1.0,0.0,0.9804841750435145
2838,1767151353894,0.0,0.0,0.0,0.0,-44.28597357734027,0.0,0.0,hard,False,False,43.9952297685383,0.0,1.0,0.0,0.9804841750435145
2839,1767151353929,0.0,0.0,0.0,0.0,-44.28597357734027,0.0,0.0,hard,False,False,43.9952297685383,0.0,1.0,0.0,0.9804841750435145
2840,1767151353961,0.0,0.0,0.0,0.0,-44.28597357734027,0.0,0.0,hard,False,False,43.9952297685383,0.0,1.0,0.0,0.9804841750435145
2841,1767151353994,0.0,0.0,0.0,0.0,-44.28597357734027,0.0,0.0,hard,False,False,43.9952297685383,0.0,1.0,0.0,0.9804841750435145
2842,1767151354028,0.0,0.0,0.0,0.0,-44.28597357734027,0.0,0.0,hard,False,False,43.9952297685383,0.0,1.0,0.0,0.9804841750435145
2843,1767151354062,0.0,0.0,0.0,0.0,-44.28597357734027,0.0,0.0,hard,False,False,43.9952297685383,0.0,1.0,0.0,0.9804841750435145
2844,1767151354094,0.0,0.0,0.0,0.0,-44.28597357734027,0.0,0.0,hard,False,False,43.9952297685383,0.0,1.0,0.0,0.9804841750435145
2845,1767151354127,0.0,0.0,0.0,0.0,-44.28597357734027,0.0,0.0,hard,False,False,43.9952297685383,0.0,1.0,0.0,0.9804841750435145
2846,1767151354161,0.0,0.0,0.0,0.0,-44.28597357734027,0.0,0.0,hard,False,False,43.9952297685383,0.0,1.0,0.0,0.9804841750435145
2847,1767151354194,0.0,0.0,0.0,0.0,-44.28597357734027,0.0,0.0,hard,False,False,43.9952297685383,0.0,1.0,0.0,0.9804841750435145
2848,1767151354228,0.0,0.0,0.0,0.0,-44.28597357734027,0.0,0.0,hard,False,False,43.9952297685383,0.0,1.0,0.0,0.9804841750435145
2849,1767151354261,0.0,0.0,0.0,0.0,-44.28597357734027,0.0,0.0,hard,False,False,43.9952297685383,0.0,1.0,0.0,0.9804841750435145
2850,1767151354294,0.0,0.0,0.0,0.0,-44.28597357734027,0.0,0.0,hard,False,False,43.9952297685383,0.0,1.0,0.0,0.9804841750435145
2851,1767151354328,0.0,0.0,0.0,0.0,-44.28597357734027,0.0,0.0,hard,False,False,43.9952297685383,0.0,1.0,0.0,0.9804841750435145
2852,1767151354361,0.0,0.0,0.0,0.0,-44.28597357734027,0.0,0.0,hard,False,False,43.9952297685383,0.0,1.0,0.0,0.9804841750435145
2853,1767151354394,0.0,0.0,0.0,0.0,-44.28597357734027,0.0,0.0,hard,False,False,43.9952297685383,0.0,1.0,0.0,0.9804841750435145
2854,1767151354428,0.0,0.0,0.0,0.0,-44.28597357734027,0.0,0.0,hard,False,False,43.9952297685383,0.0,1.0,0.0,0.9804841750435145
2855,1767151354461,0.0,0.0,0.0,0.0,-44.28597357734027,0.0,0.0,hard,False,False,43.9952297685383,0.0,1.0,0.0,0.9804841750435145
2856,1767151354494,0.0,0.0,0.0,0.0,-44.28597357734027,0.0,0.0,hard,False,False,43.9952297685383,0.0,1.0,0.0,0.9804841750435145
2857,1767151354528,0.0,0.0,0.0,0.0,-44.28597357734027,0.0,0.0,hard,False,False,43.9952297685383,0.0,1.0,0.0,0.9804841750435145
2858,1767151354561,0.0,0.0,0.0,0.0,-44.28597357734027,0.0,0.0,hard,False,False,43.9952297685383,0.0,1.0,0.0,0.9804841750435145
2859,1767151354596,0.0,0.0,0.0,0.0,-44.28597357734027,0.0,0.0,hard,False,False,43.9952297685383,0.0,1.0,0.0,0.9804841750435145
2860,1767151354628,0.0,0.0,0.0,0.0,-44.28597357734027,0.0,0.0,hard,False,False,43.9952297685383,0.0,1.0,0.0,0.9804841750435145
2861,1767151354661,0.0,0.0,0.0,0.0,-44.28597357734027,0.0,0.0,hard,False,False,43.9952297685383,0.0,1.0,0.0,0.9804841750435145
2862,1767151354694,0.0,0.0,0.0,0.0,-44.28597357734027,0.0,0.0,hard,False,False,43.9952297685383,0.0,1.0,0.0,0.9804841750435145
2863,1767151354728,0.0,0.0,0.0,0.0,-44.28597357734027,0.0,0.0,hard,False,False,43.9952297685383,0.0,1.0,0.0,0.9804841750435145
2864,1767151354761,0.0,0.0,0.0,0.0,-44.28597357734027,0.0,0.0,hard,False,False,43.9952297685383,0.0,1.0,0.0,0.9804841750435145
2865,1767151354794,0.0,0.0,0.0,0.0,-44.28597357734027,0.0,0.0,hard,False,False,43.9952297685383,0.0,1.0,0.0,0.9804841750435145
2866,1767151354828,0.0,0.0,0.0,0.0,-44.28597357734027,0.0,0.0,hard,False,False,43.9952297685383,0.0,1.0,0.0,0.9804841750435145
2867,1767151354865,0.0,0.0,0.0,0.0,-44.28597357734027,0.0,0.0,hard,False,False,43.9952297685383,0.0,1.0,0.0,0.9804841750435145
2868,1767151354894,0.0,0.0,0.0,0.0,-44.28597357734027,0.0,0.0,hard,False,False,43.9952297685383,0.0,1.0,0.0,0.9804841750435145
2869,1767151354928,0.0,0.0,0.0,0.0,-44.28597357734027,0.0,0.0,hard,False,False,43.9952297685383,0.0,1.0,0.0,0.9804841750435145
2870,1767151354963,0.0,0.0,0.0,0.0,-44.28597357734027,0.0,0.0,hard,False,False,43.9952297685383,0.0,1.0,0.0,0.9804841750435145
2871,1767151354994,0.0,0.0,0.0,0.0,-44.28597357734027,0.0,0.0,hard,False,False,43.9952297685383,0.0,1.0,0.0,0.9804841750435145
2872,1767151355028,0.0,0.0,0.0,0.0,-44.28597357734027,0.0,0.0,hard,False,False,43.9952297685383,0.0,1.0,0.0,0.9804841750435145
2873,1767151355061,0.0,0.0,0.0,0.0,-44.28597357734027,0.0,0.0,hard,False,False,43.9952297685383,0.0,1.0,0.0,0.9804841750435145
2874,1767151355094,0.0,0.0,0.0,0.0,-44.28597357734027,0.0,0.0,hard,False,False,43.9952297685383,0.0,1.0,0.0,0.9804841750435145
2875,1767151355128,0.0,0.0,0.0,0.0,-44.28597357734027,0.0,0.0,hard,False,False,43.9952297685383,0.0,1.0,0.0,0.9804841750435145
2876,1767151355161,0.0,0.0,0.0,0.0,-44.28597357734027,0.0,0.0,hard,False,False,43.9952297685383,0.0,1.0,0.0,0.9804841750435145
2877,1767151355194,0.0,0.0,0.0,0.0,-44.28597357734027,0.0,0.0,hard,False,False,43.9952297685383,0.0,1.0,0.0,0.9804841750435145
2878,1767151355228,0.0,0.0,0.0,0.0,-44.28597357734027,0.0,0.0,hard,False,False,43.9952297685383,0.0,1.0,0.0,0.9804841750435145
2879,1767151355261,0.0,0.0,0.0,0.0,-44.28597357734027,0.0,0.0,hard,False,False,43.9952297685383,0.0,1.0,0.0,0.9804841750435145
2880,1767151355294,0.0,0.0,0.0,0.0,-44.28597357734027,0.0,0.0,hard,False,False,43.9952297685383,0.0,1.0,0.0,0.9804841750435145
2881,1767151355328,0.0,0.0,0.0,0.0,-44.28597357734027,0.0,0.0,hard,False,False,43.9952297685383,0.0,1.0,0.0,0.9804841750435145
2882,1767151355361,0.0,0.0,0.0,0.0,-44.28597357734027,0.0,0.0,hard,False,False,43.9952297685383,0.0,1.0,0.0,0.9804841750435145
2883,1767151355395,0.0,0.0,0.0,0.0,-44.28597357734027,0.0,0.0,hard,False,False,43.9952297685383,0.0,1.0,0.0,0.9804841750435145
2884,1767151355428,0.0,0.0,0.0,0.0,-44.28597357734027,0.0,0.0,hard,False,False,43.9952297685383,0.0,1.0,0.0,0.9804841750435145
2885,1767151355461,0.0,0.0,0.0,0.0,-44.28597357734027,0.0,0.0,hard,False,False,43.9952297685383,0.0,1.0,0.0,0.9804841750435145
2886,1767151355494,0.0,0.0,0.0,0.0,-44.28597357734027,0.0,0.0,hard,False,False,43.9952297685383,0.0,1.0,0.0,0.9804841750435145
2887,1767151355528,0.0,0.0,0.0,0.0,-44.28597357734027,0.0,0.0,hard,False,False,43.9952297685383,0.0,1.0,0.0,0.9804841750435145
2888,1767151355561,0.0,0.0,0.0,0.0,-44.28597357734027,0.0,0.0,hard,False,False,43.9952297685383,0.0,1.0,0.0,0.9804841750435145
2889,1767151355597,0.0,0.0,0.0,0.0,-44.28597357734027,0.0,0.0,hard,False,False,43.9952297685383,0.0,1.0,0.0,0.9804841750435145
2890,1767151355628,0.0,0.0,0.0,0.0,-44.28597357734027,0.0,0.0,hard,False,False,43.9952297685383,0.0,1.0,0.0,0.9804841750435145
2891,1767151355661,0.0,0.0,0.0,0.0,-44.28597357734027,0.0,0.0,hard,False,False,43.9952297685383,0.0,1.0,0.0,0.9804841750435145
2892,1767151355696,0.0,0.0,0.0,0.0,-44.28597357734027,0.0,0.0,hard,False,False,43.9952297685383,0.0,1.0,0.0,0.9804841750435145
2893,1767151355728,0.0,0.0,0.0,0.0,-44.28597357734027,0.0,0.0,hard,False,False,43.9952297685383,0.0,1.0,0.0,0.9804841750435145
2894,1767151355761,0.0,0.0,0.0,0.0,-44.28597357734027,0.0,0.0,hard,False,False,43.9952297685383,0.0,1.0,0.0,0.9804841750435145
2895,1767151355795,0.0,0.0,0.0,0.0,-44.28597357734027,0.0,0.0,hard,False,False,43.9952297685383,0.0,1.0,0.0,0.9804841750435145
2896,1767151355828,0.0,0.0,0.0,0.0,-44.28597357734027,0.0,0.0,hard,False,False,43.9952297685383,0.0,1.0,0.0,0.9804841750435145
2897,1767151355861,0.0,0.0,0.0,0.0,-44.28597357734027,0.0,0.0,hard,False,False,43.9952297685383,0.0,1.0,0.0,0.9804841750435145
2898,1767151355894,0.0,0.0,0.0,0.0,-44.28597357734027,0.0,0.0,hard,False,False,43.9952297685383,0.0,1.0,0.0,0.9804841750435145
2899,1767151355928,0.0,0.0,0.0,0.0,-44.28597357734027,0.0,0.0,hard,False,False,43.9952297685383,0.0,1.0,0.0,0.9804841750435145
2900,1767151355961,0.0,0.0,0.0,0.0,-44.28597357734027,0.0,0.0,hard,False,False,43.9952297685383,0.0,1.0,0.0,0.9804841750435145
2901,1767151355999,0.0,0.0,0.0,0.0,-44.28597357734027,0.0,0.0,hard,False,False,43.9952297685383,0.0,1.0,0.0,0.9804841750435145
2902,1767151356028,0.0,0.0,0.0,0.0,-44.28597357734027,0.0,0.0,hard,False,False,43.9952297685383,0.0,1.0,0.0,0.9804841750435145
2903,1767151356061,0.0,0.0,0.0,0.0,-44.28597357734027,0.0,0.0,hard,False,False,43.9952297685383,0.0,1.0,0.0,0.9804841750435145
2904,1767151356094,0.0,0.0,0.0,0.0,-44.28597357734027,0.0,0.0,hard,False,False,43.9952297685383,0.0,1.0,0.0,0.9804841750435145
2905,1767151356128,0.0,0.0,0.0,0.0,-44.28597357734027,0.0,0.0,hard,False,False,43.9952297685383,0.0,1.0,0.0,0.9804841750435145
2906,1767151356161,0.0,0.0,0.0,0.0,-44.28597357734027,0.0,0.0,hard,False,False,43.9952297685383,0.0,1.0,0.0,0.9804841750435145
2907,1767151356195,0.0,0.0,0.0,0.0,-44.28597357734027,0.0,0.0,hard,False,False,43.9952297685383,0.0,1.0,0.0,0.9804841750435145
2908,1767151356229,0.0,0.0,0.0,0.0,-44.28597357734027,0.0,0.0,hard,False,False,43.9952297685383,0.0,1.0,0.0,0.9804841750435145
2909,1767151356261,0.0,0.0,0.0,0.0,-44.28597357734027,0.0,0.0,hard,False,False,43.9952297685383,0.0,1.0,0.0,0.9804841750435145
2910,1767151356295,0.0,0.0,0.0,0.0,-44.28597357734027,0.0,0.0,hard,False,False,43.9952297685383,0.0,1.0,0.0,0.9804841750435145
2911,1767151356328,0.0,0.0,0.0,0.0,-44.28597357734027,0.0,0.0,hard,False,False,43.9952297685383,0.0,1.0,0.0,0.9804841750435145
2912,1767151356361,0.0,0.0,0.0,0.0,-44.28597357734027,0.0,0.0,hard,False,False,43.9952297685383,0.0,1.0,0.0,0.9804841750435145
2913,1767151356395,0.0,0.0,0.0,0.0,-44.28597357734027,0.0,0.0,hard,False,False,43.9952297685383,0.0,1.0,0.0,0.9804841750435145
2914,1767151356428,0.0,0.0,0.0,0.0,-44.28597357734027,0.0,0.0,hard,False,False,43.9952297685383,0.0,1.0,0.0,0.9804841750435145
2915,1767151356465,0.0,0.0,0.0,0.0,-44.28597357734027,0.0,0.0,hard,False,False,43.9952297685383,0.0,1.0,0.0,0.9804841750435145
2916,1767151356495,0.0,0.0,0.0,0.0,-44.28597357734027,0.0,0.0,hard,False,False,43.9952297685383,0.0,1.0,0.0,0.9804841750435145
2917,1767151356528,0.0,0.0,0.0,0.0,-44.28597357734027,0.0,0.0,hard,False,False,43.9952297685383,0.0,1.0,0.0,0.9804841750435145
2918,1767151356561,0.0,0.0,0.0,0.0,-44.28597357734027,0.0,0.0,hard,False,False,43.9952297685383,0.0,1.0,0.0,0.9804841750435145
2919,1767151356595,0.0,0.0,0.0,0.0,-44.28597357734027,0.0,0.0,hard,False,False,43.9952297685383,0.0,1.0,0.0,0.9804841750435145
2920,1767151356628,0.0,0.0,0.0,0.0,-44.28597357734027,0.0,0.0,hard,False,False,43.9952297685383,0.0,1.0,0.0,0.9804841750435145
2921,1767151356661,0.0,0.0,0.0,0.0,-44.28597357734027,0.0,0.0,hard,False,False,43.9952297685383,0.0,1.0,0.0,0.9804841750435145
2922,1767151356696,0.0,0.0,0.0,0.0,-44.28597357734027,0.0,0.0,hard,False,False,43.9952297685383,0.0,1.0,0.0,0.9804841750435145
2923,1767151356728,0.0,0.0,0.0,0.0,-44.28597357734027,0.0,0.0,hard,False,False,43.9952297685383,0.0,1.0,0.0,0.9804841750435145
2924,1767151356766,0.0,0.0,0.0,0.0,-44.28597357734027,0.0,0.0,hard,False,False,43.9952297685383,0.0,1.0,0.0,0.9804841750435145
2925,1767151356795,0.0,0.0,0.0,0.0,-44.28597357734027,0.0,0.0,hard,False,False,43.9952297685383,0.0,1.0,0.0,0.9804841750435145
2926,1767151356828,0.0,0.0,0.0,0.0,-44.28597357734027,0.0,0.0,hard,False,False,43.9952297685383,0.0,1.0,0.0,0.9804841750435145
2927,1767151356861,0.0,0.0,0.0,0.0,-44.28597357734027,0.0,0.0,hard,False,False,43.9952297685383,0.0,1.0,0.0,0.9804841750435145
2928,1767151356895,0.0,0.0,0.0,0.0,-44.28597357734027,0.0,0.0,hard,False,False,43.9952297685383,0.0,1.0,0.0,0.9804841750435145
2929,1767151356928,0.0,0.0,0.0,0.0,-44.28597357734027,0.0,0.0,hard,False,False,43.9952297685383,0.0,1.0,0.0,0.9804841750435145
2930,1767151356961,0.0,0.0,0.0,0.0,-44.28597357734027,0.0,0.0,hard,False,False,43.9952297685383,0.0,1.0,0.0,0.9804841750435145
2931,1767151356995,0.0,0.0,0.0,0.0,-44.28597357734027,0.0,0.0,hard,False,False,43.9952297685383,0.0,1.0,0.0,0.9804841750435145
2932,1767151357028,0.0,0.0,0.0,0.0,-44.28597357734027,0.0,0.0,hard,False,False,43.9952297685383,0.0,1.0,0.0,0.9804841750435145
2933,1767151357061,0.0,0.0,0.0,0.0,-44.28597357734027,0.0,0.0,hard,False,False,43.9952297685383,0.0,1.0,0.0,0.9804841750435145
2934,1767151357095,0.0,0.0,0.0,0.0,-44.28597357734027,0.0,0.0,hard,False,False,43.9952297685383,0.0,1.0,0.0,0.9804841750435145
2935,1767151357128,0.0,0.0,0.0,0.0,-44.28597357734027,0.0,0.0,hard,False,False,43.9952297685383,0.0,1.0,0.0,0.9804841750435145
2936,1767151357162,0.0,0.0,0.0,0.0,-44.28597357734027,0.0,0.0,hard,False,False,43.9952297685383,0.0,1.0,0.0,0.9804841750435145
2937,1767151357195,0.0,0.0,0.0,0.0,-44.28597357734027,0.0,0.0,hard,False,False,43.9952297685383,0.0,1.0,0.0,0.9804841750435145
2938,1767151357228,0.0,0.0,0.0,0.0,-44.28597357734027,0.0,0.0,hard,False,False,43.9952297685383,0.0,1.0,0.0,0.9804841750435145
2939,1767151357262,0.0,0.0,0.0,0.0,-44.28597357734027,0.0,0.0,hard,False,False,43.9952297685383,0.0,1.0,0.0,0.9804841750435145
2940,1767151357295,0.0,0.0,0.0,0.0,-44.28597357734027,0.0,0.0,hard,False,False,43.9952297685383,0.0,1.0,0.0,0.9804841750435145
2941,1767151357328,0.0,0.0,0.0,0.0,-44.28597357734027,0.0,0.0,hard,False,False,43.9952297685383,0.0,1.0,0.0,0.9804841750435145
2942,1767151357362,0.0,0.0,0.0,0.0,-44.28597357734027,0.0,0.0,hard,False,False,43.9952297685383,0.0,1.0,0.0,0.9804841750435145
2943,1767151357395,0.0,0.0,0.0,0.0,-44.28597357734027,0.0,0.0,hard,False,False,43.9952297685383,0.0,1.0,0.0,0.9804841750435145
2944,1767151357428,0.0,0.0,0.0,0.0,-44.28597357734027,0.0,0.0,hard,False,False,43.9952297685383,0.0,1.0,0.0,0.9804841750435145
2945,1767151357461,0.0,0.0,0.0,0.0,-44.28597357734027,0.0,0.0,hard,False,False,43.9952297685383,0.0,1.0,0.0,0.9804841750435145
2946,1767151357495,0.0,0.0,0.0,0.0,-44.28597357734027,0.0,0.0,hard,False,False,43.9952297685383,0.0,1.0,0.0,0.9804841750435145
2947,1767151357529,0.0,0.0,0.0,0.0,-44.28597357734027,0.0,0.0,hard,False,False,43.9952297685383,0.0,1.0,0.0,0.9804841750435145
2948,1767151357561,0.0,0.0,0.0,0.0,-44.28597357734027,0.0,0.0,hard,False,False,43.9952297685383,0.0,1.0,0.0,0.9804841750435145
2949,1767151357595,0.0,0.0,0.0,0.0,-44.28597357734027,0.0,0.0,hard,False,False,43.9952297685383,0.0,1.0,0.0,0.9804841750435145
2950,1767151357628,0.0,0.0,0.0,0.0,-44.28597357734027,0.0,0.0,hard,False,False,43.9952297685383,0.0,1.0,0.0,0.9804841750435145
2951,1767151357661,0.0,0.0,0.0,0.0,-44.28597357734027,0.0,0.0,hard,False,False,43.9952297685383,0.0,1.0,0.0,0.9804841750435145
2952,1767151357695,0.0,0.0,0.0,0.0,-44.28597357734027,0.0,0.0,hard,False,False,43.9952297685383,0.0,1.0,0.0,0.9804841750435145
2953,1767151357728,0.0,0.0,0.0,0.0,-44.28597357734027,0.0,0.0,hard,False,False,43.9952297685383,0.0,1.0,0.0,0.9804841750435145
2954,1767151357761,0.0,0.0,0.0,0.0,-44.28597357734027,0.0,0.0,hard,False,False,43.9952297685383,0.0,1.0,0.0,0.9804841750435145
2955,1767151357795,0.0,0.0,0.0,0.0,-44.28597357734027,0.0,0.0,hard,False,False,43.9952297685383,0.0,1.0,0.0,0.9804841750435145
2956,1767151357828,0.0,0.0,0.0,0.0,-44.28597357734027,0.0,0.0,hard,False,False,43.9952297685383,0.0,1.0,0.0,0.9804841750435145
2957,1767151357862,0.0,0.0,0.0,0.0,-44.28597357734027,0.0,0.0,hard,False,False,43.9952297685383,0.0,1.0,0.0,0.9804841750435145
2958,1767151357895,0.0,0.0,0.0,0.0,-44.28597357734027,0.0,0.0,hard,False,False,43.9952297685383,0.0,1.0,0.0,0.9804841750435145
2959,1767151357928,0.0,0.0,0.0,0.0,-44.28597357734027,0.0,0.0,hard,False,False,43.9952297685383,0.0,1.0,0.0,0.9804841750435145
2960,1767151357961,0.0,0.0,0.0,0.0,-44.28597357734027,0.0,0.0,hard,False,False,43.9952297685383,0.0,1.0,0.0,0.9804841750435145
2961,1767151357995,0.0,0.0,0.0,0.0,-44.28597357734027,0.0,0.0,hard,False,False,43.9952297685383,0.0,1.0,0.0,0.9804841750435145
2962,1767151358028,0.0,0.0,0.0,0.0,-44.28597357734027,0.0,0.0,hard,False,False,43.9952297685383,0.0,1.0,0.0,0.9804841750435145
2963,1767151358062,0.0,0.0,0.0,0.0,-44.28597357734027,0.0,0.0,hard,False,False,43.9952297685383,0.0,1.0,0.0,0.9804841750435145
2964,1767151358095,0.0,0.0,0.0,0.0,-44.28597357734027,0.0,0.0,hard,False,False,43.9952297685383,0.0,1.0,0.0,0.9804841750435145
2965,1767151358128,0.0,0.0,0.0,0.0,-44.28597357734027,0.0,0.0,hard,False,False,43.9952297685383,0.0,1.0,0.0,0.9804841750435145
2966,1767151358162,0.0,0.0,0.0,0.0,-44.28597357734027,0.0,0.0,hard,False,False,43.9952297685383,0.0,1.0,0.0,0.9804841750435145
2967,1767151358195,0.0,0.0,0.0,0.0,-44.28597357734027,0.0,0.0,hard,False,False,43.9952297685383,0.0,1.0,0.0,0.9804841750435145
2968,1767151358228,0.0,0.0,0.0,0.0,-44.28597357734027,0.0,0.0,hard,False,False,43.9952297685383,0.0,1.0,0.0,0.9804841750435145
2969,1767151358266,0.0,0.0,0.0,0.0,-44.28597357734027,0.0,0.0,hard,False,False,43.9952297685383,0.0,1.0,0.0,0.9804841750435145
2970,1767151358295,0.0,0.0,0.0,0.0,-44.28597357734027,0.0,0.0,hard,False,False,43.9952297685383,0.0,1.0,0.0,0.9804841750435145
2971,1767151358329,0.0,0.0,0.0,0.0,-44.28597357734027,0.0,0.0,hard,False,False,43.9952297685383,0.0,1.0,0.0,0.9804841750435145
2972,1767151358362,0.0,0.0,0.0,0.0,-44.28597357734027,0.0,0.0,hard,False,False,43.9952297685383,0.0,1.0,0.0,0.9804841750435145
2973,1767151358395,0.0,0.0,0.0,0.0,-44.28597357734027,0.0,0.0,hard,False,False,43.9952297685383,0.0,1.0,0.0,0.9804841750435145
2974,1767151358430,0.0,0.0,0.0,0.0,-44.28597357734027,0.0,0.0,hard,False,False,43.9952297685383,0.0,1.0,0.0,0.9804841750435145
2975,1767151358461,0.0,0.0,0.0,0.0,-44.28597357734027,0.0,0.0,hard,False,False,43.9952297685383,0.0,1.0,0.0,0.9804841750435145
2976,1767151358495,0.0,0.0,0.0,0.0,-44.28597357734027,0.0,0.0,hard,False,False,43.9952297685383,0.0,1.0,0.0,0.9804841750435145
2977,1767151358528,0.0,0.0,0.0,0.0,-44.28597357734027,0.0,0.0,hard,False,False,43.9952297685383,0.0,1.0,0.0,0.9804841750435145
2978,1767151358562,0.0,0.0,0.0,0.0,-44.28597357734027,0.0,0.0,hard,False,False,43.9952297685383,0.0,1.0,0.0,0.9804841750435145
2979,1767151358595,0.0,0.0,0.0,0.0,-44.28597357734027,0.0,0.0,hard,False,False,43.9952297685383,0.0,1.0,0.0,0.9804841750435145
2980,1767151358628,0.0,0.0,0.0,0.0,-44.28597357734027,0.0,0.0,hard,False,False,43.9952297685383,0.0,1.0,0.0,0.9804841750435145
2981,1767151358662,0.0,0.0,0.0,0.0,-44.28597357734027,0.0,0.0,hard,False,False,43.9952297685383,0.0,1.0,0.0,0.9804841750435145
2982,1767151358697,0.0,0.0,0.0,0.0,-44.28597357734027,0.0,0.0,hard,False,False,43.9952297685383,0.0,1.0,0.0,0.9804841750435145
2983,1767151358728,0.0,0.0,0.0,0.0,-44.28597357734027,0.0,0.0,hard,False,False,43.9952297685383,0.0,1.0,0.0,0.9804841750435145
2984,1767151358914,0.0,0.0,0.0,0.0,-44.28597357734027,0.0,0.0,hard,False,False,43.9952297685383,0.0,1.0,0.0,0.9804841750435145
2985,1767151358933,0.0,0.0,0.0,0.0,-44.28597357734027,0.0,0.0,hard,False,False,43.9952297685383,0.0,1.0,0.0,0.9804841750435145
2986,1767151358950,0.0,0.0,0.0,0.0,-44.28597357734027,0.0,0.0,hard,False,False,43.9952297685383,0.0,1.0,0.0,0.9804841750435145
2987,1767151358972,0.0,0.0,0.0,0.0,-44.28597357734027,0.0,0.0,hard,False,False,43.9952297685383,0.0,1.0,0.0,0.9804841750435145
2988,1767151358993,0.0,0.0,0.0,0.0,-44.28597357734027,0.0,0.0,hard,False,False,43.9952297685383,0.0,1.0,0.0,0.9804841750435145
2989,1767151359011,0.0,0.0,0.0,0.0,-44.28597357734027,0.0,0.0,hard,False,False,43.9952297685383,0.0,1.0,0.0,0.9804841750435145
2990,1767151359031,0.0,0.0,0.0,0.0,-44.28597357734027,0.0,0.0,hard,False,False,43.9952297685383,0.0,1.0,0.0,0.9804841750435145
2991,1767151359050,0.0,0.0,0.0,0.0,-44.28597357734027,0.0,0.0,hard,False,False,43.9952297685383,0.0,1.0,0.0,0.9804841750435145
2992,1767151359070,0.0,0.0,0.0,0.0,-44.28597357734027,0.0,0.0,hard,False,False,43.9952297685383,0.0,1.0,0.0,0.9804841750435145
2993,1767151359097,0.0,0.0,0.0,0.0,-44.28597357734027,0.0,0.0,hard,False,False,43.9952297685383,0.0,1.0,0.0,0.9804841750435145
2994,1767151359128,0.0,0.0,0.0,0.0,-44.28597357734027,0.0,0.0,hard,False,False,43.9952297685383,0.0,1.0,0.0,0.9804841750435145
2995,1767151359162,0.0,0.0,0.0,0.0,-44.28597357734027,0.0,0.0,hard,False,False,43.9952297685383,0.0,1.0,0.0,0.9804841750435145
2996,1767151359195,0.0,0.0,0.0,0.0,-44.28597357734027,0.0,0.0,hard,False,False,43.9952297685383,0.0,1.0,0.0,0.9804841750435145
2997,1767151359229,0.0,0.0,0.0,0.0,-44.28597357734027,0.0,0.0,hard,False,False,43.9952297685383,0.0,1.0,0.0,0.9804841750435145
2998,1767151359262,0.0,0.0,0.0,0.0,-44.28597357734027,0.0,0.0,hard,False,False,43.9952297685383,0.0,1.0,0.0,0.9804841750435145
2999,1767151359370,0.0,0.0,0.0,0.0,-44.28597357734027,0.0,0.0,hard,False,False,43.9952297685383,0.0,1.0,0.0,0.9804841750435145
3000,1767151359390,0.0,0.0,0.0,0.0,-44.28597357734027,0.0,0.0,hard,False,False,43.9952297685383,0.0,1.0,0.0,0.9804841750435145
3001,1767151359410,0.0,0.0,0.0,0.0,-44.28597357734027,0.0,0.0,hard,False,False,43.9952297685383,0.0,1.0,0.0,0.9804841750435145
3002,1767151359433,0.0,0.0,0.0,0.0,-44.28597357734027,0.0,0.0,hard,False,False,43.9952297685383,0.0,1.0,0.0,0.9804841750435145
3003,1767151359453,0.0,0.0,0.0,0.0,-44.28597357734027,0.0,0.0,hard,False,False,43.9952297685383,0.0,1.0,0.0,0.9804841750435145
3004,1767151359472,0.0,0.0,0.0,0.0,-44.28597357734027,0.0,0.0,hard,False,False,43.9952297685383,0.0,1.0,0.0,0.9804841750435145
3005,1767151359495,0.0,0.0,0.0,0.0,-44.28597357734027,0.0,0.0,hard,False,False,43.9952297685383,0.0,1.0,0.0,0.9804841750435145
3006,1767151359529,0.0,0.0,0.0,0.0,-44.28597357734027,0.0,0.0,hard,False,False,43.9952297685383,0.0,1.0,0.0,0.9804841750435145
3007,1767151359562,0.0,0.0,0.0,0.0,-44.28597357734027,0.0,0.0,hard,False,False,43.9952297685383,0.0,1.0,0.0,0.9804841750435145
3008,1767151359596,0.0,0.0,0.0,0.0,-44.28597357734027,0.0,0.0,hard,False,False,43.9952297685383,0.0,1.0,0.0,0.9804841750435145
3009,1767151359629,0.0,0.0,0.0,0.0,-44.28597357734027,0.0,0.0,hard,False,False,43.9952297685383,0.0,1.0,0.0,0.9804841750435145
3010,1767151359662,0.0,0.0,0.0,0.0,-44.28597357734027,0.0,0.0,hard,False,False,43.9952297685383,0.0,1.0,0.0,0.9804841750435145
3011,1767151359695,0.0,0.0,0.0,0.0,-44.28597357734027,0.0,0.0,hard,False,False,43.9952297685383,0.0,1.0,0.0,0.9804841750435145
3012,1767151359728,0.0,0.0,0.0,0.0,-44.28597357734027,0.0,0.0,hard,False,False,43.9952297685383,0.0,1.0,0.0,0.9804841750435145
3013,1767151359762,0.0,0.0,0.0,0.0,-44.28597357734027,0.0,0.0,hard,False,False,43.9952297685383,0.0,1.0,0.0,0.9804841750435145
3014,1767151359795,0.0,0.0,0.0,0.0,-44.28597357734027,0.0,0.0,hard,False,False,43.9952297685383,0.0,1.0,0.0,0.9804841750435145
3015,1767151359829,0.0,0.0,0.0,0.0,-44.28597357734027,0.0,0.0,hard,False,False,43.9952297685383,0.0,1.0,0.0,0.9804841750435145
3016,1767151359862,0.0,0.0,0.0,0.0,-44.28597357734027,0.0,0.0,hard,False,False,43.9952297685383,0.0,1.0,0.0,0.9804841750435145
3017,1767151359895,0.0,0.0,0.0,0.0,-44.28597357734027,0.0,0.0,hard,False,False,43.9952297685383,0.0,1.0,0.0,0.9804841750435145
3018,1767151359928,0.0,0.0,0.0,0.0,-44.28597357734027,0.0,0.0,hard,False,False,43.9952297685383,0.0,1.0,0.0,0.9804841750435145
3019,1767151359962,0.0,0.0,0.0,0.0,-44.28597357734027,0.0,0.0,hard,False,False,43.9952297685383,0.0,1.0,0.0,0.9804841750435145
3020,1767151359995,0.0,0.0,0.0,0.0,-44.28597357734027,0.0,0.0,hard,False,False,43.9952297685383,0.0,1.0,0.0,0.9804841750435145
3021,1767151360028,0.0,0.0,0.0,0.0,-44.28597357734027,0.0,0.0,hard,False,False,43.9952297685383,0.0,1.0,0.0,0.9804841750435145
3022,1767151360062,0.0,0.0,0.0,0.0,-44.28597357734027,0.0,0.0,hard,False,False,43.9952297685383,0.0,1.0,0.0,0.9804841750435145
3023,1767151360095,0.0,0.0,0.0,0.0,-44.28597357734027,0.0,0.0,hard,False,False,43.9952297685383,0.0,1.0,0.0,0.9804841750435145
3024,1767151360129,0.0,0.0,0.0,0.0,-44.28597357734027,0.0,0.0,hard,False,False,43.9952297685383,0.0,1.0,0.0,0.9804841750435145
3025,1767151360162,0.0,0.0,0.0,0.0,-44.28597357734027,0.0,0.0,hard,False,False,43.9952297685383,0.0,1.0,0.0,0.9804841750435145
3026,1767151360196,0.0,0.0,0.0,0.0,-44.28597357734027,0.0,0.0,hard,False,False,43.9952297685383,0.0,1.0,0.0,0.9804841750435145
3027,1767151360229,0.0,0.0,0.0,0.0,-44.28597357734027,0.0,0.0,hard,False,False,43.9952297685383,0.0,1.0,0.0,0.9804841750435145
3028,1767151360266,0.0,0.0,0.0,0.0,-44.28597357734027,0.0,0.0,hard,False,False,43.9952297685383,0.0,1.0,0.0,0.9804841750435145
3029,1767151360299,0.0,0.0,0.0,0.0,-44.28597357734027,0.0,0.0,hard,False,False,43.9952297685383,0.0,1.0,0.0,0.9804841750435145
3030,1767151360330,0.0,0.0,0.0,0.0,-44.28597357734027,0.0,0.0,hard,False,False,43.9952297685383,0.0,1.0,0.0,0.9804841750435145
3031,1767151360368,0.0,0.0,0.0,0.0,-44.28597357734027,0.0,0.0,hard,False,False,43.9952297685383,0.0,1.0,0.0,0.9804841750435145
3032,1767151360395,0.0,0.0,0.0,0.0,-44.28597357734027,0.0,0.0,hard,False,False,43.9952297685383,0.0,1.0,0.0,0.9804841750435145
3033,1767151360429,0.0,0.0,0.0,0.0,-44.28597357734027,0.0,0.0,hard,False,False,43.9952297685383,0.0,1.0,0.0,0.9804841750435145
3034,1767151360462,0.0,0.0,0.0,0.0,-44.28597357734027,0.0,0.0,hard,False,False,43.9952297685383,0.0,1.0,0.0,0.9804841750435145
3035,1767151360495,0.0,0.0,0.0,0.0,-44.28597357734027,0.0,0.0,hard,False,False,43.9952297685383,0.0,1.0,0.0,0.9804841750435145
3036,1767151360528,0.0,0.0,0.0,0.0,-44.28597357734027,0.0,0.0,hard,False,False,43.9952297685383,0.0,1.0,0.0,0.9804841750435145
3037,1767151360562,0.0,0.0,0.0,0.0,-44.28597357734027,0.0,0.0,hard,False,False,43.9952297685383,0.0,1.0,0.0,0.9804841750435145
3038,1767151360595,0.0,0.0,0.0,0.0,-44.28597357734027,0.0,0.0,hard,False,False,43.9952297685383,0.0,1.0,0.0,0.9804841750435145
3039,1767151360629,0.0,0.0,0.0,0.0,-44.28597357734027,0.0,0.0,hard,False,False,43.9952297685383,0.0,1.0,0.0,0.9804841750435145
3040,1767151360662,0.0,0.0,0.0,0.0,-44.28597357734027,0.0,0.0,hard,False,False,43.9952297685383,0.0,1.0,0.0,0.9804841750435145
3041,1767151360695,0.0,0.0,0.0,0.0,-44.28597357734027,0.0,0.0,hard,False,False,43.9952297685383,0.0,1.0,0.0,0.9804841750435145
3042,1767151360728,0.0,0.0,0.0,0.0,-44.28597357734027,0.0,0.0,hard,False,False,43.9952297685383,0.0,1.0,0.0,0.9804841750435145
3043,1767151360762,0.0,0.0,0.0,0.0,-44.28597357734027,0.0,0.0,hard,False,False,43.9952297685383,0.0,1.0,0.0,0.9804841750435145
3044,1767151360795,0.0,0.0,0.0,0.0,-44.28597357734027,0.0,0.0,hard,False,False,43.9952297685383,0.0,1.0,0.0,0.9804841750435145
3045,1767151360828,0.0,0.0,0.0,0.0,-44.28597357734027,0.0,0.0,hard,False,False,43.9952297685383,0.0,1.0,0.0,0.9804841750435145
3046,1767151360862,0.0,0.0,0.0,0.0,-44.28597357734027,0.0,0.0,hard,False,False,43.9952297685383,0.0,1.0,0.0,0.9804841750435145
3047,1767151360896,0.0,0.0,0.0,0.0,-44.28597357734027,0.0,0.0,hard,False,False,43.9952297685383,0.0,1.0,0.0,0.9804841750435145
3048,1767151360929,0.0,0.0,0.0,0.0,-44.28597357734027,0.0,0.0,hard,False,False,43.9952297685383,0.0,1.0,0.0,0.9804841750435145
3049,1767151360962,0.0,0.0,0.0,0.0,-44.28597357734027,0.0,0.0,hard,False,False,43.9952297685383,0.0,1.0,0.0,0.9804841750435145
3050,1767151360997,0.0,0.0,0.0,0.0,-44.28597357734027,0.0,0.0,hard,False,False,43.9952297685383,0.0,1.0,0.0,0.9804841750435145
3051,1767151361029,0.0,0.0,0.0,0.0,-44.28597357734027,0.0,0.0,hard,False,False,43.9952297685383,0.0,1.0,0.0,0.9804841750435145
3052,1767151361062,0.0,0.0,0.0,0.0,-44.28597357734027,0.0,0.0,hard,False,False,43.9952297685383,0.0,1.0,0.0,0.9804841750435145
3053,1767151361095,0.0,0.0,0.0,0.0,-44.28597357734027,0.0,0.0,hard,False,False,43.9952297685383,0.0,1.0,0.0,0.9804841750435145
3054,1767151361129,0.0,0.0,0.0,0.0,-44.28597357734027,0.0,0.0,hard,False,False,43.9952297685383,0.0,1.0,0.0,0.9804841750435145
3055,1767151361162,0.0,0.0,0.0,0.0,-44.28597357734027,0.0,0.0,hard,False,False,43.9952297685383,0.0,1.0,0.0,0.9804841750435145
3056,1767151361196,0.0,0.0,0.0,0.0,-44.28597357734027,0.0,0.0,hard,False,False,43.9952297685383,0.0,1.0,0.0,0.9804841750435145
3057,1767151361229,0.0,0.0,0.0,0.0,-44.28597357734027,0.0,0.0,hard,False,False,43.9952297685383,0.0,1.0,0.0,0.9804841750435145
3058,1767151361263,0.0,0.0,0.0,0.0,-44.28597357734027,0.0,0.0,hard,False,False,43.9952297685383,0.0,1.0,0.0,0.9804841750435145
3059,1767151361296,0.0,0.0,0.0,0.0,-44.28597357734027,0.0,0.0,hard,False,False,43.9952297685383,0.0,1.0,0.0,0.9804841750435145
3060,1767151361329,0.0,0.0,0.0,0.0,-44.28597357734027,0.0,0.0,hard,False,False,43.9952297685383,0.0,1.0,0.0,0.9804841750435145
3061,1767151361362,0.0,0.0,0.0,0.0,-44.28597357734027,0.0,0.0,hard,False,False,43.9952297685383,0.0,1.0,0.0,0.9804841750435145
3062,1767151361396,0.0,0.0,0.0,0.0,-44.28597357734027,0.0,0.0,hard,False,False,43.9952297685383,0.0,1.0,0.0,0.9804841750435145
3063,1767151361438,0.0,0.0,0.0,0.0,-44.28597357734027,0.0,0.0,hard,False,False,43.9952297685383,0.0,1.0,0.0,0.9804841750435145
3064,1767151361474,0.0,0.0,0.0,0.0,-44.28597357734027,0.0,0.0,hard,False,False,43.9952297685383,0.0,1.0,0.0,0.9804841750435145
3065,1767151361504,0.0,0.0,0.0,0.0,-44.28597357734027,0.0,0.0,hard,False,False,43.9952297685383,0.0,1.0,0.0,0.9804841750435145
3066,1767151361537,0.0,0.0,0.0,0.0,-44.28597357734027,0.0,0.0,hard,False,False,43.9952297685383,0.0,1.0,0.0,0.9804841750435145
3067,1767151361565,0.0,0.0,0.0,0.0,-44.28597357734027,0.0,0.0,hard,False,False,43.9952297685383,0.0,1.0,0.0,0.9804841750435145
3068,1767151361598,0.0,0.0,0.0,0.0,-44.28597357734027,0.0,0.0,hard,False,False,43.9952297685383,0.0,1.0,0.0,0.9804841750435145
3069,1767151361662,0.0,0.0,0.0,0.0,-44.28597357734027,0.0,0.0,hard,False,False,43.9952297685383,0.0,1.0,0.0,0.9804841750435145
3070,1767151361696,0.0,0.0,0.0,0.0,-44.28597357734027,0.0,0.0,hard,False,False,43.9952297685383,0.0,1.0,0.0,0.9804841750435145
3071,1767151361729,0.0,0.0,0.0,0.0,-44.28597357734027,0.0,0.0,hard,False,False,43.9952297685383,0.0,1.0,0.0,0.9804841750435145
3072,1767151361762,0.0,0.0,0.0,0.0,-44.28597357734027,0.0,0.0,hard,False,False,43.9952297685383,0.0,1.0,0.0,0.9804841750435145
3073,1767151361795,0.0,0.0,0.0,0.0,-44.28597357734027,0.0,0.0,hard,False,False,43.9952297685383,0.0,1.0,0.0,0.9804841750435145
3074,1767151361830,0.0,0.0,0.0,0.0,-44.28597357734027,0.0,0.0,hard,False,False,43.9952297685383,0.0,1.0,0.0,0.9804841750435145
3075,1767151361862,0.0,0.0,0.0,0.0,-44.28597357734027,0.0,0.0,hard,False,False,43.9952297685383,0.0,1.0,0.0,0.9804841750435145
3076,1767151361895,0.0,0.0,0.0,0.0,-44.28597357734027,0.0,0.0,hard,False,False,43.9952297685383,0.0,1.0,0.0,0.9804841750435145
3077,1767151361929,0.0,0.0,0.0,0.0,-44.28597357734027,0.0,0.0,hard,False,False,43.9952297685383,0.0,1.0,0.0,0.9804841750435145
3078,1767151361962,0.0,0.0,0.0,0.0,-44.28597357734027,0.0,0.0,hard,False,False,43.9952297685383,0.0,1.0,0.0,0.9804841750435145
3079,1767151361995,0.0,0.0,0.0,0.0,-44.28597357734027,0.0,0.0,hard,False,False,43.9952297685383,0.0,1.0,0.0,0.9804841750435145
3080,1767151362031,0.0,0.0,0.0,0.0,-44.28597357734027,0.0,0.0,hard,False,False,43.9952297685383,0.0,1.0,0.0,0.9804841750435145
3081,1767151362062,0.0,0.0,0.0,0.0,-44.28597357734027,0.0,0.0,hard,False,False,43.9952297685383,0.0,1.0,0.0,0.9804841750435145
3082,1767151362096,0.0,0.0,0.0,0.0,-44.28597357734027,0.0,0.0,hard,False,False,43.9952297685383,0.0,1.0,0.0,0.9804841750435145
3083,1767151362130,0.0,0.0,0.0,0.0,-44.28597357734027,0.0,0.0,hard,False,False,43.9952297685383,0.0,1.0,0.0,0.9804841750435145
3084,1767151362162,0.0,0.0,0.0,0.0,-44.28597357734027,0.0,0.0,hard,False,False,43.9952297685383,0.0,1.0,0.0,0.9804841750435145
3085,1767151362195,0.0,0.0,0.0,0.0,-44.28597357734027,0.0,0.0,hard,False,False,43.9952297685383,0.0,1.0,0.0,0.9804841750435145
3086,1767151362230,0.0,0.0,0.0,0.0,-44.28597357734027,0.0,0.0,hard,False,False,43.9952297685383,0.0,1.0,0.0,0.9804841750435145
3087,1767151362262,0.0,0.0,0.0,0.0,-44.28597357734027,0.0,0.0,hard,False,False,43.9952297685383,0.0,1.0,0.0,0.9804841750435145
3088,1767151362295,0.0,0.0,0.0,0.0,-44.28597357734027,0.0,0.0,hard,False,False,43.9952297685383,0.0,1.0,0.0,0.9804841750435145
3089,1767151362329,0.0,0.0,0.0,0.0,-44.28597357734027,0.0,0.0,hard,False,False,43.9952297685383,0.0,1.0,0.0,0.9804841750435145
3090,1767151362362,0.0,0.0,0.0,0.0,-44.28597357734027,0.0,0.0,hard,False,False,43.9952297685383,0.0,1.0,0.0,0.9804841750435145
3091,1767151362398,0.0,0.0,0.0,0.0,-44.28597357734027,0.0,0.0,hard,False,False,43.9952297685383,0.0,1.0,0.0,0.9804841750435145
3092,1767151362429,0.0,0.0,0.0,0.0,-44.28597357734027,0.0,0.0,hard,False,False,43.9952297685383,0.0,1.0,0.0,0.9804841750435145
3093,1767151362462,0.0,0.0,0.0,0.0,-44.28597357734027,0.0,0.0,hard,False,False,43.9952297685383,0.0,1.0,0.0,0.9804841750435145
3094,1767151362496,0.0,0.0,0.0,0.0,-44.28597357734027,0.0,0.0,hard,False,False,43.9952297685383,0.0,1.0,0.0,0.9804841750435145
3095,1767151362530,0.0,0.0,0.0,0.0,-44.28597357734027,0.0,0.0,hard,False,False,43.9952297685383,0.0,1.0,0.0,0.9804841750435145
3096,1767151362562,0.0,0.0,0.0,0.0,-44.28597357734027,0.0,0.0,hard,False,False,43.9952297685383,0.0,1.0,0.0,0.9804841750435145
3097,1767151362596,0.0,0.0,0.0,0.0,-44.28597357734027,0.0,0.0,hard,False,False,43.9952297685383,0.0,1.0,0.0,0.9804841750435145
3098,1767151362630,0.0,0.0,0.0,0.0,-44.28597357734027,0.0,0.0,hard,False,False,43.9952297685383,0.0,1.0,0.0,0.9804841750435145
3099,1767151362662,0.0,0.0,0.0,0.0,-44.28597357734027,0.0,0.0,hard,False,False,43.9952297685383,0.0,1.0,0.0,0.9804841750435145
3100,1767151362696,0.0,0.0,0.0,0.0,-44.28597357734027,0.0,0.0,hard,False,False,43.9952297685383,0.0,1.0,0.0,0.9804841750435145
3101,1767151362729,0.0,0.0,0.0,0.0,-44.28597357734027,0.0,0.0,hard,False,False,43.9952297685383,0.0,1.0,0.0,0.9804841750435145
3102,1767151362762,0.0,0.0,0.0,0.0,-44.28597357734027,0.0,0.0,hard,False,False,43.9952297685383,0.0,1.0,0.0,0.9804841750435145
3103,1767151362795,0.0,0.0,0.0,0.0,-44.28597357734027,0.0,0.0,hard,False,False,43.9952297685383,0.0,1.0,0.0,0.9804841750435145
3104,1767151362829,0.0,0.0,0.0,0.0,-44.28597357734027,0.0,0.0,hard,False,False,43.9952297685383,0.0,1.0,0.0,0.9804841750435145
3105,1767151362866,0.0,0.0,0.0,0.0,-44.28597357734027,0.0,0.0,hard,False,False,43.9952297685383,0.0,1.0,0.0,0.9804841750435145
3106,1767151362896,0.0,0.0,0.0,0.0,-44.28597357734027,0.0,0.0,hard,False,False,43.9952297685383,0.0,1.0,0.0,0.9804841750435145
3107,1767151362932,0.0,0.0,0.0,0.0,-44.28597357734027,0.0,0.0,hard,False,False,43.9952297685383,0.0,1.0,0.0,0.9804841750435145
3108,1767151362962,0.0,0.0,0.0,0.0,-44.28597357734027,0.0,0.0,hard,False,False,43.9952297685383,0.0,1.0,0.0,0.9804841750435145
3109,1767151362996,0.0,0.0,0.0,0.0,-44.28597357734027,0.0,0.0,hard,False,False,43.9952297685383,0.0,1.0,0.0,0.9804841750435145
3110,1767151363029,0.0,0.0,0.0,0.0,-44.28597357734027,0.0,0.0,hard,False,False,43.9952297685383,0.0,1.0,0.0,0.9804841750435145
3111,1767151363062,0.0,0.0,0.0,0.0,-44.28597357734027,0.0,0.0,hard,False,False,43.9952297685383,0.0,1.0,0.0,0.9804841750435145
3112,1767151363096,0.0,0.0,0.0,0.0,-44.28597357734027,0.0,0.0,hard,False,False,43.9952297685383,0.0,1.0,0.0,0.9804841750435145
3113,1767151363129,0.0,0.0,0.0,0.0,-44.28597357734027,0.0,0.0,hard,False,False,43.9952297685383,0.0,1.0,0.0,0.9804841750435145
3114,1767151363162,0.0,0.0,0.0,0.0,-44.28597357734027,0.0,0.0,hard,False,False,43.9952297685383,0.0,1.0,0.0,0.9804841750435145
3115,1767151363196,0.0,0.0,0.0,0.0,-44.28597357734027,0.0,0.0,hard,False,False,43.9952297685383,0.0,1.0,0.0,0.9804841750435145
3116,1767151363233,0.0,0.0,0.0,0.0,-44.28597357734027,0.0,0.0,hard,False,False,43.9952297685383,0.0,1.0,0.0,0.9804841750435145
3117,1767151363262,0.0,0.0,0.0,0.0,-44.28597357734027,0.0,0.0,hard,False,False,43.9952297685383,0.0,1.0,0.0,0.9804841750435145
3118,1767151363296,0.0,0.0,0.0,0.0,-44.28597357734027,0.0,0.0,hard,False,False,43.9952297685383,0.0,1.0,0.0,0.9804841750435145
3119,1767151363329,0.0,0.0,0.0,0.0,-44.28597357734027,0.0,0.0,hard,False,False,43.9952297685383,0.0,1.0,0.0,0.9804841750435145
3120,1767151363362,0.0,0.0,0.0,0.0,-44.28597357734027,0.0,0.0,hard,False,False,43.9952297685383,0.0,1.0,0.0,0.9804841750435145
3121,1767151363395,0.0,0.0,0.0,0.0,-44.28597357734027,0.0,0.0,hard,False,False,43.9952297685383,0.0,1.0,0.0,0.9804841750435145
3122,1767151363429,0.0,0.0,0.0,0.0,-44.28597357734027,0.0,0.0,hard,False,False,43.9952297685383,0.0,1.0,0.0,0.9804841750435145
3123,1767151363462,0.0,0.0,0.0,0.0,-44.28597357734027,0.0,0.0,hard,False,False,43.9952297685383,0.0,1.0,0.0,0.9804841750435145
3124,1767151363496,0.0,0.0,0.0,0.0,-44.28597357734027,0.0,0.0,hard,False,False,43.9952297685383,0.0,1.0,0.0,0.9804841750435145
3125,1767151363529,0.0,0.0,0.0,0.0,-44.28597357734027,0.0,0.0,hard,False,False,43.9952297685383,0.0,1.0,0.0,0.9804841750435145
3126,1767151363562,0.0,0.0,0.0,0.0,-44.28597357734027,0.0,0.0,hard,False,False,43.9952297685383,0.0,1.0,0.0,0.9804841750435145
3127,1767151363596,0.0,0.0,0.0,0.0,-44.28597357734027,0.0,0.0,hard,False,False,43.9952297685383,0.0,1.0,0.0,0.9804841750435145
3128,1767151363629,0.0,0.0,0.0,0.0,-44.28597357734027,0.0,0.0,hard,False,False,43.9952297685383,0.0,1.0,0.0,0.9804841750435145
3129,1767151363662,0.0,0.0,0.0,0.0,-44.28597357734027,0.0,0.0,hard,False,False,43.9952297685383,0.0,1.0,0.0,0.9804841750435145
3130,1767151363696,0.0,0.0,0.0,0.0,-44.28597357734027,0.0,0.0,hard,False,False,43.9952297685383,0.0,1.0,0.0,0.9804841750435145
3131,1767151363729,0.0,0.0,0.0,0.0,-44.28597357734027,0.0,0.0,hard,False,False,43.9952297685383,0.0,1.0,0.0,0.9804841750435145
3132,1767151363762,0.0,0.0,0.0,0.0,-44.28597357734027,0.0,0.0,hard,False,False,43.9952297685383,0.0,1.0,0.0,0.9804841750435145
3133,1767151363796,0.0,0.0,0.0,0.0,-44.28597357734027,0.0,0.0,hard,False,False,43.9952297685383,0.0,1.0,0.0,0.9804841750435145
3134,1767151363829,0.0,0.0,0.0,0.0,-44.28597357734027,0.0,0.0,hard,False,False,43.9952297685383,0.0,1.0,0.0,0.9804841750435145
3135,1767151363862,0.0,0.0,0.0,0.0,-44.28597357734027,0.0,0.0,hard,False,False,43.9952297685383,0.0,1.0,0.0,0.9804841750435145
3136,1767151363900,0.0,0.0,0.0,0.0,-44.28597357734027,0.0,0.0,hard,False,False,43.9952297685383,0.0,1.0,0.0,0.9804841750435145
3137,1767151363929,0.0,0.0,0.0,0.0,-44.28597357734027,0.0,0.0,hard,False,False,43.9952297685383,0.0,1.0,0.0,0.9804841750435145
3138,1767151363962,0.0,0.0,0.0,0.0,-44.28597357734027,0.0,0.0,hard,False,False,43.9952297685383,0.0,1.0,0.0,0.9804841750435145
3139,1767151363996,0.0,0.0,0.0,0.0,-44.28597357734027,0.0,0.0,hard,False,False,43.9952297685383,0.0,1.0,0.0,0.9804841750435145
3140,1767151364029,0.0,0.0,0.0,0.0,-44.28597357734027,0.0,0.0,hard,False,False,43.9952297685383,0.0,1.0,0.0,0.9804841750435145
3141,1767151364063,0.0,0.0,0.0,0.0,-44.28597357734027,0.0,0.0,hard,False,False,43.9952297685383,0.0,1.0,0.0,0.9804841750435145
3142,1767151364096,0.0,0.0,0.0,0.0,-44.28597357734027,0.0,0.0,hard,False,False,43.9952297685383,0.0,1.0,0.0,0.9804841750435145
3143,1767151364129,0.0,0.0,0.0,0.0,-44.28597357734027,0.0,0.0,hard,False,False,43.9952297685383,0.0,1.0,0.0,0.9804841750435145
3144,1767151364166,0.0,0.0,0.0,0.0,-44.28597357734027,0.0,0.0,hard,False,False,43.9952297685383,0.0,1.0,0.0,0.9804841750435145
3145,1767151364196,0.0,0.0,0.0,0.0,-44.28597357734027,0.0,0.0,hard,False,False,43.9952297685383,0.0,1.0,0.0,0.9804841750435145
3146,1767151364229,0.0,0.0,0.0,0.0,-44.28597357734027,0.0,0.0,hard,False,False,43.9952297685383,0.0,1.0,0.0,0.9804841750435145
3147,1767151364262,0.0,0.0,0.0,0.0,-44.28597357734027,0.0,0.0,hard,False,False,43.9952297685383,0.0,1.0,0.0,0.9804841750435145
3148,1767151364296,0.0,0.0,0.0,0.0,-44.28597357734027,0.0,0.0,hard,False,False,43.9952297685383,0.0,1.0,0.0,0.9804841750435145
3149,1767151364332,0.0,0.0,0.0,0.0,-44.28597357734027,0.0,0.0,hard,False,False,43.9952297685383,0.0,1.0,0.0,0.9804841750435145
3150,1767151364362,0.0,0.0,0.0,0.0,-44.28597357734027,0.0,0.0,hard,False,False,43.9952297685383,0.0,1.0,0.0,0.9804841750435145
3151,1767151364397,0.0,0.0,0.0,0.0,-44.28597357734027,0.0,0.0,hard,False,False,43.9952297685383,0.0,1.0,0.0,0.9804841750435145
3152,1767151364429,0.0,0.0,0.0,0.0,-44.28597357734027,0.0,0.0,hard,False,False,43.9952297685383,0.0,1.0,0.0,0.9804841750435145
3153,1767151364463,0.0,0.0,0.0,0.0,-44.28597357734027,0.0,0.0,hard,False,False,43.9952297685383,0.0,1.0,0.0,0.9804841750435145
3154,1767151364496,0.0,0.0,0.0,0.0,-44.28597357734027,0.0,0.0,hard,False,False,43.9952297685383,0.0,1.0,0.0,0.9804841750435145
3155,1767151364529,0.0,0.0,0.0,0.0,-44.28597357734027,0.0,0.0,hard,False,False,43.9952297685383,0.0,1.0,0.0,0.9804841750435145
3156,1767151364562,0.0,0.0,0.0,0.0,-44.28597357734027,0.0,0.0,hard,False,False,43.9952297685383,0.0,1.0,0.0,0.9804841750435145
3157,1767151364596,0.0,0.0,0.0,0.0,-44.28597357734027,0.0,0.0,hard,False,False,43.9952297685383,0.0,1.0,0.0,0.9804841750435145
3158,1767151364664,0.0,0.0,0.0,0.0,-44.28597357734027,0.0,0.0,hard,False,False,43.9952297685383,0.0,1.0,0.0,0.9804841750435145
3159,1767151364696,0.0,0.0,0.0,0.0,-44.28597357734027,0.0,0.0,hard,False,False,43.9952297685383,0.0,1.0,0.0,0.9804841750435145
3160,1767151364729,0.0,0.0,0.0,0.0,-44.28597357734027,0.0,0.0,hard,False,False,43.9952297685383,0.0,1.0,0.0,0.9804841750435145
3161,1767151364763,0.0,0.0,0.0,0.0,-44.28597357734027,0.0,0.0,hard,False,False,43.9952297685383,0.0,1.0,0.0,0.9804841750435145
3162,1767151364796,0.0,0.0,0.0,0.0,-44.28597357734027,0.0,0.0,hard,False,False,43.9952297685383,0.0,1.0,0.0,0.9804841750435145
3163,1767151364829,0.0,0.0,0.0,0.0,-44.28597357734027,0.0,0.0,hard,False,False,43.9952297685383,0.0,1.0,0.0,0.9804841750435145
3164,1767151364863,0.0,0.0,0.0,0.0,-44.28597357734027,0.0,0.0,hard,False,False,43.9952297685383,0.0,1.0,0.0,0.9804841750435145
3165,1767151364896,0.0,0.0,0.0,0.0,-44.28597357734027,0.0,0.0,hard,False,False,43.9952297685383,0.0,1.0,0.0,0.9804841750435145
3166,1767151364929,0.0,0.0,0.0,0.0,-44.28597357734027,0.0,0.0,hard,False,False,43.9952297685383,0.0,1.0,0.0,0.9804841750435145
3167,1767151364962,0.0,0.0,0.0,0.0,-44.28597357734027,0.0,0.0,hard,False,False,43.9952297685383,0.0,1.0,0.0,0.9804841750435145
3168,1767151364996,0.0,0.0,0.0,0.0,-44.28597357734027,0.0,0.0,hard,False,False,43.9952297685383,0.0,1.0,0.0,0.9804841750435145
3169,1767151365204,0.0,0.0,0.0,0.0,-44.28597357734027,0.0,0.0,hard,False,False,43.9952297685383,0.0,1.0,0.0,0.9804841750435145
3170,1767151365227,0.0,0.0,0.0,0.0,-44.28597357734027,0.0,0.0,hard,False,False,43.9952297685383,0.0,1.0,0.0,0.9804841750435145
3171,1767151365247,0.0,0.0,0.0,0.0,-44.28597357734027,0.0,0.0,hard,False,False,43.9952297685383,0.0,1.0,0.0,0.9804841750435145
3172,1767151365266,0.0,0.0,0.0,0.0,-44.28597357734027,0.0,0.0,hard,False,False,43.9952297685383,0.0,1.0,0.0,0.9804841750435145
3173,1767151365285,0.0,0.0,0.0,0.0,-44.28597357734027,0.0,0.0,hard,False,False,43.9952297685383,0.0,1.0,0.0,0.9804841750435145
3174,1767151365305,0.0,0.0,0.0,0.0,-44.28597357734027,0.0,0.0,hard,False,False,43.9952297685383,0.0,1.0,0.0,0.9804841750435145
3175,1767151365325,0.0,0.0,0.0,0.0,-44.28597357734027,0.0,0.0,hard,False,False,43.9952297685383,0.0,1.0,0.0,0.9804841750435145
3176,1767151365346,0.0,0.0,0.0,0.0,-44.28597357734027,0.0,0.0,hard,False,False,43.9952297685383,0.0,1.0,0.0,0.9804841750435145
3177,1767151365365,0.0,0.0,0.0,0.0,-44.28597357734027,0.0,0.0,hard,False,False,43.9952297685383,0.0,1.0,0.0,0.9804841750435145
3178,1767151365396,0.0,0.0,0.0,0.0,-44.28597357734027,0.0,0.0,hard,False,False,43.9952297685383,0.0,1.0,0.0,0.9804841750435145
3179,1767151365430,0.0,0.0,0.0,0.0,-44.28597357734027,0.0,0.0,hard,False,False,43.9952297685383,0.0,1.0,0.0,0.9804841750435145
3180,1767151365463,0.0,0.0,0.0,0.0,-44.28597357734027,0.0,0.0,hard,False,False,43.9952297685383,0.0,1.0,0.0,0.9804841750435145
3181,1767151365496,0.0,0.0,0.0,0.0,-44.28597357734027,0.0,0.0,hard,False,False,43.9952297685383,0.0,1.0,0.0,0.9804841750435145
3182,1767151365529,0.0,0.0,0.0,0.0,-44.28597357734027,0.0,0.0,hard,False,False,43.9952297685383,0.0,1.0,0.0,0.9804841750435145
3183,1767151365565,0.0,0.0,0.0,0.0,-44.28597357734027,0.0,0.0,hard,False,False,43.9952297685383,0.0,1.0,0.0,0.9804841750435145
3184,1767151365596,0.0,0.0,0.0,0.0,-44.28597357734027,0.0,0.0,hard,False,False,43.9952297685383,0.0,1.0,0.0,0.9804841750435145
3185,1767151365704,0.0,0.0,0.0,0.0,-44.28597357734027,0.0,0.0,hard,False,False,43.9952297685383,0.0,1.0,0.0,0.9804841750435145
3186,1767151365725,0.0,0.0,0.0,0.0,-44.28597357734027,0.0,0.0,hard,False,False,43.9952297685383,0.0,1.0,0.0,0.9804841750435145
3187,1767151365746,0.0,0.0,0.0,0.0,-44.28597357734027,0.0,0.0,hard,False,False,43.9952297685383,0.0,1.0,0.0,0.9804841750435145
3188,1767151365772,0.0,0.0,0.0,0.0,-44.28597357734027,0.0,0.0,hard,False,False,43.9952297685383,0.0,1.0,0.0,0.9804841750435145
3189,1767151365799,0.0,0.0,0.0,0.0,-44.28597357734027,0.0,0.0,hard,False,False,43.9952297685383,0.0,1.0,0.0,0.9804841750435145
3190,1767151365823,0.0,0.0,0.0,0.0,-44.28597357734027,0.0,0.0,hard,False,False,43.9952297685383,0.0,1.0,0.0,0.9804841750435145
3191,1767151365848,0.0,0.0,0.0,0.0,-44.28597357734027,0.0,0.0,hard,False,False,43.9952297685383,0.0,1.0,0.0,0.9804841750435145
3192,1767151365871,0.0,0.0,0.0,0.0,-44.28597357734027,0.0,0.0,hard,False,False,43.9952297685383,0.0,1.0,0.0,0.9804841750435145
3193,1767151365900,0.0,0.0,0.0,0.0,-44.28597357734027,0.0,0.0,hard,False,False,43.9952297685383,0.0,1.0,0.0,0.9804841750435145
3194,1767151365932,0.0,0.0,0.0,0.0,-44.28597357734027,0.0,0.0,hard,False,False,43.9952297685383,0.0,1.0,0.0,0.9804841750435145
3195,1767151365966,0.0,0.0,0.0,0.0,-44.28597357734027,0.0,0.0,hard,False,False,43.9952297685383,0.0,1.0,0.0,0.9804841750435145
3196,1767151365996,0.0,0.0,0.0,0.0,-44.28597357734027,0.0,0.0,hard,False,False,43.9952297685383,0.0,1.0,0.0,0.9804841750435145
3197,1767151366030,0.0,0.0,0.0,0.0,-44.28597357734027,0.0,0.0,hard,False,False,43.9952297685383,0.0,1.0,0.0,0.9804841750435145
3198,1767151366063,0.0,0.0,0.0,0.0,-44.28597357734027,0.0,0.0,hard,False,False,43.9952297685383,0.0,1.0,0.0,0.9804841750435145
3199,1767151366096,0.0,0.0,0.0,0.0,-44.28597357734027,0.0,0.0,hard,False,False,43.9952297685383,0.0,1.0,0.0,0.9804841750435145
3200,1767151366129,0.0,0.0,0.0,0.0,-44.28597357734027,0.0,0.0,hard,False,False,43.9952297685383,0.0,1.0,0.0,0.9804841750435145
3201,1767151366163,0.0,0.0,0.0,0.0,-44.28597357734027,0.0,0.0,hard,False,False,43.9952297685383,0.0,1.0,0.0,0.9804841750435145
3202,1767151366196,0.0,0.0,0.0,0.0,-44.28597357734027,0.0,0.0,hard,False,False,43.9952297685383,0.0,1.0,0.0,0.9804841750435145
3203,1767151366229,0.0,0.0,0.0,0.0,-44.28597357734027,0.0,0.0,hard,False,False,43.9952297685383,0.0,1.0,0.0,0.9804841750435145
3204,1767151366263,0.0,0.0,0.0,0.0,-44.28597357734027,0.0,0.0,hard,False,False,43.9952297685383,0.0,1.0,0.0,0.9804841750435145
3205,1767151366296,0.0,0.0,0.0,0.0,-44.28597357734027,0.0,0.0,hard,False,False,43.9952297685383,0.0,1.0,0.0,0.9804841750435145
3206,1767151366329,0.0,0.0,0.0,0.0,-44.28597357734027,0.0,0.0,hard,False,False,43.9952297685383,0.0,1.0,0.0,0.9804841750435145
3207,1767151366363,0.0,0.0,0.0,0.0,-44.28597357734027,0.0,0.0,hard,False,False,43.9952297685383,0.0,1.0,0.0,0.9804841750435145
3208,1767151366396,0.0,0.0,0.0,0.0,-44.28597357734027,0.0,0.0,hard,False,False,43.9952297685383,0.0,1.0,0.0,0.9804841750435145
3209,1767151366429,0.0,0.0,0.0,0.0,-44.28597357734027,0.0,0.0,hard,False,False,43.9952297685383,0.0,1.0,0.0,0.9804841750435145
3210,1767151366463,0.0,0.0,0.0,0.0,-44.28597357734027,0.0,0.0,hard,False,False,43.9952297685383,0.0,1.0,0.0,0.9804841750435145
3211,1767151366496,0.0,0.0,0.0,0.0,-44.28597357734027,0.0,0.0,hard,False,False,43.9952297685383,0.0,1.0,0.0,0.9804841750435145
3212,1767151366531,0.0,0.0,0.0,0.0,-44.28597357734027,0.0,0.0,hard,False,False,43.9952297685383,0.0,1.0,0.0,0.9804841750435145
3213,1767151366563,0.0,0.0,0.0,0.0,-44.28597357734027,0.0,0.0,hard,False,False,43.9952297685383,0.0,1.0,0.0,0.9804841750435145
3214,1767151366596,0.0,0.0,0.0,0.0,-44.28597357734027,0.0,0.0,hard,False,False,43.9952297685383,0.0,1.0,0.0,0.9804841750435145
3215,1767151366630,0.0,0.0,0.0,0.0,-44.28597357734027,0.0,0.0,hard,False,False,43.9952297685383,0.0,1.0,0.0,0.9804841750435145
3216,1767151366663,0.0,0.0,0.0,0.0,-44.28597357734027,0.0,0.0,hard,False,False,43.9952297685383,0.0,1.0,0.0,0.9804841750435145
3217,1767151366697,0.0,0.0,0.0,0.0,-44.28597357734027,0.0,0.0,hard,False,False,43.9952297685383,0.0,1.0,0.0,0.9804841750435145
3218,1767151366730,0.0,0.0,0.0,0.0,-44.28597357734027,0.0,0.0,hard,False,False,43.9952297685383,0.0,1.0,0.0,0.9804841750435145
3219,1767151366763,0.0,0.0,0.0,0.0,-44.28597357734027,0.0,0.0,hard,False,False,43.9952297685383,0.0,1.0,0.0,0.9804841750435145
3220,1767151366803,0.0,0.0,0.0,0.0,-44.28597357734027,0.0,0.0,hard,False,False,43.9952297685383,0.0,1.0,0.0,0.9804841750435145
3221,1767151366838,0.0,0.0,0.0,0.0,-44.28597357734027,0.0,0.0,hard,False,False,43.9952297685383,0.0,1.0,0.0,0.9804841750435145
3222,1767151366864,0.0,0.0,0.0,0.0,-44.28597357734027,0.0,0.0,hard,False,False,43.9952297685383,0.0,1.0,0.0,0.9804841750435145
3223,1767151366902,0.0,0.0,0.0,0.0,-44.28597357734027,0.0,0.0,hard,False,False,43.9952297685383,0.0,1.0,0.0,0.9804841750435145
3224,1767151366930,0.0,0.0,0.0,0.0,-44.28597357734027,0.0,0.0,hard,False,False,43.9952297685383,0.0,1.0,0.0,0.9804841750435145
3225,1767151366963,0.0,0.0,0.0,0.0,-44.28597357734027,0.0,0.0,hard,False,False,43.9952297685383,0.0,1.0,0.0,0.9804841750435145
3226,1767151366996,0.0,0.0,0.0,0.0,-44.28597357734027,0.0,0.0,hard,False,False,43.9952297685383,0.0,1.0,0.0,0.9804841750435145
3227,1767151367030,0.0,0.0,0.0,0.0,-44.28597357734027,0.0,0.0,hard,False,False,43.9952297685383,0.0,1.0,0.0,0.9804841750435145
3228,1767151367063,0.0,0.0,0.0,0.0,-44.28597357734027,0.0,0.0,hard,False,False,43.9952297685383,0.0,1.0,0.0,0.9804841750435145
3229,1767151367096,0.0,0.0,0.0,0.0,-44.28597357734027,0.0,0.0,hard,False,False,43.9952297685383,0.0,1.0,0.0,0.9804841750435145
3230,1767151367130,0.0,0.0,0.0,0.0,-44.28597357734027,0.0,0.0,hard,False,False,43.9952297685383,0.0,1.0,0.0,0.9804841750435145
3231,1767151367163,0.0,0.0,0.0,0.0,-44.28597357734027,0.0,0.0,hard,False,False,43.9952297685383,0.0,1.0,0.0,0.9804841750435145
3232,1767151367197,0.0,0.0,0.0,0.0,-44.28597357734027,0.0,0.0,hard,False,False,43.9952297685383,0.0,1.0,0.0,0.9804841750435145
3233,1767151367231,0.0,0.0,0.0,0.0,-44.28597357734027,0.0,0.0,hard,False,False,43.9952297685383,0.0,1.0,0.0,0.9804841750435145
3234,1767151367263,0.0,0.0,0.0,0.0,-44.28597357734027,0.0,0.0,hard,False,False,43.9952297685383,0.0,1.0,0.0,0.9804841750435145
3235,1767151367296,0.0,0.0,0.0,0.0,-44.28597357734027,0.0,0.0,hard,False,False,43.9952297685383,0.0,1.0,0.0,0.9804841750435145
3236,1767151367330,0.0,0.0,0.0,0.0,-44.28597357734027,0.0,0.0,hard,False,False,43.9952297685383,0.0,1.0,0.0,0.9804841750435145
3237,1767151367363,0.0,0.0,0.0,0.0,-44.28597357734027,0.0,0.0,hard,False,False,43.9952297685383,0.0,1.0,0.0,0.9804841750435145
3238,1767151367401,0.0,0.0,0.0,0.0,-44.28597357734027,0.0,0.0,hard,False,False,43.9952297685383,0.0,1.0,0.0,0.9804841750435145
3239,1767151367430,0.0,0.0,0.0,0.0,-44.28597357734027,0.0,0.0,hard,False,False,43.9952297685383,0.0,1.0,0.0,0.9804841750435145
3240,1767151367463,0.0,0.0,0.0,0.0,-44.28597357734027,0.0,0.0,hard,False,False,43.9952297685383,0.0,1.0,0.0,0.9804841750435145
3241,1767151367496,0.0,0.0,0.0,0.0,-44.28597357734027,0.0,0.0,hard,False,False,43.9952297685383,0.0,1.0,0.0,0.9804841750435145
3242,1767151367529,0.0,0.0,0.0,0.0,-44.28597357734027,0.0,0.0,hard,False,False,43.9952297685383,0.0,1.0,0.0,0.9804841750435145
3243,1767151367563,0.0,0.0,0.0,0.0,-44.28597357734027,0.0,0.0,hard,False,False,43.9952297685383,0.0,1.0,0.0,0.9804841750435145
3244,1767151367596,0.0,0.0,0.0,0.0,-44.28597357734027,0.0,0.0,hard,False,False,43.9952297685383,0.0,1.0,0.0,0.9804841750435145
3245,1767151367630,0.0,0.0,0.0,0.0,-44.28597357734027,0.0,0.0,hard,False,False,43.9952297685383,0.0,1.0,0.0,0.9804841750435145
3246,1767151367663,0.0,0.0,0.0,0.0,-44.28597357734027,0.0,0.0,hard,False,False,43.9952297685383,0.0,1.0,0.0,0.9804841750435145
3247,1767151367696,0.0,0.0,0.0,0.0,-44.28597357734027,0.0,0.0,hard,False,False,43.9952297685383,0.0,1.0,0.0,0.9804841750435145
3248,1767151367730,0.0,0.0,0.0,0.0,-44.28597357734027,0.0,0.0,hard,False,False,43.9952297685383,0.0,1.0,0.0,0.9804841750435145
3249,1767151367763,0.0,0.0,0.0,0.0,-44.28597357734027,0.0,0.0,hard,False,False,43.9952297685383,0.0,1.0,0.0,0.9804841750435145
3250,1767151367796,0.0,0.0,0.0,0.0,-44.28597357734027,0.0,0.0,hard,False,False,43.9952297685383,0.0,1.0,0.0,0.9804841750435145
3251,1767151367830,0.0,0.0,0.0,0.0,-44.28597357734027,0.0,0.0,hard,False,False,43.9952297685383,0.0,1.0,0.0,0.9804841750435145
3252,1767151367863,0.0,0.0,0.0,0.0,-44.28597357734027,0.0,0.0,hard,False,False,43.9952297685383,0.0,1.0,0.0,0.9804841750435145
3253,1767151367896,0.0,0.0,0.0,0.0,-44.28597357734027,0.0,0.0,hard,False,False,43.9952297685383,0.0,1.0,0.0,0.9804841750435145
3254,1767151367930,0.0,0.0,0.0,0.0,-44.28597357734027,0.0,0.0,hard,False,False,43.9952297685383,0.0,1.0,0.0,0.9804841750435145
3255,1767151367963,0.0,0.0,0.0,0.0,-44.28597357734027,0.0,0.0,hard,False,False,43.9952297685383,0.0,1.0,0.0,0.9804841750435145
3256,1767151368002,0.0,0.0,0.0,0.0,-44.28597357734027,0.0,0.0,hard,False,False,43.9952297685383,0.0,1.0,0.0,0.9804841750435145
3257,1767151368030,0.0,0.0,0.0,0.0,-44.28597357734027,0.0,0.0,hard,False,False,43.9952297685383,0.0,1.0,0.0,0.9804841750435145
3258,1767151368067,0.0,0.0,0.0,0.0,-44.28597357734027,0.0,0.0,hard,False,False,43.9952297685383,0.0,1.0,0.0,0.9804841750435145
3259,1767151368096,0.0,0.0,0.0,0.0,-44.28597357734027,0.0,0.0,hard,False,False,43.9952297685383,0.0,1.0,0.0,0.9804841750435145
3260,1767151368130,0.0,0.0,0.0,0.0,-44.28597357734027,0.0,0.0,hard,False,False,43.9952297685383,0.0,1.0,0.0,0.9804841750435145
3261,1767151368163,0.0,0.0,0.0,0.0,-44.28597357734027,0.0,0.0,hard,False,False,43.9952297685383,0.0,1.0,0.0,0.9804841750435145
3262,1767151368196,0.0,0.0,0.0,0.0,-44.28597357734027,0.0,0.0,hard,False,False,43.9952297685383,0.0,1.0,0.0,0.9804841750435145
3263,1767151368230,0.0,0.0,0.0,0.0,-44.28597357734027,0.0,0.0,hard,False,False,43.9952297685383,0.0,1.0,0.0,0.9804841750435145
3264,1767151368264,0.0,0.0,0.0,0.0,-44.28597357734027,0.0,0.0,hard,False,False,43.9952297685383,0.0,1.0,0.0,0.9804841750435145
3265,1767151368297,0.0,0.0,0.0,0.0,-44.28597357734027,0.0,0.0,hard,False,False,43.9952297685383,0.0,1.0,0.0,0.9804841750435145
3266,1767151368330,0.0,0.0,0.0,0.0,-44.28597357734027,0.0,0.0,hard,False,False,43.9952297685383,0.0,1.0,0.0,0.9804841750435145
3267,1767151368363,0.0,0.0,0.0,0.0,-44.28597357734027,0.0,0.0,hard,False,False,43.9952297685383,0.0,1.0,0.0,0.9804841750435145
3268,1767151368396,0.0,0.0,0.0,0.0,-44.28597357734027,0.0,0.0,hard,False,False,43.9952297685383,0.0,1.0,0.0,0.9804841750435145
3269,1767151368430,0.0,0.0,0.0,0.0,-44.28597357734027,0.0,0.0,hard,False,False,43.9952297685383,0.0,1.0,0.0,0.9804841750435145
3270,1767151368463,0.0,0.0,0.0,0.0,-44.28597357734027,0.0,0.0,hard,False,False,43.9952297685383,0.0,1.0,0.0,0.9804841750435145
3271,1767151368496,0.0,0.0,0.0,0.0,-44.28597357734027,0.0,0.0,hard,False,False,43.9952297685383,0.0,1.0,0.0,0.9804841750435145
3272,1767151368530,0.0,0.0,0.0,0.0,-44.28597357734027,0.0,0.0,hard,False,False,43.9952297685383,0.0,1.0,0.0,0.9804841750435145
3273,1767151368563,0.0,0.0,0.0,0.0,-44.28597357734027,0.0,0.0,hard,False,False,43.9952297685383,0.0,1.0,0.0,0.9804841750435145
3274,1767151368597,0.0,0.0,0.0,0.0,-44.28597357734027,0.0,0.0,hard,False,False,43.9952297685383,0.0,1.0,0.0,0.9804841750435145
3275,1767151368630,0.0,0.0,0.0,0.0,-44.28597357734027,0.0,0.0,hard,False,False,43.9952297685383,0.0,1.0,0.0,0.9804841750435145
3276,1767151368663,0.0,0.0,0.0,0.0,-44.28597357734027,0.0,0.0,hard,False,False,43.9952297685383,0.0,1.0,0.0,0.9804841750435145
3277,1767151368697,0.0,0.0,0.0,0.0,-44.28597357734027,0.0,0.0,hard,False,False,43.9952297685383,0.0,1.0,0.0,0.9804841750435145
3278,1767151368730,0.0,0.0,0.0,0.0,-44.28597357734027,0.0,0.0,hard,False,False,43.9952297685383,0.0,1.0,0.0,0.9804841750435145
3279,1767151368763,0.0,0.0,0.0,0.0,-44.28597357734027,0.0,0.0,hard,False,False,43.9952297685383,0.0,1.0,0.0,0.9804841750435145
3280,1767151368796,0.0,0.0,0.0,0.0,-44.28597357734027,0.0,0.0,hard,False,False,43.9952297685383,0.0,1.0,0.0,0.9804841750435145
3281,1767151368830,0.0,0.0,0.0,0.0,-44.28597357734027,0.0,0.0,hard,False,False,43.9952297685383,0.0,1.0,0.0,0.9804841750435145
3282,1767151368863,0.0,0.0,0.0,0.0,-44.28597357734027,0.0,0.0,hard,False,False,43.9952297685383,0.0,1.0,0.0,0.9804841750435145
3283,1767151368896,0.0,0.0,0.0,0.0,-44.28597357734027,0.0,0.0,hard,False,False,43.9952297685383,0.0,1.0,0.0,0.9804841750435145
3284,1767151368930,0.0,0.0,0.0,0.0,-44.28597357734027,0.0,0.0,hard,False,False,43.9952297685383,0.0,1.0,0.0,0.9804841750435145
3285,1767151368963,0.0,0.0,0.0,0.0,-44.28597357734027,0.0,0.0,hard,False,False,43.9952297685383,0.0,1.0,0.0,0.9804841750435145
3286,1767151368996,0.0,0.0,0.0,0.0,-44.28597357734027,0.0,0.0,hard,False,False,43.9952297685383,0.0,1.0,0.0,0.9804841750435145
3287,1767151369030,0.0,0.0,0.0,0.0,-44.28597357734027,0.0,0.0,hard,False,False,43.9952297685383,0.0,1.0,0.0,0.9804841750435145
3288,1767151369063,0.0,0.0,0.0,0.0,-44.28597357734027,0.0,0.0,hard,False,False,43.9952297685383,0.0,1.0,0.0,0.9804841750435145
3289,1767151369097,0.0,0.0,0.0,0.0,-44.28597357734027,0.0,0.0,hard,False,False,43.9952297685383,0.0,1.0,0.0,0.9804841750435145
3290,1767151369130,0.0,0.0,0.0,0.0,-44.28597357734027,0.0,0.0,hard,False,False,43.9952297685383,0.0,1.0,0.0,0.9804841750435145
3291,1767151369163,0.0,0.0,0.0,0.0,-44.28597357734027,0.0,0.0,hard,False,False,43.9952297685383,0.0,1.0,0.0,0.9804841750435145
3292,1767151369196,0.0,0.0,0.0,0.0,-44.28597357734027,0.0,0.0,hard,False,False,43.9952297685383,0.0,1.0,0.0,0.9804841750435145
3293,1767151369230,0.0,0.0,0.0,0.0,-44.28597357734027,0.0,0.0,hard,False,False,43.9952297685383,0.0,1.0,0.0,0.9804841750435145
3294,1767151369263,0.0,0.0,0.0,0.0,-44.28597357734027,0.0,0.0,hard,False,False,43.9952297685383,0.0,1.0,0.0,0.9804841750435145
3295,1767151369297,0.0,0.0,0.0,0.0,-44.28597357734027,0.0,0.0,hard,False,False,43.9952297685383,0.0,1.0,0.0,0.9804841750435145
3296,1767151369330,0.0,0.0,0.0,0.0,-44.28597357734027,0.0,0.0,hard,False,False,43.9952297685383,0.0,1.0,0.0,0.9804841750435145
3297,1767151369363,0.0,0.0,0.0,0.0,-44.28597357734027,0.0,0.0,hard,False,False,43.9952297685383,0.0,1.0,0.0,0.9804841750435145
3298,1767151369397,0.0,0.0,0.0,0.0,-44.28597357734027,0.0,0.0,hard,False,False,43.9952297685383,0.0,1.0,0.0,0.9804841750435145
3299,1767151369430,0.0,0.0,0.0,0.0,-44.28597357734027,0.0,0.0,hard,False,False,43.9952297685383,0.0,1.0,0.0,0.9804841750435145
3300,1767151369463,0.0,0.0,0.0,0.0,-44.28597357734027,0.0,0.0,hard,False,False,43.9952297685383,0.0,1.0,0.0,0.9804841750435145
3301,1767151369497,0.0,0.0,0.0,0.0,-44.28597357734027,0.0,0.0,hard,False,False,43.9952297685383,0.0,1.0,0.0,0.9804841750435145
3302,1767151369530,0.0,0.0,0.0,0.0,-44.28597357734027,0.0,0.0,hard,False,False,43.9952297685383,0.0,1.0,0.0,0.9804841750435145
3303,1767151369563,0.0,0.0,0.0,0.0,-44.28597357734027,0.0,0.0,hard,False,False,43.9952297685383,0.0,1.0,0.0,0.9804841750435145
3304,1767151369598,0.0,0.0,0.0,0.0,-44.28597357734027,0.0,0.0,hard,False,False,43.9952297685383,0.0,1.0,0.0,0.9804841750435145
3305,1767151369630,0.0,0.0,0.0,0.0,-44.28597357734027,0.0,0.0,hard,False,False,43.9952297685383,0.0,1.0,0.0,0.9804841750435145
3306,1767151369663,0.0,0.0,0.0,0.0,-44.28597357734027,0.0,0.0,hard,False,False,43.9952297685383,0.0,1.0,0.0,0.9804841750435145
3307,1767151369697,0.0,0.0,0.0,0.0,-44.28597357734027,0.0,0.0,hard,False,False,43.9952297685383,0.0,1.0,0.0,0.9804841750435145
3308,1767151369730,0.0,0.0,0.0,0.0,-44.28597357734027,0.0,0.0,hard,False,False,43.9952297685383,0.0,1.0,0.0,0.9804841750435145
3309,1767151369763,0.0,0.0,0.0,0.0,-44.28597357734027,0.0,0.0,hard,False,False,43.9952297685383,0.0,1.0,0.0,0.9804841750435145
3310,1767151369797,0.0,0.0,0.0,0.0,-44.28597357734027,0.0,0.0,hard,False,False,43.9952297685383,0.0,1.0,0.0,0.9804841750435145
3311,1767151369830,0.0,0.0,0.0,0.0,-44.28597357734027,0.0,0.0,hard,False,False,43.9952297685383,0.0,1.0,0.0,0.9804841750435145
3312,1767151369863,0.0,0.0,0.0,0.0,-44.28597357734027,0.0,0.0,hard,False,False,43.9952297685383,0.0,1.0,0.0,0.9804841750435145
3313,1767151369899,0.0,0.0,0.0,0.0,-44.28597357734027,0.0,0.0,hard,False,False,43.9952297685383,0.0,1.0,0.0,0.9804841750435145
3314,1767151369930,0.0,0.0,0.0,0.0,-44.28597357734027,0.0,0.0,hard,False,False,43.9952297685383,0.0,1.0,0.0,0.9804841750435145
3315,1767151369967,0.0,0.0,0.0,0.0,-44.28597357734027,0.0,0.0,hard,False,False,43.9952297685383,0.0,1.0,0.0,0.9804841750435145
3316,1767151369997,0.0,0.0,0.0,0.0,-44.28597357734027,0.0,0.0,hard,False,False,43.9952297685383,0.0,1.0,0.0,0.9804841750435145
3317,1767151370030,0.0,0.0,0.0,0.0,-44.28597357734027,0.0,0.0,hard,False,False,43.9952297685383,0.0,1.0,0.0,0.9804841750435145
3318,1767151370063,0.0,0.0,0.0,0.0,-44.28597357734027,0.0,0.0,hard,False,False,43.9952297685383,0.0,1.0,0.0,0.9804841750435145
3319,1767151370097,0.0,0.0,0.0,0.0,-44.28597357734027,0.0,0.0,hard,False,False,43.9952297685383,0.0,1.0,0.0,0.9804841750435145
3320,1767151370130,0.0,0.0,0.0,0.0,-44.28597357734027,0.0,0.0,hard,False,False,43.9952297685383,0.0,1.0,0.0,0.9804841750435145
3321,1767151370163,0.0,0.0,0.0,0.0,-44.28597357734027,0.0,0.0,hard,False,False,43.9952297685383,0.0,1.0,0.0,0.9804841750435145
3322,1767151370197,0.0,0.0,0.0,0.0,-44.28597357734027,0.0,0.0,hard,False,False,43.9952297685383,0.0,1.0,0.0,0.9804841750435145
3323,1767151370230,0.0,0.0,0.0,0.0,-44.28597357734027,0.0,0.0,hard,False,False,43.9952297685383,0.0,1.0,0.0,0.9804841750435145
3324,1767151370266,0.0,0.0,0.0,0.0,-44.28597357734027,0.0,0.0,hard,False,False,43.9952297685383,0.0,1.0,0.0,0.9804841750435145
3325,1767151370296,0.0,0.0,0.0,0.0,-44.28597357734027,0.0,0.0,hard,False,False,43.9952297685383,0.0,1.0,0.0,0.9804841750435145
3326,1767151370330,0.0,0.0,0.0,0.0,-44.28597357734027,0.0,0.0,hard,False,False,43.9952297685383,0.0,1.0,0.0,0.9804841750435145
3327,1767151370364,0.0,0.0,0.0,0.0,-44.28597357734027,0.0,0.0,hard,False,False,43.9952297685383,0.0,1.0,0.0,0.9804841750435145
3328,1767151370397,0.0,0.0,0.0,0.0,-44.28597357734027,0.0,0.0,hard,False,False,43.9952297685383,0.0,1.0,0.0,0.9804841750435145
3329,1767151370430,0.0,0.0,0.0,0.0,-44.28597357734027,0.0,0.0,hard,False,False,43.9952297685383,0.0,1.0,0.0,0.9804841750435145
3330,1767151370463,0.0,0.0,0.0,0.0,-44.28597357734027,0.0,0.0,hard,False,False,43.9952297685383,0.0,1.0,0.0,0.9804841750435145
3331,1767151370497,0.0,0.0,0.0,0.0,-44.28597357734027,0.0,0.0,hard,False,False,43.9952297685383,0.0,1.0,0.0,0.9804841750435145
3332,1767151370530,0.0,0.0,0.0,0.0,-44.28597357734027,0.0,0.0,hard,False,False,43.9952297685383,0.0,1.0,0.0,0.9804841750435145
3333,1767151370568,0.0,0.0,0.0,0.0,-44.28597357734027,0.0,0.0,hard,False,False,43.9952297685383,0.0,1.0,0.0,0.9804841750435145
3334,1767151370597,0.0,0.0,0.0,0.0,-44.28597357734027,0.0,0.0,hard,False,False,43.9952297685383,0.0,1.0,0.0,0.9804841750435145
3335,1767151370631,0.0,0.0,0.0,0.0,-44.28597357734027,0.0,0.0,hard,False,False,43.9952297685383,0.0,1.0,0.0,0.9804841750435145
3336,1767151370664,0.0,0.0,0.0,0.0,-44.28597357734027,0.0,0.0,hard,False,False,43.9952297685383,0.0,1.0,0.0,0.9804841750435145
3337,1767151370697,0.0,0.0,0.0,0.0,-44.28597357734027,0.0,0.0,hard,False,False,43.9952297685383,0.0,1.0,0.0,0.9804841750435145
3338,1767151370730,0.0,0.0,0.0,0.0,-44.28597357734027,0.0,0.0,hard,False,False,43.9952297685383,0.0,1.0,0.0,0.9804841750435145
3339,1767151370763,0.0,0.0,0.0,0.0,-44.28597357734027,0.0,0.0,hard,False,False,43.9952297685383,0.0,1.0,0.0,0.9804841750435145
3340,1767151370801,0.0,0.0,0.0,0.0,-44.28597357734027,0.0,0.0,hard,False,False,43.9952297685383,0.0,1.0,0.0,0.9804841750435145
3341,1767151370830,0.0,0.0,0.0,0.0,-44.28597357734027,0.0,0.0,hard,False,False,43.9952297685383,0.0,1.0,0.0,0.9804841750435145
3342,1767151370864,0.0,0.0,0.0,0.0,-44.28597357734027,0.0,0.0,hard,False,False,43.9952297685383,0.0,1.0,0.0,0.9804841750435145
3343,1767151370897,0.0,0.0,0.0,0.0,-44.28597357734027,0.0,0.0,hard,False,False,43.9952297685383,0.0,1.0,0.0,0.9804841750435145
3344,1767151370930,0.0,0.0,0.0,0.0,-44.28597357734027,0.0,0.0,hard,False,False,43.9952297685383,0.0,1.0,0.0,0.9804841750435145
3345,1767151370963,0.0,0.0,0.0,0.0,-44.28597357734027,0.0,0.0,hard,False,False,43.9952297685383,0.0,1.0,0.0,0.9804841750435145
3346,1767151370997,0.0,0.0,0.0,0.0,-44.28597357734027,0.0,0.0,hard,False,False,43.9952297685383,0.0,1.0,0.0,0.9804841750435145
3347,1767151371030,0.0,0.0,0.0,0.0,-44.28597357734027,0.0,0.0,hard,False,False,43.9952297685383,0.0,1.0,0.0,0.9804841750435145
3348,1767151371064,0.0,0.0,0.0,0.0,-44.28597357734027,0.0,0.0,hard,False,False,43.9952297685383,0.0,1.0,0.0,0.9804841750435145
3349,1767151371097,0.0,0.0,0.0,0.0,-44.28597357734027,0.0,0.0,hard,False,False,43.9952297685383,0.0,1.0,0.0,0.9804841750435145
3350,1767151371130,0.0,0.0,0.0,0.0,-44.28597357734027,0.0,0.0,hard,False,False,43.9952297685383,0.0,1.0,0.0,0.9804841750435145
3351,1767151371163,0.0,0.0,0.0,0.0,-44.28597357734027,0.0,0.0,hard,False,False,43.9952297685383,0.0,1.0,0.0,0.9804841750435145
3352,1767151371197,0.0,0.0,0.0,0.0,-44.28597357734027,0.0,0.0,hard,False,False,43.9952297685383,0.0,1.0,0.0,0.9804841750435145
3353,1767151371230,0.0,0.0,0.0,0.0,-44.28597357734027,0.0,0.0,hard,False,False,43.9952297685383,0.0,1.0,0.0,0.9804841750435145
3354,1767151371263,0.0,0.0,0.0,0.0,-44.28597357734027,0.0,0.0,hard,False,False,43.9952297685383,0.0,1.0,0.0,0.9804841750435145
3355,1767151371297,0.0,0.0,0.0,0.0,-44.28597357734027,0.0,0.0,hard,False,False,43.9952297685383,0.0,1.0,0.0,0.9804841750435145
3356,1767151371486,0.0,0.0,0.0,0.0,-44.28597357734027,0.0,0.0,hard,False,False,43.9952297685383,0.0,1.0,0.0,0.9804841750435145
3357,1767151371506,0.0,0.0,0.0,0.0,-44.28597357734027,0.0,0.0,hard,False,False,43.9952297685383,0.0,1.0,0.0,0.9804841750435145
3358,1767151371527,0.0,0.0,0.0,0.0,-44.28597357734027,0.0,0.0,hard,False,False,43.9952297685383,0.0,1.0,0.0,0.9804841750435145
3359,1767151371546,0.0,0.0,0.0,0.0,-44.28597357734027,0.0,0.0,hard,False,False,43.9952297685383,0.0,1.0,0.0,0.9804841750435145
3360,1767151371567,0.0,0.0,0.0,0.0,-44.28597357734027,0.0,0.0,hard,False,False,43.9952297685383,0.0,1.0,0.0,0.9804841750435145
3361,1767151371586,0.0,0.0,0.0,0.0,-44.28597357734027,0.0,0.0,hard,False,False,43.9952297685383,0.0,1.0,0.0,0.9804841750435145
3362,1767151371609,0.0,0.0,0.0,0.0,-44.28597357734027,0.0,0.0,hard,False,False,43.9952297685383,0.0,1.0,0.0,0.9804841750435145
3363,1767151371630,0.0,0.0,0.0,0.0,-44.28597357734027,0.0,0.0,hard,False,False,43.9952297685383,0.0,1.0,0.0,0.9804841750435145
3364,1767151371666,0.0,0.0,0.0,0.0,-44.28597357734027,0.0,0.0,hard,False,False,43.9952297685383,0.0,1.0,0.0,0.9804841750435145
3365,1767151371697,0.0,0.0,0.0,0.0,-44.28597357734027,0.0,0.0,hard,False,False,43.9952297685383,0.0,1.0,0.0,0.9804841750435145
3366,1767151371730,0.0,0.0,0.0,0.0,-44.28597357734027,0.0,0.0,hard,False,False,43.9952297685383,0.0,1.0,0.0,0.9804841750435145
3367,1767151371763,0.0,0.0,0.0,0.0,-44.28597357734027,0.0,0.0,hard,False,False,43.9952297685383,0.0,1.0,0.0,0.9804841750435145
3368,1767151371797,0.0,0.0,0.0,0.0,-44.28597357734027,0.0,0.0,hard,False,False,43.9952297685383,0.0,1.0,0.0,0.9804841750435145
3369,1767151371830,0.0,0.0,0.0,0.0,-44.28597357734027,0.0,0.0,hard,False,False,43.9952297685383,0.0,1.0,0.0,0.9804841750435145
3370,1767151371941,0.0,0.0,0.0,0.0,-44.28597357734027,0.0,0.0,hard,False,False,43.9952297685383,0.0,1.0,0.0,0.9804841750435145
3371,1767151371959,0.0,0.0,0.0,0.0,-44.28597357734027,0.0,0.0,hard,False,False,43.9952297685383,0.0,1.0,0.0,0.9804841750435145
3372,1767151371978,0.0,0.0,0.0,0.0,-44.28597357734027,0.0,0.0,hard,False,False,43.9952297685383,0.0,1.0,0.0,0.9804841750435145
3373,1767151371998,0.0,0.0,0.0,0.0,-44.28597357734027,0.0,0.0,hard,False,False,43.9952297685383,0.0,1.0,0.0,0.9804841750435145
3374,1767151372018,0.0,0.0,0.0,0.0,-44.28597357734027,0.0,0.0,hard,False,False,43.9952297685383,0.0,1.0,0.0,0.9804841750435145
3375,1767151372038,0.0,0.0,0.0,0.0,-44.28597357734027,0.0,0.0,hard,False,False,43.9952297685383,0.0,1.0,0.0,0.9804841750435145
3376,1767151372064,0.0,0.0,0.0,0.0,-44.28597357734027,0.0,0.0,hard,False,False,43.9952297685383,0.0,1.0,0.0,0.9804841750435145
3377,1767151372097,0.0,0.0,0.0,0.0,-44.28597357734027,0.0,0.0,hard,False,False,43.9952297685383,0.0,1.0,0.0,0.9804841750435145
3378,1767151372130,0.0,0.0,0.0,0.0,-44.28597357734027,0.0,0.0,hard,False,False,43.9952297685383,0.0,1.0,0.0,0.9804841750435145
3379,1767151372167,0.0,0.0,0.0,0.0,-44.28597357734027,0.0,0.0,hard,False,False,43.9952297685383,0.0,1.0,0.0,0.9804841750435145
3380,1767151372197,0.0,0.0,0.0,0.0,-44.28597357734027,0.0,0.0,hard,False,False,43.9952297685383,0.0,1.0,0.0,0.9804841750435145
3381,1767151372230,0.0,0.0,0.0,0.0,-44.28597357734027,0.0,0.0,hard,False,False,43.9952297685383,0.0,1.0,0.0,0.9804841750435145
3382,1767151372264,0.0,0.0,0.0,0.0,-44.28597357734027,0.0,0.0,hard,False,False,43.9952297685383,0.0,1.0,0.0,0.9804841750435145
3383,1767151372298,0.0,0.0,0.0,0.0,-44.28597357734027,0.0,0.0,hard,False,False,43.9952297685383,0.0,1.0,0.0,0.9804841750435145
3384,1767151372330,0.0,0.0,0.0,0.0,-44.28597357734027,0.0,0.0,hard,False,False,43.9952297685383,0.0,1.0,0.0,0.9804841750435145
3385,1767151372363,0.0,0.0,0.0,0.0,-44.28597357734027,0.0,0.0,hard,False,False,43.9952297685383,0.0,1.0,0.0,0.9804841750435145
3386,1767151372397,0.0,0.0,0.0,0.0,-44.28597357734027,0.0,0.0,hard,False,False,43.9952297685383,0.0,1.0,0.0,0.9804841750435145
3387,1767151372430,0.0,0.0,0.0,0.0,-44.28597357734027,0.0,0.0,hard,False,False,43.9952297685383,0.0,1.0,0.0,0.9804841750435145
3388,1767151372464,0.0,0.0,0.0,0.0,-44.28597357734027,0.0,0.0,hard,False,False,43.9952297685383,0.0,1.0,0.0,0.9804841750435145
3389,1767151372501,0.0,0.0,0.0,0.0,-44.28597357734027,0.0,0.0,hard,False,False,43.9952297685383,0.0,1.0,0.0,0.9804841750435145
3390,1767151372531,0.0,0.0,0.0,0.0,-44.28597357734027,0.0,0.0,hard,False,False,43.9952297685383,0.0,1.0,0.0,0.9804841750435145
3391,1767151372564,0.0,0.0,0.0,0.0,-44.28597357734027,0.0,0.0,hard,False,False,43.9952297685383,0.0,1.0,0.0,0.9804841750435145
3392,1767151372598,0.0,0.0,0.0,0.0,-44.28597357734027,0.0,0.0,hard,False,False,43.9952297685383,0.0,1.0,0.0,0.9804841750435145
3393,1767151372630,0.0,0.0,0.0,0.0,-44.28597357734027,0.0,0.0,hard,False,False,43.9952297685383,0.0,1.0,0.0,0.9804841750435145
3394,1767151372663,0.0,0.0,0.0,0.0,-44.28597357734027,0.0,0.0,hard,False,False,43.9952297685383,0.0,1.0,0.0,0.9804841750435145
3395,1767151372697,0.0,0.0,0.0,0.0,-44.28597357734027,0.0,0.0,hard,False,False,43.9952297685383,0.0,1.0,0.0,0.9804841750435145
3396,1767151372730,0.0,0.0,0.0,0.0,-44.28597357734027,0.0,0.0,hard,False,False,43.9952297685383,0.0,1.0,0.0,0.9804841750435145
3397,1767151372764,0.0,0.0,0.0,0.0,-44.28597357734027,0.0,0.0,hard,False,False,43.9952297685383,0.0,1.0,0.0,0.9804841750435145
3398,1767151372797,0.0,0.0,0.0,0.0,-44.28597357734027,0.0,0.0,hard,False,False,43.9952297685383,0.0,1.0,0.0,0.9804841750435145
3399,1767151372830,0.0,0.0,0.0,0.0,-44.28597357734027,0.0,0.0,hard,False,False,43.9952297685383,0.0,1.0,0.0,0.9804841750435145
3400,1767151372868,0.0,0.0,0.0,0.0,-44.28597357734027,0.0,0.0,hard,False,False,43.9952297685383,0.0,1.0,0.0,0.9804841750435145
3401,1767151372898,0.0,0.0,0.0,0.0,-44.28597357734027,0.0,0.0,hard,False,False,43.9952297685383,0.0,1.0,0.0,0.9804841750435145
3402,1767151372930,0.0,0.0,0.0,0.0,-44.28597357734027,0.0,0.0,hard,False,False,43.9952297685383,0.0,1.0,0.0,0.9804841750435145
3403,1767151372964,0.0,0.0,0.0,0.0,-44.28597357734027,0.0,0.0,hard,False,False,43.9952297685383,0.0,1.0,0.0,0.9804841750435145
3404,1767151372997,0.0,0.0,0.0,0.0,-44.28597357734027,0.0,0.0,hard,False,False,43.9952297685383,0.0,1.0,0.0,0.9804841750435145
3405,1767151373031,0.0,0.0,0.0,0.0,-44.28597357734027,0.0,0.0,hard,False,False,43.9952297685383,0.0,1.0,0.0,0.9804841750435145
3406,1767151373064,0.0,0.0,0.0,0.0,-44.28597357734027,0.0,0.0,hard,False,False,43.9952297685383,0.0,1.0,0.0,0.9804841750435145
3407,1767151373097,0.0,0.0,0.0,0.0,-44.28597357734027,0.0,0.0,hard,False,False,43.9952297685383,0.0,1.0,0.0,0.9804841750435145
3408,1767151373130,0.0,0.0,0.0,0.0,-44.28597357734027,0.0,0.0,hard,False,False,43.9952297685383,0.0,1.0,0.0,0.9804841750435145
3409,1767151373164,0.0,0.0,0.0,0.0,-44.28597357734027,0.0,0.0,hard,False,False,43.9952297685383,0.0,1.0,0.0,0.9804841750435145
3410,1767151373197,0.0,0.0,0.0,0.0,-44.28597357734027,0.0,0.0,hard,False,False,43.9952297685383,0.0,1.0,0.0,0.9804841750435145
3411,1767151373230,0.0,0.0,0.0,0.0,-44.28597357734027,0.0,0.0,hard,False,False,43.9952297685383,0.0,1.0,0.0,0.9804841750435145
3412,1767151373264,0.0,0.0,0.0,0.0,-44.28597357734027,0.0,0.0,hard,False,False,43.9952297685383,0.0,1.0,0.0,0.9804841750435145
3413,1767151373302,0.0,0.0,0.0,0.0,-44.28597357734027,0.0,0.0,hard,False,False,43.9952297685383,0.0,1.0,0.0,0.9804841750435145
3414,1767151373330,0.0,0.0,0.0,0.0,-44.28597357734027,0.0,0.0,hard,False,False,43.9952297685383,0.0,1.0,0.0,0.9804841750435145
3415,1767151373364,0.0,0.0,0.0,0.0,-44.28597357734027,0.0,0.0,hard,False,False,43.9952297685383,0.0,1.0,0.0,0.9804841750435145
3416,1767151373398,0.0,0.0,0.0,0.0,-44.28597357734027,0.0,0.0,hard,False,False,43.9952297685383,0.0,1.0,0.0,0.9804841750435145
3417,1767151373430,0.0,0.0,0.0,0.0,-44.28597357734027,0.0,0.0,hard,False,False,43.9952297685383,0.0,1.0,0.0,0.9804841750435145
3418,1767151373464,0.0,0.0,0.0,0.0,-44.28597357734027,0.0,0.0,hard,False,False,43.9952297685383,0.0,1.0,0.0,0.9804841750435145
3419,1767151373501,0.0,0.0,0.0,0.0,-44.28597357734027,0.0,0.0,hard,False,False,43.9952297685383,0.0,1.0,0.0,0.9804841750435145
3420,1767151373530,0.0,0.0,0.0,0.0,-44.28597357734027,0.0,0.0,hard,False,False,43.9952297685383,0.0,1.0,0.0,0.9804841750435145
3421,1767151373564,0.0,0.0,0.0,0.0,-44.28597357734027,0.0,0.0,hard,False,False,43.9952297685383,0.0,1.0,0.0,0.9804841750435145
3422,1767151373597,0.0,0.0,0.0,0.0,-44.28597357734027,0.0,0.0,hard,False,False,43.9952297685383,0.0,1.0,0.0,0.9804841750435145
3423,1767151373630,0.0,0.0,0.0,0.0,-44.28597357734027,0.0,0.0,hard,False,False,43.9952297685383,0.0,1.0,0.0,0.9804841750435145
3424,1767151373664,0.0,0.0,0.0,0.0,-44.28597357734027,0.0,0.0,hard,False,False,43.9952297685383,0.0,1.0,0.0,0.9804841750435145
3425,1767151373697,0.0,0.0,0.0,0.0,-44.28597357734027,0.0,0.0,hard,False,False,43.9952297685383,0.0,1.0,0.0,0.9804841750435145
3426,1767151373731,0.0,0.0,0.0,0.0,-44.28597357734027,0.0,0.0,hard,False,False,43.9952297685383,0.0,1.0,0.0,0.9804841750435145
3427,1767151373764,0.0,0.0,0.0,0.0,-44.28597357734027,0.0,0.0,hard,False,False,43.9952297685383,0.0,1.0,0.0,0.9804841750435145
3428,1767151373797,0.0,0.0,0.0,0.0,-44.28597357734027,0.0,0.0,hard,False,False,43.9952297685383,0.0,1.0,0.0,0.9804841750435145
3429,1767151373832,0.0,0.0,0.0,0.0,-44.28597357734027,0.0,0.0,hard,False,False,43.9952297685383,0.0,1.0,0.0,0.9804841750435145
3430,1767151373864,0.0,0.0,0.0,0.0,-44.28597357734027,0.0,0.0,hard,False,False,43.9952297685383,0.0,1.0,0.0,0.9804841750435145
3431,1767151373897,0.0,0.0,0.0,0.0,-44.28597357734027,0.0,0.0,hard,False,False,43.9952297685383,0.0,1.0,0.0,0.9804841750435145
3432,1767151373932,0.0,0.0,0.0,0.0,-44.28597357734027,0.0,0.0,hard,False,False,43.9952297685383,0.0,1.0,0.0,0.9804841750435145
3433,1767151373964,0.0,0.0,0.0,0.0,-44.28597357734027,0.0,0.0,hard,False,False,43.9952297685383,0.0,1.0,0.0,0.9804841750435145
3434,1767151373997,0.0,0.0,0.0,0.0,-44.28597357734027,0.0,0.0,hard,False,False,43.9952297685383,0.0,1.0,0.0,0.9804841750435145
3435,1767151374031,0.0,0.0,0.0,0.0,-44.28597357734027,0.0,0.0,hard,False,False,43.9952297685383,0.0,1.0,0.0,0.9804841750435145
3436,1767151374064,0.0,0.0,0.0,0.0,-44.28597357734027,0.0,0.0,hard,False,False,43.9952297685383,0.0,1.0,0.0,0.9804841750435145
3437,1767151374097,0.0,0.0,0.0,0.0,-44.28597357734027,0.0,0.0,hard,False,False,43.9952297685383,0.0,1.0,0.0,0.9804841750435145
3438,1767151374130,0.0,0.0,0.0,0.0,-44.28597357734027,0.0,0.0,hard,False,False,43.9952297685383,0.0,1.0,0.0,0.9804841750435145
3439,1767151374164,0.0,0.0,0.0,0.0,-44.28597357734027,0.0,0.0,hard,False,False,43.9952297685383,0.0,1.0,0.0,0.9804841750435145
3440,1767151374197,0.0,0.0,0.0,0.0,-44.28597357734027,0.0,0.0,hard,False,False,43.9952297685383,0.0,1.0,0.0,0.9804841750435145
3441,1767151374233,0.0,0.0,0.0,0.0,-44.28597357734027,0.0,0.0,hard,False,False,43.9952297685383,0.0,1.0,0.0,0.9804841750435145
3442,1767151374264,0.0,0.0,0.0,0.0,-44.28597357734027,0.0,0.0,hard,False,False,43.9952297685383,0.0,1.0,0.0,0.9804841750435145
3443,1767151374297,0.0,0.0,0.0,0.0,-44.28597357734027,0.0,0.0,hard,False,False,43.9952297685383,0.0,1.0,0.0,0.9804841750435145
3444,1767151374331,0.0,0.0,0.0,0.0,-44.28597357734027,0.0,0.0,hard,False,False,43.9952297685383,0.0,1.0,0.0,0.9804841750435145
3445,1767151374364,0.0,0.0,0.0,0.0,-44.28597357734027,0.0,0.0,hard,False,False,43.9952297685383,0.0,1.0,0.0,0.9804841750435145
3446,1767151374397,0.0,0.0,0.0,0.0,-44.28597357734027,0.0,0.0,hard,False,False,43.9952297685383,0.0,1.0,0.0,0.9804841750435145
3447,1767151374431,0.0,0.0,0.0,0.0,-44.28597357734027,0.0,0.0,hard,False,False,43.9952297685383,0.0,1.0,0.0,0.9804841750435145
3448,1767151374464,0.0,0.0,0.0,0.0,-44.28597357734027,0.0,0.0,hard,False,False,43.9952297685383,0.0,1.0,0.0,0.9804841750435145
3449,1767151374497,0.0,0.0,0.0,0.0,-44.28597357734027,0.0,0.0,hard,False,False,43.9952297685383,0.0,1.0,0.0,0.9804841750435145
3450,1767151374531,0.0,0.0,0.0,0.0,-44.28597357734027,0.0,0.0,hard,False,False,43.9952297685383,0.0,1.0,0.0,0.9804841750435145
3451,1767151374564,0.0,0.0,0.0,0.0,-44.28597357734027,0.0,0.0,hard,False,False,43.9952297685383,0.0,1.0,0.0,0.9804841750435145
3452,1767151374597,0.0,0.0,0.0,0.0,-44.28597357734027,0.0,0.0,hard,False,False,43.9952297685383,0.0,1.0,0.0,0.9804841750435145
3453,1767151374630,0.0,0.0,0.0,0.0,-44.28597357734027,0.0,0.0,hard,False,False,43.9952297685383,0.0,1.0,0.0,0.9804841750435145
3454,1767151374664,0.0,0.0,0.0,0.0,-44.28597357734027,0.0,0.0,hard,False,False,43.9952297685383,0.0,1.0,0.0,0.9804841750435145
3455,1767151374697,0.0,0.0,0.0,0.0,-44.28597357734027,0.0,0.0,hard,False,False,43.9952297685383,0.0,1.0,0.0,0.9804841750435145
3456,1767151374732,0.0,0.0,0.0,0.0,-44.28597357734027,0.0,0.0,hard,False,False,43.9952297685383,0.0,1.0,0.0,0.9804841750435145
3457,1767151374764,0.0,0.0,0.0,0.0,-44.28597357734027,0.0,0.0,hard,False,False,43.9952297685383,0.0,1.0,0.0,0.9804841750435145
3458,1767151374797,0.0,0.0,0.0,0.0,-44.28597357734027,0.0,0.0,hard,False,False,43.9952297685383,0.0,1.0,0.0,0.9804841750435145
3459,1767151374836,0.0,0.0,0.0,0.0,-44.28597357734027,0.0,0.0,hard,False,False,43.9952297685383,0.0,1.0,0.0,0.9804841750435145
3460,1767151374864,0.0,0.0,0.0,0.0,-44.28597357734027,0.0,0.0,hard,False,False,43.9952297685383,0.0,1.0,0.0,0.9804841750435145
3461,1767151374900,0.0,0.0,0.0,0.0,-44.28597357734027,0.0,0.0,hard,False,False,43.9952297685383,0.0,1.0,0.0,0.9804841750435145
3462,1767151374931,0.0,0.0,0.0,0.0,-44.28597357734027,0.0,0.0,hard,False,False,43.9952297685383,0.0,1.0,0.0,0.9804841750435145
3463,1767151374964,0.0,0.0,0.0,0.0,-44.28597357734027,0.0,0.0,hard,False,False,43.9952297685383,0.0,1.0,0.0,0.9804841750435145
3464,1767151374997,0.0,0.0,0.0,0.0,-44.28597357734027,0.0,0.0,hard,False,False,43.9952297685383,0.0,1.0,0.0,0.9804841750435145
3465,1767151375031,0.0,0.0,0.0,0.0,-44.28597357734027,0.0,0.0,hard,False,False,43.9952297685383,0.0,1.0,0.0,0.9804841750435145
3466,1767151375064,0.0,0.0,0.0,0.0,-44.28597357734027,0.0,0.0,hard,False,False,43.9952297685383,0.0,1.0,0.0,0.9804841750435145
3467,1767151375097,0.0,0.0,0.0,0.0,-44.28597357734027,0.0,0.0,hard,False,False,43.9952297685383,0.0,1.0,0.0,0.9804841750435145
3468,1767151375131,0.0,0.0,0.0,0.0,-44.28597357734027,0.0,0.0,hard,False,False,43.9952297685383,0.0,1.0,0.0,0.9804841750435145
3469,1767151375164,0.0,0.0,0.0,0.0,-44.28597357734027,0.0,0.0,hard,False,False,43.9952297685383,0.0,1.0,0.0,0.9804841750435145
3470,1767151375197,0.0,0.0,0.0,0.0,-44.28597357734027,0.0,0.0,hard,False,False,43.9952297685383,0.0,1.0,0.0,0.9804841750435145
3471,1767151375233,0.0,0.0,0.0,0.0,-44.28597357734027,0.0,0.0,hard,False,False,43.9952297685383,0.0,1.0,0.0,0.9804841750435145
3472,1767151375264,0.0,0.0,0.0,0.0,-44.28597357734027,0.0,0.0,hard,False,False,43.9952297685383,0.0,1.0,0.0,0.9804841750435145
3473,1767151375297,0.0,0.0,0.0,0.0,-44.28597357734027,0.0,0.0,hard,False,False,43.9952297685383,0.0,1.0,0.0,0.9804841750435145
3474,1767151375331,0.0,0.0,0.0,0.0,-44.28597357734027,0.0,0.0,hard,False,False,43.9952297685383,0.0,1.0,0.0,0.9804841750435145
3475,1767151375364,0.0,0.0,0.0,0.0,-44.28597357734027,0.0,0.0,hard,False,False,43.9952297685383,0.0,1.0,0.0,0.9804841750435145
3476,1767151375397,0.0,0.0,0.0,0.0,-44.28597357734027,0.0,0.0,hard,False,False,43.9952297685383,0.0,1.0,0.0,0.9804841750435145
3477,1767151375431,0.0,0.0,0.0,0.0,-44.28597357734027,0.0,0.0,hard,False,False,43.9952297685383,0.0,1.0,0.0,0.9804841750435145
3478,1767151375464,0.0,0.0,0.0,0.0,-44.28597357734027,0.0,0.0,hard,False,False,43.9952297685383,0.0,1.0,0.0,0.9804841750435145
3479,1767151375497,0.0,0.0,0.0,0.0,-44.28597357734027,0.0,0.0,hard,False,False,43.9952297685383,0.0,1.0,0.0,0.9804841750435145
3480,1767151375531,0.0,0.0,0.0,0.0,-44.28597357734027,0.0,0.0,hard,False,False,43.9952297685383,0.0,1.0,0.0,0.9804841750435145
3481,1767151375564,0.0,0.0,0.0,0.0,-44.28597357734027,0.0,0.0,hard,False,False,43.9952297685383,0.0,1.0,0.0,0.9804841750435145
3482,1767151375598,0.0,0.0,0.0,0.0,-44.28597357734027,0.0,0.0,hard,False,False,43.9952297685383,0.0,1.0,0.0,0.9804841750435145
3483,1767151375631,0.0,0.0,0.0,0.0,-44.28597357734027,0.0,0.0,hard,False,False,43.9952297685383,0.0,1.0,0.0,0.9804841750435145
3484,1767151375664,0.0,0.0,0.0,0.0,-44.28597357734027,0.0,0.0,hard,False,False,43.9952297685383,0.0,1.0,0.0,0.9804841750435145
3485,1767151375697,0.0,0.0,0.0,0.0,-44.28597357734027,0.0,0.0,hard,False,False,43.9952297685383,0.0,1.0,0.0,0.9804841750435145
3486,1767151375731,0.0,0.0,0.0,0.0,-44.28597357734027,0.0,0.0,hard,False,False,43.9952297685383,0.0,1.0,0.0,0.9804841750435145
3487,1767151375764,0.0,0.0,0.0,0.0,-44.28597357734027,0.0,0.0,hard,False,False,43.9952297685383,0.0,1.0,0.0,0.9804841750435145
3488,1767151375797,0.0,0.0,0.0,0.0,-44.28597357734027,0.0,0.0,hard,False,False,43.9952297685383,0.0,1.0,0.0,0.9804841750435145
3489,1767151375831,0.0,0.0,0.0,0.0,-44.28597357734027,0.0,0.0,hard,False,False,43.9952297685383,0.0,1.0,0.0,0.9804841750435145
3490,1767151375864,0.0,0.0,0.0,0.0,-44.28597357734027,0.0,0.0,hard,False,False,43.9952297685383,0.0,1.0,0.0,0.9804841750435145
3491,1767151375900,0.0,0.0,0.0,0.0,-44.28597357734027,0.0,0.0,hard,False,False,43.9952297685383,0.0,1.0,0.0,0.9804841750435145
3492,1767151375931,0.0,0.0,0.0,0.0,-44.28597357734027,0.0,0.0,hard,False,False,43.9952297685383,0.0,1.0,0.0,0.9804841750435145
3493,1767151375964,0.0,0.0,0.0,0.0,-44.28597357734027,0.0,0.0,hard,False,False,43.9952297685383,0.0,1.0,0.0,0.9804841750435145
3494,1767151375997,0.0,0.0,0.0,0.0,-44.28597357734027,0.0,0.0,hard,False,False,43.9952297685383,0.0,1.0,0.0,0.9804841750435145
3495,1767151376031,0.0,0.0,0.0,0.0,-44.28597357734027,0.0,0.0,hard,False,False,43.9952297685383,0.0,1.0,0.0,0.9804841750435145
3496,1767151376070,0.0,0.0,0.0,0.0,-44.28597357734027,0.0,0.0,hard,False,False,43.9952297685383,0.0,1.0,0.0,0.9804841750435145
3497,1767151376097,0.0,0.0,0.0,0.0,-44.28597357734027,0.0,0.0,hard,False,False,43.9952297685383,0.0,1.0,0.0,0.9804841750435145
3498,1767151376134,0.0,0.0,0.0,0.0,-44.28597357734027,0.0,0.0,hard,False,False,43.9952297685383,0.0,1.0,0.0,0.9804841750435145
3499,1767151376164,0.0,0.0,0.0,0.0,-44.28597357734027,0.0,0.0,hard,False,False,43.9952297685383,0.0,1.0,0.0,0.9804841750435145
3500,1767151376198,0.0,0.0,0.0,0.0,-44.28597357734027,0.0,0.0,hard,False,False,43.9952297685383,0.0,1.0,0.0,0.9804841750435145
3501,1767151376231,0.0,0.0,0.0,0.0,-44.28597357734027,0.0,0.0,hard,False,False,43.9952297685383,0.0,1.0,0.0,0.9804841750435145
3502,1767151376264,0.0,0.0,0.0,0.0,-44.28597357734027,0.0,0.0,hard,False,False,43.9952297685383,0.0,1.0,0.0,0.9804841750435145
3503,1767151376297,0.0,0.0,0.0,0.0,-44.28597357734027,0.0,0.0,hard,False,False,43.9952297685383,0.0,1.0,0.0,0.9804841750435145
3504,1767151376331,0.0,0.0,0.0,0.0,-44.28597357734027,0.0,0.0,hard,False,False,43.9952297685383,0.0,1.0,0.0,0.9804841750435145
3505,1767151376364,0.0,0.0,0.0,0.0,-44.28597357734027,0.0,0.0,hard,False,False,43.9952297685383,0.0,1.0,0.0,0.9804841750435145
3506,1767151376398,0.0,0.0,0.0,0.0,-44.28597357734027,0.0,0.0,hard,False,False,43.9952297685383,0.0,1.0,0.0,0.9804841750435145
3507,1767151376431,0.0,0.0,0.0,0.0,-44.28597357734027,0.0,0.0,hard,False,False,43.9952297685383,0.0,1.0,0.0,0.9804841750435145
3508,1767151376464,0.0,0.0,0.0,0.0,-44.28597357734027,0.0,0.0,hard,False,False,43.9952297685383,0.0,1.0,0.0,0.9804841750435145
3509,1767151376498,0.0,0.0,0.0,0.0,-44.28597357734027,0.0,0.0,hard,False,False,43.9952297685383,0.0,1.0,0.0,0.9804841750435145
3510,1767151376531,0.0,0.0,0.0,0.0,-44.28597357734027,0.0,0.0,hard,False,False,43.9952297685383,0.0,1.0,0.0,0.9804841750435145
3511,1767151376564,0.0,0.0,0.0,0.0,-44.28597357734027,0.0,0.0,hard,False,False,43.9952297685383,0.0,1.0,0.0,0.9804841750435145
3512,1767151376600,0.0,0.0,0.0,0.0,-44.28597357734027,0.0,0.0,hard,False,False,43.9952297685383,0.0,1.0,0.0,0.9804841750435145
3513,1767151376631,0.0,0.0,0.0,0.0,-44.28597357734027,0.0,0.0,hard,False,False,43.9952297685383,0.0,1.0,0.0,0.9804841750435145
3514,1767151376665,0.0,0.0,0.0,0.0,-44.28597357734027,0.0,0.0,hard,False,False,43.9952297685383,0.0,1.0,0.0,0.9804841750435145
3515,1767151376697,0.0,0.0,0.0,0.0,-44.28597357734027,0.0,0.0,hard,False,False,43.9952297685383,0.0,1.0,0.0,0.9804841750435145
3516,1767151376731,0.0,0.0,0.0,0.0,-44.28597357734027,0.0,0.0,hard,False,False,43.9952297685383,0.0,1.0,0.0,0.9804841750435145
3517,1767151376766,0.0,0.0,0.0,0.0,-44.28597357734027,0.0,0.0,hard,False,False,43.9952297685383,0.0,1.0,0.0,0.9804841750435145
3518,1767151376797,0.0,0.0,0.0,0.0,-44.28597357734027,0.0,0.0,hard,False,False,43.9952297685383,0.0,1.0,0.0,0.9804841750435145
3519,1767151376831,0.0,0.0,0.0,0.0,-44.28597357734027,0.0,0.0,hard,False,False,43.9952297685383,0.0,1.0,0.0,0.9804841750435145
3520,1767151376864,0.0,0.0,0.0,0.0,-44.28597357734027,0.0,0.0,hard,False,False,43.9952297685383,0.0,1.0,0.0,0.9804841750435145
3521,1767151376899,0.0,0.0,0.0,0.0,-44.28597357734027,0.0,0.0,hard,False,False,43.9952297685383,0.0,1.0,0.0,0.9804841750435145
3522,1767151376931,0.0,0.0,0.0,0.0,-44.28597357734027,0.0,0.0,hard,False,False,43.9952297685383,0.0,1.0,0.0,0.9804841750435145
3523,1767151376964,0.0,0.0,0.0,0.0,-44.28597357734027,0.0,0.0,hard,False,False,43.9952297685383,0.0,1.0,0.0,0.9804841750435145
3524,1767151376998,0.0,0.0,0.0,0.0,-44.28597357734027,0.0,0.0,hard,False,False,43.9952297685383,0.0,1.0,0.0,0.9804841750435145
3525,1767151377032,0.0,0.0,0.0,0.0,-44.28597357734027,0.0,0.0,hard,False,False,43.9952297685383,0.0,1.0,0.0,0.9804841750435145
3526,1767151377064,0.0,0.0,0.0,0.0,-44.28597357734027,0.0,0.0,hard,False,False,43.9952297685383,0.0,1.0,0.0,0.9804841750435145
3527,1767151377101,0.0,0.0,0.0,0.0,-44.28597357734027,0.0,0.0,hard,False,False,43.9952297685383,0.0,1.0,0.0,0.9804841750435145
3528,1767151377131,0.0,0.0,0.0,0.0,-44.28597357734027,0.0,0.0,hard,False,False,43.9952297685383,0.0,1.0,0.0,0.9804841750435145
3529,1767151377165,0.0,0.0,0.0,0.0,-44.28597357734027,0.0,0.0,hard,False,False,43.9952297685383,0.0,1.0,0.0,0.9804841750435145
3530,1767151377197,0.0,0.0,0.0,0.0,-44.28597357734027,0.0,0.0,hard,False,False,43.9952297685383,0.0,1.0,0.0,0.9804841750435145
3531,1767151377231,0.0,0.0,0.0,0.0,-44.28597357734027,0.0,0.0,hard,False,False,43.9952297685383,0.0,1.0,0.0,0.9804841750435145
3532,1767151377264,0.0,0.0,0.0,0.0,-44.28597357734027,0.0,0.0,hard,False,False,43.9952297685383,0.0,1.0,0.0,0.9804841750435145
3533,1767151377297,0.0,0.0,0.0,0.0,-44.28597357734027,0.0,0.0,hard,False,False,43.9952297685383,0.0,1.0,0.0,0.9804841750435145
3534,1767151377331,0.0,0.0,0.0,0.0,-44.28597357734027,0.0,0.0,hard,False,False,43.9952297685383,0.0,1.0,0.0,0.9804841750435145
3535,1767151377366,0.0,0.0,0.0,0.0,-44.28597357734027,0.0,0.0,hard,False,False,43.9952297685383,0.0,1.0,0.0,0.9804841750435145
3536,1767151377398,0.0,0.0,0.0,0.0,-44.28597357734027,0.0,0.0,hard,False,False,43.9952297685383,0.0,1.0,0.0,0.9804841750435145
3537,1767151377431,0.0,0.0,0.0,0.0,-44.28597357734027,0.0,0.0,hard,False,False,43.9952297685383,0.0,1.0,0.0,0.9804841750435145
3538,1767151377464,0.0,0.0,0.0,0.0,-44.28597357734027,0.0,0.0,hard,False,False,43.9952297685383,0.0,1.0,0.0,0.9804841750435145
3539,1767151377498,0.0,0.0,0.0,0.0,-44.28597357734027,0.0,0.0,hard,False,False,43.9952297685383,0.0,1.0,0.0,0.9804841750435145
3540,1767151377535,0.0,0.0,0.0,0.0,-44.28597357734027,0.0,0.0,hard,False,False,43.9952297685383,0.0,1.0,0.0,0.9804841750435145
3541,1767151377564,0.0,0.0,0.0,0.0,-44.28597357734027,0.0,0.0,hard,False,False,43.9952297685383,0.0,1.0,0.0,0.9804841750435145
3542,1767151377598,0.0,0.0,0.0,0.0,-44.28597357734027,0.0,0.0,hard,False,False,43.9952297685383,0.0,1.0,0.0,0.9804841750435145
3543,1767151377771,0.0,0.0,0.0,0.0,-44.28597357734027,0.0,0.0,hard,False,False,43.9952297685383,0.0,1.0,0.0,0.9804841750435145
3544,1767151377795,0.0,0.0,0.0,0.0,-44.28597357734027,0.0,0.0,hard,False,False,43.9952297685383,0.0,1.0,0.0,0.9804841750435145
3545,1767151377812,0.0,0.0,0.0,0.0,-44.28597357734027,0.0,0.0,hard,False,False,43.9952297685383,0.0,1.0,0.0,0.9804841750435145
3546,1767151377830,0.0,0.0,0.0,0.0,-44.28597357734027,0.0,0.0,hard,False,False,43.9952297685383,0.0,1.0,0.0,0.9804841750435145
3547,1767151377849,0.0,0.0,0.0,0.0,-44.28597357734027,0.0,0.0,hard,False,False,43.9952297685383,0.0,1.0,0.0,0.9804841750435145
3548,1767151377868,0.0,0.0,0.0,0.0,-44.28597357734027,0.0,0.0,hard,False,False,43.9952297685383,0.0,1.0,0.0,0.9804841750435145
3549,1767151377887,0.0,0.0,0.0,0.0,-44.28597357734027,0.0,0.0,hard,False,False,43.9952297685383,0.0,1.0,0.0,0.9804841750435145
3550,1767151377906,0.0,0.0,0.0,0.0,-44.28597357734027,0.0,0.0,hard,False,False,43.9952297685383,0.0,1.0,0.0,0.9804841750435145
3551,1767151377931,0.0,0.0,0.0,0.0,-44.28597357734027,0.0,0.0,hard,False,False,43.9952297685383,0.0,1.0,0.0,0.9804841750435145
3552,1767151377965,0.0,0.0,0.0,0.0,-44.28597357734027,0.0,0.0,hard,False,False,43.9952297685383,0.0,1.0,0.0,0.9804841750435145
3553,1767151377998,0.0,0.0,0.0,0.0,-44.28597357734027,0.0,0.0,hard,False,False,43.9952297685383,0.0,1.0,0.0,0.9804841750435145
3554,1767151378031,0.0,0.0,0.0,0.0,-44.28597357734027,0.0,0.0,hard,False,False,43.9952297685383,0.0,1.0,0.0,0.9804841750435145
3555,1767151378064,0.0,0.0,0.0,0.0,-44.28597357734027,0.0,0.0,hard,False,False,43.9952297685383,0.0,1.0,0.0,0.9804841750435145
3556,1767151378098,0.0,0.0,0.0,0.0,-44.28597357734027,0.0,0.0,hard,False,False,43.9952297685383,0.0,1.0,0.0,0.9804841750435145
3557,1767151378131,0.0,0.0,0.0,0.0,-44.28597357734027,0.0,0.0,hard,False,False,43.9952297685383,0.0,1.0,0.0,0.9804841750435145
3558,1767151378229,0.0,0.0,0.0,0.0,-44.28597357734027,0.0,0.0,hard,False,False,43.9952297685383,0.0,1.0,0.0,0.9804841750435145
3559,1767151378246,0.0,0.0,0.0,0.0,-44.28597357734027,0.0,0.0,hard,False,False,43.9952297685383,0.0,1.0,0.0,0.9804841750435145
3560,1767151378268,0.0,0.0,0.0,0.0,-44.28597357734027,0.0,0.0,hard,False,False,43.9952297685383,0.0,1.0,0.0,0.9804841750435145
3561,1767151378298,0.0,0.0,0.0,0.0,-44.28597357734027,0.0,0.0,hard,False,False,43.9952297685383,0.0,1.0,0.0,0.9804841750435145
3562,1767151378331,0.0,0.0,0.0,0.0,-44.28597357734027,0.0,0.0,hard,False,False,43.9952297685383,0.0,1.0,0.0,0.9804841750435145
3563,1767151378364,0.0,0.0,0.0,0.0,-44.28597357734027,0.0,0.0,hard,False,False,43.9952297685383,0.0,1.0,0.0,0.9804841750435145
3564,1767151378398,0.0,0.0,0.0,0.0,-44.28597357734027,0.0,0.0,hard,False,False,43.9952297685383,0.0,1.0,0.0,0.9804841750435145
3565,1767151378431,0.0,0.0,0.0,0.0,-44.28597357734027,0.0,0.0,hard,False,False,43.9952297685383,0.0,1.0,0.0,0.9804841750435145
3566,1767151378464,0.0,0.0,0.0,0.0,-44.28597357734027,0.0,0.0,hard,False,False,43.9952297685383,0.0,1.0,0.0,0.9804841750435145
3567,1767151378497,0.0,0.0,0.0,0.0,-44.28597357734027,0.0,0.0,hard,False,False,43.9952297685383,0.0,1.0,0.0,0.9804841750435145
3568,1767151378531,0.0,0.0,0.0,0.0,-44.28597357734027,0.0,0.0,hard,False,False,43.9952297685383,0.0,1.0,0.0,0.9804841750435145
3569,1767151378564,0.0,0.0,0.0,0.0,-44.28597357734027,0.0,0.0,hard,False,False,43.9952297685383,0.0,1.0,0.0,0.9804841750435145
3570,1767151378598,0.0,0.0,0.0,0.0,-44.28597357734027,0.0,0.0,hard,False,False,43.9952297685383,0.0,1.0,0.0,0.9804841750435145
3571,1767151378631,0.0,0.0,0.0,0.0,-44.28597357734027,0.0,0.0,hard,False,False,43.9952297685383,0.0,1.0,0.0,0.9804841750435145
3572,1767151378664,0.0,0.0,0.0,0.0,-44.28597357734027,0.0,0.0,hard,False,False,43.9952297685383,0.0,1.0,0.0,0.9804841750435145
3573,1767151378698,0.0,0.0,0.0,0.0,-44.28597357734027,0.0,0.0,hard,False,False,43.9952297685383,0.0,1.0,0.0,0.9804841750435145
3574,1767151378733,0.0,0.0,0.0,0.0,-44.28597357734027,0.0,0.0,hard,False,False,43.9952297685383,0.0,1.0,0.0,0.9804841750435145
3575,1767151378764,0.0,0.0,0.0,0.0,-44.28597357734027,0.0,0.0,hard,False,False,43.9952297685383,0.0,1.0,0.0,0.9804841750435145
3576,1767151378798,0.0,0.0,0.0,0.0,-44.28597357734027,0.0,0.0,hard,False,False,43.9952297685383,0.0,1.0,0.0,0.9804841750435145
3577,1767151378831,0.0,0.0,0.0,0.0,-44.28597357734027,0.0,0.0,hard,False,False,43.9952297685383,0.0,1.0,0.0,0.9804841750435145
3578,1767151378865,0.0,0.0,0.0,0.0,-44.28597357734027,0.0,0.0,hard,False,False,43.9952297685383,0.0,1.0,0.0,0.9804841750435145
3579,1767151378899,0.0,0.0,0.0,0.0,-44.28597357734027,0.0,0.0,hard,False,False,43.9952297685383,0.0,1.0,0.0,0.9804841750435145
3580,1767151378931,0.0,0.0,0.0,0.0,-44.28597357734027,0.0,0.0,hard,False,False,43.9952297685383,0.0,1.0,0.0,0.9804841750435145
3581,1767151378965,0.0,0.0,0.0,0.0,-44.28597357734027,0.0,0.0,hard,False,False,43.9952297685383,0.0,1.0,0.0,0.9804841750435145
3582,1767151378998,0.0,0.0,0.0,0.0,-44.28597357734027,0.0,0.0,hard,False,False,43.9952297685383,0.0,1.0,0.0,0.9804841750435145
3583,1767151379031,0.0,0.0,0.0,0.0,-44.28597357734027,0.0,0.0,hard,False,False,43.9952297685383,0.0,1.0,0.0,0.9804841750435145
3584,1767151379064,0.0,0.0,0.0,0.0,-44.28597357734027,0.0,0.0,hard,False,False,43.9952297685383,0.0,1.0,0.0,0.9804841750435145
3585,1767151379098,0.0,0.0,0.0,0.0,-44.28597357734027,0.0,0.0,hard,False,False,43.9952297685383,0.0,1.0,0.0,0.9804841750435145
3586,1767151379131,0.0,0.0,0.0,0.0,-44.28597357734027,0.0,0.0,hard,False,False,43.9952297685383,0.0,1.0,0.0,0.9804841750435145
3587,1767151379164,0.0,0.0,0.0,0.0,-44.28597357734027,0.0,0.0,hard,False,False,43.9952297685383,0.0,1.0,0.0,0.9804841750435145
3588,1767151379200,0.0,0.0,0.0,0.0,-44.28597357734027,0.0,0.0,hard,False,False,43.9952297685383,0.0,1.0,0.0,0.9804841750435145
3589,1767151379231,0.0,0.0,0.0,0.0,-44.28597357734027,0.0,0.0,hard,False,False,43.9952297685383,0.0,1.0,0.0,0.9804841750435145
3590,1767151379264,0.0,0.0,0.0,0.0,-44.28597357734027,0.0,0.0,hard,False,False,43.9952297685383,0.0,1.0,0.0,0.9804841750435145
3591,1767151379299,0.0,0.0,0.0,0.0,-44.28597357734027,0.0,0.0,hard,False,False,43.9952297685383,0.0,1.0,0.0,0.9804841750435145
3592,1767151379331,0.0,0.0,0.0,0.0,-44.28597357734027,0.0,0.0,hard,False,False,43.9952297685383,0.0,1.0,0.0,0.9804841750435145
3593,1767151379364,0.0,0.0,0.0,0.0,-44.28597357734027,0.0,0.0,hard,False,False,43.9952297685383,0.0,1.0,0.0,0.9804841750435145
3594,1767151379398,0.0,0.0,0.0,0.0,-44.28597357734027,0.0,0.0,hard,False,False,43.9952297685383,0.0,1.0,0.0,0.9804841750435145
3595,1767151379431,0.0,0.0,0.0,0.0,-44.28597357734027,0.0,0.0,hard,False,False,43.9952297685383,0.0,1.0,0.0,0.9804841750435145
3596,1767151379464,0.0,0.0,0.0,0.0,-44.28597357734027,0.0,0.0,hard,False,False,43.9952297685383,0.0,1.0,0.0,0.9804841750435145
3597,1767151379498,0.0,0.0,0.0,0.0,-44.28597357734027,0.0,0.0,hard,False,False,43.9952297685383,0.0,1.0,0.0,0.9804841750435145
3598,1767151379531,0.0,0.0,0.0,0.0,-44.28597357734027,0.0,0.0,hard,False,False,43.9952297685383,0.0,1.0,0.0,0.9804841750435145
3599,1767151379566,0.0,0.0,0.0,0.0,-44.28597357734027,0.0,0.0,hard,False,False,43.9952297685383,0.0,1.0,0.0,0.9804841750435145
3600,1767151379598,0.0,0.0,0.0,0.0,-44.28597357734027,0.0,0.0,hard,False,False,43.9952297685383,0.0,1.0,0.0,0.9804841750435145
3601,1767151379631,0.0,0.0,0.0,0.0,-44.28597357734027,0.0,0.0,hard,False,False,43.9952297685383,0.0,1.0,0.0,0.9804841750435145
3602,1767151379665,0.0,0.0,0.0,0.0,-44.28597357734027,0.0,0.0,hard,False,False,43.9952297685383,0.0,1.0,0.0,0.9804841750435145
3603,1767151379698,0.0,0.0,0.0,0.0,-44.28597357734027,0.0,0.0,hard,False,False,43.9952297685383,0.0,1.0,0.0,0.9804841750435145
3604,1767151379731,0.0,0.0,0.0,0.0,-44.28597357734027,0.0,0.0,hard,False,False,43.9952297685383,0.0,1.0,0.0,0.9804841750435145
3605,1767151379765,0.0,0.0,0.0,0.0,-44.28597357734027,0.0,0.0,hard,False,False,43.9952297685383,0.0,1.0,0.0,0.9804841750435145
3606,1767151379798,0.0,0.0,0.0,0.0,-44.28597357734027,0.0,0.0,hard,False,False,43.9952297685383,0.0,1.0,0.0,0.9804841750435145
3607,1767151379831,0.0,0.0,0.0,0.0,-44.28597357734027,0.0,0.0,hard,False,False,43.9952297685383,0.0,1.0,0.0,0.9804841750435145
3608,1767151379865,0.0,0.0,0.0,0.0,-44.28597357734027,0.0,0.0,hard,False,False,43.9952297685383,0.0,1.0,0.0,0.9804841750435145
3609,1767151379898,0.0,0.0,0.0,0.0,-44.28597357734027,0.0,0.0,hard,False,False,43.9952297685383,0.0,1.0,0.0,0.9804841750435145
3610,1767151379931,0.0,0.0,0.0,0.0,-44.28597357734027,0.0,0.0,hard,False,False,43.9952297685383,0.0,1.0,0.0,0.9804841750435145
3611,1767151379965,0.0,0.0,0.0,0.0,-44.28597357734027,0.0,0.0,hard,False,False,43.9952297685383,0.0,1.0,0.0,0.9804841750435145
3612,1767151379998,0.0,0.0,0.0,0.0,-44.28597357734027,0.0,0.0,hard,False,False,43.9952297685383,0.0,1.0,0.0,0.9804841750435145
3613,1767151380031,0.0,0.0,0.0,0.0,-44.28597357734027,0.0,0.0,hard,False,False,43.9952297685383,0.0,1.0,0.0,0.9804841750435145
3614,1767151380064,0.0,0.0,0.0,0.0,-44.28597357734027,0.0,0.0,hard,False,False,43.9952297685383,0.0,1.0,0.0,0.9804841750435145
3615,1767151380098,0.0,0.0,0.0,0.0,-44.28597357734027,0.0,0.0,hard,False,False,43.9952297685383,0.0,1.0,0.0,0.9804841750435145
3616,1767151380131,0.0,0.0,0.0,0.0,-44.28597357734027,0.0,0.0,hard,False,False,43.9952297685383,0.0,1.0,0.0,0.9804841750435145
3617,1767151380165,0.0,0.0,0.0,0.0,-44.28597357734027,0.0,0.0,hard,False,False,43.9952297685383,0.0,1.0,0.0,0.9804841750435145
3618,1767151380198,0.0,0.0,0.0,0.0,-44.28597357734027,0.0,0.0,hard,False,False,43.9952297685383,0.0,1.0,0.0,0.9804841750435145
3619,1767151380231,0.0,0.0,0.0,0.0,-44.28597357734027,0.0,0.0,hard,False,False,43.9952297685383,0.0,1.0,0.0,0.9804841750435145
3620,1767151380266,0.0,0.0,0.0,0.0,-44.28597357734027,0.0,0.0,hard,False,False,43.9952297685383,0.0,1.0,0.0,0.9804841750435145
3621,1767151380298,0.0,0.0,0.0,0.0,-44.28597357734027,0.0,0.0,hard,False,False,43.9952297685383,0.0,1.0,0.0,0.9804841750435145
3622,1767151380331,0.0,0.0,0.0,0.0,-44.28597357734027,0.0,0.0,hard,False,False,43.9952297685383,0.0,1.0,0.0,0.9804841750435145
3623,1767151380365,0.0,0.0,0.0,0.0,-44.28597357734027,0.0,0.0,hard,False,False,43.9952297685383,0.0,1.0,0.0,0.9804841750435145
3624,1767151380398,0.0,0.0,0.0,0.0,-44.28597357734027,0.0,0.0,hard,False,False,43.9952297685383,0.0,1.0,0.0,0.9804841750435145
3625,1767151380431,0.0,0.0,0.0,0.0,-44.28597357734027,0.0,0.0,hard,False,False,43.9952297685383,0.0,1.0,0.0,0.9804841750435145
3626,1767151380464,0.0,0.0,0.0,0.0,-44.28597357734027,0.0,0.0,hard,False,False,43.9952297685383,0.0,1.0,0.0,0.9804841750435145
3627,1767151380498,0.0,0.0,0.0,0.0,-44.28597357734027,0.0,0.0,hard,False,False,43.9952297685383,0.0,1.0,0.0,0.9804841750435145
3628,1767151380531,0.0,0.0,0.0,0.0,-44.28597357734027,0.0,0.0,hard,False,False,43.9952297685383,0.0,1.0,0.0,0.9804841750435145
3629,1767151380565,0.0,0.0,0.0,0.0,-44.28597357734027,0.0,0.0,hard,False,False,43.9952297685383,0.0,1.0,0.0,0.9804841750435145
3630,1767151380599,0.0,0.0,0.0,0.0,-44.28597357734027,0.0,0.0,hard,False,False,43.9952297685383,0.0,1.0,0.0,0.9804841750435145
3631,1767151380631,0.0,0.0,0.0,0.0,-44.28597357734027,0.0,0.0,hard,False,False,43.9952297685383,0.0,1.0,0.0,0.9804841750435145
3632,1767151380665,0.0,0.0,0.0,0.0,-44.28597357734027,0.0,0.0,hard,False,False,43.9952297685383,0.0,1.0,0.0,0.9804841750435145
3633,1767151380698,0.0,0.0,0.0,0.0,-44.28597357734027,0.0,0.0,hard,False,False,43.9952297685383,0.0,1.0,0.0,0.9804841750435145
3634,1767151380765,0.0,0.0,0.0,0.0,-44.28597357734027,0.0,0.0,hard,False,False,43.9952297685383,0.0,1.0,0.0,0.9804841750435145
3635,1767151380798,0.0,0.0,0.0,0.0,-44.28597357734027,0.0,0.0,hard,False,False,43.9952297685383,0.0,1.0,0.0,0.9804841750435145
3636,1767151380832,0.0,0.0,0.0,0.0,-44.28597357734027,0.0,0.0,hard,False,False,43.9952297685383,0.0,1.0,0.0,0.9804841750435145
3637,1767151380865,0.0,0.0,0.0,0.0,-44.28597357734027,0.0,0.0,hard,False,False,43.9952297685383,0.0,1.0,0.0,0.9804841750435145
3638,1767151380898,0.0,0.0,0.0,0.0,-44.28597357734027,0.0,0.0,hard,False,False,43.9952297685383,0.0,1.0,0.0,0.9804841750435145
3639,1767151380932,0.0,0.0,0.0,0.0,-44.28597357734027,0.0,0.0,hard,False,False,43.9952297685383,0.0,1.0,0.0,0.9804841750435145
3640,1767151380964,0.0,0.0,0.0,0.0,-44.28597357734027,0.0,0.0,hard,False,False,43.9952297685383,0.0,1.0,0.0,0.9804841750435145
3641,1767151380999,0.0,0.0,0.0,0.0,-44.28597357734027,0.0,0.0,hard,False,False,43.9952297685383,0.0,1.0,0.0,0.9804841750435145
3642,1767151381033,0.0,0.0,0.0,0.0,-44.28597357734027,0.0,0.0,hard,False,False,43.9952297685383,0.0,1.0,0.0,0.9804841750435145
3643,1767151381065,0.0,0.0,0.0,0.0,-44.28597357734027,0.0,0.0,hard,False,False,43.9952297685383,0.0,1.0,0.0,0.9804841750435145
3644,1767151381098,0.0,0.0,0.0,0.0,-44.28597357734027,0.0,0.0,hard,False,False,43.9952297685383,0.0,1.0,0.0,0.9804841750435145
3645,1767151381131,0.0,0.0,0.0,0.0,-44.28597357734027,0.0,0.0,hard,False,False,43.9952297685383,0.0,1.0,0.0,0.9804841750435145
3646,1767151381165,0.0,0.0,0.0,0.0,-44.28597357734027,0.0,0.0,hard,False,False,43.9952297685383,0.0,1.0,0.0,0.9804841750435145
3647,1767151381200,0.0,0.0,0.0,0.0,-44.28597357734027,0.0,0.0,hard,False,False,43.9952297685383,0.0,1.0,0.0,0.9804841750435145
3648,1767151381231,0.0,0.0,0.0,0.0,-44.28597357734027,0.0,0.0,hard,False,False,43.9952297685383,0.0,1.0,0.0,0.9804841750435145
3649,1767151381265,0.0,0.0,0.0,0.0,-44.28597357734027,0.0,0.0,hard,False,False,43.9952297685383,0.0,1.0,0.0,0.9804841750435145
3650,1767151381298,0.0,0.0,0.0,0.0,-44.28597357734027,0.0,0.0,hard,False,False,43.9952297685383,0.0,1.0,0.0,0.9804841750435145
3651,1767151381331,0.0,0.0,0.0,0.0,-44.28597357734027,0.0,0.0,hard,False,False,43.9952297685383,0.0,1.0,0.0,0.9804841750435145
3652,1767151381365,0.0,0.0,0.0,0.0,-44.28597357734027,0.0,0.0,hard,False,False,43.9952297685383,0.0,1.0,0.0,0.9804841750435145
3653,1767151381399,0.0,0.0,0.0,0.0,-44.28597357734027,0.0,0.0,hard,False,False,43.9952297685383,0.0,1.0,0.0,0.9804841750435145
3654,1767151381431,0.0,0.0,0.0,0.0,-44.28597357734027,0.0,0.0,hard,False,False,43.9952297685383,0.0,1.0,0.0,0.9804841750435145
3655,1767151381465,0.0,0.0,0.0,0.0,-44.28597357734027,0.0,0.0,hard,False,False,43.9952297685383,0.0,1.0,0.0,0.9804841750435145
3656,1767151381498,0.0,0.0,0.0,0.0,-44.28597357734027,0.0,0.0,hard,False,False,43.9952297685383,0.0,1.0,0.0,0.9804841750435145
3657,1767151381531,0.0,0.0,0.0,0.0,-44.28597357734027,0.0,0.0,hard,False,False,43.9952297685383,0.0,1.0,0.0,0.9804841750435145
3658,1767151381565,0.0,0.0,0.0,0.0,-44.28597357734027,0.0,0.0,hard,False,False,43.9952297685383,0.0,1.0,0.0,0.9804841750435145
3659,1767151381598,0.0,0.0,0.0,0.0,-44.28597357734027,0.0,0.0,hard,False,False,43.9952297685383,0.0,1.0,0.0,0.9804841750435145
3660,1767151381631,0.0,0.0,0.0,0.0,-44.28597357734027,0.0,0.0,hard,False,False,43.9952297685383,0.0,1.0,0.0,0.9804841750435145
3661,1767151381665,0.0,0.0,0.0,0.0,-44.28597357734027,0.0,0.0,hard,False,False,43.9952297685383,0.0,1.0,0.0,0.9804841750435145
3662,1767151381698,0.0,0.0,0.0,0.0,-44.28597357734027,0.0,0.0,hard,False,False,43.9952297685383,0.0,1.0,0.0,0.9804841750435145
3663,1767151381731,0.0,0.0,0.0,0.0,-44.28597357734027,0.0,0.0,hard,False,False,43.9952297685383,0.0,1.0,0.0,0.9804841750435145
3664,1767151381765,0.0,0.0,0.0,0.0,-44.28597357734027,0.0,0.0,hard,False,False,43.9952297685383,0.0,1.0,0.0,0.9804841750435145
3665,1767151381798,0.0,0.0,0.0,0.0,-44.28597357734027,0.0,0.0,hard,False,False,43.9952297685383,0.0,1.0,0.0,0.9804841750435145
3666,1767151381831,0.0,0.0,0.0,0.0,-44.28597357734027,0.0,0.0,hard,False,False,43.9952297685383,0.0,1.0,0.0,0.9804841750435145
3667,1767151381865,0.0,0.0,0.0,0.0,-44.28597357734027,0.0,0.0,hard,False,False,43.9952297685383,0.0,1.0,0.0,0.9804841750435145
3668,1767151381898,0.0,0.0,0.0,0.0,-44.28597357734027,0.0,0.0,hard,False,False,43.9952297685383,0.0,1.0,0.0,0.9804841750435145
3669,1767151381932,0.0,0.0,0.0,0.0,-44.28597357734027,0.0,0.0,hard,False,False,43.9952297685383,0.0,1.0,0.0,0.9804841750435145
3670,1767151381965,0.0,0.0,0.0,0.0,-44.28597357734027,0.0,0.0,hard,False,False,43.9952297685383,0.0,1.0,0.0,0.9804841750435145
3671,1767151381998,0.0,0.0,0.0,0.0,-44.28597357734027,0.0,0.0,hard,False,False,43.9952297685383,0.0,1.0,0.0,0.9804841750435145
3672,1767151382031,0.0,0.0,0.0,0.0,-44.28597357734027,0.0,0.0,hard,False,False,43.9952297685383,0.0,1.0,0.0,0.9804841750435145
3673,1767151382066,0.0,0.0,0.0,0.0,-44.28597357734027,0.0,0.0,hard,False,False,43.9952297685383,0.0,1.0,0.0,0.9804841750435145
3674,1767151382098,0.0,0.0,0.0,0.0,-44.28597357734027,0.0,0.0,hard,False,False,43.9952297685383,0.0,1.0,0.0,0.9804841750435145
3675,1767151382131,0.0,0.0,0.0,0.0,-44.28597357734027,0.0,0.0,hard,False,False,43.9952297685383,0.0,1.0,0.0,0.9804841750435145
3676,1767151382165,0.0,0.0,0.0,0.0,-44.28597357734027,0.0,0.0,hard,False,False,43.9952297685383,0.0,1.0,0.0,0.9804841750435145
3677,1767151382198,0.0,0.0,0.0,0.0,-44.28597357734027,0.0,0.0,hard,False,False,43.9952297685383,0.0,1.0,0.0,0.9804841750435145
3678,1767151382231,0.0,0.0,0.0,0.0,-44.28597357734027,0.0,0.0,hard,False,False,43.9952297685383,0.0,1.0,0.0,0.9804841750435145
3679,1767151382265,0.0,0.0,0.0,0.0,-44.28597357734027,0.0,0.0,hard,False,False,43.9952297685383,0.0,1.0,0.0,0.9804841750435145
3680,1767151382298,0.0,0.0,0.0,0.0,-44.28597357734027,0.0,0.0,hard,False,False,43.9952297685383,0.0,1.0,0.0,0.9804841750435145
3681,1767151382332,0.0,0.0,0.0,0.0,-44.28597357734027,0.0,0.0,hard,False,False,43.9952297685383,0.0,1.0,0.0,0.9804841750435145
3682,1767151382366,0.0,0.0,0.0,0.0,-44.28597357734027,0.0,0.0,hard,False,False,43.9952297685383,0.0,1.0,0.0,0.9804841750435145
3683,1767151382398,0.0,0.0,0.0,0.0,-44.28597357734027,0.0,0.0,hard,False,False,43.9952297685383,0.0,1.0,0.0,0.9804841750435145
3684,1767151382433,0.0,0.0,0.0,0.0,-44.28597357734027,0.0,0.0,hard,False,False,43.9952297685383,0.0,1.0,0.0,0.9804841750435145
3685,1767151382465,0.0,0.0,0.0,0.0,-44.28597357734027,0.0,0.0,hard,False,False,43.9952297685383,0.0,1.0,0.0,0.9804841750435145
3686,1767151382498,0.0,0.0,0.0,0.0,-44.28597357734027,0.0,0.0,hard,False,False,43.9952297685383,0.0,1.0,0.0,0.9804841750435145
3687,1767151382532,0.0,0.0,0.0,0.0,-44.28597357734027,0.0,0.0,hard,False,False,43.9952297685383,0.0,1.0,0.0,0.9804841750435145
3688,1767151382565,0.0,0.0,0.0,0.0,-44.28597357734027,0.0,0.0,hard,False,False,43.9952297685383,0.0,1.0,0.0,0.9804841750435145
3689,1767151382598,0.0,0.0,0.0,0.0,-44.28597357734027,0.0,0.0,hard,False,False,43.9952297685383,0.0,1.0,0.0,0.9804841750435145
3690,1767151382632,0.0,0.0,0.0,0.0,-44.28597357734027,0.0,0.0,hard,False,False,43.9952297685383,0.0,1.0,0.0,0.9804841750435145
3691,1767151382665,0.0,0.0,0.0,0.0,-44.28597357734027,0.0,0.0,hard,False,False,43.9952297685383,0.0,1.0,0.0,0.9804841750435145
3692,1767151382698,0.0,0.0,0.0,0.0,-44.28597357734027,0.0,0.0,hard,False,False,43.9952297685383,0.0,1.0,0.0,0.9804841750435145
3693,1767151382732,0.0,0.0,0.0,0.0,-44.28597357734027,0.0,0.0,hard,False,False,43.9952297685383,0.0,1.0,0.0,0.9804841750435145
3694,1767151382765,0.0,0.0,0.0,0.0,-44.28597357734027,0.0,0.0,hard,False,False,43.9952297685383,0.0,1.0,0.0,0.9804841750435145
3695,1767151382798,0.0,0.0,0.0,0.0,-44.28597357734027,0.0,0.0,hard,False,False,43.9952297685383,0.0,1.0,0.0,0.9804841750435145
3696,1767151382832,0.0,0.0,0.0,0.0,-44.28597357734027,0.0,0.0,hard,False,False,43.9952297685383,0.0,1.0,0.0,0.9804841750435145
3697,1767151382866,0.0,0.0,0.0,0.0,-44.28597357734027,0.0,0.0,hard,False,False,43.9952297685383,0.0,1.0,0.0,0.9804841750435145
3698,1767151382898,0.0,0.0,0.0,0.0,-44.28597357734027,0.0,0.0,hard,False,False,43.9952297685383,0.0,1.0,0.0,0.9804841750435145
3699,1767151382931,0.0,0.0,0.0,0.0,-44.28597357734027,0.0,0.0,hard,False,False,43.9952297685383,0.0,1.0,0.0,0.9804841750435145
3700,1767151382965,0.0,0.0,0.0,0.0,-44.28597357734027,0.0,0.0,hard,False,False,43.9952297685383,0.0,1.0,0.0,0.9804841750435145
3701,1767151382998,0.0,0.0,0.0,0.0,-44.28597357734027,0.0,0.0,hard,False,False,43.9952297685383,0.0,1.0,0.0,0.9804841750435145
3702,1767151383031,0.0,0.0,0.0,0.0,-44.28597357734027,0.0,0.0,hard,False,False,43.9952297685383,0.0,1.0,0.0,0.9804841750435145
3703,1767151383065,0.0,0.0,0.0,0.0,-44.28597357734027,0.0,0.0,hard,False,False,43.9952297685383,0.0,1.0,0.0,0.9804841750435145
3704,1767151383098,0.0,0.0,0.0,0.0,-44.28597357734027,0.0,0.0,hard,False,False,43.9952297685383,0.0,1.0,0.0,0.9804841750435145
3705,1767151383131,0.0,0.0,0.0,0.0,-44.28597357734027,0.0,0.0,hard,False,False,43.9952297685383,0.0,1.0,0.0,0.9804841750435145
3706,1767151383165,0.0,0.0,0.0,0.0,-44.28597357734027,0.0,0.0,hard,False,False,43.9952297685383,0.0,1.0,0.0,0.9804841750435145
3707,1767151383199,0.0,0.0,0.0,0.0,-44.28597357734027,0.0,0.0,hard,False,False,43.9952297685383,0.0,1.0,0.0,0.9804841750435145
3708,1767151383232,0.0,0.0,0.0,0.0,-44.28597357734027,0.0,0.0,hard,False,False,43.9952297685383,0.0,1.0,0.0,0.9804841750435145
3709,1767151383265,0.0,0.0,0.0,0.0,-44.28597357734027,0.0,0.0,hard,False,False,43.9952297685383,0.0,1.0,0.0,0.9804841750435145
3710,1767151383298,0.0,0.0,0.0,0.0,-44.28597357734027,0.0,0.0,hard,False,False,43.9952297685383,0.0,1.0,0.0,0.9804841750435145
3711,1767151383332,0.0,0.0,0.0,0.0,-44.28597357734027,0.0,0.0,hard,False,False,43.9952297685383,0.0,1.0,0.0,0.9804841750435145
3712,1767151383365,0.0,0.0,0.0,0.0,-44.28597357734027,0.0,0.0,hard,False,False,43.9952297685383,0.0,1.0,0.0,0.9804841750435145
3713,1767151383398,0.0,0.0,0.0,0.0,-44.28597357734027,0.0,0.0,hard,False,False,43.9952297685383,0.0,1.0,0.0,0.9804841750435145
3714,1767151383432,0.0,0.0,0.0,0.0,-44.28597357734027,0.0,0.0,hard,False,False,43.9952297685383,0.0,1.0,0.0,0.9804841750435145
3715,1767151383465,0.0,0.0,0.0,0.0,-44.28597357734027,0.0,0.0,hard,False,False,43.9952297685383,0.0,1.0,0.0,0.9804841750435145
3716,1767151383499,0.0,0.0,0.0,0.0,-44.28597357734027,0.0,0.0,hard,False,False,43.9952297685383,0.0,1.0,0.0,0.9804841750435145
3717,1767151383531,0.0,0.0,0.0,0.0,-44.28597357734027,0.0,0.0,hard,False,False,43.9952297685383,0.0,1.0,0.0,0.9804841750435145
3718,1767151383565,0.0,0.0,0.0,0.0,-44.28597357734027,0.0,0.0,hard,False,False,43.9952297685383,0.0,1.0,0.0,0.9804841750435145
3719,1767151383598,0.0,0.0,0.0,0.0,-44.28597357734027,0.0,0.0,hard,False,False,43.9952297685383,0.0,1.0,0.0,0.9804841750435145
3720,1767151383632,0.0,0.0,0.0,0.0,-44.28597357734027,0.0,0.0,hard,False,False,43.9952297685383,0.0,1.0,0.0,0.9804841750435145
3721,1767151383665,0.0,0.0,0.0,0.0,-44.28597357734027,0.0,0.0,hard,False,False,43.9952297685383,0.0,1.0,0.0,0.9804841750435145
3722,1767151383698,0.0,0.0,0.0,0.0,-44.28597357734027,0.0,0.0,hard,False,False,43.9952297685383,0.0,1.0,0.0,0.9804841750435145
3723,1767151383732,0.0,0.0,0.0,0.0,-44.28597357734027,0.0,0.0,hard,False,False,43.9952297685383,0.0,1.0,0.0,0.9804841750435145
3724,1767151383765,0.0,0.0,0.0,0.0,-44.28597357734027,0.0,0.0,hard,False,False,43.9952297685383,0.0,1.0,0.0,0.9804841750435145
3725,1767151383798,0.0,0.0,0.0,0.0,-44.28597357734027,0.0,0.0,hard,False,False,43.9952297685383,0.0,1.0,0.0,0.9804841750435145
3726,1767151383832,0.0,0.0,0.0,0.0,-44.28597357734027,0.0,0.0,hard,False,False,43.9952297685383,0.0,1.0,0.0,0.9804841750435145
3727,1767151383865,0.0,0.0,0.0,0.0,-44.28597357734027,0.0,0.0,hard,False,False,43.9952297685383,0.0,1.0,0.0,0.9804841750435145
3728,1767151384062,0.0,0.0,0.0,0.0,-44.28597357734027,0.0,0.0,hard,False,False,43.9952297685383,0.0,1.0,0.0,0.9804841750435145
3729,1767151384082,0.0,0.0,0.0,0.0,-44.28597357734027,0.0,0.0,hard,False,False,43.9952297685383,0.0,1.0,0.0,0.9804841750435145
3730,1767151384101,0.0,0.0,0.0,0.0,-44.28597357734027,0.0,0.0,hard,False,False,43.9952297685383,0.0,1.0,0.0,0.9804841750435145
3731,1767151384121,0.0,0.0,0.0,0.0,-44.28597357734027,0.0,0.0,hard,False,False,43.9952297685383,0.0,1.0,0.0,0.9804841750435145
3732,1767151384143,0.0,0.0,0.0,0.0,-44.28597357734027,0.0,0.0,hard,False,False,43.9952297685383,0.0,1.0,0.0,0.9804841750435145
3733,1767151384164,0.0,0.0,0.0,0.0,-44.28597357734027,0.0,0.0,hard,False,False,43.9952297685383,0.0,1.0,0.0,0.9804841750435145
3734,1767151384190,0.0,0.0,0.0,0.0,-44.28597357734027,0.0,0.0,hard,False,False,43.9952297685383,0.0,1.0,0.0,0.9804841750435145
3735,1767151384213,0.0,0.0,0.0,0.0,-44.28597357734027,0.0,0.0,hard,False,False,43.9952297685383,0.0,1.0,0.0,0.9804841750435145
3736,1767151384232,0.0,0.0,0.0,0.0,-44.28597357734027,0.0,0.0,hard,False,False,43.9952297685383,0.0,1.0,0.0,0.9804841750435145
3737,1767151384265,0.0,0.0,0.0,0.0,-44.28597357734027,0.0,0.0,hard,False,False,43.9952297685383,0.0,1.0,0.0,0.9804841750435145
3738,1767151384299,0.0,0.0,0.0,0.0,-44.28597357734027,0.0,0.0,hard,False,False,43.9952297685383,0.0,1.0,0.0,0.9804841750435145
3739,1767151384332,0.0,0.0,0.0,0.0,-44.28597357734027,0.0,0.0,hard,False,False,43.9952297685383,0.0,1.0,0.0,0.9804841750435145
3740,1767151384365,0.0,0.0,0.0,0.0,-44.28597357734027,0.0,0.0,hard,False,False,43.9952297685383,0.0,1.0,0.0,0.9804841750435145
3741,1767151384399,0.0,0.0,0.0,0.0,-44.28597357734027,0.0,0.0,hard,False,False,43.9952297685383,0.0,1.0,0.0,0.9804841750435145
3742,1767151384432,0.0,0.0,0.0,0.0,-44.28597357734027,0.0,0.0,hard,False,False,43.9952297685383,0.0,1.0,0.0,0.9804841750435145
3743,1767151384516,0.0,0.0,0.0,0.0,-44.28597357734027,0.0,0.0,hard,False,False,43.9952297685383,0.0,1.0,0.0,0.9804841750435145
3744,1767151384536,0.0,0.0,0.0,0.0,-44.28597357734027,0.0,0.0,hard,False,False,43.9952297685383,0.0,1.0,0.0,0.9804841750435145
3745,1767151384555,0.0,0.0,0.0,0.0,-44.28597357734027,0.0,0.0,hard,False,False,43.9952297685383,0.0,1.0,0.0,0.9804841750435145
3746,1767151384578,0.0,0.0,0.0,0.0,-44.28597357734027,0.0,0.0,hard,False,False,43.9952297685383,0.0,1.0,0.0,0.9804841750435145
3747,1767151384599,0.0,0.0,0.0,0.0,-44.28597357734027,0.0,0.0,hard,False,False,43.9952297685383,0.0,1.0,0.0,0.9804841750435145
3748,1767151384632,0.0,0.0,0.0,0.0,-44.28597357734027,0.0,0.0,hard,False,False,43.9952297685383,0.0,1.0,0.0,0.9804841750435145
3749,1767151384665,0.0,0.0,0.0,0.0,-44.28597357734027,0.0,0.0,hard,False,False,43.9952297685383,0.0,1.0,0.0,0.9804841750435145
3750,1767151384699,0.0,0.0,0.0,0.0,-44.28597357734027,0.0,0.0,hard,False,False,43.9952297685383,0.0,1.0,0.0,0.9804841750435145
3751,1767151384732,0.0,0.0,0.0,0.0,-44.28597357734027,0.0,0.0,hard,False,False,43.9952297685383,0.0,1.0,0.0,0.9804841750435145
3752,1767151384765,0.0,0.0,0.0,0.0,-44.28597357734027,0.0,0.0,hard,False,False,43.9952297685383,0.0,1.0,0.0,0.9804841750435145
3753,1767151384798,0.0,0.0,0.0,0.0,-44.28597357734027,0.0,0.0,hard,False,False,43.9952297685383,0.0,1.0,0.0,0.9804841750435145
3754,1767151384832,0.0,0.0,0.0,0.0,-44.28597357734027,0.0,0.0,hard,False,False,43.9952297685383,0.0,1.0,0.0,0.9804841750435145
3755,1767151384865,0.0,0.0,0.0,0.0,-44.28597357734027,0.0,0.0,hard,False,False,43.9952297685383,0.0,1.0,0.0,0.9804841750435145
3756,1767151384898,0.0,0.0,0.0,0.0,-44.28597357734027,0.0,0.0,hard,False,False,43.9952297685383,0.0,1.0,0.0,0.9804841750435145
3757,1767151384932,0.0,0.0,0.0,0.0,-44.28597357734027,0.0,0.0,hard,False,False,43.9952297685383,0.0,1.0,0.0,0.9804841750435145
3758,1767151384966,0.0,0.0,0.0,0.0,-44.28597357734027,0.0,0.0,hard,False,False,43.9952297685383,0.0,1.0,0.0,0.9804841750435145
3759,1767151384998,0.0,0.0,0.0,0.0,-44.28597357734027,0.0,0.0,hard,False,False,43.9952297685383,0.0,1.0,0.0,0.9804841750435145
3760,1767151385032,0.0,0.0,0.0,0.0,-44.28597357734027,0.0,0.0,hard,False,False,43.9952297685383,0.0,1.0,0.0,0.9804841750435145
3761,1767151385065,0.0,0.0,0.0,0.0,-44.28597357734027,0.0,0.0,hard,False,False,43.9952297685383,0.0,1.0,0.0,0.9804841750435145
3762,1767151385098,0.0,0.0,0.0,0.0,-44.28597357734027,0.0,0.0,hard,False,False,43.9952297685383,0.0,1.0,0.0,0.9804841750435145
3763,1767151385132,0.0,0.0,0.0,0.0,-44.28597357734027,0.0,0.0,hard,False,False,43.9952297685383,0.0,1.0,0.0,0.9804841750435145
3764,1767151385167,0.0,0.0,0.0,0.0,-44.28597357734027,0.0,0.0,hard,False,False,43.9952297685383,0.0,1.0,0.0,0.9804841750435145
3765,1767151385198,0.0,0.0,0.0,0.0,-44.28597357734027,0.0,0.0,hard,False,False,43.9952297685383,0.0,1.0,0.0,0.9804841750435145
3766,1767151385232,0.0,0.0,0.0,0.0,-44.28597357734027,0.0,0.0,hard,False,False,43.9952297685383,0.0,1.0,0.0,0.9804841750435145
3767,1767151385265,0.0,0.0,0.0,0.0,-44.28597357734027,0.0,0.0,hard,False,False,43.9952297685383,0.0,1.0,0.0,0.9804841750435145
3768,1767151385298,0.0,0.0,0.0,0.0,-44.28597357734027,0.0,0.0,hard,False,False,43.9952297685383,0.0,1.0,0.0,0.9804841750435145
3769,1767151385332,0.0,0.0,0.0,0.0,-44.28597357734027,0.0,0.0,hard,False,False,43.9952297685383,0.0,1.0,0.0,0.9804841750435145
3770,1767151385365,0.0,0.0,0.0,0.0,-44.28597357734027,0.0,0.0,hard,False,False,43.9952297685383,0.0,1.0,0.0,0.9804841750435145
3771,1767151385399,0.0,0.0,0.0,0.0,-44.28597357734027,0.0,0.0,hard,False,False,43.9952297685383,0.0,1.0,0.0,0.9804841750435145
3772,1767151385432,0.0,0.0,0.0,0.0,-44.28597357734027,0.0,0.0,hard,False,False,43.9952297685383,0.0,1.0,0.0,0.9804841750435145
3773,1767151385466,0.0,0.0,0.0,0.0,-44.28597357734027,0.0,0.0,hard,False,False,43.9952297685383,0.0,1.0,0.0,0.9804841750435145
3774,1767151385499,0.0,0.0,0.0,0.0,-44.28597357734027,0.0,0.0,hard,False,False,43.9952297685383,0.0,1.0,0.0,0.9804841750435145
3775,1767151385532,0.0,0.0,0.0,0.0,-44.28597357734027,0.0,0.0,hard,False,False,43.9952297685383,0.0,1.0,0.0,0.9804841750435145
3776,1767151385565,0.0,0.0,0.0,0.0,-44.28597357734027,0.0,0.0,hard,False,False,43.9952297685383,0.0,1.0,0.0,0.9804841750435145
3777,1767151385599,0.0,0.0,0.0,0.0,-44.28597357734027,0.0,0.0,hard,False,False,43.9952297685383,0.0,1.0,0.0,0.9804841750435145
3778,1767151385632,0.0,0.0,0.0,0.0,-44.28597357734027,0.0,0.0,hard,False,False,43.9952297685383,0.0,1.0,0.0,0.9804841750435145
3779,1767151385665,0.0,0.0,0.0,0.0,-44.28597357734027,0.0,0.0,hard,False,False,43.9952297685383,0.0,1.0,0.0,0.9804841750435145
3780,1767151385699,0.0,0.0,0.0,0.0,-44.28597357734027,0.0,0.0,hard,False,False,43.9952297685383,0.0,1.0,0.0,0.9804841750435145
3781,1767151385732,0.0,0.0,0.0,0.0,-44.28597357734027,0.0,0.0,hard,False,False,43.9952297685383,0.0,1.0,0.0,0.9804841750435145
3782,1767151385765,0.0,0.0,0.0,0.0,-44.28597357734027,0.0,0.0,hard,False,False,43.9952297685383,0.0,1.0,0.0,0.9804841750435145
3783,1767151385798,0.0,0.0,0.0,0.0,-44.28597357734027,0.0,0.0,hard,False,False,43.9952297685383,0.0,1.0,0.0,0.9804841750435145
3784,1767151385832,0.0,0.0,0.0,0.0,-44.28597357734027,0.0,0.0,hard,False,False,43.9952297685383,0.0,1.0,0.0,0.9804841750435145
3785,1767151385865,0.0,0.0,0.0,0.0,-44.28597357734027,0.0,0.0,hard,False,False,43.9952297685383,0.0,1.0,0.0,0.9804841750435145
3786,1767151385898,0.0,0.0,0.0,0.0,-44.28597357734027,0.0,0.0,hard,False,False,43.9952297685383,0.0,1.0,0.0,0.9804841750435145
3787,1767151385932,0.0,0.0,0.0,0.0,-44.28597357734027,0.0,0.0,hard,False,False,43.9952297685383,0.0,1.0,0.0,0.9804841750435145
3788,1767151385965,0.0,0.0,0.0,0.0,-44.28597357734027,0.0,0.0,hard,False,False,43.9952297685383,0.0,1.0,0.0,0.9804841750435145
3789,1767151385998,0.0,0.0,0.0,0.0,-44.28597357734027,0.0,0.0,hard,False,False,43.9952297685383,0.0,1.0,0.0,0.9804841750435145
3790,1767151386032,0.0,0.0,0.0,0.0,-44.28597357734027,0.0,0.0,hard,False,False,43.9952297685383,0.0,1.0,0.0,0.9804841750435145
3791,1767151386065,0.0,0.0,0.0,0.0,-44.28597357734027,0.0,0.0,hard,False,False,43.9952297685383,0.0,1.0,0.0,0.9804841750435145
3792,1767151386098,0.0,0.0,0.0,0.0,-44.28597357734027,0.0,0.0,hard,False,False,43.9952297685383,0.0,1.0,0.0,0.9804841750435145
3793,1767151386132,0.0,0.0,0.0,0.0,-44.28597357734027,0.0,0.0,hard,False,False,43.9952297685383,0.0,1.0,0.0,0.9804841750435145
3794,1767151386165,0.0,0.0,0.0,0.0,-44.28597357734027,0.0,0.0,hard,False,False,43.9952297685383,0.0,1.0,0.0,0.9804841750435145
3795,1767151386200,0.0,0.0,0.0,0.0,-44.28597357734027,0.0,0.0,hard,False,False,43.9952297685383,0.0,1.0,0.0,0.9804841750435145
3796,1767151386232,0.0,0.0,0.0,0.0,-44.28597357734027,0.0,0.0,hard,False,False,43.9952297685383,0.0,1.0,0.0,0.9804841750435145
3797,1767151386265,0.0,0.0,0.0,0.0,-44.28597357734027,0.0,0.0,hard,False,False,43.9952297685383,0.0,1.0,0.0,0.9804841750435145
3798,1767151386299,0.0,0.0,0.0,0.0,-44.28597357734027,0.0,0.0,hard,False,False,43.9952297685383,0.0,1.0,0.0,0.9804841750435145
3799,1767151386332,0.0,0.0,0.0,0.0,-44.28597357734027,0.0,0.0,hard,False,False,43.9952297685383,0.0,1.0,0.0,0.9804841750435145
3800,1767151386365,0.0,0.0,0.0,0.0,-44.28597357734027,0.0,0.0,hard,False,False,43.9952297685383,0.0,1.0,0.0,0.9804841750435145
3801,1767151386398,0.0,0.0,0.0,0.0,-44.28597357734027,0.0,0.0,hard,False,False,43.9952297685383,0.0,1.0,0.0,0.9804841750435145
3802,1767151386432,0.0,0.0,0.0,0.0,-44.28597357734027,0.0,0.0,hard,False,False,43.9952297685383,0.0,1.0,0.0,0.9804841750435145
3803,1767151386465,0.0,0.0,0.0,0.0,-44.28597357734027,0.0,0.0,hard,False,False,43.9952297685383,0.0,1.0,0.0,0.9804841750435145
3804,1767151386499,0.0,0.0,0.0,0.0,-44.28597357734027,0.0,0.0,hard,False,False,43.9952297685383,0.0,1.0,0.0,0.9804841750435145
3805,1767151386532,0.0,0.0,0.0,0.0,-44.28597357734027,0.0,0.0,hard,False,False,43.9952297685383,0.0,1.0,0.0,0.9804841750435145
3806,1767151386565,0.0,0.0,0.0,0.0,-44.28597357734027,0.0,0.0,hard,False,False,43.9952297685383,0.0,1.0,0.0,0.9804841750435145
3807,1767151386599,0.0,0.0,0.0,0.0,-44.28597357734027,0.0,0.0,hard,False,False,43.9952297685383,0.0,1.0,0.0,0.9804841750435145
3808,1767151386632,0.0,0.0,0.0,0.0,-44.28597357734027,0.0,0.0,hard,False,False,43.9952297685383,0.0,1.0,0.0,0.9804841750435145
3809,1767151386665,0.0,0.0,0.0,0.0,-44.28597357734027,0.0,0.0,hard,False,False,43.9952297685383,0.0,1.0,0.0,0.9804841750435145
3810,1767151386699,0.0,0.0,0.0,0.0,-44.28597357734027,0.0,0.0,hard,False,False,43.9952297685383,0.0,1.0,0.0,0.9804841750435145
3811,1767151386732,0.0,0.0,0.0,0.0,-44.28597357734027,0.0,0.0,hard,False,False,43.9952297685383,0.0,1.0,0.0,0.9804841750435145
3812,1767151386765,0.0,0.0,0.0,0.0,-44.28597357734027,0.0,0.0,hard,False,False,43.9952297685383,0.0,1.0,0.0,0.9804841750435145
3813,1767151386799,0.0,0.0,0.0,0.0,-44.28597357734027,0.0,0.0,hard,False,False,43.9952297685383,0.0,1.0,0.0,0.9804841750435145
3814,1767151386832,0.0,0.0,0.0,0.0,-44.28597357734027,0.0,0.0,hard,False,False,43.9952297685383,0.0,1.0,0.0,0.9804841750435145
3815,1767151386865,0.0,0.0,0.0,0.0,-44.28597357734027,0.0,0.0,hard,False,False,43.9952297685383,0.0,1.0,0.0,0.9804841750435145
3816,1767151386899,0.0,0.0,0.0,0.0,-44.28597357734027,0.0,0.0,hard,False,False,43.9952297685383,0.0,1.0,0.0,0.9804841750435145
3817,1767151386932,0.0,0.0,0.0,0.0,-44.28597357734027,0.0,0.0,hard,False,False,43.9952297685383,0.0,1.0,0.0,0.9804841750435145
3818,1767151386965,0.0,0.0,0.0,0.0,-44.28597357734027,0.0,0.0,hard,False,False,43.9952297685383,0.0,1.0,0.0,0.9804841750435145
3819,1767151386999,0.0,0.0,0.0,0.0,-44.28597357734027,0.0,0.0,hard,False,False,43.9952297685383,0.0,1.0,0.0,0.9804841750435145
3820,1767151387032,0.0,0.0,0.0,0.0,-44.28597357734027,0.0,0.0,hard,False,False,43.9952297685383,0.0,1.0,0.0,0.9804841750435145
3821,1767151387067,0.0,0.0,0.0,0.0,-44.28597357734027,0.0,0.0,hard,False,False,43.9952297685383,0.0,1.0,0.0,0.9804841750435145
3822,1767151387099,0.0,0.0,0.0,0.0,-44.28597357734027,0.0,0.0,hard,False,False,43.9952297685383,0.0,1.0,0.0,0.9804841750435145
3823,1767151387132,0.0,0.0,0.0,0.0,-44.28597357734027,0.0,0.0,hard,False,False,43.9952297685383,0.0,1.0,0.0,0.9804841750435145
3824,1767151387165,0.0,0.0,0.0,0.0,-44.28597357734027,0.0,0.0,hard,False,False,43.9952297685383,0.0,1.0,0.0,0.9804841750435145
3825,1767151387199,0.0,0.0,0.0,0.0,-44.28597357734027,0.0,0.0,hard,False,False,43.9952297685383,0.0,1.0,0.0,0.9804841750435145
3826,1767151387232,0.0,0.0,0.0,0.0,-44.28597357734027,0.0,0.0,hard,False,False,43.9952297685383,0.0,1.0,0.0,0.9804841750435145
3827,1767151387268,0.0,0.0,0.0,0.0,-44.28597357734027,0.0,0.0,hard,False,False,43.9952297685383,0.0,1.0,0.0,0.9804841750435145
3828,1767151387299,0.0,0.0,0.0,0.0,-44.28597357734027,0.0,0.0,hard,False,False,43.9952297685383,0.0,1.0,0.0,0.9804841750435145
3829,1767151387332,0.0,0.0,0.0,0.0,-44.28597357734027,0.0,0.0,hard,False,False,43.9952297685383,0.0,1.0,0.0,0.9804841750435145
3830,1767151387366,0.0,0.0,0.0,0.0,-44.28597357734027,0.0,0.0,hard,False,False,43.9952297685383,0.0,1.0,0.0,0.9804841750435145
3831,1767151387399,0.0,0.0,0.0,0.0,-44.28597357734027,0.0,0.0,hard,False,False,43.9952297685383,0.0,1.0,0.0,0.9804841750435145
3832,1767151387432,0.0,0.0,0.0,0.0,-44.28597357734027,0.0,0.0,hard,False,False,43.9952297685383,0.0,1.0,0.0,0.9804841750435145
3833,1767151387466,0.0,0.0,0.0,0.0,-44.28597357734027,0.0,0.0,hard,False,False,43.9952297685383,0.0,1.0,0.0,0.9804841750435145
3834,1767151387499,0.0,0.0,0.0,0.0,-44.28597357734027,0.0,0.0,hard,False,False,43.9952297685383,0.0,1.0,0.0,0.9804841750435145
3835,1767151387532,0.0,0.0,0.0,0.0,-44.28597357734027,0.0,0.0,hard,False,False,43.9952297685383,0.0,1.0,0.0,0.9804841750435145
3836,1767151387569,0.0,0.0,0.0,0.0,-44.28597357734027,0.0,0.0,hard,False,False,43.9952297685383,0.0,1.0,0.0,0.9804841750435145
3837,1767151387599,0.0,0.0,0.0,0.0,-44.28597357734027,0.0,0.0,hard,False,False,43.9952297685383,0.0,1.0,0.0,0.9804841750435145
3838,1767151387632,0.0,0.0,0.0,0.0,-44.28597357734027,0.0,0.0,hard,False,False,43.9952297685383,0.0,1.0,0.0,0.9804841750435145
3839,1767151387666,0.0,0.0,0.0,0.0,-44.28597357734027,0.0,0.0,hard,False,False,43.9952297685383,0.0,1.0,0.0,0.9804841750435145
3840,1767151387699,0.0,0.0,0.0,0.0,-44.28597357734027,0.0,0.0,hard,False,False,43.9952297685383,0.0,1.0,0.0,0.9804841750435145
3841,1767151387733,0.0,0.0,0.0,0.0,-44.28597357734027,0.0,0.0,hard,False,False,43.9952297685383,0.0,1.0,0.0,0.9804841750435145
3842,1767151387765,0.0,0.0,0.0,0.0,-44.28597357734027,0.0,0.0,hard,False,False,43.9952297685383,0.0,1.0,0.0,0.9804841750435145
3843,1767151387799,0.0,0.0,0.0,0.0,-44.28597357734027,0.0,0.0,hard,False,False,43.9952297685383,0.0,1.0,0.0,0.9804841750435145
3844,1767151387832,0.0,0.0,0.0,0.0,-44.28597357734027,0.0,0.0,hard,False,False,43.9952297685383,0.0,1.0,0.0,0.9804841750435145
3845,1767151387865,0.0,0.0,0.0,0.0,-44.28597357734027,0.0,0.0,hard,False,False,43.9952297685383,0.0,1.0,0.0,0.9804841750435145
3846,1767151387899,0.0,0.0,0.0,0.0,-44.28597357734027,0.0,0.0,hard,False,False,43.9952297685383,0.0,1.0,0.0,0.9804841750435145
3847,1767151387932,0.0,0.0,0.0,0.0,-44.28597357734027,0.0,0.0,hard,False,False,43.9952297685383,0.0,1.0,0.0,0.9804841750435145
3848,1767151387966,0.0,0.0,0.0,0.0,-44.28597357734027,0.0,0.0,hard,False,False,43.9952297685383,0.0,1.0,0.0,0.9804841750435145
3849,1767151387999,0.0,0.0,0.0,0.0,-44.28597357734027,0.0,0.0,hard,False,False,43.9952297685383,0.0,1.0,0.0,0.9804841750435145
3850,1767151388032,0.0,0.0,0.0,0.0,-44.28597357734027,0.0,0.0,hard,False,False,43.9952297685383,0.0,1.0,0.0,0.9804841750435145
3851,1767151388066,0.0,0.0,0.0,0.0,-44.28597357734027,0.0,0.0,hard,False,False,43.9952297685383,0.0,1.0,0.0,0.9804841750435145
3852,1767151388099,0.0,0.0,0.0,0.0,-44.28597357734027,0.0,0.0,hard,False,False,43.9952297685383,0.0,1.0,0.0,0.9804841750435145
3853,1767151388132,0.0,0.0,0.0,0.0,-44.28597357734027,0.0,0.0,hard,False,False,43.9952297685383,0.0,1.0,0.0,0.9804841750435145
3854,1767151388167,0.0,0.0,0.0,0.0,-44.28597357734027,0.0,0.0,hard,False,False,43.9952297685383,0.0,1.0,0.0,0.9804841750435145
3855,1767151388199,0.0,0.0,0.0,0.0,-44.28597357734027,0.0,0.0,hard,False,False,43.9952297685383,0.0,1.0,0.0,0.9804841750435145
3856,1767151388232,0.0,0.0,0.0,0.0,-44.28597357734027,0.0,0.0,hard,False,False,43.9952297685383,0.0,1.0,0.0,0.9804841750435145
3857,1767151388266,0.0,0.0,0.0,0.0,-44.28597357734027,0.0,0.0,hard,False,False,43.9952297685383,0.0,1.0,0.0,0.9804841750435145
3858,1767151388299,0.0,0.0,0.0,0.0,-44.28597357734027,0.0,0.0,hard,False,False,43.9952297685383,0.0,1.0,0.0,0.9804841750435145
3859,1767151388332,0.0,0.0,0.0,0.0,-44.28597357734027,0.0,0.0,hard,False,False,43.9952297685383,0.0,1.0,0.0,0.9804841750435145
3860,1767151388366,0.0,0.0,0.0,0.0,-44.28597357734027,0.0,0.0,hard,False,False,43.9952297685383,0.0,1.0,0.0,0.9804841750435145
3861,1767151388399,0.0,0.0,0.0,0.0,-44.28597357734027,0.0,0.0,hard,False,False,43.9952297685383,0.0,1.0,0.0,0.9804841750435145
3862,1767151388438,0.0,0.0,0.0,0.0,-44.28597357734027,0.0,0.0,hard,False,False,43.9952297685383,0.0,1.0,0.0,0.9804841750435145
3863,1767151388465,0.0,0.0,0.0,0.0,-44.28597357734027,0.0,0.0,hard,False,False,43.9952297685383,0.0,1.0,0.0,0.9804841750435145
3864,1767151388499,0.0,0.0,0.0,0.0,-44.28597357734027,0.0,0.0,hard,False,False,43.9952297685383,0.0,1.0,0.0,0.9804841750435145
3865,1767151388535,0.0,0.0,0.0,0.0,-44.28597357734027,0.0,0.0,hard,False,False,43.9952297685383,0.0,1.0,0.0,0.9804841750435145
3866,1767151388566,0.0,0.0,0.0,0.0,-44.28597357734027,0.0,0.0,hard,False,False,43.9952297685383,0.0,1.0,0.0,0.9804841750435145
3867,1767151388599,0.0,0.0,0.0,0.0,-44.28597357734027,0.0,0.0,hard,False,False,43.9952297685383,0.0,1.0,0.0,0.9804841750435145
3868,1767151388632,0.0,0.0,0.0,0.0,-44.28597357734027,0.0,0.0,hard,False,False,43.9952297685383,0.0,1.0,0.0,0.9804841750435145
3869,1767151388665,0.0,0.0,0.0,0.0,-44.28597357734027,0.0,0.0,hard,False,False,43.9952297685383,0.0,1.0,0.0,0.9804841750435145
3870,1767151388699,0.0,0.0,0.0,0.0,-44.28597357734027,0.0,0.0,hard,False,False,43.9952297685383,0.0,1.0,0.0,0.9804841750435145
3871,1767151388732,0.0,0.0,0.0,0.0,-44.28597357734027,0.0,0.0,hard,False,False,43.9952297685383,0.0,1.0,0.0,0.9804841750435145
3872,1767151388766,0.0,0.0,0.0,0.0,-44.28597357734027,0.0,0.0,hard,False,False,43.9952297685383,0.0,1.0,0.0,0.9804841750435145
3873,1767151388805,0.0,0.0,0.0,0.0,-44.28597357734027,0.0,0.0,hard,False,False,43.9952297685383,0.0,1.0,0.0,0.9804841750435145
3874,1767151388832,0.0,0.0,0.0,0.0,-44.28597357734027,0.0,0.0,hard,False,False,43.9952297685383,0.0,1.0,0.0,0.9804841750435145
3875,1767151388866,0.0,0.0,0.0,0.0,-44.28597357734027,0.0,0.0,hard,False,False,43.9952297685383,0.0,1.0,0.0,0.9804841750435145
3876,1767151388899,0.0,0.0,0.0,0.0,-44.28597357734027,0.0,0.0,hard,False,False,43.9952297685383,0.0,1.0,0.0,0.9804841750435145
3877,1767151388932,0.0,0.0,0.0,0.0,-44.28597357734027,0.0,0.0,hard,False,False,43.9952297685383,0.0,1.0,0.0,0.9804841750435145
3878,1767151388967,0.0,0.0,0.0,0.0,-44.28597357734027,0.0,0.0,hard,False,False,43.9952297685383,0.0,1.0,0.0,0.9804841750435145
3879,1767151388999,0.0,0.0,0.0,0.0,-44.28597357734027,0.0,0.0,hard,False,False,43.9952297685383,0.0,1.0,0.0,0.9804841750435145
3880,1767151389032,0.0,0.0,0.0,0.0,-44.28597357734027,0.0,0.0,hard,False,False,43.9952297685383,0.0,1.0,0.0,0.9804841750435145
3881,1767151389066,0.0,0.0,0.0,0.0,-44.28597357734027,0.0,0.0,hard,False,False,43.9952297685383,0.0,1.0,0.0,0.9804841750435145
3882,1767151389099,0.0,0.0,0.0,0.0,-44.28597357734027,0.0,0.0,hard,False,False,43.9952297685383,0.0,1.0,0.0,0.9804841750435145
3883,1767151389133,0.0,0.0,0.0,0.0,-44.28597357734027,0.0,0.0,hard,False,False,43.9952297685383,0.0,1.0,0.0,0.9804841750435145
3884,1767151389166,0.0,0.0,0.0,0.0,-44.28597357734027,0.0,0.0,hard,False,False,43.9952297685383,0.0,1.0,0.0,0.9804841750435145
3885,1767151389199,0.0,0.0,0.0,0.0,-44.28597357734027,0.0,0.0,hard,False,False,43.9952297685383,0.0,1.0,0.0,0.9804841750435145
3886,1767151389232,0.0,0.0,0.0,0.0,-44.28597357734027,0.0,0.0,hard,False,False,43.9952297685383,0.0,1.0,0.0,0.9804841750435145
3887,1767151389266,0.0,0.0,0.0,0.0,-44.28597357734027,0.0,0.0,hard,False,False,43.9952297685383,0.0,1.0,0.0,0.9804841750435145
3888,1767151389299,0.0,0.0,0.0,0.0,-44.28597357734027,0.0,0.0,hard,False,False,43.9952297685383,0.0,1.0,0.0,0.9804841750435145
3889,1767151389332,0.0,0.0,0.0,0.0,-44.28597357734027,0.0,0.0,hard,False,False,43.9952297685383,0.0,1.0,0.0,0.9804841750435145
3890,1767151389366,0.0,0.0,0.0,0.0,-44.28597357734027,0.0,0.0,hard,False,False,43.9952297685383,0.0,1.0,0.0,0.9804841750435145
3891,1767151389399,0.0,0.0,0.0,0.0,-44.28597357734027,0.0,0.0,hard,False,False,43.9952297685383,0.0,1.0,0.0,0.9804841750435145
3892,1767151389433,0.0,0.0,0.0,0.0,-44.28597357734027,0.0,0.0,hard,False,False,43.9952297685383,0.0,1.0,0.0,0.9804841750435145
3893,1767151389466,0.0,0.0,0.0,0.0,-44.28597357734027,0.0,0.0,hard,False,False,43.9952297685383,0.0,1.0,0.0,0.9804841750435145
3894,1767151389499,0.0,0.0,0.0,0.0,-44.28597357734027,0.0,0.0,hard,False,False,43.9952297685383,0.0,1.0,0.0,0.9804841750435145
3895,1767151389532,0.0,0.0,0.0,0.0,-44.28597357734027,0.0,0.0,hard,False,False,43.9952297685383,0.0,1.0,0.0,0.9804841750435145
3896,1767151389565,0.0,0.0,0.0,0.0,-44.28597357734027,0.0,0.0,hard,False,False,43.9952297685383,0.0,1.0,0.0,0.9804841750435145
3897,1767151389600,0.0,0.0,0.0,0.0,-44.28597357734027,0.0,0.0,hard,False,False,43.9952297685383,0.0,1.0,0.0,0.9804841750435145
3898,1767151389632,0.0,0.0,0.0,0.0,-44.28597357734027,0.0,0.0,hard,False,False,43.9952297685383,0.0,1.0,0.0,0.9804841750435145
3899,1767151389666,0.0,0.0,0.0,0.0,-44.28597357734027,0.0,0.0,hard,False,False,43.9952297685383,0.0,1.0,0.0,0.9804841750435145
3900,1767151389699,0.0,0.0,0.0,0.0,-44.28597357734027,0.0,0.0,hard,False,False,43.9952297685383,0.0,1.0,0.0,0.9804841750435145
3901,1767151389735,0.0,0.0,0.0,0.0,-44.28597357734027,0.0,0.0,hard,False,False,43.9952297685383,0.0,1.0,0.0,0.9804841750435145
3902,1767151389766,0.0,0.0,0.0,0.0,-44.28597357734027,0.0,0.0,hard,False,False,43.9952297685383,0.0,1.0,0.0,0.9804841750435145
3903,1767151389799,0.0,0.0,0.0,0.0,-44.28597357734027,0.0,0.0,hard,False,False,43.9952297685383,0.0,1.0,0.0,0.9804841750435145
3904,1767151389832,0.0,0.0,0.0,0.0,-44.28597357734027,0.0,0.0,hard,False,False,43.9952297685383,0.0,1.0,0.0,0.9804841750435145
3905,1767151389866,0.0,0.0,0.0,0.0,-44.28597357734027,0.0,0.0,hard,False,False,43.9952297685383,0.0,1.0,0.0,0.9804841750435145
3906,1767151389899,0.0,0.0,0.0,0.0,-44.28597357734027,0.0,0.0,hard,False,False,43.9952297685383,0.0,1.0,0.0,0.9804841750435145
3907,1767151389932,0.0,0.0,0.0,0.0,-44.28597357734027,0.0,0.0,hard,False,False,43.9952297685383,0.0,1.0,0.0,0.9804841750435145
3908,1767151389966,0.0,0.0,0.0,0.0,-44.28597357734027,0.0,0.0,hard,False,False,43.9952297685383,0.0,1.0,0.0,0.9804841750435145
3909,1767151389999,0.0,0.0,0.0,0.0,-44.28597357734027,0.0,0.0,hard,False,False,43.9952297685383,0.0,1.0,0.0,0.9804841750435145
3910,1767151390032,0.0,0.0,0.0,0.0,-44.28597357734027,0.0,0.0,hard,False,False,43.9952297685383,0.0,1.0,0.0,0.9804841750435145
3911,1767151390066,0.0,0.0,0.0,0.0,-44.28597357734027,0.0,0.0,hard,False,False,43.9952297685383,0.0,1.0,0.0,0.9804841750435145
3912,1767151390099,0.0,0.0,0.0,0.0,-44.28597357734027,0.0,0.0,hard,False,False,43.9952297685383,0.0,1.0,0.0,0.9804841750435145
3913,1767151390132,0.0,0.0,0.0,0.0,-44.28597357734027,0.0,0.0,hard,False,False,43.9952297685383,0.0,1.0,0.0,0.9804841750435145
3914,1767151390166,0.0,0.0,0.0,0.0,-44.28597357734027,0.0,0.0,hard,False,False,43.9952297685383,0.0,1.0,0.0,0.9804841750435145
3915,1767151390346,0.0,0.0,0.0,0.0,-44.28597357734027,0.0,0.0,hard,False,False,43.9952297685383,0.0,1.0,0.0,0.9804841750435145
3916,1767151390367,0.0,0.0,0.0,0.0,-44.28597357734027,0.0,0.0,hard,False,False,43.9952297685383,0.0,1.0,0.0,0.9804841750435145
3917,1767151390384,0.0,0.0,0.0,0.0,-44.28597357734027,0.0,0.0,hard,False,False,43.9952297685383,0.0,1.0,0.0,0.9804841750435145
3918,1767151390403,0.0,0.0,0.0,0.0,-44.28597357734027,0.0,0.0,hard,False,False,43.9952297685383,0.0,1.0,0.0,0.9804841750435145
3919,1767151390421,0.0,0.0,0.0,0.0,-44.28597357734027,0.0,0.0,hard,False,False,43.9952297685383,0.0,1.0,0.0,0.9804841750435145
3920,1767151390439,0.0,0.0,0.0,0.0,-44.28597357734027,0.0,0.0,hard,False,False,43.9952297685383,0.0,1.0,0.0,0.9804841750435145
3921,1767151390459,0.0,0.0,0.0,0.0,-44.28597357734027,0.0,0.0,hard,False,False,43.9952297685383,0.0,1.0,0.0,0.9804841750435145
3922,1767151390477,0.0,0.0,0.0,0.0,-44.28597357734027,0.0,0.0,hard,False,False,43.9952297685383,0.0,1.0,0.0,0.9804841750435145
3923,1767151390499,0.0,0.0,0.0,0.0,-44.28597357734027,0.0,0.0,hard,False,False,43.9952297685383,0.0,1.0,0.0,0.9804841750435145
3924,1767151390532,0.0,0.0,0.0,0.0,-44.28597357734027,0.0,0.0,hard,False,False,43.9952297685383,0.0,1.0,0.0,0.9804841750435145
3925,1767151390566,0.0,0.0,0.0,0.0,-44.28597357734027,0.0,0.0,hard,False,False,43.9952297685383,0.0,1.0,0.0,0.9804841750435145
3926,1767151390600,0.0,0.0,0.0,0.0,-44.28597357734027,0.0,0.0,hard,False,False,43.9952297685383,0.0,1.0,0.0,0.9804841750435145
3927,1767151390632,0.0,0.0,0.0,0.0,-44.28597357734027,0.0,0.0,hard,False,False,43.9952297685383,0.0,1.0,0.0,0.9804841750435145
3928,1767151390666,0.0,0.0,0.0,0.0,-44.28597357734027,0.0,0.0,hard,False,False,43.9952297685383,0.0,1.0,0.0,0.9804841750435145
3929,1767151390699,0.0,0.0,0.0,0.0,-44.28597357734027,0.0,0.0,hard,False,False,43.9952297685383,0.0,1.0,0.0,0.9804841750435145
3930,1767151390732,0.0,0.0,0.0,0.0,-44.28597357734027,0.0,0.0,hard,False,False,43.9952297685383,0.0,1.0,0.0,0.9804841750435145
3931,1767151390766,0.0,0.0,0.0,0.0,-44.28597357734027,0.0,0.0,hard,False,False,43.9952297685383,0.0,1.0,0.0,0.9804841750435145
3932,1767151390849,0.0,0.0,0.0,0.0,-44.28597357734027,0.0,0.0,hard,False,False,43.9952297685383,0.0,1.0,0.0,0.9804841750435145
3933,1767151390870,0.0,0.0,0.0,0.0,-44.28597357734027,0.0,0.0,hard,False,False,43.9952297685383,0.0,1.0,0.0,0.9804841750435145
3934,1767151390896,0.0,0.0,0.0,0.0,-44.28597357734027,0.0,0.0,hard,False,False,43.9952297685383,0.0,1.0,0.0,0.9804841750435145
3935,1767151390916,0.0,0.0,0.0,0.0,-44.28597357734027,0.0,0.0,hard,False,False,43.9952297685383,0.0,1.0,0.0,0.9804841750435145
3936,1767151390937,0.0,0.0,0.0,0.0,-44.28597357734027,0.0,0.0,hard,False,False,43.9952297685383,0.0,1.0,0.0,0.9804841750435145
3937,1767151390966,0.0,0.0,0.0,0.0,-44.28597357734027,0.0,0.0,hard,False,False,43.9952297685383,0.0,1.0,0.0,0.9804841750435145
3938,1767151390999,0.0,0.0,0.0,0.0,-44.28597357734027,0.0,0.0,hard,False,False,43.9952297685383,0.0,1.0,0.0,0.9804841750435145
3939,1767151391033,0.0,0.0,0.0,0.0,-44.28597357734027,0.0,0.0,hard,False,False,43.9952297685383,0.0,1.0,0.0,0.9804841750435145
3940,1767151391066,0.0,0.0,0.0,0.0,-44.28597357734027,0.0,0.0,hard,False,False,43.9952297685383,0.0,1.0,0.0,0.9804841750435145
3941,1767151391099,0.0,0.0,0.0,0.0,-44.28597357734027,0.0,0.0,hard,False,False,43.9952297685383,0.0,1.0,0.0,0.9804841750435145
3942,1767151391133,0.0,0.0,0.0,0.0,-44.28597357734027,0.0,0.0,hard,False,False,43.9952297685383,0.0,1.0,0.0,0.9804841750435145
3943,1767151391166,0.0,0.0,0.0,0.0,-44.28597357734027,0.0,0.0,hard,False,False,43.9952297685383,0.0,1.0,0.0,0.9804841750435145
3944,1767151391199,0.0,0.0,0.0,0.0,-44.28597357734027,0.0,0.0,hard,False,False,43.9952297685383,0.0,1.0,0.0,0.9804841750435145
3945,1767151391232,0.0,0.0,0.0,0.0,-44.28597357734027,0.0,0.0,hard,False,False,43.9952297685383,0.0,1.0,0.0,0.9804841750435145
3946,1767151391266,0.0,0.0,0.0,0.0,-44.28597357734027,0.0,0.0,hard,False,False,43.9952297685383,0.0,1.0,0.0,0.9804841750435145
3947,1767151391299,0.0,0.0,0.0,0.0,-44.28597357734027,0.0,0.0,hard,False,False,43.9952297685383,0.0,1.0,0.0,0.9804841750435145
3948,1767151391332,0.0,0.0,0.0,0.0,-44.28597357734027,0.0,0.0,hard,False,False,43.9952297685383,0.0,1.0,0.0,0.9804841750435145
3949,1767151391366,0.0,0.0,0.0,0.0,-44.28597357734027,0.0,0.0,hard,False,False,43.9952297685383,0.0,1.0,0.0,0.9804841750435145
3950,1767151391399,0.0,0.0,0.0,0.0,-44.28597357734027,0.0,0.0,hard,False,False,43.9952297685383,0.0,1.0,0.0,0.9804841750435145
3951,1767151391432,0.0,0.0,0.0,0.0,-44.28597357734027,0.0,0.0,hard,False,False,43.9952297685383,0.0,1.0,0.0,0.9804841750435145
3952,1767151391466,0.0,0.0,0.0,0.0,-44.28597357734027,0.0,0.0,hard,False,False,43.9952297685383,0.0,1.0,0.0,0.9804841750435145
3953,1767151391499,0.0,0.0,0.0,0.0,-44.28597357734027,0.0,0.0,hard,False,False,43.9952297685383,0.0,1.0,0.0,0.9804841750435145
3954,1767151391533,0.0,0.0,0.0,0.0,-44.28597357734027,0.0,0.0,hard,False,False,43.9952297685383,0.0,1.0,0.0,0.9804841750435145
3955,1767151391569,0.0,0.0,0.0,0.0,-44.28597357734027,0.0,0.0,hard,False,False,43.9952297685383,0.0,1.0,0.0,0.9804841750435145
3956,1767151391599,0.0,0.0,0.0,0.0,-44.28597357734027,0.0,0.0,hard,False,False,43.9952297685383,0.0,1.0,0.0,0.9804841750435145
3957,1767151391632,0.0,0.0,0.0,0.0,-44.28597357734027,0.0,0.0,hard,False,False,43.9952297685383,0.0,1.0,0.0,0.9804841750435145
3958,1767151391666,0.0,0.0,0.0,0.0,-44.28597357734027,0.0,0.0,hard,False,False,43.9952297685383,0.0,1.0,0.0,0.9804841750435145
3959,1767151391699,0.0,0.0,0.0,0.0,-44.28597357734027,0.0,0.0,hard,False,False,43.9952297685383,0.0,1.0,0.0,0.9804841750435145
3960,1767151391732,0.0,0.0,0.0,0.0,-44.28597357734027,0.0,0.0,hard,False,False,43.9952297685383,0.0,1.0,0.0,0.9804841750435145
3961,1767151391766,0.0,0.0,0.0,0.0,-44.28597357734027,0.0,0.0,hard,False,False,43.9952297685383,0.0,1.0,0.0,0.9804841750435145
3962,1767151391799,0.0,0.0,0.0,0.0,-44.28597357734027,0.0,0.0,hard,False,False,43.9952297685383,0.0,1.0,0.0,0.9804841750435145
3963,1767151391833,0.0,0.0,0.0,0.0,-44.28597357734027,0.0,0.0,hard,False,False,43.9952297685383,0.0,1.0,0.0,0.9804841750435145
3964,1767151391866,0.0,0.0,0.0,0.0,-44.28597357734027,0.0,0.0,hard,False,False,43.9952297685383,0.0,1.0,0.0,0.9804841750435145
3965,1767151391899,0.0,0.0,0.0,0.0,-44.28597357734027,0.0,0.0,hard,False,False,43.9952297685383,0.0,1.0,0.0,0.9804841750435145
3966,1767151391932,0.0,0.0,0.0,0.0,-44.28597357734027,0.0,0.0,hard,False,False,43.9952297685383,0.0,1.0,0.0,0.9804841750435145
3967,1767151391966,0.0,0.0,0.0,0.0,-44.28597357734027,0.0,0.0,hard,False,False,43.9952297685383,0.0,1.0,0.0,0.9804841750435145
3968,1767151391999,0.0,0.0,0.0,0.0,-44.28597357734027,0.0,0.0,hard,False,False,43.9952297685383,0.0,1.0,0.0,0.9804841750435145
3969,1767151392033,0.0,0.0,0.0,0.0,-44.28597357734027,0.0,0.0,hard,False,False,43.9952297685383,0.0,1.0,0.0,0.9804841750435145
3970,1767151392066,0.0,0.0,0.0,0.0,-44.28597357734027,0.0,0.0,hard,False,False,43.9952297685383,0.0,1.0,0.0,0.9804841750435145
3971,1767151392099,0.0,0.0,0.0,0.0,-44.28597357734027,0.0,0.0,hard,False,False,43.9952297685383,0.0,1.0,0.0,0.9804841750435145
3972,1767151392133,0.0,0.0,0.0,0.0,-44.28597357734027,0.0,0.0,hard,False,False,43.9952297685383,0.0,1.0,0.0,0.9804841750435145
3973,1767151392166,0.0,0.0,0.0,0.0,-44.28597357734027,0.0,0.0,hard,False,False,43.9952297685383,0.0,1.0,0.0,0.9804841750435145
3974,1767151392199,0.0,0.0,0.0,0.0,-44.28597357734027,0.0,0.0,hard,False,False,43.9952297685383,0.0,1.0,0.0,0.9804841750435145
3975,1767151392237,0.0,0.0,0.0,0.0,-44.28597357734027,0.0,0.0,hard,False,False,43.9952297685383,0.0,1.0,0.0,0.9804841750435145
3976,1767151392266,0.0,0.0,0.0,0.0,-44.28597357734027,0.0,0.0,hard,False,False,43.9952297685383,0.0,1.0,0.0,0.9804841750435145
3977,1767151392299,0.0,0.0,0.0,0.0,-44.28597357734027,0.0,0.0,hard,False,False,43.9952297685383,0.0,1.0,0.0,0.9804841750435145
3978,1767151392332,0.0,0.0,0.0,0.0,-44.28597357734027,0.0,0.0,hard,False,False,43.9952297685383,0.0,1.0,0.0,0.9804841750435145
3979,1767151392366,0.0,0.0,0.0,0.0,-44.28597357734027,0.0,0.0,hard,False,False,43.9952297685383,0.0,1.0,0.0,0.9804841750435145
3980,1767151392399,0.0,0.0,0.0,0.0,-44.28597357734027,0.0,0.0,hard,False,False,43.9952297685383,0.0,1.0,0.0,0.9804841750435145
3981,1767151392432,0.0,0.0,0.0,0.0,-44.28597357734027,0.0,0.0,hard,False,False,43.9952297685383,0.0,1.0,0.0,0.9804841750435145
3982,1767151392466,0.0,0.0,0.0,0.0,-44.28597357734027,0.0,0.0,hard,False,False,43.9952297685383,0.0,1.0,0.0,0.9804841750435145
3983,1767151392499,0.0,0.0,0.0,0.0,-44.28597357734027,0.0,0.0,hard,False,False,43.9952297685383,0.0,1.0,0.0,0.9804841750435145
3984,1767151392533,0.0,0.0,0.0,0.0,-44.28597357734027,0.0,0.0,hard,False,False,43.9952297685383,0.0,1.0,0.0,0.9804841750435145
3985,1767151392566,0.0,0.0,0.0,0.0,-44.28597357734027,0.0,0.0,hard,False,False,43.9952297685383,0.0,1.0,0.0,0.9804841750435145
3986,1767151392599,0.0,0.0,0.0,0.0,-44.28597357734027,0.0,0.0,hard,False,False,43.9952297685383,0.0,1.0,0.0,0.9804841750435145
3987,1767151392633,0.0,0.0,0.0,0.0,-44.28597357734027,0.0,0.0,hard,False,False,43.9952297685383,0.0,1.0,0.0,0.9804841750435145
3988,1767151392666,0.0,0.0,0.0,0.0,-44.28597357734027,0.0,0.0,hard,False,False,43.9952297685383,0.0,1.0,0.0,0.9804841750435145
3989,1767151392700,0.0,0.0,0.0,0.0,-44.28597357734027,0.0,0.0,hard,False,False,43.9952297685383,0.0,1.0,0.0,0.9804841750435145
3990,1767151392732,0.0,0.0,0.0,0.0,-44.28597357734027,0.0,0.0,hard,False,False,43.9952297685383,0.0,1.0,0.0,0.9804841750435145
3991,1767151392766,0.0,0.0,0.0,0.0,-44.28597357734027,0.0,0.0,hard,False,False,43.9952297685383,0.0,1.0,0.0,0.9804841750435145
3992,1767151392802,0.0,0.0,0.0,0.0,-44.28597357734027,0.0,0.0,hard,False,False,43.9952297685383,0.0,1.0,0.0,0.9804841750435145
3993,1767151392833,0.0,0.0,0.0,0.0,-44.28597357734027,0.0,0.0,hard,False,False,43.9952297685383,0.0,1.0,0.0,0.9804841750435145
3994,1767151392869,0.0,0.0,0.0,0.0,-44.28597357734027,0.0,0.0,hard,False,False,43.9952297685383,0.0,1.0,0.0,0.9804841750435145
3995,1767151392899,0.0,0.0,0.0,0.0,-44.28597357734027,0.0,0.0,hard,False,False,43.9952297685383,0.0,1.0,0.0,0.9804841750435145
3996,1767151392934,0.0,0.0,0.0,0.0,-44.28597357734027,0.0,0.0,hard,False,False,43.9952297685383,0.0,1.0,0.0,0.9804841750435145
3997,1767151392967,0.0,0.0,0.0,0.0,-44.28597357734027,0.0,0.0,hard,False,False,43.9952297685383,0.0,1.0,0.0,0.9804841750435145
3998,1767151392999,0.0,0.0,0.0,0.0,-44.28597357734027,0.0,0.0,hard,False,False,43.9952297685383,0.0,1.0,0.0,0.9804841750435145
3999,1767151393033,0.0,0.0,0.0,0.0,-44.28597357734027,0.0,0.0,hard,False,False,43.9952297685383,0.0,1.0,0.0,0.9804841750435145
4000,1767151393066,0.0,0.0,0.0,0.0,-44.28597357734027,0.0,0.0,hard,False,False,43.9952297685383,0.0,1.0,0.0,0.9804841750435145
4001,1767151393099,0.0,0.0,0.0,0.0,-44.28597357734027,0.0,0.0,hard,False,False,43.9952297685383,0.0,1.0,0.0,0.9804841750435145
4002,1767151393133,0.0,0.0,0.0,0.0,-44.28597357734027,0.0,0.0,hard,False,False,43.9952297685383,0.0,1.0,0.0,0.9804841750435145
4003,1767151393166,0.0,0.0,0.0,0.0,-44.28597357734027,0.0,0.0,hard,False,False,43.9952297685383,0.0,1.0,0.0,0.9804841750435145
4004,1767151393199,0.0,0.0,0.0,0.0,-44.28597357734027,0.0,0.0,hard,False,False,43.9952297685383,0.0,1.0,0.0,0.9804841750435145
4005,1767151393232,0.0,0.0,0.0,0.0,-44.28597357734027,0.0,0.0,hard,False,False,43.9952297685383,0.0,1.0,0.0,0.9804841750435145
4006,1767151393266,0.0,0.0,0.0,0.0,-44.28597357734027,0.0,0.0,hard,False,False,43.9952297685383,0.0,1.0,0.0,0.9804841750435145
4007,1767151393299,0.0,0.0,0.0,0.0,-44.28597357734027,0.0,0.0,hard,False,False,43.9952297685383,0.0,1.0,0.0,0.9804841750435145
4008,1767151393332,0.0,0.0,0.0,0.0,-44.28597357734027,0.0,0.0,hard,False,False,43.9952297685383,0.0,1.0,0.0,0.9804841750435145
4009,1767151393366,0.0,0.0,0.0,0.0,-44.28597357734027,0.0,0.0,hard,False,False,43.9952297685383,0.0,1.0,0.0,0.9804841750435145
4010,1767151393399,0.0,0.0,0.0,0.0,-44.28597357734027,0.0,0.0,hard,False,False,43.9952297685383,0.0,1.0,0.0,0.9804841750435145
4011,1767151393434,0.0,0.0,0.0,0.0,-44.28597357734027,0.0,0.0,hard,False,False,43.9952297685383,0.0,1.0,0.0,0.9804841750435145
4012,1767151393466,0.0,0.0,0.0,0.0,-44.28597357734027,0.0,0.0,hard,False,False,43.9952297685383,0.0,1.0,0.0,0.9804841750435145
4013,1767151393499,0.0,0.0,0.0,0.0,-44.28597357734027,0.0,0.0,hard,False,False,43.9952297685383,0.0,1.0,0.0,0.9804841750435145
4014,1767151393533,0.0,0.0,0.0,0.0,-44.28597357734027,0.0,0.0,hard,False,False,43.9952297685383,0.0,1.0,0.0,0.9804841750435145
4015,1767151393566,0.0,0.0,0.0,0.0,-44.28597357734027,0.0,0.0,hard,False,False,43.9952297685383,0.0,1.0,0.0,0.9804841750435145
4016,1767151393599,0.0,0.0,0.0,0.0,-44.28597357734027,0.0,0.0,hard,False,False,43.9952297685383,0.0,1.0,0.0,0.9804841750435145
4017,1767151393632,0.0,0.0,0.0,0.0,-44.28597357734027,0.0,0.0,hard,False,False,43.9952297685383,0.0,1.0,0.0,0.9804841750435145
4018,1767151393666,0.0,0.0,0.0,0.0,-44.28597357734027,0.0,0.0,hard,False,False,43.9952297685383,0.0,1.0,0.0,0.9804841750435145
4019,1767151393700,0.0,0.0,0.0,0.0,-44.28597357734027,0.0,0.0,hard,False,False,43.9952297685383,0.0,1.0,0.0,0.9804841750435145
4020,1767151393733,0.0,0.0,0.0,0.0,-44.28597357734027,0.0,0.0,hard,False,False,43.9952297685383,0.0,1.0,0.0,0.9804841750435145
4021,1767151393766,0.0,0.0,0.0,0.0,-44.28597357734027,0.0,0.0,hard,False,False,43.9952297685383,0.0,1.0,0.0,0.9804841750435145
4022,1767151393803,0.0,0.0,0.0,0.0,-44.28597357734027,0.0,0.0,hard,False,False,43.9952297685383,0.0,1.0,0.0,0.9804841750435145
4023,1767151393833,0.0,0.0,0.0,0.0,-44.28597357734027,0.0,0.0,hard,False,False,43.9952297685383,0.0,1.0,0.0,0.9804841750435145
4024,1767151393866,0.0,0.0,0.0,0.0,-44.28597357734027,0.0,0.0,hard,False,False,43.9952297685383,0.0,1.0,0.0,0.9804841750435145
4025,1767151393900,0.0,0.0,0.0,0.0,-44.28597357734027,0.0,0.0,hard,False,False,43.9952297685383,0.0,1.0,0.0,0.9804841750435145
4026,1767151393933,0.0,0.0,0.0,0.0,-44.28597357734027,0.0,0.0,hard,False,False,43.9952297685383,0.0,1.0,0.0,0.9804841750435145
4027,1767151393968,0.0,0.0,0.0,0.0,-44.28597357734027,0.0,0.0,hard,False,False,43.9952297685383,0.0,1.0,0.0,0.9804841750435145
4028,1767151394000,0.0,0.0,0.0,0.0,-44.28597357734027,0.0,0.0,hard,False,False,43.9952297685383,0.0,1.0,0.0,0.9804841750435145
4029,1767151394033,0.0,0.0,0.0,0.0,-44.28597357734027,0.0,0.0,hard,False,False,43.9952297685383,0.0,1.0,0.0,0.9804841750435145
4030,1767151394066,0.0,0.0,0.0,0.0,-44.28597357734027,0.0,0.0,hard,False,False,43.9952297685383,0.0,1.0,0.0,0.9804841750435145
4031,1767151394099,0.0,0.0,0.0,0.0,-44.28597357734027,0.0,0.0,hard,False,False,43.9952297685383,0.0,1.0,0.0,0.9804841750435145
4032,1767151394133,0.0,0.0,0.0,0.0,-44.28597357734027,0.0,0.0,hard,False,False,43.9952297685383,0.0,1.0,0.0,0.9804841750435145
4033,1767151394166,0.0,0.0,0.0,0.0,-44.28597357734027,0.0,0.0,hard,False,False,43.9952297685383,0.0,1.0,0.0,0.9804841750435145
4034,1767151394200,0.0,0.0,0.0,0.0,-44.28597357734027,0.0,0.0,hard,False,False,43.9952297685383,0.0,1.0,0.0,0.9804841750435145
4035,1767151394233,0.0,0.0,0.0,0.0,-44.28597357734027,0.0,0.0,hard,False,False,43.9952297685383,0.0,1.0,0.0,0.9804841750435145
4036,1767151394272,0.0,0.0,0.0,0.0,-44.28597357734027,0.0,0.0,hard,False,False,43.9952297685383,0.0,1.0,0.0,0.9804841750435145
4037,1767151394299,0.0,0.0,0.0,0.0,-44.28597357734027,0.0,0.0,hard,False,False,43.9952297685383,0.0,1.0,0.0,0.9804841750435145
4038,1767151394333,0.0,0.0,0.0,0.0,-44.28597357734027,0.0,0.0,hard,False,False,43.9952297685383,0.0,1.0,0.0,0.9804841750435145
4039,1767151394366,0.0,0.0,0.0,0.0,-44.28597357734027,0.0,0.0,hard,False,False,43.9952297685383,0.0,1.0,0.0,0.9804841750435145
4040,1767151394399,0.0,0.0,0.0,0.0,-44.28597357734027,0.0,0.0,hard,False,False,43.9952297685383,0.0,1.0,0.0,0.9804841750435145
4041,1767151394436,0.0,0.0,0.0,0.0,-44.28597357734027,0.0,0.0,hard,False,False,43.9952297685383,0.0,1.0,0.0,0.9804841750435145
4042,1767151394466,0.0,0.0,0.0,0.0,-44.28597357734027,0.0,0.0,hard,False,False,43.9952297685383,0.0,1.0,0.0,0.9804841750435145
4043,1767151394500,0.0,0.0,0.0,0.0,-44.28597357734027,0.0,0.0,hard,False,False,43.9952297685383,0.0,1.0,0.0,0.9804841750435145
4044,1767151394533,0.0,0.0,0.0,0.0,-44.28597357734027,0.0,0.0,hard,False,False,43.9952297685383,0.0,1.0,0.0,0.9804841750435145
4045,1767151394566,0.0,0.0,0.0,0.0,-44.28597357734027,0.0,0.0,hard,False,False,43.9952297685383,0.0,1.0,0.0,0.9804841750435145
4046,1767151394600,0.0,0.0,0.0,0.0,-44.28597357734027,0.0,0.0,hard,False,False,43.9952297685383,0.0,1.0,0.0,0.9804841750435145
4047,1767151394633,0.0,0.0,0.0,0.0,-44.28597357734027,0.0,0.0,hard,False,False,43.9952297685383,0.0,1.0,0.0,0.9804841750435145
4048,1767151394666,0.0,0.0,0.0,0.0,-44.28597357734027,0.0,0.0,hard,False,False,43.9952297685383,0.0,1.0,0.0,0.9804841750435145
4049,1767151394699,0.0,0.0,0.0,0.0,-44.28597357734027,0.0,0.0,hard,False,False,43.9952297685383,0.0,1.0,0.0,0.9804841750435145
4050,1767151394734,0.0,0.0,0.0,0.0,-44.28597357734027,0.0,0.0,hard,False,False,43.9952297685383,0.0,1.0,0.0,0.9804841750435145
4051,1767151394766,0.0,0.0,0.0,0.0,-44.28597357734027,0.0,0.0,hard,False,False,43.9952297685383,0.0,1.0,0.0,0.9804841750435145
4052,1767151394799,0.0,0.0,0.0,0.0,-44.28597357734027,0.0,0.0,hard,False,False,43.9952297685383,0.0,1.0,0.0,0.9804841750435145
4053,1767151394833,0.0,0.0,0.0,0.0,-44.28597357734027,0.0,0.0,hard,False,False,43.9952297685383,0.0,1.0,0.0,0.9804841750435145
4054,1767151394866,0.0,0.0,0.0,0.0,-44.28597357734027,0.0,0.0,hard,False,False,43.9952297685383,0.0,1.0,0.0,0.9804841750435145
4055,1767151394899,0.0,0.0,0.0,0.0,-44.28597357734027,0.0,0.0,hard,False,False,43.9952297685383,0.0,1.0,0.0,0.9804841750435145
4056,1767151394933,0.0,0.0,0.0,0.0,-44.28597357734027,0.0,0.0,hard,False,False,43.9952297685383,0.0,1.0,0.0,0.9804841750435145
4057,1767151394966,0.0,0.0,0.0,0.0,-44.28597357734027,0.0,0.0,hard,False,False,43.9952297685383,0.0,1.0,0.0,0.9804841750435145
4058,1767151394999,0.0,0.0,0.0,0.0,-44.28597357734027,0.0,0.0,hard,False,False,43.9952297685383,0.0,1.0,0.0,0.9804841750435145
4059,1767151395033,0.0,0.0,0.0,0.0,-44.28597357734027,0.0,0.0,hard,False,False,43.9952297685383,0.0,1.0,0.0,0.9804841750435145
4060,1767151395066,0.0,0.0,0.0,0.0,-44.28597357734027,0.0,0.0,hard,False,False,43.9952297685383,0.0,1.0,0.0,0.9804841750435145
4061,1767151395099,0.0,0.0,0.0,0.0,-44.28597357734027,0.0,0.0,hard,False,False,43.9952297685383,0.0,1.0,0.0,0.9804841750435145
4062,1767151395138,0.0,0.0,0.0,0.0,-44.28597357734027,0.0,0.0,hard,False,False,43.9952297685383,0.0,1.0,0.0,0.9804841750435145
4063,1767151395166,0.0,0.0,0.0,0.0,-44.28597357734027,0.0,0.0,hard,False,False,43.9952297685383,0.0,1.0,0.0,0.9804841750435145
4064,1767151395199,0.0,0.0,0.0,0.0,-44.28597357734027,0.0,0.0,hard,False,False,43.9952297685383,0.0,1.0,0.0,0.9804841750435145
4065,1767151395266,0.0,0.0,0.0,0.0,-44.28597357734027,0.0,0.0,hard,False,False,43.9952297685383,0.0,1.0,0.0,0.9804841750435145
4066,1767151395302,0.0,0.0,0.0,0.0,-44.28597357734027,0.0,0.0,hard,False,False,43.9952297685383,0.0,1.0,0.0,0.9804841750435145
4067,1767151395333,0.0,0.0,0.0,0.0,-44.28597357734027,0.0,0.0,hard,False,False,43.9952297685383,0.0,1.0,0.0,0.9804841750435145
4068,1767151395367,0.0,0.0,0.0,0.0,-44.28597357734027,0.0,0.0,hard,False,False,43.9952297685383,0.0,1.0,0.0,0.9804841750435145
4069,1767151395400,0.0,0.0,0.0,0.0,-44.28597357734027,0.0,0.0,hard,False,False,43.9952297685383,0.0,1.0,0.0,0.9804841750435145
4070,1767151395434,0.0,0.0,0.0,0.0,-44.28597357734027,0.0,0.0,hard,False,False,43.9952297685383,0.0,1.0,0.0,0.9804841750435145
4071,1767151395466,0.0,0.0,0.0,0.0,-44.28597357734027,0.0,0.0,hard,False,False,43.9952297685383,0.0,1.0,0.0,0.9804841750435145
4072,1767151395501,0.0,0.0,0.0,0.0,-44.28597357734027,0.0,0.0,hard,False,False,43.9952297685383,0.0,1.0,0.0,0.9804841750435145
4073,1767151395533,0.0,0.0,0.0,0.0,-44.28597357734027,0.0,0.0,hard,False,False,43.9952297685383,0.0,1.0,0.0,0.9804841750435145
4074,1767151395566,0.0,0.0,0.0,0.0,-44.28597357734027,0.0,0.0,hard,False,False,43.9952297685383,0.0,1.0,0.0,0.9804841750435145
4075,1767151395599,0.0,0.0,0.0,0.0,-44.28597357734027,0.0,0.0,hard,False,False,43.9952297685383,0.0,1.0,0.0,0.9804841750435145
4076,1767151395633,0.0,0.0,0.0,0.0,-44.28597357734027,0.0,0.0,hard,False,False,43.9952297685383,0.0,1.0,0.0,0.9804841750435145
4077,1767151395666,0.0,0.0,0.0,0.0,-44.28597357734027,0.0,0.0,hard,False,False,43.9952297685383,0.0,1.0,0.0,0.9804841750435145
4078,1767151395700,0.0,0.0,0.0,0.0,-44.28597357734027,0.0,0.0,hard,False,False,43.9952297685383,0.0,1.0,0.0,0.9804841750435145
4079,1767151395733,0.0,0.0,0.0,0.0,-44.28597357734027,0.0,0.0,hard,False,False,43.9952297685383,0.0,1.0,0.0,0.9804841750435145
4080,1767151395766,0.0,0.0,0.0,0.0,-44.28597357734027,0.0,0.0,hard,False,False,43.9952297685383,0.0,1.0,0.0,0.9804841750435145
4081,1767151395799,0.0,0.0,0.0,0.0,-44.28597357734027,0.0,0.0,hard,False,False,43.9952297685383,0.0,1.0,0.0,0.9804841750435145
4082,1767151395836,0.0,0.0,0.0,0.0,-44.28597357734027,0.0,0.0,hard,False,False,43.9952297685383,0.0,1.0,0.0,0.9804841750435145
4083,1767151395866,0.0,0.0,0.0,0.0,-44.28597357734027,0.0,0.0,hard,False,False,43.9952297685383,0.0,1.0,0.0,0.9804841750435145
4084,1767151395900,0.0,0.0,0.0,0.0,-44.28597357734027,0.0,0.0,hard,False,False,43.9952297685383,0.0,1.0,0.0,0.9804841750435145
4085,1767151395933,0.0,0.0,0.0,0.0,-44.28597357734027,0.0,0.0,hard,False,False,43.9952297685383,0.0,1.0,0.0,0.9804841750435145
4086,1767151395966,0.0,0.0,0.0,0.0,-44.28597357734027,0.0,0.0,hard,False,False,43.9952297685383,0.0,1.0,0.0,0.9804841750435145
4087,1767151396003,0.0,0.0,0.0,0.0,-44.28597357734027,0.0,0.0,hard,False,False,43.9952297685383,0.0,1.0,0.0,0.9804841750435145
4088,1767151396033,0.0,0.0,0.0,0.0,-44.28597357734027,0.0,0.0,hard,False,False,43.9952297685383,0.0,1.0,0.0,0.9804841750435145
4089,1767151396067,0.0,0.0,0.0,0.0,-44.28597357734027,0.0,0.0,hard,False,False,43.9952297685383,0.0,1.0,0.0,0.9804841750435145
4090,1767151396100,0.0,0.0,0.0,0.0,-44.28597357734027,0.0,0.0,hard,False,False,43.9952297685383,0.0,1.0,0.0,0.9804841750435145
4091,1767151396133,0.0,0.0,0.0,0.0,-44.28597357734027,0.0,0.0,hard,False,False,43.9952297685383,0.0,1.0,0.0,0.9804841750435145
4092,1767151396166,0.0,0.0,0.0,0.0,-44.28597357734027,0.0,0.0,hard,False,False,43.9952297685383,0.0,1.0,0.0,0.9804841750435145
4093,1767151396200,0.0,0.0,0.0,0.0,-44.28597357734027,0.0,0.0,hard,False,False,43.9952297685383,0.0,1.0,0.0,0.9804841750435145
4094,1767151396233,0.0,0.0,0.0,0.0,-44.28597357734027,0.0,0.0,hard,False,False,43.9952297685383,0.0,1.0,0.0,0.9804841750435145
4095,1767151396266,0.0,0.0,0.0,0.0,-44.28597357734027,0.0,0.0,hard,False,False,43.9952297685383,0.0,1.0,0.0,0.9804841750435145
4096,1767151396299,0.0,0.0,0.0,0.0,-44.28597357734027,0.0,0.0,hard,False,False,43.9952297685383,0.0,1.0,0.0,0.9804841750435145
4097,1767151396335,0.0,0.0,0.0,0.0,-44.28597357734027,0.0,0.0,hard,False,False,43.9952297685383,0.0,1.0,0.0,0.9804841750435145
4098,1767151396366,0.0,0.0,0.0,0.0,-44.28597357734027,0.0,0.0,hard,False,False,43.9952297685383,0.0,1.0,0.0,0.9804841750435145
4099,1767151396400,0.0,0.0,0.0,0.0,-44.28597357734027,0.0,0.0,hard,False,False,43.9952297685383,0.0,1.0,0.0,0.9804841750435145
4100,1767151396434,0.0,0.0,0.0,0.0,-44.28597357734027,0.0,0.0,hard,False,False,43.9952297685383,0.0,1.0,0.0,0.9804841750435145
4101,1767151396625,0.0,0.0,0.0,0.0,-44.28597357734027,0.0,0.0,hard,False,False,43.9952297685383,0.0,1.0,0.0,0.9804841750435145
4102,1767151396642,0.0,0.0,0.0,0.0,-44.28597357734027,0.0,0.0,hard,False,False,43.9952297685383,0.0,1.0,0.0,0.9804841750435145
4103,1767151396660,0.0,0.0,0.0,0.0,-44.28597357734027,0.0,0.0,hard,False,False,43.9952297685383,0.0,1.0,0.0,0.9804841750435145
4104,1767151396679,0.0,0.0,0.0,0.0,-44.28597357734027,0.0,0.0,hard,False,False,43.9952297685383,0.0,1.0,0.0,0.9804841750435145
4105,1767151396699,0.0,0.0,0.0,0.0,-44.28597357734027,0.0,0.0,hard,False,False,43.9952297685383,0.0,1.0,0.0,0.9804841750435145
4106,1767151396718,0.0,0.0,0.0,0.0,-44.28597357734027,0.0,0.0,hard,False,False,43.9952297685383,0.0,1.0,0.0,0.9804841750435145
4107,1767151396738,0.0,0.0,0.0,0.0,-44.28597357734027,0.0,0.0,hard,False,False,43.9952297685383,0.0,1.0,0.0,0.9804841750435145
4108,1767151396766,0.0,0.0,0.0,0.0,-44.28597357734027,0.0,0.0,hard,False,False,43.9952297685383,0.0,1.0,0.0,0.9804841750435145
4109,1767151396800,0.0,0.0,0.0,0.0,-44.28597357734027,0.0,0.0,hard,False,False,43.9952297685383,0.0,1.0,0.0,0.9804841750435145
4110,1767151396833,0.0,0.0,0.0,0.0,-44.28597357734027,0.0,0.0,hard,False,False,43.9952297685383,0.0,1.0,0.0,0.9804841750435145
4111,1767151396866,0.0,0.0,0.0,0.0,-44.28597357734027,0.0,0.0,hard,False,False,43.9952297685383,0.0,1.0,0.0,0.9804841750435145
4112,1767151396900,0.0,0.0,0.0,0.0,-44.28597357734027,0.0,0.0,hard,False,False,43.9952297685383,0.0,1.0,0.0,0.9804841750435145
4113,1767151396935,0.0,0.0,0.0,0.0,-44.28597357734027,0.0,0.0,hard,False,False,43.9952297685383,0.0,1.0,0.0,0.9804841750435145
4114,1767151396966,0.0,0.0,0.0,0.0,-44.28597357734027,0.0,0.0,hard,False,False,43.9952297685383,0.0,1.0,0.0,0.9804841750435145
4115,1767151397000,0.0,0.0,0.0,0.0,-44.28597357734027,0.0,0.0,hard,False,False,43.9952297685383,0.0,1.0,0.0,0.9804841750435145
4116,1767151397082,0.0,0.0,0.0,0.0,-44.28597357734027,0.0,0.0,hard,False,False,43.9952297685383,0.0,1.0,0.0,0.9804841750435145
4117,1767151397107,0.0,0.0,0.0,0.0,-44.28597357734027,0.0,0.0,hard,False,False,43.9952297685383,0.0,1.0,0.0,0.9804841750435145
4118,1767151397127,0.0,0.0,0.0,0.0,-44.28597357734027,0.0,0.0,hard,False,False,43.9952297685383,0.0,1.0,0.0,0.9804841750435145
4119,1767151397149,0.0,0.0,0.0,0.0,-44.28597357734027,0.0,0.0,hard,False,False,43.9952297685383,0.0,1.0,0.0,0.9804841750435145
4120,1767151397173,0.0,0.0,0.0,0.0,-44.28597357734027,0.0,0.0,hard,False,False,43.9952297685383,0.0,1.0,0.0,0.9804841750435145
4121,1767151397200,0.0,0.0,0.0,0.0,-44.28597357734027,0.0,0.0,hard,False,False,43.9952297685383,0.0,1.0,0.0,0.9804841750435145
4122,1767151397233,0.0,0.0,0.0,0.0,-44.28597357734027,0.0,0.0,hard,False,False,43.9952297685383,0.0,1.0,0.0,0.9804841750435145
4123,1767151397266,0.0,0.0,0.0,0.0,-44.28597357734027,0.0,0.0,hard,False,False,43.9952297685383,0.0,1.0,0.0,0.9804841750435145
4124,1767151397300,0.0,0.0,0.0,0.0,-44.28597357734027,0.0,0.0,hard,False,False,43.9952297685383,0.0,1.0,0.0,0.9804841750435145
4125,1767151397333,0.0,0.0,0.0,0.0,-44.28597357734027,0.0,0.0,hard,False,False,43.9952297685383,0.0,1.0,0.0,0.9804841750435145
4126,1767151397367,0.0,0.0,0.0,0.0,-44.28597357734027,0.0,0.0,hard,False,False,43.9952297685383,0.0,1.0,0.0,0.9804841750435145
4127,1767151397400,0.0,0.0,0.0,0.0,-44.28597357734027,0.0,0.0,hard,False,False,43.9952297685383,0.0,1.0,0.0,0.9804841750435145
4128,1767151397433,0.0,0.0,0.0,0.0,-44.28597357734027,0.0,0.0,hard,False,False,43.9952297685383,0.0,1.0,0.0,0.9804841750435145
4129,1767151397468,0.0,0.0,0.0,0.0,-44.28597357734027,0.0,0.0,hard,False,False,43.9952297685383,0.0,1.0,0.0,0.9804841750435145
4130,1767151397500,0.0,0.0,0.0,0.0,-44.28597357734027,0.0,0.0,hard,False,False,43.9952297685383,0.0,1.0,0.0,0.9804841750435145
4131,1767151397533,0.0,0.0,0.0,0.0,-44.28597357734027,0.0,0.0,hard,False,False,43.9952297685383,0.0,1.0,0.0,0.9804841750435145
4132,1767151397567,0.0,0.0,0.0,0.0,-44.28597357734027,0.0,0.0,hard,False,False,43.9952297685383,0.0,1.0,0.0,0.9804841750435145
4133,1767151397600,0.0,0.0,0.0,0.0,-44.28597357734027,0.0,0.0,hard,False,False,43.9952297685383,0.0,1.0,0.0,0.9804841750435145
4134,1767151397634,0.0,0.0,0.0,0.0,-44.28597357734027,0.0,0.0,hard,False,False,43.9952297685383,0.0,1.0,0.0,0.9804841750435145
4135,1767151397666,0.0,0.0,0.0,0.0,-44.28597357734027,0.0,0.0,hard,False,False,43.9952297685383,0.0,1.0,0.0,0.9804841750435145
4136,1767151397700,0.0,0.0,0.0,0.0,-44.28597357734027,0.0,0.0,hard,False,False,43.9952297685383,0.0,1.0,0.0,0.9804841750435145
4137,1767151397733,0.0,0.0,0.0,0.0,-44.28597357734027,0.0,0.0,hard,False,False,43.9952297685383,0.0,1.0,0.0,0.9804841750435145
4138,1767151397767,0.0,0.0,0.0,0.0,-44.28597357734027,0.0,0.0,hard,False,False,43.9952297685383,0.0,1.0,0.0,0.9804841750435145
4139,1767151397800,0.0,0.0,0.0,0.0,-44.28597357734027,0.0,0.0,hard,False,False,43.9952297685383,0.0,1.0,0.0,0.9804841750435145
4140,1767151397834,0.0,0.0,0.0,0.0,-44.28597357734027,0.0,0.0,hard,False,False,43.9952297685383,0.0,1.0,0.0,0.9804841750435145
4141,1767151397866,0.0,0.0,0.0,0.0,-44.28597357734027,0.0,0.0,hard,False,False,43.9952297685383,0.0,1.0,0.0,0.9804841750435145
4142,1767151397900,0.0,0.0,0.0,0.0,-44.28597357734027,0.0,0.0,hard,False,False,43.9952297685383,0.0,1.0,0.0,0.9804841750435145
4143,1767151397933,0.0,0.0,0.0,0.0,-44.28597357734027,0.0,0.0,hard,False,False,43.9952297685383,0.0,1.0,0.0,0.9804841750435145
4144,1767151397967,0.0,0.0,0.0,0.0,-44.28597357734027,0.0,0.0,hard,False,False,43.9952297685383,0.0,1.0,0.0,0.9804841750435145
4145,1767151398000,0.0,0.0,0.0,0.0,-44.28597357734027,0.0,0.0,hard,False,False,43.9952297685383,0.0,1.0,0.0,0.9804841750435145
4146,1767151398034,0.0,0.0,0.0,0.0,-44.28597357734027,0.0,0.0,hard,False,False,43.9952297685383,0.0,1.0,0.0,0.9804841750435145
4147,1767151398066,0.0,0.0,0.0,0.0,-44.28597357734027,0.0,0.0,hard,False,False,43.9952297685383,0.0,1.0,0.0,0.9804841750435145
4148,1767151398100,0.0,0.0,0.0,0.0,-44.28597357734027,0.0,0.0,hard,False,False,43.9952297685383,0.0,1.0,0.0,0.9804841750435145
4149,1767151398133,0.0,0.0,0.0,0.0,-44.28597357734027,0.0,0.0,hard,False,False,43.9952297685383,0.0,1.0,0.0,0.9804841750435145
4150,1767151398168,0.0,0.0,0.0,0.0,-44.28597357734027,0.0,0.0,hard,False,False,43.9952297685383,0.0,1.0,0.0,0.9804841750435145
4151,1767151398200,0.0,0.0,0.0,0.0,-44.28597357734027,0.0,0.0,hard,False,False,43.9952297685383,0.0,1.0,0.0,0.9804841750435145
4152,1767151398233,0.0,0.0,0.0,0.0,-44.28597357734027,0.0,0.0,hard,False,False,43.9952297685383,0.0,1.0,0.0,0.9804841750435145
4153,1767151398268,0.0,0.0,0.0,0.0,-44.28597357734027,0.0,0.0,hard,False,False,43.9952297685383,0.0,1.0,0.0,0.9804841750435145
4154,1767151398300,0.0,0.0,0.0,0.0,-44.28597357734027,0.0,0.0,hard,False,False,43.9952297685383,0.0,1.0,0.0,0.9804841750435145
4155,1767151398333,0.0,0.0,0.0,0.0,-44.28597357734027,0.0,0.0,hard,False,False,43.9952297685383,0.0,1.0,0.0,0.9804841750435145
4156,1767151398367,0.0,0.0,0.0,0.0,-44.28597357734027,0.0,0.0,hard,False,False,43.9952297685383,0.0,1.0,0.0,0.9804841750435145
4157,1767151398400,0.0,0.0,0.0,0.0,-44.28597357734027,0.0,0.0,hard,False,False,43.9952297685383,0.0,1.0,0.0,0.9804841750435145
4158,1767151398433,0.0,0.0,0.0,0.0,-44.28597357734027,0.0,0.0,hard,False,False,43.9952297685383,0.0,1.0,0.0,0.9804841750435145
4159,1767151398467,0.0,0.0,0.0,0.0,-44.28597357734027,0.0,0.0,hard,False,False,43.9952297685383,0.0,1.0,0.0,0.9804841750435145
4160,1767151398500,0.0,0.0,0.0,0.0,-44.28597357734027,0.0,0.0,hard,False,False,43.9952297685383,0.0,1.0,0.0,0.9804841750435145
4161,1767151398535,0.0,0.0,0.0,0.0,-44.28597357734027,0.0,0.0,hard,False,False,43.9952297685383,0.0,1.0,0.0,0.9804841750435145
4162,1767151398566,0.0,0.0,0.0,0.0,-44.28597357734027,0.0,0.0,hard,False,False,43.9952297685383,0.0,1.0,0.0,0.9804841750435145
4163,1767151398600,0.0,0.0,0.0,0.0,-44.28597357734027,0.0,0.0,hard,False,False,43.9952297685383,0.0,1.0,0.0,0.9804841750435145
4164,1767151398633,0.0,0.0,0.0,0.0,-44.28597357734027,0.0,0.0,hard,False,False,43.9952297685383,0.0,1.0,0.0,0.9804841750435145
4165,1767151398666,0.0,0.0,0.0,0.0,-44.28597357734027,0.0,0.0,hard,False,False,43.9952297685383,0.0,1.0,0.0,0.9804841750435145
4166,1767151398700,0.0,0.0,0.0,0.0,-44.28597357734027,0.0,0.0,hard,False,False,43.9952297685383,0.0,1.0,0.0,0.9804841750435145
4167,1767151398733,0.0,0.0,0.0,0.0,-44.28597357734027,0.0,0.0,hard,False,False,43.9952297685383,0.0,1.0,0.0,0.9804841750435145
4168,1767151398767,0.0,0.0,0.0,0.0,-44.28597357734027,0.0,0.0,hard,False,False,43.9952297685383,0.0,1.0,0.0,0.9804841750435145
4169,1767151398800,0.0,0.0,0.0,0.0,-44.28597357734027,0.0,0.0,hard,False,False,43.9952297685383,0.0,1.0,0.0,0.9804841750435145
4170,1767151398833,0.0,0.0,0.0,0.0,-44.28597357734027,0.0,0.0,hard,False,False,43.9952297685383,0.0,1.0,0.0,0.9804841750435145
4171,1767151398866,0.0,0.0,0.0,0.0,-44.28597357734027,0.0,0.0,hard,False,False,43.9952297685383,0.0,1.0,0.0,0.9804841750435145
4172,1767151398900,0.0,0.0,0.0,0.0,-44.28597357734027,0.0,0.0,hard,False,False,43.9952297685383,0.0,1.0,0.0,0.9804841750435145
4173,1767151398933,0.0,0.0,0.0,0.0,-44.28597357734027,0.0,0.0,hard,False,False,43.9952297685383,0.0,1.0,0.0,0.9804841750435145
4174,1767151398966,0.0,0.0,0.0,0.0,-44.28597357734027,0.0,0.0,hard,False,False,43.9952297685383,0.0,1.0,0.0,0.9804841750435145
4175,1767151399003,0.0,0.0,0.0,0.0,-44.28597357734027,0.0,0.0,hard,False,False,43.9952297685383,0.0,1.0,0.0,0.9804841750435145
4176,1767151399033,0.0,0.0,0.0,0.0,-44.28597357734027,0.0,0.0,hard,False,False,43.9952297685383,0.0,1.0,0.0,0.9804841750435145
4177,1767151399067,0.0,0.0,0.0,0.0,-44.28597357734027,0.0,0.0,hard,False,False,43.9952297685383,0.0,1.0,0.0,0.9804841750435145
4178,1767151399100,0.0,0.0,0.0,0.0,-44.28597357734027,0.0,0.0,hard,False,False,43.9952297685383,0.0,1.0,0.0,0.9804841750435145
4179,1767151399133,0.0,0.0,0.0,0.0,-44.28597357734027,0.0,0.0,hard,False,False,43.9952297685383,0.0,1.0,0.0,0.9804841750435145
4180,1767151399166,0.0,0.0,0.0,0.0,-44.28597357734027,0.0,0.0,hard,False,False,43.9952297685383,0.0,1.0,0.0,0.9804841750435145
4181,1767151399200,0.0,0.0,0.0,0.0,-44.28597357734027,0.0,0.0,hard,False,False,43.9952297685383,0.0,1.0,0.0,0.9804841750435145
4182,1767151399233,0.0,0.0,0.0,0.0,-44.28597357734027,0.0,0.0,hard,False,False,43.9952297685383,0.0,1.0,0.0,0.9804841750435145
4183,1767151399267,0.0,0.0,0.0,0.0,-44.28597357734027,0.0,0.0,hard,False,False,43.9952297685383,0.0,1.0,0.0,0.9804841750435145
4184,1767151399300,0.0,0.0,0.0,0.0,-44.28597357734027,0.0,0.0,hard,False,False,43.9952297685383,0.0,1.0,0.0,0.9804841750435145
4185,1767151399336,0.0,0.0,0.0,0.0,-44.28597357734027,0.0,0.0,hard,False,False,43.9952297685383,0.0,1.0,0.0,0.9804841750435145
4186,1767151399366,0.0,0.0,0.0,0.0,-44.28597357734027,0.0,0.0,hard,False,False,43.9952297685383,0.0,1.0,0.0,0.9804841750435145
4187,1767151399400,0.0,0.0,0.0,0.0,-44.28597357734027,0.0,0.0,hard,False,False,43.9952297685383,0.0,1.0,0.0,0.9804841750435145
4188,1767151399433,0.0,0.0,0.0,0.0,-44.28597357734027,0.0,0.0,hard,False,False,43.9952297685383,0.0,1.0,0.0,0.9804841750435145
4189,1767151399467,0.0,0.0,0.0,0.0,-44.28597357734027,0.0,0.0,hard,False,False,43.9952297685383,0.0,1.0,0.0,0.9804841750435145
4190,1767151399504,0.0,0.0,0.0,0.0,-44.28597357734027,0.0,0.0,hard,False,False,43.9952297685383,0.0,1.0,0.0,0.9804841750435145
4191,1767151399533,0.0,0.0,0.0,0.0,-44.28597357734027,0.0,0.0,hard,False,False,43.9952297685383,0.0,1.0,0.0,0.9804841750435145
4192,1767151399568,0.0,0.0,0.0,0.0,-44.28597357734027,0.0,0.0,hard,False,False,43.9952297685383,0.0,1.0,0.0,0.9804841750435145
4193,1767151399600,0.0,0.0,0.0,0.0,-44.28597357734027,0.0,0.0,hard,False,False,43.9952297685383,0.0,1.0,0.0,0.9804841750435145
4194,1767151399633,0.0,0.0,0.0,0.0,-44.28597357734027,0.0,0.0,hard,False,False,43.9952297685383,0.0,1.0,0.0,0.9804841750435145
4195,1767151399667,0.0,0.0,0.0,0.0,-44.28597357734027,0.0,0.0,hard,False,False,43.9952297685383,0.0,1.0,0.0,0.9804841750435145
4196,1767151399700,0.0,0.0,0.0,0.0,-44.28597357734027,0.0,0.0,hard,False,False,43.9952297685383,0.0,1.0,0.0,0.9804841750435145
4197,1767151399733,0.0,0.0,0.0,0.0,-44.28597357734027,0.0,0.0,hard,False,False,43.9952297685383,0.0,1.0,0.0,0.9804841750435145
4198,1767151399772,0.0,0.0,0.0,0.0,-44.28597357734027,0.0,0.0,hard,False,False,43.9952297685383,0.0,1.0,0.0,0.9804841750435145
4199,1767151399800,0.0,0.0,0.0,0.0,-44.28597357734027,0.0,0.0,hard,False,False,43.9952297685383,0.0,1.0,0.0,0.9804841750435145
4200,1767151399836,0.0,0.0,0.0,0.0,-44.28597357734027,0.0,0.0,hard,False,False,43.9952297685383,0.0,1.0,0.0,0.9804841750435145
4201,1767151399866,0.0,0.0,0.0,0.0,-44.28597357734027,0.0,0.0,hard,False,False,43.9952297685383,0.0,1.0,0.0,0.9804841750435145
4202,1767151399900,0.0,0.0,0.0,0.0,-44.28597357734027,0.0,0.0,hard,False,False,43.9952297685383,0.0,1.0,0.0,0.9804841750435145
4203,1767151399933,0.0,0.0,0.0,0.0,-44.28597357734027,0.0,0.0,hard,False,False,43.9952297685383,0.0,1.0,0.0,0.9804841750435145
4204,1767151399967,0.0,0.0,0.0,0.0,-44.28597357734027,0.0,0.0,hard,False,False,43.9952297685383,0.0,1.0,0.0,0.9804841750435145
4205,1767151400000,0.0,0.0,0.0,0.0,-44.28597357734027,0.0,0.0,hard,False,False,43.9952297685383,0.0,1.0,0.0,0.9804841750435145
4206,1767151400034,0.0,0.0,0.0,0.0,-44.28597357734027,0.0,0.0,hard,False,False,43.9952297685383,0.0,1.0,0.0,0.9804841750435145
4207,1767151400067,0.0,0.0,0.0,0.0,-44.28597357734027,0.0,0.0,hard,False,False,43.9952297685383,0.0,1.0,0.0,0.9804841750435145
4208,1767151400100,0.0,0.0,0.0,0.0,-44.28597357734027,0.0,0.0,hard,False,False,43.9952297685383,0.0,1.0,0.0,0.9804841750435145
4209,1767151400136,0.0,0.0,0.0,0.0,-44.28597357734027,0.0,0.0,hard,False,False,43.9952297685383,0.0,1.0,0.0,0.9804841750435145
4210,1767151400167,0.0,0.0,0.0,0.0,-44.28597357734027,0.0,0.0,hard,False,False,43.9952297685383,0.0,1.0,0.0,0.9804841750435145
4211,1767151400204,0.0,0.0,0.0,0.0,-44.28597357734027,0.0,0.0,hard,False,False,43.9952297685383,0.0,1.0,0.0,0.9804841750435145
4212,1767151400233,0.0,0.0,0.0,0.0,-44.28597357734027,0.0,0.0,hard,False,False,43.9952297685383,0.0,1.0,0.0,0.9804841750435145
4213,1767151400269,0.0,0.0,0.0,0.0,-44.28597357734027,0.0,0.0,hard,False,False,43.9952297685383,0.0,1.0,0.0,0.9804841750435145
4214,1767151400300,0.0,0.0,0.0,0.0,-44.28597357734027,0.0,0.0,hard,False,False,43.9952297685383,0.0,1.0,0.0,0.9804841750435145
4215,1767151400333,0.0,0.0,0.0,0.0,-44.28597357734027,0.0,0.0,hard,False,False,43.9952297685383,0.0,1.0,0.0,0.9804841750435145
4216,1767151400367,0.0,0.0,0.0,0.0,-44.28597357734027,0.0,0.0,hard,False,False,43.9952297685383,0.0,1.0,0.0,0.9804841750435145
4217,1767151400400,0.0,0.0,0.0,0.0,-44.28597357734027,0.0,0.0,hard,False,False,43.9952297685383,0.0,1.0,0.0,0.9804841750435145
4218,1767151400433,0.0,0.0,0.0,0.0,-44.28597357734027,0.0,0.0,hard,False,False,43.9952297685383,0.0,1.0,0.0,0.9804841750435145
4219,1767151400470,0.0,0.0,0.0,0.0,-44.28597357734027,0.0,0.0,hard,False,False,43.9952297685383,0.0,1.0,0.0,0.9804841750435145
4220,1767151400500,0.0,0.0,0.0,0.0,-44.28597357734027,0.0,0.0,hard,False,False,43.9952297685383,0.0,1.0,0.0,0.9804841750435145
4221,1767151400533,0.0,0.0,0.0,0.0,-44.28597357734027,0.0,0.0,hard,False,False,43.9952297685383,0.0,1.0,0.0,0.9804841750435145
4222,1767151400566,0.0,0.0,0.0,0.0,-44.28597357734027,0.0,0.0,hard,False,False,43.9952297685383,0.0,1.0,0.0,0.9804841750435145
4223,1767151400600,0.0,0.0,0.0,0.0,-44.28597357734027,0.0,0.0,hard,False,False,43.9952297685383,0.0,1.0,0.0,0.9804841750435145
4224,1767151400633,0.0,0.0,0.0,0.0,-44.28597357734027,0.0,0.0,hard,False,False,43.9952297685383,0.0,1.0,0.0,0.9804841750435145
4225,1767151400667,0.0,0.0,0.0,0.0,-44.28597357734027,0.0,0.0,hard,False,False,43.9952297685383,0.0,1.0,0.0,0.9804841750435145
4226,1767151400700,0.0,0.0,0.0,0.0,-44.28597357734027,0.0,0.0,hard,False,False,43.9952297685383,0.0,1.0,0.0,0.9804841750435145
4227,1767151400733,0.0,0.0,0.0,0.0,-44.28597357734027,0.0,0.0,hard,False,False,43.9952297685383,0.0,1.0,0.0,0.9804841750435145
4228,1767151400767,0.0,0.0,0.0,0.0,-44.28597357734027,0.0,0.0,hard,False,False,43.9952297685383,0.0,1.0,0.0,0.9804841750435145
4229,1767151400800,0.0,0.0,0.0,0.0,-44.28597357734027,0.0,0.0,hard,False,False,43.9952297685383,0.0,1.0,0.0,0.9804841750435145
4230,1767151400834,0.0,0.0,0.0,0.0,-44.28597357734027,0.0,0.0,hard,False,False,43.9952297685383,0.0,1.0,0.0,0.9804841750435145
4231,1767151400867,0.0,0.0,0.0,0.0,-44.28597357734027,0.0,0.0,hard,False,False,43.9952297685383,0.0,1.0,0.0,0.9804841750435145
4232,1767151400908,0.0,0.0,0.0,0.0,-44.28597357734027,0.0,0.0,hard,False,False,43.9952297685383,0.0,1.0,0.0,0.9804841750435145
4233,1767151400933,0.0,0.0,0.0,0.0,-44.28597357734027,0.0,0.0,hard,False,False,43.9952297685383,0.0,1.0,0.0,0.9804841750435145
4234,1767151400967,0.0,0.0,0.0,0.0,-44.28597357734027,0.0,0.0,hard,False,False,43.9952297685383,0.0,1.0,0.0,0.9804841750435145
4235,1767151401000,0.0,0.0,0.0,0.0,-44.28597357734027,0.0,0.0,hard,False,False,43.9952297685383,0.0,1.0,0.0,0.9804841750435145
4236,1767151401033,0.0,0.0,0.0,0.0,-44.28597357734027,0.0,0.0,hard,False,False,43.9952297685383,0.0,1.0,0.0,0.9804841750435145
4237,1767151401067,0.0,0.0,0.0,0.0,-44.28597357734027,0.0,0.0,hard,False,False,43.9952297685383,0.0,1.0,0.0,0.9804841750435145
4238,1767151401100,0.0,0.0,0.0,0.0,-44.28597357734027,0.0,0.0,hard,False,False,43.9952297685383,0.0,1.0,0.0,0.9804841750435145
4239,1767151401134,0.0,0.0,0.0,0.0,-44.28597357734027,0.0,0.0,hard,False,False,43.9952297685383,0.0,1.0,0.0,0.9804841750435145
4240,1767151401169,0.0,0.0,0.0,0.0,-44.28597357734027,0.0,0.0,hard,False,False,43.9952297685383,0.0,1.0,0.0,0.9804841750435145
4241,1767151401200,0.0,0.0,0.0,0.0,-44.28597357734027,0.0,0.0,hard,False,False,43.9952297685383,0.0,1.0,0.0,0.9804841750435145
4242,1767151401233,0.0,0.0,0.0,0.0,-44.28597357734027,0.0,0.0,hard,False,False,43.9952297685383,0.0,1.0,0.0,0.9804841750435145
4243,1767151401267,0.0,0.0,0.0,0.0,-44.28597357734027,0.0,0.0,hard,False,False,43.9952297685383,0.0,1.0,0.0,0.9804841750435145
4244,1767151401300,0.0,0.0,0.0,0.0,-44.28597357734027,0.0,0.0,hard,False,False,43.9952297685383,0.0,1.0,0.0,0.9804841750435145
4245,1767151401334,0.0,0.0,0.0,0.0,-44.28597357734027,0.0,0.0,hard,False,False,43.9952297685383,0.0,1.0,0.0,0.9804841750435145
4246,1767151401367,0.0,0.0,0.0,0.0,-44.28597357734027,0.0,0.0,hard,False,False,43.9952297685383,0.0,1.0,0.0,0.9804841750435145
4247,1767151401400,0.0,0.0,0.0,0.0,-44.28597357734027,0.0,0.0,hard,False,False,43.9952297685383,0.0,1.0,0.0,0.9804841750435145
4248,1767151401434,0.0,0.0,0.0,0.0,-44.28597357734027,0.0,0.0,hard,False,False,43.9952297685383,0.0,1.0,0.0,0.9804841750435145
4249,1767151401467,0.0,0.0,0.0,0.0,-44.28597357734027,0.0,0.0,hard,False,False,43.9952297685383,0.0,1.0,0.0,0.9804841750435145
4250,1767151401500,0.0,0.0,0.0,0.0,-44.28597357734027,0.0,0.0,hard,False,False,43.9952297685383,0.0,1.0,0.0,0.9804841750435145
4251,1767151401533,0.0,0.0,0.0,0.0,-44.28597357734027,0.0,0.0,hard,False,False,43.9952297685383,0.0,1.0,0.0,0.9804841750435145
4252,1767151401569,0.0,0.0,0.0,0.0,-44.28597357734027,0.0,0.0,hard,False,False,43.9952297685383,0.0,1.0,0.0,0.9804841750435145
4253,1767151401600,0.0,0.0,0.0,0.0,-44.28597357734027,0.0,0.0,hard,False,False,43.9952297685383,0.0,1.0,0.0,0.9804841750435145
4254,1767151401633,0.0,0.0,0.0,0.0,-44.28597357734027,0.0,0.0,hard,False,False,43.9952297685383,0.0,1.0,0.0,0.9804841750435145
4255,1767151401667,0.0,0.0,0.0,0.0,-44.28597357734027,0.0,0.0,hard,False,False,43.9952297685383,0.0,1.0,0.0,0.9804841750435145
4256,1767151401700,0.0,0.0,0.0,0.0,-44.28597357734027,0.0,0.0,hard,False,False,43.9952297685383,0.0,1.0,0.0,0.9804841750435145
4257,1767151401734,0.0,0.0,0.0,0.0,-44.28597357734027,0.0,0.0,hard,False,False,43.9952297685383,0.0,1.0,0.0,0.9804841750435145
4258,1767151401767,0.0,0.0,0.0,0.0,-44.28597357734027,0.0,0.0,hard,False,False,43.9952297685383,0.0,1.0,0.0,0.9804841750435145
4259,1767151401800,0.0,0.0,0.0,0.0,-44.28597357734027,0.0,0.0,hard,False,False,43.9952297685383,0.0,1.0,0.0,0.9804841750435145
4260,1767151401833,0.0,0.0,0.0,0.0,-44.28597357734027,0.0,0.0,hard,False,False,43.9952297685383,0.0,1.0,0.0,0.9804841750435145
4261,1767151401867,0.0,0.0,0.0,0.0,-44.28597357734027,0.0,0.0,hard,False,False,43.9952297685383,0.0,1.0,0.0,0.9804841750435145
4262,1767151401900,0.0,0.0,0.0,0.0,-44.28597357734027,0.0,0.0,hard,False,False,43.9952297685383,0.0,1.0,0.0,0.9804841750435145
4263,1767151401933,0.0,0.0,0.0,0.0,-44.28597357734027,0.0,0.0,hard,False,False,43.9952297685383,0.0,1.0,0.0,0.9804841750435145
4264,1767151401967,0.0,0.0,0.0,0.0,-44.28597357734027,0.0,0.0,hard,False,False,43.9952297685383,0.0,1.0,0.0,0.9804841750435145
4265,1767151402000,0.0,0.0,0.0,0.0,-44.28597357734027,0.0,0.0,hard,False,False,43.9952297685383,0.0,1.0,0.0,0.9804841750435145
4266,1767151402033,0.0,0.0,0.0,0.0,-44.28597357734027,0.0,0.0,hard,False,False,43.9952297685383,0.0,1.0,0.0,0.9804841750435145
4267,1767151402067,0.0,0.0,0.0,0.0,-44.28597357734027,0.0,0.0,hard,False,False,43.9952297685383,0.0,1.0,0.0,0.9804841750435145
4268,1767151402100,0.0,0.0,0.0,0.0,-44.28597357734027,0.0,0.0,hard,False,False,43.9952297685383,0.0,1.0,0.0,0.9804841750435145
4269,1767151402133,0.0,0.0,0.0,0.0,-44.28597357734027,0.0,0.0,hard,False,False,43.9952297685383,0.0,1.0,0.0,0.9804841750435145
4270,1767151402167,0.0,0.0,0.0,0.0,-44.28597357734027,0.0,0.0,hard,False,False,43.9952297685383,0.0,1.0,0.0,0.9804841750435145
4271,1767151402200,0.0,0.0,0.0,0.0,-44.28597357734027,0.0,0.0,hard,False,False,43.9952297685383,0.0,1.0,0.0,0.9804841750435145
4272,1767151402233,0.0,0.0,0.0,0.0,-44.28597357734027,0.0,0.0,hard,False,False,43.9952297685383,0.0,1.0,0.0,0.9804841750435145
4273,1767151402267,0.0,0.0,0.0,0.0,-44.28597357734027,0.0,0.0,hard,False,False,43.9952297685383,0.0,1.0,0.0,0.9804841750435145
4274,1767151402300,0.0,0.0,0.0,0.0,-44.28597357734027,0.0,0.0,hard,False,False,43.9952297685383,0.0,1.0,0.0,0.9804841750435145
4275,1767151402334,0.0,0.0,0.0,0.0,-44.28597357734027,0.0,0.0,hard,False,False,43.9952297685383,0.0,1.0,0.0,0.9804841750435145
4276,1767151402367,0.0,0.0,0.0,0.0,-44.28597357734027,0.0,0.0,hard,False,False,43.9952297685383,0.0,1.0,0.0,0.9804841750435145
4277,1767151402400,0.0,0.0,0.0,0.0,-44.28597357734027,0.0,0.0,hard,False,False,43.9952297685383,0.0,1.0,0.0,0.9804841750435145
4278,1767151402435,0.0,0.0,0.0,0.0,-44.28597357734027,0.0,0.0,hard,False,False,43.9952297685383,0.0,1.0,0.0,0.9804841750435145
4279,1767151402467,0.0,0.0,0.0,0.0,-44.28597357734027,0.0,0.0,hard,False,False,43.9952297685383,0.0,1.0,0.0,0.9804841750435145
4280,1767151402500,0.0,0.0,0.0,0.0,-44.28597357734027,0.0,0.0,hard,False,False,43.9952297685383,0.0,1.0,0.0,0.9804841750435145
4281,1767151402536,0.0,0.0,0.0,0.0,-44.28597357734027,0.0,0.0,hard,False,False,43.9952297685383,0.0,1.0,0.0,0.9804841750435145
4282,1767151402567,0.0,0.0,0.0,0.0,-44.28597357734027,0.0,0.0,hard,False,False,43.9952297685383,0.0,1.0,0.0,0.9804841750435145
4283,1767151402600,0.0,0.0,0.0,0.0,-44.28597357734027,0.0,0.0,hard,False,False,43.9952297685383,0.0,1.0,0.0,0.9804841750435145
4284,1767151402634,0.0,0.0,0.0,0.0,-44.28597357734027,0.0,0.0,hard,False,False,43.9952297685383,0.0,1.0,0.0,0.9804841750435145
4285,1767151402667,0.0,0.0,0.0,0.0,-44.28597357734027,0.0,0.0,hard,False,False,43.9952297685383,0.0,1.0,0.0,0.9804841750435145
4286,1767151402700,0.0,0.0,0.0,0.0,-44.28597357734027,0.0,0.0,hard,False,False,43.9952297685383,0.0,1.0,0.0,0.9804841750435145
4287,1767151402733,0.0,0.0,0.0,0.0,-44.28597357734027,0.0,0.0,hard,False,False,43.9952297685383,0.0,1.0,0.0,0.9804841750435145
4288,1767151402912,0.0,0.0,0.0,0.0,-44.28597357734027,0.0,0.0,hard,False,False,43.9952297685383,0.0,1.0,0.0,0.9804841750435145
4289,1767151402929,0.0,0.0,0.0,0.0,-44.28597357734027,0.0,0.0,hard,False,False,43.9952297685383,0.0,1.0,0.0,0.9804841750435145
4290,1767151402956,0.0,0.0,0.0,0.0,-44.28597357734027,0.0,0.0,hard,False,False,43.9952297685383,0.0,1.0,0.0,0.9804841750435145
4291,1767151402978,0.0,0.0,0.0,0.0,-44.28597357734027,0.0,0.0,hard,False,False,43.9952297685383,0.0,1.0,0.0,0.9804841750435145
4292,1767151402996,0.0,0.0,0.0,0.0,-44.28597357734027,0.0,0.0,hard,False,False,43.9952297685383,0.0,1.0,0.0,0.9804841750435145
4293,1767151403016,0.0,0.0,0.0,0.0,-44.28597357734027,0.0,0.0,hard,False,False,43.9952297685383,0.0,1.0,0.0,0.9804841750435145
4294,1767151403039,0.0,0.0,0.0,0.0,-44.28597357734027,0.0,0.0,hard,False,False,43.9952297685383,0.0,1.0,0.0,0.9804841750435145
4295,1767151403059,0.0,0.0,0.0,0.0,-44.28597357734027,0.0,0.0,hard,False,False,43.9952297685383,0.0,1.0,0.0,0.9804841750435145
4296,1767151403079,0.0,0.0,0.0,0.0,-44.28597357734027,0.0,0.0,hard,False,False,43.9952297685383,0.0,1.0,0.0,0.9804841750435145
4297,1767151403100,0.0,0.0,0.0,0.0,-44.28597357734027,0.0,0.0,hard,False,False,43.9952297685383,0.0,1.0,0.0,0.9804841750435145
4298,1767151403134,0.0,0.0,0.0,0.0,-44.28597357734027,0.0,0.0,hard,False,False,43.9952297685383,0.0,1.0,0.0,0.9804841750435145
4299,1767151403168,0.0,0.0,0.0,0.0,-44.28597357734027,0.0,0.0,hard,False,False,43.9952297685383,0.0,1.0,0.0,0.9804841750435145
4300,1767151403200,0.0,0.0,0.0,0.0,-44.28597357734027,0.0,0.0,hard,False,False,43.9952297685383,0.0,1.0,0.0,0.9804841750435145
4301,1767151403233,0.0,0.0,0.0,0.0,-44.28597357734027,0.0,0.0,hard,False,False,43.9952297685383,0.0,1.0,0.0,0.9804841750435145
4302,1767151403267,0.0,0.0,0.0,0.0,-44.28597357734027,0.0,0.0,hard,False,False,43.9952297685383,0.0,1.0,0.0,0.9804841750435145
4303,1767151403368,0.0,0.0,0.0,0.0,-44.28597357734027,0.0,0.0,hard,False,False,43.9952297685383,0.0,1.0,0.0,0.9804841750435145
4304,1767151403389,0.0,0.0,0.0,0.0,-44.28597357734027,0.0,0.0,hard,False,False,43.9952297685383,0.0,1.0,0.0,0.9804841750435145
4305,1767151403408,0.0,0.0,0.0,0.0,-44.28597357734027,0.0,0.0,hard,False,False,43.9952297685383,0.0,1.0,0.0,0.9804841750435145
4306,1767151403429,0.0,0.0,0.0,0.0,-44.28597357734027,0.0,0.0,hard,False,False,43.9952297685383,0.0,1.0,0.0,0.9804841750435145
4307,1767151403448,0.0,0.0,0.0,0.0,-44.28597357734027,0.0,0.0,hard,False,False,43.9952297685383,0.0,1.0,0.0,0.9804841750435145
4308,1767151403469,0.0,0.0,0.0,0.0,-44.28597357734027,0.0,0.0,hard,False,False,43.9952297685383,0.0,1.0,0.0,0.9804841750435145
4309,1767151403500,0.0,0.0,0.0,0.0,-44.28597357734027,0.0,0.0,hard,False,False,43.9952297685383,0.0,1.0,0.0,0.9804841750435145
4310,1767151403534,0.0,0.0,0.0,0.0,-44.28597357734027,0.0,0.0,hard,False,False,43.9952297685383,0.0,1.0,0.0,0.9804841750435145
4311,1767151403568,0.0,0.0,0.0,0.0,-44.28597357734027,0.0,0.0,hard,False,False,43.9952297685383,0.0,1.0,0.0,0.9804841750435145
4312,1767151403601,0.0,0.0,0.0,0.0,-44.28597357734027,0.0,0.0,hard,False,False,43.9952297685383,0.0,1.0,0.0,0.9804841750435145
4313,1767151403634,0.0,0.0,0.0,0.0,-44.28597357734027,0.0,0.0,hard,False,False,43.9952297685383,0.0,1.0,0.0,0.9804841750435145
4314,1767151403668,0.0,0.0,0.0,0.0,-44.28597357734027,0.0,0.0,hard,False,False,43.9952297685383,0.0,1.0,0.0,0.9804841750435145
4315,1767151403701,0.0,0.0,0.0,0.0,-44.28597357734027,0.0,0.0,hard,False,False,43.9952297685383,0.0,1.0,0.0,0.9804841750435145
4316,1767151403734,0.0,0.0,0.0,0.0,-44.28597357734027,0.0,0.0,hard,False,False,43.9952297685383,0.0,1.0,0.0,0.9804841750435145
4317,1767151403768,0.0,0.0,0.0,0.0,-44.28597357734027,0.0,0.0,hard,False,False,43.9952297685383,0.0,1.0,0.0,0.9804841750435145
4318,1767151403810,0.0,0.0,0.0,0.0,-44.28597357734027,0.0,0.0,hard,False,False,43.9952297685383,0.0,1.0,0.0,0.9804841750435145
4319,1767151403847,0.0,0.0,0.0,0.0,-44.28597357734027,0.0,0.0,hard,False,False,43.9952297685383,0.0,1.0,0.0,0.9804841750435145
4320,1767151403883,0.0,0.0,0.0,0.0,-44.28597357734027,0.0,0.0,hard,False,False,43.9952297685383,0.0,1.0,0.0,0.9804841750435145
4321,1767151403914,0.0,0.0,0.0,0.0,-44.28597357734027,0.0,0.0,hard,False,False,43.9952297685383,0.0,1.0,0.0,0.9804841750435145
4322,1767151403942,0.0,0.0,0.0,0.0,-44.28597357734027,0.0,0.0,hard,False,False,43.9952297685383,0.0,1.0,0.0,0.9804841750435145
4323,1767151404001,0.0,0.0,0.0,0.0,-44.28597357734027,0.0,0.0,hard,False,False,43.9952297685383,0.0,1.0,0.0,0.9804841750435145
4324,1767151404034,0.0,0.0,0.0,0.0,-44.28597357734027,0.0,0.0,hard,False,False,43.9952297685383,0.0,1.0,0.0,0.9804841750435145
4325,1767151404074,0.0,0.0,0.0,0.0,-44.28597357734027,0.0,0.0,hard,False,False,43.9952297685383,0.0,1.0,0.0,0.9804841750435145
4326,1767151404102,0.0,0.0,0.0,0.0,-44.28597357734027,0.0,0.0,hard,False,False,43.9952297685383,0.0,1.0,0.0,0.9804841750435145
4327,1767151404139,0.0,0.0,0.0,0.0,-44.28597357734027,0.0,0.0,hard,False,False,43.9952297685383,0.0,1.0,0.0,0.9804841750435145
4328,1767151404200,0.0,0.0,0.0,0.0,-44.28597357734027,0.0,0.0,hard,False,False,43.9952297685383,0.0,1.0,0.0,0.9804841750435145
4329,1767151404236,0.0,0.0,0.0,0.0,-44.28597357734027,0.0,0.0,hard,False,False,43.9952297685383,0.0,1.0,0.0,0.9804841750435145
4330,1767151404267,0.0,0.0,0.0,0.0,-44.28597357734027,0.0,0.0,hard,False,False,43.9952297685383,0.0,1.0,0.0,0.9804841750435145
4331,1767151404300,0.0,0.0,0.0,0.0,-44.28597357734027,0.0,0.0,hard,False,False,43.9952297685383,0.0,1.0,0.0,0.9804841750435145
4332,1767151404334,0.0,0.0,0.0,0.0,-44.28597357734027,0.0,0.0,hard,False,False,43.9952297685383,0.0,1.0,0.0,0.9804841750435145
4333,1767151404367,0.0,0.0,0.0,0.0,-44.28597357734027,0.0,0.0,hard,False,False,43.9952297685383,0.0,1.0,0.0,0.9804841750435145
4334,1767151404400,0.0,0.0,0.0,0.0,-44.28597357734027,0.0,0.0,hard,False,False,43.9952297685383,0.0,1.0,0.0,0.9804841750435145
4335,1767151404434,0.0,0.0,0.0,0.0,-44.28597357734027,0.0,0.0,hard,False,False,43.9952297685383,0.0,1.0,0.0,0.9804841750435145
4336,1767151404467,0.0,0.0,0.0,0.0,-44.28597357734027,0.0,0.0,hard,False,False,43.9952297685383,0.0,1.0,0.0,0.9804841750435145
4337,1767151404500,0.0,0.0,0.0,0.0,-44.28597357734027,0.0,0.0,hard,False,False,43.9952297685383,0.0,1.0,0.0,0.9804841750435145
4338,1767151404534,0.0,0.0,0.0,0.0,-44.28597357734027,0.0,0.0,hard,False,False,43.9952297685383,0.0,1.0,0.0,0.9804841750435145
4339,1767151404567,0.0,0.0,0.0,0.0,-44.28597357734027,0.0,0.0,hard,False,False,43.9952297685383,0.0,1.0,0.0,0.9804841750435145
4340,1767151404600,0.0,0.0,0.0,0.0,-44.28597357734027,0.0,0.0,hard,False,False,43.9952297685383,0.0,1.0,0.0,0.9804841750435145
4341,1767151404634,0.0,0.0,0.0,0.0,-44.28597357734027,0.0,0.0,hard,False,False,43.9952297685383,0.0,1.0,0.0,0.9804841750435145
4342,1767151404667,0.0,0.0,0.0,0.0,-44.28597357734027,0.0,0.0,hard,False,False,43.9952297685383,0.0,1.0,0.0,0.9804841750435145
4343,1767151404701,0.0,0.0,0.0,0.0,-44.28597357734027,0.0,0.0,hard,False,False,43.9952297685383,0.0,1.0,0.0,0.9804841750435145
4344,1767151404734,0.0,0.0,0.0,0.0,-44.28597357734027,0.0,0.0,hard,False,False,43.9952297685383,0.0,1.0,0.0,0.9804841750435145
4345,1767151404767,0.0,0.0,0.0,0.0,-44.28597357734027,0.0,0.0,hard,False,False,43.9952297685383,0.0,1.0,0.0,0.9804841750435145
4346,1767151404801,0.0,0.0,0.0,0.0,-44.28597357734027,0.0,0.0,hard,False,False,43.9952297685383,0.0,1.0,0.0,0.9804841750435145
4347,1767151404834,0.0,0.0,0.0,0.0,-44.28597357734027,0.0,0.0,hard,False,False,43.9952297685383,0.0,1.0,0.0,0.9804841750435145
4348,1767151404867,0.0,0.0,0.0,0.0,-44.28597357734027,0.0,0.0,hard,False,False,43.9952297685383,0.0,1.0,0.0,0.9804841750435145
4349,1767151404900,0.0,0.0,0.0,0.0,-44.28597357734027,0.0,0.0,hard,False,False,43.9952297685383,0.0,1.0,0.0,0.9804841750435145
4350,1767151404934,0.0,0.0,0.0,0.0,-44.28597357734027,0.0,0.0,hard,False,False,43.9952297685383,0.0,1.0,0.0,0.9804841750435145
4351,1767151404967,0.0,0.0,0.0,0.0,-44.28597357734027,0.0,0.0,hard,False,False,43.9952297685383,0.0,1.0,0.0,0.9804841750435145
4352,1767151405001,0.0,0.0,0.0,0.0,-44.28597357734027,0.0,0.0,hard,False,False,43.9952297685383,0.0,1.0,0.0,0.9804841750435145
4353,1767151405034,0.0,0.0,0.0,0.0,-44.28597357734027,0.0,0.0,hard,False,False,43.9952297685383,0.0,1.0,0.0,0.9804841750435145
4354,1767151405067,0.0,0.0,0.0,0.0,-44.28597357734027,0.0,0.0,hard,False,False,43.9952297685383,0.0,1.0,0.0,0.9804841750435145
4355,1767151405100,0.0,0.0,0.0,0.0,-44.28597357734027,0.0,0.0,hard,False,False,43.9952297685383,0.0,1.0,0.0,0.9804841750435145
4356,1767151405134,0.0,0.0,0.0,0.0,-44.28597357734027,0.0,0.0,hard,False,False,43.9952297685383,0.0,1.0,0.0,0.9804841750435145
4357,1767151405167,0.0,0.0,0.0,0.0,-44.28597357734027,0.0,0.0,hard,False,False,43.9952297685383,0.0,1.0,0.0,0.9804841750435145
4358,1767151405201,0.0,0.0,0.0,0.0,-44.28597357734027,0.0,0.0,hard,False,False,43.9952297685383,0.0,1.0,0.0,0.9804841750435145
4359,1767151405234,0.0,0.0,0.0,0.0,-44.28597357734027,0.0,0.0,hard,False,False,43.9952297685383,0.0,1.0,0.0,0.9804841750435145
4360,1767151405267,0.0,0.0,0.0,0.0,-44.28597357734027,0.0,0.0,hard,False,False,43.9952297685383,0.0,1.0,0.0,0.9804841750435145
4361,1767151405301,0.0,0.0,0.0,0.0,-44.28597357734027,0.0,0.0,hard,False,False,43.9952297685383,0.0,1.0,0.0,0.9804841750435145
4362,1767151405334,0.0,0.0,0.0,0.0,-44.28597357734027,0.0,0.0,hard,False,False,43.9952297685383,0.0,1.0,0.0,0.9804841750435145
4363,1767151405367,0.0,0.0,0.0,0.0,-44.28597357734027,0.0,0.0,hard,False,False,43.9952297685383,0.0,1.0,0.0,0.9804841750435145
4364,1767151405401,0.0,0.0,0.0,0.0,-44.28597357734027,0.0,0.0,hard,False,False,43.9952297685383,0.0,1.0,0.0,0.9804841750435145
4365,1767151405434,0.0,0.0,0.0,0.0,-44.28597357734027,0.0,0.0,hard,False,False,43.9952297685383,0.0,1.0,0.0,0.9804841750435145
4366,1767151405468,0.0,0.0,0.0,0.0,-44.28597357734027,0.0,0.0,hard,False,False,43.9952297685383,0.0,1.0,0.0,0.9804841750435145
4367,1767151405501,0.0,0.0,0.0,0.0,-44.28597357734027,0.0,0.0,hard,False,False,43.9952297685383,0.0,1.0,0.0,0.9804841750435145
4368,1767151405536,0.0,0.0,0.0,0.0,-44.28597357734027,0.0,0.0,hard,False,False,43.9952297685383,0.0,1.0,0.0,0.9804841750435145
4369,1767151405567,0.0,0.0,0.0,0.0,-44.28597357734027,0.0,0.0,hard,False,False,43.9952297685383,0.0,1.0,0.0,0.9804841750435145
4370,1767151405604,0.0,0.0,0.0,0.0,-44.28597357734027,0.0,0.0,hard,False,False,43.9952297685383,0.0,1.0,0.0,0.9804841750435145
4371,1767151405634,0.0,0.0,0.0,0.0,-44.28597357734027,0.0,0.0,hard,False,False,43.9952297685383,0.0,1.0,0.0,0.9804841750435145
4372,1767151405672,0.0,0.0,0.0,0.0,-44.28597357734027,0.0,0.0,hard,False,False,43.9952297685383,0.0,1.0,0.0,0.9804841750435145
4373,1767151405701,0.0,0.0,0.0,0.0,-44.28597357734027,0.0,0.0,hard,False,False,43.9952297685383,0.0,1.0,0.0,0.9804841750435145
4374,1767151405734,0.0,0.0,0.0,0.0,-44.28597357734027,0.0,0.0,hard,False,False,43.9952297685383,0.0,1.0,0.0,0.9804841750435145
4375,1767151405767,0.0,0.0,0.0,0.0,-44.28597357734027,0.0,0.0,hard,False,False,43.9952297685383,0.0,1.0,0.0,0.9804841750435145
4376,1767151405801,0.0,0.0,0.0,0.0,-44.28597357734027,0.0,0.0,hard,False,False,43.9952297685383,0.0,1.0,0.0,0.9804841750435145
4377,1767151405834,0.0,0.0,0.0,0.0,-44.28597357734027,0.0,0.0,hard,False,False,43.9952297685383,0.0,1.0,0.0,0.9804841750435145
4378,1767151405869,0.0,0.0,0.0,0.0,-44.28597357734027,0.0,0.0,hard,False,False,43.9952297685383,0.0,1.0,0.0,0.9804841750435145
4379,1767151405900,0.0,0.0,0.0,0.0,-44.28597357734027,0.0,0.0,hard,False,False,43.9952297685383,0.0,1.0,0.0,0.9804841750435145
4380,1767151405935,0.0,0.0,0.0,0.0,-44.28597357734027,0.0,0.0,hard,False,False,43.9952297685383,0.0,1.0,0.0,0.9804841750435145
4381,1767151405968,0.0,0.0,0.0,0.0,-44.28597357734027,0.0,0.0,hard,False,False,43.9952297685383,0.0,1.0,0.0,0.9804841750435145
4382,1767151406001,0.0,0.0,0.0,0.0,-44.28597357734027,0.0,0.0,hard,False,False,43.9952297685383,0.0,1.0,0.0,0.9804841750435145
4383,1767151406034,0.0,0.0,0.0,0.0,-44.28597357734027,0.0,0.0,hard,False,False,43.9952297685383,0.0,1.0,0.0,0.9804841750435145
4384,1767151406069,0.0,0.0,0.0,0.0,-44.28597357734027,0.0,0.0,hard,False,False,43.9952297685383,0.0,1.0,0.0,0.9804841750435145
4385,1767151406101,0.0,0.0,0.0,0.0,-44.28597357734027,0.0,0.0,hard,False,False,43.9952297685383,0.0,1.0,0.0,0.9804841750435145
4386,1767151406134,0.0,0.0,0.0,0.0,-44.28597357734027,0.0,0.0,hard,False,False,43.9952297685383,0.0,1.0,0.0,0.9804841750435145
4387,1767151406167,0.0,0.0,0.0,0.0,-44.28597357734027,0.0,0.0,hard,False,False,43.9952297685383,0.0,1.0,0.0,0.9804841750435145
4388,1767151406202,0.0,0.0,0.0,0.0,-44.28597357734027,0.0,0.0,hard,False,False,43.9952297685383,0.0,1.0,0.0,0.9804841750435145
4389,1767151406234,0.0,0.0,0.0,0.0,-44.28597357734027,0.0,0.0,hard,False,False,43.9952297685383,0.0,1.0,0.0,0.9804841750435145
4390,1767151406267,0.0,0.0,0.0,0.0,-44.28597357734027,0.0,0.0,hard,False,False,43.9952297685383,0.0,1.0,0.0,0.9804841750435145
4391,1767151406300,0.0,0.0,0.0,0.0,-44.28597357734027,0.0,0.0,hard,False,False,43.9952297685383,0.0,1.0,0.0,0.9804841750435145
4392,1767151406335,0.0,0.0,0.0,0.0,-44.28597357734027,0.0,0.0,hard,False,False,43.9952297685383,0.0,1.0,0.0,0.9804841750435145
4393,1767151406367,0.0,0.0,0.0,0.0,-44.28597357734027,0.0,0.0,hard,False,False,43.9952297685383,0.0,1.0,0.0,0.9804841750435145
4394,1767151406400,0.0,0.0,0.0,0.0,-44.28597357734027,0.0,0.0,hard,False,False,43.9952297685383,0.0,1.0,0.0,0.9804841750435145
4395,1767151406439,0.0,0.0,0.0,0.0,-44.28597357734027,0.0,0.0,hard,False,False,43.9952297685383,0.0,1.0,0.0,0.9804841750435145
4396,1767151406467,0.0,0.0,0.0,0.0,-44.28597357734027,0.0,0.0,hard,False,False,43.9952297685383,0.0,1.0,0.0,0.9804841750435145
4397,1767151406500,0.0,0.0,0.0,0.0,-44.28597357734027,0.0,0.0,hard,False,False,43.9952297685383,0.0,1.0,0.0,0.9804841750435145
4398,1767151406534,0.0,0.0,0.0,0.0,-44.28597357734027,0.0,0.0,hard,False,False,43.9952297685383,0.0,1.0,0.0,0.9804841750435145
4399,1767151406567,0.0,0.0,0.0,0.0,-44.28597357734027,0.0,0.0,hard,False,False,43.9952297685383,0.0,1.0,0.0,0.9804841750435145
4400,1767151406600,0.0,0.0,0.0,0.0,-44.28597357734027,0.0,0.0,hard,False,False,43.9952297685383,0.0,1.0,0.0,0.9804841750435145
4401,1767151406634,0.0,0.0,0.0,0.0,-44.28597357734027,0.0,0.0,hard,False,False,43.9952297685383,0.0,1.0,0.0,0.9804841750435145
4402,1767151406667,0.0,0.0,0.0,0.0,-44.28597357734027,0.0,0.0,hard,False,False,43.9952297685383,0.0,1.0,0.0,0.9804841750435145
4403,1767151406701,0.0,0.0,0.0,0.0,-44.28597357734027,0.0,0.0,hard,False,False,43.9952297685383,0.0,1.0,0.0,0.9804841750435145
4404,1767151406734,0.0,0.0,0.0,0.0,-44.28597357734027,0.0,0.0,hard,False,False,43.9952297685383,0.0,1.0,0.0,0.9804841750435145
4405,1767151406768,0.0,0.0,0.0,0.0,-44.28597357734027,0.0,0.0,hard,False,False,43.9952297685383,0.0,1.0,0.0,0.9804841750435145
4406,1767151406800,0.0,0.0,0.0,0.0,-44.28597357734027,0.0,0.0,hard,False,False,43.9952297685383,0.0,1.0,0.0,0.9804841750435145
4407,1767151406835,0.0,0.0,0.0,0.0,-44.28597357734027,0.0,0.0,hard,False,False,43.9952297685383,0.0,1.0,0.0,0.9804841750435145
4408,1767151406868,0.0,0.0,0.0,0.0,-44.28597357734027,0.0,0.0,hard,False,False,43.9952297685383,0.0,1.0,0.0,0.9804841750435145
4409,1767151406901,0.0,0.0,0.0,0.0,-44.28597357734027,0.0,0.0,hard,False,False,43.9952297685383,0.0,1.0,0.0,0.9804841750435145
4410,1767151406934,0.0,0.0,0.0,0.0,-44.28597357734027,0.0,0.0,hard,False,False,43.9952297685383,0.0,1.0,0.0,0.9804841750435145
4411,1767151406967,0.0,0.0,0.0,0.0,-44.28597357734027,0.0,0.0,hard,False,False,43.9952297685383,0.0,1.0,0.0,0.9804841750435145
4412,1767151407000,0.0,0.0,0.0,0.0,-44.28597357734027,0.0,0.0,hard,False,False,43.9952297685383,0.0,1.0,0.0,0.9804841750435145
4413,1767151407034,0.0,0.0,0.0,0.0,-44.28597357734027,0.0,0.0,hard,False,False,43.9952297685383,0.0,1.0,0.0,0.9804841750435145
4414,1767151407067,0.0,0.0,0.0,0.0,-44.28597357734027,0.0,0.0,hard,False,False,43.9952297685383,0.0,1.0,0.0,0.9804841750435145
4415,1767151407101,0.0,0.0,0.0,0.0,-44.28597357734027,0.0,0.0,hard,False,False,43.9952297685383,0.0,1.0,0.0,0.9804841750435145
4416,1767151407134,0.0,0.0,0.0,0.0,-44.28597357734027,0.0,0.0,hard,False,False,43.9952297685383,0.0,1.0,0.0,0.9804841750435145
4417,1767151407167,0.0,0.0,0.0,0.0,-44.28597357734027,0.0,0.0,hard,False,False,43.9952297685383,0.0,1.0,0.0,0.9804841750435145
4418,1767151407201,0.0,0.0,0.0,0.0,-44.28597357734027,0.0,0.0,hard,False,False,43.9952297685383,0.0,1.0,0.0,0.9804841750435145
4419,1767151407234,0.0,0.0,0.0,0.0,-44.28597357734027,0.0,0.0,hard,False,False,43.9952297685383,0.0,1.0,0.0,0.9804841750435145
4420,1767151407267,0.0,0.0,0.0,0.0,-44.28597357734027,0.0,0.0,hard,False,False,43.9952297685383,0.0,1.0,0.0,0.9804841750435145
4421,1767151407314,0.0,0.0,0.0,0.0,-44.28597357734027,0.0,0.0,hard,False,False,43.9952297685383,0.0,1.0,0.0,0.9804841750435145
4422,1767151407336,0.0,0.0,0.0,0.0,-44.28597357734027,0.0,0.0,hard,False,False,43.9952297685383,0.0,1.0,0.0,0.9804841750435145
4423,1767151407367,0.0,0.0,0.0,0.0,-44.28597357734027,0.0,0.0,hard,False,False,43.9952297685383,0.0,1.0,0.0,0.9804841750435145
4424,1767151407400,0.0,0.0,0.0,0.0,-44.28597357734027,0.0,0.0,hard,False,False,43.9952297685383,0.0,1.0,0.0,0.9804841750435145
4425,1767151407434,0.0,0.0,0.0,0.0,-44.28597357734027,0.0,0.0,hard,False,False,43.9952297685383,0.0,1.0,0.0,0.9804841750435145
4426,1767151407501,0.0,0.0,0.0,0.0,-44.28597357734027,0.0,0.0,hard,False,False,43.9952297685383,0.0,1.0,0.0,0.9804841750435145
4427,1767151407534,0.0,0.0,0.0,0.0,-44.28597357734027,0.0,0.0,hard,False,False,43.9952297685383,0.0,1.0,0.0,0.9804841750435145
4428,1767151407567,0.0,0.0,0.0,0.0,-44.28597357734027,0.0,0.0,hard,False,False,43.9952297685383,0.0,1.0,0.0,0.9804841750435145
4429,1767151407601,0.0,0.0,0.0,0.0,-44.28597357734027,0.0,0.0,hard,False,False,43.9952297685383,0.0,1.0,0.0,0.9804841750435145
4430,1767151407634,0.0,0.0,0.0,0.0,-44.28597357734027,0.0,0.0,hard,False,False,43.9952297685383,0.0,1.0,0.0,0.9804841750435145
4431,1767151407667,0.0,0.0,0.0,0.0,-44.28597357734027,0.0,0.0,hard,False,False,43.9952297685383,0.0,1.0,0.0,0.9804841750435145
4432,1767151407701,0.0,0.0,0.0,0.0,-44.28597357734027,0.0,0.0,hard,False,False,43.9952297685383,0.0,1.0,0.0,0.9804841750435145
4433,1767151407734,0.0,0.0,0.0,0.0,-44.28597357734027,0.0,0.0,hard,False,False,43.9952297685383,0.0,1.0,0.0,0.9804841750435145
4434,1767151407767,0.0,0.0,0.0,0.0,-44.28597357734027,0.0,0.0,hard,False,False,43.9952297685383,0.0,1.0,0.0,0.9804841750435145
4435,1767151407801,0.0,0.0,0.0,0.0,-44.28597357734027,0.0,0.0,hard,False,False,43.9952297685383,0.0,1.0,0.0,0.9804841750435145
4436,1767151407834,0.0,0.0,0.0,0.0,-44.28597357734027,0.0,0.0,hard,False,False,43.9952297685383,0.0,1.0,0.0,0.9804841750435145
4437,1767151407867,0.0,0.0,0.0,0.0,-44.28597357734027,0.0,0.0,hard,False,False,43.9952297685383,0.0,1.0,0.0,0.9804841750435145
4438,1767151407901,0.0,0.0,0.0,0.0,-44.28597357734027,0.0,0.0,hard,False,False,43.9952297685383,0.0,1.0,0.0,0.9804841750435145
4439,1767151407934,0.0,0.0,0.0,0.0,-44.28597357734027,0.0,0.0,hard,False,False,43.9952297685383,0.0,1.0,0.0,0.9804841750435145
4440,1767151407967,0.0,0.0,0.0,0.0,-44.28597357734027,0.0,0.0,hard,False,False,43.9952297685383,0.0,1.0,0.0,0.9804841750435145
4441,1767151408001,0.0,0.0,0.0,0.0,-44.28597357734027,0.0,0.0,hard,False,False,43.9952297685383,0.0,1.0,0.0,0.9804841750435145
4442,1767151408034,0.0,0.0,0.0,0.0,-44.28597357734027,0.0,0.0,hard,False,False,43.9952297685383,0.0,1.0,0.0,0.9804841750435145
4443,1767151408067,0.0,0.0,0.0,0.0,-44.28597357734027,0.0,0.0,hard,False,False,43.9952297685383,0.0,1.0,0.0,0.9804841750435145
4444,1767151408101,0.0,0.0,0.0,0.0,-44.28597357734027,0.0,0.0,hard,False,False,43.9952297685383,0.0,1.0,0.0,0.9804841750435145
4445,1767151408134,0.0,0.0,0.0,0.0,-44.28597357734027,0.0,0.0,hard,False,False,43.9952297685383,0.0,1.0,0.0,0.9804841750435145
4446,1767151408168,0.0,0.0,0.0,0.0,-44.28597357734027,0.0,0.0,hard,False,False,43.9952297685383,0.0,1.0,0.0,0.9804841750435145
4447,1767151408201,0.0,0.0,0.0,0.0,-44.28597357734027,0.0,0.0,hard,False,False,43.9952297685383,0.0,1.0,0.0,0.9804841750435145
4448,1767151408234,0.0,0.0,0.0,0.0,-44.28597357734027,0.0,0.0,hard,False,False,43.9952297685383,0.0,1.0,0.0,0.9804841750435145
4449,1767151408268,0.0,0.0,0.0,0.0,-44.28597357734027,0.0,0.0,hard,False,False,43.9952297685383,0.0,1.0,0.0,0.9804841750435145
4450,1767151408301,0.0,0.0,0.0,0.0,-44.28597357734027,0.0,0.0,hard,False,False,43.9952297685383,0.0,1.0,0.0,0.9804841750435145
4451,1767151408335,0.0,0.0,0.0,0.0,-44.28597357734027,0.0,0.0,hard,False,False,43.9952297685383,0.0,1.0,0.0,0.9804841750435145
4452,1767151408367,0.0,0.0,0.0,0.0,-44.28597357734027,0.0,0.0,hard,False,False,43.9952297685383,0.0,1.0,0.0,0.9804841750435145
4453,1767151408401,0.0,0.0,0.0,0.0,-44.28597357734027,0.0,0.0,hard,False,False,43.9952297685383,0.0,1.0,0.0,0.9804841750435145
4454,1767151408434,0.0,0.0,0.0,0.0,-44.28597357734027,0.0,0.0,hard,False,False,43.9952297685383,0.0,1.0,0.0,0.9804841750435145
4455,1767151408468,0.0,0.0,0.0,0.0,-44.28597357734027,0.0,0.0,hard,False,False,43.9952297685383,0.0,1.0,0.0,0.9804841750435145
4456,1767151408501,0.0,0.0,0.0,0.0,-44.28597357734027,0.0,0.0,hard,False,False,43.9952297685383,0.0,1.0,0.0,0.9804841750435145
4457,1767151408534,0.0,0.0,0.0,0.0,-44.28597357734027,0.0,0.0,hard,False,False,43.9952297685383,0.0,1.0,0.0,0.9804841750435145
4458,1767151408567,0.0,0.0,0.0,0.0,-44.28597357734027,0.0,0.0,hard,False,False,43.9952297685383,0.0,1.0,0.0,0.9804841750435145
4459,1767151408601,0.0,0.0,0.0,0.0,-44.28597357734027,0.0,0.0,hard,False,False,43.9952297685383,0.0,1.0,0.0,0.9804841750435145
4460,1767151408634,0.0,0.0,0.0,0.0,-44.28597357734027,0.0,0.0,hard,False,False,43.9952297685383,0.0,1.0,0.0,0.9804841750435145
4461,1767151408668,0.0,0.0,0.0,0.0,-44.28597357734027,0.0,0.0,hard,False,False,43.9952297685383,0.0,1.0,0.0,0.9804841750435145
4462,1767151408701,0.0,0.0,0.0,0.0,-44.28597357734027,0.0,0.0,hard,False,False,43.9952297685383,0.0,1.0,0.0,0.9804841750435145
4463,1767151408734,0.0,0.0,0.0,0.0,-44.28597357734027,0.0,0.0,hard,False,False,43.9952297685383,0.0,1.0,0.0,0.9804841750435145
4464,1767151408767,0.0,0.0,0.0,0.0,-44.28597357734027,0.0,0.0,hard,False,False,43.9952297685383,0.0,1.0,0.0,0.9804841750435145
4465,1767151408801,0.0,0.0,0.0,0.0,-44.28597357734027,0.0,0.0,hard,False,False,43.9952297685383,0.0,1.0,0.0,0.9804841750435145
4466,1767151408834,0.0,0.0,0.0,0.0,-44.28597357734027,0.0,0.0,hard,False,False,43.9952297685383,0.0,1.0,0.0,0.9804841750435145
4467,1767151408867,0.0,0.0,0.0,0.0,-44.28597357734027,0.0,0.0,hard,False,False,43.9952297685383,0.0,1.0,0.0,0.9804841750435145
4468,1767151408901,0.0,0.0,0.0,0.0,-44.28597357734027,0.0,0.0,hard,False,False,43.9952297685383,0.0,1.0,0.0,0.9804841750435145
4469,1767151408934,0.0,0.0,0.0,0.0,-44.28597357734027,0.0,0.0,hard,False,False,43.9952297685383,0.0,1.0,0.0,0.9804841750435145
4470,1767151408967,0.0,0.0,0.0,0.0,-44.28597357734027,0.0,0.0,hard,False,False,43.9952297685383,0.0,1.0,0.0,0.9804841750435145
4471,1767151409001,0.0,0.0,0.0,0.0,-44.28597357734027,0.0,0.0,hard,False,False,43.9952297685383,0.0,1.0,0.0,0.9804841750435145
4472,1767151409202,0.0,0.0,0.0,0.0,-44.28597357734027,0.0,0.0,hard,False,False,43.9952297685383,0.0,1.0,0.0,0.9804841750435145
4473,1767151409220,0.0,0.0,0.0,0.0,-44.28597357734027,0.0,0.0,hard,False,False,43.9952297685383,0.0,1.0,0.0,0.9804841750435145
4474,1767151409239,0.0,0.0,0.0,0.0,-44.28597357734027,0.0,0.0,hard,False,False,43.9952297685383,0.0,1.0,0.0,0.9804841750435145
4475,1767151409259,0.0,0.0,0.0,0.0,-44.28597357734027,0.0,0.0,hard,False,False,43.9952297685383,0.0,1.0,0.0,0.9804841750435145
4476,1767151409285,0.0,0.0,0.0,0.0,-44.28597357734027,0.0,0.0,hard,False,False,43.9952297685383,0.0,1.0,0.0,0.9804841750435145
4477,1767151409305,0.0,0.0,0.0,0.0,-44.28597357734027,0.0,0.0,hard,False,False,43.9952297685383,0.0,1.0,0.0,0.9804841750435145
4478,1767151409327,0.0,0.0,0.0,0.0,-44.28597357734027,0.0,0.0,hard,False,False,43.9952297685383,0.0,1.0,0.0,0.9804841750435145
4479,1767151409349,0.0,0.0,0.0,0.0,-44.28597357734027,0.0,0.0,hard,False,False,43.9952297685383,0.0,1.0,0.0,0.9804841750435145
4480,1767151409369,0.0,0.0,0.0,0.0,-44.28597357734027,0.0,0.0,hard,False,False,43.9952297685383,0.0,1.0,0.0,0.9804841750435145
4481,1767151409401,0.0,0.0,0.0,0.0,-44.28597357734027,0.0,0.0,hard,False,False,43.9952297685383,0.0,1.0,0.0,0.9804841750435145
4482,1767151409434,0.0,0.0,0.0,0.0,-44.28597357734027,0.0,0.0,hard,False,False,43.9952297685383,0.0,1.0,0.0,0.9804841750435145
4483,1767151409468,0.0,0.0,0.0,0.0,-44.28597357734027,0.0,0.0,hard,False,False,43.9952297685383,0.0,1.0,0.0,0.9804841750435145
4484,1767151409501,0.0,0.0,0.0,0.0,-44.28597357734027,0.0,0.0,hard,False,False,43.9952297685383,0.0,1.0,0.0,0.9804841750435145
4485,1767151409534,0.0,0.0,0.0,0.0,-44.28597357734027,0.0,0.0,hard,False,False,43.9952297685383,0.0,1.0,0.0,0.9804841750435145
4486,1767151409568,0.0,0.0,0.0,0.0,-44.28597357734027,0.0,0.0,hard,False,False,43.9952297685383,0.0,1.0,0.0,0.9804841750435145
4487,1767151409655,0.0,0.0,0.0,0.0,-44.28597357734027,0.0,0.0,hard,False,False,43.9952297685383,0.0,1.0,0.0,0.9804841750435145
4488,1767151409681,0.0,0.0,0.0,0.0,-44.28597357734027,0.0,0.0,hard,False,False,43.9952297685383,0.0,1.0,0.0,0.9804841750435145
4489,1767151409703,0.0,0.0,0.0,0.0,-44.28597357734027,0.0,0.0,hard,False,False,43.9952297685383,0.0,1.0,0.0,0.9804841750435145
4490,1767151409731,0.0,0.0,0.0,0.0,-44.28597357734027,0.0,0.0,hard,False,False,43.9952297685383,0.0,1.0,0.0,0.9804841750435145
4491,1767151409762,0.0,0.0,0.0,0.0,-44.28597357734027,0.0,0.0,hard,False,False,43.9952297685383,0.0,1.0,0.0,0.9804841750435145
4492,1767151409787,0.0,0.0,0.0,0.0,-44.28597357734027,0.0,0.0,hard,False,False,43.9952297685383,0.0,1.0,0.0,0.9804841750435145
4493,1767151409813,0.0,0.0,0.0,0.0,-44.28597357734027,0.0,0.0,hard,False,False,43.9952297685383,0.0,1.0,0.0,0.9804841750435145
4494,1767151409840,0.0,0.0,0.0,0.0,-44.28597357734027,0.0,0.0,hard,False,False,43.9952297685383,0.0,1.0,0.0,0.9804841750435145
4495,1767151409868,0.0,0.0,0.0,0.0,-44.28597357734027,0.0,0.0,hard,False,False,43.9952297685383,0.0,1.0,0.0,0.9804841750435145
4496,1767151409906,0.0,0.0,0.0,0.0,-44.28597357734027,0.0,0.0,hard,False,False,43.9952297685383,0.0,1.0,0.0,0.9804841750435145
4497,1767151409935,0.0,0.0,0.0,0.0,-44.28597357734027,0.0,0.0,hard,False,False,43.9952297685383,0.0,1.0,0.0,0.9804841750435145
4498,1767151409967,0.0,0.0,0.0,0.0,-44.28597357734027,0.0,0.0,hard,False,False,43.9952297685383,0.0,1.0,0.0,0.9804841750435145
4499,1767151410001,0.0,0.0,0.0,0.0,-44.28597357734027,0.0,0.0,hard,False,False,43.9952297685383,0.0,1.0,0.0,0.9804841750435145
4500,1767151410034,0.0,0.0,0.0,0.0,-44.28597357734027,0.0,0.0,hard,False,False,43.9952297685383,0.0,1.0,0.0,0.9804841750435145
4501,1767151410070,0.0,0.0,0.0,0.0,-44.28597357734027,0.0,0.0,hard,False,False,43.9952297685383,0.0,1.0,0.0,0.9804841750435145
4502,1767151410102,0.0,0.0,0.0,0.0,-44.28597357734027,0.0,0.0,hard,False,False,43.9952297685383,0.0,1.0,0.0,0.9804841750435145
4503,1767151410135,0.0,0.0,0.0,0.0,-44.28597357734027,0.0,0.0,hard,False,False,43.9952297685383,0.0,1.0,0.0,0.9804841750435145
4504,1767151410168,0.0,0.0,0.0,0.0,-44.28597357734027,0.0,0.0,hard,False,False,43.9952297685383,0.0,1.0,0.0,0.9804841750435145
4505,1767151410201,0.0,0.0,0.0,0.0,-44.28597357734027,0.0,0.0,hard,False,False,43.9952297685383,0.0,1.0,0.0,0.9804841750435145
4506,1767151410234,0.0,0.0,0.0,0.0,-44.28597357734027,0.0,0.0,hard,False,False,43.9952297685383,0.0,1.0,0.0,0.9804841750435145
4507,1767151410267,0.0,0.0,0.0,0.0,-44.28597357734027,0.0,0.0,hard,False,False,43.9952297685383,0.0,1.0,0.0,0.9804841750435145
4508,1767151410301,0.0,0.0,0.0,0.0,-44.28597357734027,0.0,0.0,hard,False,False,43.9952297685383,0.0,1.0,0.0,0.9804841750435145
4509,1767151410336,0.0,0.0,0.0,0.0,-44.28597357734027,0.0,0.0,hard,False,False,43.9952297685383,0.0,1.0,0.0,0.9804841750435145
4510,1767151410368,0.0,0.0,0.0,0.0,-44.28597357734027,0.0,0.0,hard,False,False,43.9952297685383,0.0,1.0,0.0,0.9804841750435145
4511,1767151410402,0.0,0.0,0.0,0.0,-44.28597357734027,0.0,0.0,hard,False,False,43.9952297685383,0.0,1.0,0.0,0.9804841750435145
4512,1767151410434,0.0,0.0,0.0,0.0,-44.28597357734027,0.0,0.0,hard,False,False,43.9952297685383,0.0,1.0,0.0,0.9804841750435145
4513,1767151410468,0.0,0.0,0.0,0.0,-44.28597357734027,0.0,0.0,hard,False,False,43.9952297685383,0.0,1.0,0.0,0.9804841750435145
4514,1767151410501,0.0,0.0,0.0,0.0,-44.28597357734027,0.0,0.0,hard,False,False,43.9952297685383,0.0,1.0,0.0,0.9804841750435145
4515,1767151410535,0.0,0.0,0.0,0.0,-44.28597357734027,0.0,0.0,hard,False,False,43.9952297685383,0.0,1.0,0.0,0.9804841750435145
4516,1767151410568,0.0,0.0,0.0,0.0,-44.28597357734027,0.0,0.0,hard,False,False,43.9952297685383,0.0,1.0,0.0,0.9804841750435145
4517,1767151410601,0.0,0.0,0.0,0.0,-44.28597357734027,0.0,0.0,hard,False,False,43.9952297685383,0.0,1.0,0.0,0.9804841750435145
4518,1767151410634,0.0,0.0,0.0,0.0,-44.28597357734027,0.0,0.0,hard,False,False,43.9952297685383,0.0,1.0,0.0,0.9804841750435145
4519,1767151410671,0.0,0.0,0.0,0.0,-44.28597357734027,0.0,0.0,hard,False,False,43.9952297685383,0.0,1.0,0.0,0.9804841750435145
4520,1767151410701,0.0,0.0,0.0,0.0,-44.28597357734027,0.0,0.0,hard,False,False,43.9952297685383,0.0,1.0,0.0,0.9804841750435145
4521,1767151410734,0.0,0.0,0.0,0.0,-44.28597357734027,0.0,0.0,hard,False,False,43.9952297685383,0.0,1.0,0.0,0.9804841750435145
4522,1767151410767,0.0,0.0,0.0,0.0,-44.28597357734027,0.0,0.0,hard,False,False,43.9952297685383,0.0,1.0,0.0,0.9804841750435145
4523,1767151410801,0.0,0.0,0.0,0.0,-44.28597357734027,0.0,0.0,hard,False,False,43.9952297685383,0.0,1.0,0.0,0.9804841750435145
4524,1767151410835,0.0,0.0,0.0,0.0,-44.28597357734027,0.0,0.0,hard,False,False,43.9952297685383,0.0,1.0,0.0,0.9804841750435145
4525,1767151410867,0.0,0.0,0.0,0.0,-44.28597357734027,0.0,0.0,hard,False,False,43.9952297685383,0.0,1.0,0.0,0.9804841750435145
4526,1767151410906,0.0,0.0,0.0,0.0,-44.28597357734027,0.0,0.0,hard,False,False,43.9952297685383,0.0,1.0,0.0,0.9804841750435145
4527,1767151410934,0.0,0.0,0.0,0.0,-44.28597357734027,0.0,0.0,hard,False,False,43.9952297685383,0.0,1.0,0.0,0.9804841750435145
4528,1767151410968,0.0,0.0,0.0,0.0,-44.28597357734027,0.0,0.0,hard,False,False,43.9952297685383,0.0,1.0,0.0,0.9804841750435145
4529,1767151411007,0.0,0.0,0.0,0.0,-44.28597357734027,0.0,0.0,hard,False,False,43.9952297685383,0.0,1.0,0.0,0.9804841750435145
4530,1767151411034,0.0,0.0,0.0,0.0,-44.28597357734027,0.0,0.0,hard,False,False,43.9952297685383,0.0,1.0,0.0,0.9804841750435145
4531,1767151411070,0.0,0.0,0.0,0.0,-44.28597357734027,0.0,0.0,hard,False,False,43.9952297685383,0.0,1.0,0.0,0.9804841750435145
4532,1767151411104,0.0,0.0,0.0,0.0,-44.28597357734027,0.0,0.0,hard,False,False,43.9952297685383,0.0,1.0,0.0,0.9804841750435145
4533,1767151411135,0.0,0.0,0.0,0.0,-44.28597357734027,0.0,0.0,hard,False,False,43.9952297685383,0.0,1.0,0.0,0.9804841750435145
4534,1767151411173,0.0,0.0,0.0,0.0,-44.28597357734027,0.0,0.0,hard,False,False,43.9952297685383,0.0,1.0,0.0,0.9804841750435145
4535,1767151411203,0.0,0.0,0.0,0.0,-44.28597357734027,0.0,0.0,hard,False,False,43.9952297685383,0.0,1.0,0.0,0.9804841750435145
4536,1767151411234,0.0,0.0,0.0,0.0,-44.28597357734027,0.0,0.0,hard,False,False,43.9952297685383,0.0,1.0,0.0,0.9804841750435145
4537,1767151411268,0.0,0.0,0.0,0.0,-44.28597357734027,0.0,0.0,hard,False,False,43.9952297685383,0.0,1.0,0.0,0.9804841750435145
4538,1767151411301,0.0,0.0,0.0,0.0,-44.28597357734027,0.0,0.0,hard,False,False,43.9952297685383,0.0,1.0,0.0,0.9804841750435145
4539,1767151411337,0.0,0.0,0.0,0.0,-44.28597357734027,0.0,0.0,hard,False,False,43.9952297685383,0.0,1.0,0.0,0.9804841750435145
4540,1767151411368,0.0,0.0,0.0,0.0,-44.28597357734027,0.0,0.0,hard,False,False,43.9952297685383,0.0,1.0,0.0,0.9804841750435145
4541,1767151411407,0.0,0.0,0.0,0.0,-44.28597357734027,0.0,0.0,hard,False,False,43.9952297685383,0.0,1.0,0.0,0.9804841750435145
4542,1767151411435,0.0,0.0,0.0,0.0,-44.28597357734027,0.0,0.0,hard,False,False,43.9952297685383,0.0,1.0,0.0,0.9804841750435145
4543,1767151411468,0.0,0.0,0.0,0.0,-44.28597357734027,0.0,0.0,hard,False,False,43.9952297685383,0.0,1.0,0.0,0.9804841750435145
4544,1767151411501,0.0,0.0,0.0,0.0,-44.28597357734027,0.0,0.0,hard,False,False,43.9952297685383,0.0,1.0,0.0,0.9804841750435145
4545,1767151411535,0.0,0.0,0.0,0.0,-44.28597357734027,0.0,0.0,hard,False,False,43.9952297685383,0.0,1.0,0.0,0.9804841750435145
4546,1767151411568,0.0,0.0,0.0,0.0,-44.28597357734027,0.0,0.0,hard,False,False,43.9952297685383,0.0,1.0,0.0,0.9804841750435145
4547,1767151411601,0.0,0.0,0.0,0.0,-44.28597357734027,0.0,0.0,hard,False,False,43.9952297685383,0.0,1.0,0.0,0.9804841750435145
4548,1767151411636,0.0,0.0,0.0,0.0,-44.28597357734027,0.0,0.0,hard,False,False,43.9952297685383,0.0,1.0,0.0,0.9804841750435145
4549,1767151411668,0.0,0.0,0.0,0.0,-44.28597357734027,0.0,0.0,hard,False,False,43.9952297685383,0.0,1.0,0.0,0.9804841750435145
4550,1767151411702,0.0,0.0,0.0,0.0,-44.28597357734027,0.0,0.0,hard,False,False,43.9952297685383,0.0,1.0,0.0,0.9804841750435145
4551,1767151411735,0.0,0.0,0.0,0.0,-44.28597357734027,0.0,0.0,hard,False,False,43.9952297685383,0.0,1.0,0.0,0.9804841750435145
4552,1767151411768,0.0,0.0,0.0,0.0,-44.28597357734027,0.0,0.0,hard,False,False,43.9952297685383,0.0,1.0,0.0,0.9804841750435145
4553,1767151411801,0.0,0.0,0.0,0.0,-44.28597357734027,0.0,0.0,hard,False,False,43.9952297685383,0.0,1.0,0.0,0.9804841750435145
4554,1767151411835,0.0,0.0,0.0,0.0,-44.28597357734027,0.0,0.0,hard,False,False,43.9952297685383,0.0,1.0,0.0,0.9804841750435145
4555,1767151411901,0.0,0.0,0.0,0.0,-44.28597357734027,0.0,0.0,hard,False,False,43.9952297685383,0.0,1.0,0.0,0.9804841750435145
4556,1767151411935,0.0,0.0,0.0,0.0,-44.28597357734027,0.0,0.0,hard,False,False,43.9952297685383,0.0,1.0,0.0,0.9804841750435145
4557,1767151411968,0.0,0.0,0.0,0.0,-44.28597357734027,0.0,0.0,hard,False,False,43.9952297685383,0.0,1.0,0.0,0.9804841750435145
4558,1767151412001,0.0,0.0,0.0,0.0,-44.28597357734027,0.0,0.0,hard,False,False,43.9952297685383,0.0,1.0,0.0,0.9804841750435145
4559,1767151412068,0.0,0.0,0.0,0.0,-44.28597357734027,0.0,0.0,hard,False,False,43.9952297685383,0.0,1.0,0.0,0.9804841750435145
4560,1767151412101,0.0,0.0,0.0,0.0,-44.28597357734027,0.0,0.0,hard,False,False,43.9952297685383,0.0,1.0,0.0,0.9804841750435145
4561,1767151412136,0.0,0.0,0.0,0.0,-44.28597357734027,0.0,0.0,hard,False,False,43.9952297685383,0.0,1.0,0.0,0.9804841750435145
4562,1767151412168,0.0,0.0,0.0,0.0,-44.28597357734027,0.0,0.0,hard,False,False,43.9952297685383,0.0,1.0,0.0,0.9804841750435145
4563,1767151412201,0.0,0.0,0.0,0.0,-44.28597357734027,0.0,0.0,hard,False,False,43.9952297685383,0.0,1.0,0.0,0.9804841750435145
4564,1767151412234,0.0,0.0,0.0,0.0,-44.28597357734027,0.0,0.0,hard,False,False,43.9952297685383,0.0,1.0,0.0,0.9804841750435145
4565,1767151412268,0.0,0.0,0.0,0.0,-44.28597357734027,0.0,0.0,hard,False,False,43.9952297685383,0.0,1.0,0.0,0.9804841750435145
4566,1767151412301,0.0,0.0,0.0,0.0,-44.28597357734027,0.0,0.0,hard,False,False,43.9952297685383,0.0,1.0,0.0,0.9804841750435145
4567,1767151412336,0.0,0.0,0.0,0.0,-44.28597357734027,0.0,0.0,hard,False,False,43.9952297685383,0.0,1.0,0.0,0.9804841750435145
4568,1767151412368,0.0,0.0,0.0,0.0,-44.28597357734027,0.0,0.0,hard,False,False,43.9952297685383,0.0,1.0,0.0,0.9804841750435145
4569,1767151412401,0.0,0.0,0.0,0.0,-44.28597357734027,0.0,0.0,hard,False,False,43.9952297685383,0.0,1.0,0.0,0.9804841750435145
4570,1767151412437,0.0,0.0,0.0,0.0,-44.28597357734027,0.0,0.0,hard,False,False,43.9952297685383,0.0,1.0,0.0,0.9804841750435145
4571,1767151412468,0.0,0.0,0.0,0.0,-44.28597357734027,0.0,0.0,hard,False,False,43.9952297685383,0.0,1.0,0.0,0.9804841750435145
4572,1767151412501,0.0,0.0,0.0,0.0,-44.28597357734027,0.0,0.0,hard,False,False,43.9952297685383,0.0,1.0,0.0,0.9804841750435145
4573,1767151412534,0.0,0.0,0.0,0.0,-44.28597357734027,0.0,0.0,hard,False,False,43.9952297685383,0.0,1.0,0.0,0.9804841750435145
4574,1767151412568,0.0,0.0,0.0,0.0,-44.28597357734027,0.0,0.0,hard,False,False,43.9952297685383,0.0,1.0,0.0,0.9804841750435145
4575,1767151412601,0.0,0.0,0.0,0.0,-44.28597357734027,0.0,0.0,hard,False,False,43.9952297685383,0.0,1.0,0.0,0.9804841750435145
4576,1767151412635,0.0,0.0,0.0,0.0,-44.28597357734027,0.0,0.0,hard,False,False,43.9952297685383,0.0,1.0,0.0,0.9804841750435145
4577,1767151412674,0.0,0.0,0.0,0.0,-44.28597357734027,0.0,0.0,hard,False,False,43.9952297685383,0.0,1.0,0.0,0.9804841750435145
4578,1767151412701,0.0,0.0,0.0,0.0,-44.28597357734027,0.0,0.0,hard,False,False,43.9952297685383,0.0,1.0,0.0,0.9804841750435145
4579,1767151412734,0.0,0.0,0.0,0.0,-44.28597357734027,0.0,0.0,hard,False,False,43.9952297685383,0.0,1.0,0.0,0.9804841750435145
4580,1767151412769,0.0,0.0,0.0,0.0,-44.28597357734027,0.0,0.0,hard,False,False,43.9952297685383,0.0,1.0,0.0,0.9804841750435145
4581,1767151412801,0.0,0.0,0.0,0.0,-44.28597357734027,0.0,0.0,hard,False,False,43.9952297685383,0.0,1.0,0.0,0.9804841750435145
4582,1767151412835,0.0,0.0,0.0,0.0,-44.28597357734027,0.0,0.0,hard,False,False,43.9952297685383,0.0,1.0,0.0,0.9804841750435145
4583,1767151412868,0.0,0.0,0.0,0.0,-44.28597357734027,0.0,0.0,hard,False,False,43.9952297685383,0.0,1.0,0.0,0.9804841750435145
4584,1767151412901,0.0,0.0,0.0,0.0,-44.28597357734027,0.0,0.0,hard,False,False,43.9952297685383,0.0,1.0,0.0,0.9804841750435145
4585,1767151412934,0.0,0.0,0.0,0.0,-44.28597357734027,0.0,0.0,hard,False,False,43.9952297685383,0.0,1.0,0.0,0.9804841750435145
4586,1767151412968,0.0,0.0,0.0,0.0,-44.28597357734027,0.0,0.0,hard,False,False,43.9952297685383,0.0,1.0,0.0,0.9804841750435145
4587,1767151413002,0.0,0.0,0.0,0.0,-44.28597357734027,0.0,0.0,hard,False,False,43.9952297685383,0.0,1.0,0.0,0.9804841750435145
4588,1767151413036,0.0,0.0,0.0,0.0,-44.28597357734027,0.0,0.0,hard,False,False,43.9952297685383,0.0,1.0,0.0,0.9804841750435145
4589,1767151413068,0.0,0.0,0.0,0.0,-44.28597357734027,0.0,0.0,hard,False,False,43.9952297685383,0.0,1.0,0.0,0.9804841750435145
4590,1767151413101,0.0,0.0,0.0,0.0,-44.28597357734027,0.0,0.0,hard,False,False,43.9952297685383,0.0,1.0,0.0,0.9804841750435145
4591,1767151413136,0.0,0.0,0.0,0.0,-44.28597357734027,0.0,0.0,hard,False,False,43.9952297685383,0.0,1.0,0.0,0.9804841750435145
4592,1767151413168,0.0,0.0,0.0,0.0,-44.28597357734027,0.0,0.0,hard,False,False,43.9952297685383,0.0,1.0,0.0,0.9804841750435145
4593,1767151413201,0.0,0.0,0.0,0.0,-44.28597357734027,0.0,0.0,hard,False,False,43.9952297685383,0.0,1.0,0.0,0.9804841750435145
4594,1767151413235,0.0,0.0,0.0,0.0,-44.28597357734027,0.0,0.0,hard,False,False,43.9952297685383,0.0,1.0,0.0,0.9804841750435145
4595,1767151413268,0.0,0.0,0.0,0.0,-44.28597357734027,0.0,0.0,hard,False,False,43.9952297685383,0.0,1.0,0.0,0.9804841750435145
4596,1767151413302,0.0,0.0,0.0,0.0,-44.28597357734027,0.0,0.0,hard,False,False,43.9952297685383,0.0,1.0,0.0,0.9804841750435145
4597,1767151413334,0.0,0.0,0.0,0.0,-44.28597357734027,0.0,0.0,hard,False,False,43.9952297685383,0.0,1.0,0.0,0.9804841750435145
4598,1767151413369,0.0,0.0,0.0,0.0,-44.28597357734027,0.0,0.0,hard,False,False,43.9952297685383,0.0,1.0,0.0,0.9804841750435145
4599,1767151413401,0.0,0.0,0.0,0.0,-44.28597357734027,0.0,0.0,hard,False,False,43.9952297685383,0.0,1.0,0.0,0.9804841750435145
4600,1767151413435,0.0,0.0,0.0,0.0,-44.28597357734027,0.0,0.0,hard,False,False,43.9952297685383,0.0,1.0,0.0,0.9804841750435145
4601,1767151413468,0.0,0.0,0.0,0.0,-44.28597357734027,0.0,0.0,hard,False,False,43.9952297685383,0.0,1.0,0.0,0.9804841750435145
4602,1767151413501,0.0,0.0,0.0,0.0,-44.28597357734027,0.0,0.0,hard,False,False,43.9952297685383,0.0,1.0,0.0,0.9804841750435145
4603,1767151413541,0.0,0.0,0.0,0.0,-44.28597357734027,0.0,0.0,hard,False,False,43.9952297685383,0.0,1.0,0.0,0.9804841750435145
4604,1767151413568,0.0,0.0,0.0,0.0,-44.28597357734027,0.0,0.0,hard,False,False,43.9952297685383,0.0,1.0,0.0,0.9804841750435145
4605,1767151413602,0.0,0.0,0.0,0.0,-44.28597357734027,0.0,0.0,hard,False,False,43.9952297685383,0.0,1.0,0.0,0.9804841750435145
4606,1767151413635,0.0,0.0,0.0,0.0,-44.28597357734027,0.0,0.0,hard,False,False,43.9952297685383,0.0,1.0,0.0,0.9804841750435145
4607,1767151413669,0.0,0.0,0.0,0.0,-44.28597357734027,0.0,0.0,hard,False,False,43.9952297685383,0.0,1.0,0.0,0.9804841750435145
4608,1767151413701,0.0,0.0,0.0,0.0,-44.28597357734027,0.0,0.0,hard,False,False,43.9952297685383,0.0,1.0,0.0,0.9804841750435145
4609,1767151413737,0.0,0.0,0.0,0.0,-44.28597357734027,0.0,0.0,hard,False,False,43.9952297685383,0.0,1.0,0.0,0.9804841750435145
4610,1767151413768,0.0,0.0,0.0,0.0,-44.28597357734027,0.0,0.0,hard,False,False,43.9952297685383,0.0,1.0,0.0,0.9804841750435145
4611,1767151413802,0.0,0.0,0.0,0.0,-44.28597357734027,0.0,0.0,hard,False,False,43.9952297685383,0.0,1.0,0.0,0.9804841750435145
4612,1767151413835,0.0,0.0,0.0,0.0,-44.28597357734027,0.0,0.0,hard,False,False,43.9952297685383,0.0,1.0,0.0,0.9804841750435145
4613,1767151413868,0.0,0.0,0.0,0.0,-44.28597357734027,0.0,0.0,hard,False,False,43.9952297685383,0.0,1.0,0.0,0.9804841750435145
4614,1767151413901,0.0,0.0,0.0,0.0,-44.28597357734027,0.0,0.0,hard,False,False,43.9952297685383,0.0,1.0,0.0,0.9804841750435145
4615,1767151413935,0.0,0.0,0.0,0.0,-44.28597357734027,0.0,0.0,hard,False,False,43.9952297685383,0.0,1.0,0.0,0.9804841750435145
4616,1767151413968,0.0,0.0,0.0,0.0,-44.28597357734027,0.0,0.0,hard,False,False,43.9952297685383,0.0,1.0,0.0,0.9804841750435145
4617,1767151414001,0.0,0.0,0.0,0.0,-44.28597357734027,0.0,0.0,hard,False,False,43.9952297685383,0.0,1.0,0.0,0.9804841750435145
4618,1767151414035,0.0,0.0,0.0,0.0,-44.28597357734027,0.0,0.0,hard,False,False,43.9952297685383,0.0,1.0,0.0,0.9804841750435145
4619,1767151414072,0.0,0.0,0.0,0.0,-44.28597357734027,0.0,0.0,hard,False,False,43.9952297685383,0.0,1.0,0.0,0.9804841750435145
4620,1767151414102,0.0,0.0,0.0,0.0,-44.28597357734027,0.0,0.0,hard,False,False,43.9952297685383,0.0,1.0,0.0,0.9804841750435145
4621,1767151414134,0.0,0.0,0.0,0.0,-44.28597357734027,0.0,0.0,hard,False,False,43.9952297685383,0.0,1.0,0.0,0.9804841750435145
4622,1767151414168,0.0,0.0,0.0,0.0,-44.28597357734027,0.0,0.0,hard,False,False,43.9952297685383,0.0,1.0,0.0,0.9804841750435145
4623,1767151414206,0.0,0.0,0.0,0.0,-44.28597357734027,0.0,0.0,hard,False,False,43.9952297685383,0.0,1.0,0.0,0.9804841750435145
4624,1767151414235,0.0,0.0,0.0,0.0,-44.28597357734027,0.0,0.0,hard,False,False,43.9952297685383,0.0,1.0,0.0,0.9804841750435145
4625,1767151414268,0.0,0.0,0.0,0.0,-44.28597357734027,0.0,0.0,hard,False,False,43.9952297685383,0.0,1.0,0.0,0.9804841750435145
4626,1767151414308,0.0,0.0,0.0,0.0,-44.28597357734027,0.0,0.0,hard,False,False,43.9952297685383,0.0,1.0,0.0,0.9804841750435145
4627,1767151414334,0.0,0.0,0.0,0.0,-44.28597357734027,0.0,0.0,hard,False,False,43.9952297685383,0.0,1.0,0.0,0.9804841750435145
4628,1767151414368,0.0,0.0,0.0,0.0,-44.28597357734027,0.0,0.0,hard,False,False,43.9952297685383,0.0,1.0,0.0,0.9804841750435145
4629,1767151414402,0.0,0.0,0.0,0.0,-44.28597357734027,0.0,0.0,hard,False,False,43.9952297685383,0.0,1.0,0.0,0.9804841750435145
4630,1767151414434,0.0,0.0,0.0,0.0,-44.28597357734027,0.0,0.0,hard,False,False,43.9952297685383,0.0,1.0,0.0,0.9804841750435145
4631,1767151414468,0.0,0.0,0.0,0.0,-44.28597357734027,0.0,0.0,hard,False,False,43.9952297685383,0.0,1.0,0.0,0.9804841750435145
4632,1767151414501,0.0,0.0,0.0,0.0,-44.28597357734027,0.0,0.0,hard,False,False,43.9952297685383,0.0,1.0,0.0,0.9804841750435145
4633,1767151414537,0.0,0.0,0.0,0.0,-44.28597357734027,0.0,0.0,hard,False,False,43.9952297685383,0.0,1.0,0.0,0.9804841750435145
4634,1767151414568,0.0,0.0,0.0,0.0,-44.28597357734027,0.0,0.0,hard,False,False,43.9952297685383,0.0,1.0,0.0,0.9804841750435145
4635,1767151414601,0.0,0.0,0.0,0.0,-44.28597357734027,0.0,0.0,hard,False,False,43.9952297685383,0.0,1.0,0.0,0.9804841750435145
4636,1767151414636,0.0,0.0,0.0,0.0,-44.28597357734027,0.0,0.0,hard,False,False,43.9952297685383,0.0,1.0,0.0,0.9804841750435145
4637,1767151414669,0.0,0.0,0.0,0.0,-44.28597357734027,0.0,0.0,hard,False,False,43.9952297685383,0.0,1.0,0.0,0.9804841750435145
4638,1767151414701,0.0,0.0,0.0,0.0,-44.28597357734027,0.0,0.0,hard,False,False,43.9952297685383,0.0,1.0,0.0,0.9804841750435145
4639,1767151414735,0.0,0.0,0.0,0.0,-44.28597357734027,0.0,0.0,hard,False,False,43.9952297685383,0.0,1.0,0.0,0.9804841750435145
4640,1767151414768,0.0,0.0,0.0,0.0,-44.28597357734027,0.0,0.0,hard,False,False,43.9952297685383,0.0,1.0,0.0,0.9804841750435145
4641,1767151414801,0.0,0.0,0.0,0.0,-44.28597357734027,0.0,0.0,hard,False,False,43.9952297685383,0.0,1.0,0.0,0.9804841750435145
4642,1767151414835,0.0,0.0,0.0,0.0,-44.28597357734027,0.0,0.0,hard,False,False,43.9952297685383,0.0,1.0,0.0,0.9804841750435145
4643,1767151414868,0.0,0.0,0.0,0.0,-44.28597357734027,0.0,0.0,hard,False,False,43.9952297685383,0.0,1.0,0.0,0.9804841750435145
4644,1767151414902,0.0,0.0,0.0,0.0,-44.28597357734027,0.0,0.0,hard,False,False,43.9952297685383,0.0,1.0,0.0,0.9804841750435145
4645,1767151414935,0.0,0.0,0.0,0.0,-44.28597357734027,0.0,0.0,hard,False,False,43.9952297685383,0.0,1.0,0.0,0.9804841750435145
4646,1767151414968,0.0,0.0,0.0,0.0,-44.28597357734027,0.0,0.0,hard,False,False,43.9952297685383,0.0,1.0,0.0,0.9804841750435145
4647,1767151415002,0.0,0.0,0.0,0.0,-44.28597357734027,0.0,0.0,hard,False,False,43.9952297685383,0.0,1.0,0.0,0.9804841750435145
4648,1767151415035,0.0,0.0,0.0,0.0,-44.28597357734027,0.0,0.0,hard,False,False,43.9952297685383,0.0,1.0,0.0,0.9804841750435145
4649,1767151415068,0.0,0.0,0.0,0.0,-44.28597357734027,0.0,0.0,hard,False,False,43.9952297685383,0.0,1.0,0.0,0.9804841750435145
4650,1767151415102,0.0,0.0,0.0,0.0,-44.28597357734027,0.0,0.0,hard,False,False,43.9952297685383,0.0,1.0,0.0,0.9804841750435145
4651,1767151415137,0.0,0.0,0.0,0.0,-44.28597357734027,0.0,0.0,hard,False,False,43.9952297685383,0.0,1.0,0.0,0.9804841750435145
4652,1767151415168,0.0,0.0,0.0,0.0,-44.28597357734027,0.0,0.0,hard,False,False,43.9952297685383,0.0,1.0,0.0,0.9804841750435145
4653,1767151415202,0.0,0.0,0.0,0.0,-44.28597357734027,0.0,0.0,hard,False,False,43.9952297685383,0.0,1.0,0.0,0.9804841750435145
4654,1767151415235,0.0,0.0,0.0,0.0,-44.28597357734027,0.0,0.0,hard,False,False,43.9952297685383,0.0,1.0,0.0,0.9804841750435145
4655,1767151415268,0.0,0.0,0.0,0.0,-44.28597357734027,0.0,0.0,hard,False,False,43.9952297685383,0.0,1.0,0.0,0.9804841750435145
4656,1767151415301,0.0,0.0,0.0,0.0,-44.28597357734027,0.0,0.0,hard,False,False,43.9952297685383,0.0,1.0,0.0,0.9804841750435145
4657,1767151415488,0.0,0.0,0.0,0.0,-44.28597357734027,0.0,0.0,hard,False,False,43.9952297685383,0.0,1.0,0.0,0.9804841750435145
4658,1767151415510,0.0,0.0,0.0,0.0,-44.28597357734027,0.0,0.0,hard,False,False,43.9952297685383,0.0,1.0,0.0,0.9804841750435145
4659,1767151415541,0.0,0.0,0.0,0.0,-44.28597357734027,0.0,0.0,hard,False,False,43.9952297685383,0.0,1.0,0.0,0.9804841750435145
4660,1767151415563,0.0,0.0,0.0,0.0,-44.28597357734027,0.0,0.0,hard,False,False,43.9952297685383,0.0,1.0,0.0,0.9804841750435145
4661,1767151415586,0.0,0.0,0.0,0.0,-44.28597357734027,0.0,0.0,hard,False,False,43.9952297685383,0.0,1.0,0.0,0.9804841750435145
4662,1767151415606,0.0,0.0,0.0,0.0,-44.28597357734027,0.0,0.0,hard,False,False,43.9952297685383,0.0,1.0,0.0,0.9804841750435145
4663,1767151415632,0.0,0.0,0.0,0.0,-44.28597357734027,0.0,0.0,hard,False,False,43.9952297685383,0.0,1.0,0.0,0.9804841750435145
4664,1767151415654,0.0,0.0,0.0,0.0,-44.28597357734027,0.0,0.0,hard,False,False,43.9952297685383,0.0,1.0,0.0,0.9804841750435145
4665,1767151415681,0.0,0.0,0.0,0.0,-44.28597357734027,0.0,0.0,hard,False,False,43.9952297685383,0.0,1.0,0.0,0.9804841750435145
4666,1767151415705,0.0,0.0,0.0,0.0,-44.28597357734027,0.0,0.0,hard,False,False,43.9952297685383,0.0,1.0,0.0,0.9804841750435145
4667,1767151415735,0.0,0.0,0.0,0.0,-44.28597357734027,0.0,0.0,hard,False,False,43.9952297685383,0.0,1.0,0.0,0.9804841750435145
4668,1767151415768,0.0,0.0,0.0,0.0,-44.28597357734027,0.0,0.0,hard,False,False,43.9952297685383,0.0,1.0,0.0,0.9804841750435145
4669,1767151415801,0.0,0.0,0.0,0.0,-44.28597357734027,0.0,0.0,hard,False,False,43.9952297685383,0.0,1.0,0.0,0.9804841750435145
4670,1767151415835,0.0,0.0,0.0,0.0,-44.28597357734027,0.0,0.0,hard,False,False,43.9952297685383,0.0,1.0,0.0,0.9804841750435145
4671,1767151415946,0.0,0.0,0.0,0.0,-44.28597357734027,0.0,0.0,hard,False,False,43.9952297685383,0.0,1.0,0.0,0.9804841750435145
4672,1767151415974,0.0,0.0,0.0,0.0,-44.28597357734027,0.0,0.0,hard,False,False,43.9952297685383,0.0,1.0,0.0,0.9804841750435145
4673,1767151415995,0.0,0.0,0.0,0.0,-44.28597357734027,0.0,0.0,hard,False,False,43.9952297685383,0.0,1.0,0.0,0.9804841750435145
4674,1767151416017,0.0,0.0,0.0,0.0,-44.28597357734027,0.0,0.0,hard,False,False,43.9952297685383,0.0,1.0,0.0,0.9804841750435145
4675,1767151416040,0.0,0.0,0.0,0.0,-44.28597357734027,0.0,0.0,hard,False,False,43.9952297685383,0.0,1.0,0.0,0.9804841750435145
4676,1767151416060,0.0,0.0,0.0,0.0,-44.28597357734027,0.0,0.0,hard,False,False,43.9952297685383,0.0,1.0,0.0,0.9804841750435145
4677,1767151416083,0.0,0.0,0.0,0.0,-44.28597357734027,0.0,0.0,hard,False,False,43.9952297685383,0.0,1.0,0.0,0.9804841750435145
4678,1767151416105,0.0,0.0,0.0,0.0,-44.28597357734027,0.0,0.0,hard,False,False,43.9952297685383,0.0,1.0,0.0,0.9804841750435145
4679,1767151416137,0.0,0.0,0.0,0.0,-44.28597357734027,0.0,0.0,hard,False,False,43.9952297685383,0.0,1.0,0.0,0.9804841750435145
4680,1767151416168,0.0,0.0,0.0,0.0,-44.28597357734027,0.0,0.0,hard,False,False,43.9952297685383,0.0,1.0,0.0,0.9804841750435145
4681,1767151416201,0.0,0.0,0.0,0.0,-44.28597357734027,0.0,0.0,hard,False,False,43.9952297685383,0.0,1.0,0.0,0.9804841750435145
4682,1767151416235,0.0,0.0,0.0,0.0,-44.28597357734027,0.0,0.0,hard,False,False,43.9952297685383,0.0,1.0,0.0,0.9804841750435145
4683,1767151416268,0.0,0.0,0.0,0.0,-44.28597357734027,0.0,0.0,hard,False,False,43.9952297685383,0.0,1.0,0.0,0.9804841750435145
4684,1767151416301,0.0,0.0,0.0,0.0,-44.28597357734027,0.0,0.0,hard,False,False,43.9952297685383,0.0,1.0,0.0,0.9804841750435145
4685,1767151416336,0.0,0.0,0.0,0.0,-44.28597357734027,0.0,0.0,hard,False,False,43.9952297685383,0.0,1.0,0.0,0.9804841750435145
4686,1767151416368,0.0,0.0,0.0,0.0,-44.28597357734027,0.0,0.0,hard,False,False,43.9952297685383,0.0,1.0,0.0,0.9804841750435145
4687,1767151416403,0.0,0.0,0.0,0.0,-44.28597357734027,0.0,0.0,hard,False,False,43.9952297685383,0.0,1.0,0.0,0.9804841750435145
4688,1767151416435,0.0,0.0,0.0,0.0,-44.28597357734027,0.0,0.0,hard,False,False,43.9952297685383,0.0,1.0,0.0,0.9804841750435145
4689,1767151416468,0.0,0.0,0.0,0.0,-44.28597357734027,0.0,0.0,hard,False,False,43.9952297685383,0.0,1.0,0.0,0.9804841750435145
4690,1767151416501,0.0,0.0,0.0,0.0,-44.28597357734027,0.0,0.0,hard,False,False,43.9952297685383,0.0,1.0,0.0,0.9804841750435145
4691,1767151416535,0.0,0.0,0.0,0.0,-44.28597357734027,0.0,0.0,hard,False,False,43.9952297685383,0.0,1.0,0.0,0.9804841750435145
4692,1767151416568,0.0,0.0,0.0,0.0,-44.28597357734027,0.0,0.0,hard,False,False,43.9952297685383,0.0,1.0,0.0,0.9804841750435145
4693,1767151416606,0.0,0.0,0.0,0.0,-44.28597357734027,0.0,0.0,hard,False,False,43.9952297685383,0.0,1.0,0.0,0.9804841750435145
4694,1767151416635,0.0,0.0,0.0,0.0,-44.28597357734027,0.0,0.0,hard,False,False,43.9952297685383,0.0,1.0,0.0,0.9804841750435145
4695,1767151416668,0.0,0.0,0.0,0.0,-44.28597357734027,0.0,0.0,hard,False,False,43.9952297685383,0.0,1.0,0.0,0.9804841750435145
4696,1767151416702,0.0,0.0,0.0,0.0,-44.28597357734027,0.0,0.0,hard,False,False,43.9952297685383,0.0,1.0,0.0,0.9804841750435145
4697,1767151416735,0.0,0.0,0.0,0.0,-44.28597357734027,0.0,0.0,hard,False,False,43.9952297685383,0.0,1.0,0.0,0.9804841750435145
4698,1767151416768,0.0,0.0,0.0,0.0,-44.28597357734027,0.0,0.0,hard,False,False,43.9952297685383,0.0,1.0,0.0,0.9804841750435145
4699,1767151416801,0.0,0.0,0.0,0.0,-44.28597357734027,0.0,0.0,hard,False,False,43.9952297685383,0.0,1.0,0.0,0.9804841750435145
4700,1767151416838,0.0,0.0,0.0,0.0,-44.28597357734027,0.0,0.0,hard,False,False,43.9952297685383,0.0,1.0,0.0,0.9804841750435145
4701,1767151416868,0.0,0.0,0.0,0.0,-44.28597357734027,0.0,0.0,hard,False,False,43.9952297685383,0.0,1.0,0.0,0.9804841750435145
4702,1767151416903,0.0,0.0,0.0,0.0,-44.28597357734027,0.0,0.0,hard,False,False,43.9952297685383,0.0,1.0,0.0,0.9804841750435145
4703,1767151416934,0.0,0.0,0.0,0.0,-44.28597357734027,0.0,0.0,hard,False,False,43.9952297685383,0.0,1.0,0.0,0.9804841750435145
4704,1767151416973,0.0,0.0,0.0,0.0,-44.28597357734027,0.0,0.0,hard,False,False,43.9952297685383,0.0,1.0,0.0,0.9804841750435145
4705,1767151417001,0.0,0.0,0.0,0.0,-44.28597357734027,0.0,0.0,hard,False,False,43.9952297685383,0.0,1.0,0.0,0.9804841750435145
4706,1767151417036,0.0,0.0,0.0,0.0,-44.28597357734027,0.0,0.0,hard,False,False,43.9952297685383,0.0,1.0,0.0,0.9804841750435145
4707,1767151417068,0.0,0.0,0.0,0.0,-44.28597357734027,0.0,0.0,hard,False,False,43.9952297685383,0.0,1.0,0.0,0.9804841750435145
4708,1767151417101,0.0,0.0,0.0,0.0,-44.28597357734027,0.0,0.0,hard,False,False,43.9952297685383,0.0,1.0,0.0,0.9804841750435145
4709,1767151417135,0.0,0.0,0.0,0.0,-44.28597357734027,0.0,0.0,hard,False,False,43.9952297685383,0.0,1.0,0.0,0.9804841750435145
4710,1767151417168,0.0,0.0,0.0,0.0,-44.28597357734027,0.0,0.0,hard,False,False,43.9952297685383,0.0,1.0,0.0,0.9804841750435145
4711,1767151417201,0.0,0.0,0.0,0.0,-44.28597357734027,0.0,0.0,hard,False,False,43.9952297685383,0.0,1.0,0.0,0.9804841750435145
4712,1767151417235,0.0,0.0,0.0,0.0,-44.28597357734027,0.0,0.0,hard,False,False,43.9952297685383,0.0,1.0,0.0,0.9804841750435145
4713,1767151417268,0.0,0.0,0.0,0.0,-44.28597357734027,0.0,0.0,hard,False,False,43.9952297685383,0.0,1.0,0.0,0.9804841750435145
4714,1767151417301,0.0,0.0,0.0,0.0,-44.28597357734027,0.0,0.0,hard,False,False,43.9952297685383,0.0,1.0,0.0,0.9804841750435145
4715,1767151417335,0.0,0.0,0.0,0.0,-44.28597357734027,0.0,0.0,hard,False,False,43.9952297685383,0.0,1.0,0.0,0.9804841750435145
4716,1767151417369,0.0,0.0,0.0,0.0,-44.28597357734027,0.0,0.0,hard,False,False,43.9952297685383,0.0,1.0,0.0,0.9804841750435145
4717,1767151417401,0.0,0.0,0.0,0.0,-44.28597357734027,0.0,0.0,hard,False,False,43.9952297685383,0.0,1.0,0.0,0.9804841750435145
4718,1767151417435,0.0,0.0,0.0,0.0,-44.28597357734027,0.0,0.0,hard,False,False,43.9952297685383,0.0,1.0,0.0,0.9804841750435145
4719,1767151417468,0.0,0.0,0.0,0.0,-44.28597357734027,0.0,0.0,hard,False,False,43.9952297685383,0.0,1.0,0.0,0.9804841750435145
4720,1767151417502,0.0,0.0,0.0,0.0,-44.28597357734027,0.0,0.0,hard,False,False,43.9952297685383,0.0,1.0,0.0,0.9804841750435145
4721,1767151417535,0.0,0.0,0.0,0.0,-44.28597357734027,0.0,0.0,hard,False,False,43.9952297685383,0.0,1.0,0.0,0.9804841750435145
4722,1767151417573,0.0,0.0,0.0,0.0,-44.28597357734027,0.0,0.0,hard,False,False,43.9952297685383,0.0,1.0,0.0,0.9804841750435145
4723,1767151417602,0.0,0.0,0.0,0.0,-44.28597357734027,0.0,0.0,hard,False,False,43.9952297685383,0.0,1.0,0.0,0.9804841750435145
4724,1767151417635,0.0,0.0,0.0,0.0,-44.28597357734027,0.0,0.0,hard,False,False,43.9952297685383,0.0,1.0,0.0,0.9804841750435145
4725,1767151417668,0.0,0.0,0.0,0.0,-44.28597357734027,0.0,0.0,hard,False,False,43.9952297685383,0.0,1.0,0.0,0.9804841750435145
4726,1767151417702,0.0,0.0,0.0,0.0,-44.28597357734027,0.0,0.0,hard,False,False,43.9952297685383,0.0,1.0,0.0,0.9804841750435145
4727,1767151417735,0.0,0.0,0.0,0.0,-44.28597357734027,0.0,0.0,hard,False,False,43.9952297685383,0.0,1.0,0.0,0.9804841750435145
4728,1767151417768,0.0,0.0,0.0,0.0,-44.28597357734027,0.0,0.0,hard,False,False,43.9952297685383,0.0,1.0,0.0,0.9804841750435145
4729,1767151417801,0.0,0.0,0.0,0.0,-44.28597357734027,0.0,0.0,hard,False,False,43.9952297685383,0.0,1.0,0.0,0.9804841750435145
4730,1767151417835,0.0,0.0,0.0,0.0,-44.28597357734027,0.0,0.0,hard,False,False,43.9952297685383,0.0,1.0,0.0,0.9804841750435145
4731,1767151417868,0.0,0.0,0.0,0.0,-44.28597357734027,0.0,0.0,hard,False,False,43.9952297685383,0.0,1.0,0.0,0.9804841750435145
4732,1767151417901,0.0,0.0,0.0,0.0,-44.28597357734027,0.0,0.0,hard,False,False,43.9952297685383,0.0,1.0,0.0,0.9804841750435145
4733,1767151417935,0.0,0.0,0.0,0.0,-44.28597357734027,0.0,0.0,hard,False,False,43.9952297685383,0.0,1.0,0.0,0.9804841750435145
4734,1767151417968,0.0,0.0,0.0,0.0,-44.28597357734027,0.0,0.0,hard,False,False,43.9952297685383,0.0,1.0,0.0,0.9804841750435145
4735,1767151418001,0.0,0.0,0.0,0.0,-44.28597357734027,0.0,0.0,hard,False,False,43.9952297685383,0.0,1.0,0.0,0.9804841750435145
4736,1767151418040,0.0,0.0,0.0,0.0,-44.28597357734027,0.0,0.0,hard,False,False,43.9952297685383,0.0,1.0,0.0,0.9804841750435145
4737,1767151418068,0.0,0.0,0.0,0.0,-44.28597357734027,0.0,0.0,hard,False,False,43.9952297685383,0.0,1.0,0.0,0.9804841750435145
4738,1767151418102,0.0,0.0,0.0,0.0,-44.28597357734027,0.0,0.0,hard,False,False,43.9952297685383,0.0,1.0,0.0,0.9804841750435145
4739,1767151418135,0.0,0.0,0.0,0.0,-44.28597357734027,0.0,0.0,hard,False,False,43.9952297685383,0.0,1.0,0.0,0.9804841750435145
4740,1767151418168,0.0,0.0,0.0,0.0,-44.28597357734027,0.0,0.0,hard,False,False,43.9952297685383,0.0,1.0,0.0,0.9804841750435145
4741,1767151418203,0.0,0.0,0.0,0.0,-44.28597357734027,0.0,0.0,hard,False,False,43.9952297685383,0.0,1.0,0.0,0.9804841750435145
4742,1767151418235,0.0,0.0,0.0,0.0,-44.28597357734027,0.0,0.0,hard,False,False,43.9952297685383,0.0,1.0,0.0,0.9804841750435145
4743,1767151418268,0.0,0.0,0.0,0.0,-44.28597357734027,0.0,0.0,hard,False,False,43.9952297685383,0.0,1.0,0.0,0.9804841750435145
4744,1767151418302,0.0,0.0,0.0,0.0,-44.28597357734027,0.0,0.0,hard,False,False,43.9952297685383,0.0,1.0,0.0,0.9804841750435145
4745,1767151418335,0.0,0.0,0.0,0.0,-44.28597357734027,0.0,0.0,hard,False,False,43.9952297685383,0.0,1.0,0.0,0.9804841750435145
4746,1767151418368,0.0,0.0,0.0,0.0,-44.28597357734027,0.0,0.0,hard,False,False,43.9952297685383,0.0,1.0,0.0,0.9804841750435145
4747,1767151418404,0.0,0.0,0.0,0.0,-44.28597357734027,0.0,0.0,hard,False,False,43.9952297685383,0.0,1.0,0.0,0.9804841750435145
4748,1767151418435,0.0,0.0,0.0,0.0,-44.28597357734027,0.0,0.0,hard,False,False,43.9952297685383,0.0,1.0,0.0,0.9804841750435145
4749,1767151418468,0.0,0.0,0.0,0.0,-44.28597357734027,0.0,0.0,hard,False,False,43.9952297685383,0.0,1.0,0.0,0.9804841750435145
4750,1767151418502,0.0,0.0,0.0,0.0,-44.28597357734027,0.0,0.0,hard,False,False,43.9952297685383,0.0,1.0,0.0,0.9804841750435145
4751,1767151418535,0.0,0.0,0.0,0.0,-44.28597357734027,0.0,0.0,hard,False,False,43.9952297685383,0.0,1.0,0.0,0.9804841750435145
4752,1767151418568,0.0,0.0,0.0,0.0,-44.28597357734027,0.0,0.0,hard,False,False,43.9952297685383,0.0,1.0,0.0,0.9804841750435145
4753,1767151418601,0.0,0.0,0.0,0.0,-44.28597357734027,0.0,0.0,hard,False,False,43.9952297685383,0.0,1.0,0.0,0.9804841750435145
4754,1767151418635,0.0,0.0,0.0,0.0,-44.28597357734027,0.0,0.0,hard,False,False,43.9952297685383,0.0,1.0,0.0,0.9804841750435145
4755,1767151418668,0.0,0.0,0.0,0.0,-44.28597357734027,0.0,0.0,hard,False,False,43.9952297685383,0.0,1.0,0.0,0.9804841750435145
4756,1767151418705,0.0,0.0,0.0,0.0,-44.28597357734027,0.0,0.0,hard,False,False,43.9952297685383,0.0,1.0,0.0,0.9804841750435145
4757,1767151418735,0.0,0.0,0.0,0.0,-44.28597357734027,0.0,0.0,hard,False,False,43.9952297685383,0.0,1.0,0.0,0.9804841750435145
4758,1767151418768,0.0,0.0,0.0,0.0,-44.28597357734027,0.0,0.0,hard,False,False,43.9952297685383,0.0,1.0,0.0,0.9804841750435145
4759,1767151418804,0.0,0.0,0.0,0.0,-44.28597357734027,0.0,0.0,hard,False,False,43.9952297685383,0.0,1.0,0.0,0.9804841750435145
4760,1767151418839,0.0,0.0,0.0,0.0,-44.28597357734027,0.0,0.0,hard,False,False,43.9952297685383,0.0,1.0,0.0,0.9804841750435145
4761,1767151418868,0.0,0.0,0.0,0.0,-44.28597357734027,0.0,0.0,hard,False,False,43.9952297685383,0.0,1.0,0.0,0.9804841750435145
4762,1767151418907,0.0,0.0,0.0,0.0,-44.28597357734027,0.0,0.0,hard,False,False,43.9952297685383,0.0,1.0,0.0,0.9804841750435145
4763,1767151418935,0.0,0.0,0.0,0.0,-44.28597357734027,0.0,0.0,hard,False,False,43.9952297685383,0.0,1.0,0.0,0.9804841750435145
4764,1767151418968,0.0,0.0,0.0,0.0,-44.28597357734027,0.0,0.0,hard,False,False,43.9952297685383,0.0,1.0,0.0,0.9804841750435145
4765,1767151419003,0.0,0.0,0.0,0.0,-44.28597357734027,0.0,0.0,hard,False,False,43.9952297685383,0.0,1.0,0.0,0.9804841750435145
4766,1767151419035,0.0,0.0,0.0,0.0,-44.28597357734027,0.0,0.0,hard,False,False,43.9952297685383,0.0,1.0,0.0,0.9804841750435145
4767,1767151419068,0.0,0.0,0.0,0.0,-44.28597357734027,0.0,0.0,hard,False,False,43.9952297685383,0.0,1.0,0.0,0.9804841750435145
4768,1767151419102,0.0,0.0,0.0,0.0,-44.28597357734027,0.0,0.0,hard,False,False,43.9952297685383,0.0,1.0,0.0,0.9804841750435145
4769,1767151419135,0.0,0.0,0.0,0.0,-44.28597357734027,0.0,0.0,hard,False,False,43.9952297685383,0.0,1.0,0.0,0.9804841750435145
4770,1767151419168,0.0,0.0,0.0,0.0,-44.28597357734027,0.0,0.0,hard,False,False,43.9952297685383,0.0,1.0,0.0,0.9804841750435145
4771,1767151419202,0.0,0.0,0.0,0.0,-44.28597357734027,0.0,0.0,hard,False,False,43.9952297685383,0.0,1.0,0.0,0.9804841750435145
4772,1767151419235,0.0,0.0,0.0,0.0,-44.28597357734027,0.0,0.0,hard,False,False,43.9952297685383,0.0,1.0,0.0,0.9804841750435145
4773,1767151419268,0.0,0.0,0.0,0.0,-44.28597357734027,0.0,0.0,hard,False,False,43.9952297685383,0.0,1.0,0.0,0.9804841750435145
4774,1767151419306,0.0,0.0,0.0,0.0,-44.28597357734027,0.0,0.0,hard,False,False,43.9952297685383,0.0,1.0,0.0,0.9804841750435145
4775,1767151419335,0.0,0.0,0.0,0.0,-44.28597357734027,0.0,0.0,hard,False,False,43.9952297685383,0.0,1.0,0.0,0.9804841750435145
4776,1767151419368,0.0,0.0,0.0,0.0,-44.28597357734027,0.0,0.0,hard,False,False,43.9952297685383,0.0,1.0,0.0,0.9804841750435145
4777,1767151419401,0.0,0.0,0.0,0.0,-44.28597357734027,0.0,0.0,hard,False,False,43.9952297685383,0.0,1.0,0.0,0.9804841750435145
4778,1767151419435,0.0,0.0,0.0,0.0,-44.28597357734027,0.0,0.0,hard,False,False,43.9952297685383,0.0,1.0,0.0,0.9804841750435145
4779,1767151419468,0.0,0.0,0.0,0.0,-44.28597357734027,0.0,0.0,hard,False,False,43.9952297685383,0.0,1.0,0.0,0.9804841750435145
4780,1767151419501,0.0,0.0,0.0,0.0,-44.28597357734027,0.0,0.0,hard,False,False,43.9952297685383,0.0,1.0,0.0,0.9804841750435145
4781,1767151419536,0.0,0.0,0.0,0.0,-44.28597357734027,0.0,0.0,hard,False,False,43.9952297685383,0.0,1.0,0.0,0.9804841750435145
4782,1767151419572,0.0,0.0,0.0,0.0,-44.28597357734027,0.0,0.0,hard,False,False,43.9952297685383,0.0,1.0,0.0,0.9804841750435145
4783,1767151419601,0.0,0.0,0.0,0.0,-44.28597357734027,0.0,0.0,hard,False,False,43.9952297685383,0.0,1.0,0.0,0.9804841750435145
4784,1767151419635,0.0,0.0,0.0,0.0,-44.28597357734027,0.0,0.0,hard,False,False,43.9952297685383,0.0,1.0,0.0,0.9804841750435145
4785,1767151419668,0.0,0.0,0.0,0.0,-44.28597357734027,0.0,0.0,hard,False,False,43.9952297685383,0.0,1.0,0.0,0.9804841750435145
4786,1767151419701,0.0,0.0,0.0,0.0,-44.28597357734027,0.0,0.0,hard,False,False,43.9952297685383,0.0,1.0,0.0,0.9804841750435145
4787,1767151419735,0.0,0.0,0.0,0.0,-44.28597357734027,0.0,0.0,hard,False,False,43.9952297685383,0.0,1.0,0.0,0.9804841750435145
4788,1767151419768,0.0,0.0,0.0,0.0,-44.28597357734027,0.0,0.0,hard,False,False,43.9952297685383,0.0,1.0,0.0,0.9804841750435145
4789,1767151419802,0.0,0.0,0.0,0.0,-44.28597357734027,0.0,0.0,hard,False,False,43.9952297685383,0.0,1.0,0.0,0.9804841750435145
4790,1767151419835,0.0,0.0,0.0,0.0,-44.28597357734027,0.0,0.0,hard,False,False,43.9952297685383,0.0,1.0,0.0,0.9804841750435145
4791,1767151419868,0.0,0.0,0.0,0.0,-44.28597357734027,0.0,0.0,hard,False,False,43.9952297685383,0.0,1.0,0.0,0.9804841750435145
4792,1767151419901,0.0,0.0,0.0,0.0,-44.28597357734027,0.0,0.0,hard,False,False,43.9952297685383,0.0,1.0,0.0,0.9804841750435145
4793,1767151419935,0.0,0.0,0.0,0.0,-44.28597357734027,0.0,0.0,hard,False,False,43.9952297685383,0.0,1.0,0.0,0.9804841750435145
4794,1767151419970,0.0,0.0,0.0,0.0,-44.28597357734027,0.0,0.0,hard,False,False,43.9952297685383,0.0,1.0,0.0,0.9804841750435145
4795,1767151420002,0.0,0.0,0.0,0.0,-44.28597357734027,0.0,0.0,hard,False,False,43.9952297685383,0.0,1.0,0.0,0.9804841750435145
4796,1767151420035,0.0,0.0,0.0,0.0,-44.28597357734027,0.0,0.0,hard,False,False,43.9952297685383,0.0,1.0,0.0,0.9804841750435145
4797,1767151420068,0.0,0.0,0.0,0.0,-44.28597357734027,0.0,0.0,hard,False,False,43.9952297685383,0.0,1.0,0.0,0.9804841750435145
4798,1767151420101,0.0,0.0,0.0,0.0,-44.28597357734027,0.0,0.0,hard,False,False,43.9952297685383,0.0,1.0,0.0,0.9804841750435145
4799,1767151420135,0.0,0.0,0.0,0.0,-44.28597357734027,0.0,0.0,hard,False,False,43.9952297685383,0.0,1.0,0.0,0.9804841750435145
4800,1767151420168,0.0,0.0,0.0,0.0,-44.28597357734027,0.0,0.0,hard,False,False,43.9952297685383,0.0,1.0,0.0,0.9804841750435145
4801,1767151420201,0.0,0.0,0.0,0.0,-44.28597357734027,0.0,0.0,hard,False,False,43.9952297685383,0.0,1.0,0.0,0.9804841750435145
4802,1767151420235,0.0,0.0,0.0,0.0,-44.28597357734027,0.0,0.0,hard,False,False,43.9952297685383,0.0,1.0,0.0,0.9804841750435145
4803,1767151420268,0.0,0.0,0.0,0.0,-44.28597357734027,0.0,0.0,hard,False,False,43.9952297685383,0.0,1.0,0.0,0.9804841750435145
4804,1767151420301,0.0,0.0,0.0,0.0,-44.28597357734027,0.0,0.0,hard,False,False,43.9952297685383,0.0,1.0,0.0,0.9804841750435145
4805,1767151420335,0.0,0.0,0.0,0.0,-44.28597357734027,0.0,0.0,hard,False,False,43.9952297685383,0.0,1.0,0.0,0.9804841750435145
4806,1767151420372,0.0,0.0,0.0,0.0,-44.28597357734027,0.0,0.0,hard,False,False,43.9952297685383,0.0,1.0,0.0,0.9804841750435145
4807,1767151420402,0.0,0.0,0.0,0.0,-44.28597357734027,0.0,0.0,hard,False,False,43.9952297685383,0.0,1.0,0.0,0.9804841750435145
4808,1767151420435,0.0,0.0,0.0,0.0,-44.28597357734027,0.0,0.0,hard,False,False,43.9952297685383,0.0,1.0,0.0,0.9804841750435145
4809,1767151420468,0.0,0.0,0.0,0.0,-44.28597357734027,0.0,0.0,hard,False,False,43.9952297685383,0.0,1.0,0.0,0.9804841750435145
4810,1767151420502,0.0,0.0,0.0,0.0,-44.28597357734027,0.0,0.0,hard,False,False,43.9952297685383,0.0,1.0,0.0,0.9804841750435145
4811,1767151420535,0.0,0.0,0.0,0.0,-44.28597357734027,0.0,0.0,hard,False,False,43.9952297685383,0.0,1.0,0.0,0.9804841750435145
4812,1767151420568,0.0,0.0,0.0,0.0,-44.28597357734027,0.0,0.0,hard,False,False,43.9952297685383,0.0,1.0,0.0,0.9804841750435145
4813,1767151420601,0.0,0.0,0.0,0.0,-44.28597357734027,0.0,0.0,hard,False,False,43.9952297685383,0.0,1.0,0.0,0.9804841750435145
4814,1767151420635,0.0,0.0,0.0,0.0,-44.28597357734027,0.0,0.0,hard,False,False,43.9952297685383,0.0,1.0,0.0,0.9804841750435145
4815,1767151420668,0.0,0.0,0.0,0.0,-44.28597357734027,0.0,0.0,hard,False,False,43.9952297685383,0.0,1.0,0.0,0.9804841750435145
4816,1767151420702,0.0,0.0,0.0,0.0,-44.28597357734027,0.0,0.0,hard,False,False,43.9952297685383,0.0,1.0,0.0,0.9804841750435145
4817,1767151420735,0.0,0.0,0.0,0.0,-44.28597357734027,0.0,0.0,hard,False,False,43.9952297685383,0.0,1.0,0.0,0.9804841750435145
4818,1767151420771,0.0,0.0,0.0,0.0,-44.28597357734027,0.0,0.0,hard,False,False,43.9952297685383,0.0,1.0,0.0,0.9804841750435145
4819,1767151420801,0.0,0.0,0.0,0.0,-44.28597357734027,0.0,0.0,hard,False,False,43.9952297685383,0.0,1.0,0.0,0.9804841750435145
4820,1767151420835,0.0,0.0,0.0,0.0,-44.28597357734027,0.0,0.0,hard,False,False,43.9952297685383,0.0,1.0,0.0,0.9804841750435145
4821,1767151420868,0.0,0.0,0.0,0.0,-44.28597357734027,0.0,0.0,hard,False,False,43.9952297685383,0.0,1.0,0.0,0.9804841750435145
4822,1767151420902,0.0,0.0,0.0,0.0,-44.28597357734027,0.0,0.0,hard,False,False,43.9952297685383,0.0,1.0,0.0,0.9804841750435145
4823,1767151420935,0.0,0.0,0.0,0.0,-44.28597357734027,0.0,0.0,hard,False,False,43.9952297685383,0.0,1.0,0.0,0.9804841750435145
4824,1767151420968,0.0,0.0,0.0,0.0,-44.28597357734027,0.0,0.0,hard,False,False,43.9952297685383,0.0,1.0,0.0,0.9804841750435145
4825,1767151421001,0.0,0.0,0.0,0.0,-44.28597357734027,0.0,0.0,hard,False,False,43.9952297685383,0.0,1.0,0.0,0.9804841750435145
4826,1767151421035,0.0,0.0,0.0,0.0,-44.28597357734027,0.0,0.0,hard,False,False,43.9952297685383,0.0,1.0,0.0,0.9804841750435145
4827,1767151421068,0.0,0.0,0.0,0.0,-44.28597357734027,0.0,0.0,hard,False,False,43.9952297685383,0.0,1.0,0.0,0.9804841750435145
4828,1767151421101,0.0,0.0,0.0,0.0,-44.28597357734027,0.0,0.0,hard,False,False,43.9952297685383,0.0,1.0,0.0,0.9804841750435145
4829,1767151421136,0.0,0.0,0.0,0.0,-44.28597357734027,0.0,0.0,hard,False,False,43.9952297685383,0.0,1.0,0.0,0.9804841750435145
4830,1767151421168,0.0,0.0,0.0,0.0,-44.28597357734027,0.0,0.0,hard,False,False,43.9952297685383,0.0,1.0,0.0,0.9804841750435145
4831,1767151421201,0.0,0.0,0.0,0.0,-44.28597357734027,0.0,0.0,hard,False,False,43.9952297685383,0.0,1.0,0.0,0.9804841750435145
4832,1767151421237,0.0,0.0,0.0,0.0,-44.28597357734027,0.0,0.0,hard,False,False,43.9952297685383,0.0,1.0,0.0,0.9804841750435145
4833,1767151421268,0.0,0.0,0.0,0.0,-44.28597357734027,0.0,0.0,hard,False,False,43.9952297685383,0.0,1.0,0.0,0.9804841750435145
4834,1767151421301,0.0,0.0,0.0,0.0,-44.28597357734027,0.0,0.0,hard,False,False,43.9952297685383,0.0,1.0,0.0,0.9804841750435145
4835,1767151421335,0.0,0.0,0.0,0.0,-44.28597357734027,0.0,0.0,hard,False,False,43.9952297685383,0.0,1.0,0.0,0.9804841750435145
4836,1767151421368,0.0,0.0,0.0,0.0,-44.28597357734027,0.0,0.0,hard,False,False,43.9952297685383,0.0,1.0,0.0,0.9804841750435145
4837,1767151421401,0.0,0.0,0.0,0.0,-44.28597357734027,0.0,0.0,hard,False,False,43.9952297685383,0.0,1.0,0.0,0.9804841750435145
4838,1767151421436,0.0,0.0,0.0,0.0,-44.28597357734027,0.0,0.0,hard,False,False,43.9952297685383,0.0,1.0,0.0,0.9804841750435145
4839,1767151421468,0.0,0.0,0.0,0.0,-44.28597357734027,0.0,0.0,hard,False,False,43.9952297685383,0.0,1.0,0.0,0.9804841750435145
4840,1767151421502,0.0,0.0,0.0,0.0,-44.28597357734027,0.0,0.0,hard,False,False,43.9952297685383,0.0,1.0,0.0,0.9804841750435145
4841,1767151421535,0.0,0.0,0.0,0.0,-44.28597357734027,0.0,0.0,hard,False,False,43.9952297685383,0.0,1.0,0.0,0.9804841750435145
4842,1767151421568,0.0,0.0,0.0,0.0,-44.28597357734027,0.0,0.0,hard,False,False,43.9952297685383,0.0,1.0,0.0,0.9804841750435145
4843,1767151421769,0.0,0.0,0.0,0.0,-44.28597357734027,0.0,0.0,hard,False,False,43.9952297685383,0.0,1.0,0.0,0.9804841750435145
4844,1767151421787,0.0,0.0,0.0,0.0,-44.28597357734027,0.0,0.0,hard,False,False,43.9952297685383,0.0,1.0,0.0,0.9804841750435145
4845,1767151421807,0.0,0.0,0.0,0.0,-44.28597357734027,0.0,0.0,hard,False,False,43.9952297685383,0.0,1.0,0.0,0.9804841750435145
4846,1767151421829,0.0,0.0,0.0,0.0,-44.28597357734027,0.0,0.0,hard,False,False,43.9952297685383,0.0,1.0,0.0,0.9804841750435145
4847,1767151421850,0.0,0.0,0.0,0.0,-44.28597357734027,0.0,0.0,hard,False,False,43.9952297685383,0.0,1.0,0.0,0.9804841750435145
4848,1767151421870,0.0,0.0,0.0,0.0,-44.28597357734027,0.0,0.0,hard,False,False,43.9952297685383,0.0,1.0,0.0,0.9804841750435145
4849,1767151421890,0.0,0.0,0.0,0.0,-44.28597357734027,0.0,0.0,hard,False,False,43.9952297685383,0.0,1.0,0.0,0.9804841750435145
4850,1767151421911,0.0,0.0,0.0,0.0,-44.28597357734027,0.0,0.0,hard,False,False,43.9952297685383,0.0,1.0,0.0,0.9804841750435145
4851,1767151421935,0.0,0.0,0.0,0.0,-44.28597357734027,0.0,0.0,hard,False,False,43.9952297685383,0.0,1.0,0.0,0.9804841750435145
4852,1767151421968,0.0,0.0,0.0,0.0,-44.28597357734027,0.0,0.0,hard,False,False,43.9952297685383,0.0,1.0,0.0,0.9804841750435145
4853,1767151422001,0.0,0.0,0.0,0.0,-44.28597357734027,0.0,0.0,hard,False,False,43.9952297685383,0.0,1.0,0.0,0.9804841750435145
4854,1767151422035,0.0,0.0,0.0,0.0,-44.28597357734027,0.0,0.0,hard,False,False,43.9952297685383,0.0,1.0,0.0,0.9804841750435145
4855,1767151422068,0.0,0.0,0.0,0.0,-44.28597357734027,0.0,0.0,hard,False,False,43.9952297685383,0.0,1.0,0.0,0.9804841750435145
4856,1767151422102,0.0,0.0,0.0,0.0,-44.28597357734027,0.0,0.0,hard,False,False,43.9952297685383,0.0,1.0,0.0,0.9804841750435145
4857,1767151422135,0.0,0.0,0.0,0.0,-44.28597357734027,0.0,0.0,hard,False,False,43.9952297685383,0.0,1.0,0.0,0.9804841750435145
4858,1767151422229,0.0,0.0,0.0,0.0,-44.28597357734027,0.0,0.0,hard,False,False,43.9952297685383,0.0,1.0,0.0,0.9804841750435145
4859,1767151422250,0.0,0.0,0.0,0.0,-44.28597357734027,0.0,0.0,hard,False,False,43.9952297685383,0.0,1.0,0.0,0.9804841750435145
4860,1767151422270,0.0,0.0,0.0,0.0,-44.28597357734027,0.0,0.0,hard,False,False,43.9952297685383,0.0,1.0,0.0,0.9804841750435145
4861,1767151422290,0.0,0.0,0.0,0.0,-44.28597357734027,0.0,0.0,hard,False,False,43.9952297685383,0.0,1.0,0.0,0.9804841750435145
4862,1767151422317,0.0,0.0,0.0,0.0,-44.28597357734027,0.0,0.0,hard,False,False,43.9952297685383,0.0,1.0,0.0,0.9804841750435145
4863,1767151422337,0.0,0.0,0.0,0.0,-44.28597357734027,0.0,0.0,hard,False,False,43.9952297685383,0.0,1.0,0.0,0.9804841750435145
4864,1767151422368,0.0,0.0,0.0,0.0,-44.28597357734027,0.0,0.0,hard,False,False,43.9952297685383,0.0,1.0,0.0,0.9804841750435145
4865,1767151422404,0.0,0.0,0.0,0.0,-44.28597357734027,0.0,0.0,hard,False,False,43.9952297685383,0.0,1.0,0.0,0.9804841750435145
4866,1767151422435,0.0,0.0,0.0,0.0,-44.28597357734027,0.0,0.0,hard,False,False,43.9952297685383,0.0,1.0,0.0,0.9804841750435145
4867,1767151422468,0.0,0.0,0.0,0.0,-44.28597357734027,0.0,0.0,hard,False,False,43.9952297685383,0.0,1.0,0.0,0.9804841750435145
4868,1767151422501,0.0,0.0,0.0,0.0,-44.28597357734027,0.0,0.0,hard,False,False,43.9952297685383,0.0,1.0,0.0,0.9804841750435145
4869,1767151422535,0.0,0.0,0.0,0.0,-44.28597357734027,0.0,0.0,hard,False,False,43.9952297685383,0.0,1.0,0.0,0.9804841750435145
4870,1767151422568,0.0,0.0,0.0,0.0,-44.28597357734027,0.0,0.0,hard,False,False,43.9952297685383,0.0,1.0,0.0,0.9804841750435145
4871,1767151422601,0.0,0.0,0.0,0.0,-44.28597357734027,0.0,0.0,hard,False,False,43.9952297685383,0.0,1.0,0.0,0.9804841750435145
4872,1767151422635,0.0,0.0,0.0,0.0,-44.28597357734027,0.0,0.0,hard,False,False,43.9952297685383,0.0,1.0,0.0,0.9804841750435145
4873,1767151422668,0.0,0.0,0.0,0.0,-44.28597357734027,0.0,0.0,hard,False,False,43.9952297685383,0.0,1.0,0.0,0.9804841750435145
4874,1767151422702,0.0,0.0,0.0,0.0,-44.28597357734027,0.0,0.0,hard,False,False,43.9952297685383,0.0,1.0,0.0,0.9804841750435145
4875,1767151422735,0.0,0.0,0.0,0.0,-44.28597357734027,0.0,0.0,hard,False,False,43.9952297685383,0.0,1.0,0.0,0.9804841750435145
4876,1767151422768,0.0,0.0,0.0,0.0,-44.28597357734027,0.0,0.0,hard,False,False,43.9952297685383,0.0,1.0,0.0,0.9804841750435145
4877,1767151422802,0.0,0.0,0.0,0.0,-44.28597357734027,0.0,0.0,hard,False,False,43.9952297685383,0.0,1.0,0.0,0.9804841750435145
4878,1767151422835,0.0,0.0,0.0,0.0,-44.28597357734027,0.0,0.0,hard,False,False,43.9952297685383,0.0,1.0,0.0,0.9804841750435145
4879,1767151422868,0.0,0.0,0.0,0.0,-44.28597357734027,0.0,0.0,hard,False,False,43.9952297685383,0.0,1.0,0.0,0.9804841750435145
4880,1767151422902,0.0,0.0,0.0,0.0,-44.28597357734027,0.0,0.0,hard,False,False,43.9952297685383,0.0,1.0,0.0,0.9804841750435145
4881,1767151422935,0.0,0.0,0.0,0.0,-44.28597357734027,0.0,0.0,hard,False,False,43.9952297685383,0.0,1.0,0.0,0.9804841750435145
4882,1767151422968,0.0,0.0,0.0,0.0,-44.28597357734027,0.0,0.0,hard,False,False,43.9952297685383,0.0,1.0,0.0,0.9804841750435145
4883,1767151423004,0.0,0.0,0.0,0.0,-44.28597357734027,0.0,0.0,hard,False,False,43.9952297685383,0.0,1.0,0.0,0.9804841750435145
4884,1767151423035,0.0,0.0,0.0,0.0,-44.28597357734027,0.0,0.0,hard,False,False,43.9952297685383,0.0,1.0,0.0,0.9804841750435145
4885,1767151423068,0.0,0.0,0.0,0.0,-44.28597357734027,0.0,0.0,hard,False,False,43.9952297685383,0.0,1.0,0.0,0.9804841750435145
4886,1767151423103,0.0,0.0,0.0,0.0,-44.28597357734027,0.0,0.0,hard,False,False,43.9952297685383,0.0,1.0,0.0,0.9804841750435145
4887,1767151423135,0.0,0.0,0.0,0.0,-44.28597357734027,0.0,0.0,hard,False,False,43.9952297685383,0.0,1.0,0.0,0.9804841750435145
4888,1767151423168,0.0,0.0,0.0,0.0,-44.28597357734027,0.0,0.0,hard,False,False,43.9952297685383,0.0,1.0,0.0,0.9804841750435145
4889,1767151423202,0.0,0.0,0.0,0.0,-44.28597357734027,0.0,0.0,hard,False,False,43.9952297685383,0.0,1.0,0.0,0.9804841750435145
4890,1767151423235,0.0,0.0,0.0,0.0,-44.28597357734027,0.0,0.0,hard,False,False,43.9952297685383,0.0,1.0,0.0,0.9804841750435145
4891,1767151423268,0.0,0.0,0.0,0.0,-44.28597357734027,0.0,0.0,hard,False,False,43.9952297685383,0.0,1.0,0.0,0.9804841750435145
4892,1767151423302,0.0,0.0,0.0,0.0,-44.28597357734027,0.0,0.0,hard,False,False,43.9952297685383,0.0,1.0,0.0,0.9804841750435145
4893,1767151423335,0.0,0.0,0.0,0.0,-44.28597357734027,0.0,0.0,hard,False,False,43.9952297685383,0.0,1.0,0.0,0.9804841750435145
4894,1767151423369,0.0,0.0,0.0,0.0,-44.28597357734027,0.0,0.0,hard,False,False,43.9952297685383,0.0,1.0,0.0,0.9804841750435145
4895,1767151423402,0.0,0.0,0.0,0.0,-44.28597357734027,0.0,0.0,hard,False,False,43.9952297685383,0.0,1.0,0.0,0.9804841750435145
4896,1767151423435,0.0,0.0,0.0,0.0,-44.28597357734027,0.0,0.0,hard,False,False,43.9952297685383,0.0,1.0,0.0,0.9804841750435145
4897,1767151423469,0.0,0.0,0.0,0.0,-44.28597357734027,0.0,0.0,hard,False,False,43.9952297685383,0.0,1.0,0.0,0.9804841750435145
4898,1767151423504,0.0,0.0,0.0,0.0,-44.28597357734027,0.0,0.0,hard,False,False,43.9952297685383,0.0,1.0,0.0,0.9804841750435145
4899,1767151423535,0.0,0.0,0.0,0.0,-44.28597357734027,0.0,0.0,hard,False,False,43.9952297685383,0.0,1.0,0.0,0.9804841750435145
4900,1767151423570,0.0,0.0,0.0,0.0,-44.28597357734027,0.0,0.0,hard,False,False,43.9952297685383,0.0,1.0,0.0,0.9804841750435145
4901,1767151423602,0.0,0.0,0.0,0.0,-44.28597357734027,0.0,0.0,hard,False,False,43.9952297685383,0.0,1.0,0.0,0.9804841750435145
4902,1767151423638,0.0,0.0,0.0,0.0,-44.28597357734027,0.0,0.0,hard,False,False,43.9952297685383,0.0,1.0,0.0,0.9804841750435145
4903,1767151423668,0.0,0.0,0.0,0.0,-44.28597357734027,0.0,0.0,hard,False,False,43.9952297685383,0.0,1.0,0.0,0.9804841750435145
4904,1767151423704,0.0,0.0,0.0,0.0,-44.28597357734027,0.0,0.0,hard,False,False,43.9952297685383,0.0,1.0,0.0,0.9804841750435145
4905,1767151423735,0.0,0.0,0.0,0.0,-44.28597357734027,0.0,0.0,hard,False,False,43.9952297685383,0.0,1.0,0.0,0.9804841750435145
4906,1767151423768,0.0,0.0,0.0,0.0,-44.28597357734027,0.0,0.0,hard,False,False,43.9952297685383,0.0,1.0,0.0,0.9804841750435145
4907,1767151423802,0.0,0.0,0.0,0.0,-44.28597357734027,0.0,0.0,hard,False,False,43.9952297685383,0.0,1.0,0.0,0.9804841750435145
4908,1767151423839,0.0,0.0,0.0,0.0,-44.28597357734027,0.0,0.0,hard,False,False,43.9952297685383,0.0,1.0,0.0,0.9804841750435145
4909,1767151423869,0.0,0.0,0.0,0.0,-44.28597357734027,0.0,0.0,hard,False,False,43.9952297685383,0.0,1.0,0.0,0.9804841750435145
4910,1767151423902,0.0,0.0,0.0,0.0,-44.28597357734027,0.0,0.0,hard,False,False,43.9952297685383,0.0,1.0,0.0,0.9804841750435145
4911,1767151423935,0.0,0.0,0.0,0.0,-44.28597357734027,0.0,0.0,hard,False,False,43.9952297685383,0.0,1.0,0.0,0.9804841750435145
4912,1767151423968,0.0,0.0,0.0,0.0,-44.28597357734027,0.0,0.0,hard,False,False,43.9952297685383,0.0,1.0,0.0,0.9804841750435145
4913,1767151424002,0.0,0.0,0.0,0.0,-44.28597357734027,0.0,0.0,hard,False,False,43.9952297685383,0.0,1.0,0.0,0.9804841750435145
4914,1767151424035,0.0,0.0,0.0,0.0,-44.28597357734027,0.0,0.0,hard,False,False,43.9952297685383,0.0,1.0,0.0,0.9804841750435145
4915,1767151424068,0.0,0.0,0.0,0.0,-44.28597357734027,0.0,0.0,hard,False,False,43.9952297685383,0.0,1.0,0.0,0.9804841750435145
4916,1767151424102,0.0,0.0,0.0,0.0,-44.28597357734027,0.0,0.0,hard,False,False,43.9952297685383,0.0,1.0,0.0,0.9804841750435145
4917,1767151424135,0.0,0.0,0.0,0.0,-44.28597357734027,0.0,0.0,hard,False,False,43.9952297685383,0.0,1.0,0.0,0.9804841750435145
4918,1767151424169,0.0,0.0,0.0,0.0,-44.28597357734027,0.0,0.0,hard,False,False,43.9952297685383,0.0,1.0,0.0,0.9804841750435145
4919,1767151424202,0.0,0.0,0.0,0.0,-44.28597357734027,0.0,0.0,hard,False,False,43.9952297685383,0.0,1.0,0.0,0.9804841750435145
4920,1767151424235,0.0,0.0,0.0,0.0,-44.28597357734027,0.0,0.0,hard,False,False,43.9952297685383,0.0,1.0,0.0,0.9804841750435145
4921,1767151424269,0.0,0.0,0.0,0.0,-44.28597357734027,0.0,0.0,hard,False,False,43.9952297685383,0.0,1.0,0.0,0.9804841750435145
4922,1767151424303,0.0,0.0,0.0,0.0,-44.28597357734027,0.0,0.0,hard,False,False,43.9952297685383,0.0,1.0,0.0,0.9804841750435145
4923,1767151424335,0.0,0.0,0.0,0.0,-44.28597357734027,0.0,0.0,hard,False,False,43.9952297685383,0.0,1.0,0.0,0.9804841750435145
4924,1767151424368,0.0,0.0,0.0,0.0,-44.28597357734027,0.0,0.0,hard,False,False,43.9952297685383,0.0,1.0,0.0,0.9804841750435145
4925,1767151424402,0.0,0.0,0.0,0.0,-44.28597357734027,0.0,0.0,hard,False,False,43.9952297685383,0.0,1.0,0.0,0.9804841750435145
4926,1767151424435,0.0,0.0,0.0,0.0,-44.28597357734027,0.0,0.0,hard,False,False,43.9952297685383,0.0,1.0,0.0,0.9804841750435145
4927,1767151424469,0.0,0.0,0.0,0.0,-44.28597357734027,0.0,0.0,hard,False,False,43.9952297685383,0.0,1.0,0.0,0.9804841750435145
4928,1767151424502,0.0,0.0,0.0,0.0,-44.28597357734027,0.0,0.0,hard,False,False,43.9952297685383,0.0,1.0,0.0,0.9804841750435145
4929,1767151424536,0.0,0.0,0.0,0.0,-44.28597357734027,0.0,0.0,hard,False,False,43.9952297685383,0.0,1.0,0.0,0.9804841750435145
4930,1767151424569,0.0,0.0,0.0,0.0,-44.28597357734027,0.0,0.0,hard,False,False,43.9952297685383,0.0,1.0,0.0,0.9804841750435145
4931,1767151424603,0.0,0.0,0.0,0.0,-44.28597357734027,0.0,0.0,hard,False,False,43.9952297685383,0.0,1.0,0.0,0.9804841750435145
4932,1767151424635,0.0,0.0,0.0,0.0,-44.28597357734027,0.0,0.0,hard,False,False,43.9952297685383,0.0,1.0,0.0,0.9804841750435145
4933,1767151424672,0.0,0.0,0.0,0.0,-44.28597357734027,0.0,0.0,hard,False,False,43.9952297685383,0.0,1.0,0.0,0.9804841750435145
4934,1767151424702,0.0,0.0,0.0,0.0,-44.28597357734027,0.0,0.0,hard,False,False,43.9952297685383,0.0,1.0,0.0,0.9804841750435145
4935,1767151424737,0.0,0.0,0.0,0.0,-44.28597357734027,0.0,0.0,hard,False,False,43.9952297685383,0.0,1.0,0.0,0.9804841750435145
4936,1767151424768,0.0,0.0,0.0,0.0,-44.28597357734027,0.0,0.0,hard,False,False,43.9952297685383,0.0,1.0,0.0,0.9804841750435145
4937,1767151424802,0.0,0.0,0.0,0.0,-44.28597357734027,0.0,0.0,hard,False,False,43.9952297685383,0.0,1.0,0.0,0.9804841750435145
4938,1767151424835,0.0,0.0,0.0,0.0,-44.28597357734027,0.0,0.0,hard,False,False,43.9952297685383,0.0,1.0,0.0,0.9804841750435145
4939,1767151424869,0.0,0.0,0.0,0.0,-44.28597357734027,0.0,0.0,hard,False,False,43.9952297685383,0.0,1.0,0.0,0.9804841750435145
4940,1767151424902,0.0,0.0,0.0,0.0,-44.28597357734027,0.0,0.0,hard,False,False,43.9952297685383,0.0,1.0,0.0,0.9804841750435145
4941,1767151424935,0.0,0.0,0.0,0.0,-44.28597357734027,0.0,0.0,hard,False,False,43.9952297685383,0.0,1.0,0.0,0.9804841750435145
4942,1767151424970,0.0,0.0,0.0,0.0,-44.28597357734027,0.0,0.0,hard,False,False,43.9952297685383,0.0,1.0,0.0,0.9804841750435145
4943,1767151425002,0.0,0.0,0.0,0.0,-44.28597357734027,0.0,0.0,hard,False,False,43.9952297685383,0.0,1.0,0.0,0.9804841750435145
4944,1767151425035,0.0,0.0,0.0,0.0,-44.28597357734027,0.0,0.0,hard,False,False,43.9952297685383,0.0,1.0,0.0,0.9804841750435145
4945,1767151425069,0.0,0.0,0.0,0.0,-44.28597357734027,0.0,0.0,hard,False,False,43.9952297685383,0.0,1.0,0.0,0.9804841750435145
4946,1767151425102,0.0,0.0,0.0,0.0,-44.28597357734027,0.0,0.0,hard,False,False,43.9952297685383,0.0,1.0,0.0,0.9804841750435145
4947,1767151425135,0.0,0.0,0.0,0.0,-44.28597357734027,0.0,0.0,hard,False,False,43.9952297685383,0.0,1.0,0.0,0.9804841750435145
4948,1767151425168,0.0,0.0,0.0,0.0,-44.28597357734027,0.0,0.0,hard,False,False,43.9952297685383,0.0,1.0,0.0,0.9804841750435145
4949,1767151425202,0.0,0.0,0.0,0.0,-44.28597357734027,0.0,0.0,hard,False,False,43.9952297685383,0.0,1.0,0.0,0.9804841750435145
4950,1767151425238,0.0,0.0,0.0,0.0,-44.28597357734027,0.0,0.0,hard,False,False,43.9952297685383,0.0,1.0,0.0,0.9804841750435145
4951,1767151425268,0.0,0.0,0.0,0.0,-44.28597357734027,0.0,0.0,hard,False,False,43.9952297685383,0.0,1.0,0.0,0.9804841750435145
4952,1767151425303,0.0,0.0,0.0,0.0,-44.28597357734027,0.0,0.0,hard,False,False,43.9952297685383,0.0,1.0,0.0,0.9804841750435145
4953,1767151425335,0.0,0.0,0.0,0.0,-44.28597357734027,0.0,0.0,hard,False,False,43.9952297685383,0.0,1.0,0.0,0.9804841750435145
4954,1767151425369,0.0,0.0,0.0,0.0,-44.28597357734027,0.0,0.0,hard,False,False,43.9952297685383,0.0,1.0,0.0,0.9804841750435145
4955,1767151425402,0.0,0.0,0.0,0.0,-44.28597357734027,0.0,0.0,hard,False,False,43.9952297685383,0.0,1.0,0.0,0.9804841750435145
4956,1767151425435,0.0,0.0,0.0,0.0,-44.28597357734027,0.0,0.0,hard,False,False,43.9952297685383,0.0,1.0,0.0,0.9804841750435145
4957,1767151425470,0.0,0.0,0.0,0.0,-44.28597357734027,0.0,0.0,hard,False,False,43.9952297685383,0.0,1.0,0.0,0.9804841750435145
4958,1767151425503,0.0,0.0,0.0,0.0,-44.28597357734027,0.0,0.0,hard,False,False,43.9952297685383,0.0,1.0,0.0,0.9804841750435145
4959,1767151425535,0.0,0.0,0.0,0.0,-44.28597357734027,0.0,0.0,hard,False,False,43.9952297685383,0.0,1.0,0.0,0.9804841750435145
4960,1767151425569,0.0,0.0,0.0,0.0,-44.28597357734027,0.0,0.0,hard,False,False,43.9952297685383,0.0,1.0,0.0,0.9804841750435145
4961,1767151425602,0.0,0.0,0.0,0.0,-44.28597357734027,0.0,0.0,hard,False,False,43.9952297685383,0.0,1.0,0.0,0.9804841750435145
4962,1767151425635,0.0,0.0,0.0,0.0,-44.28597357734027,0.0,0.0,hard,False,False,43.9952297685383,0.0,1.0,0.0,0.9804841750435145
4963,1767151425669,0.0,0.0,0.0,0.0,-44.28597357734027,0.0,0.0,hard,False,False,43.9952297685383,0.0,1.0,0.0,0.9804841750435145
4964,1767151425702,0.0,0.0,0.0,0.0,-44.28597357734027,0.0,0.0,hard,False,False,43.9952297685383,0.0,1.0,0.0,0.9804841750435145
4965,1767151425735,0.0,0.0,0.0,0.0,-44.28597357734027,0.0,0.0,hard,False,False,43.9952297685383,0.0,1.0,0.0,0.9804841750435145
4966,1767151425769,0.0,0.0,0.0,0.0,-44.28597357734027,0.0,0.0,hard,False,False,43.9952297685383,0.0,1.0,0.0,0.9804841750435145
4967,1767151425802,0.0,0.0,0.0,0.0,-44.28597357734027,0.0,0.0,hard,False,False,43.9952297685383,0.0,1.0,0.0,0.9804841750435145
4968,1767151425835,0.0,0.0,0.0,0.0,-44.28597357734027,0.0,0.0,hard,False,False,43.9952297685383,0.0,1.0,0.0,0.9804841750435145
4969,1767151425868,0.0,0.0,0.0,0.0,-44.28597357734027,0.0,0.0,hard,False,False,43.9952297685383,0.0,1.0,0.0,0.9804841750435145
4970,1767151425902,0.0,0.0,0.0,0.0,-44.28597357734027,0.0,0.0,hard,False,False,43.9952297685383,0.0,1.0,0.0,0.9804841750435145
4971,1767151425939,0.0,0.0,0.0,0.0,-44.28597357734027,0.0,0.0,hard,False,False,43.9952297685383,0.0,1.0,0.0,0.9804841750435145
4972,1767151425968,0.0,0.0,0.0,0.0,-44.28597357734027,0.0,0.0,hard,False,False,43.9952297685383,0.0,1.0,0.0,0.9804841750435145
4973,1767151426002,0.0,0.0,0.0,0.0,-44.28597357734027,0.0,0.0,hard,False,False,43.9952297685383,0.0,1.0,0.0,0.9804841750435145
4974,1767151426036,0.0,0.0,0.0,0.0,-44.28597357734027,0.0,0.0,hard,False,False,43.9952297685383,0.0,1.0,0.0,0.9804841750435145
4975,1767151426069,0.0,0.0,0.0,0.0,-44.28597357734027,0.0,0.0,hard,False,False,43.9952297685383,0.0,1.0,0.0,0.9804841750435145
4976,1767151426102,0.0,0.0,0.0,0.0,-44.28597357734027,0.0,0.0,hard,False,False,43.9952297685383,0.0,1.0,0.0,0.9804841750435145
4977,1767151426135,0.0,0.0,0.0,0.0,-44.28597357734027,0.0,0.0,hard,False,False,43.9952297685383,0.0,1.0,0.0,0.9804841750435145
4978,1767151426168,0.0,0.0,0.0,0.0,-44.28597357734027,0.0,0.0,hard,False,False,43.9952297685383,0.0,1.0,0.0,0.9804841750435145
4979,1767151426202,0.0,0.0,0.0,0.0,-44.28597357734027,0.0,0.0,hard,False,False,43.9952297685383,0.0,1.0,0.0,0.9804841750435145
4980,1767151426235,0.0,0.0,0.0,0.0,-44.28597357734027,0.0,0.0,hard,False,False,43.9952297685383,0.0,1.0,0.0,0.9804841750435145
4981,1767151426271,0.0,0.0,0.0,0.0,-44.28597357734027,0.0,0.0,hard,False,False,43.9952297685383,0.0,1.0,0.0,0.9804841750435145
4982,1767151426302,0.0,0.0,0.0,0.0,-44.28597357734027,0.0,0.0,hard,False,False,43.9952297685383,0.0,1.0,0.0,0.9804841750435145
4983,1767151426335,0.0,0.0,0.0,0.0,-44.28597357734027,0.0,0.0,hard,False,False,43.9952297685383,0.0,1.0,0.0,0.9804841750435145
4984,1767151426369,0.0,0.0,0.0,0.0,-44.28597357734027,0.0,0.0,hard,False,False,43.9952297685383,0.0,1.0,0.0,0.9804841750435145
4985,1767151426402,0.0,0.0,0.0,0.0,-44.28597357734027,0.0,0.0,hard,False,False,43.9952297685383,0.0,1.0,0.0,0.9804841750435145
4986,1767151426435,0.0,0.0,0.0,0.0,-44.28597357734027,0.0,0.0,hard,False,False,43.9952297685383,0.0,1.0,0.0,0.9804841750435145
4987,1767151426472,0.0,0.0,0.0,0.0,-44.28597357734027,0.0,0.0,hard,False,False,43.9952297685383,0.0,1.0,0.0,0.9804841750435145
4988,1767151426502,0.0,0.0,0.0,0.0,-44.28597357734027,0.0,0.0,hard,False,False,43.9952297685383,0.0,1.0,0.0,0.9804841750435145
4989,1767151426535,0.0,0.0,0.0,0.0,-44.28597357734027,0.0,0.0,hard,False,False,43.9952297685383,0.0,1.0,0.0,0.9804841750435145
4990,1767151426569,0.0,0.0,0.0,0.0,-44.28597357734027,0.0,0.0,hard,False,False,43.9952297685383,0.0,1.0,0.0,0.9804841750435145
4991,1767151426602,0.0,0.0,0.0,0.0,-44.28597357734027,0.0,0.0,hard,False,False,43.9952297685383,0.0,1.0,0.0,0.9804841750435145
4992,1767151426635,0.0,0.0,0.0,0.0,-44.28597357734027,0.0,0.0,hard,False,False,43.9952297685383,0.0,1.0,0.0,0.9804841750435145
4993,1767151426669,0.0,0.0,0.0,0.0,-44.28597357734027,0.0,0.0,hard,False,False,43.9952297685383,0.0,1.0,0.0,0.9804841750435145
4994,1767151426702,0.0,0.0,0.0,0.0,-44.28597357734027,0.0,0.0,hard,False,False,43.9952297685383,0.0,1.0,0.0,0.9804841750435145
4995,1767151426735,0.0,0.0,0.0,0.0,-44.28597357734027,0.0,0.0,hard,False,False,43.9952297685383,0.0,1.0,0.0,0.9804841750435145
4996,1767151426771,0.0,0.0,0.0,0.0,-44.28597357734027,0.0,0.0,hard,False,False,43.9952297685383,0.0,1.0,0.0,0.9804841750435145
4997,1767151426802,0.0,0.0,0.0,0.0,-44.28597357734027,0.0,0.0,hard,False,False,43.9952297685383,0.0,1.0,0.0,0.9804841750435145
4998,1767151426835,0.0,0.0,0.0,0.0,-44.28597357734027,0.0,0.0,hard,False,False,43.9952297685383,0.0,1.0,0.0,0.9804841750435145
4999,1767151426868,0.0,0.0,0.0,0.0,-44.28597357734027,0.0,0.0,hard,False,False,43.9952297685383,0.0,1.0,0.0,0.9804841750435145
5000,1767151426902,0.0,0.0,0.0,0.0,-44.28597357734027,0.0,0.0,hard,False,False,43.9952297685383,0.0,1.0,0.0,0.9804841750435145
5001,1767151426936,0.0,0.0,0.0,0.0,-44.28597357734027,0.0,0.0,hard,False,False,43.9952297685383,0.0,1.0,0.0,0.9804841750435145
5002,1767151426968,0.0,0.0,0.0,0.0,-44.28597357734027,0.0,0.0,hard,False,False,43.9952297685383,0.0,1.0,0.0,0.9804841750435145
5003,1767151427002,0.0,0.0,0.0,0.0,-44.28597357734027,0.0,0.0,hard,False,False,43.9952297685383,0.0,1.0,0.0,0.9804841750435145
5004,1767151427036,0.0,0.0,0.0,0.0,-44.28597357734027,0.0,0.0,hard,False,False,43.9952297685383,0.0,1.0,0.0,0.9804841750435145
5005,1767151427069,0.0,0.0,0.0,0.0,-44.28597357734027,0.0,0.0,hard,False,False,43.9952297685383,0.0,1.0,0.0,0.9804841750435145
5006,1767151427102,0.0,0.0,0.0,0.0,-44.28597357734027,0.0,0.0,hard,False,False,43.9952297685383,0.0,1.0,0.0,0.9804841750435145
5007,1767151427135,0.0,0.0,0.0,0.0,-44.28597357734027,0.0,0.0,hard,False,False,43.9952297685383,0.0,1.0,0.0,0.9804841750435145
5008,1767151427169,0.0,0.0,0.0,0.0,-44.28597357734027,0.0,0.0,hard,False,False,43.9952297685383,0.0,1.0,0.0,0.9804841750435145
5009,1767151427202,0.0,0.0,0.0,0.0,-44.28597357734027,0.0,0.0,hard,False,False,43.9952297685383,0.0,1.0,0.0,0.9804841750435145
5010,1767151427235,0.0,0.0,0.0,0.0,-44.28597357734027,0.0,0.0,hard,False,False,43.9952297685383,0.0,1.0,0.0,0.9804841750435145
5011,1767151427268,0.0,0.0,0.0,0.0,-44.28597357734027,0.0,0.0,hard,False,False,43.9952297685383,0.0,1.0,0.0,0.9804841750435145
5012,1767151427302,0.0,0.0,0.0,0.0,-44.28597357734027,0.0,0.0,hard,False,False,43.9952297685383,0.0,1.0,0.0,0.9804841750435145
5013,1767151427335,0.0,0.0,0.0,0.0,-44.28597357734027,0.0,0.0,hard,False,False,43.9952297685383,0.0,1.0,0.0,0.9804841750435145
5014,1767151427369,0.0,0.0,0.0,0.0,-44.28597357734027,0.0,0.0,hard,False,False,43.9952297685383,0.0,1.0,0.0,0.9804841750435145
5015,1767151427402,0.0,0.0,0.0,0.0,-44.28597357734027,0.0,0.0,hard,False,False,43.9952297685383,0.0,1.0,0.0,0.9804841750435145
5016,1767151427435,0.0,0.0,0.0,0.0,-44.28597357734027,0.0,0.0,hard,False,False,43.9952297685383,0.0,1.0,0.0,0.9804841750435145
5017,1767151427468,0.0,0.0,0.0,0.0,-44.28597357734027,0.0,0.0,hard,False,False,43.9952297685383,0.0,1.0,0.0,0.9804841750435145
5018,1767151427502,0.0,0.0,0.0,0.0,-44.28597357734027,0.0,0.0,hard,False,False,43.9952297685383,0.0,1.0,0.0,0.9804841750435145
5019,1767151427535,0.0,0.0,0.0,0.0,-44.28597357734027,0.0,0.0,hard,False,False,43.9952297685383,0.0,1.0,0.0,0.9804841750435145
5020,1767151427568,0.0,0.0,0.0,0.0,-44.28597357734027,0.0,0.0,hard,False,False,43.9952297685383,0.0,1.0,0.0,0.9804841750435145
5021,1767151427606,0.0,0.0,0.0,0.0,-44.28597357734027,0.0,0.0,hard,False,False,43.9952297685383,0.0,1.0,0.0,0.9804841750435145
5022,1767151427635,0.0,0.0,0.0,0.0,-44.28597357734027,0.0,0.0,hard,False,False,43.9952297685383,0.0,1.0,0.0,0.9804841750435145
5023,1767151427670,0.0,0.0,0.0,0.0,-44.28597357734027,0.0,0.0,hard,False,False,43.9952297685383,0.0,1.0,0.0,0.9804841750435145
5024,1767151427702,0.0,0.0,0.0,0.0,-44.28597357734027,0.0,0.0,hard,False,False,43.9952297685383,0.0,1.0,0.0,0.9804841750435145
5025,1767151427735,0.0,0.0,0.0,0.0,-44.28597357734027,0.0,0.0,hard,False,False,43.9952297685383,0.0,1.0,0.0,0.9804841750435145
5026,1767151427769,0.0,0.0,0.0,0.0,-44.28597357734027,0.0,0.0,hard,False,False,43.9952297685383,0.0,1.0,0.0,0.9804841750435145
5027,1767151427802,0.0,0.0,0.0,0.0,-44.28597357734027,0.0,0.0,hard,False,False,43.9952297685383,0.0,1.0,0.0,0.9804841750435145
5028,1767151427836,0.0,0.0,0.0,0.0,-44.28597357734027,0.0,0.0,hard,False,False,43.9952297685383,0.0,1.0,0.0,0.9804841750435145
5029,1767151427869,0.0,0.0,0.0,0.0,-44.28597357734027,0.0,0.0,hard,False,False,43.9952297685383,0.0,1.0,0.0,0.9804841750435145
5030,1767151428056,0.0,0.0,0.0,0.0,-44.28597357734027,0.0,0.0,hard,False,False,43.9952297685383,0.0,1.0,0.0,0.9804841750435145
5031,1767151428076,0.0,0.0,0.0,0.0,-44.28597357734027,0.0,0.0,hard,False,False,43.9952297685383,0.0,1.0,0.0,0.9804841750435145
5032,1767151428094,0.0,0.0,0.0,0.0,-44.28597357734027,0.0,0.0,hard,False,False,43.9952297685383,0.0,1.0,0.0,0.9804841750435145
5033,1767151428112,0.0,0.0,0.0,0.0,-44.28597357734027,0.0,0.0,hard,False,False,43.9952297685383,0.0,1.0,0.0,0.9804841750435145
5034,1767151428133,0.0,0.0,0.0,0.0,-44.28597357734027,0.0,0.0,hard,False,False,43.9952297685383,0.0,1.0,0.0,0.9804841750435145
5035,1767151428158,0.0,0.0,0.0,0.0,-44.28597357734027,0.0,0.0,hard,False,False,43.9952297685383,0.0,1.0,0.0,0.9804841750435145
5036,1767151428185,0.0,0.0,0.0,0.0,-44.28597357734027,0.0,0.0,hard,False,False,43.9952297685383,0.0,1.0,0.0,0.9804841750435145
5037,1767151428204,0.0,0.0,0.0,0.0,-44.28597357734027,0.0,0.0,hard,False,False,43.9952297685383,0.0,1.0,0.0,0.9804841750435145
5038,1767151428236,0.0,0.0,0.0,0.0,-44.28597357734027,0.0,0.0,hard,False,False,43.9952297685383,0.0,1.0,0.0,0.9804841750435145
5039,1767151428269,0.0,0.0,0.0,0.0,-44.28597357734027,0.0,0.0,hard,False,False,43.9952297685383,0.0,1.0,0.0,0.9804841750435145
5040,1767151428302,0.0,0.0,0.0,0.0,-44.28597357734027,0.0,0.0,hard,False,False,43.9952297685383,0.0,1.0,0.0,0.9804841750435145
5041,1767151428337,0.0,0.0,0.0,0.0,-44.28597357734027,0.0,0.0,hard,False,False,43.9952297685383,0.0,1.0,0.0,0.9804841750435145
5042,1767151428369,0.0,0.0,0.0,0.0,-44.28597357734027,0.0,0.0,hard,False,False,43.9952297685383,0.0,1.0,0.0,0.9804841750435145
5043,1767151428402,0.0,0.0,0.0,0.0,-44.28597357734027,0.0,0.0,hard,False,False,43.9952297685383,0.0,1.0,0.0,0.9804841750435145
5044,1767151428510,0.0,0.0,0.0,0.0,-44.28597357734027,0.0,0.0,hard,False,False,43.9952297685383,0.0,1.0,0.0,0.9804841750435145
5045,1767151428528,0.0,0.0,0.0,0.0,-44.28597357734027,0.0,0.0,hard,False,False,43.9952297685383,0.0,1.0,0.0,0.9804841750435145
5046,1767151428549,0.0,0.0,0.0,0.0,-44.28597357734027,0.0,0.0,hard,False,False,43.9952297685383,0.0,1.0,0.0,0.9804841750435145
5047,1767151428568,0.0,0.0,0.0,0.0,-44.28597357734027,0.0,0.0,hard,False,False,43.9952297685383,0.0,1.0,0.0,0.9804841750435145
5048,1767151428588,0.0,0.0,0.0,0.0,-44.28597357734027,0.0,0.0,hard,False,False,43.9952297685383,0.0,1.0,0.0,0.9804841750435145
5049,1767151428607,0.0,0.0,0.0,0.0,-44.28597357734027,0.0,0.0,hard,False,False,43.9952297685383,0.0,1.0,0.0,0.9804841750435145
5050,1767151428635,0.0,0.0,0.0,0.0,-44.28597357734027,0.0,0.0,hard,False,False,43.9952297685383,0.0,1.0,0.0,0.9804841750435145
5051,1767151428669,0.0,0.0,0.0,0.0,-44.28597357734027,0.0,0.0,hard,False,False,43.9952297685383,0.0,1.0,0.0,0.9804841750435145
5052,1767151428702,0.0,0.0,0.0,0.0,-44.28597357734027,0.0,0.0,hard,False,False,43.9952297685383,0.0,1.0,0.0,0.9804841750435145
5053,1767151428735,0.0,0.0,0.0,0.0,-44.28597357734027,0.0,0.0,hard,False,False,43.9952297685383,0.0,1.0,0.0,0.9804841750435145
5054,1767151428769,0.0,0.0,0.0,0.0,-44.28597357734027,0.0,0.0,hard,False,False,43.9952297685383,0.0,1.0,0.0,0.9804841750435145
5055,1767151428802,0.0,0.0,0.0,0.0,-44.28597357734027,0.0,0.0,hard,False,False,43.9952297685383,0.0,1.0,0.0,0.9804841750435145
5056,1767151428835,0.0,0.0,0.0,0.0,-44.28597357734027,0.0,0.0,hard,False,False,43.9952297685383,0.0,1.0,0.0,0.9804841750435145
5057,1767151428868,0.0,0.0,0.0,0.0,-44.28597357734027,0.0,0.0,hard,False,False,43.9952297685383,0.0,1.0,0.0,0.9804841750435145
5058,1767151428902,0.0,0.0,0.0,0.0,-44.28597357734027,0.0,0.0,hard,False,False,43.9952297685383,0.0,1.0,0.0,0.9804841750435145
5059,1767151428935,0.0,0.0,0.0,0.0,-44.28597357734027,0.0,0.0,hard,False,False,43.9952297685383,0.0,1.0,0.0,0.9804841750435145
5060,1767151428969,0.0,0.0,0.0,0.0,-44.28597357734027,0.0,0.0,hard,False,False,43.9952297685383,0.0,1.0,0.0,0.9804841750435145
5061,1767151429002,0.0,0.0,0.0,0.0,-44.28597357734027,0.0,0.0,hard,False,False,43.9952297685383,0.0,1.0,0.0,0.9804841750435145
5062,1767151429036,0.0,0.0,0.0,0.0,-44.28597357734027,0.0,0.0,hard,False,False,43.9952297685383,0.0,1.0,0.0,0.9804841750435145
5063,1767151429069,0.0,0.0,0.0,0.0,-44.28597357734027,0.0,0.0,hard,False,False,43.9952297685383,0.0,1.0,0.0,0.9804841750435145
5064,1767151429102,0.0,0.0,0.0,0.0,-44.28597357734027,0.0,0.0,hard,False,False,43.9952297685383,0.0,1.0,0.0,0.9804841750435145
5065,1767151429135,0.0,0.0,0.0,0.0,-44.28597357734027,0.0,0.0,hard,False,False,43.9952297685383,0.0,1.0,0.0,0.9804841750435145
5066,1767151429169,0.0,0.0,0.0,0.0,-44.28597357734027,0.0,0.0,hard,False,False,43.9952297685383,0.0,1.0,0.0,0.9804841750435145
5067,1767151429202,0.0,0.0,0.0,0.0,-44.28597357734027,0.0,0.0,hard,False,False,43.9952297685383,0.0,1.0,0.0,0.9804841750435145
5068,1767151429236,0.0,0.0,0.0,0.0,-44.28597357734027,0.0,0.0,hard,False,False,43.9952297685383,0.0,1.0,0.0,0.9804841750435145
5069,1767151429268,0.0,0.0,0.0,0.0,-44.28597357734027,0.0,0.0,hard,False,False,43.9952297685383,0.0,1.0,0.0,0.9804841750435145
5070,1767151429302,0.0,0.0,0.0,0.0,-44.28597357734027,0.0,0.0,hard,False,False,43.9952297685383,0.0,1.0,0.0,0.9804841750435145
5071,1767151429339,0.0,0.0,0.0,0.0,-44.28597357734027,0.0,0.0,hard,False,False,43.9952297685383,0.0,1.0,0.0,0.9804841750435145
5072,1767151429369,0.0,0.0,0.0,0.0,-44.28597357734027,0.0,0.0,hard,False,False,43.9952297685383,0.0,1.0,0.0,0.9804841750435145
5073,1767151429402,0.0,0.0,0.0,0.0,-44.28597357734027,0.0,0.0,hard,False,False,43.9952297685383,0.0,1.0,0.0,0.9804841750435145
5074,1767151429436,0.0,0.0,0.0,0.0,-44.28597357734027,0.0,0.0,hard,False,False,43.9952297685383,0.0,1.0,0.0,0.9804841750435145
5075,1767151429469,0.0,0.0,0.0,0.0,-44.28597357734027,0.0,0.0,hard,False,False,43.9952297685383,0.0,1.0,0.0,0.9804841750435145
5076,1767151429502,0.0,0.0,0.0,0.0,-44.28597357734027,0.0,0.0,hard,False,False,43.9952297685383,0.0,1.0,0.0,0.9804841750435145
5077,1767151429535,0.0,0.0,0.0,0.0,-44.28597357734027,0.0,0.0,hard,False,False,43.9952297685383,0.0,1.0,0.0,0.9804841750435145
5078,1767151429569,0.0,0.0,0.0,0.0,-44.28597357734027,0.0,0.0,hard,False,False,43.9952297685383,0.0,1.0,0.0,0.9804841750435145
5079,1767151429602,0.0,0.0,0.0,0.0,-44.28597357734027,0.0,0.0,hard,False,False,43.9952297685383,0.0,1.0,0.0,0.9804841750435145
5080,1767151429635,0.0,0.0,0.0,0.0,-44.28597357734027,0.0,0.0,hard,False,False,43.9952297685383,0.0,1.0,0.0,0.9804841750435145
5081,1767151429669,0.0,0.0,0.0,0.0,-44.28597357734027,0.0,0.0,hard,False,False,43.9952297685383,0.0,1.0,0.0,0.9804841750435145
5082,1767151429702,0.0,0.0,0.0,0.0,-44.28597357734027,0.0,0.0,hard,False,False,43.9952297685383,0.0,1.0,0.0,0.9804841750435145
5083,1767151429735,0.0,0.0,0.0,0.0,-44.28597357734027,0.0,0.0,hard,False,False,43.9952297685383,0.0,1.0,0.0,0.9804841750435145
5084,1767151429769,0.0,0.0,0.0,0.0,-44.28597357734027,0.0,0.0,hard,False,False,43.9952297685383,0.0,1.0,0.0,0.9804841750435145
5085,1767151429802,0.0,0.0,0.0,0.0,-44.28597357734027,0.0,0.0,hard,False,False,43.9952297685383,0.0,1.0,0.0,0.9804841750435145
5086,1767151429835,0.0,0.0,0.0,0.0,-44.28597357734027,0.0,0.0,hard,False,False,43.9952297685383,0.0,1.0,0.0,0.9804841750435145
5087,1767151429873,0.0,0.0,0.0,0.0,-44.28597357734027,0.0,0.0,hard,False,False,43.9952297685383,0.0,1.0,0.0,0.9804841750435145
5088,1767151429902,0.0,0.0,0.0,0.0,-44.28597357734027,0.0,0.0,hard,False,False,43.9952297685383,0.0,1.0,0.0,0.9804841750435145
5089,1767151429936,0.0,0.0,0.0,0.0,-44.28597357734027,0.0,0.0,hard,False,False,43.9952297685383,0.0,1.0,0.0,0.9804841750435145
5090,1767151429969,0.0,0.0,0.0,0.0,-44.28597357734027,0.0,0.0,hard,False,False,43.9952297685383,0.0,1.0,0.0,0.9804841750435145
5091,1767151430002,0.0,0.0,0.0,0.0,-44.28597357734027,0.0,0.0,hard,False,False,43.9952297685383,0.0,1.0,0.0,0.9804841750435145
5092,1767151430036,0.0,0.0,0.0,0.0,-44.28597357734027,0.0,0.0,hard,False,False,43.9952297685383,0.0,1.0,0.0,0.9804841750435145
5093,1767151430069,0.0,0.0,0.0,0.0,-44.28597357734027,0.0,0.0,hard,False,False,43.9952297685383,0.0,1.0,0.0,0.9804841750435145
5094,1767151430102,0.0,0.0,0.0,0.0,-44.28597357734027,0.0,0.0,hard,False,False,43.9952297685383,0.0,1.0,0.0,0.9804841750435145
5095,1767151430135,0.0,0.0,0.0,0.0,-44.28597357734027,0.0,0.0,hard,False,False,43.9952297685383,0.0,1.0,0.0,0.9804841750435145
5096,1767151430169,0.0,0.0,0.0,0.0,-44.28597357734027,0.0,0.0,hard,False,False,43.9952297685383,0.0,1.0,0.0,0.9804841750435145
5097,1767151430202,0.0,0.0,0.0,0.0,-44.28597357734027,0.0,0.0,hard,False,False,43.9952297685383,0.0,1.0,0.0,0.9804841750435145
5098,1767151430235,0.0,0.0,0.0,0.0,-44.28597357734027,0.0,0.0,hard,False,False,43.9952297685383,0.0,1.0,0.0,0.9804841750435145
5099,1767151430272,0.0,0.0,0.0,0.0,-44.28597357734027,0.0,0.0,hard,False,False,43.9952297685383,0.0,1.0,0.0,0.9804841750435145
5100,1767151430302,0.0,0.0,0.0,0.0,-44.28597357734027,0.0,0.0,hard,False,False,43.9952297685383,0.0,1.0,0.0,0.9804841750435145
5101,1767151430336,0.0,0.0,0.0,0.0,-44.28597357734027,0.0,0.0,hard,False,False,43.9952297685383,0.0,1.0,0.0,0.9804841750435145
5102,1767151430369,0.0,0.0,0.0,0.0,-44.28597357734027,0.0,0.0,hard,False,False,43.9952297685383,0.0,1.0,0.0,0.9804841750435145
5103,1767151430402,0.0,0.0,0.0,0.0,-44.28597357734027,0.0,0.0,hard,False,False,43.9952297685383,0.0,1.0,0.0,0.9804841750435145
5104,1767151430435,0.0,0.0,0.0,0.0,-44.28597357734027,0.0,0.0,hard,False,False,43.9952297685383,0.0,1.0,0.0,0.9804841750435145
5105,1767151430473,0.0,0.0,0.0,0.0,-44.28597357734027,0.0,0.0,hard,False,False,43.9952297685383,0.0,1.0,0.0,0.9804841750435145
5106,1767151430502,0.0,0.0,0.0,0.0,-44.28597357734027,0.0,0.0,hard,False,False,43.9952297685383,0.0,1.0,0.0,0.9804841750435145
5107,1767151430536,0.0,0.0,0.0,0.0,-44.28597357734027,0.0,0.0,hard,False,False,43.9952297685383,0.0,1.0,0.0,0.9804841750435145
5108,1767151430569,0.0,0.0,0.0,0.0,-44.28597357734027,0.0,0.0,hard,False,False,43.9952297685383,0.0,1.0,0.0,0.9804841750435145
5109,1767151430602,0.0,0.0,0.0,0.0,-44.28597357734027,0.0,0.0,hard,False,False,43.9952297685383,0.0,1.0,0.0,0.9804841750435145
5110,1767151430636,0.0,0.0,0.0,0.0,-44.28597357734027,0.0,0.0,hard,False,False,43.9952297685383,0.0,1.0,0.0,0.9804841750435145
5111,1767151430669,0.0,0.0,0.0,0.0,-44.28597357734027,0.0,0.0,hard,False,False,43.9952297685383,0.0,1.0,0.0,0.9804841750435145
5112,1767151430705,0.0,0.0,0.0,0.0,-44.28597357734027,0.0,0.0,hard,False,False,43.9952297685383,0.0,1.0,0.0,0.9804841750435145
5113,1767151430736,0.0,0.0,0.0,0.0,-44.28597357734027,0.0,0.0,hard,False,False,43.9952297685383,0.0,1.0,0.0,0.9804841750435145
5114,1767151430769,0.0,0.0,0.0,0.0,-44.28597357734027,0.0,0.0,hard,False,False,43.9952297685383,0.0,1.0,0.0,0.9804841750435145
5115,1767151430802,0.0,0.0,0.0,0.0,-44.28597357734027,0.0,0.0,hard,False,False,43.9952297685383,0.0,1.0,0.0,0.9804841750435145
5116,1767151430836,0.0,0.0,0.0,0.0,-44.28597357734027,0.0,0.0,hard,False,False,43.9952297685383,0.0,1.0,0.0,0.9804841750435145
5117,1767151430869,0.0,0.0,0.0,0.0,-44.28597357734027,0.0,0.0,hard,False,False,43.9952297685383,0.0,1.0,0.0,0.9804841750435145
5118,1767151430902,0.0,0.0,0.0,0.0,-44.28597357734027,0.0,0.0,hard,False,False,43.9952297685383,0.0,1.0,0.0,0.9804841750435145
5119,1767151430936,0.0,0.0,0.0,0.0,-44.28597357734027,0.0,0.0,hard,False,False,43.9952297685383,0.0,1.0,0.0,0.9804841750435145
5120,1767151430969,0.0,0.0,0.0,0.0,-44.28597357734027,0.0,0.0,hard,False,False,43.9952297685383,0.0,1.0,0.0,0.9804841750435145
5121,1767151431002,0.0,0.0,0.0,0.0,-44.28597357734027,0.0,0.0,hard,False,False,43.9952297685383,0.0,1.0,0.0,0.9804841750435145
5122,1767151431036,0.0,0.0,0.0,0.0,-44.28597357734027,0.0,0.0,hard,False,False,43.9952297685383,0.0,1.0,0.0,0.9804841750435145
5123,1767151431069,0.0,0.0,0.0,0.0,-44.28597357734027,0.0,0.0,hard,False,False,43.9952297685383,0.0,1.0,0.0,0.9804841750435145
5124,1767151431102,0.0,0.0,0.0,0.0,-44.28597357734027,0.0,0.0,hard,False,False,43.9952297685383,0.0,1.0,0.0,0.9804841750435145
5125,1767151431135,0.0,0.0,0.0,0.0,-44.28597357734027,0.0,0.0,hard,False,False,43.9952297685383,0.0,1.0,0.0,0.9804841750435145
5126,1767151431169,0.0,0.0,0.0,0.0,-44.28597357734027,0.0,0.0,hard,False,False,43.9952297685383,0.0,1.0,0.0,0.9804841750435145
5127,1767151431202,0.0,0.0,0.0,0.0,-44.28597357734027,0.0,0.0,hard,False,False,43.9952297685383,0.0,1.0,0.0,0.9804841750435145
5128,1767151431235,0.0,0.0,0.0,0.0,-44.28597357734027,0.0,0.0,hard,False,False,43.9952297685383,0.0,1.0,0.0,0.9804841750435145
5129,1767151431269,0.0,0.0,0.0,0.0,-44.28597357734027,0.0,0.0,hard,False,False,43.9952297685383,0.0,1.0,0.0,0.9804841750435145
5130,1767151431308,0.0,0.0,0.0,0.0,-44.28597357734027,0.0,0.0,hard,False,False,43.9952297685383,0.0,1.0,0.0,0.9804841750435145
5131,1767151431335,0.0,0.0,0.0,0.0,-44.28597357734027,0.0,0.0,hard,False,False,43.9952297685383,0.0,1.0,0.0,0.9804841750435145
5132,1767151431369,0.0,0.0,0.0,0.0,-44.28597357734027,0.0,0.0,hard,False,False,43.9952297685383,0.0,1.0,0.0,0.9804841750435145
5133,1767151431402,0.0,0.0,0.0,0.0,-44.28597357734027,0.0,0.0,hard,False,False,43.9952297685383,0.0,1.0,0.0,0.9804841750435145
5134,1767151431435,0.0,0.0,0.0,0.0,-44.28597357734027,0.0,0.0,hard,False,False,43.9952297685383,0.0,1.0,0.0,0.9804841750435145
5135,1767151431469,0.0,0.0,0.0,0.0,-44.28597357734027,0.0,0.0,hard,False,False,43.9952297685383,0.0,1.0,0.0,0.9804841750435145
5136,1767151431502,0.0,0.0,0.0,0.0,-44.28597357734027,0.0,0.0,hard,False,False,43.9952297685383,0.0,1.0,0.0,0.9804841750435145
5137,1767151431535,0.0,0.0,0.0,0.0,-44.28597357734027,0.0,0.0,hard,False,False,43.9952297685383,0.0,1.0,0.0,0.9804841750435145
5138,1767151431569,0.0,0.0,0.0,0.0,-44.28597357734027,0.0,0.0,hard,False,False,43.9952297685383,0.0,1.0,0.0,0.9804841750435145
5139,1767151431602,0.0,0.0,0.0,0.0,-44.28597357734027,0.0,0.0,hard,False,False,43.9952297685383,0.0,1.0,0.0,0.9804841750435145
5140,1767151431635,0.0,0.0,0.0,0.0,-44.28597357734027,0.0,0.0,hard,False,False,43.9952297685383,0.0,1.0,0.0,0.9804841750435145
5141,1767151431669,0.0,0.0,0.0,0.0,-44.28597357734027,0.0,0.0,hard,False,False,43.9952297685383,0.0,1.0,0.0,0.9804841750435145
5142,1767151431702,0.0,0.0,0.0,0.0,-44.28597357734027,0.0,0.0,hard,False,False,43.9952297685383,0.0,1.0,0.0,0.9804841750435145
5143,1767151431735,0.0,0.0,0.0,0.0,-44.28597357734027,0.0,0.0,hard,False,False,43.9952297685383,0.0,1.0,0.0,0.9804841750435145
5144,1767151431769,0.0,0.0,0.0,0.0,-44.28597357734027,0.0,0.0,hard,False,False,43.9952297685383,0.0,1.0,0.0,0.9804841750435145
5145,1767151431802,0.0,0.0,0.0,0.0,-44.28597357734027,0.0,0.0,hard,False,False,43.9952297685383,0.0,1.0,0.0,0.9804841750435145
5146,1767151431835,0.0,0.0,0.0,0.0,-44.28597357734027,0.0,0.0,hard,False,False,43.9952297685383,0.0,1.0,0.0,0.9804841750435145
5147,1767151431869,0.0,0.0,0.0,0.0,-44.28597357734027,0.0,0.0,hard,False,False,43.9952297685383,0.0,1.0,0.0,0.9804841750435145
5148,1767151431902,0.0,0.0,0.0,0.0,-44.28597357734027,0.0,0.0,hard,False,False,43.9952297685383,0.0,1.0,0.0,0.9804841750435145
5149,1767151431936,0.0,0.0,0.0,0.0,-44.28597357734027,0.0,0.0,hard,False,False,43.9952297685383,0.0,1.0,0.0,0.9804841750435145
5150,1767151431969,0.0,0.0,0.0,0.0,-44.28597357734027,0.0,0.0,hard,False,False,43.9952297685383,0.0,1.0,0.0,0.9804841750435145
5151,1767151432002,0.0,0.0,0.0,0.0,-44.28597357734027,0.0,0.0,hard,False,False,43.9952297685383,0.0,1.0,0.0,0.9804841750435145
5152,1767151432035,0.0,0.0,0.0,0.0,-44.28597357734027,0.0,0.0,hard,False,False,43.9952297685383,0.0,1.0,0.0,0.9804841750435145
5153,1767151432069,0.0,0.0,0.0,0.0,-44.28597357734027,0.0,0.0,hard,False,False,43.9952297685383,0.0,1.0,0.0,0.9804841750435145
5154,1767151432102,0.0,0.0,0.0,0.0,-44.28597357734027,0.0,0.0,hard,False,False,43.9952297685383,0.0,1.0,0.0,0.9804841750435145
5155,1767151432135,0.0,0.0,0.0,0.0,-44.28597357734027,0.0,0.0,hard,False,False,43.9952297685383,0.0,1.0,0.0,0.9804841750435145
5156,1767151432169,0.0,0.0,0.0,0.0,-44.28597357734027,0.0,0.0,hard,False,False,43.9952297685383,0.0,1.0,0.0,0.9804841750435145
5157,1767151432202,0.0,0.0,0.0,0.0,-44.28597357734027,0.0,0.0,hard,False,False,43.9952297685383,0.0,1.0,0.0,0.9804841750435145
5158,1767151432235,0.0,0.0,0.0,0.0,-44.28597357734027,0.0,0.0,hard,False,False,43.9952297685383,0.0,1.0,0.0,0.9804841750435145
5159,1767151432269,0.0,0.0,0.0,0.0,-44.28597357734027,0.0,0.0,hard,False,False,43.9952297685383,0.0,1.0,0.0,0.9804841750435145
5160,1767151432302,0.0,0.0,0.0,0.0,-44.28597357734027,0.0,0.0,hard,False,False,43.9952297685383,0.0,1.0,0.0,0.9804841750435145
5161,1767151432339,0.0,0.0,0.0,0.0,-44.28597357734027,0.0,0.0,hard,False,False,43.9952297685383,0.0,1.0,0.0,0.9804841750435145
5162,1767151432369,0.0,0.0,0.0,0.0,-44.28597357734027,0.0,0.0,hard,False,False,43.9952297685383,0.0,1.0,0.0,0.9804841750435145
5163,1767151432402,0.0,0.0,0.0,0.0,-44.28597357734027,0.0,0.0,hard,False,False,43.9952297685383,0.0,1.0,0.0,0.9804841750435145
5164,1767151432435,0.0,0.0,0.0,0.0,-44.28597357734027,0.0,0.0,hard,False,False,43.9952297685383,0.0,1.0,0.0,0.9804841750435145
5165,1767151432469,0.0,0.0,0.0,0.0,-44.28597357734027,0.0,0.0,hard,False,False,43.9952297685383,0.0,1.0,0.0,0.9804841750435145
5166,1767151432502,0.0,0.0,0.0,0.0,-44.28597357734027,0.0,0.0,hard,False,False,43.9952297685383,0.0,1.0,0.0,0.9804841750435145
5167,1767151432535,0.0,0.0,0.0,0.0,-44.28597357734027,0.0,0.0,hard,False,False,43.9952297685383,0.0,1.0,0.0,0.9804841750435145
5168,1767151432569,0.0,0.0,0.0,0.0,-44.28597357734027,0.0,0.0,hard,False,False,43.9952297685383,0.0,1.0,0.0,0.9804841750435145
5169,1767151432602,0.0,0.0,0.0,0.0,-44.28597357734027,0.0,0.0,hard,False,False,43.9952297685383,0.0,1.0,0.0,0.9804841750435145
5170,1767151432636,0.0,0.0,0.0,0.0,-44.28597357734027,0.0,0.0,hard,False,False,43.9952297685383,0.0,1.0,0.0,0.9804841750435145
5171,1767151432670,0.0,0.0,0.0,0.0,-44.28597357734027,0.0,0.0,hard,False,False,43.9952297685383,0.0,1.0,0.0,0.9804841750435145
5172,1767151432702,0.0,0.0,0.0,0.0,-44.28597357734027,0.0,0.0,hard,False,False,43.9952297685383,0.0,1.0,0.0,0.9804841750435145
5173,1767151432736,0.0,0.0,0.0,0.0,-44.28597357734027,0.0,0.0,hard,False,False,43.9952297685383,0.0,1.0,0.0,0.9804841750435145
5174,1767151432769,0.0,0.0,0.0,0.0,-44.28597357734027,0.0,0.0,hard,False,False,43.9952297685383,0.0,1.0,0.0,0.9804841750435145
5175,1767151432808,0.0,0.0,0.0,0.0,-44.28597357734027,0.0,0.0,hard,False,False,43.9952297685383,0.0,1.0,0.0,0.9804841750435145
5176,1767151432839,0.0,0.0,0.0,0.0,-44.28597357734027,0.0,0.0,hard,False,False,43.9952297685383,0.0,1.0,0.0,0.9804841750435145
5177,1767151432870,0.0,0.0,0.0,0.0,-44.28597357734027,0.0,0.0,hard,False,False,43.9952297685383,0.0,1.0,0.0,0.9804841750435145
5178,1767151432909,0.0,0.0,0.0,0.0,-44.28597357734027,0.0,0.0,hard,False,False,43.9952297685383,0.0,1.0,0.0,0.9804841750435145
5179,1767151432940,0.0,0.0,0.0,0.0,-44.28597357734027,0.0,0.0,hard,False,False,43.9952297685383,0.0,1.0,0.0,0.9804841750435145
5180,1767151432969,0.0,0.0,0.0,0.0,-44.28597357734027,0.0,0.0,hard,False,False,43.9952297685383,0.0,1.0,0.0,0.9804841750435145
5181,1767151433002,0.0,0.0,0.0,0.0,-44.28597357734027,0.0,0.0,hard,False,False,43.9952297685383,0.0,1.0,0.0,0.9804841750435145
5182,1767151433036,0.0,0.0,0.0,0.0,-44.28597357734027,0.0,0.0,hard,False,False,43.9952297685383,0.0,1.0,0.0,0.9804841750435145
5183,1767151433069,0.0,0.0,0.0,0.0,-44.28597357734027,0.0,0.0,hard,False,False,43.9952297685383,0.0,1.0,0.0,0.9804841750435145
5184,1767151433136,0.0,0.0,0.0,0.0,-44.28597357734027,0.0,0.0,hard,False,False,43.9952297685383,0.0,1.0,0.0,0.9804841750435145
5185,1767151433174,0.0,0.0,0.0,0.0,-44.28597357734027,0.0,0.0,hard,False,False,43.9952297685383,0.0,1.0,0.0,0.9804841750435145
5186,1767151433207,0.0,0.0,0.0,0.0,-44.28597357734027,0.0,0.0,hard,False,False,43.9952297685383,0.0,1.0,0.0,0.9804841750435145
5187,1767151433239,0.0,0.0,0.0,0.0,-44.28597357734027,0.0,0.0,hard,False,False,43.9952297685383,0.0,1.0,0.0,0.9804841750435145
5188,1767151433269,0.0,0.0,0.0,0.0,-44.28597357734027,0.0,0.0,hard,False,False,43.9952297685383,0.0,1.0,0.0,0.9804841750435145
5189,1767151433303,0.0,0.0,0.0,0.0,-44.28597357734027,0.0,0.0,hard,False,False,43.9952297685383,0.0,1.0,0.0,0.9804841750435145
5190,1767151433336,0.0,0.0,0.0,0.0,-44.28597357734027,0.0,0.0,hard,False,False,43.9952297685383,0.0,1.0,0.0,0.9804841750435145
5191,1767151433371,0.0,0.0,0.0,0.0,-44.28597357734027,0.0,0.0,hard,False,False,43.9952297685383,0.0,1.0,0.0,0.9804841750435145
5192,1767151433402,0.0,0.0,0.0,0.0,-44.28597357734027,0.0,0.0,hard,False,False,43.9952297685383,0.0,1.0,0.0,0.9804841750435145
5193,1767151433436,0.0,0.0,0.0,0.0,-44.28597357734027,0.0,0.0,hard,False,False,43.9952297685383,0.0,1.0,0.0,0.9804841750435145
5194,1767151433469,0.0,0.0,0.0,0.0,-44.28597357734027,0.0,0.0,hard,False,False,43.9952297685383,0.0,1.0,0.0,0.9804841750435145
5195,1767151433502,0.0,0.0,0.0,0.0,-44.28597357734027,0.0,0.0,hard,False,False,43.9952297685383,0.0,1.0,0.0,0.9804841750435145
5196,1767151433536,0.0,0.0,0.0,0.0,-44.28597357734027,0.0,0.0,hard,False,False,43.9952297685383,0.0,1.0,0.0,0.9804841750435145
5197,1767151433569,0.0,0.0,0.0,0.0,-44.28597357734027,0.0,0.0,hard,False,False,43.9952297685383,0.0,1.0,0.0,0.9804841750435145
5198,1767151433602,0.0,0.0,0.0,0.0,-44.28597357734027,0.0,0.0,hard,False,False,43.9952297685383,0.0,1.0,0.0,0.9804841750435145
5199,1767151433635,0.0,0.0,0.0,0.0,-44.28597357734027,0.0,0.0,hard,False,False,43.9952297685383,0.0,1.0,0.0,0.9804841750435145
5200,1767151433669,0.0,0.0,0.0,0.0,-44.28597357734027,0.0,0.0,hard,False,False,43.9952297685383,0.0,1.0,0.0,0.9804841750435145
5201,1767151433702,0.0,0.0,0.0,0.0,-44.28597357734027,0.0,0.0,hard,False,False,43.9952297685383,0.0,1.0,0.0,0.9804841750435145
5202,1767151433736,0.0,0.0,0.0,0.0,-44.28597357734027,0.0,0.0,hard,False,False,43.9952297685383,0.0,1.0,0.0,0.9804841750435145
5203,1767151433769,0.0,0.0,0.0,0.0,-44.28597357734027,0.0,0.0,hard,False,False,43.9952297685383,0.0,1.0,0.0,0.9804841750435145
5204,1767151433802,0.0,0.0,0.0,0.0,-44.28597357734027,0.0,0.0,hard,False,False,43.9952297685383,0.0,1.0,0.0,0.9804841750435145
5205,1767151433836,0.0,0.0,0.0,0.0,-44.28597357734027,0.0,0.0,hard,False,False,43.9952297685383,0.0,1.0,0.0,0.9804841750435145
5206,1767151433869,0.0,0.0,0.0,0.0,-44.28597357734027,0.0,0.0,hard,False,False,43.9952297685383,0.0,1.0,0.0,0.9804841750435145
5207,1767151433902,0.0,0.0,0.0,0.0,-44.28597357734027,0.0,0.0,hard,False,False,43.9952297685383,0.0,1.0,0.0,0.9804841750435145
5208,1767151433936,0.0,0.0,0.0,0.0,-44.28597357734027,0.0,0.0,hard,False,False,43.9952297685383,0.0,1.0,0.0,0.9804841750435145
5209,1767151433969,0.0,0.0,0.0,0.0,-44.28597357734027,0.0,0.0,hard,False,False,43.9952297685383,0.0,1.0,0.0,0.9804841750435145
5210,1767151434002,0.0,0.0,0.0,0.0,-44.28597357734027,0.0,0.0,hard,False,False,43.9952297685383,0.0,1.0,0.0,0.9804841750435145
5211,1767151434036,0.0,0.0,0.0,0.0,-44.28597357734027,0.0,0.0,hard,False,False,43.9952297685383,0.0,1.0,0.0,0.9804841750435145
5212,1767151434069,0.0,0.0,0.0,0.0,-44.28597357734027,0.0,0.0,hard,False,False,43.9952297685383,0.0,1.0,0.0,0.9804841750435145
5213,1767151434102,0.0,0.0,0.0,0.0,-44.28597357734027,0.0,0.0,hard,False,False,43.9952297685383,0.0,1.0,0.0,0.9804841750435145
5214,1767151434138,0.0,0.0,0.0,0.0,-44.28597357734027,0.0,0.0,hard,False,False,43.9952297685383,0.0,1.0,0.0,0.9804841750435145
5215,1767151434344,0.0,0.0,0.0,0.0,-44.28597357734027,0.0,0.0,hard,False,False,43.9952297685383,0.0,1.0,0.0,0.9804841750435145
5216,1767151434360,0.0,0.0,0.0,0.0,-44.28597357734027,0.0,0.0,hard,False,False,43.9952297685383,0.0,1.0,0.0,0.9804841750435145
5217,1767151434378,0.0,0.0,0.0,0.0,-44.28597357734027,0.0,0.0,hard,False,False,43.9952297685383,0.0,1.0,0.0,0.9804841750435145
5218,1767151434396,0.0,0.0,0.0,0.0,-44.28597357734027,0.0,0.0,hard,False,False,43.9952297685383,0.0,1.0,0.0,0.9804841750435145
5219,1767151434414,0.0,0.0,0.0,0.0,-44.28597357734027,0.0,0.0,hard,False,False,43.9952297685383,0.0,1.0,0.0,0.9804841750435145
5220,1767151434434,0.0,0.0,0.0,0.0,-44.28597357734027,0.0,0.0,hard,False,False,43.9952297685383,0.0,1.0,0.0,0.9804841750435145
5221,1767151434454,0.0,0.0,0.0,0.0,-44.28597357734027,0.0,0.0,hard,False,False,43.9952297685383,0.0,1.0,0.0,0.9804841750435145
5222,1767151434473,0.0,0.0,0.0,0.0,-44.28597357734027,0.0,0.0,hard,False,False,43.9952297685383,0.0,1.0,0.0,0.9804841750435145
5223,1767151434502,0.0,0.0,0.0,0.0,-44.28597357734027,0.0,0.0,hard,False,False,43.9952297685383,0.0,1.0,0.0,0.9804841750435145
5224,1767151434535,0.0,0.0,0.0,0.0,-44.28597357734027,0.0,0.0,hard,False,False,43.9952297685383,0.0,1.0,0.0,0.9804841750435145
5225,1767151434569,0.0,0.0,0.0,0.0,-44.28597357734027,0.0,0.0,hard,False,False,43.9952297685383,0.0,1.0,0.0,0.9804841750435145
5226,1767151434602,0.0,0.0,0.0,0.0,-44.28597357734027,0.0,0.0,hard,False,False,43.9952297685383,0.0,1.0,0.0,0.9804841750435145
5227,1767151434636,0.0,0.0,0.0,0.0,-44.28597357734027,0.0,0.0,hard,False,False,43.9952297685383,0.0,1.0,0.0,0.9804841750435145
5228,1767151434669,0.0,0.0,0.0,0.0,-44.28597357734027,0.0,0.0,hard,False,False,43.9952297685383,0.0,1.0,0.0,0.9804841750435145
5229,1767151434702,0.0,0.0,0.0,0.0,-44.28597357734027,0.0,0.0,hard,False,False,43.9952297685383,0.0,1.0,0.0,0.9804841750435145
5230,1767151434798,0.0,0.0,0.0,0.0,-44.28597357734027,0.0,0.0,hard,False,False,43.9952297685383,0.0,1.0,0.0,0.9804841750435145
5231,1767151434817,0.0,0.0,0.0,0.0,-44.28597357734027,0.0,0.0,hard,False,False,43.9952297685383,0.0,1.0,0.0,0.9804841750435145
5232,1767151434839,0.0,0.0,0.0,0.0,-44.28597357734027,0.0,0.0,hard,False,False,43.9952297685383,0.0,1.0,0.0,0.9804841750435145
5233,1767151434858,0.0,0.0,0.0,0.0,-44.28597357734027,0.0,0.0,hard,False,False,43.9952297685383,0.0,1.0,0.0,0.9804841750435145
5234,1767151434878,0.0,0.0,0.0,0.0,-44.28597357734027,0.0,0.0,hard,False,False,43.9952297685383,0.0,1.0,0.0,0.9804841750435145
5235,1767151434902,0.0,0.0,0.0,0.0,-44.28597357734027,0.0,0.0,hard,False,False,43.9952297685383,0.0,1.0,0.0,0.9804841750435145
5236,1767151434936,0.0,0.0,0.0,0.0,-44.28597357734027,0.0,0.0,hard,False,False,43.9952297685383,0.0,1.0,0.0,0.9804841750435145
5237,1767151434969,0.0,0.0,0.0,0.0,-44.28597357734027,0.0,0.0,hard,False,False,43.9952297685383,0.0,1.0,0.0,0.9804841750435145
5238,1767151435003,0.0,0.0,0.0,0.0,-44.28597357734027,0.0,0.0,hard,False,False,43.9952297685383,0.0,1.0,0.0,0.9804841750435145
5239,1767151435036,0.0,0.0,0.0,0.0,-44.28597357734027,0.0,0.0,hard,False,False,43.9952297685383,0.0,1.0,0.0,0.9804841750435145
5240,1767151435069,0.0,0.0,0.0,0.0,-44.28597357734027,0.0,0.0,hard,False,False,43.9952297685383,0.0,1.0,0.0,0.9804841750435145
5241,1767151435102,0.0,0.0,0.0,0.0,-44.28597357734027,0.0,0.0,hard,False,False,43.9952297685383,0.0,1.0,0.0,0.9804841750435145
5242,1767151435135,0.0,0.0,0.0,0.0,-44.28597357734027,0.0,0.0,hard,False,False,43.9952297685383,0.0,1.0,0.0,0.9804841750435145
5243,1767151435169,0.0,0.0,0.0,0.0,-44.28597357734027,0.0,0.0,hard,False,False,43.9952297685383,0.0,1.0,0.0,0.9804841750435145
5244,1767151435202,0.0,0.0,0.0,0.0,-44.28597357734027,0.0,0.0,hard,False,False,43.9952297685383,0.0,1.0,0.0,0.9804841750435145
5245,1767151435236,0.0,0.0,0.0,0.0,-44.28597357734027,0.0,0.0,hard,False,False,43.9952297685383,0.0,1.0,0.0,0.9804841750435145
5246,1767151435269,0.0,0.0,0.0,0.0,-44.28597357734027,0.0,0.0,hard,False,False,43.9952297685383,0.0,1.0,0.0,0.9804841750435145
5247,1767151435303,0.0,0.0,0.0,0.0,-44.28597357734027,0.0,0.0,hard,False,False,43.9952297685383,0.0,1.0,0.0,0.9804841750435145
5248,1767151435336,0.0,0.0,0.0,0.0,-44.28597357734027,0.0,0.0,hard,False,False,43.9952297685383,0.0,1.0,0.0,0.9804841750435145
5249,1767151435369,0.0,0.0,0.0,0.0,-44.28597357734027,0.0,0.0,hard,False,False,43.9952297685383,0.0,1.0,0.0,0.9804841750435145
5250,1767151435402,0.0,0.0,0.0,0.0,-44.28597357734027,0.0,0.0,hard,False,False,43.9952297685383,0.0,1.0,0.0,0.9804841750435145
5251,1767151435436,0.0,0.0,0.0,0.0,-44.28597357734027,0.0,0.0,hard,False,False,43.9952297685383,0.0,1.0,0.0,0.9804841750435145
5252,1767151435470,0.0,0.0,0.0,0.0,-44.28597357734027,0.0,0.0,hard,False,False,43.9952297685383,0.0,1.0,0.0,0.9804841750435145
5253,1767151435502,0.0,0.0,0.0,0.0,-44.28597357734027,0.0,0.0,hard,False,False,43.9952297685383,0.0,1.0,0.0,0.9804841750435145
5254,1767151435536,0.0,0.0,0.0,0.0,-44.28597357734027,0.0,0.0,hard,False,False,43.9952297685383,0.0,1.0,0.0,0.9804841750435145
5255,1767151435569,0.0,0.0,0.0,0.0,-44.28597357734027,0.0,0.0,hard,False,False,43.9952297685383,0.0,1.0,0.0,0.9804841750435145
5256,1767151435603,0.0,0.0,0.0,0.0,-44.28597357734027,0.0,0.0,hard,False,False,43.9952297685383,0.0,1.0,0.0,0.9804841750435145
5257,1767151435636,0.0,0.0,0.0,0.0,-44.28597357734027,0.0,0.0,hard,False,False,43.9952297685383,0.0,1.0,0.0,0.9804841750435145
5258,1767151435669,0.0,0.0,0.0,0.0,-44.28597357734027,0.0,0.0,hard,False,False,43.9952297685383,0.0,1.0,0.0,0.9804841750435145
5259,1767151435702,0.0,0.0,0.0,0.0,-44.28597357734027,0.0,0.0,hard,False,False,43.9952297685383,0.0,1.0,0.0,0.9804841750435145
5260,1767151435736,0.0,0.0,0.0,0.0,-44.28597357734027,0.0,0.0,hard,False,False,43.9952297685383,0.0,1.0,0.0,0.9804841750435145
5261,1767151435769,0.0,0.0,0.0,0.0,-44.28597357734027,0.0,0.0,hard,False,False,43.9952297685383,0.0,1.0,0.0,0.9804841750435145
5262,1767151435803,0.0,0.0,0.0,0.0,-44.28597357734027,0.0,0.0,hard,False,False,43.9952297685383,0.0,1.0,0.0,0.9804841750435145
5263,1767151435836,0.0,0.0,0.0,0.0,-44.28597357734027,0.0,0.0,hard,False,False,43.9952297685383,0.0,1.0,0.0,0.9804841750435145
5264,1767151435869,0.0,0.0,0.0,0.0,-44.28597357734027,0.0,0.0,hard,False,False,43.9952297685383,0.0,1.0,0.0,0.9804841750435145
5265,1767151435903,0.0,0.0,0.0,0.0,-44.28597357734027,0.0,0.0,hard,False,False,43.9952297685383,0.0,1.0,0.0,0.9804841750435145
5266,1767151435936,0.0,0.0,0.0,0.0,-44.28597357734027,0.0,0.0,hard,False,False,43.9952297685383,0.0,1.0,0.0,0.9804841750435145
5267,1767151435969,0.0,0.0,0.0,0.0,-44.28597357734027,0.0,0.0,hard,False,False,43.9952297685383,0.0,1.0,0.0,0.9804841750435145
5268,1767151436003,0.0,0.0,0.0,0.0,-44.28597357734027,0.0,0.0,hard,False,False,43.9952297685383,0.0,1.0,0.0,0.9804841750435145
5269,1767151436036,0.0,0.0,0.0,0.0,-44.28597357734027,0.0,0.0,hard,False,False,43.9952297685383,0.0,1.0,0.0,0.9804841750435145
5270,1767151436069,0.0,0.0,0.0,0.0,-44.28597357734027,0.0,0.0,hard,False,False,43.9952297685383,0.0,1.0,0.0,0.9804841750435145
5271,1767151436102,0.0,0.0,0.0,0.0,-44.28597357734027,0.0,0.0,hard,False,False,43.9952297685383,0.0,1.0,0.0,0.9804841750435145
5272,1767151436136,0.0,0.0,0.0,0.0,-44.28597357734027,0.0,0.0,hard,False,False,43.9952297685383,0.0,1.0,0.0,0.9804841750435145
5273,1767151436169,0.0,0.0,0.0,0.0,-44.28597357734027,0.0,0.0,hard,False,False,43.9952297685383,0.0,1.0,0.0,0.9804841750435145
5274,1767151436202,0.0,0.0,0.0,0.0,-44.28597357734027,0.0,0.0,hard,False,False,43.9952297685383,0.0,1.0,0.0,0.9804841750435145
5275,1767151436236,0.0,0.0,0.0,0.0,-44.28597357734027,0.0,0.0,hard,False,False,43.9952297685383,0.0,1.0,0.0,0.9804841750435145
5276,1767151436269,0.0,0.0,0.0,0.0,-44.28597357734027,0.0,0.0,hard,False,False,43.9952297685383,0.0,1.0,0.0,0.9804841750435145
5277,1767151436302,0.0,0.0,0.0,0.0,-44.28597357734027,0.0,0.0,hard,False,False,43.9952297685383,0.0,1.0,0.0,0.9804841750435145
5278,1767151436340,0.0,0.0,0.0,0.0,-44.28597357734027,0.0,0.0,hard,False,False,43.9952297685383,0.0,1.0,0.0,0.9804841750435145
5279,1767151436369,0.0,0.0,0.0,0.0,-44.28597357734027,0.0,0.0,hard,False,False,43.9952297685383,0.0,1.0,0.0,0.9804841750435145
5280,1767151436402,0.0,0.0,0.0,0.0,-44.28597357734027,0.0,0.0,hard,False,False,43.9952297685383,0.0,1.0,0.0,0.9804841750435145
5281,1767151436436,0.0,0.0,0.0,0.0,-44.28597357734027,0.0,0.0,hard,False,False,43.9952297685383,0.0,1.0,0.0,0.9804841750435145
5282,1767151436473,0.0,0.0,0.0,0.0,-44.28597357734027,0.0,0.0,hard,False,False,43.9952297685383,0.0,1.0,0.0,0.9804841750435145
5283,1767151436502,0.0,0.0,0.0,0.0,-44.28597357734027,0.0,0.0,hard,False,False,43.9952297685383,0.0,1.0,0.0,0.9804841750435145
5284,1767151436536,0.0,0.0,0.0,0.0,-44.28597357734027,0.0,0.0,hard,False,False,43.9952297685383,0.0,1.0,0.0,0.9804841750435145
5285,1767151436569,0.0,0.0,0.0,0.0,-44.28597357734027,0.0,0.0,hard,False,False,43.9952297685383,0.0,1.0,0.0,0.9804841750435145
5286,1767151436602,0.0,0.0,0.0,0.0,-44.28597357734027,0.0,0.0,hard,False,False,43.9952297685383,0.0,1.0,0.0,0.9804841750435145
5287,1767151436636,0.0,0.0,0.0,0.0,-44.28597357734027,0.0,0.0,hard,False,False,43.9952297685383,0.0,1.0,0.0,0.9804841750435145
5288,1767151436669,0.0,0.0,0.0,0.0,-44.28597357734027,0.0,0.0,hard,False,False,43.9952297685383,0.0,1.0,0.0,0.9804841750435145
5289,1767151436703,0.0,0.0,0.0,0.0,-44.28597357734027,0.0,0.0,hard,False,False,43.9952297685383,0.0,1.0,0.0,0.9804841750435145
5290,1767151436736,0.0,0.0,0.0,0.0,-44.28597357734027,0.0,0.0,hard,False,False,43.9952297685383,0.0,1.0,0.0,0.9804841750435145
5291,1767151436769,0.0,0.0,0.0,0.0,-44.28597357734027,0.0,0.0,hard,False,False,43.9952297685383,0.0,1.0,0.0,0.9804841750435145
5292,1767151436802,0.0,0.0,0.0,0.0,-44.28597357734027,0.0,0.0,hard,False,False,43.9952297685383,0.0,1.0,0.0,0.9804841750435145
5293,1767151436836,0.0,0.0,0.0,0.0,-44.28597357734027,0.0,0.0,hard,False,False,43.9952297685383,0.0,1.0,0.0,0.9804841750435145
5294,1767151436869,0.0,0.0,0.0,0.0,-44.28597357734027,0.0,0.0,hard,False,False,43.9952297685383,0.0,1.0,0.0,0.9804841750435145
5295,1767151436903,0.0,0.0,0.0,0.0,-44.28597357734027,0.0,0.0,hard,False,False,43.9952297685383,0.0,1.0,0.0,0.9804841750435145
5296,1767151436938,0.0,0.0,0.0,0.0,-44.28597357734027,0.0,0.0,hard,False,False,43.9952297685383,0.0,1.0,0.0,0.9804841750435145
5297,1767151436969,0.0,0.0,0.0,0.0,-44.28597357734027,0.0,0.0,hard,False,False,43.9952297685383,0.0,1.0,0.0,0.9804841750435145
5298,1767151437003,0.0,0.0,0.0,0.0,-44.28597357734027,0.0,0.0,hard,False,False,43.9952297685383,0.0,1.0,0.0,0.9804841750435145
5299,1767151437036,0.0,0.0,0.0,0.0,-44.28597357734027,0.0,0.0,hard,False,False,43.9952297685383,0.0,1.0,0.0,0.9804841750435145
5300,1767151437069,0.0,0.0,0.0,0.0,-44.28597357734027,0.0,0.0,hard,False,False,43.9952297685383,0.0,1.0,0.0,0.9804841750435145
5301,1767151437103,0.0,0.0,0.0,0.0,-44.28597357734027,0.0,0.0,hard,False,False,43.9952297685383,0.0,1.0,0.0,0.9804841750435145
5302,1767151437138,0.0,0.0,0.0,0.0,-44.28597357734027,0.0,0.0,hard,False,False,43.9952297685383,0.0,1.0,0.0,0.9804841750435145
5303,1767151437169,0.0,0.0,0.0,0.0,-44.28597357734027,0.0,0.0,hard,False,False,43.9952297685383,0.0,1.0,0.0,0.9804841750435145
5304,1767151437202,0.0,0.0,0.0,0.0,-44.28597357734027,0.0,0.0,hard,False,False,43.9952297685383,0.0,1.0,0.0,0.9804841750435145
5305,1767151437236,0.0,0.0,0.0,0.0,-44.28597357734027,0.0,0.0,hard,False,False,43.9952297685383,0.0,1.0,0.0,0.9804841750435145
5306,1767151437269,0.0,0.0,0.0,0.0,-44.28597357734027,0.0,0.0,hard,False,False,43.9952297685383,0.0,1.0,0.0,0.9804841750435145
5307,1767151437302,0.0,0.0,0.0,0.0,-44.28597357734027,0.0,0.0,hard,False,False,43.9952297685383,0.0,1.0,0.0,0.9804841750435145
5308,1767151437336,0.0,0.0,0.0,0.0,-44.28597357734027,0.0,0.0,hard,False,False,43.9952297685383,0.0,1.0,0.0,0.9804841750435145
5309,1767151437369,0.0,0.0,0.0,0.0,-44.28597357734027,0.0,0.0,hard,False,False,43.9952297685383,0.0,1.0,0.0,0.9804841750435145
5310,1767151437402,0.0,0.0,0.0,0.0,-44.28597357734027,0.0,0.0,hard,False,False,43.9952297685383,0.0,1.0,0.0,0.9804841750435145
5311,1767151437439,0.0,0.0,0.0,0.0,-44.28597357734027,0.0,0.0,hard,False,False,43.9952297685383,0.0,1.0,0.0,0.9804841750435145
5312,1767151437469,0.0,0.0,0.0,0.0,-44.28597357734027,0.0,0.0,hard,False,False,43.9952297685383,0.0,1.0,0.0,0.9804841750435145
5313,1767151437502,0.0,0.0,0.0,0.0,-44.28597357734027,0.0,0.0,hard,False,False,43.9952297685383,0.0,1.0,0.0,0.9804841750435145
5314,1767151437536,0.0,0.0,0.0,0.0,-44.28597357734027,0.0,0.0,hard,False,False,43.9952297685383,0.0,1.0,0.0,0.9804841750435145
5315,1767151437569,0.0,0.0,0.0,0.0,-44.28597357734027,0.0,0.0,hard,False,False,43.9952297685383,0.0,1.0,0.0,0.9804841750435145
5316,1767151437602,0.0,0.0,0.0,0.0,-44.28597357734027,0.0,0.0,hard,False,False,43.9952297685383,0.0,1.0,0.0,0.9804841750435145
5317,1767151437636,0.0,0.0,0.0,0.0,-44.28597357734027,0.0,0.0,hard,False,False,43.9952297685383,0.0,1.0,0.0,0.9804841750435145
5318,1767151437703,0.0,0.0,0.0,0.0,-44.28597357734027,0.0,0.0,hard,False,False,43.9952297685383,0.0,1.0,0.0,0.9804841750435145
5319,1767151437736,0.0,0.0,0.0,0.0,-44.28597357734027,0.0,0.0,hard,False,False,43.9952297685383,0.0,1.0,0.0,0.9804841750435145
5320,1767151437769,0.0,0.0,0.0,0.0,-44.28597357734027,0.0,0.0,hard,False,False,43.9952297685383,0.0,1.0,0.0,0.9804841750435145
5321,1767151437803,0.0,0.0,0.0,0.0,-44.28597357734027,0.0,0.0,hard,False,False,43.9952297685383,0.0,1.0,0.0,0.9804841750435145
5322,1767151437836,0.0,0.0,0.0,0.0,-44.28597357734027,0.0,0.0,hard,False,False,43.9952297685383,0.0,1.0,0.0,0.9804841750435145
5323,1767151437869,0.0,0.0,0.0,0.0,-44.28597357734027,0.0,0.0,hard,False,False,43.9952297685383,0.0,1.0,0.0,0.9804841750435145
5324,1767151437902,0.0,0.0,0.0,0.0,-44.28597357734027,0.0,0.0,hard,False,False,43.9952297685383,0.0,1.0,0.0,0.9804841750435145
5325,1767151437937,0.0,0.0,0.0,0.0,-44.28597357734027,0.0,0.0,hard,False,False,43.9952297685383,0.0,1.0,0.0,0.9804841750435145
5326,1767151437969,0.0,0.0,0.0,0.0,-44.28597357734027,0.0,0.0,hard,False,False,43.9952297685383,0.0,1.0,0.0,0.9804841750435145
5327,1767151438002,0.0,0.0,0.0,0.0,-44.28597357734027,0.0,0.0,hard,False,False,43.9952297685383,0.0,1.0,0.0,0.9804841750435145
5328,1767151438036,0.0,0.0,0.0,0.0,-44.28597357734027,0.0,0.0,hard,False,False,43.9952297685383,0.0,1.0,0.0,0.9804841750435145
5329,1767151438069,0.0,0.0,0.0,0.0,-44.28597357734027,0.0,0.0,hard,False,False,43.9952297685383,0.0,1.0,0.0,0.9804841750435145
5330,1767151438103,0.0,0.0,0.0,0.0,-44.28597357734027,0.0,0.0,hard,False,False,43.9952297685383,0.0,1.0,0.0,0.9804841750435145
5331,1767151438136,0.0,0.0,0.0,0.0,-44.28597357734027,0.0,0.0,hard,False,False,43.9952297685383,0.0,1.0,0.0,0.9804841750435145
5332,1767151438169,0.0,0.0,0.0,0.0,-44.28597357734027,0.0,0.0,hard,False,False,43.9952297685383,0.0,1.0,0.0,0.9804841750435145
5333,1767151438203,0.0,0.0,0.0,0.0,-44.28597357734027,0.0,0.0,hard,False,False,43.9952297685383,0.0,1.0,0.0,0.9804841750435145
5334,1767151438236,0.0,0.0,0.0,0.0,-44.28597357734027,0.0,0.0,hard,False,False,43.9952297685383,0.0,1.0,0.0,0.9804841750435145
5335,1767151438269,0.0,0.0,0.0,0.0,-44.28597357734027,0.0,0.0,hard,False,False,43.9952297685383,0.0,1.0,0.0,0.9804841750435145
5336,1767151438302,0.0,0.0,0.0,0.0,-44.28597357734027,0.0,0.0,hard,False,False,43.9952297685383,0.0,1.0,0.0,0.9804841750435145
5337,1767151438336,0.0,0.0,0.0,0.0,-44.28597357734027,0.0,0.0,hard,False,False,43.9952297685383,0.0,1.0,0.0,0.9804841750435145
5338,1767151438369,0.0,0.0,0.0,0.0,-44.28597357734027,0.0,0.0,hard,False,False,43.9952297685383,0.0,1.0,0.0,0.9804841750435145
5339,1767151438404,0.0,0.0,0.0,0.0,-44.28597357734027,0.0,0.0,hard,False,False,43.9952297685383,0.0,1.0,0.0,0.9804841750435145
5340,1767151438436,0.0,0.0,0.0,0.0,-44.28597357734027,0.0,0.0,hard,False,False,43.9952297685383,0.0,1.0,0.0,0.9804841750435145
5341,1767151438469,0.0,0.0,0.0,0.0,-44.28597357734027,0.0,0.0,hard,False,False,43.9952297685383,0.0,1.0,0.0,0.9804841750435145
5342,1767151438502,0.0,0.0,0.0,0.0,-44.28597357734027,0.0,0.0,hard,False,False,43.9952297685383,0.0,1.0,0.0,0.9804841750435145
5343,1767151438539,0.0,0.0,0.0,0.0,-44.28597357734027,0.0,0.0,hard,False,False,43.9952297685383,0.0,1.0,0.0,0.9804841750435145
5344,1767151438569,0.0,0.0,0.0,0.0,-44.28597357734027,0.0,0.0,hard,False,False,43.9952297685383,0.0,1.0,0.0,0.9804841750435145
5345,1767151438603,0.0,0.0,0.0,0.0,-44.28597357734027,0.0,0.0,hard,False,False,43.9952297685383,0.0,1.0,0.0,0.9804841750435145
5346,1767151438636,0.0,0.0,0.0,0.0,-44.28597357734027,0.0,0.0,hard,False,False,43.9952297685383,0.0,1.0,0.0,0.9804841750435145
5347,1767151438669,0.0,0.0,0.0,0.0,-44.28597357734027,0.0,0.0,hard,False,False,43.9952297685383,0.0,1.0,0.0,0.9804841750435145
5348,1767151438703,0.0,0.0,0.0,0.0,-44.28597357734027,0.0,0.0,hard,False,False,43.9952297685383,0.0,1.0,0.0,0.9804841750435145
5349,1767151438736,0.0,0.0,0.0,0.0,-44.28597357734027,0.0,0.0,hard,False,False,43.9952297685383,0.0,1.0,0.0,0.9804841750435145
5350,1767151438769,0.0,0.0,0.0,0.0,-44.28597357734027,0.0,0.0,hard,False,False,43.9952297685383,0.0,1.0,0.0,0.9804841750435145
5351,1767151438802,0.0,0.0,0.0,0.0,-44.28597357734027,0.0,0.0,hard,False,False,43.9952297685383,0.0,1.0,0.0,0.9804841750435145
5352,1767151438836,0.0,0.0,0.0,0.0,-44.28597357734027,0.0,0.0,hard,False,False,43.9952297685383,0.0,1.0,0.0,0.9804841750435145
5353,1767151438869,0.0,0.0,0.0,0.0,-44.28597357734027,0.0,0.0,hard,False,False,43.9952297685383,0.0,1.0,0.0,0.9804841750435145
5354,1767151438902,0.0,0.0,0.0,0.0,-44.28597357734027,0.0,0.0,hard,False,False,43.9952297685383,0.0,1.0,0.0,0.9804841750435145
5355,1767151438937,0.0,0.0,0.0,0.0,-44.28597357734027,0.0,0.0,hard,False,False,43.9952297685383,0.0,1.0,0.0,0.9804841750435145
5356,1767151438969,0.0,0.0,0.0,0.0,-44.28597357734027,0.0,0.0,hard,False,False,43.9952297685383,0.0,1.0,0.0,0.9804841750435145
5357,1767151439003,0.0,0.0,0.0,0.0,-44.28597357734027,0.0,0.0,hard,False,False,43.9952297685383,0.0,1.0,0.0,0.9804841750435145
5358,1767151439036,0.0,0.0,0.0,0.0,-44.28597357734027,0.0,0.0,hard,False,False,43.9952297685383,0.0,1.0,0.0,0.9804841750435145
5359,1767151439069,0.0,0.0,0.0,0.0,-44.28597357734027,0.0,0.0,hard,False,False,43.9952297685383,0.0,1.0,0.0,0.9804841750435145
5360,1767151439102,0.0,0.0,0.0,0.0,-44.28597357734027,0.0,0.0,hard,False,False,43.9952297685383,0.0,1.0,0.0,0.9804841750435145
5361,1767151439136,0.0,0.0,0.0,0.0,-44.28597357734027,0.0,0.0,hard,False,False,43.9952297685383,0.0,1.0,0.0,0.9804841750435145
5362,1767151439169,0.0,0.0,0.0,0.0,-44.28597357734027,0.0,0.0,hard,False,False,43.9952297685383,0.0,1.0,0.0,0.9804841750435145
5363,1767151439202,0.0,0.0,0.0,0.0,-44.28597357734027,0.0,0.0,hard,False,False,43.9952297685383,0.0,1.0,0.0,0.9804841750435145
5364,1767151439236,0.0,0.0,0.0,0.0,-44.28597357734027,0.0,0.0,hard,False,False,43.9952297685383,0.0,1.0,0.0,0.9804841750435145
5365,1767151439269,0.0,0.0,0.0,0.0,-44.28597357734027,0.0,0.0,hard,False,False,43.9952297685383,0.0,1.0,0.0,0.9804841750435145
5366,1767151439303,0.0,0.0,0.0,0.0,-44.28597357734027,0.0,0.0,hard,False,False,43.9952297685383,0.0,1.0,0.0,0.9804841750435145
5367,1767151439336,0.0,0.0,0.0,0.0,-44.28597357734027,0.0,0.0,hard,False,False,43.9952297685383,0.0,1.0,0.0,0.9804841750435145
5368,1767151439369,0.0,0.0,0.0,0.0,-44.28597357734027,0.0,0.0,hard,False,False,43.9952297685383,0.0,1.0,0.0,0.9804841750435145
5369,1767151439402,0.0,0.0,0.0,0.0,-44.28597357734027,0.0,0.0,hard,False,False,43.9952297685383,0.0,1.0,0.0,0.9804841750435145
5370,1767151439438,0.0,0.0,0.0,0.0,-44.28597357734027,0.0,0.0,hard,False,False,43.9952297685383,0.0,1.0,0.0,0.9804841750435145
5371,1767151439469,0.0,0.0,0.0,0.0,-44.28597357734027,0.0,0.0,hard,False,False,43.9952297685383,0.0,1.0,0.0,0.9804841750435145
5372,1767151439502,0.0,0.0,0.0,0.0,-44.28597357734027,0.0,0.0,hard,False,False,43.9952297685383,0.0,1.0,0.0,0.9804841750435145
5373,1767151439536,0.0,0.0,0.0,0.0,-44.28597357734027,0.0,0.0,hard,False,False,43.9952297685383,0.0,1.0,0.0,0.9804841750435145
5374,1767151439569,0.0,0.0,0.0,0.0,-44.28597357734027,0.0,0.0,hard,False,False,43.9952297685383,0.0,1.0,0.0,0.9804841750435145
5375,1767151439603,0.0,0.0,0.0,0.0,-44.28597357734027,0.0,0.0,hard,False,False,43.9952297685383,0.0,1.0,0.0,0.9804841750435145
5376,1767151439636,0.0,0.0,0.0,0.0,-44.28597357734027,0.0,0.0,hard,False,False,43.9952297685383,0.0,1.0,0.0,0.9804841750435145
5377,1767151439669,0.0,0.0,0.0,0.0,-44.28597357734027,0.0,0.0,hard,False,False,43.9952297685383,0.0,1.0,0.0,0.9804841750435145
5378,1767151439702,0.0,0.0,0.0,0.0,-44.28597357734027,0.0,0.0,hard,False,False,43.9952297685383,0.0,1.0,0.0,0.9804841750435145
5379,1767151439736,0.0,0.0,0.0,0.0,-44.28597357734027,0.0,0.0,hard,False,False,43.9952297685383,0.0,1.0,0.0,0.9804841750435145
5380,1767151439769,0.0,0.0,0.0,0.0,-44.28597357734027,0.0,0.0,hard,False,False,43.9952297685383,0.0,1.0,0.0,0.9804841750435145
5381,1767151439803,0.0,0.0,0.0,0.0,-44.28597357734027,0.0,0.0,hard,False,False,43.9952297685383,0.0,1.0,0.0,0.9804841750435145
5382,1767151439836,0.0,0.0,0.0,0.0,-44.28597357734027,0.0,0.0,hard,False,False,43.9952297685383,0.0,1.0,0.0,0.9804841750435145
5383,1767151439869,0.0,0.0,0.0,0.0,-44.28597357734027,0.0,0.0,hard,False,False,43.9952297685383,0.0,1.0,0.0,0.9804841750435145
5384,1767151439902,0.0,0.0,0.0,0.0,-44.28597357734027,0.0,0.0,hard,False,False,43.9952297685383,0.0,1.0,0.0,0.9804841750435145
5385,1767151439936,0.0,0.0,0.0,0.0,-44.28597357734027,0.0,0.0,hard,False,False,43.9952297685383,0.0,1.0,0.0,0.9804841750435145
5386,1767151439969,0.0,0.0,0.0,0.0,-44.28597357734027,0.0,0.0,hard,False,False,43.9952297685383,0.0,1.0,0.0,0.9804841750435145
5387,1767151440003,0.0,0.0,0.0,0.0,-44.28597357734027,0.0,0.0,hard,False,False,43.9952297685383,0.0,1.0,0.0,0.9804841750435145
5388,1767151440036,0.0,0.0,0.0,0.0,-44.28597357734027,0.0,0.0,hard,False,False,43.9952297685383,0.0,1.0,0.0,0.9804841750435145
5389,1767151440069,0.0,0.0,0.0,0.0,-44.28597357734027,0.0,0.0,hard,False,False,43.9952297685383,0.0,1.0,0.0,0.9804841750435145
5390,1767151440103,0.0,0.0,0.0,0.0,-44.28597357734027,0.0,0.0,hard,False,False,43.9952297685383,0.0,1.0,0.0,0.9804841750435145
5391,1767151440136,0.0,0.0,0.0,0.0,-44.28597357734027,0.0,0.0,hard,False,False,43.9952297685383,0.0,1.0,0.0,0.9804841750435145
5392,1767151440169,0.0,0.0,0.0,0.0,-44.28597357734027,0.0,0.0,hard,False,False,43.9952297685383,0.0,1.0,0.0,0.9804841750435145
5393,1767151440203,0.0,0.0,0.0,0.0,-44.28597357734027,0.0,0.0,hard,False,False,43.9952297685383,0.0,1.0,0.0,0.9804841750435145
5394,1767151440236,0.0,0.0,0.0,0.0,-44.28597357734027,0.0,0.0,hard,False,False,43.9952297685383,0.0,1.0,0.0,0.9804841750435145
5395,1767151440269,0.0,0.0,0.0,0.0,-44.28597357734027,0.0,0.0,hard,False,False,43.9952297685383,0.0,1.0,0.0,0.9804841750435145
5396,1767151440302,0.0,0.0,0.0,0.0,-44.28597357734027,0.0,0.0,hard,False,False,43.9952297685383,0.0,1.0,0.0,0.9804841750435145
5397,1767151440339,0.0,0.0,0.0,0.0,-44.28597357734027,0.0,0.0,hard,False,False,43.9952297685383,0.0,1.0,0.0,0.9804841750435145
5398,1767151440369,0.0,0.0,0.0,0.0,-44.28597357734027,0.0,0.0,hard,False,False,43.9952297685383,0.0,1.0,0.0,0.9804841750435145
5399,1767151440403,0.0,0.0,0.0,0.0,-44.28597357734027,0.0,0.0,hard,False,False,43.9952297685383,0.0,1.0,0.0,0.9804841750435145
5400,1767151440436,0.0,0.0,0.0,0.0,-44.28597357734027,0.0,0.0,hard,False,False,43.9952297685383,0.0,1.0,0.0,0.9804841750435145
5401,1767151440628,0.0,0.0,0.0,0.0,-44.28597357734027,0.0,0.0,hard,False,False,43.9952297685383,0.0,1.0,0.0,0.9804841750435145
5402,1767151440648,0.0,0.0,0.0,0.0,-44.28597357734027,0.0,0.0,hard,False,False,43.9952297685383,0.0,1.0,0.0,0.9804841750435145
5403,1767151440678,0.0,0.0,0.0,0.0,-44.28597357734027,0.0,0.0,hard,False,False,43.9952297685383,0.0,1.0,0.0,0.9804841750435145
5404,1767151440701,0.0,0.0,0.0,0.0,-44.28597357734027,0.0,0.0,hard,False,False,43.9952297685383,0.0,1.0,0.0,0.9804841750435145
5405,1767151440719,0.0,0.0,0.0,0.0,-44.28597357734027,0.0,0.0,hard,False,False,43.9952297685383,0.0,1.0,0.0,0.9804841750435145
5406,1767151440741,0.0,0.0,0.0,0.0,-44.28597357734027,0.0,0.0,hard,False,False,43.9952297685383,0.0,1.0,0.0,0.9804841750435145
5407,1767151440767,0.0,0.0,0.0,0.0,-44.28597357734027,0.0,0.0,hard,False,False,43.9952297685383,0.0,1.0,0.0,0.9804841750435145
5408,1767151440787,0.0,0.0,0.0,0.0,-44.28597357734027,0.0,0.0,hard,False,False,43.9952297685383,0.0,1.0,0.0,0.9804841750435145
5409,1767151440806,0.0,0.0,0.0,0.0,-44.28597357734027,0.0,0.0,hard,False,False,43.9952297685383,0.0,1.0,0.0,0.9804841750435145
5410,1767151440836,0.0,0.0,0.0,0.0,-44.28597357734027,0.0,0.0,hard,False,False,43.9952297685383,0.0,1.0,0.0,0.9804841750435145
5411,1767151440869,0.0,0.0,0.0,0.0,-44.28597357734027,0.0,0.0,hard,False,False,43.9952297685383,0.0,1.0,0.0,0.9804841750435145
5412,1767151440904,0.0,0.0,0.0,0.0,-44.28597357734027,0.0,0.0,hard,False,False,43.9952297685383,0.0,1.0,0.0,0.9804841750435145
5413,1767151440936,0.0,0.0,0.0,0.0,-44.28597357734027,0.0,0.0,hard,False,False,43.9952297685383,0.0,1.0,0.0,0.9804841750435145
5414,1767151440969,0.0,0.0,0.0,0.0,-44.28597357734027,0.0,0.0,hard,False,False,43.9952297685383,0.0,1.0,0.0,0.9804841750435145
5415,1767151441003,0.0,0.0,0.0,0.0,-44.28597357734027,0.0,0.0,hard,False,False,43.9952297685383,0.0,1.0,0.0,0.9804841750435145
5416,1767151441082,0.0,0.0,0.0,0.0,-44.28597357734027,0.0,0.0,hard,False,False,43.9952297685383,0.0,1.0,0.0,0.9804841750435145
5417,1767151441104,0.0,0.0,0.0,0.0,-44.28597357734027,0.0,0.0,hard,False,False,43.9952297685383,0.0,1.0,0.0,0.9804841750435145
5418,1767151441123,0.0,0.0,0.0,0.0,-44.28597357734027,0.0,0.0,hard,False,False,43.9952297685383,0.0,1.0,0.0,0.9804841750435145
5419,1767151441143,0.0,0.0,0.0,0.0,-44.28597357734027,0.0,0.0,hard,False,False,43.9952297685383,0.0,1.0,0.0,0.9804841750435145
5420,1767151441169,0.0,0.0,0.0,0.0,-44.28597357734027,0.0,0.0,hard,False,False,43.9952297685383,0.0,1.0,0.0,0.9804841750435145
5421,1767151441203,0.0,0.0,0.0,0.0,-44.28597357734027,0.0,0.0,hard,False,False,43.9952297685383,0.0,1.0,0.0,0.9804841750435145
5422,1767151441236,0.0,0.0,0.0,0.0,-44.28597357734027,0.0,0.0,hard,False,False,43.9952297685383,0.0,1.0,0.0,0.9804841750435145
5423,1767151441270,0.0,0.0,0.0,0.0,-44.28597357734027,0.0,0.0,hard,False,False,43.9952297685383,0.0,1.0,0.0,0.9804841750435145
5424,1767151441303,0.0,0.0,0.0,0.0,-44.28597357734027,0.0,0.0,hard,False,False,43.9952297685383,0.0,1.0,0.0,0.9804841750435145
5425,1767151441336,0.0,0.0,0.0,0.0,-44.28597357734027,0.0,0.0,hard,False,False,43.9952297685383,0.0,1.0,0.0,0.9804841750435145
5426,1767151441369,0.0,0.0,0.0,0.0,-44.28597357734027,0.0,0.0,hard,False,False,43.9952297685383,0.0,1.0,0.0,0.9804841750435145
5427,1767151441403,0.0,0.0,0.0,0.0,-44.28597357734027,0.0,0.0,hard,False,False,43.9952297685383,0.0,1.0,0.0,0.9804841750435145
5428,1767151441438,0.0,0.0,0.0,0.0,-44.28597357734027,0.0,0.0,hard,False,False,43.9952297685383,0.0,1.0,0.0,0.9804841750435145
5429,1767151441469,0.0,0.0,0.0,0.0,-44.28597357734027,0.0,0.0,hard,False,False,43.9952297685383,0.0,1.0,0.0,0.9804841750435145
5430,1767151441503,0.0,0.0,0.0,0.0,-44.28597357734027,0.0,0.0,hard,False,False,43.9952297685383,0.0,1.0,0.0,0.9804841750435145
5431,1767151441536,0.0,0.0,0.0,0.0,-44.28597357734027,0.0,0.0,hard,False,False,43.9952297685383,0.0,1.0,0.0,0.9804841750435145
5432,1767151441570,0.0,0.0,0.0,0.0,-44.28597357734027,0.0,0.0,hard,False,False,43.9952297685383,0.0,1.0,0.0,0.9804841750435145
5433,1767151441602,0.0,0.0,0.0,0.0,-44.28597357734027,0.0,0.0,hard,False,False,43.9952297685383,0.0,1.0,0.0,0.9804841750435145
5434,1767151441636,0.0,0.0,0.0,0.0,-44.28597357734027,0.0,0.0,hard,False,False,43.9952297685383,0.0,1.0,0.0,0.9804841750435145
5435,1767151441669,0.0,0.0,0.0,0.0,-44.28597357734027,0.0,0.0,hard,False,False,43.9952297685383,0.0,1.0,0.0,0.9804841750435145
5436,1767151441702,0.0,0.0,0.0,0.0,-44.28597357734027,0.0,0.0,hard,False,False,43.9952297685383,0.0,1.0,0.0,0.9804841750435145
5437,1767151441736,0.0,0.0,0.0,0.0,-44.28597357734027,0.0,0.0,hard,False,False,43.9952297685383,0.0,1.0,0.0,0.9804841750435145
5438,1767151441772,0.0,0.0,0.0,0.0,-44.28597357734027,0.0,0.0,hard,False,False,43.9952297685383,0.0,1.0,0.0,0.9804841750435145
5439,1767151441803,0.0,0.0,0.0,0.0,-44.28597357734027,0.0,0.0,hard,False,False,43.9952297685383,0.0,1.0,0.0,0.9804841750435145
5440,1767151441836,0.0,0.0,0.0,0.0,-44.28597357734027,0.0,0.0,hard,False,False,43.9952297685383,0.0,1.0,0.0,0.9804841750435145
5441,1767151441870,0.0,0.0,0.0,0.0,-44.28597357734027,0.0,0.0,hard,False,False,43.9952297685383,0.0,1.0,0.0,0.9804841750435145
5442,1767151441903,0.0,0.0,0.0,0.0,-44.28597357734027,0.0,0.0,hard,False,False,43.9952297685383,0.0,1.0,0.0,0.9804841750435145
5443,1767151441936,0.0,0.0,0.0,0.0,-44.28597357734027,0.0,0.0,hard,False,False,43.9952297685383,0.0,1.0,0.0,0.9804841750435145
5444,1767151441970,0.0,0.0,0.0,0.0,-44.28597357734027,0.0,0.0,hard,False,False,43.9952297685383,0.0,1.0,0.0,0.9804841750435145
5445,1767151442003,0.0,0.0,0.0,0.0,-44.28597357734027,0.0,0.0,hard,False,False,43.9952297685383,0.0,1.0,0.0,0.9804841750435145
5446,1767151442036,0.0,0.0,0.0,0.0,-44.28597357734027,0.0,0.0,hard,False,False,43.9952297685383,0.0,1.0,0.0,0.9804841750435145
5447,1767151442071,0.0,0.0,0.0,0.0,-44.28597357734027,0.0,0.0,hard,False,False,43.9952297685383,0.0,1.0,0.0,0.9804841750435145
5448,1767151442103,0.0,0.0,0.0,0.0,-44.28597357734027,0.0,0.0,hard,False,False,43.9952297685383,0.0,1.0,0.0,0.9804841750435145
5449,1767151442136,0.0,0.0,0.0,0.0,-44.28597357734027,0.0,0.0,hard,False,False,43.9952297685383,0.0,1.0,0.0,0.9804841750435145
5450,1767151442170,0.0,0.0,0.0,0.0,-44.28597357734027,0.0,0.0,hard,False,False,43.9952297685383,0.0,1.0,0.0,0.9804841750435145
5451,1767151442203,0.0,0.0,0.0,0.0,-44.28597357734027,0.0,0.0,hard,False,False,43.9952297685383,0.0,1.0,0.0,0.9804841750435145
5452,1767151442236,0.0,0.0,0.0,0.0,-44.28597357734027,0.0,0.0,hard,False,False,43.9952297685383,0.0,1.0,0.0,0.9804841750435145
5453,1767151442269,0.0,0.0,0.0,0.0,-44.28597357734027,0.0,0.0,hard,False,False,43.9952297685383,0.0,1.0,0.0,0.9804841750435145
5454,1767151442303,0.0,0.0,0.0,0.0,-44.28597357734027,0.0,0.0,hard,False,False,43.9952297685383,0.0,1.0,0.0,0.9804841750435145
5455,1767151442336,0.0,0.0,0.0,0.0,-44.28597357734027,0.0,0.0,hard,False,False,43.9952297685383,0.0,1.0,0.0,0.9804841750435145
5456,1767151442369,0.0,0.0,0.0,0.0,-44.28597357734027,0.0,0.0,hard,False,False,43.9952297685383,0.0,1.0,0.0,0.9804841750435145
5457,1767151442403,0.0,0.0,0.0,0.0,-44.28597357734027,0.0,0.0,hard,False,False,43.9952297685383,0.0,1.0,0.0,0.9804841750435145
5458,1767151442436,0.0,0.0,0.0,0.0,-44.28597357734027,0.0,0.0,hard,False,False,43.9952297685383,0.0,1.0,0.0,0.9804841750435145
5459,1767151442470,0.0,0.0,0.0,0.0,-44.28597357734027,0.0,0.0,hard,False,False,43.9952297685383,0.0,1.0,0.0,0.9804841750435145
5460,1767151442505,0.0,0.0,0.0,0.0,-44.28597357734027,0.0,0.0,hard,False,False,43.9952297685383,0.0,1.0,0.0,0.9804841750435145
5461,1767151442536,0.0,0.0,0.0,0.0,-44.28597357734027,0.0,0.0,hard,False,False,43.9952297685383,0.0,1.0,0.0,0.9804841750435145
5462,1767151442570,0.0,0.0,0.0,0.0,-44.28597357734027,0.0,0.0,hard,False,False,43.9952297685383,0.0,1.0,0.0,0.9804841750435145
5463,1767151442610,0.0,0.0,0.0,0.0,-44.28597357734027,0.0,0.0,hard,False,False,43.9952297685383,0.0,1.0,0.0,0.9804841750435145
5464,1767151442640,0.0,0.0,0.0,0.0,-44.28597357734027,0.0,0.0,hard,False,False,43.9952297685383,0.0,1.0,0.0,0.9804841750435145
5465,1767151442670,0.0,0.0,0.0,0.0,-44.28597357734027,0.0,0.0,hard,False,False,43.9952297685383,0.0,1.0,0.0,0.9804841750435145
5466,1767151442703,0.0,0.0,0.0,0.0,-44.28597357734027,0.0,0.0,hard,False,False,43.9952297685383,0.0,1.0,0.0,0.9804841750435145
5467,1767151442736,0.0,0.0,0.0,0.0,-44.28597357734027,0.0,0.0,hard,False,False,43.9952297685383,0.0,1.0,0.0,0.9804841750435145
5468,1767151442769,0.0,0.0,0.0,0.0,-44.28597357734027,0.0,0.0,hard,False,False,43.9952297685383,0.0,1.0,0.0,0.9804841750435145
5469,1767151442803,0.0,0.0,0.0,0.0,-44.28597357734027,0.0,0.0,hard,False,False,43.9952297685383,0.0,1.0,0.0,0.9804841750435145
5470,1767151442836,0.0,0.0,0.0,0.0,-44.28597357734027,0.0,0.0,hard,False,False,43.9952297685383,0.0,1.0,0.0,0.9804841750435145
5471,1767151442869,0.0,0.0,0.0,0.0,-44.28597357734027,0.0,0.0,hard,False,False,43.9952297685383,0.0,1.0,0.0,0.9804841750435145
5472,1767151442903,0.0,0.0,0.0,0.0,-44.28597357734027,0.0,0.0,hard,False,False,43.9952297685383,0.0,1.0,0.0,0.9804841750435145
5473,1767151442937,0.0,0.0,0.0,0.0,-44.28597357734027,0.0,0.0,hard,False,False,43.9952297685383,0.0,1.0,0.0,0.9804841750435145
5474,1767151442969,0.0,0.0,0.0,0.0,-44.28597357734027,0.0,0.0,hard,False,False,43.9952297685383,0.0,1.0,0.0,0.9804841750435145
5475,1767151443003,0.0,0.0,0.0,0.0,-44.28597357734027,0.0,0.0,hard,False,False,43.9952297685383,0.0,1.0,0.0,0.9804841750435145
5476,1767151443036,0.0,0.0,0.0,0.0,-44.28597357734027,0.0,0.0,hard,False,False,43.9952297685383,0.0,1.0,0.0,0.9804841750435145
5477,1767151443069,0.0,0.0,0.0,0.0,-44.28597357734027,0.0,0.0,hard,False,False,43.9952297685383,0.0,1.0,0.0,0.9804841750435145
5478,1767151443103,0.0,0.0,0.0,0.0,-44.28597357734027,0.0,0.0,hard,False,False,43.9952297685383,0.0,1.0,0.0,0.9804841750435145
5479,1767151443136,0.0,0.0,0.0,0.0,-44.28597357734027,0.0,0.0,hard,False,False,43.9952297685383,0.0,1.0,0.0,0.9804841750435145
5480,1767151443170,0.0,0.0,0.0,0.0,-44.28597357734027,0.0,0.0,hard,False,False,43.9952297685383,0.0,1.0,0.0,0.9804841750435145
5481,1767151443203,0.0,0.0,0.0,0.0,-44.28597357734027,0.0,0.0,hard,False,False,43.9952297685383,0.0,1.0,0.0,0.9804841750435145
5482,1767151443236,0.0,0.0,0.0,0.0,-44.28597357734027,0.0,0.0,hard,False,False,43.9952297685383,0.0,1.0,0.0,0.9804841750435145
5483,1767151443269,0.0,0.0,0.0,0.0,-44.28597357734027,0.0,0.0,hard,False,False,43.9952297685383,0.0,1.0,0.0,0.9804841750435145
5484,1767151443306,0.0,0.0,0.0,0.0,-44.28597357734027,0.0,0.0,hard,False,False,43.9952297685383,0.0,1.0,0.0,0.9804841750435145
5485,1767151443336,0.0,0.0,0.0,0.0,-44.28597357734027,0.0,0.0,hard,False,False,43.9952297685383,0.0,1.0,0.0,0.9804841750435145
5486,1767151443369,0.0,0.0,0.0,0.0,-44.28597357734027,0.0,0.0,hard,False,False,43.9952297685383,0.0,1.0,0.0,0.9804841750435145
5487,1767151443403,0.0,0.0,0.0,0.0,-44.28597357734027,0.0,0.0,hard,False,False,43.9952297685383,0.0,1.0,0.0,0.9804841750435145
5488,1767151443436,0.0,0.0,0.0,0.0,-44.28597357734027,0.0,0.0,hard,False,False,43.9952297685383,0.0,1.0,0.0,0.9804841750435145
5489,1767151443469,0.0,0.0,0.0,0.0,-44.28597357734027,0.0,0.0,hard,False,False,43.9952297685383,0.0,1.0,0.0,0.9804841750435145
5490,1767151443503,0.0,0.0,0.0,0.0,-44.28597357734027,0.0,0.0,hard,False,False,43.9952297685383,0.0,1.0,0.0,0.9804841750435145
5491,1767151443536,0.0,0.0,0.0,0.0,-44.28597357734027,0.0,0.0,hard,False,False,43.9952297685383,0.0,1.0,0.0,0.9804841750435145
5492,1767151443569,0.0,0.0,0.0,0.0,-44.28597357734027,0.0,0.0,hard,False,False,43.9952297685383,0.0,1.0,0.0,0.9804841750435145
5493,1767151443608,0.0,0.0,0.0,0.0,-44.28597357734027,0.0,0.0,hard,False,False,43.9952297685383,0.0,1.0,0.0,0.9804841750435145
5494,1767151443636,0.0,0.0,0.0,0.0,-44.28597357734027,0.0,0.0,hard,False,False,43.9952297685383,0.0,1.0,0.0,0.9804841750435145
5495,1767151443669,0.0,0.0,0.0,0.0,-44.28597357734027,0.0,0.0,hard,False,False,43.9952297685383,0.0,1.0,0.0,0.9804841750435145
5496,1767151443703,0.0,0.0,0.0,0.0,-44.28597357734027,0.0,0.0,hard,False,False,43.9952297685383,0.0,1.0,0.0,0.9804841750435145
5497,1767151443736,0.0,0.0,0.0,0.0,-44.28597357734027,0.0,0.0,hard,False,False,43.9952297685383,0.0,1.0,0.0,0.9804841750435145
5498,1767151443769,0.0,0.0,0.0,0.0,-44.28597357734027,0.0,0.0,hard,False,False,43.9952297685383,0.0,1.0,0.0,0.9804841750435145
5499,1767151443803,0.0,0.0,0.0,0.0,-44.28597357734027,0.0,0.0,hard,False,False,43.9952297685383,0.0,1.0,0.0,0.9804841750435145
5500,1767151443836,0.0,0.0,0.0,0.0,-44.28597357734027,0.0,0.0,hard,False,False,43.9952297685383,0.0,1.0,0.0,0.9804841750435145
5501,1767151443870,0.0,0.0,0.0,0.0,-44.28597357734027,0.0,0.0,hard,False,False,43.9952297685383,0.0,1.0,0.0,0.9804841750435145
5502,1767151443903,0.0,0.0,0.0,0.0,-44.28597357734027,0.0,0.0,hard,False,False,43.9952297685383,0.0,1.0,0.0,0.9804841750435145
5503,1767151443937,0.0,0.0,0.0,0.0,-44.28597357734027,0.0,0.0,hard,False,False,43.9952297685383,0.0,1.0,0.0,0.9804841750435145
5504,1767151443969,0.0,0.0,0.0,0.0,-44.28597357734027,0.0,0.0,hard,False,False,43.9952297685383,0.0,1.0,0.0,0.9804841750435145
5505,1767151444003,0.0,0.0,0.0,0.0,-44.28597357734027,0.0,0.0,hard,False,False,43.9952297685383,0.0,1.0,0.0,0.9804841750435145
5506,1767151444036,0.0,0.0,0.0,0.0,-44.28597357734027,0.0,0.0,hard,False,False,43.9952297685383,0.0,1.0,0.0,0.9804841750435145
5507,1767151444069,0.0,0.0,0.0,0.0,-44.28597357734027,0.0,0.0,hard,False,False,43.9952297685383,0.0,1.0,0.0,0.9804841750435145
5508,1767151444103,0.0,0.0,0.0,0.0,-44.28597357734027,0.0,0.0,hard,False,False,43.9952297685383,0.0,1.0,0.0,0.9804841750435145
5509,1767151444136,0.0,0.0,0.0,0.0,-44.28597357734027,0.0,0.0,hard,False,False,43.9952297685383,0.0,1.0,0.0,0.9804841750435145
5510,1767151444169,0.0,0.0,0.0,0.0,-44.28597357734027,0.0,0.0,hard,False,False,43.9952297685383,0.0,1.0,0.0,0.9804841750435145
5511,1767151444203,0.0,0.0,0.0,0.0,-44.28597357734027,0.0,0.0,hard,False,False,43.9952297685383,0.0,1.0,0.0,0.9804841750435145
5512,1767151444236,0.0,0.0,0.0,0.0,-44.28597357734027,0.0,0.0,hard,False,False,43.9952297685383,0.0,1.0,0.0,0.9804841750435145
5513,1767151444269,0.0,0.0,0.0,0.0,-44.28597357734027,0.0,0.0,hard,False,False,43.9952297685383,0.0,1.0,0.0,0.9804841750435145
5514,1767151444303,0.0,0.0,0.0,0.0,-44.28597357734027,0.0,0.0,hard,False,False,43.9952297685383,0.0,1.0,0.0,0.9804841750435145
5515,1767151444336,0.0,0.0,0.0,0.0,-44.28597357734027,0.0,0.0,hard,False,False,43.9952297685383,0.0,1.0,0.0,0.9804841750435145
5516,1767151444369,0.0,0.0,0.0,0.0,-44.28597357734027,0.0,0.0,hard,False,False,43.9952297685383,0.0,1.0,0.0,0.9804841750435145
5517,1767151444403,0.0,0.0,0.0,0.0,-44.28597357734027,0.0,0.0,hard,False,False,43.9952297685383,0.0,1.0,0.0,0.9804841750435145
5518,1767151444436,0.0,0.0,0.0,0.0,-44.28597357734027,0.0,0.0,hard,False,False,43.9952297685383,0.0,1.0,0.0,0.9804841750435145
5519,1767151444469,0.0,0.0,0.0,0.0,-44.28597357734027,0.0,0.0,hard,False,False,43.9952297685383,0.0,1.0,0.0,0.9804841750435145
5520,1767151444503,0.0,0.0,0.0,0.0,-44.28597357734027,0.0,0.0,hard,False,False,43.9952297685383,0.0,1.0,0.0,0.9804841750435145
5521,1767151444536,0.0,0.0,0.0,0.0,-44.28597357734027,0.0,0.0,hard,False,False,43.9952297685383,0.0,1.0,0.0,0.9804841750435145
5522,1767151444569,0.0,0.0,0.0,0.0,-44.28597357734027,0.0,0.0,hard,False,False,43.9952297685383,0.0,1.0,0.0,0.9804841750435145
5523,1767151444603,0.0,0.0,0.0,0.0,-44.28597357734027,0.0,0.0,hard,False,False,43.9952297685383,0.0,1.0,0.0,0.9804841750435145
5524,1767151444636,0.0,0.0,0.0,0.0,-44.28597357734027,0.0,0.0,hard,False,False,43.9952297685383,0.0,1.0,0.0,0.9804841750435145
5525,1767151444669,0.0,0.0,0.0,0.0,-44.28597357734027,0.0,0.0,hard,False,False,43.9952297685383,0.0,1.0,0.0,0.9804841750435145
5526,1767151444703,0.0,0.0,0.0,0.0,-44.28597357734027,0.0,0.0,hard,False,False,43.9952297685383,0.0,1.0,0.0,0.9804841750435145
5527,1767151444736,0.0,0.0,0.0,0.0,-44.28597357734027,0.0,0.0,hard,False,False,43.9952297685383,0.0,1.0,0.0,0.9804841750435145
5528,1767151444769,0.0,0.0,0.0,0.0,-44.28597357734027,0.0,0.0,hard,False,False,43.9952297685383,0.0,1.0,0.0,0.9804841750435145
5529,1767151444803,0.0,0.0,0.0,0.0,-44.28597357734027,0.0,0.0,hard,False,False,43.9952297685383,0.0,1.0,0.0,0.9804841750435145
5530,1767151444836,0.0,0.0,0.0,0.0,-44.28597357734027,0.0,0.0,hard,False,False,43.9952297685383,0.0,1.0,0.0,0.9804841750435145
5531,1767151444869,0.0,0.0,0.0,0.0,-44.28597357734027,0.0,0.0,hard,False,False,43.9952297685383,0.0,1.0,0.0,0.9804841750435145
5532,1767151444903,0.0,0.0,0.0,0.0,-44.28597357734027,0.0,0.0,hard,False,False,43.9952297685383,0.0,1.0,0.0,0.9804841750435145
5533,1767151444936,0.0,0.0,0.0,0.0,-44.28597357734027,0.0,0.0,hard,False,False,43.9952297685383,0.0,1.0,0.0,0.9804841750435145
5534,1767151444969,0.0,0.0,0.0,0.0,-44.28597357734027,0.0,0.0,hard,False,False,43.9952297685383,0.0,1.0,0.0,0.9804841750435145
5535,1767151445003,0.0,0.0,0.0,0.0,-44.28597357734027,0.0,0.0,hard,False,False,43.9952297685383,0.0,1.0,0.0,0.9804841750435145
5536,1767151445036,0.0,0.0,0.0,0.0,-44.28597357734027,0.0,0.0,hard,False,False,43.9952297685383,0.0,1.0,0.0,0.9804841750435145
5537,1767151445070,0.0,0.0,0.0,0.0,-44.28597357734027,0.0,0.0,hard,False,False,43.9952297685383,0.0,1.0,0.0,0.9804841750435145
5538,1767151445103,0.0,0.0,0.0,0.0,-44.28597357734027,0.0,0.0,hard,False,False,43.9952297685383,0.0,1.0,0.0,0.9804841750435145
5539,1767151445136,0.0,0.0,0.0,0.0,-44.28597357734027,0.0,0.0,hard,False,False,43.9952297685383,0.0,1.0,0.0,0.9804841750435145
5540,1767151445169,0.0,0.0,0.0,0.0,-44.28597357734027,0.0,0.0,hard,False,False,43.9952297685383,0.0,1.0,0.0,0.9804841750435145
5541,1767151445203,0.0,0.0,0.0,0.0,-44.28597357734027,0.0,0.0,hard,False,False,43.9952297685383,0.0,1.0,0.0,0.9804841750435145
5542,1767151445236,0.0,0.0,0.0,0.0,-44.28597357734027,0.0,0.0,hard,False,False,43.9952297685383,0.0,1.0,0.0,0.9804841750435145
5543,1767151445269,0.0,0.0,0.0,0.0,-44.28597357734027,0.0,0.0,hard,False,False,43.9952297685383,0.0,1.0,0.0,0.9804841750435145
5544,1767151445303,0.0,0.0,0.0,0.0,-44.28597357734027,0.0,0.0,hard,False,False,43.9952297685383,0.0,1.0,0.0,0.9804841750435145
5545,1767151445336,0.0,0.0,0.0,0.0,-44.28597357734027,0.0,0.0,hard,False,False,43.9952297685383,0.0,1.0,0.0,0.9804841750435145
5546,1767151445371,0.0,0.0,0.0,0.0,-44.28597357734027,0.0,0.0,hard,False,False,43.9952297685383,0.0,1.0,0.0,0.9804841750435145
5547,1767151445403,0.0,0.0,0.0,0.0,-44.28597357734027,0.0,0.0,hard,False,False,43.9952297685383,0.0,1.0,0.0,0.9804841750435145
5548,1767151445470,0.0,0.0,0.0,0.0,-44.28597357734027,0.0,0.0,hard,False,False,43.9952297685383,0.0,1.0,0.0,0.9804841750435145
5549,1767151445503,0.0,0.0,0.0,0.0,-44.28597357734027,0.0,0.0,hard,False,False,43.9952297685383,0.0,1.0,0.0,0.9804841750435145
5550,1767151445536,0.0,0.0,0.0,0.0,-44.28597357734027,0.0,0.0,hard,False,False,43.9952297685383,0.0,1.0,0.0,0.9804841750435145
5551,1767151445570,0.0,0.0,0.0,0.0,-44.28597357734027,0.0,0.0,hard,False,False,43.9952297685383,0.0,1.0,0.0,0.9804841750435145
5552,1767151445603,0.0,0.0,0.0,0.0,-44.28597357734027,0.0,0.0,hard,False,False,43.9952297685383,0.0,1.0,0.0,0.9804841750435145
5553,1767151445637,0.0,0.0,0.0,0.0,-44.28597357734027,0.0,0.0,hard,False,False,43.9952297685383,0.0,1.0,0.0,0.9804841750435145
5554,1767151445669,0.0,0.0,0.0,0.0,-44.28597357734027,0.0,0.0,hard,False,False,43.9952297685383,0.0,1.0,0.0,0.9804841750435145
5555,1767151445703,0.0,0.0,0.0,0.0,-44.28597357734027,0.0,0.0,hard,False,False,43.9952297685383,0.0,1.0,0.0,0.9804841750435145
5556,1767151445740,0.0,0.0,0.0,0.0,-44.28597357734027,0.0,0.0,hard,False,False,43.9952297685383,0.0,1.0,0.0,0.9804841750435145
5557,1767151445769,0.0,0.0,0.0,0.0,-44.28597357734027,0.0,0.0,hard,False,False,43.9952297685383,0.0,1.0,0.0,0.9804841750435145
5558,1767151445803,0.0,0.0,0.0,0.0,-44.28597357734027,0.0,0.0,hard,False,False,43.9952297685383,0.0,1.0,0.0,0.9804841750435145
5559,1767151445836,0.0,0.0,0.0,0.0,-44.28597357734027,0.0,0.0,hard,False,False,43.9952297685383,0.0,1.0,0.0,0.9804841750435145
5560,1767151445870,0.0,0.0,0.0,0.0,-44.28597357734027,0.0,0.0,hard,False,False,43.9952297685383,0.0,1.0,0.0,0.9804841750435145
5561,1767151445903,0.0,0.0,0.0,0.0,-44.28597357734027,0.0,0.0,hard,False,False,43.9952297685383,0.0,1.0,0.0,0.9804841750435145
5562,1767151445936,0.0,0.0,0.0,0.0,-44.28597357734027,0.0,0.0,hard,False,False,43.9952297685383,0.0,1.0,0.0,0.9804841750435145
5563,1767151445969,0.0,0.0,0.0,0.0,-44.28597357734027,0.0,0.0,hard,False,False,43.9952297685383,0.0,1.0,0.0,0.9804841750435145
5564,1767151446004,0.0,0.0,0.0,0.0,-44.28597357734027,0.0,0.0,hard,False,False,43.9952297685383,0.0,1.0,0.0,0.9804841750435145
5565,1767151446037,0.0,0.0,0.0,0.0,-44.28597357734027,0.0,0.0,hard,False,False,43.9952297685383,0.0,1.0,0.0,0.9804841750435145
5566,1767151446070,0.0,0.0,0.0,0.0,-44.28597357734027,0.0,0.0,hard,False,False,43.9952297685383,0.0,1.0,0.0,0.9804841750435145
5567,1767151446105,0.0,0.0,0.0,0.0,-44.28597357734027,0.0,0.0,hard,False,False,43.9952297685383,0.0,1.0,0.0,0.9804841750435145
5568,1767151446136,0.0,0.0,0.0,0.0,-44.28597357734027,0.0,0.0,hard,False,False,43.9952297685383,0.0,1.0,0.0,0.9804841750435145
5569,1767151446169,0.0,0.0,0.0,0.0,-44.28597357734027,0.0,0.0,hard,False,False,43.9952297685383,0.0,1.0,0.0,0.9804841750435145
5570,1767151446203,0.0,0.0,0.0,0.0,-44.28597357734027,0.0,0.0,hard,False,False,43.9952297685383,0.0,1.0,0.0,0.9804841750435145
5571,1767151446236,0.0,0.0,0.0,0.0,-44.28597357734027,0.0,0.0,hard,False,False,43.9952297685383,0.0,1.0,0.0,0.9804841750435145
5572,1767151446270,0.0,0.0,0.0,0.0,-44.28597357734027,0.0,0.0,hard,False,False,43.9952297685383,0.0,1.0,0.0,0.9804841750435145
5573,1767151446303,0.0,0.0,0.0,0.0,-44.28597357734027,0.0,0.0,hard,False,False,43.9952297685383,0.0,1.0,0.0,0.9804841750435145
5574,1767151446338,0.0,0.0,0.0,0.0,-44.28597357734027,0.0,0.0,hard,False,False,43.9952297685383,0.0,1.0,0.0,0.9804841750435145
5575,1767151446370,0.0,0.0,0.0,0.0,-44.28597357734027,0.0,0.0,hard,False,False,43.9952297685383,0.0,1.0,0.0,0.9804841750435145
5576,1767151446403,0.0,0.0,0.0,0.0,-44.28597357734027,0.0,0.0,hard,False,False,43.9952297685383,0.0,1.0,0.0,0.9804841750435145
5577,1767151446437,0.0,0.0,0.0,0.0,-44.28597357734027,0.0,0.0,hard,False,False,43.9952297685383,0.0,1.0,0.0,0.9804841750435145
5578,1767151446470,0.0,0.0,0.0,0.0,-44.28597357734027,0.0,0.0,hard,False,False,43.9952297685383,0.0,1.0,0.0,0.9804841750435145
5579,1767151446503,0.0,0.0,0.0,0.0,-44.28597357734027,0.0,0.0,hard,False,False,43.9952297685383,0.0,1.0,0.0,0.9804841750435145
5580,1767151446536,0.0,0.0,0.0,0.0,-44.28597357734027,0.0,0.0,hard,False,False,43.9952297685383,0.0,1.0,0.0,0.9804841750435145
5581,1767151446569,0.0,0.0,0.0,0.0,-44.28597357734027,0.0,0.0,hard,False,False,43.9952297685383,0.0,1.0,0.0,0.9804841750435145
5582,1767151446603,0.0,0.0,0.0,0.0,-44.28597357734027,0.0,0.0,hard,False,False,43.9952297685383,0.0,1.0,0.0,0.9804841750435145
5583,1767151446636,0.0,0.0,0.0,0.0,-44.28597357734027,0.0,0.0,hard,False,False,43.9952297685383,0.0,1.0,0.0,0.9804841750435145
5584,1767151446670,0.0,0.0,0.0,0.0,-44.28597357734027,0.0,0.0,hard,False,False,43.9952297685383,0.0,1.0,0.0,0.9804841750435145
5585,1767151446703,0.0,0.0,0.0,0.0,-44.28597357734027,0.0,0.0,hard,False,False,43.9952297685383,0.0,1.0,0.0,0.9804841750435145
5586,1767151446736,0.0,0.0,0.0,0.0,-44.28597357734027,0.0,0.0,hard,False,False,43.9952297685383,0.0,1.0,0.0,0.9804841750435145
5587,1767151446911,0.0,0.0,0.0,0.0,-44.28597357734027,0.0,0.0,hard,False,False,43.9952297685383,0.0,1.0,0.0,0.9804841750435145
5588,1767151446931,0.0,0.0,0.0,0.0,-44.28597357734027,0.0,0.0,hard,False,False,43.9952297685383,0.0,1.0,0.0,0.9804841750435145
5589,1767151446949,0.0,0.0,0.0,0.0,-44.28597357734027,0.0,0.0,hard,False,False,43.9952297685383,0.0,1.0,0.0,0.9804841750435145
5590,1767151446969,0.0,0.0,0.0,0.0,-44.28597357734027,0.0,0.0,hard,False,False,43.9952297685383,0.0,1.0,0.0,0.9804841750435145
5591,1767151446989,0.0,0.0,0.0,0.0,-44.28597357734027,0.0,0.0,hard,False,False,43.9952297685383,0.0,1.0,0.0,0.9804841750435145
5592,1767151447008,0.0,0.0,0.0,0.0,-44.28597357734027,0.0,0.0,hard,False,False,43.9952297685383,0.0,1.0,0.0,0.9804841750435145
5593,1767151447028,0.0,0.0,0.0,0.0,-44.28597357734027,0.0,0.0,hard,False,False,43.9952297685383,0.0,1.0,0.0,0.9804841750435145
5594,1767151447049,0.0,0.0,0.0,0.0,-44.28597357734027,0.0,0.0,hard,False,False,43.9952297685383,0.0,1.0,0.0,0.9804841750435145
5595,1767151447069,0.0,0.0,0.0,0.0,-44.28597357734027,0.0,0.0,hard,False,False,43.9952297685383,0.0,1.0,0.0,0.9804841750435145
5596,1767151447103,0.0,0.0,0.0,0.0,-44.28597357734027,0.0,0.0,hard,False,False,43.9952297685383,0.0,1.0,0.0,0.9804841750435145
5597,1767151447136,0.0,0.0,0.0,0.0,-44.28597357734027,0.0,0.0,hard,False,False,43.9952297685383,0.0,1.0,0.0,0.9804841750435145
5598,1767151447169,0.0,0.0,0.0,0.0,-44.28597357734027,0.0,0.0,hard,False,False,43.9952297685383,0.0,1.0,0.0,0.9804841750435145
5599,1767151447203,0.0,0.0,0.0,0.0,-44.28597357734027,0.0,0.0,hard,False,False,43.9952297685383,0.0,1.0,0.0,0.9804841750435145
5600,1767151447236,0.0,0.0,0.0,0.0,-44.28597357734027,0.0,0.0,hard,False,False,43.9952297685383,0.0,1.0,0.0,0.9804841750435145
5601,1767151447269,0.0,0.0,0.0,0.0,-44.28597357734027,0.0,0.0,hard,False,False,43.9952297685383,0.0,1.0,0.0,0.9804841750435145
5602,1767151447367,0.0,0.0,0.0,0.0,-44.28597357734027,0.0,0.0,hard,False,False,43.9952297685383,0.0,1.0,0.0,0.9804841750435145
5603,1767151447385,0.0,0.0,0.0,0.0,-44.28597357734027,0.0,0.0,hard,False,False,43.9952297685383,0.0,1.0,0.0,0.9804841750435145
5604,1767151447407,0.0,0.0,0.0,0.0,-44.28597357734027,0.0,0.0,hard,False,False,43.9952297685383,0.0,1.0,0.0,0.9804841750435145
5605,1767151447426,0.0,0.0,0.0,0.0,-44.28597357734027,0.0,0.0,hard,False,False,43.9952297685383,0.0,1.0,0.0,0.9804841750435145
5606,1767151447450,0.0,0.0,0.0,0.0,-44.28597357734027,0.0,0.0,hard,False,False,43.9952297685383,0.0,1.0,0.0,0.9804841750435145
5607,1767151447470,0.0,0.0,0.0,0.0,-44.28597357734027,0.0,0.0,hard,False,False,43.9952297685383,0.0,1.0,0.0,0.9804841750435145
5608,1767151447503,0.0,0.0,0.0,0.0,-44.28597357734027,0.0,0.0,hard,False,False,43.9952297685383,0.0,1.0,0.0,0.9804841750435145
5609,1767151447536,0.0,0.0,0.0,0.0,-44.28597357734027,0.0,0.0,hard,False,False,43.9952297685383,0.0,1.0,0.0,0.9804841750435145
5610,1767151447570,0.0,0.0,0.0,0.0,-44.28597357734027,0.0,0.0,hard,False,False,43.9952297685383,0.0,1.0,0.0,0.9804841750435145
5611,1767151447603,0.0,0.0,0.0,0.0,-44.28597357734027,0.0,0.0,hard,False,False,43.9952297685383,0.0,1.0,0.0,0.9804841750435145
5612,1767151447636,0.0,0.0,0.0,0.0,-44.28597357734027,0.0,0.0,hard,False,False,43.9952297685383,0.0,1.0,0.0,0.9804841750435145
5613,1767151447669,0.0,0.0,0.0,0.0,-44.28597357734027,0.0,0.0,hard,False,False,43.9952297685383,0.0,1.0,0.0,0.9804841750435145
5614,1767151447705,0.0,0.0,0.0,0.0,-44.28597357734027,0.0,0.0,hard,False,False,43.9952297685383,0.0,1.0,0.0,0.9804841750435145
5615,1767151447736,0.0,0.0,0.0,0.0,-44.28597357734027,0.0,0.0,hard,False,False,43.9952297685383,0.0,1.0,0.0,0.9804841750435145
5616,1767151447769,0.0,0.0,0.0,0.0,-44.28597357734027,0.0,0.0,hard,False,False,43.9952297685383,0.0,1.0,0.0,0.9804841750435145
5617,1767151447803,0.0,0.0,0.0,0.0,-44.28597357734027,0.0,0.0,hard,False,False,43.9952297685383,0.0,1.0,0.0,0.9804841750435145
5618,1767151447837,0.0,0.0,0.0,0.0,-44.28597357734027,0.0,0.0,hard,False,False,43.9952297685383,0.0,1.0,0.0,0.9804841750435145
5619,1767151447887,0.0,0.0,0.0,0.0,-44.28597357734027,0.0,0.0,hard,False,False,43.9952297685383,0.0,1.0,0.0,0.9804841750435145
5620,1767151447921,0.0,0.0,0.0,0.0,-44.28597357734027,0.0,0.0,hard,False,False,43.9952297685383,0.0,1.0,0.0,0.9804841750435145
5621,1767151447950,0.0,0.0,0.0,0.0,-44.28597357734027,0.0,0.0,hard,False,False,43.9952297685383,0.0,1.0,0.0,0.9804841750435145
5622,1767151447978,0.0,0.0,0.0,0.0,-44.28597357734027,0.0,0.0,hard,False,False,43.9952297685383,0.0,1.0,0.0,0.9804841750435145
5623,1767151448009,0.0,0.0,0.0,0.0,-44.28597357734027,0.0,0.0,hard,False,False,43.9952297685383,0.0,1.0,0.0,0.9804841750435145
5624,1767151448036,0.0,0.0,0.0,0.0,-44.28597357734027,0.0,0.0,hard,False,False,43.9952297685383,0.0,1.0,0.0,0.9804841750435145
5625,1767151448070,0.0,0.0,0.0,0.0,-44.28597357734027,0.0,0.0,hard,False,False,43.9952297685383,0.0,1.0,0.0,0.9804841750435145
5626,1767151448103,0.0,0.0,0.0,0.0,-44.28597357734027,0.0,0.0,hard,False,False,43.9952297685383,0.0,1.0,0.0,0.9804841750435145
5627,1767151448136,0.0,0.0,0.0,0.0,-44.28597357734027,0.0,0.0,hard,False,False,43.9952297685383,0.0,1.0,0.0,0.9804841750435145
5628,1767151448170,0.0,0.0,0.0,0.0,-44.28597357734027,0.0,0.0,hard,False,False,43.9952297685383,0.0,1.0,0.0,0.9804841750435145
5629,1767151448203,0.0,0.0,0.0,0.0,-44.28597357734027,0.0,0.0,hard,False,False,43.9952297685383,0.0,1.0,0.0,0.9804841750435145
5630,1767151448237,0.0,0.0,0.0,0.0,-44.28597357734027,0.0,0.0,hard,False,False,43.9952297685383,0.0,1.0,0.0,0.9804841750435145
5631,1767151448271,0.0,0.0,0.0,0.0,-44.28597357734027,0.0,0.0,hard,False,False,43.9952297685383,0.0,1.0,0.0,0.9804841750435145
5632,1767151448303,0.0,0.0,0.0,0.0,-44.28597357734027,0.0,0.0,hard,False,False,43.9952297685383,0.0,1.0,0.0,0.9804841750435145
5633,1767151448337,0.0,0.0,0.0,0.0,-44.28597357734027,0.0,0.0,hard,False,False,43.9952297685383,0.0,1.0,0.0,0.9804841750435145
5634,1767151448370,0.0,0.0,0.0,0.0,-44.28597357734027,0.0,0.0,hard,False,False,43.9952297685383,0.0,1.0,0.0,0.9804841750435145
5635,1767151448403,0.0,0.0,0.0,0.0,-44.28597357734027,0.0,0.0,hard,False,False,43.9952297685383,0.0,1.0,0.0,0.9804841750435145
5636,1767151448436,0.0,0.0,0.0,0.0,-44.28597357734027,0.0,0.0,hard,False,False,43.9952297685383,0.0,1.0,0.0,0.9804841750435145
5637,1767151448470,0.0,0.0,0.0,0.0,-44.28597357734027,0.0,0.0,hard,False,False,43.9952297685383,0.0,1.0,0.0,0.9804841750435145
5638,1767151448503,0.0,0.0,0.0,0.0,-44.28597357734027,0.0,0.0,hard,False,False,43.9952297685383,0.0,1.0,0.0,0.9804841750435145
5639,1767151448537,0.0,0.0,0.0,0.0,-44.28597357734027,0.0,0.0,hard,False,False,43.9952297685383,0.0,1.0,0.0,0.9804841750435145
5640,1767151448569,0.0,0.0,0.0,0.0,-44.28597357734027,0.0,0.0,hard,False,False,43.9952297685383,0.0,1.0,0.0,0.9804841750435145
5641,1767151448603,0.0,0.0,0.0,0.0,-44.28597357734027,0.0,0.0,hard,False,False,43.9952297685383,0.0,1.0,0.0,0.9804841750435145
5642,1767151448636,0.0,0.0,0.0,0.0,-44.28597357734027,0.0,0.0,hard,False,False,43.9952297685383,0.0,1.0,0.0,0.9804841750435145
5643,1767151448669,0.0,0.0,0.0,0.0,-44.28597357734027,0.0,0.0,hard,False,False,43.9952297685383,0.0,1.0,0.0,0.9804841750435145
5644,1767151448703,0.0,0.0,0.0,0.0,-44.28597357734027,0.0,0.0,hard,False,False,43.9952297685383,0.0,1.0,0.0,0.9804841750435145
5645,1767151448736,0.0,0.0,0.0,0.0,-44.28597357734027,0.0,0.0,hard,False,False,43.9952297685383,0.0,1.0,0.0,0.9804841750435145
5646,1767151448770,0.0,0.0,0.0,0.0,-44.28597357734027,0.0,0.0,hard,False,False,43.9952297685383,0.0,1.0,0.0,0.9804841750435145
5647,1767151448803,0.0,0.0,0.0,0.0,-44.28597357734027,0.0,0.0,hard,False,False,43.9952297685383,0.0,1.0,0.0,0.9804841750435145
5648,1767151448836,0.0,0.0,0.0,0.0,-44.28597357734027,0.0,0.0,hard,False,False,43.9952297685383,0.0,1.0,0.0,0.9804841750435145
5649,1767151448870,0.0,0.0,0.0,0.0,-44.28597357734027,0.0,0.0,hard,False,False,43.9952297685383,0.0,1.0,0.0,0.9804841750435145
5650,1767151448903,0.0,0.0,0.0,0.0,-44.28597357734027,0.0,0.0,hard,False,False,43.9952297685383,0.0,1.0,0.0,0.9804841750435145
5651,1767151448936,0.0,0.0,0.0,0.0,-44.28597357734027,0.0,0.0,hard,False,False,43.9952297685383,0.0,1.0,0.0,0.9804841750435145
5652,1767151448970,0.0,0.0,0.0,0.0,-44.28597357734027,0.0,0.0,hard,False,False,43.9952297685383,0.0,1.0,0.0,0.9804841750435145
5653,1767151449003,0.0,0.0,0.0,0.0,-44.28597357734027,0.0,0.0,hard,False,False,43.9952297685383,0.0,1.0,0.0,0.9804841750435145
5654,1767151449042,0.0,0.0,0.0,0.0,-44.28597357734027,0.0,0.0,hard,False,False,43.9952297685383,0.0,1.0,0.0,0.9804841750435145
5655,1767151449070,0.0,0.0,0.0,0.0,-44.28597357734027,0.0,0.0,hard,False,False,43.9952297685383,0.0,1.0,0.0,0.9804841750435145
5656,1767151449103,0.0,0.0,0.0,0.0,-44.28597357734027,0.0,0.0,hard,False,False,43.9952297685383,0.0,1.0,0.0,0.9804841750435145
5657,1767151449136,0.0,0.0,0.0,0.0,-44.28597357734027,0.0,0.0,hard,False,False,43.9952297685383,0.0,1.0,0.0,0.9804841750435145
5658,1767151449170,0.0,0.0,0.0,0.0,-44.28597357734027,0.0,0.0,hard,False,False,43.9952297685383,0.0,1.0,0.0,0.9804841750435145
5659,1767151449203,0.0,0.0,0.0,0.0,-44.28597357734027,0.0,0.0,hard,False,False,43.9952297685383,0.0,1.0,0.0,0.9804841750435145
5660,1767151449236,0.0,0.0,0.0,0.0,-44.28597357734027,0.0,0.0,hard,False,False,43.9952297685383,0.0,1.0,0.0,0.9804841750435145
5661,1767151449270,0.0,0.0,0.0,0.0,-44.28597357734027,0.0,0.0,hard,False,False,43.9952297685383,0.0,1.0,0.0,0.9804841750435145
5662,1767151449303,0.0,0.0,0.0,0.0,-44.28597357734027,0.0,0.0,hard,False,False,43.9952297685383,0.0,1.0,0.0,0.9804841750435145
5663,1767151449336,0.0,0.0,0.0,0.0,-44.28597357734027,0.0,0.0,hard,False,False,43.9952297685383,0.0,1.0,0.0,0.9804841750435145
5664,1767151449369,0.0,0.0,0.0,0.0,-44.28597357734027,0.0,0.0,hard,False,False,43.9952297685383,0.0,1.0,0.0,0.9804841750435145
5665,1767151449406,0.0,0.0,0.0,0.0,-44.28597357734027,0.0,0.0,hard,False,False,43.9952297685383,0.0,1.0,0.0,0.9804841750435145
5666,1767151449436,0.0,0.0,0.0,0.0,-44.28597357734027,0.0,0.0,hard,False,False,43.9952297685383,0.0,1.0,0.0,0.9804841750435145
5667,1767151449470,0.0,0.0,0.0,0.0,-44.28597357734027,0.0,0.0,hard,False,False,43.9952297685383,0.0,1.0,0.0,0.9804841750435145
5668,1767151449503,0.0,0.0,0.0,0.0,-44.28597357734027,0.0,0.0,hard,False,False,43.9952297685383,0.0,1.0,0.0,0.9804841750435145
5669,1767151449536,0.0,0.0,0.0,0.0,-44.28597357734027,0.0,0.0,hard,False,False,43.9952297685383,0.0,1.0,0.0,0.9804841750435145
5670,1767151449569,0.0,0.0,0.0,0.0,-44.28597357734027,0.0,0.0,hard,False,False,43.9952297685383,0.0,1.0,0.0,0.9804841750435145
5671,1767151449603,0.0,0.0,0.0,0.0,-44.28597357734027,0.0,0.0,hard,False,False,43.9952297685383,0.0,1.0,0.0,0.9804841750435145
5672,1767151449636,0.0,0.0,0.0,0.0,-44.28597357734027,0.0,0.0,hard,False,False,43.9952297685383,0.0,1.0,0.0,0.9804841750435145
5673,1767151449672,0.0,0.0,0.0,0.0,-44.28597357734027,0.0,0.0,hard,False,False,43.9952297685383,0.0,1.0,0.0,0.9804841750435145
5674,1767151449703,0.0,0.0,0.0,0.0,-44.28597357734027,0.0,0.0,hard,False,False,43.9952297685383,0.0,1.0,0.0,0.9804841750435145
5675,1767151449736,0.0,0.0,0.0,0.0,-44.28597357734027,0.0,0.0,hard,False,False,43.9952297685383,0.0,1.0,0.0,0.9804841750435145
5676,1767151449769,0.0,0.0,0.0,0.0,-44.28597357734027,0.0,0.0,hard,False,False,43.9952297685383,0.0,1.0,0.0,0.9804841750435145
5677,1767151449803,0.0,0.0,0.0,0.0,-44.28597357734027,0.0,0.0,hard,False,False,43.9952297685383,0.0,1.0,0.0,0.9804841750435145
5678,1767151449836,0.0,0.0,0.0,0.0,-44.28597357734027,0.0,0.0,hard,False,False,43.9952297685383,0.0,1.0,0.0,0.9804841750435145
5679,1767151449869,0.0,0.0,0.0,0.0,-44.28597357734027,0.0,0.0,hard,False,False,43.9952297685383,0.0,1.0,0.0,0.9804841750435145
5680,1767151449903,0.0,0.0,0.0,0.0,-44.28597357734027,0.0,0.0,hard,False,False,43.9952297685383,0.0,1.0,0.0,0.9804841750435145
5681,1767151449936,0.0,0.0,0.0,0.0,-44.28597357734027,0.0,0.0,hard,False,False,43.9952297685383,0.0,1.0,0.0,0.9804841750435145
5682,1767151449969,0.0,0.0,0.0,0.0,-44.28597357734027,0.0,0.0,hard,False,False,43.9952297685383,0.0,1.0,0.0,0.9804841750435145
5683,1767151450003,0.0,0.0,0.0,0.0,-44.28597357734027,0.0,0.0,hard,False,False,43.9952297685383,0.0,1.0,0.0,0.9804841750435145
5684,1767151450038,0.0,0.0,0.0,0.0,-44.28597357734027,0.0,0.0,hard,False,False,43.9952297685383,0.0,1.0,0.0,0.9804841750435145
5685,1767151450069,0.0,0.0,0.0,0.0,-44.28597357734027,0.0,0.0,hard,False,False,43.9952297685383,0.0,1.0,0.0,0.9804841750435145
5686,1767151450103,0.0,0.0,0.0,0.0,-44.28597357734027,0.0,0.0,hard,False,False,43.9952297685383,0.0,1.0,0.0,0.9804841750435145
5687,1767151450136,0.0,0.0,0.0,0.0,-44.28597357734027,0.0,0.0,hard,False,False,43.9952297685383,0.0,1.0,0.0,0.9804841750435145
5688,1767151450169,0.0,0.0,0.0,0.0,-44.28597357734027,0.0,0.0,hard,False,False,43.9952297685383,0.0,1.0,0.0,0.9804841750435145
5689,1767151450203,0.0,0.0,0.0,0.0,-44.28597357734027,0.0,0.0,hard,False,False,43.9952297685383,0.0,1.0,0.0,0.9804841750435145
5690,1767151450236,0.0,0.0,0.0,0.0,-44.28597357734027,0.0,0.0,hard,False,False,43.9952297685383,0.0,1.0,0.0,0.9804841750435145
5691,1767151450270,0.0,0.0,0.0,0.0,-44.28597357734027,0.0,0.0,hard,False,False,43.9952297685383,0.0,1.0,0.0,0.9804841750435145
5692,1767151450305,0.0,0.0,0.0,0.0,-44.28597357734027,0.0,0.0,hard,False,False,43.9952297685383,0.0,1.0,0.0,0.9804841750435145
5693,1767151450336,0.0,0.0,0.0,0.0,-44.28597357734027,0.0,0.0,hard,False,False,43.9952297685383,0.0,1.0,0.0,0.9804841750435145
5694,1767151450370,0.0,0.0,0.0,0.0,-44.28597357734027,0.0,0.0,hard,False,False,43.9952297685383,0.0,1.0,0.0,0.9804841750435145
5695,1767151450403,0.0,0.0,0.0,0.0,-44.28597357734027,0.0,0.0,hard,False,False,43.9952297685383,0.0,1.0,0.0,0.9804841750435145
5696,1767151450437,0.0,0.0,0.0,0.0,-44.28597357734027,0.0,0.0,hard,False,False,43.9952297685383,0.0,1.0,0.0,0.9804841750435145
5697,1767151450470,0.0,0.0,0.0,0.0,-44.28597357734027,0.0,0.0,hard,False,False,43.9952297685383,0.0,1.0,0.0,0.9804841750435145
5698,1767151450503,0.0,0.0,0.0,0.0,-44.28597357734027,0.0,0.0,hard,False,False,43.9952297685383,0.0,1.0,0.0,0.9804841750435145
5699,1767151450536,0.0,0.0,0.0,0.0,-44.28597357734027,0.0,0.0,hard,False,False,43.9952297685383,0.0,1.0,0.0,0.9804841750435145
5700,1767151450569,0.0,0.0,0.0,0.0,-44.28597357734027,0.0,0.0,hard,False,False,43.9952297685383,0.0,1.0,0.0,0.9804841750435145
5701,1767151450604,0.0,0.0,0.0,0.0,-44.28597357734027,0.0,0.0,hard,False,False,43.9952297685383,0.0,1.0,0.0,0.9804841750435145
5702,1767151450636,0.0,0.0,0.0,0.0,-44.28597357734027,0.0,0.0,hard,False,False,43.9952297685383,0.0,1.0,0.0,0.9804841750435145
5703,1767151450669,0.0,0.0,0.0,0.0,-44.28597357734027,0.0,0.0,hard,False,False,43.9952297685383,0.0,1.0,0.0,0.9804841750435145
5704,1767151450703,0.0,0.0,0.0,0.0,-44.28597357734027,0.0,0.0,hard,False,False,43.9952297685383,0.0,1.0,0.0,0.9804841750435145
