{
  "n_pairs": 47,
  "mean_dt_ms": -31.4468085106383,
  "median_dt_ms": -113.0,
  "std_dt_ms": 288.0344105115751,
  "min_dt_ms": -430.0,
  "max_dt_ms": 657.0,
  "offset_ms": 250.0
}