{
  "n_pairs": 46,
  "mean_dt_ms": -63.23913043478261,
  "median_dt_ms": -134.0,
  "std_dt_ms": 262.79907887988,
  "min_dt_ms": -430.0,
  "max_dt_ms": 446.0,
  "offset_ms": 250.0
}