{
  "n_pairs": 39,
  "mean_dt_ms": -43.61538461538461,
  "median_dt_ms": -113.0,
  "std_dt_ms": 232.83939830780196,
  "min_dt_ms": -345.0,
  "max_dt_ms": 338.0,
  "offset_ms": 250.0
}