{
  "n_pairs": 15,
  "mean_dt_ms": -277.1333333333333,
  "median_dt_ms": -282.0,
  "std_dt_ms": 58.96311464711552,
  "min_dt_ms": -349.0,
  "max_dt_ms": -150.0,
  "offset_ms": 200.0
}