{
  "n_pairs": 35,
  "mean_dt_ms": -338.3142857142857,
  "median_dt_ms": -353.0,
  "std_dt_ms": 166.04332849824323,
  "min_dt_ms": -497.0,
  "max_dt_ms": 472.0,
  "offset_ms": 200.0
}