{
  "n_pairs": 22,
  "mean_dt_ms": -307.09090909090907,
  "median_dt_ms": -334.0,
  "std_dt_ms": 66.13066204726759,
  "min_dt_ms": -402.0,
  "max_dt_ms": -150.0,
  "offset_ms": 200.0
}