{
  "n_pairs": 26,
  "mean_dt_ms": -327.84615384615387,
  "median_dt_ms": -339.0,
  "std_dt_ms": 77.91745746310511,
  "min_dt_ms": -447.0,
  "max_dt_ms": -150.0,
  "offset_ms": 200.0
}