idx,host_ms,val_raw,val_filt
0,1767152723127,48351,48351
1,1767152723147,48410,48380
2,1767152723167,48281,48347
3,1767152723187,48489,48382
4,1767152723207,48434,48393
5,1767152723227,48420,48406
6,1767152723246,48430,48410
7,1767152723306,48457,48446
8,1767152723326,48389,48426
9,1767152723345,48526,48444
10,1767152723365,48594,48479
11,1767152723385,48752,48543
12,1767152723405,48749,48602
13,1767152723425,48655,48655
14,1767152723484,48515,48653
15,1767152723504,48525,48639
16,1767152723524,48480,48584
17,1767152723543,48619,48558
18,1767152723563,48594,48546
19,1767152723583,48616,48566
20,1767152723603,48634,48588
21,1767152723622,48569,48606
22,1767152723642,48699,48622
23,1767152723662,48645,48632
24,1767152723682,48600,48629
25,1767152723702,48579,48618
26,1767152723722,48591,48622
27,1767152723741,48611,48605
28,1767152723761,48427,48561
29,1767152723781,48528,48547
30,1767152723801,48547,48540
31,1767152723821,48521,48526
32,1767152723840,48520,48508
33,1767152723860,48562,48535
34,1767152723880,48483,48526
35,1767152723939,48475,48512
36,1767152723959,48491,48506
37,1767152723979,48628,48527
38,1767152724038,48806,48576
39,1767152724058,48825,48645
40,1767152724078,48886,48727
41,1767152724098,48747,48778
42,1767152724118,48648,48782
43,1767152724137,48687,48758
44,1767152724157,48655,48724
45,1767152724177,48663,48680
46,1767152724197,48744,48679
47,1767152724217,48771,48704
48,1767152724236,48662,48699
49,1767152724256,48610,48690
50,1767152724276,48534,48664
51,1767152724335,48619,48639
52,1767152724355,48681,48621
53,1767152724375,48657,48620
54,1767152724395,48567,48611
55,1767152724415,48550,48614
56,1767152724434,48597,48610
57,1767152724454,48472,48568
58,1767152724474,48509,48539
59,1767152724494,48501,48525
60,1767152724553,48563,48528
61,1767152724573,48649,48538
62,1767152724593,48664,48577
63,1767152724613,48651,48605
64,1767152724632,48558,48617
65,1767152724652,48701,48644
66,1767152724672,48798,48674
67,1767152724692,48786,48698
68,1767152724711,48777,48724
69,1767152724731,48657,48743
70,1767152724751,48678,48739
71,1767152724771,48691,48717
72,1767152724791,48611,48682
73,1767152724811,48653,48658
74,1767152724830,48616,48649
75,1767152724850,48646,48643
76,1767152724870,48567,48618
77,1767152724890,48634,48623
78,1767152724909,48668,48626
79,1767152724929,48757,48654
80,1767152724949,48811,48687
81,1767152724969,48826,48739
82,1767152724989,48794,48771
83,1767152725009,48810,48799
84,1767152725028,48917,48831
85,1767152725048,49049,48879
86,1767152725068,48968,48907
87,1767152725088,48893,48927
88,1767152725108,48903,48946
89,1767152725127,48743,48911
90,1767152725147,48934,48888
91,1767152725167,48929,48880
92,1767152725187,48778,48857
93,1767152725207,48846,48846
94,1767152725226,48883,48874
95,1767152725246,48891,48865
96,1767152725266,48958,48871
97,1767152725286,48898,48895
98,1767152725306,49043,48934
99,1767152725325,48976,48953
100,1767152725345,49067,48988
101,1767152725365,48942,48985
102,1767152725385,48955,48996
103,1767152725405,49012,48990
104,1767152725424,48917,48978
105,1767152725444,49000,48965
106,1767152725504,48908,48958
107,1767152725523,48878,48943
108,1767152725583,48849,48910
109,1767152725603,48937,48914
110,1767152725622,48941,48902
111,1767152725642,49001,48921
112,1767152725662,48875,48920
113,1767152725682,48806,48912
114,1767152725701,48735,48871
115,1767152725761,48861,48855
116,1767152725781,48980,48851
117,1767152725801,48809,48838
118,1767152725860,48957,48868
119,1767152725880,49067,48934
120,1767152725900,48939,48950
121,1767152725919,48849,48924
122,1767152725939,48735,48909
123,1767152725959,48789,48875
124,1767152725979,48570,48776
125,1767152725998,44245,47837
126,1767152726018,44819,47031
127,1767152726038,45053,46295
128,1767152726058,48808,46299
129,1767152726078,48730,46331
130,1767152726098,50769,47635
131,1767152726117,52791,49230
132,1767152726137,55436,51306
133,1767152726157,55946,52734
134,1767152726177,57617,54511
135,1767152726197,60107,56379
136,1767152726216,62103,58241
137,1767152726236,63330,59820
138,1767152726256,63736,61378
139,1767152726276,65752,63005
140,1767152726296,66624,64309
141,1767152726315,66527,65193
142,1767152726335,67350,65997
143,1767152726355,67382,66727
144,1767152726375,67482,67073
145,1767152726434,68646,67477
146,1767152726454,68660,67904
147,1767152726474,69872,68408
148,1767152726533,70603,69052
149,1767152726553,69924,69541
150,1767152726573,69383,69688
151,1767152726592,69653,69887
152,1767152726612,69839,69880
153,1767152726632,68426,69445
154,1767152726652,67644,68989
155,1767152726672,67309,68574
156,1767152726691,67108,68065
157,1767152726711,67059,67509
158,1767152726731,66517,67127
159,1767152726751,66494,66897
160,1767152726770,65932,66622
161,1767152726790,66031,66406
162,1767152726810,66463,66287
163,1767152726830,65815,66147
164,1767152726850,66762,66200
165,1767152726870,66832,66380
166,1767152726889,67784,66731
167,1767152726909,67803,66999
168,1767152726929,67461,67328
169,1767152726949,67094,67394
170,1767152726968,67080,67444
171,1767152726988,67623,67412
172,1767152727008,67138,67279
173,1767152727028,66615,67110
174,1767152727048,65931,66877
175,1767152727067,65829,66627
176,1767152727087,64805,66063
177,1767152727107,63745,65385
178,1767152727127,62010,64464
179,1767152727147,63206,63919
180,1767152727166,61589,63071
181,1767152727226,54230,60956
182,1767152727245,50237,58254
183,1767152727305,45098,54872
184,1767152727364,40552,50341
185,1767152727384,40860,46195
186,1767152727443,39774,43304
187,1767152727463,39847,41226
188,1767152727483,40781,40362
189,1767152727503,39849,40222
190,1767152727523,39964,40043
191,1767152727542,40129,40114
192,1767152727602,40208,40186
193,1767152727621,40826,40195
194,1767152727641,41462,40517
195,1767152727661,41364,40797
196,1767152727681,41487,41069
197,1767152727701,43048,41637
198,1767152727721,43868,42245
199,1767152727740,45934,43140
200,1767152727760,49779,44823
201,1767152727780,51996,46925
202,1767152727800,55480,49411
203,1767152727859,60473,52732
204,1767152727879,61767,55899
205,1767152727899,63673,58677
206,1767152727918,65227,61324
207,1767152727938,66263,63480
208,1767152727958,67533,64892
209,1767152727978,68409,66221
210,1767152727998,68991,67284
211,1767152728017,69072,68053
212,1767152728037,69815,68764
213,1767152728057,70235,69304
214,1767152728077,71181,69858
215,1767152728096,71148,70290
216,1767152728116,70551,70586
217,1767152728136,71223,70867
218,1767152728156,71287,71078
219,1767152728176,70955,71032
220,1767152728195,71000,71003
221,1767152728215,70776,71048
222,1767152728275,70837,70971
223,1767152728295,70564,70826
224,1767152728314,69917,70618
225,1767152728334,69714,70361
226,1767152728354,69772,70160
227,1767152728374,69477,69888
228,1767152728393,69148,69605
229,1767152728413,69103,69442
230,1767152728433,69261,69352
231,1767152728453,69140,69225
232,1767152728473,68891,69108
233,1767152728492,69420,69163
234,1767152728512,69405,69223
235,1767152728532,69829,69337
236,1767152728552,69631,69435
237,1767152728572,69559,69568
238,1767152728591,69735,69631
239,1767152728611,69983,69747
240,1767152728631,70421,69865
241,1767152728651,70091,69957
242,1767152728671,70436,70133
243,1767152728690,70254,70237
244,1767152728710,70345,70309
245,1767152728730,70260,70277
246,1767152728750,69945,70248
247,1767152728770,70158,70192
248,1767152728789,70079,70157
249,1767152728809,70610,70210
250,1767152728829,70696,70297
251,1767152728849,70661,70440
252,1767152728869,70513,70511
253,1767152728888,70836,70663
254,1767152728908,71066,70754
255,1767152728928,71039,70823
256,1767152728948,71057,70902
257,1767152728967,71016,71002
258,1767152728987,71184,71072
259,1767152729007,70816,71022
260,1767152729027,70886,70991
261,1767152729047,70663,70913
262,1767152729066,70818,70873
263,1767152729086,70776,70791
264,1767152729106,70521,70732
265,1767152729126,70666,70688
266,1767152729146,70785,70713
267,1767152729166,70510,70651
268,1767152729185,70392,70574
269,1767152729205,70592,70589
270,1767152729225,70804,70616
271,1767152729245,70700,70599
272,1767152729264,70734,70644
273,1767152729284,70365,70639
274,1767152729304,70389,70598
275,1767152729324,70392,70516
276,1767152729344,70286,70433
277,1767152729363,70274,70341
278,1767152729383,70234,70315
279,1767152729403,69918,70220
280,1767152729423,70076,70157
281,1767152729443,69798,70060
282,1767152729462,69800,69965
283,1767152729482,70086,69935
284,1767152729502,70321,70016
285,1767152729522,70282,70057
286,1767152729542,69997,70097
287,1767152729561,70021,70141
288,1767152729581,70184,70161
289,1767152729601,70349,70166
290,1767152729621,70201,70150
291,1767152729640,70116,70174
292,1767152729660,70181,70206
293,1767152729720,70299,70229
294,1767152729739,70557,70270
295,1767152729759,70361,70302
296,1767152729779,70439,70367
297,1767152729799,70536,70438
298,1767152729819,70826,70543
299,1767152729838,71028,70638
300,1767152729858,71198,70805
301,1767152729878,71542,71026
302,1767152729937,71269,71172
303,1767152729957,71291,71265
304,1767152729977,71552,71370
305,1767152729997,71208,71372
306,1767152730017,71444,71352
307,1767152730036,71373,71373
308,1767152730056,71196,71354
309,1767152730076,71576,71359
310,1767152730096,71102,71338
311,1767152730195,71127,71274
312,1767152730214,71244,71249
313,1767152730234,71237,71257
314,1767152730254,71785,71299
315,1767152730313,71693,71417
316,1767152730333,71861,71564
317,1767152730353,71507,71616
318,1767152730373,71735,71716
319,1767152730393,71462,71651
320,1767152730412,71592,71631
321,1767152730432,71616,71582
322,1767152730452,71623,71605
323,1767152730472,71887,71636
324,1767152730491,71771,71697
325,1767152730511,71789,71737
326,1767152730531,71628,71739
327,1767152730551,71648,71744
328,1767152730571,71637,71694
329,1767152730590,71563,71653
330,1767152730610,71668,71628
331,1767152730630,71644,71632
332,1767152730650,71383,71579
333,1767152730670,70414,71334
334,1767152730690,70697,71161
335,1767152730709,70665,70960
336,1767152730729,70801,70792
337,1767152730749,70475,70610
338,1767152730769,70603,70648
339,1767152730788,71050,70718
340,1767152730848,70941,70774
341,1767152730868,70851,70784
342,1767152730887,70994,70887
343,1767152730907,71105,70988
344,1767152730927,71271,71032
345,1767152730947,71325,71109
346,1767152730967,71812,71301
347,1767152730986,72104,71523
348,1767152731006,72166,71735
349,1767152731026,72412,71963
350,1767152731046,72446,72188
351,1767152731066,72634,72352
352,1767152731085,72737,72479
353,1767152731105,72808,72607
354,1767152731125,73043,72733
355,1767152731145,72891,72822
356,1767152731165,72944,72884
357,1767152731224,72488,72834
358,1767152731244,72495,72772
359,1767152731264,72731,72709
360,1767152731283,72884,72708
361,1767152731303,72604,72640
362,1767152731323,72537,72650
363,1767152731343,72242,72599
364,1767152731362,72288,72511
365,1767152731382,72938,72521
366,1767152731402,73047,72610
367,1767152731422,72868,72676
368,1767152731442,72306,72689
369,1767152731461,72163,72664
370,1767152731481,72297,72536
371,1767152731501,72475,72421
372,1767152731521,72729,72394
373,1767152731541,72389,72410
374,1767152731560,72425,72463
375,1767152731580,72643,72532
376,1767152731600,72869,72611
377,1767152731620,72904,72646
378,1767152731640,72785,72725
379,1767152731659,72530,72746
380,1767152731679,72887,72795
381,1767152731699,73114,72844
382,1767152731719,72917,72846
383,1767152731739,72818,72853
384,1767152731758,73047,72956
385,1767152731778,73630,73105
386,1767152731798,73402,73162
387,1767152731818,73486,73276
388,1767152731838,73435,73400
389,1767152731857,73379,73466
390,1767152731877,73391,73418
391,1767152731897,73310,73400
392,1767152731917,73386,73380
393,1767152731936,73178,73328
394,1767152731956,73382,73329
395,1767152731976,73045,73260
396,1767152731996,73004,73199
397,1767152732016,73328,73187
398,1767152732035,73269,73205
399,1767152732055,73166,73162
400,1767152732075,73169,73187
401,1767152732095,73006,73187
402,1767152732115,73019,73125
403,1767152732135,72873,73046
404,1767152732154,72999,73013
405,1767152732174,72933,72966
406,1767152732194,72928,72950
407,1767152732214,73061,72958
408,1767152732233,72990,72982
409,1767152732253,72838,72950
410,1767152732273,72734,72910
411,1767152732293,72866,72897
412,1767152732313,73000,72885
413,1767152732332,72995,72886
414,1767152732352,72923,72903
415,1767152732372,73109,72978
416,1767152732392,73084,73022
417,1767152732412,73090,73040
418,1767152732431,73344,73110
419,1767152732451,73211,73167
420,1767152732471,73115,73168
421,1767152732491,73150,73182
422,1767152732510,72840,73132
423,1767152732530,72872,73037
424,1767152732550,72961,72987
425,1767152732570,73177,73000
426,1767152732590,73133,72996
427,1767152732610,73127,73054
428,1767152732629,73120,73103
429,1767152732649,73163,73144
430,1767152732669,72980,73104
431,1767152732689,72733,73024
432,1767152732708,72757,72950
433,1767152732728,72696,72865
434,1767152732748,72657,72764
435,1767152732768,72545,72677
436,1767152732827,72461,72623
437,1767152732847,72368,72545
438,1767152732867,72689,72544
439,1767152732887,72613,72535
440,1767152732946,72568,72539
441,1767152733005,72910,72629
442,1767152733025,72787,72713
443,1767152733045,72841,72743
444,1767152733065,72902,72801
445,1767152733084,73151,72918
446,1767152733104,73077,72951
447,1767152733124,72881,72970
448,1767152733144,73123,73026
449,1767152733164,73222,73090
450,1767152733183,73422,73145
451,1767152733203,73307,73191
452,1767152733223,73374,73289
453,1767152733243,73359,73336
454,1767152733263,73360,73364
455,1767152733282,73628,73405
456,1767152733302,73610,73466
457,1767152733322,73360,73463
458,1767152733381,73186,73428
459,1767152733401,73283,73413
460,1767152733421,73376,73363
461,1767152733441,73485,73338
462,1767152733500,73755,73417
463,1767152733520,73665,73512
464,1767152733540,73858,73627
465,1767152733559,73947,73742
466,1767152733579,74060,73857
467,1767152733599,73862,73878
468,1767152733619,73922,73929
469,1767152733639,74100,73978
470,1767152733698,73989,73986
471,1767152733718,74111,73996
472,1767152733738,74152,74054
473,1767152733757,74065,74083
474,1767152733777,74260,74115
475,1767152733797,74341,74185
476,1767152733817,74117,74187
477,1767152733876,74255,74207
478,1767152733896,74273,74249
479,1767152733916,74261,74249
480,1767152733935,74258,74232
481,1767152733955,74273,74264
482,1767152733975,74475,74308
483,1767152733995,74300,74313
484,1767152734015,74450,74351
485,1767152734035,74422,74384
486,1767152734054,74671,74463
487,1767152734074,74767,74522
488,1767152734094,74574,74576
489,1767152734114,74602,74607
490,1767152734134,74693,74661
491,1767152734153,74461,74619
492,1767152734173,74484,74562
493,1767152734193,74407,74529
494,1767152734213,74587,74526
495,1767152734233,74562,74500
496,1767152734252,74593,74526
497,1767152734272,74452,74520
498,1767152734292,74547,74548
499,1767152734312,74603,74551
500,1767152734331,74366,74512
501,1767152734351,74092,74412
502,1767152734371,73787,74279
503,1767152734391,73565,74082
504,1767152734410,72976,73757
505,1767152734430,72239,73331
506,1767152734450,70852,72683
507,1767152734470,70150,71956
508,1767152734490,69617,71166
509,1767152734509,69774,70526
510,1767152734569,71159,70310
511,1767152734589,71876,70515
512,1767152734609,72212,70927
513,1767152734628,74176,71839
514,1767152734648,75063,72897
515,1767152734668,75458,73757
516,1767152734688,75897,74561
517,1767152734708,80850,76288
518,1767152734727,86196,78692
519,1767152734747,91138,81907
520,1767152734767,97362,86288
521,1767152734787,105230,92155
522,1767152734807,115176,99020
523,1767152734826,126165,107014
524,1767152734846,134031,115592
525,1767152734866,141560,124432
526,1767152734886,149075,133201
527,1767152734905,156001,141366
528,1767152734925,163923,148918
529,1767152734945,168870,155885
530,1767152734965,171737,161921
531,1767152735024,164094,164925
532,1767152735044,159065,165537
533,1767152735064,151821,163117
534,1767152735084,142385,157820
535,1767152735103,131025,149678
536,1767152735123,119778,140814
537,1767152735143,105793,130160
538,1767152735163,91751,118146
539,1767152735183,78229,105315
540,1767152735242,54759,90062
541,1767152735262,53187,76743
542,1767152735281,51897,65964
543,1767152735341,51515,57917
544,1767152735361,53658,53003
545,1767152735380,55458,53143
546,1767152735400,57102,53926
547,1767152735420,60697,55686
548,1767152735440,64235,58230
549,1767152735460,69180,61334
550,1767152735479,74706,65184
551,1767152735499,80059,69775
552,1767152735519,85405,74717
553,1767152735578,105663,83002
554,1767152735598,115456,92257
555,1767152735618,124020,102120
556,1767152735638,131806,112470
557,1767152735658,141808,123750
558,1767152735717,161199,134857
559,1767152735737,164184,144603
560,1767152735757,166035,153006
561,1767152735776,162818,159208
562,1767152735796,159522,162751
563,1767152735816,156326,161777
564,1767152735836,149886,158917
565,1767152735855,144825,154675
566,1767152735875,135177,149147
567,1767152735935,100539,137350
568,1767152735954,87304,123546
569,1767152735974,73272,108223
570,1767152735994,60595,91377
571,1767152736014,53598,75061
572,1767152736034,52087,65371
573,1767152736053,49616,57833
574,1767152736073,49487,53076
575,1767152736093,48598,50677
576,1767152736232,66792,53316
577,1767152736251,72337,57366
578,1767152736271,76168,62676
579,1767152736291,82672,69313
580,1767152736311,87569,77107
581,1767152736330,93610,82471
582,1767152736350,101141,88232
583,1767152736370,109673,94933
584,1767152736390,118867,102172
585,1767152736410,128826,110423
586,1767152736430,137245,119150
587,1767152736449,145260,127974
588,1767152736469,152635,136566
589,1767152736489,158428,144478
590,1767152736509,162874,151288
591,1767152736528,164821,156803
592,1767152736548,165221,160795
593,1767152736568,164012,163071
594,1767152736588,162386,163862
595,1767152736647,146700,160628
596,1767152736667,140182,155700
597,1767152736687,129865,148629
598,1767152736707,117220,139270
599,1767152736726,105921,127977
600,1767152736746,89995,116636
601,1767152736766,76951,103990
602,1767152736786,65191,91055
603,1767152736806,56928,78997
604,1767152736825,48395,67492
605,1767152736845,46646,58822
606,1767152736865,45223,52476
607,1767152736885,42568,47952
608,1767152736905,42637,45093
609,1767152736924,43178,44050
610,1767152736944,44354,43592
611,1767152736964,46659,43879
612,1767152736984,49927,45351
613,1767152737004,53694,47562
614,1767152737023,56364,50199
615,1767152737043,60629,53454
616,1767152737063,64026,56928
617,1767152737083,68896,60721
618,1767152737103,73326,64648
619,1767152737122,77982,68971
620,1767152737142,83252,73496
621,1767152737162,90858,78862
622,1767152737182,97600,84603
623,1767152737202,105435,91025
624,1767152737221,114833,98395
625,1767152737241,123366,106418
626,1767152737261,131245,114495
627,1767152737280,139248,122825
628,1767152737300,146900,131118
629,1767152737320,152743,138700
630,1767152737340,156837,145394
631,1767152737360,162649,151675
632,1767152737379,165383,156902
633,1767152737399,167059,160934
634,1767152737419,167175,163820
635,1767152737439,164294,165312
636,1767152737459,161548,165091
637,1767152737479,159729,163961
638,1767152737498,154362,161421
639,1767152737518,148859,157758
640,1767152737538,143364,153572
641,1767152737558,135294,148321
642,1767152737578,124287,141233
643,1767152737597,112260,132812
644,1767152737617,97854,122611
645,1767152737638,82088,110356
646,1767152737657,68556,97009
647,1767152737676,57690,83689
648,1767152737696,52035,71644
649,1767152737716,47938,61661
650,1767152737736,46484,54540
651,1767152737756,44088,49647
652,1767152737775,43904,46889
653,1767152737795,45085,45499
654,1767152737815,46952,45302
655,1767152737835,51166,46239
656,1767152737855,54893,48400
657,1767152737874,58907,51400
658,1767152737934,70157,56415
659,1767152737954,74619,61948
660,1767152737973,78590,67433
661,1767152737993,82517,72958
662,1767152738013,90411,79258
663,1767152738033,97126,84652
664,1767152738053,104183,90565
665,1767152738072,110846,97016
666,1767152738092,122238,104960
667,1767152738112,130423,112963
668,1767152738132,139143,121366
669,1767152738152,147083,129946
670,1767152738171,155498,138877
671,1767152738231,167565,147942
672,1767152738251,168751,155608
673,1767152738270,167589,161297
674,1767152738290,166936,165267
675,1767152738310,163789,166926
676,1767152738330,159791,165371
677,1767152738350,156613,162943
678,1767152738369,151016,159629
679,1767152738389,146283,155498
680,1767152738409,140688,150878
681,1767152738428,132676,145455
682,1767152738449,121187,138370
683,1767152738468,108480,129862
684,1767152738488,93450,119296
685,1767152738508,81092,107377
686,1767152738607,44843,89810
687,1767152738627,44599,74492
688,1767152738646,44222,61641
689,1767152738666,45602,52071
690,1767152738686,47616,45376
691,1767152738706,50231,46454
692,1767152738725,53619,48258
693,1767152738745,56372,50688
694,1767152738765,59469,53461
695,1767152738785,64481,56834
696,1767152738805,68005,60389
697,1767152738824,72055,64076
698,1767152738844,76372,68076
699,1767152738864,80527,72288
700,1767152738884,86246,76641
701,1767152738904,93063,81652
702,1767152738963,116015,90444
703,1767152738983,126836,100537
704,1767152739003,135059,111443
705,1767152739062,158491,125892
706,1767152739082,161961,139672
707,1767152739141,167673,150004
708,1767152739161,164340,157504
709,1767152739181,162317,162956
710,1767152739201,158886,163035
711,1767152739220,153839,161411
712,1767152739240,149440,157764
713,1767152739300,131182,151132
714,1767152739319,119104,142490
715,1767152739339,107542,132221
716,1767152739359,93373,120128
717,1767152739379,81798,106599
718,1767152739398,68963,94156
719,1767152739418,60742,82483
720,1767152739438,54722,71919
721,1767152739497,46944,62633
722,1767152739517,46413,55556
723,1767152739537,48236,51411
724,1767152739557,50051,49273
725,1767152739577,53139,48956
726,1767152739636,60992,51766
727,1767152739656,64832,55450
728,1767152739676,66681,59139
729,1767152739695,69641,63057
730,1767152739715,73837,67196
731,1767152739735,76875,70373
732,1767152739755,81813,73769
733,1767152739775,87954,78024
734,1767152739794,93081,82712
735,1767152739814,100423,88029
736,1767152739834,107704,94195
737,1767152739854,117581,101348
738,1767152739874,124942,108746
739,1767152739893,132688,116667
740,1767152739913,140532,124689
741,1767152739933,147838,132716
742,1767152739953,152468,139693
743,1767152739972,157771,146259
744,1767152739992,162199,152161
745,1767152740012,164422,156939
746,1767152740032,163250,160022
747,1767152740052,161441,161816
748,1767152740071,159616,162185
749,1767152740091,156067,160959
750,1767152740111,151656,158406
751,1767152740131,146459,155047
752,1767152740151,140932,150946
753,1767152740170,134195,145861
754,1767152740190,125058,139660
755,1767152740210,115568,132442
756,1767152740230,104375,124025
757,1767152740249,93487,114536
758,1767152740269,82015,104100
759,1767152740289,72542,93597
760,1767152740309,66024,83688
761,1767152740329,59333,74680
762,1767152740349,54497,66882
763,1767152740368,50746,60628
764,1767152740388,48277,55775
765,1767152740408,48291,52228
766,1767152740428,46985,49759
767,1767152740448,47223,48304
768,1767152740467,48655,47886
769,1767152740487,50972,48425
770,1767152740507,53864,49539
771,1767152740527,57159,51574
772,1767152740546,61227,54375
773,1767152740566,63127,57269
774,1767152740586,67144,60504
775,1767152740606,70978,63927
776,1767152740626,75570,67609
777,1767152740645,80017,71367
778,1767152740665,85992,75940
779,1767152740685,93772,81265
780,1767152740705,99518,86973
781,1767152740725,106051,93070
782,1767152740744,117293,100525
783,1767152740764,124854,108297
784,1767152740784,131718,115886
785,1767152740804,141087,124200
786,1767152740824,147397,132469
787,1767152740883,159824,140976
788,1767152740903,162642,148533
789,1767152740923,162680,154726
790,1767152740942,161514,158811
791,1767152740962,160463,161424
792,1767152740982,156404,160740
793,1767152741002,153053,158822
794,1767152741022,148460,155978
795,1767152741041,142834,152242
796,1767152741061,132995,146749
797,1767152741081,124417,140351
798,1767152741101,114418,132624
799,1767152741120,103525,123637
800,1767152741140,92230,113517
801,1767152741160,80280,102974
802,1767152741180,69965,92083
803,1767152741200,63690,81938
804,1767152741220,57214,72675
805,1767152741239,52239,64677
806,1767152741259,50460,58713
807,1767152741279,48731,54466
808,1767152741299,48494,51427
809,1767152741318,49335,49851
810,1767152741338,50756,49555
811,1767152741358,53774,50218
812,1767152741378,57352,51942
813,1767152741398,60026,54248
814,1767152741417,62541,56889
815,1767152741437,66876,60113
816,1767152741457,71429,63644
817,1767152741477,75343,67243
818,1767152741497,79754,71188
819,1767152741516,83476,75375
820,1767152741536,89573,79915
821,1767152741556,95463,84721
822,1767152741576,101559,89965
823,1767152741595,109563,95926
824,1767152741615,116839,102599
825,1767152741635,124882,109661
826,1767152741695,147045,119977
827,1767152741754,161084,131882
828,1767152741774,163354,142640
829,1767152741794,164050,152083
830,1767152741813,162852,159677
831,1767152741833,159249,162117
832,1767152741853,157373,161375
833,1767152741912,142953,157295
834,1767152741972,119828,148451
835,1767152741995,108516,137583
836,1767152742011,98408,125415
837,1767152742031,87799,111500
838,1767152742051,78576,98625
839,1767152742071,69140,88487
840,1767152742090,62135,79211
841,1767152742110,55579,70645
842,1767152742130,50179,63121
843,1767152742189,45917,56590
844,1767152742209,45773,51916
845,1767152742229,46600,48809
846,1767152742249,48959,47485
847,1767152742269,50562,47562
848,1767152742288,53917,49162
849,1767152742308,57478,51503
850,1767152742328,60503,54283
851,1767152742348,63435,57179
852,1767152742367,66856,60437
853,1767152742387,70631,63780
854,1767152742407,74849,67254
855,1767152742427,80349,71224
856,1767152742447,85964,75729
857,1767152742466,91524,80663
858,1767152742486,97965,86130
859,1767152742506,106636,92487
860,1767152742526,115435,99504
861,1767152742546,121879,106687
862,1767152742565,128960,114175
863,1767152742585,134668,121515
864,1767152742605,142068,128602
865,1767152742625,146750,134865
866,1767152742645,153248,141138
867,1767152742664,157121,146771
868,1767152742724,163008,152439
869,1767152742743,161938,156413
870,1767152742763,159527,158968
871,1767152742783,156859,159690
872,1767152742803,152420,158750
873,1767152742823,147259,155600
874,1767152742842,142111,151635
875,1767152742862,134100,146549
876,1767152742882,124299,140037
877,1767152742902,114179,132389
878,1767152742922,103444,123626
879,1767152742942,92945,113793
880,1767152742961,83658,103705
881,1767152742981,73505,93546
882,1767152743001,64709,83652
883,1767152743021,56466,74256
884,1767152743041,52020,66071
885,1767152743060,49418,59223
886,1767152743080,47847,54092
887,1767152743100,46623,50474
888,1767152743159,48862,48954
889,1767152743179,52191,48988
890,1767152743199,55240,50152
891,1767152743219,57956,52174
892,1767152743239,62396,55329
893,1767152743258,64675,58491
894,1767152743278,69836,62020
895,1767152743298,74787,65930
896,1767152743318,78812,70101
897,1767152743337,83068,74235
898,1767152743357,90986,79497
899,1767152743377,97898,85110
900,1767152743397,104983,91149
901,1767152743417,113584,98103
902,1767152743436,120968,105683
903,1767152743456,128744,113235
904,1767152743476,135885,120832
905,1767152743496,142447,128325
906,1767152743515,148608,135330
907,1767152743535,153731,141883
908,1767152743555,157669,147668
909,1767152743575,160392,152569
910,1767152743595,161463,156372
911,1767152743614,160153,158681
912,1767152743634,156833,159302
913,1767152743654,154310,158630
914,1767152743674,150901,156732
915,1767152743694,147499,153939
916,1767152743713,143099,150528
917,1767152743733,135127,146187
918,1767152743753,124106,140146
919,1767152743773,113006,132567
920,1767152743793,102741,123615
921,1767152743813,90756,113147
922,1767152743832,80498,102221
923,1767152743852,71909,91782
924,1767152743872,64254,82031
925,1767152743892,57487,72980
926,1767152743911,53117,65453
927,1767152743931,50644,59482
928,1767152743951,48060,54712
929,1767152743971,47195,51300
930,1767152743990,45883,48979
931,1767152744010,47936,47943
932,1767152744030,50166,47848
933,1767152744050,52134,48662
934,1767152744070,55789,50381
935,1767152744089,57597,52724
936,1767152744149,71833,57503
937,1767152744169,75866,62643
938,1767152744189,80791,68375
939,1767152744208,87438,74705
940,1767152744228,93631,81911
941,1767152744287,115615,90668
942,1767152744307,123608,100216
943,1767152744327,131010,110260
944,1767152744386,149049,122582
945,1767152744406,154052,134666
946,1767152744426,157983,143140
947,1767152744446,159765,150371
948,1767152744466,160945,156358
949,1767152744485,158826,158314
950,1767152744505,156862,158876
951,1767152744525,153834,158046
952,1767152744545,150303,156154
953,1767152744564,146924,153349
954,1767152744584,140932,149771
955,1767152744604,134625,145323
956,1767152744624,125210,139598
957,1767152744683,98367,129211
958,1767152744703,88677,117562
959,1767152744723,78806,105137
960,1767152744743,71530,92518
961,1767152744762,64253,80326
962,1767152744782,57664,72186
963,1767152744802,52743,64999
964,1767152744861,47768,58791
965,1767152744881,48537,54193
966,1767152744901,50137,51369
967,1767152744921,52787,50394
968,1767152744941,54774,50800
969,1767152744960,57972,52841
970,1767152744980,60627,55259
971,1767152745000,63671,57966
972,1767152745020,68916,61192
973,1767152745039,73648,64966
974,1767152745099,91680,71708
975,1767152745119,98312,79245
976,1767152745139,104588,87428
977,1767152745158,111103,95866
978,1767152745178,119857,105108
979,1767152745238,143456,115463
980,1767152745257,148814,125563
981,1767152745277,153057,135257
982,1767152745297,157926,144622
983,1767152745317,159287,152508
984,1767152745336,157790,155374
985,1767152745356,155526,156717
986,1767152745376,153911,156888
987,1767152745396,152672,155837
988,1767152745416,148750,153729
989,1767152745435,144356,151043
990,1767152745455,139745,147886
991,1767152745475,132031,143510
992,1767152745495,121800,137336
993,1767152745515,116130,130812
994,1767152745534,106604,123262
995,1767152745554,94000,114113
996,1767152745574,83480,104402
997,1767152745594,74658,94974
998,1767152745614,67906,85329
999,1767152745633,59453,75899
1000,1767152745653,53929,67885
1001,1767152745673,51971,61583
1002,1767152745693,50307,56713
1003,1767152745752,47891,52710
1004,1767152745772,48440,50507
1005,1767152745792,50852,49892
1006,1767152745812,54508,50399
1007,1767152745831,58084,51955
1008,1767152745851,60716,54520
1009,1767152745871,64101,57652
1010,1767152745891,67739,61029
1011,1767152745910,73178,64763
1012,1767152745930,77280,68602
1013,1767152745950,83564,73172
1014,1767152746010,105158,81383
1015,1767152746029,113374,90510
1016,1767152746049,122645,100404
1017,1767152746069,129718,110891
1018,1767152746089,136899,121558
1019,1767152746148,154198,131366
1020,1767152746168,158533,140398
1021,1767152746188,160342,147938
1022,1767152746207,160589,154112
1023,1767152746227,160597,158851
1024,1767152746247,158713,159754
1025,1767152746267,157147,159477
1026,1767152746287,153219,158053
1027,1767152746306,149614,155858
1028,1767152746326,145468,152832
1029,1767152746346,137695,148628
1030,1767152746405,113061,139811
1031,1767152746425,103168,129801
1032,1767152746445,92196,118317
1033,1767152746465,82085,105641
1034,1767152746484,73664,92834
1035,1767152746504,66586,83539
1036,1767152746524,57650,74436
1037,1767152746583,47497,65496
1038,1767152746603,47140,58507
1039,1767152746623,47747,53324
1040,1767152746643,49907,49988
1041,1767152746663,51344,48727
1042,1767152746682,53599,49947
1043,1767152746702,55439,51607
1044,1767152746722,58115,53680
1045,1767152746742,61065,55912
1046,1767152746762,63891,58421
1047,1767152746781,67787,61259
1048,1767152746801,71070,64385
1049,1767152746821,76630,68088
1050,1767152746841,80926,72060
1051,1767152746861,86555,76593
1052,1767152746880,95832,82202
1053,1767152746940,124526,92893
1054,1767152746960,132755,104118
1055,1767152746979,141193,116172
1056,1767152746999,147437,128348
1057,1767152747019,153038,139789
1058,1767152747039,156027,146090
1059,1767152747058,158717,151282
1060,1767152747078,159308,154905
1061,1767152747098,159798,157377
1062,1767152747118,157974,158364
1063,1767152747138,155470,158253
1064,1767152747157,151870,156884
1065,1767152747177,147479,154518
1066,1767152747197,144143,151387
1067,1767152747217,135276,146847
1068,1767152747237,125269,140807
1069,1767152747256,117425,133918
1070,1767152747276,108051,126032
1071,1767152747296,95803,116364
1072,1767152747316,85510,106411
1073,1767152747336,77946,96947
1074,1767152747355,70106,87483
1075,1767152747375,62611,78395
1076,1767152747395,54378,70110
1077,1767152747415,50567,63121
1078,1767152747435,48645,57261
1079,1767152747454,47160,52672
1080,1767152747474,47412,49632
1081,1767152747494,48562,48469
1082,1767152747514,50200,48395
1083,1767152747533,52472,49161
1084,1767152747553,55255,50780
1085,1767152747573,59038,53105
1086,1767152747593,61468,55686
1087,1767152747613,63831,58412
1088,1767152747632,68761,61670
1089,1767152747652,73073,65234
1090,1767152747672,77994,69025
1091,1767152747692,84135,73558
1092,1767152747712,91035,78999
1093,1767152747731,98135,84874
1094,1767152747751,103434,90946
1095,1767152747771,112342,97816
1096,1767152747791,122290,105447
1097,1767152747811,127842,112808
1098,1767152747830,134715,120124
1099,1767152747850,141966,127831
1100,1767152747870,147909,134944
1101,1767152747890,151175,140721
1102,1767152747910,153968,145946
1103,1767152747930,156497,150303
1104,1767152747949,157590,153427
1105,1767152747969,156691,155184
1106,1767152747989,154430,155835
1107,1767152748009,152285,155498
1108,1767152748028,149455,154090
1109,1767152748048,146137,151799
1110,1767152748068,141459,148753
1111,1767152748088,133760,144619
1112,1767152748108,125761,139314
1113,1767152748127,117090,132841
1114,1767152748147,106575,124929
1115,1767152748167,96042,115845
1116,1767152748187,85017,106097
1117,1767152748207,75547,96054
1118,1767152748226,65640,85764
1119,1767152748246,56957,75840
1120,1767152748266,52856,67203
1121,1767152748286,48657,59931
1122,1767152748305,45979,54017
1123,1767152748365,47619,50413
1124,1767152748385,49757,48973
1125,1767152748405,52207,48843
1126,1767152748424,56118,50336
1127,1767152748484,65753,54290
1128,1767152748543,77941,60355
1129,1767152748563,82279,66859
1130,1767152748583,88859,74190
1131,1767152748602,96268,82220
1132,1767152748622,104401,89949
1133,1767152748682,126032,99567
1134,1767152748701,132699,109651
1135,1767152748721,140267,119933
1136,1767152748741,147355,130150
1137,1767152748761,152177,139706
1138,1767152748780,156209,145741
1139,1767152748800,157380,150677
1140,1767152748820,159820,154588
1141,1767152748840,162100,157537
1142,1767152748860,160775,159256
1143,1767152748879,159076,159830
1144,1767152748899,157169,159788
1145,1767152748919,155237,158871
1146,1767152748939,151284,156708
1147,1767152748959,146830,153919
1148,1767152748980,139707,150045
1149,1767152748998,131691,144949
1150,1767152749018,121597,138221
1151,1767152749038,112076,130380
1152,1767152749058,100646,121143
1153,1767152749078,87427,110687
1154,1767152749097,79662,100281
1155,1767152749117,71686,90299
1156,1767152749137,61599,80204
1157,1767152749157,55366,71148
1158,1767152749176,51561,63974
1159,1767152749196,47387,57519
1160,1767152749216,47887,52760
1161,1767152749236,48659,50172
1162,1767152749256,49902,49079
1163,1767152749276,51946,49156
1164,1767152749295,53939,50466
1165,1767152749315,56629,52215
1166,1767152749335,59795,54442
1167,1767152749354,62348,56931
1168,1767152749374,65753,59692
1169,1767152749394,69249,62754
1170,1767152749414,74579,66344
1171,1767152749434,78780,70141
1172,1767152749454,83165,74305
1173,1767152749473,91544,79463
1174,1767152749493,97961,85205
1175,1767152749513,104028,91095
1176,1767152749533,111081,97555
1177,1767152749553,119666,104856
1178,1767152749651,152319,117011
1179,1767152749671,155529,128524
1180,1767152749691,156995,139118
1181,1767152749711,157926,148487
1182,1767152749731,157423,156038
1183,1767152749750,156033,156781
1184,1767152749770,153979,156471
1185,1767152749790,151891,155450
1186,1767152749810,148026,153470
1187,1767152749830,144988,150983
1188,1767152749849,139743,147725
1189,1767152749869,132045,143338
1190,1767152749889,124287,137817
1191,1767152749909,114584,131129
1192,1767152749935,107636,123659
1193,1767152749948,94656,114641
1194,1767152749968,82109,104654
1195,1767152749988,73903,94577
1196,1767152750008,62015,84063
1197,1767152750027,55864,73709
1198,1767152750047,50302,64838
1199,1767152750067,47339,57884
1200,1767152750087,45165,52137
1201,1767152750107,45701,48874
1202,1767152750127,46958,47093
1203,1767152750146,48065,46645
1204,1767152750166,49243,47026
1205,1767152750186,52926,48578
1206,1767152750245,65277,52493
1207,1767152750265,70523,57206
1208,1767152750285,77591,63112
1209,1767152750305,83525,69968
1210,1767152750324,92590,77901
1211,1767152750344,99550,84755
1212,1767152750364,107205,92092
1213,1767152750384,114756,99525
1214,1767152750404,122622,107344
1215,1767152750423,129961,114818
1216,1767152750443,136206,122150
1217,1767152750463,143415,129392
1218,1767152750483,149553,136351
1219,1767152750502,153699,142566
1220,1767152750522,157958,148166
1221,1767152750542,158117,152548
1222,1767152750562,158989,155663
1223,1767152750582,160146,157781
1224,1767152750602,158592,158760
1225,1767152750621,157402,158649
1226,1767152750641,154562,157938
1227,1767152750661,152049,156550
1228,1767152750681,147381,153997
1229,1767152750700,143031,150885
1230,1767152750720,137864,146977
1231,1767152750740,127430,141551
1232,1767152750760,118999,134941
1233,1767152750780,110060,127476
1234,1767152750799,99854,118841
1235,1767152750819,87874,108843
1236,1767152750839,77862,98929
1237,1767152750859,68037,88737
1238,1767152750879,59557,78636
1239,1767152750898,51487,68963
1240,1767152750918,47128,60814
1241,1767152750938,44210,54083
1242,1767152750958,44531,49382
1243,1767152750978,43972,46265
1244,1767152750997,43615,44691
1245,1767152751017,44942,44254
1246,1767152751037,47796,44971
1247,1767152751057,51332,46331
1248,1767152751077,56121,48761
1249,1767152751096,58843,51806
1250,1767152751116,63698,55558
1251,1767152751136,68911,59781
1252,1767152751156,75187,64552
1253,1767152751176,81854,69698
1254,1767152751195,90295,75989
1255,1767152751215,96141,82477
1256,1767152751235,105334,89762
1257,1767152751255,112300,97184
1258,1767152751275,120209,104855
1259,1767152751294,126587,112114
1260,1767152751314,135493,119984
1261,1767152751334,142333,127384
1262,1767152751354,147218,134368
1263,1767152751374,150651,140456
1264,1767152751393,154143,145967
1265,1767152751413,157662,150401
1266,1767152751433,159419,153818
1267,1767152751453,161060,156587
1268,1767152751472,162283,158913
1269,1767152751492,160129,160110
1270,1767152751512,157019,159982
1271,1767152751532,154842,159066
1272,1767152751552,152612,157377
1273,1767152751571,147955,154511
1274,1767152751591,142390,150963
1275,1767152751611,135198,146599
1276,1767152751631,125028,140636
1277,1767152751651,116736,133461
1278,1767152751670,108105,125491
1279,1767152751690,96985,116410
1280,1767152751710,87140,106798
1281,1767152751730,76928,97178
1282,1767152751750,68986,87628
1283,1767152751769,63143,78636
1284,1767152751789,56051,70449
1285,1767152751809,52452,63512
1286,1767152751829,49595,58045
1287,1767152751848,47751,53798
1288,1767152751868,47718,50713
1289,1767152751888,48819,49267
1290,1767152751908,50369,48850
1291,1767152751928,51732,49277
1292,1767152751947,57006,51128
1293,1767152751967,59586,53502
1294,1767152751987,61808,56100
1295,1767152752007,65092,59044
1296,1767152752029,70058,62710
1297,1767152752047,75053,66319
1298,1767152752067,80795,70561
1299,1767152752086,89243,76048
1300,1767152752106,95774,82184
1301,1767152752126,101961,88565
1302,1767152752145,109154,95385
1303,1767152752165,117150,102656
1304,1767152752185,124632,109734
1305,1767152752206,132680,117115
1306,1767152752225,139445,124612
1307,1767152752244,144906,131762
1308,1767152752264,150045,138341
1309,1767152752324,160523,145519
1310,1767152752343,160539,151091
1311,1767152752363,160361,155274
1312,1767152752383,158076,157908
1313,1767152752403,155639,159027
1314,1767152752423,152134,157349
1315,1767152752442,147927,154827
1316,1767152752462,142136,151182
1317,1767152752482,137721,147111
1318,1767152752502,127602,141504
1319,1767152752521,120172,135111
1320,1767152752541,112080,127942
1321,1767152752561,101405,119796
1322,1767152752581,92077,110667
1323,1767152752605,83211,101789
1324,1767152752621,74822,92719
1325,1767152752640,68897,84082
1326,1767152752660,61494,76100
1327,1767152752719,46122,66909
1328,1767152752739,44802,59227
1329,1767152752759,46045,53472
1330,1767152752779,45617,48816
1331,1767152752799,46819,45881
1332,1767152752818,50381,46732
1333,1767152752838,55408,48854
1334,1767152752898,68620,53369
1335,1767152752917,74623,59170
1336,1767152752937,80052,65816
1337,1767152752957,85828,72906
1338,1767152752977,94176,80659
1339,1767152752997,100513,87038
1340,1767152753016,107798,93673
1341,1767152753036,116688,101000
1342,1767152753096,137226,111280
1343,1767152753115,143665,121178
1344,1767152753135,149284,130932
1345,1767152753195,158027,140978
1346,1767152753214,159538,149548
1347,1767152753239,159692,154041
1348,1767152753254,158803,157068
1349,1767152753274,155634,158338
1350,1767152753293,153836,157500
1351,1767152753313,152520,156097
1352,1767152753333,149215,154001
1353,1767152753353,142907,150822
1354,1767152753373,136050,146905
1355,1767152753392,128209,141780
1356,1767152753412,120347,135345
1357,1767152753432,112151,127932
1358,1767152753452,103328,120017
1359,1767152753472,91327,111072
1360,1767152753491,80585,101547
1361,1767152753511,72215,91921
1362,1767152753531,64710,82433
1363,1767152753551,56370,73041
1364,1767152753570,50193,64814
1365,1767152753630,45846,57866
1366,1767152753689,45765,52576
1367,1767152753709,47801,49195
1368,1767152753768,59662,49853
1369,1767152753788,64043,52623
1370,1767152753887,94889,62432
1371,1767152753907,100355,73350
1372,1767152753927,107775,85344
1373,1767152753947,118594,97131
1374,1767152753966,124677,109258
1375,1767152753986,133256,116931
1376,1767152754006,141383,125137
1377,1767152754026,147763,133134
1378,1767152754046,152808,139977
1379,1767152754065,156045,146251
1380,1767152754085,159535,151506
1381,1767152754105,160296,155289
1382,1767152754125,158952,157527
1383,1767152754145,157337,158433
1384,1767152754164,154672,158158
1385,1767152754184,151297,156510
1386,1767152754204,148718,154195
1387,1767152754224,144134,151231
1388,1767152754244,138747,147513
1389,1767152754263,130628,142704
1390,1767152754283,122978,137041
1391,1767152754303,114216,130140
1392,1767152754323,105721,122458
1393,1767152754343,97147,114138
1394,1767152754362,88591,105730
1395,1767152754382,78275,96790
1396,1767152754402,72268,88400
1397,1767152754461,52727,77801
1398,1767152754521,46859,67744
1399,1767152754541,46289,59283
1400,1767152754560,46361,52900
1401,1767152754620,50558,48558
1402,1767152754640,55356,49084
1403,1767152754659,58809,51474
1404,1767152754679,63186,54854
1405,1767152754699,67590,59099
1406,1767152754719,73456,63679
1407,1767152754739,78788,68365
1408,1767152754758,84887,73581
1409,1767152754778,92498,79443
1410,1767152754798,100165,85958
1411,1767152754818,106778,92623
1412,1767152754838,114117,99689
1413,1767152754857,121915,107094
1414,1767152754877,128319,114258
1415,1767152754897,136397,121505
1416,1767152754917,144897,129129
1417,1767152754936,150419,136389
1418,1767152754956,153852,142776
1419,1767152754976,156090,148331
1420,1767152754996,159309,152913
1421,1767152755016,159456,155825
1422,1767152755035,158590,157459
1423,1767152755055,155923,157873
1424,1767152755075,152760,157207
1425,1767152755095,149195,155184
1426,1767152755115,144902,152274
1427,1767152755134,139147,148385
1428,1767152755154,133210,143842
1429,1767152755174,122966,137884
1430,1767152755194,114923,131029
1431,1767152755214,105499,123149
1432,1767152755233,97721,114863
1433,1767152755253,87921,105806
1434,1767152755273,78995,97011
1435,1767152755293,69606,87948
1436,1767152755312,61541,79156
1437,1767152755332,54398,70492
1438,1767152755352,49802,62868
1439,1767152755372,48912,56851
1440,1767152755392,46645,52259
1441,1767152755411,46981,49347
1442,1767152755431,46391,47746
1443,1767152755451,46435,47072
1444,1767152755471,47878,46866
1445,1767152755491,50001,47537
1446,1767152755510,52985,48738
1447,1767152755530,56592,50778
1448,1767152755550,59484,53388
1449,1767152755570,62363,56285
1450,1767152755590,65202,59325
1451,1767152755609,70229,62774
1452,1767152755629,74835,66422
1453,1767152755649,80747,70675
1454,1767152755669,86677,75538
1455,1767152755689,94451,81387
1456,1767152755708,102786,87899
1457,1767152755768,125365,98005
1458,1767152755787,134116,108679
1459,1767152755807,142441,119831
1460,1767152755827,148167,130575
1461,1767152755847,151651,140348
1462,1767152755867,155433,146361
1463,1767152755886,157534,151045
1464,1767152755906,157362,154029
1465,1767152755926,156831,155762
1466,1767152755946,155795,156591
1467,1767152755966,154488,156402
1468,1767152755985,150872,155069
1469,1767152756005,146682,152933
1470,1767152756025,142469,150061
1471,1767152756045,137815,146465
1472,1767152756065,130443,141656
1473,1767152756124,105528,132587
1474,1767152756144,95647,122380
1475,1767152756163,86697,111226
1476,1767152756183,77412,99145
1477,1767152756203,69861,87029
1478,1767152756223,62972,78517
1479,1767152756243,54844,70357
1480,1767152756263,49940,63005
1481,1767152756282,46468,56817
1482,1767152756302,46523,52149
1483,1767152756361,46868,48928
1484,1767152756381,48746,47709
1485,1767152756401,51096,47940
1486,1767152756421,54923,49631
1487,1767152756441,59563,52239
1488,1767152756461,62005,55266
1489,1767152756480,64469,58411
1490,1767152756500,67596,61711
1491,1767152756520,72900,65306
1492,1767152756540,77405,68875
1493,1767152756559,82531,72980
1494,1767152756579,90011,78088
1495,1767152756599,96122,83793
1496,1767152756619,103326,89879
1497,1767152756639,111314,96660
1498,1767152756658,117484,103651
1499,1767152756678,126156,110880
1500,1767152756698,134284,118512
1501,1767152756718,141280,126103
1502,1767152756738,146092,133059
1503,1767152756757,150045,139571
1504,1767152756777,151671,144674
1505,1767152756797,155706,148958
1506,1767152756817,156317,151966
1507,1767152756837,154975,153742
1508,1767152756896,147258,153185
1509,1767152756916,143131,151477
1510,1767152756936,139694,148275
1511,1767152756995,117300,140471
1512,1767152757015,109727,131422
1513,1767152757035,102686,122507
1514,1767152757054,93342,112549
1515,1767152757074,83402,101291
1516,1767152757094,77652,93361
1517,1767152757114,69467,85309
1518,1767152757134,63195,77411
1519,1767152757153,56590,70061
1520,1767152757173,51454,63671
1521,1767152757193,47695,57680
1522,1767152757213,45761,52939
1523,1767152757232,45514,49402
1524,1767152757253,44430,46970
1525,1767152757312,49612,46602
1526,1767152757331,53141,47691
1527,1767152757351,58142,50167
1528,1767152757371,61748,53414
1529,1767152757392,67865,58101
1530,1767152757410,75310,63241
1531,1767152757430,80563,68725
1532,1767152757450,89410,74979
1533,1767152757470,96980,82025
1534,1767152757490,104621,89376
1535,1767152757510,113131,96941
1536,1767152757529,120595,104947
1537,1767152757549,127783,112622
1538,1767152757608,147740,122774
1539,1767152757628,150958,132041
1540,1767152757648,153264,140068
1541,1767152757668,156212,147191
1542,1767152757688,157470,153128
1543,1767152757708,157117,155004
1544,1767152757727,153634,155539
1545,1767152757747,150943,155075
1546,1767152757767,148320,153496
1547,1767152757787,144520,150906
1548,1767152757806,139442,147371
1549,1767152757826,135299,143704
1550,1767152757846,126862,138888
1551,1767152757906,101512,129527
1552,1767152757925,93640,119351
1553,1767152757984,67000,104862
1554,1767152758004,60640,89930
1555,1767152758024,53743,75307
1556,1767152758044,47622,64529
1557,1767152758064,46831,55167
1558,1767152758084,45790,50925
1559,1767152758104,44963,47789
1560,1767152758123,45345,46110
1561,1767152758143,44716,45529
1562,1767152758163,44750,45112
1563,1767152758183,49040,45762
1564,1767152758202,54646,47699
1565,1767152758262,68797,52389
1566,1767152758281,74147,58276
1567,1767152758301,80830,65492
1568,1767152758321,86368,72957
1569,1767152758341,95568,81142
1570,1767152758361,101334,87649
1571,1767152758380,108488,94517
1572,1767152758400,113908,101133
1573,1767152758420,121124,108084
1574,1767152758440,128394,114649
1575,1767152758460,136341,121651
1576,1767152758479,142083,128370
1577,1767152758499,147771,135142
1578,1767152758519,152925,141502
1579,1767152758539,155341,146892
1580,1767152758560,156474,150918
1581,1767152758578,158323,154166
1582,1767152758598,157833,156179
1583,1767152758618,156241,156842
1584,1767152758638,152484,156271
1585,1767152758658,148895,154755
1586,1767152758677,144511,151992
1587,1767152758697,140231,148472
1588,1767152758717,133771,143978
1589,1767152758737,126000,138681
1590,1767152758757,117637,132430
1591,1767152758776,111379,125803
1592,1767152758796,103416,118440
1593,1767152758816,94208,110528
1594,1767152758836,84587,102245
1595,1767152758856,75342,93786
1596,1767152758875,69802,85471
1597,1767152758935,50005,74788
1598,1767152758954,46702,65287
1599,1767152758974,44864,57343
1600,1767152758994,42659,50806
1601,1767152759014,43054,45456
1602,1767152759034,42574,43970
1603,1767152759053,44000,43430
1604,1767152759113,53608,45179
1605,1767152759133,58287,48304
1606,1767152759152,62659,52225
1607,1767152759172,70406,57792
1608,1767152759192,77129,64417
1609,1767152759212,82289,70154
1610,1767152759232,90565,76609
1611,1767152759251,97193,83516
1612,1767152759271,103320,90099
1613,1767152759291,109862,96645
1614,1767152759311,118381,103864
1615,1767152759330,124290,110609
1616,1767152759350,131705,117511
1617,1767152759370,138239,124495
1618,1767152759390,144018,131326
1619,1767152759410,146910,137032
1620,1767152759430,151602,142494
1621,1767152759449,154457,147045
1622,1767152759469,155384,150474
1623,1767152759528,150108,151692
1624,1767152759548,148397,151989
1625,1767152759568,144321,150533
1626,1767152759588,139774,147596
1627,1767152759608,134962,143512
1628,1767152759627,129492,139389
1629,1767152759647,122561,134222
1630,1767152759667,115287,128415
1631,1767152759687,108256,122111
1632,1767152759707,101056,115330
1633,1767152759726,92784,107988
1634,1767152759746,84739,100424
1635,1767152759766,75559,92478
1636,1767152759786,68095,84446
1637,1767152759806,62578,76751
1638,1767152759826,54681,69130
1639,1767152759845,51165,62415
1640,1767152759865,48493,57002
1641,1767152759885,46660,52715
1642,1767152759904,44825,49164
1643,1767152759924,46559,47540
1644,1767152759944,47730,46853
1645,1767152759964,49492,47053
1646,1767152759984,53493,48419
1647,1767152760004,58441,51143
1648,1767152760063,73154,56462
1649,1767152760083,78194,62554
1650,1767152760103,84819,69620
1651,1767152760122,91313,77184
1652,1767152760142,98002,85096
1653,1767152760162,103469,91159
1654,1767152760182,109650,97450
1655,1767152760201,116056,103698
1656,1767152760221,122271,109889
1657,1767152760241,129408,116170
1658,1767152760261,134796,122436
1659,1767152760281,140963,128698
1660,1767152760301,144340,134355
1661,1767152760320,149026,139706
1662,1767152760340,152463,144317
1663,1767152760360,153675,148093
1664,1767152760380,154093,150719
1665,1767152760399,153889,152629
1666,1767152760419,150480,152920
1667,1767152760439,147783,151984
1668,1767152760459,145353,150319
1669,1767152760479,141610,147823
1670,1767152760498,135657,144176
1671,1767152760518,131319,140344
1672,1767152760538,124052,135598
1673,1767152760558,117340,129995
1674,1767152760578,109520,123577
1675,1767152760597,102805,117007
1676,1767152760617,93943,109532
1677,1767152760637,83302,101382
1678,1767152760657,74929,92899
1679,1767152760676,66861,84368
1680,1767152760696,58463,75499
1681,1767152760716,53667,67444
1682,1767152760736,49438,60671
1683,1767152760756,47467,55179
1684,1767152760775,45275,50862
1685,1767152760795,44339,48037
1686,1767152760815,44146,46133
1687,1767152760835,44672,45179
1688,1767152760855,46377,44961
1689,1767152760875,49541,45815
1690,1767152760934,63701,49687
1691,1767152760954,70169,54892
1692,1767152760974,75701,61097
1693,1767152761033,97765,71375
1694,1767152761053,104475,82362
1695,1767152761112,124468,94515
1696,1767152761132,133174,107116
1697,1767152761152,140921,120160
1698,1767152761171,146389,129885
1699,1767152761191,151119,139214
1700,1767152761211,153706,145061
1701,1767152761231,155321,149491
1702,1767152761251,157506,152808
1703,1767152761270,157458,155022
1704,1767152761290,157332,156264
1705,1767152761310,153700,156263
1706,1767152761369,143437,153886
1707,1767152761389,138965,150178
1708,1767152761409,133936,145474
1709,1767152761429,124467,138901
1710,1767152761448,115262,131213
1711,1767152761468,109474,124420
1712,1767152761488,100497,116727
1713,1767152761508,90760,108092
1714,1767152761528,80123,99223
1715,1767152761548,72625,90695
1716,1767152761567,64142,81629
1717,1767152761587,56496,72829
1718,1767152761646,45065,63690
1719,1767152761666,44537,56573
1720,1767152761686,43963,50840
1721,1767152761706,44639,46940
1722,1767152761725,46160,44872
1723,1767152761745,49207,45701
1724,1767152761844,73806,51555
1725,1767152761864,78958,58554
1726,1767152761884,83422,66310
1727,1767152761904,90126,75103
1728,1767152761923,97595,84781
1729,1767152761943,103557,90731
1730,1767152762003,120561,99052
1731,1767152762022,127420,107851
1732,1767152762042,134265,116679
1733,1767152762062,140260,125212
1734,1767152762082,143892,133279
1735,1767152762102,147946,138756
1736,1767152762121,152152,143703
1737,1767152762141,154012,147652
1738,1767152762161,157150,151030
1739,1767152762181,156835,153619
1740,1767152762201,156699,155369
1741,1767152762221,153921,155723
1742,1767152762240,149504,154821
1743,1767152762260,145618,152515
1744,1767152762280,142404,149629
1745,1767152762339,126132,143515
1746,1767152762359,117212,136174
1747,1767152762380,110380,128349
1748,1767152762399,102678,119761
1749,1767152762418,93636,110007
1750,1767152762438,84491,101679
1751,1767152762458,75771,93391
1752,1767152762517,51311,81577
1753,1767152762537,46304,70302
1754,1767152762557,44265,60428
1755,1767152762616,41033,51736
1756,1767152762636,40185,44619
1757,1767152762656,39601,42277
1758,1767152762676,41142,41245
1759,1767152762696,45961,41584
1760,1767152762715,54628,44303
1761,1767152762814,79682,52202
1762,1767152762834,86641,61610
1763,1767152762854,94480,72278
1764,1767152762874,100353,83156
1765,1767152762893,106597,93550
1766,1767152762913,114371,100488
1767,1767152762933,121548,107469
1768,1767152762953,129981,114570
1769,1767152762973,138257,122150
1770,1767152762992,144067,129644
1771,1767152763012,147785,136327
1772,1767152763032,152335,142485
1773,1767152763052,154838,147456
1774,1767152763072,157038,151212
1775,1767152763093,157984,153996
1776,1767152763111,156645,155768
1777,1767152763131,153663,156033
1778,1767152763191,145673,154200
1779,1767152763210,141957,151184
1780,1767152763230,136495,146886
1781,1767152763250,128918,141341
1782,1767152763269,122451,135098
1783,1767152763289,115062,128976
1784,1767152763309,108020,122189
1785,1767152763329,98785,114647
1786,1767152763349,89072,106678
1787,1767152763368,78424,97872
1788,1767152763388,71197,89099
1789,1767152763408,60070,79509
1790,1767152763428,51887,70130
1791,1767152763448,47347,61785
1792,1767152763468,43589,54818
1793,1767152763487,42877,49154
1794,1767152763507,42715,45683
1795,1767152763527,42793,43864
1796,1767152763547,41385,42671
1797,1767152763606,43556,42665
1798,1767152763626,48810,43851
1799,1767152763646,56913,46691
1800,1767152763665,61040,50340
1801,1767152763685,66690,55401
1802,1767152763705,73449,61380
1803,1767152763725,78159,67250
1804,1767152763745,86445,73156
1805,1767152763764,92475,79443
1806,1767152763784,99947,86095
1807,1767152763804,105238,92452
1808,1767152763824,113227,99466
1809,1767152763844,118965,105970
1810,1767152763863,126549,112785
1811,1767152763883,134778,119751
1812,1767152763903,141568,127017
1813,1767152763923,145517,133475
1814,1767152763943,149568,139596
1815,1767152764002,156809,145648
1816,1767152764022,156069,149906
1817,1767152764042,152694,152131
1818,1767152764061,150280,153084
1819,1767152764081,147488,152668
1820,1767152764101,144682,150242
1821,1767152764121,139583,146945
1822,1767152764140,134558,143318
1823,1767152764160,127471,138756
1824,1767152764220,101384,129535
1825,1767152764239,90522,118703
1826,1767152764259,78771,106541
1827,1767152764279,72073,94044
1828,1767152764299,63962,81342
1829,1767152764319,55126,72090
1830,1767152764338,48287,63643
1831,1767152764358,44704,56830
1832,1767152764378,43031,51022
1833,1767152764398,41221,46473
1834,1767152764418,42272,43903
1835,1767152764437,42099,42665
1836,1767152764457,41877,42100
1837,1767152764477,41826,41859
1838,1767152764497,42825,42179
1839,1767152764517,44374,42600
1840,1767152764536,50814,44343
1841,1767152764556,56824,47332
1842,1767152764576,60738,51115
1843,1767152764596,65468,55643
1844,1767152764616,71147,60998
1845,1767152764635,76577,66150
1846,1767152764655,84191,71624
1847,1767152764675,93716,78219
1848,1767152764695,99241,84974
1849,1767152764714,104648,91674
1850,1767152764734,112819,98923
1851,1767152764755,119740,106032
1852,1767152764774,128415,112972
1853,1767152764794,137634,120651
1854,1767152764813,143327,128387
1855,1767152764833,150454,135914
1856,1767152764853,153708,142707
1857,1767152764873,156530,148330
1858,1767152764893,157608,152325
1859,1767152764912,156681,154996
1860,1767152764932,153251,155555
1861,1767152764952,150271,154868
1862,1767152764972,147102,152982
1863,1767152764992,142842,150029
1864,1767152765011,138506,146394
1865,1767152765031,132604,142265
1866,1767152765051,125684,137347
1867,1767152765071,117187,131364
1868,1767152765091,109573,124710
1869,1767152765110,101734,117356
1870,1767152765130,94352,109706
1871,1767152765150,85846,101738
1872,1767152765170,75834,93467
1873,1767152765190,66316,84816
1874,1767152765249,45943,73658
1875,1767152765269,44488,63685
1876,1767152765288,41921,54900
1877,1767152765308,43082,48350
1878,1767152765328,42508,43588
1879,1767152765348,42729,42945
1880,1767152765368,43192,42686
1881,1767152765387,45691,43440
1882,1767152765407,52864,45396
1883,1767152765427,58766,48648
1884,1767152765447,62579,52618
1885,1767152765467,66905,57361
1886,1767152765487,70679,62358
1887,1767152765506,76795,67144
1888,1767152765526,82512,71894
1889,1767152765546,90711,77520
1890,1767152765566,97919,83723
1891,1767152765585,104626,90512
1892,1767152765645,127565,100666
1893,1767152765664,135703,111304
1894,1767152765684,140986,121359
1895,1767152765704,146772,131130
1896,1767152765724,150407,140286
1897,1767152765744,152787,145331
1898,1767152765764,153375,148865
1899,1767152765783,154542,151576
1900,1767152765803,151873,152596
1901,1767152765823,149037,152322
1902,1767152765843,146943,151154
1903,1767152765863,142690,149017
1904,1767152765882,138764,145861
1905,1767152765902,133596,142206
1906,1767152765922,127077,137814
1907,1767152765942,120592,132543
1908,1767152765962,113471,126700
1909,1767152765981,108016,120550
1910,1767152766002,101197,114070
1911,1767152766021,92539,107163
1912,1767152766041,84446,99933
1913,1767152766061,76402,92520
1914,1767152766080,67741,84465
1915,1767152766100,60594,76344
1916,1767152766120,54735,68783
1917,1767152766140,49883,61871
1918,1767152766160,47039,55998
1919,1767152766219,44744,51399
1920,1767152766239,46601,48600
1921,1767152766258,47753,47204
1922,1767152766318,58354,48898
1923,1767152766338,62713,52033
1924,1767152766357,66354,56355
1925,1767152766377,72238,61482
1926,1767152766397,79256,67783
1927,1767152766417,85592,73230
1928,1767152766437,93217,79331
1929,1767152766456,98540,85768
1930,1767152766476,105524,92425
1931,1767152766496,112254,99025
1932,1767152766516,119828,105872
1933,1767152766535,125257,112280
1934,1767152766555,134044,119381
1935,1767152766575,142004,126677
1936,1767152766595,146467,133520
1937,1767152766615,149243,139403
1938,1767152766635,151756,144702
1939,1767152766654,153841,148662
1940,1767152766674,154391,151139
1941,1767152766694,153417,152529
1942,1767152766714,151699,153020
1943,1767152766734,148386,152346
1944,1767152766753,145922,150763
1945,1767152766773,143446,148574
1946,1767152766793,138803,145651
1947,1767152766852,120472,139405
1948,1767152766872,113795,132487
1949,1767152766892,107346,124772
1950,1767152766951,83998,112882
1951,1767152766971,76233,100368
1952,1767152766991,69709,90216
1953,1767152767011,62340,79925
1954,1767152767030,57464,69948
1955,1767152767050,53953,63939
1956,1767152767070,51379,58969
1957,1767152767129,50088,55044
1958,1767152767149,51479,52872
1959,1767152767169,53241,52028
1960,1767152767189,56655,52568
1961,1767152767209,60017,54296
1962,1767152767268,72093,58697
1963,1767152767288,77494,63900
1964,1767152767307,82946,69841
1965,1767152767327,88585,76227
1966,1767152767347,95158,83255
1967,1767152767367,101294,89095
1968,1767152767387,107094,95015
1969,1767152767406,113595,101145
1970,1767152767426,122131,107854
1971,1767152767486,143380,117498
1972,1767152767505,148718,126983
1973,1767152767565,155062,136577
1974,1767152767585,154876,144833
1975,1767152767604,153112,151029
1976,1767152767624,148405,152034
1977,1767152767644,146824,151655
1978,1767152767664,142278,149099
1979,1767152767684,139956,146115
1980,1767152767703,136219,142736
1981,1767152767723,130524,139160
1982,1767152767743,122122,134219
1983,1767152767763,113942,128552
1984,1767152767822,91409,118843
1985,1767152767842,82568,108113
1986,1767152767862,75661,97140
1987,1767152767881,67092,86134
1988,1767152767901,59128,75171
1989,1767152767921,54297,67749
1990,1767152767941,51382,61512
1991,1767152767961,50313,56442
1992,1767152767981,49500,52924
1993,1767152768000,49500,50998
1994,1767152768020,49127,49964
1995,1767152768040,50189,49725
1996,1767152768060,53218,50306
1997,1767152768079,55476,51502
1998,1767152768099,59567,53515
1999,1767152768119,64582,56606
2000,1767152768139,68255,60219
2001,1767152768159,72164,64008
2002,1767152768179,79112,68736
2003,1767152768198,83982,73619
2004,1767152768258,100633,80829
2005,1767152768277,106065,88391
2006,1767152768297,112789,96516
2007,1767152768317,120727,104839
2008,1767152768337,126620,113366
2009,1767152768357,134524,120145
2010,1767152768376,141765,127285
2011,1767152768436,155909,135909
2012,1767152768455,158517,143467
2013,1767152768475,158975,149938
2014,1767152768495,159306,154894
2015,1767152768515,155848,157711
2016,1767152768535,150594,156648
2017,1767152768555,149309,154806
2018,1767152768574,145803,152172
2019,1767152768594,142784,148867
2020,1767152768614,137402,145178
2021,1767152768634,130651,141189
2022,1767152768654,122521,135832
2023,1767152768673,113220,129315
2024,1767152768693,105848,121928
2025,1767152768715,97082,113864
2026,1767152768733,88448,105423
2027,1767152768752,78916,96702
2028,1767152768772,70973,88253
2029,1767152768792,63541,79792
2030,1767152768851,49178,70211
2031,1767152768871,48132,62148
2032,1767152768891,46560,55676
2033,1767152768911,48134,51109
2034,1767152768931,49499,48300
2035,1767152768950,50297,48524
2036,1767152768970,52478,49393
2037,1767152768990,56014,51284
2038,1767152769010,59828,53623
2039,1767152769030,64040,56531
2040,1767152769049,68348,60141
2041,1767152769069,71251,63896
2042,1767152769089,76668,68027
2043,1767152769109,83167,72694
2044,1767152769129,88090,77504
2045,1767152769148,94731,82781
2046,1767152769168,101225,88776
2047,1767152769188,104823,94407
2048,1767152769208,111874,100148
2049,1767152769228,118977,106326
2050,1767152769247,126393,112658
2051,1767152769267,133592,119131
2052,1767152769287,141641,126495
2053,1767152769307,147522,133625
2054,1767152769366,157795,141388
2055,1767152769426,153858,146881
2056,1767152769445,150524,150268
2057,1767152769465,147016,151343
2058,1767152769485,143589,150556
2059,1767152769505,137951,146587
2060,1767152769524,132691,142354
2061,1767152769544,124447,137138
2062,1767152769564,116024,130940
2063,1767152769584,108400,123902
2064,1767152769604,100997,116511
2065,1767152769624,92823,108538
2066,1767152769643,83788,100406
2067,1767152769703,60259,89253
2068,1767152769722,56041,78781
2069,1767152769742,52313,69044
2070,1767152769762,49150,60310
2071,1767152769782,47777,53108
2072,1767152769802,47183,50492
2073,1767152769821,47456,48775
2074,1767152769841,48517,48016
2075,1767152769861,49765,48139
2076,1767152769881,53003,49184
2077,1767152769900,57640,51276
2078,1767152769920,62409,54266
2079,1767152769940,65682,57699
2080,1767152769960,70440,61834
2081,1767152769980,75628,66359
2082,1767152770039,93527,73537
2083,1767152770059,99359,80927
2084,1767152770079,104350,88660
2085,1767152770098,111466,96866
2086,1767152770118,118406,105421
2087,1767152770138,125219,111760
2088,1767152770158,131453,118178
2089,1767152770178,139428,125194
2090,1767152770197,146412,132183
2091,1767152770217,150309,138564
2092,1767152770237,153259,144172
2093,1767152770257,154392,148760
2094,1767152770277,153798,151634
2095,1767152770296,152202,152792
2096,1767152770317,146957,152121
2097,1767152770336,145531,150576
2098,1767152770356,141772,148052
2099,1767152770376,138894,145071
2100,1767152770395,134013,141433
2101,1767152770455,110226,134087
2102,1767152770475,102915,125564
2103,1767152770494,92108,115631
2104,1767152770514,81086,104069
2105,1767152770534,72288,91724
2106,1767152770554,63717,82422
2107,1767152770574,55396,72919
2108,1767152770593,50460,64589
2109,1767152770613,46574,57687
2110,1767152770633,45594,52348
2111,1767152770653,44132,48431
2112,1767152770672,42944,45940
2113,1767152770692,43083,44465
2114,1767152770712,42736,43697
2115,1767152770732,44598,43498
2116,1767152770752,48163,44304
2117,1767152770771,53400,46396
2118,1767152770791,59516,49682
2119,1767152770811,64025,53940
2120,1767152770831,68835,58787
2121,1767152770851,74109,63977
2122,1767152770870,78563,69009
2123,1767152770890,84567,74019
2124,1767152770910,91704,79555
2125,1767152770930,97701,85328
2126,1767152770950,104960,91499
2127,1767152770969,113107,98407
2128,1767152770989,119984,105491
2129,1767152771009,127547,112659
2130,1767152771029,134630,120045
2131,1767152771049,141875,127428
2132,1767152771068,147836,134374
2133,1767152771128,156474,141672
2134,1767152771148,156942,147551
2135,1767152771167,153721,151369
2136,1767152771187,151402,153275
2137,1767152771207,147252,153158
2138,1767152771227,145245,150912
2139,1767152771247,140709,147665
2140,1767152771266,134924,143906
2141,1767152771286,130119,139649
2142,1767152771306,121373,134474
2143,1767152771326,112697,127964
2144,1767152771345,107844,121391
2145,1767152771365,99747,114356
2146,1767152771385,89958,106323
2147,1767152771405,80494,98148
2148,1767152771465,58269,87262
2149,1767152771484,55864,76866
2150,1767152771504,53213,67559
2151,1767152771524,52479,60063
2152,1767152771543,50667,54098
2153,1767152771563,50210,52486
2154,1767152771583,50577,51429
2155,1767152771603,51079,51002
2156,1767152771623,52535,51013
2157,1767152771642,56924,52265
2158,1767152771702,66471,55517
2159,1767152771721,69540,59309
2160,1767152771741,74791,64052
2161,1767152771761,81121,69769
2162,1767152771781,86521,75688
2163,1767152771801,94117,81218
2164,1767152771821,100352,87380
2165,1767152771840,107199,93862
2166,1767152771860,114767,100591
2167,1767152771880,121174,107521
2168,1767152771900,129977,114693
2169,1767152771920,137908,122205
2170,1767152771939,144780,129721
2171,1767152771959,150033,136774
2172,1767152771979,152821,143103
2173,1767152772038,157154,148539
2174,1767152772098,148329,150623
2175,1767152772117,143084,150284
2176,1767152772177,123132,144904
2177,1767152772197,113787,137097
2178,1767152772256,86322,122930
2179,1767152772282,75693,108403
2180,1767152772296,65366,92860
2181,1767152772315,56897,79613
2182,1767152772335,53868,67629
2183,1767152772359,49843,60333
2184,1767152772454,46530,54500
2185,1767152772474,48260,51079
2186,1767152772493,51979,50096
2187,1767152772513,57323,50787
2188,1767152772533,61904,53199
2189,1767152772592,76540,59201
2190,1767152772612,82394,66028
2191,1767152772632,88542,73340
2192,1767152772652,94743,80824
2193,1767152772672,101943,88832
2194,1767152772692,108273,95179
2195,1767152772711,115138,101727
2196,1767152772771,135852,111189
2197,1767152772790,141776,120596
2198,1767152772810,147845,129776
2199,1767152772830,151393,138400
2200,1767152772850,153163,146005
2201,1767152772870,154636,149762
2202,1767152772889,154083,152224
2203,1767152772909,150995,152854
2204,1767152772929,148224,152220
2205,1767152772949,144567,150501
2206,1767152772969,142231,148020
2207,1767152772988,137404,144684
2208,1767152773008,130383,140561
2209,1767152773028,123458,135608
2210,1767152773087,101650,127025
2211,1767152773107,90679,116714
2212,1767152773127,80898,105413
2213,1767152773147,71359,93608
2214,1767152773166,63711,81659
2215,1767152773186,57961,72921
2216,1767152773206,53663,65518
2217,1767152773226,51132,59565
2218,1767152773246,48340,54961
2219,1767152773266,46771,51573
2220,1767152773285,46335,49248
2221,1767152773305,46866,47888
2222,1767152773325,48843,47431
2223,1767152773345,51307,48024
2224,1767152773365,56020,49874
2225,1767152773424,67342,54075
2226,1767152773444,71924,59087
2227,1767152773464,77201,64758
2228,1767152773483,83620,71221
2229,1767152773503,89411,77899
2230,1767152773523,95947,83620
2231,1767152773543,101652,89566
2232,1767152773562,109068,95939
2233,1767152773582,115067,102229
2234,1767152773602,123658,109078
2235,1767152773622,131301,116149
2236,1767152773642,138014,123421
2237,1767152773661,144055,130419
2238,1767152773681,147524,136910
2239,1767152773741,151320,142442
2240,1767152773760,150557,146294
2241,1767152773780,147829,148257
2242,1767152773800,145962,148638
2243,1767152773820,141290,147391
2244,1767152773840,137899,144707
2245,1767152773859,133825,141361
2246,1767152773879,126513,137097
2247,1767152773899,119303,131766
2248,1767152773919,112876,126083
2249,1767152773938,105228,119549
2250,1767152773958,97279,112239
2251,1767152773978,89641,104865
2252,1767152773998,80793,97163
2253,1767152774018,70885,88765
2254,1767152774037,64518,80623
2255,1767152774057,57955,72758
2256,1767152774077,54608,65751
2257,1767152774097,50864,59766
2258,1767152774117,48419,55272
2259,1767152774136,47819,51933
2260,1767152774156,47929,49927
2261,1767152774176,48766,48759
2262,1767152774196,50382,48663
2263,1767152774216,52893,49557
2264,1767152774275,66389,53271
2265,1767152774295,71530,57992
2266,1767152774315,78897,64018
2267,1767152774334,85761,71094
2268,1767152774354,90397,78594
2269,1767152774374,96215,84560
2270,1767152774394,99995,90253
2271,1767152774414,104783,95430
2272,1767152774433,110777,100433
2273,1767152774493,129119,108177
2274,1767152774512,136539,116242
2275,1767152774532,142461,124735
2276,1767152774552,148217,133422
2277,1767152774572,151836,141634
2278,1767152774592,154816,146773
2279,1767152774612,156937,150853
2280,1767152774631,158469,154055
2281,1767152774651,156241,155659
2282,1767152774671,153830,156058
2283,1767152774691,152662,155627
2284,1767152774710,148409,153922
2285,1767152774730,142095,150647
2286,1767152774750,138138,147026
2287,1767152774770,129925,142245
2288,1767152774790,119449,135603
2289,1767152774809,111050,128131
2290,1767152774829,105067,120725
2291,1767152774849,97788,112655
2292,1767152774869,88476,104366
2293,1767152774889,79450,96366
2294,1767152774908,70314,88219
2295,1767152774928,62703,79746
2296,1767152774948,56927,71574
2297,1767152774968,53350,64548
2298,1767152774988,49284,58515
2299,1767152775007,46263,53705
2300,1767152775027,46434,50451
2301,1767152775047,46001,48266
2302,1767152775067,46678,46932
2303,1767152775086,46814,46438
2304,1767152775106,48443,46874
2305,1767152775126,51230,47833
2306,1767152775146,54592,49551
2307,1767152775166,61241,52464
2308,1767152775186,64801,56061
2309,1767152775205,68256,60024
2310,1767152775225,72796,64337
2311,1767152775245,77259,68870
2312,1767152775265,83560,73334
2313,1767152775285,91453,78664
2314,1767152775304,96889,84391
2315,1767152775324,101206,90073
2316,1767152775345,108306,96282
2317,1767152775364,113974,102365
2318,1767152775383,121709,108416
2319,1767152775403,128914,114821
2320,1767152775423,136497,121880
2321,1767152775443,143881,128995
2322,1767152775463,149419,136084
2323,1767152775482,153967,142535
2324,1767152775502,157500,148252
2325,1767152775522,160346,153022
2326,1767152775542,158821,156010
2327,1767152775562,159063,157939
2328,1767152775581,157688,158683
2329,1767152775601,153173,157818
2330,1767152775621,149521,155653
2331,1767152775641,144173,152723
2332,1767152775662,139024,148715
2333,1767152775720,116901,140558
2334,1767152775740,108427,131609
2335,1767152775760,100755,121856
2336,1767152775779,91117,111244
2337,1767152775799,80113,99462
2338,1767152775859,54609,87004
2339,1767152775878,49608,75240
2340,1767152775898,46459,64381
2341,1767152775918,45119,55181
2342,1767152775938,43861,47931
2343,1767152775957,43834,45776
2344,1767152775977,43231,44500
2345,1767152775997,43130,43835
2346,1767152776017,43939,43599
2347,1767152776037,45177,43862
2348,1767152776057,46185,44332
2349,1767152776076,49163,45518
2350,1767152776096,52607,47414
2351,1767152776116,57166,50059
2352,1767152776136,61833,53390
2353,1767152776155,64205,56994
2354,1767152776175,68317,60825
2355,1767152776195,72274,64759
2356,1767152776215,76811,68688
2357,1767152776235,83341,72989
2358,1767152776254,88467,77842
2359,1767152776314,106575,85493
2360,1767152776334,112613,93561
2361,1767152776353,118079,101815
2362,1767152776373,123808,109908
2363,1767152776393,129979,118210
2364,1767152776413,137493,124394
2365,1767152776433,143305,130532
2366,1767152776452,149409,136798
2367,1767152776472,153501,142737
2368,1767152776492,156867,148115
2369,1767152776512,159908,152598
2370,1767152776532,161780,156293
2371,1767152776551,162835,158978
2372,1767152776571,159984,160274
2373,1767152776591,156221,160145
2374,1767152776611,153435,158851
2375,1767152776630,147540,156003
2376,1767152776650,142937,152023
2377,1767152776670,135912,147209
2378,1767152776730,108349,137634
2379,1767152776749,100278,127003
2380,1767152776769,88732,115241
2381,1767152776789,78745,102403
2382,1767152776809,68868,88994
2383,1767152776828,60780,79480
2384,1767152776848,55607,70546
2385,1767152776868,51546,63109
2386,1767152776888,48380,57036
2387,1767152776908,46768,52616
2388,1767152776928,46278,49715
2389,1767152776947,48140,48222
2390,1767152776967,50054,47924
2391,1767152776987,51376,48523
2392,1767152777006,53812,49932
2393,1767152777027,56977,52071
2394,1767152777046,61267,54697
2395,1767152777066,63924,57471
2396,1767152777086,68461,60888
2397,1767152777106,69155,63956
2398,1767152777125,74597,67480
2399,1767152777145,79455,71118
2400,1767152777165,84231,75179
2401,1767152777185,90557,79599
2402,1767152777204,97398,85247
2403,1767152777224,103429,91014
2404,1767152777244,110475,97218
2405,1767152777343,146238,109619
2406,1767152777363,152200,121948
2407,1767152777383,155732,133614
2408,1767152777402,158504,144629
2409,1767152777422,161235,154781
2410,1767152777442,160329,157600
2411,1767152777462,156910,158542
2412,1767152777482,154463,158288
2413,1767152777502,149797,156546
2414,1767152777521,146414,153582
2415,1767152777541,142647,150046
2416,1767152777600,122898,143243
2417,1767152777620,117322,135815
2418,1767152777640,111402,128136
2419,1767152777660,103198,119493
2420,1767152777680,96549,110273
2421,1767152777699,88511,103396
2422,1767152777719,80023,95936
2423,1767152777739,72567,88169
2424,1767152777798,55443,78618
2425,1767152777818,51705,69649
2426,1767152777838,51868,62321
2427,1767152777858,49832,56283
2428,1767152777878,48384,51446
2429,1767152777897,47997,49957
2430,1767152777917,49609,49538
2431,1767152777937,49911,49146
2432,1767152777957,52567,49693
2433,1767152777977,58136,51644
2434,1767152777996,61894,54423
2435,1767152778016,67208,57943
2436,1767152778036,70737,62108
2437,1767152778056,74930,66581
2438,1767152778076,81161,71186
2439,1767152778095,86094,76026
2440,1767152778115,92806,81145
2441,1767152778174,110389,89076
2442,1767152778194,118642,97818
2443,1767152778214,124810,106548
2444,1767152778234,132063,115742
2445,1767152778254,139206,125022
2446,1767152778313,154895,133923
2447,1767152778333,157297,141654
2448,1767152778353,159413,148574
2449,1767152778372,157738,153709
2450,1767152778392,156986,157265
2451,1767152778412,152886,156864
2452,1767152778432,150783,155561
2453,1767152778452,147911,153260
2454,1767152778471,143369,150387
2455,1767152778491,137873,146564
2456,1767152778511,130193,142025
2457,1767152778531,124909,136851
2458,1767152778551,117374,130743
2459,1767152778570,111821,124434
2460,1767152778590,102936,117446
2461,1767152778616,96979,110803
2462,1767152778630,87487,103319
2463,1767152778650,79949,95834
2464,1767152778669,71976,87865
2465,1767152778689,66011,80480
2466,1767152778709,60177,73120
2467,1767152778729,56831,66988
2468,1767152778748,53388,61676
2469,1767152778768,52755,57832
2470,1767152778788,51408,54911
2471,1767152778808,49685,52813
2472,1767152778828,50204,51488
2473,1767152778847,51833,51177
2474,1767152778867,53548,51335
2475,1767152778888,56752,52404
2476,1767152778946,69525,56372
2477,1767152778966,72219,60775
2478,1767152778986,76376,65684
2479,1767152779006,82955,71565
2480,1767152779026,88577,77930
2481,1767152779045,96305,83286
2482,1767152779065,103557,89554
2483,1767152779085,111091,96497
2484,1767152779105,118127,103531
2485,1767152779125,127114,111238
2486,1767152779144,136274,119232
2487,1767152779164,144428,127406
2488,1767152779184,150040,135196
2489,1767152779204,152791,142129
2490,1767152779224,156329,147972
2491,1767152779243,157421,152201
2492,1767152779263,154935,154303
2493,1767152779283,152395,154774
2494,1767152779303,149208,154057
2495,1767152779323,145204,151832
2496,1767152779342,143849,149118
2497,1767152779362,137715,145674
2498,1767152779382,132724,141740
2499,1767152779402,125402,136978
2500,1767152779422,119058,131749
2501,1767152779441,113132,125606
2502,1767152779461,107666,119596
2503,1767152779481,101385,113328
2504,1767152779501,94111,107070
2505,1767152779521,85306,100320
2506,1767152779540,79817,93657
2507,1767152779560,71583,86440
2508,1767152779580,65126,79188
2509,1767152779600,59958,72358
2510,1767152779620,55868,66470
2511,1767152779639,55479,61602
2512,1767152779659,54179,58122
2513,1767152779679,53046,55706
2514,1767152779699,51629,54040
2515,1767152779718,51977,53262
2516,1767152779738,53158,52797
2517,1767152779758,55840,53130
2518,1767152779778,58521,54225
2519,1767152779797,63225,56544
2520,1767152779817,67223,59593
2521,1767152779837,71342,63230
2522,1767152779857,74288,66919
2523,1767152779877,78520,70919
2524,1767152779897,83042,74883
2525,1767152779916,87858,79010
2526,1767152779936,94002,83542
2527,1767152779956,100202,88724
2528,1767152779976,105266,94074
2529,1767152779996,112271,99919
2530,1767152780015,120804,106509
2531,1767152780035,128428,113394
2532,1767152780055,136286,120611
2533,1767152780114,151705,129898
2534,1767152780134,154161,138276
2535,1767152780154,154534,145022
2536,1767152780174,153390,150015
2537,1767152780193,149082,152574
2538,1767152780213,144746,151182
2539,1767152780233,141197,148589
2540,1767152780253,137149,145112
2541,1767152780273,133106,141056
2542,1767152780293,126371,136513
2543,1767152780312,115897,130744
2544,1767152780332,109150,124334
2545,1767152780352,104822,117869
2546,1767152780372,97403,110728
2547,1767152780391,89279,103310
2548,1767152780411,80029,96136
2549,1767152780431,71972,88701
2550,1767152780451,63086,80353
2551,1767152780471,56278,72128
2552,1767152780490,52679,64808
2553,1767152780510,50003,58803
2554,1767152780530,48469,54103
2555,1767152780550,46742,50834
2556,1767152780570,46111,48800
2557,1767152780589,46435,47552
2558,1767152780609,47860,47123
2559,1767152780629,50024,47434
2560,1767152780649,52737,48633
2561,1767152780669,56581,50727
2562,1767152780688,60937,53627
2563,1767152780708,65481,57152
2564,1767152780728,69340,61015
2565,1767152780748,73001,65068
2566,1767152780768,77309,69213
2567,1767152780787,83418,73709
2568,1767152780807,88652,78344
2569,1767152780827,94659,83407
2570,1767152780847,99839,88775
2571,1767152780866,106171,94547
2572,1767152780886,112945,100453
2573,1767152780906,119406,106604
2574,1767152780926,127510,113174
2575,1767152780946,136009,120408
2576,1767152780965,143169,127807
2577,1767152781025,158289,136876
2578,1767152781045,160806,145156
2579,1767152781064,159887,151632
2580,1767152781084,156744,155779
2581,1767152781104,154308,158006
2582,1767152781124,148343,156017
2583,1767152781183,134367,150729
2584,1767152781203,128114,144375
2585,1767152781223,121291,137284
2586,1767152781242,115089,129440
2587,1767152781262,108556,121483
2588,1767152781282,100064,114622
2589,1767152781302,92237,107447
2590,1767152781322,83962,99981
2591,1767152781341,78315,92626
2592,1767152781361,70015,84918
2593,1767152781381,65196,77945
2594,1767152781401,60196,71536
2595,1767152781421,54808,65706
2596,1767152781441,53630,60769
2597,1767152781460,52858,57337
2598,1767152781480,53191,54936
2599,1767152781500,52468,53391
2600,1767152781520,52418,52913
2601,1767152781540,53936,52974
2602,1767152781559,56702,53743
2603,1767152781579,60178,55140
2604,1767152781599,64807,57608
2605,1767152781619,67380,60600
2606,1767152781639,70653,63944
2607,1767152781737,92512,71106
2608,1767152781757,97392,78548
2609,1767152781777,104094,86406
2610,1767152781836,125286,97987
2611,1767152781856,132499,110356
2612,1767152781876,142083,120270
2613,1767152781896,146950,130182
2614,1767152781916,151455,139654
2615,1767152781975,156900,145977
2616,1767152781995,156464,150770
2617,1767152782015,152476,152849
2618,1767152782034,147945,153048
2619,1767152782054,145808,151918
2620,1767152782074,140608,148660
2621,1767152782094,135132,144393
2622,1767152782153,111373,136173
2623,1767152782173,104649,127514
2624,1767152782193,98575,118067
2625,1767152782212,91032,108152
2626,1767152782232,83999,97925
2627,1767152782252,77996,91250
2628,1767152782272,70182,84356
2629,1767152782292,63074,77256
2630,1767152782311,58111,70672
2631,1767152782371,53332,64539
2632,1767152782391,52542,59448
2633,1767152782410,51593,55730
2634,1767152782430,52531,53621
2635,1767152782450,54174,52834
2636,1767152782470,56723,53512
2637,1767152782490,61500,55304
2638,1767152782509,65885,58162
2639,1767152782570,77840,63224
2640,1767152782589,83959,69181
2641,1767152782608,87788,75394
2642,1767152782628,93144,81723
2643,1767152782648,97983,88142
2644,1767152782668,104116,93398
2645,1767152782688,108684,98343
2646,1767152782707,116146,104014
2647,1767152782767,136362,112658
2648,1767152782786,143494,121760
2649,1767152782806,149210,130779
2650,1767152782826,153009,139644
2651,1767152782846,156767,147768
2652,1767152782866,159636,152423
2653,1767152782886,160479,155820
2654,1767152782905,159484,157875
2655,1767152782925,156183,158509
2656,1767152782985,144509,156058
2657,1767152783004,136916,151514
2658,1767152783024,129117,145241
2659,1767152783044,122335,137812
2660,1767152783064,110955,128766
2661,1767152783083,100101,119884
2662,1767152783103,88073,110116
2663,1767152783123,77113,99715
2664,1767152783143,66482,88544
2665,1767152783202,42413,74836
2666,1767152783222,37212,62258
2667,1767152783242,39073,52458
2668,1767152783262,38785,44793
2669,1767152783281,39122,39321
2670,1767152783301,39772,38792
2671,1767152783321,40090,39368
2672,1767152783341,41769,39907
2673,1767152783361,41160,40382
2674,1767152783380,42257,41009
2675,1767152783400,42101,41475
2676,1767152783420,42505,41958
2677,1767152783440,42545,42113
2678,1767152783459,42055,42292
2679,1767152783479,42085,42258
2680,1767152783499,42216,42281
2681,1767152783519,41977,42175
2682,1767152783539,42251,42116
2683,1767152783558,42514,42208
2684,1767152783619,42518,42295
2685,1767152783638,42903,42432
2686,1767152783657,42948,42626
2687,1767152783677,42411,42658
2688,1767152783697,39888,42133
2689,1767152783756,41546,41939
2690,1767152783776,43067,41972
2691,1767152783796,43937,42169
2692,1767152783816,43582,42404
2693,1767152783836,44114,43249
2694,1767152783855,45087,43957
2695,1767152783875,43822,44108
2696,1767152783895,44364,44193
2697,1767152783954,44502,44377
2698,1767152783974,44456,44446
2699,1767152783994,44152,44259
2700,1767152784014,43736,44242
2701,1767152784034,44224,44214
2702,1767152784053,44141,44141
2703,1767152784073,43762,44003
2704,1767152784093,43718,43916
2705,1767152784113,43529,43874
2706,1767152784132,43665,43763
2707,1767152784152,43350,43604
2708,1767152784172,42350,43322
2709,1767152784192,41839,42946
2710,1767152784212,42560,42752
2711,1767152784232,42759,42571
2712,1767152784251,42845,42470
2713,1767152784271,42825,42565
2714,1767152784291,42688,42735
2715,1767152784311,42755,42774
2716,1767152784331,42885,42799
2717,1767152784350,42807,42792
2718,1767152784370,42366,42700
2719,1767152784390,42318,42626
2720,1767152784410,42750,42625
2721,1767152784429,42723,42592
2722,1767152784449,43372,42705
2723,1767152784469,41118,42456
2724,1767152784489,40403,42073
2725,1767152784509,40487,41620
2726,1767152784528,41038,41283
2727,1767152784548,41734,40956
2728,1767152784568,41213,40975
2729,1767152784588,41310,41156
2730,1767152784608,41215,41302
2731,1767152784627,41441,41382
2732,1767152784647,41658,41367
2733,1767152784667,41132,41351
2734,1767152784687,41472,41383
2735,1767152784707,41903,41521
2736,1767152784726,42113,41655
2737,1767152784746,41747,41673
2738,1767152784766,42107,41868
2739,1767152784786,41750,41924
2740,1767152784806,42062,41955
2741,1767152784825,41620,41857
2742,1767152784845,42206,41949
2743,1767152784865,42060,41939
2744,1767152784885,42212,42032
2745,1767152784904,42339,42087
2746,1767152784924,41984,42160
2747,1767152784944,41772,42073
2748,1767152784964,41459,41953
2749,1767152784984,41239,41758
2750,1767152785003,41615,41613
2751,1767152785023,42137,41644
2752,1767152785043,42342,41758
2753,1767152785063,42258,41918
2754,1767152785083,42186,42107
2755,1767152785102,42224,42229
2756,1767152785122,42360,42274
2757,1767152785142,42267,42259
2758,1767152785162,42748,42357
2759,1767152785182,42606,42441
2760,1767152785202,42509,42498
2761,1767152785221,42652,42556
2762,1767152785241,42599,42622
2763,1767152785261,42492,42571
2764,1767152785281,42571,42564
2765,1767152785300,42365,42535
2766,1767152785320,42441,42493
2767,1767152785340,42417,42457
2768,1767152785360,42571,42473
2769,1767152785380,42348,42428
2770,1767152785439,42800,42515
2771,1767152785459,42468,42520
2772,1767152785479,42735,42584
2773,1767152785498,42643,42598
2774,1767152785518,42359,42601
2775,1767152785538,42416,42524
2776,1767152785558,42408,42512
2777,1767152785578,42432,42451
2778,1767152785597,42725,42468
2779,1767152785617,42843,42564
2780,1767152785676,42533,42588
2781,1767152785696,42622,42631
2782,1767152785716,42674,42679
2783,1767152785736,42718,42678
2784,1767152785756,42983,42706
2785,1767152785775,42959,42791
2786,1767152785795,42871,42841
2787,1767152785815,42889,42884
2788,1767152785835,42950,42930
2789,1767152785855,42959,42925
2790,1767152785874,43008,42935
2791,1767152785934,42730,42907
2792,1767152785954,42573,42844
2793,1767152785973,42705,42795
2794,1767152785993,42756,42754
2795,1767152786013,43505,42853
2796,1767152786033,43779,43063
2797,1767152786053,43513,43251
2798,1767152786072,43342,43379
2799,1767152786092,43765,43580
2800,1767152786112,43596,43599
2801,1767152786132,43638,43570
2802,1767152786152,43171,43502
2803,1767152786171,43541,43542
2804,1767152786191,43343,43457
2805,1767152786211,43355,43409
2806,1767152786270,43608,43403
2807,1767152786290,43311,43431
2808,1767152786310,43288,43381
2809,1767152786330,43267,43365
2810,1767152786350,43583,43411
2811,1767152786369,43678,43425
2812,1767152786429,43474,43458
2813,1767152786528,42982,43396
2814,1767152786547,43219,43387
2815,1767152786567,43113,43293
2816,1767152786587,43228,43203
2817,1767152786607,43175,43143
2818,1767152786666,43021,43151
2819,1767152786686,42763,43060
2820,1767152786706,42694,42976
2821,1767152786726,42744,42879
2822,1767152786745,42835,42811
2823,1767152786805,42352,42677
2824,1767152786824,42363,42597
2825,1767152786844,42444,42547
2826,1767152786864,42759,42550
2827,1767152786884,43039,42591
2828,1767152786904,43111,42743
2829,1767152786924,43167,42904
2830,1767152786943,43096,43034
2831,1767152786963,42720,43026
2832,1767152786983,43130,43044
2833,1767152787003,43239,43070
2834,1767152787023,43373,43111
2835,1767152787042,43408,43174
2836,1767152787062,43368,43303
2837,1767152787082,43480,43373
2838,1767152787141,43358,43397
2839,1767152787161,43387,43400
2840,1767152787181,43356,43389
2841,1767152787201,43346,43385
2842,1767152787260,43735,43436
2843,1767152787280,43851,43535
2844,1767152787300,43626,43582
2845,1767152787320,43910,43693
2846,1767152787339,43759,43776
2847,1767152787359,43884,43806
2848,1767152787418,43969,43829
2849,1767152787517,43373,43779
2850,1767152787537,43915,43780
2851,1767152787557,43808,43789
2852,1767152787577,44007,43814
2853,1767152787597,44254,43871
2854,1767152787616,44586,44114
2855,1767152787636,44538,44238
2856,1767152787656,44547,44386
2857,1767152787676,44674,44519
2858,1767152787696,45077,44684
2859,1767152787715,44999,44767
2860,1767152787735,45013,44862
2861,1767152787755,44840,44920
2862,1767152787775,44966,44979
2863,1767152787795,44906,44944
2864,1767152787814,44806,44906
2865,1767152787834,44703,44844
2866,1767152787854,44360,44748
2867,1767152787874,44593,44673
2868,1767152787893,44498,44592
2869,1767152787913,44901,44611
2870,1767152787933,45079,44686
2871,1767152787953,45201,44854
2872,1767152787973,45019,44939
2873,1767152787992,44916,45023
2874,1767152788012,45177,45078
2875,1767152788032,45338,45130
2876,1767152788052,45463,45182
2877,1767152788072,45323,45243
2878,1767152788092,45058,45271
2879,1767152788111,45110,45258
2880,1767152788131,45136,45218
2881,1767152788151,45535,45232
2882,1767152788171,45492,45266
2883,1767152788190,45351,45324
2884,1767152788210,45200,45342
2885,1767152788230,45081,45331
2886,1767152788294,44911,45207
2887,1767152788309,44804,45069
2888,1767152788329,44754,44950
2889,1767152788349,45023,44914
2890,1767152788369,44932,44884
2891,1767152788388,44818,44866
2892,1767152788408,44919,44889
2893,1767152788428,44782,44894
2894,1767152788448,44618,44813
2895,1767152788468,44399,44707
2896,1767152788487,44456,44634
2897,1767152788507,44586,44568
2898,1767152788527,44310,44473
2899,1767152788547,44295,44409
2900,1767152788567,44022,44333
2901,1767152788586,44134,44269
2902,1767152788606,44173,44186
2903,1767152788626,44126,44150
2904,1767152788685,43806,44052
2905,1767152788705,43660,43979
2906,1767152788764,43763,43905
2907,1767152788784,43786,43828
2908,1767152788804,43602,43723
2909,1767152788824,43700,43702
2910,1767152788844,43750,43720
2911,1767152788863,43956,43758
2912,1767152788883,44148,43831
2913,1767152788903,44079,43926
2914,1767152788923,44072,44001
2915,1767152788942,44003,44051
2916,1767152788962,44336,44127
2917,1767152788982,44221,44142
2918,1767152789002,44063,44139
2919,1767152789022,44244,44173
2920,1767152789042,43835,44139
2921,1767152789061,44221,44116
2922,1767152789081,44348,44142
2923,1767152789101,44719,44273
2924,1767152789121,44421,44308
2925,1767152789141,44138,44369
2926,1767152789160,44178,44360
2927,1767152789182,44287,44348
2928,1767152789200,44459,44296
2929,1767152789220,44243,44261
2930,1767152789239,44189,44271
2931,1767152789260,43936,44222
2932,1767152789279,44178,44201
2933,1767152789299,44252,44159
2934,1767152789319,44281,44167
2935,1767152789339,44239,44177
2936,1767152789358,44332,44256
2937,1767152789378,44649,44350
2938,1767152789398,44860,44472
2939,1767152789418,44674,44550
2940,1767152789437,44631,44629
2941,1767152789457,44617,44686
2942,1767152789477,44905,44737
2943,1767152789497,44791,44723
2944,1767152789517,45105,44809
2945,1767152789536,44973,44878
2946,1767152789556,44958,44946
2947,1767152789576,45230,45011
2948,1767152789596,44860,45025
2949,1767152789616,45144,45033
2950,1767152789635,45157,45069
2951,1767152789655,45395,45157
2952,1767152789675,45460,45203
2953,1767152789695,45584,45348
2954,1767152789715,45349,45389
2955,1767152789734,45186,45394
2956,1767152789754,45403,45396
2957,1767152789774,45399,45384
2958,1767152789794,45294,45326
2959,1767152789813,45204,45297
2960,1767152789833,45237,45307
2961,1767152789853,45340,45294
2962,1767152789873,45317,45278
2963,1767152789893,45414,45302
2964,1767152789912,45125,45286
2965,1767152789932,45115,45262
2966,1767152789992,44787,45151
2967,1767152790012,44946,45077
2968,1767152790031,45030,45000
2969,1767152790051,44823,44940
2970,1767152790071,44469,44811
2971,1767152790091,44539,44761
2972,1767152790110,44478,44667
2973,1767152790130,44665,44594
2974,1767152790150,44836,44597
2975,1767152790170,44806,44664
2976,1767152790190,44725,44702
2977,1767152790249,44341,44674
2978,1767152790269,44282,44598
2979,1767152790289,44365,44503
2980,1767152790348,44573,44457
2981,1767152790368,44466,44405
2982,1767152790388,44456,44428
2983,1767152790407,44125,44397
2984,1767152790427,44058,44335
2985,1767152790447,43868,44194
2986,1767152790467,43913,44084
2987,1767152790487,44084,44009
2988,1767152790506,44249,44034
2989,1767152790526,44447,44112
2990,1767152790546,44240,44186
2991,1767152790566,44338,44271
2992,1767152790585,44637,44382
2993,1767152790605,44306,44393
2994,1767152790625,44191,44342
2995,1767152790645,44250,44344
2996,1767152790665,44354,44347
2997,1767152790685,44306,44281
2998,1767152790704,44259,44272
2999,1767152790724,44207,44275
3000,1767152790744,44312,44287
3001,1767152790764,44308,44278
3002,1767152790783,44097,44236
3003,1767152790803,44129,44210
3004,1767152790823,44555,44280
3005,1767152790843,44522,44322
3006,1767152790863,44377,44336
3007,1767152790882,44322,44381
3008,1767152790902,44501,44455
3009,1767152790922,44817,44507
3010,1767152790942,44785,44560
3011,1767152790962,44752,44635
3012,1767152790981,44868,44744
3013,1767152791041,45451,44934
3014,1767152791061,45263,45023
3015,1767152791080,45279,45122
3016,1767152791100,45143,45200
3017,1767152791120,45311,45289
3018,1767152791140,45364,45272
3019,1767152791160,45326,45284
3020,1767152791179,45211,45271
3021,1767152791199,45175,45277
3022,1767152791219,45155,45246
3023,1767152791239,45118,45197
3024,1767152791259,45085,45148
3025,1767152791278,45309,45168
3026,1767152791298,45393,45212
3027,1767152791318,45602,45301
3028,1767152791338,45522,45382
3029,1767152791357,45633,45491
3030,1767152791377,45333,45496
3031,1767152791397,45207,45459
3032,1767152791417,45230,45385
3033,1767152791440,45312,45343
3034,1767152791457,45553,45327
3035,1767152791476,45695,45399
3036,1767152791496,45959,45549
3037,1767152791516,45999,45703
3038,1767152791536,46082,45857
3039,1767152791555,46076,45962
3040,1767152791575,46163,46055
3041,1767152791595,46173,46098
3042,1767152791615,45961,46091
3043,1767152791635,45909,46056
3044,1767152791655,45905,46022
3045,1767152791674,45782,45946
3046,1767152791694,45718,45855
3047,1767152791753,44955,45653
3048,1767152791773,44921,45456
3049,1767152791793,44969,45269
3050,1767152791892,45045,45121
3051,1767152791912,45178,45013
3052,1767152791939,45078,45038
3053,1767152791951,44832,45020
3054,1767152791971,44893,45005
3055,1767152791991,44954,44987
3056,1767152792011,45229,44997
3057,1767152792031,45378,45057
3058,1767152792050,45130,45116
3059,1767152792070,45057,45149
3060,1767152792090,45234,45205
3061,1767152792149,45522,45264
3062,1767152792169,45469,45282
3063,1767152792189,45475,45351
3064,1767152792209,45317,45403
3065,1767152792228,45236,45403
3066,1767152792248,45034,45306
3067,1767152792308,45123,45237
3068,1767152792327,44767,45095
3069,1767152792347,44779,44987
3070,1767152792407,45561,45052
3071,1767152792466,45461,45138
3072,1767152792486,45413,45196
3073,1767152792506,45546,45352
3074,1767152792525,45488,45493
3075,1767152792545,45486,45478
3076,1767152792565,45368,45460
3077,1767152792585,45430,45463
3078,1767152792607,45078,45370
3079,1767152792624,44881,45248
3080,1767152792644,44967,45144
3081,1767152792664,44798,45030
3082,1767152792763,44626,44870
3083,1767152792783,44711,44796
3084,1767152792802,44609,44742
3085,1767152792822,44496,44648
3086,1767152792842,44568,44602
3087,1767152792862,44798,44636
3088,1767152792882,44573,44608
3089,1767152792901,44702,44627
3090,1767152792921,44773,44682
3091,1767152792941,44949,44759
3092,1767152792961,45085,44816
3093,1767152792981,45067,44915
3094,1767152793000,44912,44957
3095,1767152793020,44983,44999
3096,1767152793080,44706,44950
3097,1767152793099,44464,44826
3098,1767152793119,44316,44676
3099,1767152793139,44475,44588
3100,1767152793159,44535,44499
3101,1767152793179,44751,44508
3102,1767152793198,44764,44568
3103,1767152793218,44766,44658
3104,1767152793238,44758,44714
3105,1767152793258,44973,44802
3106,1767152793278,44893,44830
3107,1767152793297,44786,44835
3108,1767152793317,44957,44873
3109,1767152793337,44660,44853
3110,1767152793357,44660,44791
3111,1767152793377,44768,44766
3112,1767152793396,44682,44745
3113,1767152793416,44628,44679
3114,1767152793555,44592,44666
3115,1767152793580,44574,44648
3116,1767152793594,44751,44645
3117,1767152793614,44609,44630
3118,1767152793634,44595,44624
3119,1767152793654,44740,44653
3120,1767152793673,45140,44767
3121,1767152793693,45108,44838
3122,1767152793713,45080,44932
3123,1767152793733,45221,45057
3124,1767152793753,45365,45182
3125,1767152793774,45305,45215
3126,1767152793792,45587,45311
3127,1767152793812,45393,45374
3128,1767152793832,45268,45383
3129,1767152793852,45390,45388
3130,1767152793911,44946,45316
3131,1767152793931,45114,45222
3132,1767152793951,44966,45136
3133,1767152793970,45087,45100
3134,1767152793990,44903,45003
3135,1767152794010,44797,44973
3136,1767152794035,44711,44892
3137,1767152794089,44942,44888
3138,1767152794109,44934,44857
3139,1767152794129,44522,44781
3140,1767152794148,44564,44734
3141,1767152794208,44777,44747
3142,1767152794228,44673,44694
3143,1767152794247,44880,44683
3144,1767152794307,45452,44869
3145,1767152794327,45395,45035
3146,1767152794347,45432,45166
3147,1767152794366,45480,45327
3148,1767152794386,45087,45369
3149,1767152794406,45091,45297
3150,1767152794426,45049,45227
3151,1767152794446,45188,45179
3152,1767152794468,45046,45092
3153,1767152794485,45062,45087
3154,1767152794505,45031,45075
3155,1767152794525,45073,45080
3156,1767152794544,45179,45078
3157,1767152794564,44878,45044
3158,1767152794584,45074,45047
3159,1767152794604,45086,45058
3160,1767152794624,45112,45065
3161,1767152794683,45335,45097
3162,1767152794742,45726,45266
3163,1767152794762,45483,45348
3164,1767152794782,45405,45412
3165,1767152794802,45566,45503
3166,1767152794821,45604,45556
3167,1767152794881,45858,45583
3168,1767152794901,45759,45638
3169,1767152794920,45771,45711
3170,1767152794940,45720,45742
3171,1767152794960,45640,45749
3172,1767152794980,45891,45756
3173,1767152795000,45750,45754
3174,1767152795019,45708,45741
3175,1767152795039,45798,45757
3176,1767152795059,45852,45799
3177,1767152795084,45687,45759
3178,1767152795099,45896,45788
3179,1767152795118,46167,45880
3180,1767152795138,46010,45922
3181,1767152795158,46041,45960
3182,1767152795178,45792,45981
3183,1767152795237,45772,45956
3184,1767152795297,45821,45887
3185,1767152795316,45686,45822
3186,1767152795337,45801,45774
3187,1767152795356,45854,45786
3188,1767152795376,45995,45831
3189,1767152795396,46119,45891
3190,1767152795455,46378,46029
3191,1767152795475,46281,46125
3192,1767152795494,46144,46183
3193,1767152795514,46287,46241
3194,1767152795534,46384,46294
3195,1767152795554,46289,46277
3196,1767152795574,46527,46326
3197,1767152795594,46593,46416
3198,1767152795613,46438,46446
3199,1767152795633,46530,46475
3200,1767152795653,46263,46470
3201,1767152795673,46274,46419
3202,1767152795692,46450,46391
3203,1767152795713,46820,46467
3204,1767152795732,46914,46544
3205,1767152795752,46717,46635
3206,1767152795772,46694,46719
3207,1767152795792,46617,46752
3208,1767152795811,46300,46648
3209,1767152795831,46248,46515
3210,1767152795851,46284,46428
3211,1767152795871,46131,46316
3212,1767152795970,45843,46161
3213,1767152795989,45801,46061
3214,1767152796009,45993,46010
3215,1767152796029,45763,45906
3216,1767152796049,45629,45805
3217,1767152796069,45594,45756
3218,1767152796088,45694,45734
3219,1767152796108,45748,45685
3220,1767152796128,45785,45690
3221,1767152796148,45555,45675
3222,1767152796167,45551,45666
3223,1767152796187,45690,45665
3224,1767152796207,45657,45647
3225,1767152796227,45788,45648
3226,1767152796287,45762,45689
3227,1767152796346,45388,45657
3228,1767152796365,45513,45621
3229,1767152796385,45302,45550
3230,1767152796405,45148,45422
3231,1767152796425,45179,45306
3232,1767152796445,45411,45310
3233,1767152796465,45280,45264
3234,1767152796484,45517,45307
3235,1767152796504,45761,45429
3236,1767152796563,45721,45538
3237,1767152796583,45566,45569
3238,1767152796603,45720,45657
3239,1767152796623,45600,45673
3240,1767152796643,45768,45675
3241,1767152796662,45604,45651
3242,1767152796682,45450,45628
3243,1767152796702,45673,45619
3244,1767152796722,45383,45575
3245,1767152796742,45255,45473
3246,1767152796761,45067,45365
3247,1767152796781,45266,45328
3248,1767152796801,45270,45248
3249,1767152796821,45345,45240
3250,1767152796841,45302,45250
3251,1767152796861,45396,45315
3252,1767152796880,45565,45375
3253,1767152796900,45770,45475
3254,1767152796959,45718,45550
3255,1767152796979,45593,45608
3256,1767152796999,45642,45657
3257,1767152797019,45648,45674
3258,1767152797039,45702,45660
3259,1767152797058,45772,45671
3260,1767152797078,45734,45699
3261,1767152797098,45591,45689
3262,1767152797118,45618,45683
3263,1767152797138,45743,45691
3264,1767152797157,45719,45681
3265,1767152797177,45489,45632
3266,1767152797197,45804,45674
3267,1767152797217,45908,45732
3268,1767152797236,45704,45724
3269,1767152797256,45495,45680
3270,1767152797276,45546,45691
3271,1767152797296,45568,45644
3272,1767152797316,45872,45637
3273,1767152797335,45674,45631
3274,1767152797355,45622,45656
3275,1767152797375,45954,45738
3276,1767152797395,45905,45805
3277,1767152797415,45759,45782
3278,1767152797435,45634,45774
3279,1767152797454,45692,45788
3280,1767152797474,45702,45738
3281,1767152797494,45450,45647
3282,1767152797514,45558,45607
3283,1767152797533,45368,45554
3284,1767152797553,45578,45531
3285,1767152797573,45620,45514
3286,1767152797593,45650,45554
3287,1767152797613,45732,45589
3288,1767152797632,45687,45653
3289,1767152797652,45677,45673
3290,1767152797672,45866,45722
3291,1767152797692,45617,45715
3292,1767152797711,45871,45743
3293,1767152797731,45792,45764
3294,1767152797751,45790,45787
3295,1767152797771,45685,45751
3296,1767152797791,45481,45723
3297,1767152797811,45675,45684
3298,1767152797830,45572,45640
3299,1767152797850,45596,45601
3300,1767152797871,45649,45594
3301,1767152797890,45783,45655
3302,1767152797910,45759,45671
3303,1767152797969,45806,45718
3304,1767152797989,45914,45782
3305,1767152798008,45874,45827
3306,1767152798028,45827,45836
3307,1767152798048,45621,45808
3308,1767152798068,45667,45780
3309,1767152798088,45628,45723
3310,1767152798107,45645,45677
3311,1767152798127,45386,45589
3312,1767152798147,45345,45534
3313,1767152798167,45417,45484
3314,1767152798187,45282,45415
3315,1767152798206,45267,45339
3316,1767152798226,45267,45315
3317,1767152798246,45409,45328
3318,1767152798266,45347,45314
3319,1767152798286,45392,45336
3320,1767152798345,45594,45401
3321,1767152798365,45212,45390
3322,1767152798384,45383,45385
3323,1767152798404,45465,45409
3324,1767152798424,45479,45426
3325,1767152798444,45597,45427
3326,1767152798464,45611,45507
