{
  "n_pairs": 51,
  "mean_dt_ms": -324.19607843137254,
  "median_dt_ms": -355.0,
  "std_dt_ms": 106.22174726704714,
  "min_dt_ms": -450.0,
  "max_dt_ms": -51.0,
  "offset_ms": 290.0
}