{
  "n_pairs": 24,
  "mean_dt_ms": -240.16666666666666,
  "median_dt_ms": -265.5,
  "std_dt_ms": 97.97647109836569,
  "min_dt_ms": -345.0,
  "max_dt_ms": -51.0,
  "offset_ms": 290.0
}