frame_idx,timestamp_ms,depth_raw_mm,depth_ema_mm,depth_kf_mm,depth_corr_mm,sig_mm,conf,conf_ema,vision_state,has_hand,has_main_hand,velocity_mm_s,motion_mm,gain,offset_mm,cos_tilt
0,1767152351680,0.061299368552034494,0.061299368552034494,0.061299368552034494,0.061299368552034494,0.061299368552034494,0.9847421050071716,0.590845263004303,ok,True,True,0.0,0.0,1.0,0.0,0.9804841750435145
1,1767152351711,0.02776365917513585,0.04117794292589531,0.043491835095526885,0.043491835095526885,0.043491835095526885,0.9839825630187988,0.8267276430130004,ok,True,True,-0.003659717940175413,0.013414283750759457,1.0,0.0,0.9804841750435145
2,1767152351741,-0.16272606688963343,-0.08116446296342193,-0.0667342508580128,-0.0667342508580128,-0.0667342508580128,0.9800670146942139,0.9187312660217285,ok,True,True,-0.03499189117951644,0.08156160392621149,1.0,0.0,0.9804841750435145
3,1767152351774,-0.025088848696322583,-0.04751909440316232,-0.04987586430864362,-0.04987586430864362,-0.04987586430864362,0.986046314239502,0.9591202949523925,ok,True,True,-0.028705825227752363,0.022430245706839737,1.0,0.0,0.9804841750435145
4,1767152351919,0.12207745366955003,0.05423883444046508,0.042114285027912146,0.042114285027912146,0.042114285027912146,0.9815186858177185,0.9725593294715881,ok,True,True,0.009378427923559182,0.06783861922908495,1.0,0.0,0.9804841750435145
5,1767152351939,-0.30145527904723063,-0.15917763365215232,-0.13596042451263152,-0.13596042451263152,-0.13596042451263152,0.9807650446891785,0.9774827586021423,ok,True,True,-0.07424115203120726,0.1422776453950783,1.0,0.0,0.9804841750435145
6,1767152351965,0.012625174428134812,-0.056095948803980035,-0.06555991472812701,-0.06555991472812701,-0.06555991472812701,0.9818331003189087,0.9800929636322021,ok,True,True,-0.0359255247214223,0.06872112323211485,1.0,0.0,0.9804841750435145
7,1767152351991,0.12556608701861216,0.052901272689575285,0.03917359003137394,0.03917359003137394,0.03917359003137394,0.9836002588272095,0.9821973407492066,ok,True,True,0.025585403675335266,0.07266481432903688,1.0,0.0,0.9804841750435145
8,1767152352020,0.06683405374996995,0.061260941325812085,0.0588292266003796,0.0588292266003796,0.0588292266003796,0.981101393699646,0.9815397725194703,ok,True,True,0.03749393495470221,0.005573112424157867,1.0,0.0,0.9804841750435145
9,1767152352045,-0.25933304870904894,-0.13109545269510453,-0.10924045747726702,-0.10924045747726702,-0.10924045747726702,0.9825443029403687,0.9821424907720093,ok,True,True,-0.0782682597106721,0.1282375960139444,1.0,0.0,0.9804841750435145
10,1767152352069,-0.2810982126182717,-0.22109710864900486,-0.20862851965019774,-0.20862851965019774,-0.20862851965019774,0.9794356822967529,0.9805184056868556,ok,True,True,-0.14907840421227356,0.06000110396926686,1.0,0.0,0.9804841750435145
11,1767152352100,-0.3840962327970894,-0.31889658313785557,-0.3068975275862497,-0.3068975275862497,-0.3068975275862497,0.9831700921058655,0.9821094175382614,ok,True,True,-0.22159419076451375,0.0651996496592338,1.0,0.0,0.9804841750435145
12,1767152352126,0.3470454523224967,0.08066863813835576,0.03572974144356578,0.03572974144356578,0.03572974144356578,0.9844433069229126,0.983509751169052,ok,True,True,0.06555083729598038,0.26637681418414094,1.0,0.0,0.9804841750435145
13,1767152352151,-0.12325335874900963,-0.041684559994063466,-0.032640250073384204,-0.032640250073384204,-0.032640250073384204,0.9796952605247498,0.9812210567824707,ok,True,True,0.0047944187998264914,0.08156879875494616,1.0,0.0,0.9804841750435145
14,1767152352171,0.13694006625715244,0.06549021575666607,0.05437327307520257,0.05437327307520257,0.05437327307520257,0.9817810654640198,0.9815570619914001,ok,True,True,0.08291775147262768,0.07144985050048637,1.0,0.0,0.9804841750435145
15,1767152352194,-0.5941039141393132,-0.3302662621809215,-0.286361626331486,-0.286361626331486,-0.286361626331486,0.9851963520050049,0.983740635999563,ok,True,True,-0.2384291243760745,0.2638376519583917,1.0,0.0,0.9804841750435145
16,1767152352221,-0.333071377981647,-0.33194933166135676,-0.3276885604092252,-0.3276885604092252,-0.3276885604092252,0.986577033996582,0.9854424747977744,ok,True,True,-0.27078263454852264,0.0011220463202902264,1.0,0.0,0.9804841750435145
17,1767152352246,0.1726885002458944,-0.02916663251700606,-0.06394219554814456,-0.06394219554814456,-0.06394219554814456,0.9834407567977905,0.984241443997784,ok,True,True,0.002215594797080056,0.20185513276290046,1.0,0.0,0.9804841750435145
18,1767152352276,-0.019519679478462296,-0.023378460693879805,-0.027952106791751245,-0.027952106791751245,-0.027952106791751245,0.9809988141059875,0.9822958660627061,ok,True,True,0.03921897479119999,0.003858781215417509,1.0,0.0,0.9804841750435145
19,1767152352309,-0.22826869409342987,-0.14631260073360983,-0.1328081068736578,-0.1328081068736578,-0.1328081068736578,0.9811248183250427,0.9815932374201081,ok,True,True,-0.07306788430046046,0.08195609335982004,1.0,0.0,0.9804841750435145
20,1767152352340,-0.4298220432174159,-0.31641826622389346,-0.29599091286251733,-0.29599091286251733,-0.29599091286251733,0.9830538630485535,0.9824696127971753,ok,True,True,-0.24718220222996437,0.11340377699352244,1.0,0.0,0.9804841750435145
21,1767152352374,-0.2107565593082696,-0.25302124207451915,-0.2587902771385717,-0.2587902771385717,-0.2587902771385717,0.9809517860412598,0.981558916743626,ok,True,True,-0.19688952685832856,0.04226468276624956,1.0,0.0,0.9804841750435145
22,1767152352521,0.1072205884186018,-0.03687614377864659,-0.06259587200277392,-0.06259587200277392,-0.06259587200277392,0.9815331697463989,0.9815434685452898,ok,True,True,0.03196002790593705,0.1440967321972484,1.0,0.0,0.9804841750435145
23,1767152352540,-0.3972518863984125,-0.25310158935050614,-0.23155166994500143,-0.23155166994500143,-0.23155166994500143,0.9814844131469727,0.9815080353062995,ok,True,True,-0.16338382743521196,0.14415029704790638,1.0,0.0,0.9804841750435145
24,1767152352560,-0.5512805087293267,-0.43200894097779846,-0.41008641774759347,-0.41008641774759347,-0.41008641774759347,0.9849337935447693,0.9835634902493813,ok,True,True,-0.36549007966804703,0.1192715677515282,1.0,0.0,0.9804841750435145
25,1767152352583,-0.5069168170960308,-0.47695366664873784,-0.4708099593782256,-0.4708099593782256,-0.4708099593782256,0.9841104745864868,0.9838916808516447,ok,True,True,-0.42300601451534214,0.02996315044729292,1.0,0.0,0.9804841750435145
26,1767152352603,-0.037847936068510245,-0.21349022830060127,-0.24396690766792423,-0.24396690766792423,-0.24396690766792423,0.9840311408042908,0.9839753568232323,ok,True,True,-0.13367902779775692,0.17564229223209102,1.0,0.0,0.9804841750435145
27,1767152352625,-0.1454438255706387,-0.17266238666262373,-0.18116486257806408,-0.18116486257806408,-0.18116486257806408,0.9817278981208801,0.982626881601821,ok,True,True,-0.05193024854987363,0.027218561091985033,1.0,0.0,0.9804841750435145
28,1767152352653,0.11118050337330329,-0.002356652641067533,-0.022608691377801415,-0.022608691377801415,-0.022608691377801415,0.9814351797103882,0.9819118604669613,ok,True,True,0.14504901517823368,0.11353715601437082,1.0,0.0,0.9804841750435145
29,1767152352684,0.2328171363214923,0.13874762073646837,0.12119742828791816,0.12119742828791816,0.12119742828791816,0.9827327132225037,0.9824043721202868,ok,True,True,0.317551936393793,0.09406951558502394,1.0,0.0,0.9804841750435145
30,1767152352721,0.15829716926393142,0.1504773498529462,0.14838199796980805,0.14838199796980805,0.14838199796980805,0.9838962554931641,0.9832995021440132,ok,True,True,0.338345194961745,0.007819819410985224,1.0,0.0,0.9804841750435145
31,1767152352752,-0.2063655941045077,-0.06362841652152613,-0.03861101996992394,-0.03861101996992394,-0.03861101996992394,0.9793439507484436,0.9809261713066715,ok,True,True,0.08791634810331245,0.14273717758298154,1.0,0.0,0.9804841750435145
32,1767152352785,-0.3429797863733819,-0.2312392384326396,-0.2093360756385601,-0.2093360756385601,-0.2093360756385601,0.9834478497505188,0.9824391783729798,ok,True,True,-0.133080113323846,0.11174054794074229,1.0,0.0,0.9804841750435145
33,1767152352823,-0.20625064737142496,-0.21624608379591082,-0.21596907333627305,-0.21596907333627305,-0.21596907333627305,0.984845757484436,0.9838831258398535,ok,True,True,-0.1358952619110047,0.00999543642448586,1.0,0.0,0.9804841750435145
34,1767152352848,0.1625444510513398,0.01102823711243954,-0.014888184677880112,-0.014888184677880112,-0.014888184677880112,0.9840677976608276,0.983993928932438,ok,True,True,0.1292142264161722,0.15151621393890025,1.0,0.0,0.9804841750435145
35,1767152352880,0.12764087555075618,0.08099582017542953,0.07074764242906696,0.07074764242906696,0.07074764242906696,0.9773887991905212,0.9800308510872879,ok,True,True,0.2346737498561855,0.04664505537532665,1.0,0.0,0.9804841750435145
36,1767152352910,-0.21238880291804493,-0.09503495368065515,-0.07561176338902353,-0.07561176338902353,-0.07561176338902353,0.9860604405403137,0.9836486047591034,ok,True,True,0.03371098156089508,0.11735384923738978,1.0,0.0,0.9804841750435145
37,1767152352930,-0.35710099253260036,-0.25227457699182226,-0.23238785940168566,-0.23238785940168566,-0.23238785940168566,0.9851869344711304,0.9845716025863196,ok,True,True,-0.1730659116115116,0.1048264155407781,1.0,0.0,0.9804841750435145
38,1767152352953,-0.08446458367022831,-0.1515885809988659,-0.1612699450252704,-0.1612699450252704,-0.1612699450252704,0.98167484998703,0.9828335510267459,ok,True,True,-0.07194839548759896,0.0671239973286376,1.0,0.0,0.9804841750435145
39,1767152352978,-0.00922619953090009,-0.06617115211808641,-0.07707278596557064,-0.07707278596557064,-0.07707278596557064,0.9834092855453491,0.9831789917379079,ok,True,True,0.04238071877966221,0.05694495258718632,1.0,0.0,0.9804841750435145
40,1767152353012,-0.22254434678590782,-0.15999506891877924,-0.15056671059436183,-0.15056671059436183,-0.15056671059436183,0.9830878973007202,0.9831243350755953,ok,True,True,-0.05686619262496444,0.06254927786712858,1.0,0.0,0.9804841750435145
41,1767152353040,-0.34073257774161364,-0.2684375742124799,-0.25547388723468345,-0.25547388723468345,-0.25547388723468345,0.9810765981674194,0.9818956929306898,ok,True,True,-0.1937902555268614,0.07229500352913376,1.0,0.0,0.9804841750435145
42,1767152353076,-0.330542549853826,-0.30570055959728754,-0.30080897048002153,-0.30080897048002153,-0.30080897048002153,0.9826350212097168,0.982339289898106,ok,True,True,-0.24561524963335232,0.024841990256538438,1.0,0.0,0.9804841750435145
43,1767152353107,0.16683771153198135,-0.022177596919726206,-0.05422965709979155,-0.05422965709979155,-0.05422965709979155,0.9827954769134521,0.9826130021073136,ok,True,True,0.09492066564442633,0.18901530845170755,1.0,0.0,0.9804841750435145
44,1767152353141,-0.09170622785444292,-0.06389477548055623,-0.06246127926061443,-0.06246127926061443,-0.06246127926061443,0.9869423508644104,0.9852106113615717,ok,True,True,0.0796516279157181,0.027811452373886686,1.0,0.0,0.9804841750435145
45,1767152353174,-0.26328146899044214,-0.18352679158648777,-0.16970400735281888,-0.16970400735281888,-0.16970400735281888,0.9810864925384521,0.9827361400676999,ok,True,True,-0.06792551717049146,0.07975467740395437,1.0,0.0,0.9804841750435145
46,1767152353207,0.4755501525723813,0.21191937490883364,0.1690332992093727,0.1690332992093727,0.1690332992093727,0.9847108125686646,0.9839209435682787,ok,True,True,0.3909106322159398,0.2636307776635477,1.0,0.0,0.9804841750435145
47,1767152353241,0.9381705218739584,0.6476700630879084,0.5956592678803979,0.5956592678803979,0.5956592678803979,0.9801041483879089,0.9816308664600569,ok,True,True,0.9484428892276289,0.29050045878605,1.0,0.0,0.9804841750435145
48,1767152353274,3.412766781026485,2.306728093851054,2.1191386967310497,2.1191386967310497,2.1191386967310497,0.9760168194770813,0.9782624382702716,ok,True,True,2.96283888615697,1.1060386871754306,1.0,0.0,0.9804841750435145
49,1767152353307,7.306909215058008,5.306836766575226,4.9618377675444965,4.9618377675444965,4.9618377675444965,0.9654783010482788,0.9705919559370759,ok,True,True,6.673455471091135,2.000072448482782,1.0,0.0,0.9804841750435145
50,1767152353341,13.166600553448347,10.022695038699098,9.482335518696456,9.482335518696456,9.482335518696456,0.9415179491043091,0.9531475518374158,ok,True,True,12.493690406555952,3.1439055147492496,1.0,0.0,0.9804841750435145
51,1767152353374,20.712388046063328,16.436510843117638,15.706413998502452,15.706413998502452,15.706413998502452,0.9770708680152893,0.9675015415441399,ok,True,True,20.367973346649393,4.27587720294569,1.0,0.0,0.9804841750435145
52,1767152353407,28.631183434868554,23.753314398168186,22.9305448010519,22.9305448010519,22.9305448010519,0.964957594871521,0.9659751735405686,ok,True,True,29.252413855544845,4.877869036700368,1.0,0.0,0.9804841750435145
53,1767152353440,35.84887846724537,31.010652839614497,30.217284859047076,30.217284859047076,30.217284859047076,0.9490680694580078,0.9558309110910321,ok,True,True,37.828732808336184,4.838225627630873,1.0,0.0,0.9804841750435145
54,1767152353474,45.90806248876497,39.94909862910478,39.00326115100281,39.00326115100281,39.00326115100281,0.939458966255188,0.9460077441895256,ok,True,True,48.06341831212343,5.958963859660187,1.0,0.0,0.9804841750435145
55,1767152353507,54.76826012684479,48.84059552774879,47.92110656584572,47.92110656584572,47.92110656584572,0.9329635500907898,0.9381812277302841,ok,True,True,58.021997749598135,5.927664599095998,1.0,0.0,0.9804841750435145
56,1767152353541,58.634441768053925,54.71690327193187,54.17409580902458,54.17409580902458,54.17409580902458,0.9560354351997375,0.9488937522119562,ok,True,True,63.905747928403315,3.917538496122056,1.0,0.0,0.9804841750435145
57,1767152353574,56.54435382573657,55.81337360421469,55.868181778561286,55.868181778561286,55.868181778561286,0.9378616809844971,0.9422745094754806,ok,True,True,63.31121060087449,0.7309802215218824,1.0,0.0,0.9804841750435145
58,1767152353607,52.3924490901036,53.76081889574803,54.23169429635159,54.23169429635159,54.23169429635159,0.9651804566383362,0.9560180777731939,ok,True,True,58.1998573503281,1.3683698056444342,1.0,0.0,0.9804841750435145
59,1767152353642,46.597260110982646,49.4626836248888,50.21166737490413,50.21166737490413,50.21166737490413,0.9608910083770752,0.9589418361355226,ok,True,True,50.06459144355338,2.8654235139061512,1.0,0.0,0.9804841750435145
60,1767152353689,40.83947479880684,44.28875832923963,45.13626607392666,45.13626607392666,45.13626607392666,0.9536293745040894,0.9557543591566626,ok,True,True,40.853984417557655,3.449283530432787,1.0,0.0,0.9804841750435145
61,1767152353727,33.629297282773635,37.89308170136003,38.853682247272076,38.853682247272076,38.853682247272076,0.9818614721298218,0.971418626940558,ok,True,True,30.408933412263494,4.263784418586397,1.0,0.0,0.9804841750435145
62,1767152353749,22.799964402262813,28.837211321901698,30.06850880524511,30.06850880524511,30.06850880524511,0.9640858173370361,0.9670189411784449,ok,True,True,17.0142082074901,6.037246919638886,1.0,0.0,0.9804841750435145
63,1767152353774,12.680013790299013,19.142892802940086,20.425811648143394,20.425811648143394,20.425811648143394,0.9675669074058533,0.96734772091489,ok,True,True,3.0519774767065524,6.462879012641073,1.0,0.0,0.9804841750435145
64,1767152353807,4.737798004628173,10.499835923952938,11.61919381648872,11.61919381648872,11.61919381648872,0.9508146643638611,0.9574278869842726,ok,True,True,-9.134909221893524,5.762037919324765,1.0,0.0,0.9804841750435145
65,1767152353840,0.16228582090190358,4.297305862122317,5.080619927433254,5.080619927433254,5.080619927433254,0.9726047515869141,0.9665340057458576,ok,True,True,-17.666161461547947,4.135020041220414,1.0,0.0,0.9804841750435145
66,1767152353874,-3.1818364953285574,-0.19017955234820727,0.33243143426532473,0.33243143426532473,0.33243143426532473,0.9717466235160828,0.9696615764079927,ok,True,True,-23.359862675927225,2.99165694298035,1.0,0.0,0.9804841750435145
67,1767152353908,-5.925459835924657,-3.631347722494077,-3.275820027427839,-3.275820027427839,-3.275820027427839,0.9793905019760132,0.975498931748805,ok,True,True,-27.234368547037985,2.2941121134305797,1.0,0.0,0.9804841750435145
68,1767152353942,-6.443697182028332,-5.31875739821463,-5.192054525348324,-5.192054525348324,-5.192054525348324,0.9782646894454956,0.9771583863668193,ok,True,True,-28.61553077461899,1.1249397838137023,1.0,0.0,0.9804841750435145
69,1767152353974,-4.846839924032506,-5.035606913705355,-5.159537277809049,-5.159537277809049,-5.159537277809049,0.9746049046516418,0.9756262973377128,ok,True,True,-27.264264547313157,0.18876698967284966,1.0,0.0,0.9804841750435145
70,1767152354007,-5.257418159930858,-5.168693661440657,-5.269110903492844,-5.269110903492844,-5.269110903492844,0.9778730273246765,0.976974335329891,ok,True,True,-26.16913118852065,0.08872449849020114,1.0,0.0,0.9804841750435145
71,1767152354040,-3.179434108607127,-3.975137929740539,-4.2169308570216195,-4.2169308570216195,-4.2169308570216195,0.9726737141609192,0.9743939626285079,ok,True,True,-23.531650797906202,0.795703821133412,1.0,0.0,0.9804841750435145
72,1767152354078,-1.8670125416246188,-2.710262696870987,-2.9659809341470247,-2.9659809341470247,-2.9659809341470247,0.9714486002922058,0.9726267452267265,ok,True,True,-20.741764817512657,0.843250155246368,1.0,0.0,0.9804841750435145
73,1767152354111,2.4720599594870434,0.3991308969438312,-0.053635822848213,-0.053635822848213,-0.053635822848213,0.9582718014717102,0.9640137789737167,ok,True,True,-15.801261015539867,2.072929062543212,1.0,0.0,0.9804841750435145
74,1767152354141,6.3170971491456065,3.949910648264896,3.444269694439418,3.444269694439418,3.444269694439418,0.9796326160430908,0.9733850812153411,ok,True,True,-10.282971345093108,2.3671865008807105,1.0,0.0,0.9804841750435145
75,1767152354174,12.36388153763812,8.99829318188883,8.34013173621155,8.34013173621155,8.34013173621155,0.9552034139633179,0.9624760808641272,ok,True,True,-3.099170115458045,3.3655883557492903,1.0,0.0,0.9804841750435145
76,1767152354207,19.414944038401504,15.248283695796435,14.465714670246264,14.465714670246264,14.465714670246264,0.9559417366981506,0.9585554743645412,ok,True,True,5.443601106847216,4.16666034260507,1.0,0.0,0.9804841750435145
77,1767152354240,29.484473265898547,23.789997437857703,22.769545192845655,22.769545192845655,22.769545192845655,0.9716001152992249,0.9663822589253515,ok,True,True,16.584447295056275,5.694475828040844,1.0,0.0,0.9804841750435145
78,1767152354274,42.90899302323902,35.261394789086495,33.92885797365588,33.92885797365588,33.92885797365588,0.9542205929756165,0.9590852593555105,ok,True,True,31.13399987720568,7.647598234152525,1.0,0.0,0.9804841750435145
79,1767152354307,54.99232579364303,47.09995339182042,45.74574065685252,45.74574065685252,45.74574065685252,0.8860913515090942,0.9152889146476607,ok,True,True,45.92161714767593,7.8923724018226125,1.0,0.0,0.9804841750435145
80,1767152354340,59.054278963302096,54.27254873470943,53.49170947211909,53.49170947211909,53.49170947211909,0.8993287086486816,0.9057127910482732,ok,True,True,54.44888997512561,4.781730228592664,1.0,0.0,0.9804841750435145
81,1767152354374,57.66117053703213,56.305721816103045,56.19421747107434,56.19421747107434,56.19421747107434,0.9609723091125488,0.9388685018868386,ok,True,True,55.66668491838183,1.3554487209290826,1.0,0.0,0.9804841750435145
82,1767152354407,56.3404555632577,56.32656206439584,56.51888985200157,56.51888985200157,56.51888985200157,0.9582384824752808,0.950490490239904,ok,True,True,53.56602753808602,0.01389349886186153,1.0,0.0,0.9804841750435145
83,1767152354441,53.48905816572319,54.624059725192254,55.034824280914584,55.034824280914584,55.034824280914584,0.9737950563430786,0.9644732299018088,ok,True,True,49.07925357620082,1.1350015594690603,1.0,0.0,0.9804841750435145
84,1767152354474,48.48732924306267,50.9420214359145,51.581407195123795,51.581407195123795,51.581407195123795,0.9494510889053345,0.9554599453039242,ok,True,True,42.09484389474921,2.45469219285183,1.0,0.0,0.9804841750435145
85,1767152354574,20.514300340941784,32.68538877893087,34.950963510423975,34.950963510423975,34.950963510423975,0.9752649664878845,0.9673429580143004,ok,True,True,17.34523386839518,12.171088437989088,1.0,0.0,0.9804841750435145
86,1767152354607,6.208323055629379,16.799149344949978,18.889583252740525,18.889583252740525,18.889583252740525,0.965424656867981,0.9661919773265086,ok,True,True,-5.492212545013835,10.5908262893206,1.0,0.0,0.9804841750435145
87,1767152354641,1.9964965880403456,7.917557690804199,9.121698556765443,9.121698556765443,9.121698556765443,0.9695755839347839,0.9682221412914739,ok,True,True,-18.64772064740339,5.921061102763853,1.0,0.0,0.9804841750435145
88,1767152354674,-0.008323867676200332,3.16202875571596,3.757803711029805,3.757803711029805,3.757803711029805,0.9802700281143188,0.9754508733851808,ok,True,True,-25.156957488589107,3.1703526233921604,1.0,0.0,0.9804841750435145
89,1767152354707,-1.1937752732954792,0.5485463383090965,0.8131352624676547,0.8131352624676547,0.8131352624676547,0.9861796498298645,0.981888139251991,ok,True,True,-28.047873118280524,1.7423216116045757,1.0,0.0,0.9804841750435145
90,1767152354740,-0.32792751167619294,0.022662028317922855,0.006539578637993315,0.006539578637993315,0.006539578637993315,0.9781008958816528,0.9796157932297882,ok,True,True,-27.871712315995133,0.3505895399941158,1.0,0.0,0.9804841750435145
91,1767152354774,0.2258456169600222,0.14457218150318243,0.025476462901323105,0.025476462901323105,0.025476462901323105,0.9728595614433289,0.9755620541579126,ok,True,True,-26.570381880193988,0.08127343545683977,1.0,0.0,0.9804841750435145
92,1767152354807,0.3327058473704209,0.2574523810235255,0.13271329308709667,0.13271329308709667,0.13271329308709667,0.9754445552825928,0.9754915548327208,ok,True,True,-25.207350029666706,0.07525346634689539,1.0,0.0,0.9804841750435145
93,1767152354841,3.0647483046084307,1.9418299351744686,1.64614076503298,1.64614076503298,1.64614076503298,0.9612636566162109,0.9669548159028148,ok,True,True,-21.976254633494698,1.1229183694339622,1.0,0.0,0.9804841750435145
94,1767152354874,5.755789262155815,4.230205531363277,3.8600470749721745,3.8600470749721745,3.8600470749721745,0.9740402102470398,0.9712060525093498,ok,True,True,-17.931315631621196,1.5255837307925386,1.0,0.0,0.9804841750435145
95,1767152354908,10.059142065962007,7.727567452122514,7.229214286539506,7.229214286539506,7.229214286539506,0.9592000842094421,0.9640024715294051,ok,True,True,-12.485404280306678,2.331574613839493,1.0,0.0,0.9804841750435145
96,1767152354940,17.433618694927073,13.551198197805249,12.799169348044469,12.799169348044469,12.799169348044469,0.955594003200531,0.9589573905320806,ok,True,True,-4.2672161478973365,3.8824204971218244,1.0,0.0,0.9804841750435145
97,1767152354974,27.57588046778224,21.966007559791443,20.92704647642159,20.92704647642159,20.92704647642159,0.9591658115386963,0.9590824431360501,ok,True,True,7.0867696929713215,5.609872907990798,1.0,0.0,0.9804841750435145
98,1767152355007,38.04017126070545,31.610505780339846,30.444519152006528,30.444519152006528,30.444519152006528,0.949101448059082,0.9530938460898692,ok,True,True,19.82911747627658,6.429665480365603,1.0,0.0,0.9804841750435145
99,1767152355040,47.51004637105628,41.15023013476971,40.029165393182026,40.029165393182026,40.029165393182026,0.9544262886047363,0.9538933115987895,ok,True,True,32.080716693684636,6.359816236286576,1.0,0.0,0.9804841750435145
100,1767152355074,53.13630388390213,48.34187438424916,47.53346509793823,47.53346509793823,47.53346509793823,0.9546025991439819,0.954318884125905,ok,True,True,40.91556355853218,4.794429499652971,1.0,0.0,0.9804841750435145
101,1767152355107,54.69134352040244,52.15155586594113,51.7883600146963,51.7883600146963,51.7883600146963,0.9413142204284668,0.9465160859074421,ok,True,True,44.884861954092116,2.539787654461314,1.0,0.0,0.9804841750435145
102,1767152355140,54.09786204282279,53.31933957207013,53.31545369773016,53.31545369773016,53.31545369773016,0.961609959602356,0.9555724101243903,ok,True,True,44.92733039298109,0.7785224707526623,1.0,0.0,0.9804841750435145
103,1767152355174,51.51689982421212,52.23787572335532,52.525280878675375,52.525280878675375,52.525280878675375,0.9462219476699829,0.9499621326517459,ok,True,True,41.78626952217003,0.7209758991432054,1.0,0.0,0.9804841750435145
104,1767152355208,46.87643698895743,49.021012482716586,49.56756735422078,49.56756735422078,49.56756735422078,0.9740370512008667,0.9644070837812184,ok,True,True,35.81289920298356,2.144575493759156,1.0,0.0,0.9804841750435145
105,1767152355242,39.906371703660824,43.552228015283134,44.35681302663335,44.35681302663335,44.35681302663335,0.9651041626930237,0.9648253311283016,ok,True,True,27.019412099403322,3.6458563116223104,1.0,0.0,0.9804841750435145
106,1767152355274,31.88975664500216,36.55474519311455,37.526027186636156,37.526027186636156,37.526027186636156,0.9687650203704834,0.9671891446736107,ok,True,True,16.403978534143963,4.66498854811239,1.0,0.0,0.9804841750435145
107,1767152355310,22.62922827227832,28.199435040612812,29.301372131649984,29.301372131649984,29.301372131649984,0.9593985080718994,0.962514762712584,ok,True,True,4.360495132540404,5.570206768334494,1.0,0.0,0.9804841750435145
108,1767152355340,12.845008330966023,18.98677901482474,20.154178884280704,20.154178884280704,20.154178884280704,0.9617958664894104,0.9620834249786798,ok,True,True,-8.398533507810344,6.141770683858718,1.0,0.0,0.9804841750435145
109,1767152355374,5.282858170896714,10.764426508467924,11.781141238380721,11.781141238380721,11.781141238380721,0.9622770547866821,0.9621996028634812,ok,True,True,-19.510719544498286,5.48156833757121,1.0,0.0,0.9804841750435145
110,1767152355407,1.1064525391071363,4.9696421268514515,5.657266584952322,5.657266584952322,5.657266584952322,0.9718644618988037,0.9679985182846746,ok,True,True,-27.026150729120616,3.863189587744315,1.0,0.0,0.9804841750435145
111,1767152355440,-2.169241986919151,0.6863116585890903,1.140559958541123,1.140559958541123,1.140559958541123,0.9733672142028809,0.9712197358355983,ok,True,True,-31.990906603512773,2.855553645508241,1.0,0.0,0.9804841750435145
112,1767152355473,-2.9526327095615104,-1.4970549623012699,-1.3216929160340816,-1.3216929160340816,-1.3216929160340816,0.9755856990814209,0.9738393137830919,ok,True,True,-33.90755307144684,1.4555777472602405,1.0,0.0,0.9804841750435145
113,1767152355507,-3.3065939320799433,-2.582778344168474,-2.568176444928738,-2.568176444928738,-2.568176444928738,0.9810861349105835,0.9781874064595869,ok,True,True,-34.06714738493215,0.7238155879114694,1.0,0.0,0.9804841750435145
114,1767152355540,-2.838208984114265,-2.736036728135949,-2.844039673868854,-2.844039673868854,-2.844039673868854,0.9773465991020203,0.9776829220450469,ok,True,True,-32.88670396835625,0.10217225597831625,1.0,0.0,0.9804841750435145
115,1767152355574,-0.7652653470362144,-1.5535738994761081,-1.8199440782184313,-1.8199440782184313,-1.8199440782184313,0.974718451499939,0.9759042397179821,ok,True,True,-29.97533969707305,0.7883085524398937,1.0,0.0,0.9804841750435145
116,1767152355607,1.9917722773106437,0.5736338065959428,0.19498004054733586,0.19498004054733586,0.19498004054733586,0.9733365178108215,0.9743636065736858,ok,True,True,-25.836729959555026,1.418138470714701,1.0,0.0,0.9804841750435145
117,1767152355640,4.367290199882474,2.849827642567861,2.457411044307362,2.457411044307362,2.457411044307362,0.968606173992157,0.9709091470247686,ok,True,True,-21.54768400249799,1.5174625573146128,1.0,0.0,0.9804841750435145
118,1767152355674,8.990436309798243,6.53419284290609,5.999035342491136,5.999035342491136,5.999035342491136,0.976158857345581,0.974058973217256,ok,True,True,-15.698490595711856,2.456243466892153,1.0,0.0,0.9804841750435145
119,1767152355707,15.079722252848114,11.661510488871304,10.971139610680467,10.971139610680467,10.971139610680467,0.9771871566772461,0.9759358832932501,ok,True,True,-8.152821262196674,3.41821176397681,1.0,0.0,0.9804841750435145
120,1767152355740,23.851589073890477,18.97555763988281,18.05188230195637,18.05188230195637,18.05188230195637,0.9648418426513672,0.9692794589081204,ok,True,True,1.942857214471676,4.876031434007668,1.0,0.0,0.9804841750435145
121,1767152355773,30.730398147792673,26.028461944628727,25.145451735695595,25.145451735695595,25.145451735695595,0.9570796489715576,0.9619595729461827,ok,True,True,11.594087243842239,4.701936203163946,1.0,0.0,0.9804841750435145
122,1767152355807,38.464617819950234,33.49015546982163,32.60196495353147,32.60196495353147,32.60196495353147,0.9729846119880676,0.9685745963713136,ok,True,True,21.30195346662167,4.974462350128604,1.0,0.0,0.9804841750435145
123,1767152355840,46.74176539647766,41.44112142581525,40.53386220091307,40.53386220091307,40.53386220091307,0.9680892825126648,0.9682834080561242,ok,True,True,31.218254206708608,5.3006439706624136,1.0,0.0,0.9804841750435145
124,1767152355874,53.12832658062619,48.453444518701815,47.6857065495381,47.6857065495381,47.6857065495381,0.9370496869087219,0.9495431753676828,ok,True,True,39.609605519543535,4.674882061924372,1.0,0.0,0.9804841750435145
125,1767152355908,57.031394628481586,53.600214584569684,53.08747353762141,53.08747353762141,53.08747353762141,0.972478985786438,0.963304661618936,ok,True,True,45.21385557047824,3.431180043911901,1.0,0.0,0.9804841750435145
126,1767152355941,56.28063153602477,55.20846475544273,55.13995371565952,55.13995371565952,55.13995371565952,0.9470657706260681,0.9535613270232153,ok,True,True,45.962680792301384,1.0721667805820374,1.0,0.0,0.9804841750435145
127,1767152355974,53.38065190175284,54.1117770432288,54.397519245996065,54.397519245996065,54.397519245996065,0.9586485028266907,0.9566136325053005,ok,True,True,42.83951718055247,0.7311251414759568,1.0,0.0,0.9804841750435145
128,1767152356007,49.454991073510016,51.31770546139753,51.82080473723228,51.82080473723228,51.82080473723228,0.9355465173721313,0.9439733634253991,ok,True,True,37.34063464404208,1.8627143878875145,1.0,0.0,0.9804841750435145
129,1767152356040,43.603874761407646,46.6894070414036,47.401019252485774,47.401019252485774,47.401019252485774,0.9592199325561523,0.953121304903851,ok,True,True,29.562696071924414,3.0855322799959524,1.0,0.0,0.9804841750435145
130,1767152356073,36.30029153007138,40.45593773460426,41.34103310919934,41.34103310919934,41.34103310919934,0.9681247472763062,0.9621233703273241,ok,True,True,19.888574921879734,4.155646204532886,1.0,0.0,0.9804841750435145
131,1767152356107,27.571667670014758,32.72537569585056,33.76092825397815,33.76092825397815,33.76092825397815,0.9626511931419373,0.962440064016092,ok,True,True,8.569943964535558,5.153708025835801,1.0,0.0,0.9804841750435145
132,1767152356140,19.03730378886802,24.51253255166104,25.57659500789818,25.57659500789818,25.57659500789818,0.970517635345459,0.9672866068137123,ok,True,True,-3.060308719554234,5.475228762793019,1.0,0.0,0.9804841750435145
133,1767152356173,10.444575703998503,16.07175844306352,17.12117428775902,17.12117428775902,17.12117428775902,0.9707672595977783,0.9693749984841519,ok,True,True,-14.530479890362045,5.627182739065017,1.0,0.0,0.9804841750435145
134,1767152356207,3.7153985398868055,8.65794250115749,9.548437042477802,9.548437042477802,9.548437042477802,0.9670958518981934,0.9680075105325767,ok,True,True,-24.263637863712887,4.942543961270685,1.0,0.0,0.9804841750435145
135,1767152356241,-1.645567660340659,2.4758364042586014,3.1749181281191756,3.1749181281191756,3.1749181281191756,0.9750093817710876,0.9722086332756832,ok,True,True,-31.90464609082071,4.12140406459926,1.0,0.0,0.9804841750435145
136,1767152356273,-5.504490415355622,-2.3123596875099324,-1.818636367591313,-1.818636367591313,-1.818636367591313,0.9816200733184814,0.9778554973013621,ok,True,True,-37.301076102354436,3.192130727845689,1.0,0.0,0.9804841750435145
137,1767152356307,-8.464730874446204,-6.003782399671695,-5.675461226435889,-5.675461226435889,-5.675461226435889,0.9672998189926147,0.9715220903161137,ok,True,True,-40.889650643120646,2.4609484747745087,1.0,0.0,0.9804841750435145
138,1767152356342,-8.688302270292194,-7.614494322043995,-7.55020403320952,-7.55020403320952,-7.55020403320952,0.9578433036804199,0.9633148183346975,ok,True,True,-41.59234847647865,1.0738079482481995,1.0,0.0,0.9804841750435145
139,1767152356373,-9.985884214033716,-9.037328257237828,-9.026088084192377,-9.026088084192377,-9.026088084192377,0.9784670472145081,0.9724061556625838,ok,True,True,-41.71520447830267,0.9485559567958877,1.0,0.0,0.9804841750435145
140,1767152356407,-8.156323042248472,-8.508725128244215,-8.721655629038866,-8.721655629038866,-8.721655629038866,0.9780824184417725,0.9758119133300971,ok,True,True,-39.38785616126802,0.3524020859957435,1.0,0.0,0.9804841750435145
141,1767152356440,-5.165397552761445,-6.502728582954553,-6.896906309367227,-6.896906309367227,-6.896906309367227,0.9624180793762207,0.9677756129577713,ok,True,True,-35.07945922177913,1.3373310301931083,1.0,0.0,0.9804841750435145
142,1767152356473,-1.1587452563885046,-3.296338587014924,-3.8286881073528454,-3.8286881073528454,-3.8286881073528454,0.9734796285629272,0.9711980223208648,ok,True,True,-29.26083107833557,2.1375933306264194,1.0,0.0,0.9804841750435145
143,1767152356509,1.857945543319027,-0.20376810881455354,-0.7171889540277059,-0.7171889540277059,-0.7171889540277059,0.963521420955658,0.9665920615017407,ok,True,True,-23.64909379141473,2.0617136521335806,1.0,0.0,0.9804841750435145
144,1767152356550,7.449948929706209,4.388462114297904,3.7306590598717504,3.7306590598717504,3.7306590598717504,0.9697573184967041,0.9684912156987187,ok,True,True,-16.459244139222832,3.061486815408305,1.0,0.0,0.9804841750435145
145,1767152356575,16.3264287725272,11.551242109235481,10.617183033838558,10.617183033838558,10.617183033838558,0.9842320084571838,0.9779356913537978,ok,True,True,-6.249888121277706,4.77518666329172,1.0,0.0,0.9804841750435145
146,1767152356607,24.56614969276287,19.360186659351914,18.36116053048003,18.36116053048003,18.36116053048003,0.9831499457359314,0.981064243983078,ok,True,True,4.669565928902941,5.205963033410956,1.0,0.0,0.9804841750435145
147,1767152356640,31.17985711615627,26.451988933434528,25.56637244407207,25.56637244407207,25.56637244407207,0.9726118445396423,0.9759928043170166,ok,True,True,14.349442938656816,4.727868182721743,1.0,0.0,0.9804841750435145
148,1767152356674,38.89245530782097,33.916268758066394,33.03774984532506,33.03774984532506,33.03774984532506,0.9578721523284912,0.9651204131239013,ok,True,True,23.95174407562196,4.976186549754573,1.0,0.0,0.9804841750435145
149,1767152356707,48.94374248877777,42.93275299649322,41.917512881500606,41.917512881500606,41.917512881500606,0.9700818657875061,0.9680972847220641,ok,True,True,35.048423290441015,6.010989492284551,1.0,0.0,0.9804841750435145
150,1767152356740,56.77032186096735,51.2352943151777,50.32575786036021,50.32575786036021,50.32575786036021,0.9761446714401245,0.9729257167529004,ok,True,True,44.98975175095613,5.535027545789653,1.0,0.0,0.9804841750435145
151,1767152356773,58.77988961676021,55.76205149612721,55.322697798659334,55.322697798659334,55.322697798659334,0.9628257155418396,0.9668657160262639,ok,True,True,49.79193406802732,3.0178381206330016,1.0,0.0,0.9804841750435145
152,1767152356807,59.271528288828534,57.86773757174801,57.76893146007231,57.76893146007231,57.76893146007231,0.9689016342163086,0.9680872669402907,ok,True,True,50.87189540858782,1.4037907170805255,1.0,0.0,0.9804841750435145
153,1767152356842,58.850357711476605,58.45730965558516,58.56973654848074,58.56973654848074,58.56973654848074,0.9642910361289978,0.965809528453515,ok,True,True,49.64305736840634,0.3930480558914411,1.0,0.0,0.9804841750435145
154,1767152356874,55.20307488141364,56.50476879108225,56.91991517670554,56.91991517670554,56.91991517670554,0.9458826780319214,0.9538534182005588,ok,True,True,45.105462327492546,1.3016939096686073,1.0,0.0,0.9804841750435145
155,1767152356907,51.48408827925365,53.49236048398509,54.042699470090525,54.042699470090525,54.042699470090525,0.9653101563453674,0.9607274610874439,ok,True,True,39.09019705656414,2.0082722047314405,1.0,0.0,0.9804841750435145
156,1767152356945,45.645535645077224,48.78426558064037,49.516564331651715,49.516564331651715,49.516564331651715,0.9712994694709778,0.9670706661175642,ok,True,True,31.08609113702154,3.1387299355631484,1.0,0.0,0.9804841750435145
157,1767152356974,38.57647248591308,42.659589723804,43.54051886618634,43.54051886618634,43.54051886618634,0.9711492657661438,0.969517825906712,ok,True,True,21.45743810684917,4.083117237890917,1.0,0.0,0.9804841750435145
158,1767152357007,29.381078679490592,34.692483097215955,35.759806762057245,35.759806762057245,35.759806762057245,0.9672199487686157,0.9681390996238541,ok,True,True,9.7914716760784,5.311404417725363,1.0,0.0,0.9804841750435145
159,1767152357040,19.86496624575721,25.795972986340708,26.94442696320935,26.94442696320935,26.94442696320935,0.9757295846939087,0.9726933906658869,ok,True,True,-2.7612587196080103,5.9310067405834985,1.0,0.0,0.9804841750435145
160,1767152357074,11.460986443946256,17.194981060904038,18.272809142054903,18.272809142054903,18.272809142054903,0.9771823883056641,0.9753867892497532,ok,True,True,-14.54204071192322,5.733994616957782,1.0,0.0,0.9804841750435145
161,1767152357107,6.141855107224267,10.563105488696175,11.369458258371361,11.369458258371361,11.369458258371361,0.9568238258361816,0.9642490112016102,ok,True,True,-23.355567420822545,4.421250381471908,1.0,0.0,0.9804841750435145
162,1767152357140,2.344664495211407,5.632040892605314,6.1854856914238034,6.1854856914238034,6.1854856914238034,0.9807225465774536,0.9741331324271163,ok,True,True,-29.404781713972195,3.287376397393907,1.0,0.0,0.9804841750435145
163,1767152357174,-0.3259331858572068,2.0572564455278015,2.408601185093867,2.408601185093867,2.408601185093867,0.984370768070221,0.9802757138129791,ok,True,True,-33.24501961600868,2.3831896313850085,1.0,0.0,0.9804841750435145
164,1767152357207,-1.5335635636248064,-0.0972355599637631,0.058753290921438106,0.058753290921438106,0.058753290921438106,0.9809210896492004,0.9806629393147119,ok,True,True,-34.949995523294476,1.4363280036610433,1.0,0.0,0.9804841750435145
165,1767152357240,-0.9152133603426901,-0.5880222401911193,-0.6458593900931562,-0.6458593900931562,-0.6458593900931562,0.9751266241073608,0.9773411501903013,ok,True,True,-34.31782886931312,0.3271911201515708,1.0,0.0,0.9804841750435145
166,1767152357273,0.20078722914797797,-0.11473655858766094,-0.3016829074665164,-0.3016829074665164,-0.3016829074665164,0.9736651182174683,0.9751355310066014,ok,True,True,-32.274483872342394,0.31552378773563894,1.0,0.0,0.9804841750435145
167,1767152357309,0.5102698133000325,0.2602672645449551,0.07748206660736812,0.07748206660736812,0.07748206660736812,0.9729644656181335,0.9738328917735207,ok,True,True,-30.276620684706455,0.25000254875507744,1.0,0.0,0.9804841750435145
168,1767152357340,3.383248459970828,2.134055981800479,1.7918936887252623,1.7918936887252623,1.7918936887252623,0.9796972870826721,0.9773515289590116,ok,True,True,-26.536747479222743,1.249192478170349,1.0,0.0,0.9804841750435145
169,1767152357373,7.598195731363059,5.412539831538027,4.90973019717881,4.90973019717881,4.90973019717881,0.9712321758270264,0.9736799170798205,ok,True,True,-21.040980255338955,2.185655899825032,1.0,0.0,0.9804841750435145
170,1767152357407,13.425770952530074,10.220478504133254,9.549488081698412,9.549488081698412,9.549488081698412,0.9745470285415649,0.9742001839568671,ok,True,True,-13.706977514814481,3.20529244839682,1.0,0.0,0.9804841750435145
171,1767152357449,22.04966684407498,17.31799150809829,16.399983944839086,16.399983944839086,16.399983944839086,0.9709977507591248,0.9722787240382218,ok,True,True,-3.6730487611751546,4.731675335976689,1.0,0.0,0.9804841750435145
172,1767152357476,30.549144391731105,25.25668323827798,24.254554409669183,24.254554409669183,24.254554409669183,0.9771149158477783,0.9751804391239557,ok,True,True,7.280335304365554,5.292461153453125,1.0,0.0,0.9804841750435145
173,1767152357507,38.68504542264641,33.313700548899035,32.329726282320244,32.329726282320244,32.329726282320244,0.9590025544166565,0.9654737082995761,ok,True,True,18.035288049323036,5.3713448737473755,1.0,0.0,0.9804841750435145
174,1767152357540,47.22780041530819,41.66216046874453,40.687696226001265,40.687696226001265,40.687696226001265,0.9830102920532227,0.9759956585517641,ok,True,True,28.686295260991578,5.565639946563657,1.0,0.0,0.9804841750435145
175,1767152357574,56.27799350850052,50.431660292598124,49.45089070111266,49.45089070111266,49.45089070111266,0.9250878691673279,0.9454509849211024,ok,True,True,39.40622078411911,5.846333215902398,1.0,0.0,0.9804841750435145
176,1767152357607,61.274946394401475,56.93763195368014,56.24866327822107,56.24866327822107,56.24866327822107,0.9541776180267334,0.950686964784481,ok,True,True,46.93672848640507,4.337314440721336,1.0,0.0,0.9804841750435145
177,1767152357640,61.975288102391524,59.96022564290697,59.72060617763666,59.72060617763666,59.72060617763666,0.9251619577407837,0.9353719605582627,ok,True,True,49.55579711695163,2.015062459484554,1.0,0.0,0.9804841750435145
178,1767152357674,60.11218547389273,60.05140154149843,60.19884079554534,60.19884079554534,60.19884079554534,0.9397063255310059,0.9379725795419086,ok,True,True,47.94426890508108,0.06078393239430113,1.0,0.0,0.9804841750435145
179,1767152357707,56.23408960379957,57.76101437887911,58.211454306856865,58.211454306856865,58.211454306856865,0.9371379613876343,0.937471808649344,ok,True,True,43.02090801401786,1.526924775079543,1.0,0.0,0.9804841750435145
180,1767152357741,49.28891603355203,52.67775537168286,53.455398525496435,53.455398525496435,53.455398525496435,0.9513556957244873,0.9458021408944299,ok,True,True,34.52117768539834,3.388839338130836,1.0,0.0,0.9804841750435145
181,1767152357774,43.01003120161878,46.877120869644415,47.73972488160676,47.73972488160676,47.73972488160676,0.9701027274131775,0.9603824928056784,ok,True,True,25.09281521341362,3.867089668025635,1.0,0.0,0.9804841750435145
182,1767152357807,33.72481227062877,38.985735710235026,40.05608752678501,40.05608752678501,40.05608752678501,0.9519202709197998,0.9553051596741513,ok,True,True,13.393744937153924,5.260923439606259,1.0,0.0,0.9804841750435145
183,1767152357841,25.08578938901016,30.64576791750011,31.74584737321515,31.74584737321515,31.74584737321515,0.9752717018127441,0.967285084957307,ok,True,True,1.369748032890124,5.55997852848995,1.0,0.0,0.9804841750435145
184,1767152357874,16.02550397265316,21.873609550591937,22.980510201179356,22.980510201179356,22.980510201179356,0.9804157018661499,0.9751634551026127,ok,True,True,-10.728805384958944,5.848105577938778,1.0,0.0,0.9804841750435145
185,1767152357909,8.053942286026286,13.581809191852546,14.59085090594478,14.59085090594478,14.59085090594478,0.9691708087921143,0.9715678673163136,ok,True,True,-21.75774924254084,5.52786690582626,1.0,0.0,0.9804841750435145
186,1767152357940,1.3622377568995738,6.250066330880763,7.100007780103006,7.100007780103006,7.100007780103006,0.9619394540786743,0.96579081937373,ok,True,True,-31.04770864803372,4.8878285739811895,1.0,0.0,0.9804841750435145
187,1767152357974,-3.982199103110588,0.11070707048595274,0.7752536445708316,0.7752536445708316,0.7752536445708316,0.9756700992584229,0.9717183873045456,ok,True,True,-38.311280419865575,4.092906173596541,1.0,0.0,0.9804841750435145
188,1767152358007,-6.678573589073014,-3.962861325249427,-3.5765835168274123,-3.5765835168274123,-3.5765835168274123,0.9719662070274353,0.9718670791382794,ok,True,True,-42.533342053830694,2.7157122638235864,1.0,0.0,0.9804841750435145
189,1767152358040,-8.559429740496444,-6.720802374397637,-6.5281205380817635,-6.5281205380817635,-6.5281205380817635,0.9607347846031189,0.9651877024171831,ok,True,True,-44.639377071457716,1.838627366098807,1.0,0.0,0.9804841750435145
190,1767152358238,-7.294492668950429,-7.065016551129313,-7.171163522960738,-7.171163522960738,-7.171163522960738,0.9626186490058899,0.9636462703704072,ok,True,True,-43.47917824542418,0.22947611782111643,1.0,0.0,0.9804841750435145
191,1767152358270,-3.558689359740424,-4.961220236295979,-5.369615858725874,-5.369615858725874,-5.369615858725874,0.9800885915756226,0.9735116630935363,ok,True,True,-39.01536628092057,1.4025308765555553,1.0,0.0,0.9804841750435145
192,1767152358299,0.8452705721964624,-1.4773257512005142,-2.0568757085560927,-2.0568757085560927,-2.0568757085560927,0.9753105044364929,0.9745909678993103,ok,True,True,-32.68081738437385,2.3225963233969766,1.0,0.0,0.9804841750435145
193,1767152358323,2.668756809138282,1.0103237850027633,0.5464250910324826,0.5464250910324826,0.5464250910324826,0.97349613904953,0.9739340705894421,ok,True,True,-27.610350328613215,1.6584330241355185,1.0,0.0,0.9804841750435145
194,1767152358349,19.295250005242412,11.981279517146552,10.60236022297081,10.60236022297081,10.60236022297081,0.9731439352035522,0.9734599893579082,ok,True,True,-12.538600919937027,7.31397048809586,1.0,0.0,0.9804841750435145
195,1767152358373,28.556393342988247,21.926347812651567,20.61587208837672,20.61587208837672,20.61587208837672,0.9698327779769897,0.9712836625293572,ok,True,True,1.7850522763826522,6.63004553033668,1.0,0.0,0.9804841750435145
196,1767152358404,35.055010349882515,29.803545334990133,28.7847830017908,28.7847830017908,28.7847830017908,0.9794017672538757,0.9761545253640683,ok,True,True,12.920243949257818,5.251465014892382,1.0,0.0,0.9804841750435145
197,1767152358431,42.41010121231317,37.36747886138396,36.457661162137875,36.457661162137875,36.457661162137875,0.9787959456443787,0.9777393775322545,ok,True,True,22.864658021486512,5.042622350929214,1.0,0.0,0.9804841750435145
198,1767152358456,49.82986110677621,44.8449082086193,43.99389918810244,43.99389918810244,43.99389918810244,0.9747638702392578,0.9759540731564565,ok,True,True,32.16628635528396,4.984952898156905,1.0,0.0,0.9804841750435145
199,1767152358481,54.93969743190109,50.901781742588376,50.25048330378663,50.25048330378663,50.25048330378663,0.9866620302200317,0.9823788473946016,ok,True,True,39.28505463272467,4.037915689312712,1.0,0.0,0.9804841750435145
200,1767152358506,56.90861427553923,54.50588126235889,54.17710040845214,54.17710040845214,54.17710040845214,0.9635347127914429,0.9710723666327064,ok,True,True,42.87866790742028,2.402733013180338,1.0,0.0,0.9804841750435145
201,1767152358531,57.446496018326755,56.27025011593961,56.19615900647054,56.19615900647054,56.19615900647054,0.9686381816864014,0.9696118556649234,ok,True,True,43.68849242005335,1.1762459023871443,1.0,0.0,0.9804841750435145
202,1767152358557,56.28817204171501,56.28100327140485,56.43406461635291,56.43406461635291,56.43406461635291,0.9582926034927368,0.9628203043616115,ok,True,True,42.01551397404268,0.007168770310158834,1.0,0.0,0.9804841750435145
203,1767152358581,54.71448229777201,55.34109068722515,55.61938024058426,55.61938024058426,55.61938024058426,0.9556876420974731,0.9585407070031284,ok,True,True,38.97377652528141,0.6266083894531391,1.0,0.0,0.9804841750435145
204,1767152358695,50.8409785496655,52.641023404689356,53.11841783932942,53.11841783932942,53.11841783932942,0.968162477016449,0.9643137690111208,ok,True,True,33.75579937454921,1.800044855023856,1.0,0.0,0.9804841750435145
205,1767152358725,44.4985626583574,47.755546956890186,48.4796564252038,48.4796564252038,48.4796564252038,0.9566906094551086,0.9597398732775135,ok,True,True,25.841197970363012,3.2569842985327853,1.0,0.0,0.9804841750435145
206,1767152358749,37.36287637269849,41.51994460637516,42.3928277332798,42.3928277332798,42.3928277332798,0.9689319729804993,0.965255133099305,ok,True,True,16.30048302559308,4.157068233676675,1.0,0.0,0.9804841750435145
207,1767152358773,30.07083954070038,34.6504815669703,35.57521819954928,35.57521819954928,35.57521819954928,0.9589836001396179,0.9614922133234928,ok,True,True,6.193003177205176,4.579642026269919,1.0,0.0,0.9804841750435145
208,1767152358799,21.58713268482322,26.81247223768205,27.813490034629925,27.813490034629925,27.813490034629925,0.9711781144142151,0.9673037539779261,ok,True,True,-4.7482387494639795,5.225339552858831,1.0,0.0,0.9804841750435145
209,1767152358825,14.543478501007021,19.451075995677034,20.36671043608561,20.36671043608561,20.36671043608561,0.9687103629112244,0.968147719337905,ok,True,True,-14.756230579305614,4.9075974946700125,1.0,0.0,0.9804841750435145
210,1767152358854,7.528244896945539,12.297377336438137,13.143070205526524,13.143070205526524,13.143070205526524,0.95744389295578,0.96172542350863,ok,True,True,-23.99975283482425,4.769132439492598,1.0,0.0,0.9804841750435145
211,1767152358878,3.82265533652634,7.212544136491059,7.785144585213324,7.785144585213324,7.785144585213324,0.9820888042449951,0.9739434519504491,ok,True,True,-30.258342905412967,3.389888799964719,1.0,0.0,0.9804841750435145
212,1767152358902,1.9893583959159056,4.078632692145967,4.379735642234811,4.379735642234811,4.379735642234811,0.9794514775276184,0.9772482672967507,ok,True,True,-33.54943347038059,2.0892742962300614,1.0,0.0,0.9804841750435145
213,1767152358928,2.0332163219236374,2.851382870012569,2.897145769891397,2.897145769891397,2.897145769891397,0.9745534062385559,0.9756313506618338,ok,True,True,-34.049627334368026,0.8181665480889317,1.0,0.0,0.9804841750435145
214,1767152358952,2.701390186660481,2.761387260001316,2.649866903970156,2.649866903970156,2.649866903970156,0.9682255983352661,0.9711878992658932,ok,True,True,-32.830696760480684,0.05999707334083526,1.0,0.0,0.9804841750435145
215,1767152358978,3.833017784513752,3.4043655747087778,3.1980215040128863,3.1980215040128863,3.1980215040128863,0.9811975359916687,0.9771936813013584,ok,True,True,-30.575331860953344,0.4286522098049743,1.0,0.0,0.9804841750435145
216,1767152359007,5.333256566016855,4.561700169493625,4.295758152818078,4.295758152818078,4.295758152818078,0.9757822751998901,0.9763468376404775,ok,True,True,-27.66855441958872,0.7715563965232306,1.0,0.0,0.9804841750435145
217,1767152359040,8.331377720994864,6.823506700394368,6.438460870250513,6.438460870250513,6.438460870250513,0.9812126159667969,0.9792663046362691,ok,True,True,-23.45995832341573,1.5078710206004953,1.0,0.0,0.9804841750435145
218,1767152359074,12.816691203271084,10.419417402120398,9.887841139680752,9.887841139680752,9.887841139680752,0.9754807353019714,0.9769949630356904,ok,True,True,-17.649767410520816,2.3972738011506856,1.0,0.0,0.9804841750435145
219,1767152359107,19.610635104138264,15.934148023331119,15.193680598755797,15.193680598755797,15.193680598755797,0.9816421270370483,0.9797832614365052,ok,True,True,-9.556371587000482,3.6764870808071457,1.0,0.0,0.9804841750435145
220,1767152359140,27.15873877342486,22.668902473387366,21.79906815332735,21.79906815332735,21.79906815332735,0.9713547825813293,0.9747261741233997,ok,True,True,-0.04898041677879306,4.489836300037496,1.0,0.0,0.9804841750435145
221,1767152359178,37.59122380530406,31.622295272537386,30.525778069493988,30.525778069493988,30.525778069493988,0.9602158069610596,0.9660199538259956,ok,True,True,11.936081261398545,5.968928532766675,1.0,0.0,0.9804841750435145
222,1767152359207,45.82799059449951,40.14571246571466,39.116471016069454,39.116471016069454,39.116471016069454,0.976931631565094,0.9725669604694546,ok,True,True,23.185811063280575,5.682278128784851,1.0,0.0,0.9804841750435145
223,1767152359241,53.0122418748859,47.865630111217406,46.97542414917565,46.97542414917565,46.97542414917565,0.9688241481781006,0.9703212730946422,ok,True,True,32.91586667427697,5.146611763668496,1.0,0.0,0.9804841750435145
224,1767152359273,58.92901576092514,54.503661501042046,53.78591609739602,53.78591609739602,53.78591609739602,0.9697272777557373,0.9699648758912993,ok,True,True,40.76090814844822,4.425354259883093,1.0,0.0,0.9804841750435145
225,1767152359307,60.78049727470927,58.26976296524238,57.92097624160223,57.92097624160223,57.92097624160223,0.9504512548446655,0.958256703263319,ok,True,True,44.573187960994865,2.5107343094668906,1.0,0.0,0.9804841750435145
226,1767152359340,59.393963801571644,58.94428346703994,58.995897598276564,58.995897598276564,58.995897598276564,0.9685272574424744,0.9644190357708122,ok,True,True,44.00903945063973,0.4496803345317062,1.0,0.0,0.9804841750435145
227,1767152359374,57.91682356608153,58.327807526464895,58.56609366314297,58.56609366314297,58.56609366314297,0.9686311483383179,0.9669463033113157,ok,True,True,41.40454401817882,0.41098396038336205,1.0,0.0,0.9804841750435145
228,1767152359407,54.70530954847201,56.15430873966916,56.57751309778758,56.57751309778758,56.57751309778758,0.9641130566596985,0.9652463553203453,ok,True,True,36.778870728220504,1.448999191197153,1.0,0.0,0.9804841750435145
229,1767152359440,48.55678580652793,51.59579497978442,52.2886118312189,52.2886118312189,52.2886118312189,0.963650643825531,0.9642889284234568,ok,True,True,29.20630125143316,3.0390091732564954,1.0,0.0,0.9804841750435145
230,1767152359474,42.349627736038336,46.04809463353677,46.85322994159249,46.85322994159249,46.85322994159249,0.9625163078308105,0.9632253560678691,ok,True,True,20.406077864517577,3.6984668974984345,1.0,0.0,0.9804841750435145
231,1767152359506,34.851278760166615,39.33000510951468,40.24556008751872,40.24556008751872,40.24556008751872,0.9649919867515564,0.9642853344780815,ok,True,True,10.398954528506543,4.478726349348065,1.0,0.0,0.9804841750435145
232,1767152359544,25.395421403915222,30.969254886155007,32.04323621512069,32.04323621512069,32.04323621512069,0.9721114635467529,0.9689810119192844,ok,True,True,-1.339787413033882,5.573833482239785,1.0,0.0,0.9804841750435145
233,1767152359573,16.253041030790506,22.139526572936305,23.23985962788094,23.23985962788094,23.23985962788094,0.9736796021461487,0.971800166055403,ok,True,True,-13.366556812072035,5.886485542145799,1.0,0.0,0.9804841750435145
234,1767152359607,9.591142189552157,14.610495942905816,15.523861690409735,15.523861690409735,15.523861690409735,0.9628750085830688,0.9664450715720025,ok,True,True,-23.349751603241508,5.019353753353659,1.0,0.0,0.9804841750435145
235,1767152359640,5.414937714545474,9.09316100588961,9.724002284396356,9.724002284396356,9.724002284396356,0.9747415781021118,0.9714229754900681,ok,True,True,-30.24492079816343,3.6782232913441373,1.0,0.0,0.9804841750435145
236,1767152359676,3.3596039169757024,5.653026752541265,5.994856109240439,5.994856109240439,5.994856109240439,0.9776427745819092,0.9751548549451727,ok,True,True,-33.98115577615015,2.293422835565563,1.0,0.0,0.9804841750435145
237,1767152359706,1.8026159333496348,3.342780261026287,3.512351745567961,3.512351745567961,3.512351745567961,0.9793031215667725,0.9776438149181326,ok,True,True,-35.83459199927571,1.5401643276766523,1.0,0.0,0.9804841750435145
238,1767152359740,2.1129261339798857,2.6048677847984463,2.5728364766371152,2.5728364766371152,2.5728364766371152,0.978056788444519,0.9778915990339645,ok,True,True,-35.48448604259027,0.49194165081856056,1.0,0.0,0.9804841750435145
239,1767152359774,3.358718827130965,3.0571784101979578,2.871112897574307,2.871112897574307,2.871112897574307,0.9694005846977234,0.9727969904322198,ok,True,True,-33.45076815704877,0.30154041693300737,1.0,0.0,0.9804841750435145
240,1767152359807,4.420780662122543,3.875339761352709,3.638817629017566,3.638817629017566,3.638817629017566,0.9718613028526306,0.9722355778844662,ok,True,True,-30.86555349751697,0.545440900769834,1.0,0.0,0.9804841750435145
241,1767152359840,8.250225327438427,6.50027110100414,6.066088148356334,6.066088148356334,6.066088148356334,0.9724807739257812,0.9723826955092553,ok,True,True,-26.119882878676137,1.749954226434287,1.0,0.0,0.9804841750435145
242,1767152359873,12.225790279849132,9.935582608311135,9.40655073963169,9.40655073963169,9.40655073963169,0.9797441959381104,0.9767995957665683,ok,True,True,-20.337502478059587,2.2902076715379973,1.0,0.0,0.9804841750435145
243,1767152359907,19.09954744483234,15.433961510223856,14.685604065234312,14.685604065234312,14.685604065234312,0.9776560664176941,0.9773134781572437,ok,True,True,-12.157867792831453,3.665585934608483,1.0,0.0,0.9804841750435145
244,1767152359956,27.27870867874335,22.54080981133555,21.61888873992328,21.61888873992328,21.61888873992328,0.9648177623748779,0.9698160486878242,ok,True,True,-2.081162304859415,4.7378988674078,1.0,0.0,0.9804841750435145
245,1767152359980,35.32800309361745,30.213125780704686,29.246211582340823,29.246211582340823,29.246211582340823,0.9543573260307312,0.9605408150935685,ok,True,True,8.487323340307443,5.1148773129127605,1.0,0.0,0.9804841750435145
246,1767152360007,45.58689556919505,39.43738765379891,38.331561864185325,38.331561864185325,38.331561864185325,0.9713219404220581,0.9670094902906622,ok,True,True,20.574128977789794,6.149507915396143,1.0,0.0,0.9804841750435145
247,1767152360040,53.10914197087467,47.64044024404436,46.67805001511342,46.67805001511342,46.67805001511342,0.9691914916038513,0.9683186910785757,ok,True,True,31.09316710648975,5.468701726830304,1.0,0.0,0.9804841750435145
248,1767152360073,59.613092506183996,54.824031601328144,54.030561158420255,54.030561158420255,54.030561158420255,0.9703322052955627,0.9695267996087679,ok,True,True,39.76589215307572,4.789060904855852,1.0,0.0,0.9804841750435145
249,1767152360106,61.88129041141309,59.058386887379115,58.645186971365135,58.645186971365135,58.645186971365135,0.9596072435379028,0.9635750659662488,ok,True,True,44.282215719919066,2.8229035240339755,1.0,0.0,0.9804841750435145
250,1767152360140,61.50952393994014,60.52906911891573,60.48355510499033,60.48355510499033,60.48355510499033,0.958784818649292,0.9607009175760748,ok,True,True,44.77968923273531,0.9804548210244093,1.0,0.0,0.9804841750435145
251,1767152360173,61.27517628786763,60.97673342028686,61.0882815578749,61.0882815578749,61.0882815578749,0.9359927773475647,0.9458760334389686,ok,True,True,43.56045499983605,0.29844286758076777,1.0,0.0,0.9804841750435145
252,1767152360207,59.04165206467295,59.815684606918516,60.11976874850275,60.11976874850275,60.11976874850275,0.9454605579376221,0.9456267481381607,ok,True,True,40.23677965105173,0.7740325422455641,1.0,0.0,0.9804841750435145
253,1767152360240,52.65363680435092,55.51845592537796,56.181681270974444,56.181681270974444,56.181681270974444,0.9592156410217285,0.9537800838683014,ok,True,True,32.9876488006915,2.8648191210270397,1.0,0.0,0.9804841750435145
254,1767152360281,46.2007168711937,49.9278124928674,50.748505341876054,50.748505341876054,50.748505341876054,0.9638307094573975,0.959810459221759,ok,True,True,24.017379660711335,3.727095621673705,1.0,0.0,0.9804841750435145
255,1767152360310,37.069848413387234,42.2130340451793,43.254997016650044,43.254997016650044,43.254997016650044,0.954724907875061,0.9567591284137402,ok,True,True,12.62860211825928,5.143185631792065,1.0,0.0,0.9804841750435145
256,1767152360340,26.51973264220777,32.79705320339638,34.01120772479772,34.01120772479772,34.01120772479772,0.9601269364356995,0.9587798132269157,ok,True,True,-0.642249270017702,6.27732056118861,1.0,0.0,0.9804841750435145
257,1767152360373,17.512064092919413,23.6260597371102,24.782719381767187,24.782719381767187,24.782719381767187,0.973242461681366,0.9674574022995859,ok,True,True,-13.284674909069077,6.113995644190787,1.0,0.0,0.9804841750435145
258,1767152360407,9.897923525476767,15.389178010130141,16.38813549400895,16.38813549400895,16.38813549400895,0.9544560313224792,0.9596565797133219,ok,True,True,-24.203397426022278,5.491254484653375,1.0,0.0,0.9804841750435145
259,1767152360440,5.362349584160104,9.373080954548119,10.065964116863649,10.065964116863649,10.065964116863649,0.9767206311225891,0.9698950105588822,ok,True,True,-31.776691693409212,4.010731370388014,1.0,0.0,0.9804841750435145
260,1767152360473,3.651499650966093,5.9401321723989025,6.282385341301735,6.282385341301735,6.282385341301735,0.984337329864502,0.978560402142254,ok,True,True,-35.51755898969939,2.2886325214328096,1.0,0.0,0.9804841750435145
261,1767152360507,3.889163516288032,4.709550978732381,4.752956462035051,4.752956462035051,4.752956462035051,0.9771801233291626,0.9777322348543991,ok,True,True,-35.99198601542334,0.8203874624443488,1.0,0.0,0.9804841750435145
262,1767152360540,3.7282438373088054,4.1207666938782355,4.057425253471929,4.057425253471929,4.057425253471929,0.9720034003257751,0.9742949341372247,ok,True,True,-35.29965663925724,0.3925228565694301,1.0,0.0,0.9804841750435145
263,1767152360573,5.02978569600503,4.666178095154312,4.4669151341257045,4.4669151341257045,4.4669151341257045,0.9795904755592346,0.9774722589904307,ok,True,True,-33.12168909356516,0.36360760085071764,1.0,0.0,0.9804841750435145
264,1767152360607,7.3255075964708,6.261775795944205,5.9382381183772495,5.9382381183772495,5.9382381183772495,0.9669718742370605,0.9711720281384086,ok,True,True,-29.58538431362155,1.063731800526595,1.0,0.0,0.9804841750435145
265,1767152360640,10.912046825436173,9.051938413639386,8.59436560424054,8.59436560424054,8.59436560424054,0.9726857542991638,0.9720802638348618,ok,True,True,-24.584059814968143,1.8601084117967872,1.0,0.0,0.9804841750435145
266,1767152360673,15.876055977635591,13.14640895203711,12.546913850519374,12.546913850519374,12.546913850519374,0.9694876074790955,0.970524670021402,ok,True,True,-18.031508010177387,2.7296470255984815,1.0,0.0,0.9804841750435145
267,1767152360707,21.691280172332863,18.27333168421456,17.56714576756362,17.56714576756362,17.56714576756362,0.9799671769142151,0.9761901741570899,ok,True,True,-10.312813076786373,3.417948488118302,1.0,0.0,0.9804841750435145
268,1767152360740,28.64444254052965,24.495998198003612,23.68432807944715,23.68432807944715,23.68432807944715,0.9691018462181091,0.9719371773937014,ok,True,True,-1.441163438955753,4.148444342526037,1.0,0.0,0.9804841750435145
269,1767152360785,37.02534678567423,32.01360735060598,31.07864506651407,31.07864506651407,31.07864506651407,0.9557598233222961,0.9622307649508584,ok,True,True,8.778084035392657,5.01173943506825,1.0,0.0,0.9804841750435145
270,1767152360810,46.27830016868792,40.572423041455146,39.545513032437924,39.545513032437924,39.545513032437924,0.9619073271751404,0.9620367022854275,ok,True,True,20.002330932410388,5.705877127232775,1.0,0.0,0.9804841750435145
271,1767152360840,53.20963415227229,48.15474970794543,47.26831675815627,47.26831675815627,47.26831675815627,0.9829285144805908,0.9745717896025256,ok,True,True,29.691147088385087,5.054884444326859,1.0,0.0,0.9804841750435145
272,1767152360873,58.39163978376318,54.296883753436084,53.622908113522655,53.622908113522655,53.622908113522655,0.9708802700042725,0.9723568778435736,ok,True,True,37.057779917509386,4.094756030327098,1.0,0.0,0.9804841750435145
273,1767152360907,61.31855718493307,58.50988781233428,58.10233245930085,58.10233245930085,58.10233245930085,0.9541143774986267,0.9614113776366054,ok,True,True,41.512407749058696,2.808669372598793,1.0,0.0,0.9804841750435145
274,1767152360941,60.81487209523767,59.89287838207632,59.84747701164081,59.84747701164081,59.84747701164081,0.9658514261245728,0.9640754067293857,ok,True,True,42.00865005535494,0.9219937131613491,1.0,0.0,0.9804841750435145
275,1767152360973,60.33899836761166,60.16055037339752,60.28189051931103,60.28189051931103,60.28189051931103,0.9407569169998169,0.9500843128916444,ok,True,True,40.682388022361266,0.17844799421413882,1.0,0.0,0.9804841750435145
276,1767152361007,56.97581213569942,58.24970743077866,58.627859221510796,58.627859221510796,58.627859221510796,0.9632218480110168,0.9579668339632679,ok,True,True,36.54914457699325,1.2738952950792424,1.0,0.0,0.9804841750435145
277,1767152361042,50.56916400994467,53.64138137827827,54.333874815206904,54.333874815206904,54.333874815206904,0.9635210037231445,0.9612993358191939,ok,True,True,28.980110053564964,3.0722173683335967,1.0,0.0,0.9804841750435145
278,1767152361073,43.21736062408018,47.38696892575942,48.27010025105192,48.27010025105192,48.27010025105192,0.9669076800346375,0.9646643423484601,ok,True,True,19.327381040693115,4.16960830167924,1.0,0.0,0.9804841750435145
279,1767152361109,34.95171346819769,39.92581565122238,40.928993169379446,40.928993169379446,40.928993169379446,0.9580323696136475,0.9606851587075725,ok,True,True,8.3625330534766,4.974102183024691,1.0,0.0,0.9804841750435145
280,1767152361140,25.687443579312,31.382792408076153,32.47931988590122,32.47931988590122,32.47931988590122,0.957594633102417,0.9588308433444792,ok,True,True,-3.6226409466867757,5.695348828764153,1.0,0.0,0.9804841750435145
281,1767152361173,16.29127231421384,22.327880351758765,23.44736894541934,23.44736894541934,23.44736894541934,0.9749591946601868,0.9685078541339037,ok,True,True,-15.85878263721666,6.0366080375449265,1.0,0.0,0.9804841750435145
282,1767152361206,9.753056157772546,14.782985835367034,15.690988363217386,15.690988363217386,15.690988363217386,0.9529862403869629,0.9591948858857392,ok,True,True,-25.78335681247614,5.029929677594488,1.0,0.0,0.9804841750435145
283,1767152361240,5.741415173183815,9.358043438057102,9.968921018166082,9.968921018166082,9.968921018166082,0.968553364276886,0.9648099729204274,ok,True,True,-32.46032044400946,3.6166282648732873,1.0,0.0,0.9804841750435145
284,1767152361275,3.3582590401986336,5.758172799342021,6.107359922945593,6.107359922945593,6.107359922945593,0.9803016781806946,0.9741049960765876,ok,True,True,-36.2769766789391,2.3999137591433874,1.0,0.0,0.9804841750435145
285,1767152361307,3.4565557389943664,4.377202563133428,4.435341103582215,4.435341103582215,4.435341103582215,0.9736492037773132,0.973831520697023,ok,True,True,-36.912437748075085,0.920646824139062,1.0,0.0,0.9804841750435145
286,1767152361340,3.9067963451429293,4.094958832339129,3.995625531878574,3.995625531878574,3.995625531878574,0.9793440699577332,0.977139050253449,ok,True,True,-35.826713118178425,0.1881624871962,1.0,0.0,0.9804841750435145
287,1767152361373,4.184168559408311,4.148484668580639,3.998141598878555,3.998141598878555,3.998141598878555,0.979643702507019,0.9786418416055911,ok,True,True,-34.183445724937144,0.03568389082767265,1.0,0.0,0.9804841750435145
288,1767152361408,5.745863611754118,5.1069120344847265,4.855996453991273,4.855996453991273,4.855996453991273,0.9781891107559204,0.9783702030957887,ok,True,True,-31.440908987472273,0.6389515772693919,1.0,0.0,0.9804841750435145
289,1767152361440,7.765839794227627,6.702268690330467,6.379246012560364,6.379246012560364,6.379246012560364,0.9717148542404175,0.9743769937825659,ok,True,True,-27.910233215657822,1.0635711038971607,1.0,0.0,0.9804841750435145
290,1767152361474,11.70459880270523,9.703666757755324,9.228808117453102,9.228808117453102,9.228808117453102,0.9717025756835938,0.9727723429231827,ok,True,True,-22.71997255679041,2.0009320449499057,1.0,0.0,0.9804841750435145
291,1767152361506,16.163612472452108,13.579634186573394,13.009531022620969,13.009531022620969,13.009531022620969,0.9775360822677612,0.9756305865299298,ok,True,True,-16.488678078342137,2.5839782858787146,1.0,0.0,0.9804841750435145
292,1767152361540,22.884306567662296,19.162437615226736,18.41439248117447,18.41439248117447,18.41439248117447,0.9684750437736511,0.9713372608761626,ok,True,True,-8.3124569868209,3.7218689524355604,1.0,0.0,0.9804841750435145
293,1767152361573,29.723798111513528,25.49925391299881,24.67761394309897,24.67761394309897,24.67761394309897,0.9639726281166077,0.9669184812204297,ok,True,True,0.6681642962041039,4.224544198514717,1.0,0.0,0.9804841750435145
294,1767152361607,38.53340194502697,33.3197427322157,32.35771158958343,32.35771158958343,32.35771158958343,0.9656028151512146,0.9661290815789005,ok,True,True,11.183277570830514,5.213659212811265,1.0,0.0,0.9804841750435145
295,1767152361640,47.603061267466856,41.889733853366394,40.86750336988425,40.86750336988425,40.86750336988425,0.9756131768226624,0.9718195387251576,ok,True,True,22.356376704795903,5.713327414100462,1.0,0.0,0.9804841750435145
296,1767152361673,54.25168376103415,49.306903797967045,48.44818321205984,48.44818321205984,48.44818321205984,0.9725776314735413,0.9722743943741878,ok,True,True,31.742293471860144,4.944779963067106,1.0,0.0,0.9804841750435145
297,1767152361706,58.409456527391015,54.76843543562143,54.181142957216274,54.181142957216274,54.181142957216274,0.9539072513580322,0.9612541085644944,ok,True,True,38.16146917429278,3.6410210917695878,1.0,0.0,0.9804841750435145
298,1767152361740,60.078839426625414,57.95467783022382,57.675496001798834,57.675496001798834,57.675496001798834,0.9570070505142212,0.9587058737343306,ok,True,True,41.21295931844248,2.124161596401592,1.0,0.0,0.9804841750435145
299,1767152361773,59.517818906468335,58.892562475970536,58.91005106851505,58.91005106851505,58.91005106851505,0.9553182125091553,0.9566732769992254,ok,True,True,41.021806949802624,0.6252564304977994,1.0,0.0,0.9804841750435145
300,1767152361807,58.87885300660782,58.884336794352905,59.03981654086918,59.03981654086918,59.03981654086918,0.9598485231399536,0.9585784246836624,ok,True,True,39.32239507623619,0.005483787745085067,1.0,0.0,0.9804841750435145
301,1767152361840,58.096094490997416,58.41139141233961,58.62781537118633,58.62781537118633,58.62781537118633,0.968026340007782,0.9642471738781342,ok,True,True,36.95685581064521,0.31529692134219545,1.0,0.0,0.9804841750435145
302,1767152361873,54.60457023159826,56.1272987038948,56.54385974370005,56.54385974370005,56.54385974370005,0.9555742740631104,0.9590434339891198,ok,True,True,32.403794765898866,1.5227284722965422,1.0,0.0,0.9804841750435145
303,1767152361913,49.594191567273256,52.207434421921874,52.81195625387106,52.81195625387106,52.81195625387106,0.9649080038070679,0.9625621758798887,ok,True,True,25.79630020751781,2.613242854648618,1.0,0.0,0.9804841750435145
304,1767152361951,42.086462937981985,46.13485153155794,46.97602686917021,46.97602686917021,46.97602686917021,0.9662021994590759,0.964746190027401,ok,True,True,16.602155063087473,4.048388593575957,1.0,0.0,0.9804841750435145
305,1767152361980,32.168899038957015,37.75528003599739,38.8461379243535,38.8461379243535,38.8461379243535,0.9613563418388367,0.9627122811142623,ok,True,True,4.678950341034206,5.586380997040372,1.0,0.0,0.9804841750435145
306,1767152362007,21.60534599468018,28.065319611207066,29.285934592477766,29.285934592477766,29.285934592477766,0.9780778884887695,0.9719316455389667,ok,True,True,-8.662514632399093,6.459973616526884,1.0,0.0,0.9804841750435145
307,1767152362040,13.727281980742838,19.46249703292853,20.526629103231492,20.526629103231492,20.526629103231492,0.9684299826622009,0.9698306478129073,ok,True,True,-20.29360302709918,5.735215052185691,1.0,0.0,0.9804841750435145
308,1767152362074,6.686512959927018,11.796906589127623,12.695702934946848,12.695702934946848,12.695702934946848,0.9692367911338806,0.9694743338054913,ok,True,True,-30.117552552538157,5.110393629200605,1.0,0.0,0.9804841750435145
309,1767152362106,4.032496345105594,7.138260442714405,7.646462858100706,7.646462858100706,7.646462858100706,0.9825782775878906,0.9773367000749309,ok,True,True,-35.67226458567489,3.1057640976088114,1.0,0.0,0.9804841750435145
310,1767152362142,3.098588622827999,4.714457350782562,4.908979490608438,4.908979490608438,4.908979490608438,0.977358341217041,0.977349684760197,ok,True,True,-37.7984143993884,1.6158687279545627,1.0,0.0,0.9804841750435145
311,1767152362173,2.4712725743654262,3.3685464849322804,3.3998505010591296,3.3998505010591296,3.3998505010591296,0.9863572716712952,0.9827542369068559,ok,True,True,-38.1405709688985,0.8972739105668541,1.0,0.0,0.9804841750435145
312,1767152362206,3.0045736898396,3.150162807876672,3.0361384948751335,3.0361384948751335,3.0361384948751335,0.9781151413917542,0.9799707795977949,ok,True,True,-36.89427184806806,0.1455891180370723,1.0,0.0,0.9804841750435145
313,1767152362240,4.235078467490671,3.8011122036450713,3.5784816859096287,3.5784816859096287,3.5784816859096287,0.9802404642105103,0.9801325903654241,ok,True,True,-34.46089416553845,0.43396626384559944,1.0,0.0,0.9804841750435145
314,1767152362273,4.649426956234137,4.310101055198511,4.100245778969466,4.100245778969466,4.100245778969466,0.9785480499267578,0.9791818661022242,ok,True,True,-32.16715137173296,0.3393259010356262,1.0,0.0,0.9804841750435145
315,1767152362307,6.795310042789862,5.801226447753322,5.491717461820198,5.491717461820198,5.491717461820198,0.9783210754394531,0.9786653917045616,ok,True,True,-28.78418183739869,0.9940835950365399,1.0,0.0,0.9804841750435145
316,1767152362340,9.515788858679745,8.029963894309176,7.63959606121012,7.63959606121012,7.63959606121012,0.9739819765090942,0.9758553425872811,ok,True,True,-24.51741561548498,1.4858249643705683,1.0,0.0,0.9804841750435145
317,1767152362373,13.92755367379295,11.56851776199944,11.038814953010405,11.038814953010405,11.038814953010405,0.9710500240325928,0.9729721514544681,ok,True,True,-18.727701757392197,2.3590359117935105,1.0,0.0,0.9804841750435145
318,1767152362406,19.330050128683226,16.225437182009713,15.576905918708137,15.576905918708137,15.576905918708137,0.9691601991653442,0.9706849800809938,ok,True,True,-11.639178950216861,3.1046129466735124,1.0,0.0,0.9804841750435145
319,1767152362439,27.637578126764417,23.072721748862534,22.192840524178585,22.192840524178585,22.192840524178585,0.9563813209533691,0.962102784604419,ok,True,True,-2.021973918302635,4.564856377901883,1.0,0.0,0.9804841750435145
320,1767152362473,37.98707161735786,32.02133166995973,30.91688701141928,30.91688701141928,30.91688701141928,0.9339468479156494,0.9452092225911572,ok,True,True,10.049735796155046,5.965739947398134,1.0,0.0,0.9804841750435145
321,1767152362506,47.50825894935684,41.313488037598,40.19054801644023,40.19054801644023,40.19054801644023,0.9446362257003784,0.94486542445669,ok,True,True,22.32360199428397,6.1947709117588445,1.0,0.0,0.9804841750435145
322,1767152362540,55.45135407753577,49.79620766156066,48.807203157597264,48.807203157597264,48.807203157597264,0.9757252931594849,0.963381345678367,ok,True,True,33.13353727335462,5.655146415975111,1.0,0.0,0.9804841750435145
323,1767152362573,60.80053823762225,56.39880600719761,55.674798389736694,55.674798389736694,55.674798389736694,0.9710086584091187,0.9679577333168179,ok,True,True,41.04702548796075,4.401732230424642,1.0,0.0,0.9804841750435145
324,1767152362606,62.424735576081815,60.014363748528126,59.68274418179124,59.68274418179124,59.68274418179124,0.9470573663711548,0.95541751314942,ok,True,True,44.67166626495761,2.410371827553689,1.0,0.0,0.9804841750435145
325,1767152362640,60.743174070477295,60.451649941697625,60.532023264172956,60.532023264172956,60.532023264172956,0.9568147659301758,0.9562558648178734,ok,True,True,43.79317641921836,0.2915241287796704,1.0,0.0,0.9804841750435145
326,1767152362673,60.047855534722956,60.209373297512826,60.40830305217169,60.40830305217169,60.40830305217169,0.9388378858566284,0.9458050774411264,ok,True,True,41.618850858185944,0.1615177627898703,1.0,0.0,0.9804841750435145
327,1767152362707,56.35058811777895,57.894102189672495,58.32953408886492,58.32953408886492,58.32953408886492,0.9579510688781738,0.9530926723033548,ok,True,True,36.85952910600987,1.5435140718935472,1.0,0.0,0.9804841750435145
328,1767152362740,51.50666956496776,54.06164261484965,54.67509191283121,54.67509191283121,54.67509191283121,0.9704174399375916,0.9634875328838968,ok,True,True,30.1544562963336,2.5549730498818946,1.0,0.0,0.9804841750435145
329,1767152362773,44.7078346806079,48.44935785430461,49.25637060838444,49.25637060838444,49.25637060838444,0.9580182433128357,0.9602059591412602,ok,True,True,21.33371219857886,3.741523173696706,1.0,0.0,0.9804841750435145
330,1767152362806,37.017392471744905,41.59017862476879,42.525140648941104,42.525140648941104,42.525140648941104,0.9524021744728088,0.9555236883401894,ok,True,True,11.114467565021272,4.572786153023884,1.0,0.0,0.9804841750435145
331,1767152362842,28.938482031092033,33.99916066856274,34.99206276410063,34.99206276410063,34.99206276410063,0.9386272430419922,0.9453858211612711,ok,True,True,0.26193115269343004,5.060678637470705,1.0,0.0,0.9804841750435145
332,1767152362874,19.738766227505632,25.442924003928475,26.509643414840646,26.509643414840646,26.509643414840646,0.9650025367736816,0.9571558505287174,ok,True,True,-11.397437178470987,5.704157776422843,1.0,0.0,0.9804841750435145
333,1767152362907,11.57708839169651,17.123422636589297,18.128584022192424,18.128584022192424,18.128584022192424,0.963901937007904,0.9612035024162294,ok,True,True,-22.38396906972895,5.546334244892787,1.0,0.0,0.9804841750435145
334,1767152362940,6.620895617346718,10.82190642504375,11.554105247545625,11.554105247545625,11.554105247545625,0.9569719433784485,0.958664566993561,ok,True,True,-30.386988116597283,4.201010807697032,1.0,0.0,0.9804841750435145
335,1767152362973,3.496499728740629,6.426662407261878,6.885871753045948,6.885871753045948,6.885871753045948,0.9740312099456787,0.9678845527648317,ok,True,True,-35.406200150089,2.9301626785212487,1.0,0.0,0.9804841750435145
336,1767152363006,2.2906280359891964,3.945041784498269,4.141538607081061,4.141538607081061,4.141538607081061,0.9757351875305176,0.9725949336242432,ok,True,True,-37.55393347804743,1.6544137485090724,1.0,0.0,0.9804841750435145
337,1767152363040,2.4300986545751773,3.036075906544414,3.0197439752851043,3.0197439752851043,3.0197439752851043,0.979682445526123,0.9768474407653711,ok,True,True,-37.37542355297846,0.6059772519692368,1.0,0.0,0.9804841750435145
338,1767152363073,3.2951130523796133,3.1914981940455336,3.033284779262016,3.033284779262016,3.033284779262016,0.9738408327102661,0.9750434759323081,ok,True,True,-35.64613236447843,0.10361485833407968,1.0,0.0,0.9804841750435145
339,1767152363106,4.655996162029818,4.070196974836104,3.821859727414047,3.821859727414047,3.821859727414047,0.9773833751678467,0.9764474154736312,ok,True,True,-32.93177711002087,0.5857991871937136,1.0,0.0,0.9804841750435145
340,1767152363140,7.128879714859411,5.905406618850089,5.550356224415717,5.550356224415717,5.550356224415717,0.9708960652351379,0.9731166053305352,ok,True,True,-29.051034636894094,1.2234730960093225,1.0,0.0,0.9804841750435145
341,1767152363173,10.613696832383184,8.730380746969946,8.26739362426984,8.26739362426984,8.26739362426984,0.9685056209564209,0.9703500147060666,ok,True,True,-23.990531058422015,1.883316085413238,1.0,0.0,0.9804841750435145
342,1767152363207,15.789133258078401,12.965632253635018,12.352028877022077,12.352028877022077,12.352028877022077,0.9823222756385803,0.9775333712655748,ok,True,True,-17.283774151224716,2.823501004443383,1.0,0.0,0.9804841750435145
343,1767152363250,22.400570483493414,18.626595191550056,17.862014127346697,17.862014127346697,17.862014127346697,0.9762402176856995,0.9767574791176495,ok,True,True,-8.926813402795243,3.7739752919433585,1.0,0.0,0.9804841750435145
344,1767152363282,30.068103808453007,25.491500361691827,24.606791243015156,24.606791243015156,24.606791243015156,0.9767160415649414,0.9767326165860246,ok,True,True,0.7431610769704768,4.57660344676118,1.0,0.0,0.9804841750435145
345,1767152363306,38.114806174496096,33.06548384937439,32.12420436218953,32.12420436218953,32.12420436218953,0.9624843001365662,0.9681836267163495,ok,True,True,11.031456322552817,5.049322325121707,1.0,0.0,0.9804841750435145
346,1767152363340,45.17380574717883,40.33047698805706,39.4556438375278,39.4556438375278,39.4556438375278,0.9799003005027771,0.9752136309882061,ok,True,True,20.5934853116116,4.843328759121775,1.0,0.0,0.9804841750435145
347,1767152363373,51.08666569695662,46.7841902133968,46.04288971392674,46.04288971392674,46.04288971392674,0.9854968190193176,0.981383543806873,ok,True,True,28.69598675574204,4.3024754835598245,1.0,0.0,0.9804841750435145
348,1767152363406,55.81762609516737,52.20425174245914,51.62335951567994,51.62335951567994,51.62335951567994,0.9649747610092163,0.971538274128279,ok,True,True,35.04520695689851,3.6133743527082274,1.0,0.0,0.9804841750435145
349,1767152363440,59.01311653818516,56.289570619894754,55.89916725370922,55.89916725370922,55.89916725370922,0.9706737399101257,0.971019553597387,ok,True,True,39.31236155961762,2.723545918290405,1.0,0.0,0.9804841750435145
350,1767152363473,59.85603242655442,58.42944770389056,58.29330258719278,58.29330258719278,58.29330258719278,0.9668052792549133,0.9684909889919028,ok,True,True,40.80044366052499,1.4265847226638613,1.0,0.0,0.9804841750435145
351,1767152363506,59.569343779572684,59.11338534929983,59.17364521739383,59.17364521739383,59.17364521739383,0.9640048146247864,0.965799284371633,ok,True,True,40.141796231305975,0.455958430272851,1.0,0.0,0.9804841750435145
352,1767152363540,59.03049648422727,59.06365203025629,59.22526401507066,59.22526401507066,59.22526401507066,0.9475542902946472,0.9548522879254415,ok,True,True,38.375358273577284,0.03315554602902182,1.0,0.0,0.9804841750435145
353,1767152363573,54.96285919861726,56.60317633127287,57.038582605838734,57.038582605838734,57.038582605838734,0.9675897359848022,0.962494756761058,ok,True,True,33.61631660157598,1.6403171326556105,1.0,0.0,0.9804841750435145
354,1767152363606,47.71799075853968,51.27206498763296,52.04070510789587,52.04070510789587,52.04070510789587,0.9539558291435242,0.9573714001905377,ok,True,True,25.214989894121967,3.554074229093281,1.0,0.0,0.9804841750435145
355,1767152363648,40.77253556879609,44.97234733633084,45.855026418752956,45.855026418752956,45.855026418752956,0.9645901322364807,0.9617026394181034,ok,True,True,15.567203948824877,4.199811767534754,1.0,0.0,0.9804841750435145
356,1767152363683,32.45430028252823,37.46151910404927,38.45620153148929,38.45620153148929,38.45620153148929,0.942700982093811,0.950301645023528,ok,True,True,4.695208299900495,5.007218821521043,1.0,0.0,0.9804841750435145
357,1767152363713,23.452827362153034,29.05630405891153,30.12285992374177,30.12285992374177,30.12285992374177,0.9663342833518982,0.9599212280205501,ok,True,True,-6.962372453398183,5.603476696758495,1.0,0.0,0.9804841750435145
358,1767152363746,16.282421415766464,21.39197447302449,22.340495630391782,22.340495630391782,22.340495630391782,0.972278356552124,0.9673355051394945,ok,True,True,-17.329820003819258,5.109553057258026,1.0,0.0,0.9804841750435145
359,1767152363773,9.856956509806064,14.470963695093435,15.284783174526979,15.284783174526979,15.284783174526979,0.9525735974311829,0.9584783605145075,ok,True,True,-26.22496240839836,4.61400718528737,1.0,0.0,0.9804841750435145
360,1767152363808,5.958434605244088,9.363446241183826,9.926742869381275,9.926742869381275,9.926742869381275,0.9725792407989502,0.9669388886851731,ok,True,True,-32.38186065237155,3.405011635939738,1.0,0.0,0.9804841750435145
361,1767152363839,4.628357220060066,6.52239282850957,6.781872644105168,6.781872644105168,6.781872644105168,0.9759193658828735,0.9723271750037934,ok,True,True,-35.21800548444576,1.8940356084495047,1.0,0.0,0.9804841750435145
362,1767152363873,3.6787592687166724,4.816212692633831,4.904574427464706,4.904574427464706,4.904574427464706,0.9705655574798584,0.9712702044894324,ok,True,True,-36.18380961459926,1.137453423917159,1.0,0.0,0.9804841750435145
363,1767152363906,2.410224364425166,3.3726196957086323,3.408984156316014,3.408984156316014,3.408984156316014,0.9697988033294678,0.9703873637934537,ok,True,True,-36.581277436079176,0.9623953312834663,1.0,0.0,0.9804841750435145
364,1767152363940,1.794828292183277,2.4259448535934194,2.3995681758772616,2.3995681758772616,2.3995681758772616,0.9748885631561279,0.9730880834110582,ok,True,True,-36.29297725357652,0.6311165614101424,1.0,0.0,0.9804841750435145
365,1767152363973,2.3428885681852782,2.3761110823485345,2.243711429823299,2.243711429823299,2.243711429823299,0.9595280289649963,0.9649520507434212,ok,True,True,-34.845833515571485,0.03322251416325628,1.0,0.0,0.9804841750435145
366,1767152364006,3.635631254464016,3.131823185617823,2.903070301514319,2.903070301514319,2.903070301514319,0.9584882855415344,0.9610737916222891,ok,True,True,-32.34553765023393,0.503808068846193,1.0,0.0,0.9804841750435145
367,1767152364039,5.482721803044383,4.54236235607376,4.239074579114449,4.239074579114449,4.239074579114449,0.9642325639724731,0.9629690550323995,ok,True,True,-29.030566659985478,0.9403594469706231,1.0,0.0,0.9804841750435145
368,1767152364073,9.142131513447579,7.30222385049805,6.852356898714382,6.852356898714382,6.852356898714382,0.9536683559417725,0.9573886355780232,ok,True,True,-24.11346808916362,1.8399076629495283,1.0,0.0,0.9804841750435145
369,1767152364107,14.884784088213042,11.851759993127047,11.204087383706806,11.204087383706806,11.204087383706806,0.9598301649093628,0.958853553176827,ok,True,True,-17.034330469665477,3.0330240950859952,1.0,0.0,0.9804841750435145
370,1767152364149,23.782891158863556,19.010438692568954,18.075828607902885,18.075828607902885,18.075828607902885,0.9739503860473633,0.9679116528991487,ok,True,True,-6.818932576207558,4.772452466294602,1.0,0.0,0.9804841750435145
371,1767152364178,32.48697963874366,27.09636326027378,26.064246005796097,26.064246005796097,26.064246005796097,0.972467303276062,0.9706450431252968,ok,True,True,4.4622301248776015,5.390616378469883,1.0,0.0,0.9804841750435145
372,1767152364206,39.798574657375795,34.71769009853499,33.76851082953486,33.76851082953486,33.76851082953486,0.9628710746765137,0.965980662056027,ok,True,True,14.836870912669058,5.080884558840808,1.0,0.0,0.9804841750435145
373,1767152364239,46.22839604452004,41.62411366612602,40.80257446101592,40.80257446101592,40.80257446101592,0.967030942440033,0.9666108302864305,ok,True,True,23.816390824733062,4.604282378394018,1.0,0.0,0.9804841750435145
374,1767152364273,51.29790905567948,47.4283908998581,46.777509452437556,46.777509452437556,46.777509452437556,0.9644845724105835,0.9653350755609222,ok,True,True,30.930601420102725,3.869518155821382,1.0,0.0,0.9804841750435145
375,1767152364306,55.883180217044476,52.50126449016993,51.97752524596538,51.97752524596538,51.97752524596538,0.9683994650840759,0.9671737092748145,ok,True,True,36.65513281533154,3.3819157268745457,1.0,0.0,0.9804841750435145
376,1767152364340,57.377413031744,55.42695361511437,55.17834025336414,55.17834025336414,55.17834025336414,0.9696220755577087,0.9686427290445511,ok,True,True,39.372506031795595,1.9504594166296272,1.0,0.0,0.9804841750435145
377,1767152364477,58.340091921312215,57.17483659883308,57.09848895308238,57.09848895308238,57.09848895308238,0.9719069004058838,0.9706012318613506,ok,True,True,40.20699475855792,1.1652553224791333,1.0,0.0,0.9804841750435145
378,1767152364508,57.951198386609924,57.64065367149919,57.729723214644125,57.729723214644125,57.729723214644125,0.9629539847373962,0.9660128835869779,ok,True,True,39.23345420047682,0.310544715110737,1.0,0.0,0.9804841750435145
379,1767152364539,57.08393103283707,57.30662008830191,57.49979791924331,57.49979791924331,57.49979791924331,0.9384628534317017,0.9494828654938122,ok,True,True,37.12199784061246,0.22268905546484064,1.0,0.0,0.9804841750435145
380,1767152364566,53.64547768010223,55.109934643382104,55.514760420422576,55.514760420422576,55.514760420422576,0.9515116214752197,0.9507001190826567,ok,True,True,32.69720459490904,1.464456963279872,1.0,0.0,0.9804841750435145
381,1767152364593,46.036337295548684,49.665776234682056,50.440200858768705,50.440200858768705,50.440200858768705,0.966912567615509,0.9604275882023681,ok,True,True,24.23265258190216,3.6294389391333723,1.0,0.0,0.9804841750435145
382,1767152364640,37.921287602014594,42.619083055081575,43.582120468203016,43.582120468203016,43.582120468203016,0.9700641632080078,0.9662095332057519,ok,True,True,13.706540652736644,4.6977954530669805,1.0,0.0,0.9804841750435145
383,1767152364663,30.09705889051656,35.105868556342564,36.10286374592492,36.10286374592492,36.10286374592492,0.9535014033317566,0.9585846552813547,ok,True,True,2.8092662422146955,5.0088096658260035,1.0,0.0,0.9804841750435145
384,1767152364688,21.045520920547162,26.669659974865326,27.732916929067173,27.732916929067173,27.732916929067173,0.9455797672271729,0.9507817224488456,ok,True,True,-8.812257030818246,5.624139054318164,1.0,0.0,0.9804841750435145
385,1767152364716,13.53916590471623,18.79136353277587,19.75651461542227,19.75651461542227,19.75651461542227,0.9430047273635864,0.9461155253976902,ok,True,True,-19.361471615911647,5.252197628059639,1.0,0.0,0.9804841750435145
386,1767152364746,8.244558453497447,12.463280485208816,13.20522326582549,13.20522326582549,13.20522326582549,0.9676153063774109,0.9590153939855226,ok,True,True,-27.470993268340543,4.218722031711369,1.0,0.0,0.9804841750435145
387,1767152364770,5.644716233977934,8.372141934470287,8.80934677545645,8.80934677545645,8.80934677545645,0.9506099224090576,0.9539721110396435,ok,True,True,-32.249693482361245,2.7274257004923532,1.0,0.0,0.9804841750435145
388,1767152364797,3.4025939951486586,5.39041317087731,5.652012295527995,5.652012295527995,5.652012295527995,0.9682225584983826,0.962522379514887,ok,True,True,-35.10900261108936,1.9878191757286516,1.0,0.0,0.9804841750435145
389,1767152364825,2.60048419702377,3.716455786565186,3.8018632985731613,3.8018632985731613,3.8018632985731613,0.9726530909538269,0.968600806378251,ok,True,True,-36.042516739137184,1.1159715895414162,1.0,0.0,0.9804841750435145
390,1767152364852,2.4249605356063775,2.9415586359899013,2.9034882919783986,2.9034882919783986,2.9034882919783986,0.972428023815155,0.9708971368403934,ok,True,True,-35.626403411880204,0.5165981003835238,1.0,0.0,0.9804841750435145
391,1767152364882,3.1436247528498287,3.062798306105858,2.912480472036986,2.912480472036986,2.912480472036986,0.9684475660324097,0.9694273943556032,ok,True,True,-33.98341184706635,0.08082644674397077,1.0,0.0,0.9804841750435145
392,1767152364909,3.2887220140202116,3.1983525308544705,3.040021841944752,3.040021841944752,3.040021841944752,0.9654117822647095,0.9670180271010669,ok,True,True,-32.25283883860585,0.09036948316574112,1.0,0.0,0.9804841750435145
393,1767152364934,5.184314336624854,4.3899296143167,4.119283833777192,4.119283833777192,4.119283833777192,0.9686058163642883,0.9679707006589998,ok,True,True,-29.294648699469498,0.7943847223081537,1.0,0.0,0.9804841750435145
394,1767152364960,8.807125007214495,7.040246850055377,6.605266352404728,6.605266352404728,6.605266352404728,0.9575724005699158,0.9617317206055495,ok,True,True,-24.54026081911257,1.766878157159118,1.0,0.0,0.9804841750435145
395,1767152365113,12.172253838915832,10.11945104337165,9.635950548709424,9.635950548709424,9.635950548709424,0.9560557007789612,0.9583261087095964,ok,True,True,-19.255543678035387,2.052802795544183,1.0,0.0,0.9804841750435145
396,1767152365147,17.49425884396489,14.544335723727594,13.924893811026172,13.924893811026172,13.924893811026172,0.958554744720459,0.958463290316114,ok,True,True,-12.484970886291379,2.9499231202372957,1.0,0.0,0.9804841750435145
397,1767152365174,23.84668084838784,20.125742798523742,19.387241630989653,19.387241630989653,19.387241630989653,0.9696119427680969,0.9651524817873038,ok,True,True,-4.413066468697357,3.720938049864099,1.0,0.0,0.9804841750435145
398,1767152365199,32.22406197616343,27.384734305107557,26.47574541469812,26.47574541469812,26.47574541469812,0.9525262713432312,0.9575767555208603,ok,True,True,5.522288765119672,4.839327671055877,1.0,0.0,0.9804841750435145
399,1767152365226,49.092621497466574,40.40946662052296,38.874918292118195,38.874918292118195,38.874918292118195,0.9377543330192566,0.945683302019898,ok,True,True,22.29508205997948,8.683154876943611,1.0,0.0,0.9804841750435145
400,1767152365250,55.68925933099719,49.577342246807504,48.46582572969286,48.46582572969286,48.46582572969286,0.9611493945121765,0.9549629575152652,ok,True,True,34.44408801847342,6.111917084189685,1.0,0.0,0.9804841750435145
401,1767152365278,59.195508266904234,55.34824185886554,54.7082595442728,54.7082595442728,54.7082595442728,0.973413348197937,0.9660331919248683,ok,True,True,41.43916981312035,3.847266408038692,1.0,0.0,0.9804841750435145
402,1767152365303,60.06371243655173,58.177524205477255,57.94449462438436,57.94449462438436,57.94449462438436,0.978822648525238,0.9737068658850901,ok,True,True,43.98621047838372,1.8861882310744775,1.0,0.0,0.9804841750435145
403,1767152365331,60.113593571372995,59.3391658250147,59.34714967961628,59.34714967961628,59.34714967961628,0.9783232808113098,0.976476714840822,ok,True,True,43.89894601075522,0.7744277463582918,1.0,0.0,0.9804841750435145
404,1767152365355,59.156960879964934,59.22984285798484,59.406248489518944,59.406248489518944,59.406248489518944,0.9821959137916565,0.9799082342113227,ok,True,True,41.97081175847881,0.07288197801990748,1.0,0.0,0.9804841750435145
405,1767152365380,56.88275700793226,57.821591347953294,58.15458959122644,58.15458959122644,58.15458959122644,0.9698706865310669,0.9738857056031692,ok,True,True,38.33110188516507,0.9388343400210317,1.0,0.0,0.9804841750435145
406,1767152365409,52.11715741170701,54.39893098620553,54.96068638379522,54.96068638379522,54.96068638379522,0.9545522332191467,0.9622856221727558,ok,True,True,32.19104947258414,2.2817735744985157,1.0,0.0,0.9804841750435145
407,1767152365439,46.045406592788915,49.386816350155556,50.12865346998762,50.12865346998762,50.12865346998762,0.9583229422569275,0.9599080142232588,ok,True,True,24.082682704929397,3.341409757366641,1.0,0.0,0.9804841750435145
408,1767152365474,38.779589110607,43.02248000642642,43.90516713779286,43.90516713779286,43.90516713779286,0.9542649388313293,0.9565221689881012,ok,True,True,14.434808783726384,4.242890895819421,1.0,0.0,0.9804841750435145
409,1767152365510,29.76193169021374,35.06615101669881,36.10634232536029,36.10634232536029,36.10634232536029,0.963092565536499,0.9604644069171399,ok,True,True,3.065395722994934,5.304219326485072,1.0,0.0,0.9804841750435145
410,1767152365537,21.606070159098607,26.99010250213869,28.0189371084371,28.0189371084371,28.0189371084371,0.9668984413146973,0.9643248275556744,ok,True,True,-8.179887248301632,5.384032343040083,1.0,0.0,0.9804841750435145
411,1767152365561,13.495060843232368,18.893077506794896,19.881150891391997,19.881150891391997,19.881150891391997,0.9464097619056702,0.9535757881656719,ok,True,True,-18.97964528344141,5.398016663562528,1.0,0.0,0.9804841750435145
412,1767152365588,8.03790721676124,12.379975332774702,13.146546182370432,13.146546182370432,13.146546182370432,0.9641574025154114,0.9599247567755156,ok,True,True,-27.35835461969298,4.342068116013461,1.0,0.0,0.9804841750435145
413,1767152365613,4.335541912205013,7.553315280432889,8.075776715939817,8.075776715939817,8.075776715939817,0.9762791395187378,0.9697373864214489,ok,True,True,-33.06891941591751,3.217773368227876,1.0,0.0,0.9804841750435145
414,1767152365639,3.8991351453829624,5.360807199402933,5.540791733433997,5.540791733433997,5.540791733433997,0.9731543660163879,0.9717875741784123,ok,True,True,-35.03617149243759,1.4616720540199704,1.0,0.0,0.9804841750435145
415,1767152365673,2.8435907901571778,3.8504773538554797,3.9087852227094,3.9087852227094,3.9087852227094,0.9745889902114868,0.973468423798257,ok,True,True,-35.67348334091307,1.006886563698302,1.0,0.0,0.9804841750435145
416,1767152365706,3.4702171582212533,3.622321236474944,3.5215794850735938,3.5215794850735938,3.5215794850735938,0.9700078368186951,0.9713920716105199,ok,True,True,-34.57236417696107,0.15210407825369066,1.0,0.0,0.9804841750435145
417,1767152365741,3.2132537364147176,3.376880736438808,3.2644134757376637,3.2644134757376637,3.2644134757376637,0.9746589064598083,0.9733521725200929,ok,True,True,-33.34308382047963,0.16362700002409047,1.0,0.0,0.9804841750435145
418,1767152365773,4.532192783163019,4.070067964473335,3.856108388150586,3.856108388150586,3.856108388150586,0.9736334681510925,0.9735209498986928,ok,True,True,-31.00448054504687,0.46212481868968425,1.0,0.0,0.9804841750435145
419,1767152365806,5.521958870382187,4.941202508018646,4.704755784145397,4.704755784145397,4.704755784145397,0.9765589833259583,0.975343769955052,ok,True,True,-28.420090108223334,0.580756362363541,1.0,0.0,0.9804841750435145
420,1767152365839,8.148917024235926,6.865831217749014,6.518912579745082,6.518912579745082,6.518912579745082,0.9648494124412537,0.969047155446773,ok,True,True,-24.628228687069427,1.2830858064869117,1.0,0.0,0.9804841750435145
421,1767152365873,12.413452316280065,10.194403876867645,9.692573273858834,9.692573273858834,9.692573273858834,0.9718449711799622,0.9707258448866865,ok,True,True,-19.143161310891312,2.21904843941242,1.0,0.0,0.9804841750435145
422,1767152365907,17.950154829381127,14.847854448375735,14.201275449113727,14.201275449113727,14.201275449113727,0.9771221280097961,0.9745636147605523,ok,True,True,-12.075976978747917,3.102300381005392,1.0,0.0,0.9804841750435145
423,1767152365942,23.811714052184065,20.226170210660733,19.50882820486307,19.50882820486307,19.50882820486307,0.9731940031051636,0.9737418477673191,ok,True,True,-4.235344681769714,3.5855438415233323,1.0,0.0,0.9804841750435145
424,1767152365973,31.034127647953934,26.71094467303665,25.89138601815027,25.89138601815027,25.89138601815027,0.970720648765564,0.9719291283662661,ok,True,True,4.722527583949354,4.323182974917284,1.0,0.0,0.9804841750435145
425,1767152366006,36.45991805830342,32.56032870419671,31.833600849027377,31.833600849027377,31.833600849027377,0.973263680934906,0.9727298599074501,ok,True,True,12.665748315904697,3.899589354106709,1.0,0.0,0.9804841750435145
426,1767152366039,43.021617832313524,38.8371021810668,38.10258591571751,38.10258591571751,38.10258591571751,0.9745911359786987,0.9738466255501993,ok,True,True,20.694097285026487,4.184515651246727,1.0,0.0,0.9804841750435145
427,1767152366073,50.47562610589856,45.820216535965855,45.035866043858356,45.035866043858356,45.035866043858356,0.9739832878112793,0.9739286229068472,ok,True,True,29.26714020021231,4.655409569932708,1.0,0.0,0.9804841750435145
428,1767152366106,58.11321580689009,53.196016098520396,52.3941711544435,52.3941711544435,52.3941711544435,0.9731634259223938,0.9734695047161751,ok,True,True,38.03139952823964,4.917199708369694,1.0,0.0,0.9804841750435145
429,1767152366139,62.287598376177414,58.6509654651146,58.09415211129641,58.09415211129641,58.09415211129641,0.9588176608085632,0.964678398371608,ok,True,True,44.1174348224938,3.6366329110628115,1.0,0.0,0.9804841750435145
430,1767152366173,62.20060094124372,60.780746750792076,60.64503186776451,60.64503186776451,60.64503186776451,0.9539545178413391,0.9582440700534467,ok,True,True,45.60081441890167,1.4198541904516446,1.0,0.0,0.9804841750435145
431,1767152366206,62.10945392924574,61.577971057864275,61.64349382947044,61.64349382947044,61.64349382947044,0.9592443704605103,0.9588442502976848,ok,True,True,44.8846428367405,0.5314828713814634,1.0,0.0,0.9804841750435145
432,1767152366239,59.592413588902396,60.38663657648715,60.693890328203004,60.693890328203004,60.693890328203004,0.9532768130302429,0.9555037879372197,ok,True,True,41.526323277031665,0.7942229875847531,1.0,0.0,0.9804841750435145
433,1767152366273,54.74463857319627,57.001437774512624,57.568025877348795,57.568025877348795,57.568025877348795,0.9586469531059265,0.9573896870384437,ok,True,True,35.33344882903242,2.2567992013163547,1.0,0.0,0.9804841750435145
434,1767152366306,50.23310574110388,52.94043855446738,53.58835486610538,53.58835486610538,53.58835486610538,0.9470887184143066,0.9512091058639615,ok,True,True,28.251647515697915,2.7073328133635,1.0,0.0,0.9804841750435145
435,1767152366341,42.69591051678683,46.79372173185905,47.65714840761427,47.65714840761427,47.65714840761427,0.9574486613273621,0.9549528391420018,ok,True,True,18.814292634366083,4.09781121507222,1.0,0.0,0.9804841750435145
436,1767152366384,32.89285080592227,38.453199176296984,39.550411968296544,39.550411968296544,39.550411968296544,0.931704044342041,0.9410035622620254,ok,True,True,6.82162806979302,5.560348370374712,1.0,0.0,0.9804841750435145
437,1767152366409,21.9080409742437,28.526104255065015,29.78186542901815,29.78186542901815,29.78186542901815,0.9586277604103088,0.9515780811509955,ok,True,True,-6.903988913754237,6.618063280821314,1.0,0.0,0.9804841750435145
438,1767152366439,13.711838887153167,19.637545034317906,20.744031772348784,20.744031772348784,20.744031772348784,0.9617443084716797,0.957677817543406,ok,True,True,-18.99801879666345,5.925706147164739,1.0,0.0,0.9804841750435145
439,1767152366473,7.146759679190436,12.143073821241424,13.032319067724998,13.032319067724998,13.032319067724998,0.9519200921058655,0.9542231822808818,ok,True,True,-28.71757368563241,4.996314142050989,1.0,0.0,0.9804841750435145
440,1767152366506,4.204629077897045,7.380006975234798,7.904005664793233,7.904005664793233,7.904005664793233,0.9765602946281433,0.9676254496892387,ok,True,True,-34.4449408490228,3.1753778973377527,1.0,0.0,0.9804841750435145
441,1767152366540,3.9281419534763997,5.308887962179759,5.470377173945401,5.470377173945401,5.470377173945401,0.9705920219421387,0.9694053930409787,ok,True,True,-36.210036882922694,1.3807460087033596,1.0,0.0,0.9804841750435145
442,1767152366574,3.7066338514892445,4.347535495765451,4.338142751479889,4.338142751479889,4.338142751479889,0.9660705924034119,0.9674045126584386,ok,True,True,-36.107373085727744,0.6409016442762061,1.0,0.0,0.9804841750435145
443,1767152366607,3.435141162621046,3.8000988958788082,3.7258209048771844,3.7258209048771844,3.7258209048771844,0.9693378806114197,0.9685645334302273,ok,True,True,-35.295505928228174,0.36495773325776204,1.0,0.0,0.9804841750435145
444,1767152366640,4.003001013396554,3.921840166389456,3.7686563546817595,3.7686563546817595,3.7686563546817595,0.960128664970398,0.9635030123543297,ok,True,True,-33.62118889152536,0.08116084700709836,1.0,0.0,0.9804841750435145
445,1767152366672,4.615230303142014,4.337874248440992,4.149267898429722,4.149267898429722,4.149267898429722,0.9665677547454834,0.9653418577890219,ok,True,True,-31.55969935464933,0.27735605470102254,1.0,0.0,0.9804841750435145
446,1767152366706,5.920479193980157,5.28743721576449,5.043001427971317,5.043001427971317,5.043001427971317,0.9590506553649902,0.961567136334603,ok,True,True,-28.887987511736487,0.6330419782156662,1.0,0.0,0.9804841750435145
447,1767152366739,7.743080341077238,6.7608230909521385,6.461633731118081,6.461633731118081,6.461633731118081,0.9651700854301453,0.9637289057919283,ok,True,True,-25.617812701579293,0.9822572501250999,1.0,0.0,0.9804841750435145
448,1767152366775,12.327058351695056,10.10056424739789,9.599132597864056,9.599132597864056,9.599132597864056,0.9675264358520508,0.9660074238280019,ok,True,True,-20.137105933696276,2.226494104297167,1.0,0.0,0.9804841750435145
449,1767152366806,16.947388266650293,14.208658658949332,13.619291735586483,13.619291735586483,13.619291735586483,0.9779313206672668,0.9731617619315609,ok,True,True,-13.695256304451387,2.738729607700961,1.0,0.0,0.9804841750435145
450,1767152366839,24.96008364171084,20.659513648606236,19.822830573314512,19.822830573314512,19.822830573314512,0.9774900674819946,0.975758745261821,ok,True,True,-4.550212114305724,4.300569993104602,1.0,0.0,0.9804841750435145
451,1767152366873,33.813275276409264,28.551770625288054,27.560637317418788,27.560637317418788,27.560637317418788,0.9547866582870483,0.9631754930769574,ok,True,True,6.282991241253203,5.261504651121211,1.0,0.0,0.9804841750435145
452,1767152366906,45.08594621174702,38.472275977163434,37.27784136848463,37.27784136848463,37.27784136848463,0.9634312391281128,0.9633289407076506,ok,True,True,19.33830167023308,6.613670234583587,1.0,0.0,0.9804841750435145
453,1767152366939,52.081328515005104,46.637707499868434,45.665029170603496,45.665029170603496,45.665029170603496,0.9772390127182007,0.9716749839139807,ok,True,True,29.96978994412152,5.443621015136671,1.0,0.0,0.9804841750435145
454,1767152366974,56.4953635280967,52.552301116805396,51.89513151906835,51.89513151906835,51.89513151906835,0.9777132868766785,0.9752979656915993,ok,True,True,37.15273076030823,3.943062411291308,1.0,0.0,0.9804841750435145
455,1767152367006,60.13337590413654,57.100945989204085,56.658159873497,56.658159873497,56.658159873497,0.9626745581626892,0.9677239211742533,ok,True,True,41.99243496194087,3.0324299149324574,1.0,0.0,0.9804841750435145
456,1767152367040,62.44819045696736,60.309292669862046,60.058023705808154,60.058023705808154,60.058023705808154,0.9425186514854431,0.9526007593609672,ok,True,True,44.7388342231949,2.1388977871053143,1.0,0.0,0.9804841750435145
457,1767152367072,61.61888426179509,61.09504762502188,61.14574712490219,61.14574712490219,61.14574712490219,0.9638086557388306,0.9593254971876852,ok,True,True,44.184682740374335,0.5238366367732112,1.0,0.0,0.9804841750435145
458,1767152367106,59.86698110288056,60.35820771173708,60.61047858950538,60.61047858950538,60.61047858950538,0.9474092125892639,0.9521757264286325,ok,True,True,41.42733244465631,0.4912266088565218,1.0,0.0,0.9804841750435145
459,1767152367139,56.85530198073543,58.25646427313609,58.67330583973594,58.67330583973594,58.67330583973594,0.966084897518158,0.9605212290823477,ok,True,True,36.87120520912449,1.401162292400656,1.0,0.0,0.9804841750435145
460,1767152367176,50.480223975221875,53.590720094387564,54.29513792221653,54.29513792221653,54.29513792221653,0.9463213086128235,0.9520012768006332,ok,True,True,29.171835693879714,3.1104961191656884,1.0,0.0,0.9804841750435145
461,1767152367210,42.34197228361502,46.84147140792404,47.781873720944624,47.781873720944624,47.781873720944624,0.9440961480140686,0.9472581995286944,ok,True,True,18.893128064841182,4.499499124309018,1.0,0.0,0.9804841750435145
462,1767152367239,31.152505541019224,37.42809188778115,38.653926638200936,38.653926638200936,38.653926638200936,0.9587303996086121,0.954141519576645,ok,True,True,5.494610402109187,6.275586346761926,1.0,0.0,0.9804841750435145
463,1767152367273,19.790526741412805,26.845552799960146,28.18388398042359,28.18388398042359,28.18388398042359,0.965656042098999,0.9610502330900574,ok,True,True,-9.133506441440725,7.055026058547341,1.0,0.0,0.9804841750435145
464,1767152367306,10.640582873251244,17.122570843934806,18.323105557314587,18.323105557314587,18.323105557314587,0.9561021327972412,0.9580813729143677,ok,True,True,-22.25549173059452,6.481987970683562,1.0,0.0,0.9804841750435145
465,1767152367339,4.275332813416258,9.414228025623677,10.325720573139556,10.325720573139556,10.325720573139556,0.9449920058250427,0.9502277526607728,ok,True,True,-32.21821223036652,5.138895212207419,1.0,0.0,0.9804841750435145
466,1767152367373,2.255666987122071,5.119091402522714,5.5803259051450915,5.5803259051450915,5.5803259051450915,0.9741672873497009,0.9645914734741297,ok,True,True,-37.25955946573496,2.863424415400643,1.0,0.0,0.9804841750435145
467,1767152367406,1.232974408211343,2.7874212059358916,2.9605137303370466,2.9605137303370466,2.9605137303370466,0.9761953949928284,0.9715538263853489,ok,True,True,-39.151481068285015,1.5544467977245486,1.0,0.0,0.9804841750435145
468,1767152367440,0.2602836581916206,1.271138677289329,1.3140318821546049,1.3140318821546049,1.3140318821546049,0.9749777317047119,0.9736081695769667,ok,True,True,-39.620308830592926,1.0108550190977084,1.0,0.0,0.9804841750435145
469,1767152367473,1.07657213584227,1.1543987524210935,1.0248188336891069,1.0248188336891069,1.0248188336891069,0.978362500667572,0.97646076823133,ok,True,True,-38.20398511381842,0.0778266165788235,1.0,0.0,0.9804841750435145
470,1767152367506,1.684680585206711,1.472567852092464,1.2804692264564563,1.2804692264564563,1.2804692264564563,0.9700255990028381,0.9725996666942349,ok,True,True,-36.10432459457699,0.21211273311424694,1.0,0.0,0.9804841750435145
471,1767152367539,2.395264047114443,2.0261855691056514,1.808643068843279,1.808643068843279,1.808643068843279,0.978209376335144,0.9759654924787804,ok,True,True,-33.72655954006036,0.3690784780087917,1.0,0.0,0.9804841750435145
472,1767152367575,5.203958733308699,3.9328494676274803,3.5703044519624685,3.5703044519624685,3.5703044519624685,0.9680598974227905,0.9712221354451864,ok,True,True,-29.763899977456465,1.2711092656812188,1.0,0.0,0.9804841750435145
473,1767152367606,7.733125953992271,6.213015359446354,5.807343862293406,5.807343862293406,5.807343862293406,0.9709104299545288,0.9710351121507919,ok,True,True,-25.329862911686078,1.5201105945459172,1.0,0.0,0.9804841750435145
474,1767152367639,11.096852435549998,9.14331760510854,8.676769104116795,8.676769104116795,8.676769104116795,0.9690427780151367,0.9698397116693989,ok,True,True,-20.230433050590705,1.9535348304414573,1.0,0.0,0.9804841750435145
475,1767152367682,17.248617675367008,14.00649764726362,13.336404323015142,13.336404323015142,13.336404323015142,0.9785740971565247,0.9750803429616743,ok,True,True,-12.906234387151386,3.242120028103388,1.0,0.0,0.9804841750435145
476,1767152367713,24.381930310987766,20.231757245498105,19.414177806049903,19.414177806049903,19.414177806049903,0.9661582112312317,0.9697270639234088,ok,True,True,-3.969995178414642,4.1501730654896605,1.0,0.0,0.9804841750435145
477,1767152367740,32.26440827947549,27.451347865884536,26.539579045091088,26.539579045091088,26.539579045091088,0.9702038168907166,0.9700131157037934,ok,True,True,5.995745020699367,4.813060413590954,1.0,0.0,0.9804841750435145
478,1767152367772,41.07103499260209,35.623160141915065,34.63167983409364,34.63167983409364,34.63167983409364,0.9558583498001099,0.9615202561615832,ok,True,True,16.83274112645273,5.447874850687022,1.0,0.0,0.9804841750435145
479,1767152367806,48.81079509729424,43.53574111514257,42.6046123034549,42.6046123034549,42.6046123034549,0.982011079788208,0.973814750337558,ok,True,True,27.010088297760824,5.275053982151668,1.0,0.0,0.9804841750435145
480,1767152367839,54.878741179347294,50.3415411536654,49.57853368898445,49.57853368898445,49.57853368898445,0.9725451469421387,0.9730529883003065,ok,True,True,35.349849418762844,4.537200025681891,1.0,0.0,0.9804841750435145
481,1767152367873,60.42534060616677,56.39182082516622,55.76292337395387,55.76292337395387,55.76292337395387,0.9766578674316406,0.9752159157791069,ok,True,True,42.22377235595342,4.03351978100055,1.0,0.0,0.9804841750435145
482,1767152367906,62.55605072395558,60.090358764439834,59.7644707290302,59.7644707290302,59.7644707290302,0.9598164558410645,0.9659762398162814,ok,True,True,45.785766823000245,2.4656919595157447,1.0,0.0,0.9804841750435145
483,1767152367940,62.63175464236389,61.615196291194266,61.5789762950089,61.5789762950089,61.5789762950089,0.9706438779830933,0.9687768227163684,ok,True,True,46.181655631395905,1.0165583511696212,1.0,0.0,0.9804841750435145
484,1767152367972,61.37281779028479,61.469769190648584,61.653763008457744,61.653763008457744,61.653763008457744,0.9532254338264465,0.9594459893824153,ok,True,True,44.17058161272801,0.09695140036379257,1.0,0.0,0.9804841750435145
485,1767152368006,58.59358395177966,59.74405804732723,60.12151731950411,60.12151731950411,60.12151731950411,0.9527323246002197,0.9554177905130979,ok,True,True,40.04490747639606,1.1504740955475725,1.0,0.0,0.9804841750435145
486,1767152368040,52.70059829215188,55.517982194222014,56.18074175755001,56.18074175755001,56.18074175755001,0.9572822451591492,0.9565364633007287,ok,True,True,32.80086768036824,2.8173839020701337,1.0,0.0,0.9804841750435145
487,1767152368073,46.42172495489195,50.060227850623974,50.86534257734414,50.86534257734414,50.86534257734414,0.9366714358329773,0.9446174468200779,ok,True,True,24.000869244370534,3.6385028957320245,1.0,0.0,0.9804841750435145
488,1767152368106,38.45149090303218,43.094985682068895,44.051495569656346,44.051495569656346,44.051495569656346,0.9699576497077942,0.9598215685527077,ok,True,True,13.54610393523771,4.643494779036715,1.0,0.0,0.9804841750435145
489,1767152368139,29.224515481695203,34.77270356184468,35.85867050115927,35.85867050115927,35.85867050115927,0.9621241092681885,0.9612030929819962,ok,True,True,1.6763578601107163,5.548188080149476,1.0,0.0,0.9804841750435145
490,1767152368172,21.523733814191417,26.82332171325272,27.837960845514964,27.837960845514964,27.837960845514964,0.9624488353729248,0.9619505384165534,ok,True,True,-9.413766914259778,5.299587899061304,1.0,0.0,0.9804841750435145
491,1767152368206,13.154962196723718,18.622306003335318,19.61581081573336,19.61581081573336,19.61581081573336,0.958000898361206,0.959580754383345,ok,True,True,-20.272891092592918,5.4673438066116,1.0,0.0,0.9804841750435145
492,1767152368239,6.596733814052719,11.40696268976576,12.24770317466489,12.24770317466489,12.24770317466489,0.9576966762542725,0.9584503075059015,ok,True,True,-29.462283245847924,4.81022887571304,1.0,0.0,0.9804841750435145
493,1767152368274,4.115171782875377,7.03188814563153,7.5044004922902445,7.5044004922902445,7.5044004922902445,0.9785548448562622,0.970513029916118,ok,True,True,-34.62689863988673,2.916716362756153,1.0,0.0,0.9804841750435145
494,1767152368307,3.478878394559041,4.900082294988037,5.061921419034927,5.061921419034927,5.061921419034927,0.9707473516464233,0.9706536229543011,ok,True,True,-36.395819256079704,1.421203900428996,1.0,0.0,0.9804841750435145
495,1767152368339,2.967365432340707,3.7404521773996393,3.752536389766955,3.752536389766955,3.752536389766955,0.9737848043441772,0.9725323317882267,ok,True,True,-36.52790111522771,0.7730867450589325,1.0,0.0,0.9804841750435145
496,1767152368373,2.54550517459028,3.023483975714024,2.968959307771409,2.968959307771409,2.968959307771409,0.9698318243026733,0.9709120272968946,ok,True,True,-35.931940096637284,0.477978801123744,1.0,0.0,0.9804841750435145
497,1767152368406,3.3418101626944896,3.2144796879023034,3.053403563884902,3.053403563884902,3.053403563884902,0.9688242673873901,0.969659371351192,ok,True,True,-34.17135916029778,0.12733047479218618,1.0,0.0,0.9804841750435145
498,1767152368439,4.718711099599779,4.117018534920788,3.8711875577291828,3.8711875577291828,3.8711875577291828,0.9634246826171875,0.9659185581107893,ok,True,True,-31.484397733547198,0.6016925646789906,1.0,0.0,0.9804841750435145
499,1767152368473,6.528260045155312,5.563763441061503,5.257732472069079,5.257732472069079,5.257732472069079,0.9753709435462952,0.9715899893720928,ok,True,True,-28.13944333248798,0.9644966040938092,1.0,0.0,0.9804841750435145
500,1767152368506,9.950488666515517,8.19579857633391,7.763206874948279,7.763206874948279,7.763206874948279,0.9612472653388977,0.9653843549521757,ok,True,True,-23.411165275611374,1.7546900901816063,1.0,0.0,0.9804841750435145
501,1767152368540,14.41074376097969,11.924765687121377,11.373214575482322,11.373214575482322,11.373214575482322,0.9665824174880981,0.9661031924737291,ok,True,True,-17.382646905851768,2.4859780738583126,1.0,0.0,0.9804841750435145
502,1767152368573,22.140543731250222,18.054232513598684,17.24392102041469,17.24392102041469,17.24392102041469,0.9738497734069824,0.9707511410336811,ok,True,True,-8.525847202610706,4.086311217651538,1.0,0.0,0.9804841750435145
503,1767152368606,30.86977680899218,25.743559090834783,24.76322714068216,24.76322714068216,24.76322714068216,0.9590025544166565,0.9637019890634663,ok,True,True,2.189296045663461,5.126217718157399,1.0,0.0,0.9804841750435145
504,1767152368639,39.09357185935924,33.75356675194946,32.758331988534074,32.758331988534074,32.758331988534074,0.9546809196472168,0.9582893474137165,ok,True,True,13.067328791610256,5.34000510740978,1.0,0.0,0.9804841750435145
505,1767152368673,48.09519995782409,42.35854667547424,41.335714553624875,41.335714553624875,41.335714553624875,0.9690840840339661,0.9647661893858662,ok,True,True,24.247003903541348,5.736653282349856,1.0,0.0,0.9804841750435145
506,1767152368706,55.75438814996188,50.396051560166825,49.475064016314164,49.475064016314164,49.475064016314164,0.9587488174438477,0.9611557662206551,ok,True,True,34.31350582742656,5.358336589795059,1.0,0.0,0.9804841750435145
507,1767152368739,58.339655123726494,55.16221369830262,54.65514497170203,54.65514497170203,54.65514497170203,0.9656127691268921,0.9638299679643973,ok,True,True,39.85582650910936,3.177441425423872,1.0,0.0,0.9804841750435145
508,1767152368772,60.48846935197584,58.35796709050655,58.09298062837505,58.09298062837505,58.09298062837505,0.9500265717506409,0.9555479302361435,ok,True,True,42.752159633976206,2.130502261469289,1.0,0.0,0.9804841750435145
509,1767152368807,60.47877934237696,59.63045444162879,59.61790967887717,59.61790967887717,59.61790967887717,0.9608660340309143,0.958738792513006,ok,True,True,42.889275362866165,0.8483249007481675,1.0,0.0,0.9804841750435145
510,1767152368839,59.53440572005218,59.57282520868282,59.73741417368795,59.73741417368795,59.73741417368795,0.9545446038246155,0.9562222792999717,ok,True,True,41.09029866233064,0.038419488630644594,1.0,0.0,0.9804841750435145
511,1767152368873,57.25423611257251,58.18167175101664,58.50816723022316,58.50816723022316,58.50816723022316,0.9623802900314331,0.9599170857388486,ok,True,True,37.521664763305765,0.9274356384441305,1.0,0.0,0.9804841750435145
512,1767152368906,52.46899786700006,54.75406742060669,55.31263756796625,55.31263756796625,55.31263756796625,0.9591262340545654,0.9594425747282787,ok,True,True,31.416427509500565,2.2850695536066254,1.0,0.0,0.9804841750435145
513,1767152368939,47.05093187711373,50.132186094510914,50.82723342746333,50.82723342746333,50.82723342746333,0.9616754651069641,0.9607823089554899,ok,True,True,23.819478602799606,3.0812542173971806,1.0,0.0,0.9804841750435145
514,1767152368974,38.98526904744865,43.44403586627355,44.356661483666144,44.356661483666144,44.356661483666144,0.9651823043823242,0.9634223062115905,ok,True,True,13.84437351631962,4.458766818824905,1.0,0.0,0.9804841750435145
515,1767152369011,28.498379726801375,34.47664218259025,35.63081956030731,35.63081956030731,35.63081956030731,0.9406276941299438,0.9497455389626026,ok,True,True,1.2290793455742843,5.978262455788872,1.0,0.0,0.9804841750435145
516,1767152369039,20.16366107900944,25.888853520441764,26.980691686782414,26.980691686782414,26.980691686782414,0.9675500392913818,0.9604282391598702,ok,True,True,-10.704839929883084,5.725192441432323,1.0,0.0,0.9804841750435145
517,1767152369073,11.884501934653075,17.48624256896855,18.50605953904893,18.50605953904893,18.50605953904893,0.9569353461265564,0.958332503339882,ok,True,True,-21.85155907917837,5.601740634315474,1.0,0.0,0.9804841750435145
518,1767152369106,7.652404610684894,11.585939793998357,12.276976966099644,12.276976966099644,12.276976966099644,0.9733619093894958,0.9673501469696503,ok,True,True,-29.404676457220404,3.933535183313462,1.0,0.0,0.9804841750435145
519,1767152369139,5.49395209886657,7.930747176919285,8.30642255763862,8.30642255763862,8.30642255763862,0.9797259569168091,0.9747756329379456,ok,True,True,-33.510852450597866,2.4367950780527146,1.0,0.0,0.9804841750435145
520,1767152369172,5.335130197766104,6.373376989427376,6.464449723759287,6.464449723759287,6.464449723759287,0.9699695706367493,0.9718919955572278,ok,True,True,-34.50628812340902,1.0382467916612717,1.0,0.0,0.9804841750435145
521,1767152369206,5.250805274376583,5.699833960396901,5.656799221137533,5.656799221137533,5.656799221137533,0.9732824563980103,0.9727262720616974,ok,True,True,-34.035913373565904,0.4490286860203172,1.0,0.0,0.9804841750435145
522,1767152369239,5.6740966189538895,5.684391555531094,5.554691219200665,5.554691219200665,5.554691219200665,0.9700855612754822,0.9711418455899683,ok,True,True,-32.6182734783105,0.010294936577204261,1.0,0.0,0.9804841750435145
523,1767152369273,6.311884314800302,6.060887211092619,5.88304556766993,5.88304556766993,5.88304556766993,0.9720414280891418,0.9716815950894725,ok,True,True,-30.67444344758882,0.25099710370768324,1.0,0.0,0.9804841750435145
524,1767152369306,6.887480080712282,6.556842932864416,6.367527366242093,6.367527366242093,6.367527366242093,0.9752178192138672,0.9738033295641093,ok,True,True,-28.60520208993381,0.3306371478478658,1.0,0.0,0.9804841750435145
525,1767152369340,8.29476143917135,7.599594036648576,7.355670063413127,7.355670063413127,7.355670063413127,0.9789867997169495,0.9769134116558134,ok,True,True,-25.93908444019372,0.695167402522773,1.0,0.0,0.9804841750435145
526,1767152369372,11.814315459432736,10.128426890319073,9.722470566031742,9.722470566031742,9.722470566031742,0.9673013687133789,0.9711461858903527,ok,True,True,-21.50193418042263,1.6858885691136631,1.0,0.0,0.9804841750435145
527,1767152369406,15.962915476489592,13.629120042021384,13.113121189731103,13.113121189731103,13.113121189731103,0.9702240824699402,0.9705929238381052,ok,True,True,-15.862006177081856,2.3337954344682075,1.0,0.0,0.9804841750435145
528,1767152369445,22.146222099864513,18.73938127672726,18.05244461474139,18.05244461474139,18.05244461474139,0.9747358560562134,0.9730786831689702,ok,True,True,-8.353707855759179,3.4068408231372516,1.0,0.0,0.9804841750435145
529,1767152369478,29.78419112507522,25.36626718573604,24.51892022601926,24.51892022601926,24.51892022601926,0.9654537439346313,0.9685037196283669,ok,True,True,0.9078938424628742,4.4179239393391825,1.0,0.0,0.9804841750435145
530,1767152369506,39.87111754062433,34.06917739866901,33.00668516419631,33.00668516419631,33.00668516419631,0.9434897899627686,0.9534953618290078,ok,True,True,12.521058639123282,5.8019401419553205,1.0,0.0,0.9804841750435145
531,1767152369539,48.9129482589849,42.97543991485854,41.90944412290906,41.90944412290906,41.90944412290906,0.9387661218643188,0.9446578178501944,ok,True,True,24.172517730115786,5.937508344126357,1.0,0.0,0.9804841750435145
532,1767152369572,55.160929661728844,50.286733762980724,49.44170157021041,49.44170157021041,49.44170157021041,0.9560741782188416,0.9515076340713826,ok,True,True,33.408818753996016,4.87419589874812,1.0,0.0,0.9804841750435145
533,1767152369606,58.93938395624921,55.478323878941815,54.9288861428098,54.9288861428098,54.9288861428098,0.9640938639640808,0.9590593720070015,ok,True,True,39.41423768147817,3.461060077307394,1.0,0.0,0.9804841750435145
534,1767152369639,59.85442317229127,58.10398345495149,57.89625165248258,57.89625165248258,57.89625165248258,0.9615062475204468,0.9605274973150686,ok,True,True,41.68477065791537,1.7504397173397805,1.0,0.0,0.9804841750435145
535,1767152369674,59.106315349368664,58.70538259160179,58.77015463819704,58.77015463819704,58.77015463819704,0.9633861780166626,0.962242705736025,ok,True,True,40.97680458821422,0.4009327577668742,1.0,0.0,0.9804841750435145
536,1767152369706,58.55535266835632,58.61536463765451,58.78508264254708,58.78508264254708,58.78508264254708,0.9721193909645081,0.9681687168731148,ok,True,True,39.12176687986234,0.06001196929818775,1.0,0.0,0.9804841750435145
537,1767152369739,56.025800376116926,57.061626080731955,57.39951617274365,57.39951617274365,57.39951617274365,0.9666286706924438,0.9672446891647122,ok,True,True,35.428588525821965,1.0358257046150285,1.0,0.0,0.9804841750435145
538,1767152369772,52.06453479730172,54.063371310673816,54.567508322327825,54.567508322327825,54.567508322327825,0.9533857107162476,0.9589293020956333,ok,True,True,29.91831183251555,1.9988365133720976,1.0,0.0,0.9804841750435145
539,1767152369808,45.81193253588785,49.11250804580223,49.83262347169224,49.83262347169224,49.83262347169224,0.9490509629249573,0.9530022985932276,ok,True,True,22.04736572849215,3.300575509914381,1.0,0.0,0.9804841750435145
540,1767152369846,37.8185367173119,42.33612524870803,43.25480330697353,43.25480330697353,43.25480330697353,0.9647474884986877,0.9600494125365037,ok,True,True,12.006106753071975,4.517588531396129,1.0,0.0,0.9804841750435145
541,1767152369873,26.960829235739602,33.11094764092697,34.287732100390514,34.287732100390514,34.287732100390514,0.9687255620956421,0.9652551022719866,ok,True,True,-0.8562854738993337,6.150118405187371,1.0,0.0,0.9804841750435145
542,1767152369906,18.565424460216626,24.383633732500762,25.485808902008735,25.485808902008735,25.485808902008735,0.9654763340950012,0.9653878413657955,ok,True,True,-12.903189406929565,5.818209272284136,1.0,0.0,0.9804841750435145
543,1767152369941,11.130485849650016,16.431745002790315,17.394233836531548,17.394233836531548,17.394233836531548,0.9220104217529297,0.9393613895980759,ok,True,True,-23.423305299098594,5.301259153140299,1.0,0.0,0.9804841750435145
544,1767152369972,6.041064064320639,10.19733643970851,10.913416537200312,10.913416537200312,10.913416537200312,0.9762046337127686,0.9614673360668915,ok,True,True,-31.250144790220226,4.1562723753878705,1.0,0.0,0.9804841750435145
545,1767152370006,4.499231807451534,6.778473660354324,7.123702534349322,7.123702534349322,7.123702534349322,0.9789578914642334,0.9719616693052966,ok,True,True,-35.023536892477935,2.27924185290279,1.0,0.0,0.9804841750435145
546,1767152370039,3.807453631076143,4.995861642787416,5.103047272627811,5.103047272627811,5.103047272627811,0.9748585820198059,0.9736998169340021,ok,True,True,-36.195088403899675,1.1884080117112727,1.0,0.0,0.9804841750435145
547,1767152370073,4.308029411641652,4.583162304099957,4.506531345451802,4.506531345451802,4.506531345451802,0.9684743881225586,0.9705645596471361,ok,True,True,-35.357503033924004,0.27513289245830563,1.0,0.0,0.9804841750435145
548,1767152370106,5.729977973242079,5.271251705585231,5.054366570855611,5.054366570855611,5.054366570855611,0.9718618988990784,0.9713429631983015,ok,True,True,-32.98692306181627,0.4587262676568482,1.0,0.0,0.9804841750435145
549,1767152370139,6.298510262406123,5.887606839677765,5.671893507799203,5.671893507799203,5.671893507799203,0.9632536172866821,0.9664893556513299,ok,True,True,-30.62915103237109,0.41090342272835745,1.0,0.0,0.9804841750435145
550,1767152370172,7.801197409323889,7.035761181465439,6.769597851502279,6.769597851502279,6.769597851502279,0.9748683571815491,0.9715167565694613,ok,True,True,-27.719954604009335,0.7654362278584497,1.0,0.0,0.9804841750435145
551,1767152370206,11.410886910332133,9.660836618785455,9.235031735278437,9.235031735278437,9.235031735278437,0.9625470042228699,0.9661349051615065,ok,True,True,-23.06585726291779,1.7500502915466782,1.0,0.0,0.9804841750435145
552,1767152370239,16.808653307156046,13.94952663180781,13.337548935478091,13.337548935478091,13.337548935478091,0.9685512781143188,0.9675847289331939,ok,True,True,-16.37686923197492,2.859126675348236,1.0,0.0,0.9804841750435145
553,1767152370274,23.17558733663069,19.485163054701538,18.738124547284325,18.738124547284325,18.738124547284325,0.9669625163078308,0.9672114013579761,ok,True,True,-8.211650687678604,3.690424281929154,1.0,0.0,0.9804841750435145
554,1767152370306,31.26740054807211,26.55450555072388,25.651598338052388,25.651598338052388,25.651598338052388,0.9560180902481079,0.9604954146920552,ok,True,True,1.6572310948327313,4.712894997348229,1.0,0.0,0.9804841750435145
555,1767152370343,39.46214855898914,34.29909135568303,33.34014107022574,33.34014107022574,33.34014107022574,0.9643508195877075,0.9628086576294466,ok,True,True,12.138670239041607,5.16305720330611,1.0,0.0,0.9804841750435145
556,1767152370379,47.56344487590988,42.25770346781914,41.30760490053032,41.30760490053032,41.30760490053032,0.9580891132354736,0.9599769309930628,ok,True,True,22.52335906499985,5.305741408090739,1.0,0.0,0.9804841750435145
557,1767152370414,53.41894065854271,48.95444578225328,48.18480112168406,48.18480112168406,48.18480112168406,0.96391361951828,0.9623389441081931,ok,True,True,30.93566551587562,4.464494876289429,1.0,0.0,0.9804841750435145
558,1767152370445,57.01933096884456,53.793376894208045,53.28251123231495,53.28251123231495,53.28251123231495,0.9650089740753174,0.9639409620884677,ok,True,True,36.519487145841545,3.225954074636512,1.0,0.0,0.9804841750435145
559,1767152370481,59.251493073252206,57.06824660163454,56.781594596505556,56.781594596505556,56.781594596505556,0.9677149057388306,0.9662053282786853,ok,True,True,39.65262719792685,2.1832464716176645,1.0,0.0,0.9804841750435145
560,1767152370511,59.69611278415302,58.64496631114564,58.58451833625834,58.58451833625834,58.58451833625834,0.9508532285690308,0.9569940684528926,ok,True,True,40.31333065646924,1.0511464730073854,1.0,0.0,0.9804841750435145
561,1767152370545,58.142820337995566,58.34367872725559,58.52053215440879,58.52053215440879,58.52053215440879,0.9496849179267883,0.9526085781372301,ok,True,True,38.38030194553137,0.20085838926002708,1.0,0.0,0.9804841750435145
562,1767152370575,57.153491048362106,57.6295661199195,57.87178653600626,57.87178653600626,57.87178653600626,0.9624210596084595,0.9584960670199677,ok,True,True,35.73280437532354,0.47607507155739626,1.0,0.0,0.9804841750435145
563,1767152370814,53.2370776847958,54.99407305884528,55.448177943201266,55.448177943201266,55.448177943201266,0.9481415748596191,0.9522833717237585,ok,True,True,30.769384704203105,1.756995374049481,1.0,0.0,0.9804841750435145
564,1767152370846,46.93359425198284,50.15778577472781,50.86269605532526,50.86269605532526,50.86269605532526,0.9466402530670166,0.9488975005297133,ok,True,True,23.064632622414024,3.224191522744974,1.0,0.0,0.9804841750435145
565,1767152370875,39.74024493767295,43.90726127249489,44.76933763943313,44.76933763943313,44.76933763943313,0.9351580142974854,0.9406538087903765,ok,True,True,13.64203677489836,4.167016334821945,1.0,0.0,0.9804841750435145
566,1767152370903,30.756554276905653,36.016837075141346,37.04442341330901,37.04442341330901,37.04442341330901,0.9536569118499756,0.9484556706261359,ok,True,True,2.4103975207438104,5.260282798235693,1.0,0.0,0.9804841750435145
567,1767152370934,7.5975865136777205,18.96528673826317,20.992001235611973,20.992001235611973,20.992001235611973,0.9732107520103455,0.9633087194566616,ok,True,True,-19.741829751932027,11.36770022458545,1.0,0.0,0.9804841750435145
568,1767152370962,4.270855638162684,10.14862807820288,11.285374071010342,11.285374071010342,11.285374071010342,0.9617003202438354,0.962343679928966,ok,True,True,-32.16659684019976,5.877772440040196,1.0,0.0,0.9804841750435145
569,1767152370994,4.129195284311476,6.536968401868037,6.947254250742187,6.947254250742187,6.947254250742187,0.9703314304351807,0.9671363302326947,ok,True,True,-36.651069311735405,2.4077731175565615,1.0,0.0,0.9804841750435145
570,1767152371023,4.074745016850167,5.0596343708573155,5.1339550314663125,5.1339550314663125,5.1339550314663125,0.9667004942893982,0.9668748286667168,ok,True,True,-37.463402853050454,0.9848893540071488,1.0,0.0,0.9804841750435145
571,1767152371068,4.216215708591787,4.553583173497998,4.478984538447692,4.478984538447692,4.478984538447692,0.9619826674461365,0.9639395319343687,ok,True,True,-36.6480310184741,0.33736746490621083,1.0,0.0,0.9804841750435145
572,1767152371100,5.464519987860726,5.1001452621156345,4.894481261877248,4.894481261877248,4.894481261877248,0.9653171896934509,0.964766126589818,ok,True,True,-34.400099363054395,0.36437472574509133,1.0,0.0,0.9804841750435145
573,1767152371134,8.948814097748974,7.409346563495639,7.000695803479797,7.000695803479797,7.000695803479797,0.9481433629989624,0.9547924684353046,ok,True,True,-29.933498604602974,1.539467534253335,1.0,0.0,0.9804841750435145
574,1767152371165,18.771575678663925,14.22668403259661,13.30885852421337,13.30885852421337,13.30885852421337,0.9638211727142334,0.9602096910026618,ok,True,True,-19.901558099434894,4.544891646067315,1.0,0.0,0.9804841750435145
575,1767152371267,27.577012693103107,22.236881228900508,21.16641874299594,21.16641874299594,21.16641874299594,0.9103602170944214,0.9303000066577176,ok,True,True,-8.201277519387075,5.340131464202599,1.0,0.0,0.9804841750435145
576,1767152371294,36.50351160682507,30.796859455655245,29.691530165350535,29.691530165350535,29.691530165350535,0.9382630586624146,0.9350778378605358,ok,True,True,3.8801013240590905,5.706652151169827,1.0,0.0,0.9804841750435145
577,1767152371325,44.97125236147703,39.30149519914831,38.2433964310243,38.2433964310243,38.2433964310243,0.9633314609527588,0.9520300117158695,ok,True,True,15.445245017994738,5.669757162328715,1.0,0.0,0.9804841750435145
578,1767152371357,53.27310199094394,47.68445927422569,46.68823587163749,46.68823587163749,46.68823587163749,0.9671235680580139,0.9610861455211561,ok,True,True,26.334083706108334,5.588642716718255,1.0,0.0,0.9804841750435145
579,1767152371393,62.355664084172375,56.4871821601937,55.491525477506485,55.491525477506485,55.491525477506485,0.945318341255188,0.9516254629615752,ok,True,True,37.216728079204614,5.868481923978678,1.0,0.0,0.9804841750435145
580,1767152371422,63.140296231532034,60.4790506029967,60.06086505821463,60.06086505821463,60.06086505821463,0.9651282429695129,0.9597271309663379,ok,True,True,41.78754515397185,2.661245628535333,1.0,0.0,0.9804841750435145
581,1767152371457,61.754791531655506,61.24449516019199,61.26785304759321,61.26785304759321,61.26785304759321,0.9506829977035522,0.9543006510086666,ok,True,True,41.5322407038392,0.510296371463518,1.0,0.0,0.9804841750435145
582,1767152371494,59.809105422773385,60.383261317740825,60.63649620492985,60.63649620492985,60.63649620492985,0.9618039131164551,0.9588026082733396,ok,True,True,38.76435367203482,0.5741558949674399,1.0,0.0,0.9804841750435145
583,1767152371531,55.58683604448378,57.5054061537866,57.9990674944488,57.9990674944488,57.9990674944488,0.964128851890564,0.9619983544436742,ok,True,True,33.36857729189436,1.91857010930282,1.0,0.0,0.9804841750435145
584,1767152371571,49.06662629377991,52.442138237782586,53.186465313109565,53.186465313109565,53.186465313109565,0.9489213228225708,0.9541521354710121,ok,True,True,25.23299501850635,3.3755119440026746,1.0,0.0,0.9804841750435145
585,1767152371611,41.05477002987088,45.60971731303556,46.54920298001738,46.54920298001738,46.54920298001738,0.9509166479110718,0.952210842935048,ok,True,True,14.964306438231748,4.55494728316468,1.0,0.0,0.9804841750435145
586,1767152371647,32.329950906679294,37.6418574692218,38.69164461905565,38.69164461905565,38.69164461905565,0.9264402389526367,0.9367484805456012,ok,True,True,3.4900097075009437,5.311906562542504,1.0,0.0,0.9804841750435145
587,1767152371680,24.951244237936773,30.027489530450783,31.00744824295807,31.00744824295807,31.00744824295807,0.9693918228149414,0.9563344859072054,ok,True,True,-7.221054009513692,5.07624529251401,1.0,0.0,0.9804841750435145
588,1767152371716,16.16197448150568,21.70818050108372,22.719174407519564,22.719174407519564,22.719174407519564,0.946817934513092,0.9506245550707374,ok,True,True,-18.2713360378673,5.54620601957804,1.0,0.0,0.9804841750435145
589,1767152371747,9.824616246453227,14.578041948305426,15.418671143219616,15.418671143219616,15.418671143219616,0.9063050746917725,0.9240328668433584,ok,True,True,-27.45951177852804,4.7534257018521995,1.0,0.0,0.9804841750435145
590,1767152371787,4.933948857297269,8.791586093700532,9.429055939408805,9.429055939408805,9.429055939408805,0.9669175148010254,0.9497636556179586,ok,True,True,-34.42713199345215,3.8576372364032636,1.0,0.0,0.9804841750435145
591,1767152371817,3.7885104094641027,5.789740683158675,6.067835274348834,6.067835274348834,6.067835274348834,0.9698689579963684,0.9618268370450045,ok,True,True,-37.466738507050835,2.001230273694572,1.0,0.0,0.9804841750435145
592,1767152371850,2.986101749833198,4.107557323163388,4.186952625987329,4.186952625987329,4.186952625987329,0.9589824080467224,0.9601201796460352,ok,True,True,-38.33453848323868,1.1214555733301905,1.0,0.0,0.9804841750435145
593,1767152371883,3.0321379164328484,3.4623056791250644,3.4005682566199456,3.4005682566199456,3.4005682566199456,0.9685452580451965,0.965175226685532,ok,True,True,-37.65974121092843,0.430167762692216,1.0,0.0,0.9804841750435145
594,1767152371918,4.620517852863821,4.157232983368318,3.9326820919261656,3.9326820919261656,3.9326820919261656,0.9472088813781738,0.9543954195011171,ok,True,True,-35.20537361844536,0.46328486949550296,1.0,0.0,0.9804841750435145
595,1767152371948,5.088161394401116,4.715790029987996,4.4974186778012974,4.4974186778012974,4.4974186778012974,0.9584177732467651,0.956808831748506,ok,True,True,-32.81854911513754,0.37237136441311947,1.0,0.0,0.9804841750435145
596,1767152371982,7.517043337806622,6.396542014679172,6.062495700969929,6.062495700969929,6.062495700969929,0.9697589874267578,0.9645789251554571,ok,True,True,-29.16738370897566,1.12050132312745,1.0,0.0,0.9804841750435145
597,1767152372015,10.846015674616774,9.066226210641734,8.622481784168976,8.622481784168976,8.622481784168976,0.9542887806892395,0.9584048384757266,ok,True,True,-24.317205058225134,1.7797894639750407,1.0,0.0,0.9804841750435145
598,1767152372053,15.286057386068343,12.798124915897699,12.241631242911048,12.241631242911048,12.241631242911048,0.9578384757041931,0.9580650208128064,ok,True,True,-18.234663912971335,2.4879324701706445,1.0,0.0,0.9804841750435145
599,1767152372088,21.573333329516633,18.06324996406906,17.34568323610305,17.34568323610305,17.34568323610305,0.9711520075798035,0.9659172128730047,ok,True,True,-10.391575376323964,3.5100833654475743,1.0,0.0,0.9804841750435145
600,1767152372121,29.314662457115364,24.814097459896843,23.941915781094174,23.941915781094174,23.941915781094174,0.9609814286231995,0.9629557423231215,ok,True,True,-0.8585272843629852,4.500564997218522,1.0,0.0,0.9804841750435145
601,1767152372154,37.95922577126856,32.701174446719875,31.720391242373555,31.720391242373555,31.720391242373555,0.9579178094863892,0.9599329826210822,ok,True,True,9.861548225198918,5.258051324548681,1.0,0.0,0.9804841750435145
602,1767152372186,46.96543449704677,41.25973047691601,40.23176625768964,40.23176625768964,40.23176625768964,0.9653443694114685,0.963179814695314,ok,True,True,21.09731776366604,5.70570402013076,1.0,0.0,0.9804841750435145
603,1767152372218,53.850881744784495,48.814421237637106,47.93502855961404,47.93502855961404,47.93502855961404,0.9482347965240479,0.9542128037925544,ok,True,True,30.709182923251674,5.036460507147389,1.0,0.0,0.9804841750435145
604,1767152372252,58.98331085029679,54.91575500523291,54.25090598708028,54.25090598708028,54.25090598708028,0.9566293358802795,0.9556627230451895,ok,True,True,37.97606070569138,4.067555845063879,1.0,0.0,0.9804841750435145
605,1767152372285,61.9576840102199,59.140912408225105,58.73643545395678,58.73643545395678,58.73643545395678,0.9621475338935852,0.959553609554227,ok,True,True,42.397041277564,2.8167716019947946,1.0,0.0,0.9804841750435145
606,1767152372321,61.98377691862969,60.846631114467854,60.76884581387033,60.76884581387033,60.76884581387033,0.9760876297950745,0.9694740216987354,ok,True,True,43.247243740497886,1.1371458041618325,1.0,0.0,0.9804841750435145
607,1767152372368,61.38701371182052,61.170860672879456,61.28688221136049,61.28688221136049,61.28688221136049,0.9784101247787476,0.9748356835467427,ok,True,True,41.979114710819786,0.21615303894106574,1.0,0.0,0.9804841750435145
608,1767152372402,58.902733190405776,59.80998418339525,60.130986709012134,60.130986709012134,60.130986709012134,0.9552422761917114,0.963079639133724,ok,True,True,38.47051943907816,0.907250992989475,1.0,0.0,0.9804841750435145
609,1767152372435,55.03543656588573,56.94525561288954,57.44392211770692,57.44392211770692,57.44392211770692,0.9591913223266602,0.9607466490494857,ok,True,True,33.020036027410725,1.9098190470038077,1.0,0.0,0.9804841750435145
610,1767152372472,49.20511411779803,52.30117071583464,52.997976245259935,52.997976245259935,52.997976245259935,0.9390281438827515,0.9477155459494451,ok,True,True,25.403869826952622,3.096056598036604,1.0,0.0,0.9804841750435145
611,1767152372517,32.649272931183226,40.51003204504379,41.998274315450715,41.998274315450715,41.998274315450715,0.9752646088600159,0.9642449836957876,ok,True,True,9.137207179607156,7.860759113860567,1.0,0.0,0.9804841750435145
612,1767152372558,22.617681872940153,29.77462194178161,31.172852100053916,31.172852100053916,31.172852100053916,0.9546641707420349,0.958496495923536,ok,True,True,-6.145612519997973,7.1569400688414575,1.0,0.0,0.9804841750435145
613,1767152372595,14.291837112942217,20.484951044477974,21.654926183425864,21.654926183425864,21.654926183425864,0.9480754137039185,0.9522438465917655,ok,True,True,-18.933578074720938,6.193113931535757,1.0,0.0,0.9804841750435145
614,1767152372632,8.763795836178945,13.452257919498557,14.29729122227285,14.29729122227285,14.29729122227285,0.9488480687141418,0.9502063798651914,ok,True,True,-28.169891231074924,4.688462083319612,1.0,0.0,0.9804841750435145
615,1767152372662,6.720910769802038,9.413449629680645,9.85371959108366,9.85371959108366,9.85371959108366,0.9778257608413696,0.9667780084508983,ok,True,True,-32.98209357091604,2.6925388598786073,1.0,0.0,0.9804841750435145
616,1767152372705,5.423639182239839,7.019563361216162,7.213172905546012,7.213172905546012,7.213172905546012,0.9774850010871887,0.9732022040326725,ok,True,True,-35.098268608773836,1.5959241789763228,1.0,0.0,0.9804841750435145
617,1767152372733,5.952514848490325,6.37933425358066,6.341822937871097,6.341822937871097,6.341822937871097,0.9728507399559021,0.9729913255866103,ok,True,True,-34.68826552645399,0.42681940509033467,1.0,0.0,0.9804841750435145
618,1767152372769,7.791156812189109,7.226427788745729,6.998652484182942,6.998652484182942,6.998652484182942,0.9655870199203491,0.9685487421868535,ok,True,True,-32.1986547202066,0.5647290234433795,1.0,0.0,0.9804841750435145
619,1767152372800,11.322343441838472,9.683977180601374,9.264491905192962,9.264491905192962,9.264491905192962,0.970207691192627,0.9695441115903176,ok,True,True,-27.613631437181787,1.6383662612370973,1.0,0.0,0.9804841750435145
620,1767152372834,15.606936938805553,13.237753035523882,12.691583079490242,12.691583079490242,12.691583079490242,0.9760749936103821,0.9734626408023563,ok,True,True,-21.643929729619394,2.3691839032816713,1.0,0.0,0.9804841750435145
621,1767152372872,21.51672781081002,18.205137900695565,17.50926987883581,17.50926987883581,17.50926987883581,0.9714779853820801,0.9722718475501906,ok,True,True,-14.03801059686071,3.3115899101144564,1.0,0.0,0.9804841750435145
622,1767152372911,28.23769777817961,24.224673827185992,23.422967395547534,23.422967395547534,23.422967395547534,0.9603963494300842,0.9651465486781268,ok,True,True,-5.275265226038705,4.013023950993617,1.0,0.0,0.9804841750435145
623,1767152372940,35.29612261719694,30.867543101192563,30.017055718231042,30.017055718231042,30.017055718231042,0.9482680559158325,0.9550194530207502,ok,True,True,4.020661666748744,4.42857951600438,1.0,0.0,0.9804841750435145
624,1767152372974,43.64911779554903,38.53648791780644,37.60062250453229,37.60062250453229,37.60062250453229,0.9652355313301086,0.9611491000063652,ok,True,True,14.249780449194482,5.112629877742592,1.0,0.0,0.9804841750435145
625,1767152373022,51.13152365954217,46.093509362847875,45.19866108251696,45.19866108251696,45.19866108251696,0.9537854790687561,0.9567309274437998,ok,True,True,24.030577155580257,5.038014296694293,1.0,0.0,0.9804841750435145
626,1767152373056,57.63095678824133,53.01597781808395,52.23291413438162,52.23291413438162,52.23291413438162,0.9619452357292175,0.9598595124150504,ok,True,True,32.589555103902136,4.614978970157381,1.0,0.0,0.9804841750435145
627,1767152373090,62.277368116933054,58.57281199739341,57.98647893388783,57.98647893388783,57.98647893388783,0.9477030038833618,0.9525656072960372,ok,True,True,38.998244288910946,3.704556119539646,1.0,0.0,0.9804841750435145
628,1767152373123,63.37035637046055,61.45133862123369,61.20971989996774,61.20971989996774,61.20971989996774,0.9760854244232178,0.9666774975723456,ok,True,True,41.63916526412392,1.9190177492268603,1.0,0.0,0.9804841750435145
629,1767152373155,63.00008995385433,62.380589420806075,62.40481946586183,62.40481946586183,62.40481946586183,0.9711464643478394,0.9693588776376418,ok,True,True,41.37432802848742,0.619500533048253,1.0,0.0,0.9804841750435145
630,1767152373215,62.490651780168136,62.44662683642331,62.595882189036196,62.595882189036196,62.595882189036196,0.9446285963058472,0.954520708838565,ok,True,True,39.742949510660125,0.04402494374482302,1.0,0.0,0.9804841750435145
631,1767152373251,59.47403569583711,60.66307215207159,61.026638362980236,61.026638362980236,61.026638362980236,0.9374988675117493,0.9443076040424756,ok,True,True,35.76912816421526,1.1890364562344828,1.0,0.0,0.9804841750435145
632,1767152373286,53.467712557389724,56.34585639526247,57.00133038957643,57.00133038957643,57.00133038957643,0.9551149010658264,0.9507919822564861,ok,True,True,28.604720492406653,2.8781438378727486,1.0,0.0,0.9804841750435145
633,1767152373343,47.68139171872612,51.14717758934066,51.90695415035744,51.90695415035744,51.90695415035744,0.9600508213043213,0.9563472856851872,ok,True,True,20.30027352757136,3.465785870614539,1.0,0.0,0.9804841750435145
634,1767152373377,29.531871551285228,38.1779939665074,39.78575509294249,39.78575509294249,39.78575509294249,0.9562468528747559,0.9562870259989285,ok,True,True,2.7272557593790836,8.646122415222173,1.0,0.0,0.9804841750435145
635,1767152373412,19.161130157081434,26.767875680851823,28.230900271165304,28.230900271165304,28.230900271165304,0.9693169593811035,0.9641049860282336,ok,True,True,-13.263774685477909,7.606745523770389,1.0,0.0,0.9804841750435145
636,1767152373452,12.282752133428298,18.076801552397708,19.160719854763745,19.160719854763745,19.160719854763745,0.9544680714607239,0.9583228372877277,ok,True,True,-25.111128918368188,5.79404941896941,1.0,0.0,0.9804841750435145
637,1767152373483,7.614926228363257,11.799676357977038,12.527797146500017,12.527797146500017,12.527797146500017,0.9595690965652466,0.959070592854239,ok,True,True,-33.06957457532697,4.184750129613781,1.0,0.0,0.9804841750435145
638,1767152373527,6.420963017159199,8.572448353486335,8.890864712106263,8.890864712106263,8.890864712106263,0.979640543460846,0.9714125632182031,ok,True,True,-36.54990273832849,2.151485336327136,1.0,0.0,0.9804841750435145
639,1767152373556,5.8124982329222,6.916478281147854,7.000859005124576,7.000859005124576,7.000859005124576,0.9779361486434937,0.9753267144733775,ok,True,True,-37.472193952710406,1.1039800482256537,1.0,0.0,0.9804841750435145
640,1767152373587,6.331729868267043,6.565629233419367,6.4747991083075105,6.4747991083075105,6.4747991083075105,0.9785874485969543,0.9772831549475236,ok,True,True,-36.47941002714245,0.23389936515232357,1.0,0.0,0.9804841750435145
641,1767152373625,8.201712058740844,7.547278928612253,7.291872136158492,7.291872136158492,7.291872136158492,0.9707476496696472,0.9733618517807977,ok,True,True,-33.687783815941,0.6544331301285906,1.0,0.0,0.9804841750435145
642,1767152373661,14.693208115520639,11.834836440757284,11.202486824047972,11.202486824047972,11.202486824047972,0.9720717668533325,0.9725878008243185,ok,True,True,-26.776128304788195,2.8583716747633545,1.0,0.0,0.9804841750435145
643,1767152373697,20.600717294873412,17.09436495322696,16.33718075702519,16.33718075702519,16.33718075702519,0.9733579754829407,0.9730499056194918,ok,True,True,-18.500016191571646,3.5063523416464513,1.0,0.0,0.9804841750435145
644,1767152373725,26.48489803474704,22.728684802139007,21.946528059423187,21.946528059423187,21.946528059423187,0.9705671668052673,0.9715602623309572,ok,True,True,-9.950951214653575,3.756213232608033,1.0,0.0,0.9804841750435145
645,1767152373758,34.03868581998458,29.514685412846347,28.633010978560122,28.633010978560122,28.633010978560122,0.9717374444007874,0.9716665715728553,ok,True,True,-0.31414619136812405,4.524000407138232,1.0,0.0,0.9804841750435145
646,1767152373787,43.711648818346056,38.032863456146174,36.98261109827241,36.98261109827241,36.98261109827241,0.9705948233604431,0.971023522645408,ok,True,True,11.165235317826914,5.678785362199882,1.0,0.0,0.9804841750435145
647,1767152373818,51.03865244654794,45.836336850387234,44.889741475620156,44.889741475620156,44.889741475620156,0.9598082304000854,0.9642943472982145,ok,True,True,21.51163383845452,5.202315596160709,1.0,0.0,0.9804841750435145
648,1767152373853,56.30366686133456,52.11673485695563,51.390184029605535,51.390184029605535,51.390184029605535,0.9465804100036621,0.9536659849214831,ok,True,True,29.452919635572893,4.1869320043789315,1.0,0.0,0.9804841750435145
649,1767152373888,61.45811976090552,57.72156579932556,57.12451423353443,57.12451423353443,57.12451423353443,0.958030641078949,0.9562847786159626,ok,True,True,35.978763308282325,3.7365539615799577,1.0,0.0,0.9804841750435145
650,1767152373919,64.98523152886709,62.079765237050474,61.66057619781538,61.66057619781538,61.66057619781538,0.9547922015190125,0.9553892323577926,ok,True,True,40.56054869517213,2.905466291816616,1.0,0.0,0.9804841750435145
651,1767152373950,64.90671141549825,63.77593294411914,63.69073948932587,63.69073948932587,63.69073948932587,0.9285097122192383,0.9392615202746599,ok,True,True,41.491723152745585,1.1307784713791094,1.0,0.0,0.9804841750435145
652,1767152373992,64.80099490508204,64.39097012069688,64.46717796038544,64.46717796038544,64.46717796038544,0.9489830732345581,0.9450944520505988,ok,True,True,40.658762522647436,0.41002478438515766,1.0,0.0,0.9804841750435145
653,1767152374044,63.632411932542645,63.93583520780434,64.14639572431965,64.14639572431965,64.14639572431965,0.9237308502197266,0.9322762909520754,ok,True,True,38.35731136975896,0.303423275261693,1.0,0.0,0.9804841750435145
654,1767152374083,60.13921519817714,61.657863202028025,62.0782967278913,62.0782967278913,62.0782967278913,0.9448209404945374,0.9398030806775526,ok,True,True,33.761923597993885,1.5186480038508847,1.0,0.0,0.9804841750435145
655,1767152374119,54.29203006434621,57.23836331941894,57.90413240362068,57.90413240362068,57.90413240362068,0.9543061852455139,0.9485049434183294,ok,True,True,26.484989385675963,2.94633325507273,1.0,0.0,0.9804841750435145
656,1767152374161,47.678914616628184,51.50269409774448,52.31566537044658,52.31566537044658,52.31566537044658,0.9544121026992798,0.9520492389868995,ok,True,True,17.59911798020088,3.823779481116297,1.0,0.0,0.9804841750435145
657,1767152374194,39.62542464599657,44.37633242669574,45.32788524246479,45.32788524246479,45.32788524246479,0.9463850259780884,0.9486507111816128,ok,True,True,7.198534047710799,4.750907780699173,1.0,0.0,0.9804841750435145
658,1767152374229,29.5072499610589,35.454882947313635,36.58355324235126,36.58355324235126,36.58355324235126,0.9435693025588989,0.9456018660079845,ok,True,True,-5.137964716322298,5.947632986254735,1.0,0.0,0.9804841750435145
659,1767152374263,19.24809885533186,25.73081249212457,26.92293346016247,26.92293346016247,26.92293346016247,0.956950306892395,0.9524109305386308,ok,True,True,-18.167986781612214,6.48271363679271,1.0,0.0,0.9804841750435145
660,1767152374296,9.211714518319233,15.819353707841369,16.990995452618023,16.990995452618023,16.990995452618023,0.9607143998146057,0.9573930121042157,ok,True,True,-30.974168533604725,6.607639189522136,1.0,0.0,0.9804841750435145
661,1767152374332,7.191094634140462,10.642398263620825,11.235711810049741,11.235711810049741,11.235711810049741,0.9733710289001465,0.9669798221817741,ok,True,True,-37.4591552160623,3.451303629480363,1.0,0.0,0.9804841750435145
662,1767152374363,6.533329196084263,8.176956823098887,8.378977401496368,8.378977401496368,8.378977401496368,0.9837085604667664,0.9770170651527694,ok,True,True,-39.66726384323823,1.6436276270146246,1.0,0.0,0.9804841750435145
663,1767152374394,7.0823032986142715,7.520164708408117,7.468443018916572,7.468443018916572,7.468443018916572,0.9809150695800781,0.9793558678091547,ok,True,True,-39.10193970802221,0.4378614097938458,1.0,0.0,0.9804841750435145
664,1767152374426,7.402935715875356,7.449827312888461,7.306437391255969,7.306437391255969,7.306437391255969,0.98185133934021,0.9808531507277878,ok,True,True,-37.534671039065984,0.04689159701310519,1.0,0.0,0.9804841750435145
665,1767152374456,9.182678973542526,8.4895383092809,8.217859698701863,8.217859698701863,8.217859698701863,0.9761291146278381,0.9780187290678181,ok,True,True,-34.5651919464043,0.6931406642616267,1.0,0.0,0.9804841750435145
666,1767152374489,12.863669933082013,11.114017283561568,10.662197686008264,10.662197686008264,10.662197686008264,0.9776483774185181,0.977796518078238,ok,True,True,-29.626750728194978,1.7496526495204456,1.0,0.0,0.9804841750435145
667,1767152374522,17.608527391322475,15.01072334821811,14.415182236846942,14.415182236846942,14.415182236846942,0.9664192199707031,0.9709701392137171,ok,True,True,-23.117416499533952,2.5978040431043645,1.0,0.0,0.9804841750435145
668,1767152374553,22.24884654316081,19.35359726518373,18.71643683838004,18.71643683838004,18.71643683838004,0.9704673886299133,0.9706684888634348,ok,True,True,-16.153178269544462,2.8952492779770793,1.0,0.0,0.9804841750435145
669,1767152374584,29.923155978035634,25.69533249289487,24.856349826535986,24.856349826535986,24.856349826535986,0.964622974395752,0.967041180182825,ok,True,True,-6.982999279198495,4.227823485140764,1.0,0.0,0.9804841750435145
670,1767152374633,38.88309864374803,33.607992183406765,32.605274666082906,32.605274666082906,32.605274666082906,0.970551609992981,0.9691474380689187,ok,True,True,3.9768208450015248,5.275106460341263,1.0,0.0,0.9804841750435145
671,1767152374669,47.93546423019562,42.204475411480075,41.14793782404201,41.14793782404201,41.14793782404201,0.9737275838851929,0.9718955255586832,ok,True,True,15.524900650849302,5.730988818715545,1.0,0.0,0.9804841750435145
672,1767152374704,53.84516889215028,49.18889149988219,48.34922557276465,48.34922557276465,48.34922557276465,0.9756667017936707,0.9741582312996757,ok,True,True,24.702547761461794,4.656277392268088,1.0,0.0,0.9804841750435145
673,1767152374735,60.11265100816171,55.743147204849905,55.00983699708084,55.00983699708084,55.00983699708084,0.969923198223114,0.9716172114537387,ok,True,True,32.71771437971178,4.369503803311808,1.0,0.0,0.9804841750435145
674,1767152374772,63.840626444848795,60.601634748849236,60.099271223164735,60.099271223164735,60.099271223164735,0.9474432468414307,0.9571128326863538,ok,True,True,38.2086066632689,3.238991695999559,1.0,0.0,0.9804841750435145
675,1767152374813,63.87454147844486,62.56537878660661,62.43228957101028,62.43228957101028,62.43228957101028,0.929090678691864,0.9402995402896599,ok,True,True,39.663287406554964,1.309162691838253,1.0,0.0,0.9804841750435145
676,1767152374856,63.24972552142683,62.975986827498744,63.06286262230588,63.06286262230588,63.06286262230588,0.9325071573257446,0.9356241105113108,ok,True,True,38.71372477522258,0.27373869392808814,1.0,0.0,0.9804841750435145
677,1767152374888,62.821801823506284,62.88347582510327,63.04751985038205,63.04751985038205,63.04751985038205,0.9415284395217896,0.939166707917598,ok,True,True,36.92070432983972,0.061674001596983885,1.0,0.0,0.9804841750435145
678,1767152374923,59.12543099108033,60.6286489246895,61.035963286229816,61.035963286229816,61.035963286229816,0.9513024687767029,0.9464481644330609,ok,True,True,32.46871056354009,1.5032179336091716,1.0,0.0,0.9804841750435145
679,1767152374957,54.50938858926907,56.95709272343724,57.53311129732339,57.53311129732339,57.53311129732339,0.9629706740379333,0.9563616701959843,ok,True,True,26.1727599603839,2.44770413416817,1.0,0.0,0.9804841750435145
680,1767152375013,48.31391485419734,51.7711860018933,52.51162197164576,52.51162197164576,52.51162197164576,0.9576243758201599,0.9571192935704896,ok,True,True,18.07970792751148,3.4572711476959554,1.0,0.0,0.9804841750435145
681,1767152375047,31.964638694268928,39.88725761731868,41.363477805586164,41.363477805586164,41.363477805586164,0.9750020503997803,0.9678489476680641,ok,True,True,1.944448048632946,7.922618923049754,1.0,0.0,0.9804841750435145
682,1767152375082,21.579891040639,28.902837671310873,30.30075858197439,30.30075858197439,30.30075858197439,0.9683645367622375,0.9681583011245681,ok,True,True,-13.334991538320732,7.322946630671872,1.0,0.0,0.9804841750435145
683,1767152375116,14.733560166169346,20.401271168225957,21.456508278333132,21.456508278333132,21.456508278333132,0.9746893644332886,0.9720769391098004,ok,True,True,-24.86885697434262,5.6677110020566115,1.0,0.0,0.9804841750435145
684,1767152375147,11.306124457800493,14.94418314197068,15.57848283553794,15.57848283553794,15.57848283553794,0.9625347852706909,0.9663516468063348,ok,True,True,-31.801827054376737,3.6380586841701863,1.0,0.0,0.9804841750435145
685,1767152375187,8.931296215627158,11.336450986164568,11.691579298879246,11.691579298879246,11.691579298879246,0.9653295874595642,0.9657384111982724,ok,True,True,-35.683421183450335,2.4051547705374094,1.0,0.0,0.9804841750435145
686,1767152375217,7.524991904399297,9.049575537105405,9.211690122073925,9.211690122073925,9.211690122073925,0.9830420613288879,0.9761206012766418,ok,True,True,-37.455352619839594,1.5245836327061077,1.0,0.0,0.9804841750435145
687,1767152375251,7.755965869855818,8.273409736755653,8.238785931471176,8.238785931471176,8.238785931471176,0.9736558198928833,0.9746417324463867,ok,True,True,-37.07691036528922,0.5174438668998347,1.0,0.0,0.9804841750435145
688,1767152375283,8.662993298602006,8.507159873863465,8.339273612560184,8.339273612560184,8.339273612560184,0.9820165634155273,0.9790666310278712,ok,True,True,-35.24189382930691,0.15583342473854067,1.0,0.0,0.9804841750435145
689,1767152375322,10.00383544533923,9.405165216748925,9.155097535492658,9.155097535492658,9.155097535492658,0.9758174419403076,0.977117117575333,ok,True,True,-32.50862472999058,0.598670228590306,1.0,0.0,0.9804841750435145
690,1767152375364,11.327585012867047,10.558617094419798,10.28103631749008,10.28103631749008,10.28103631749008,0.9682945609092712,0.9718235835756959,ok,True,True,-29.47463426655,0.7689679184472489,1.0,0.0,0.9804841750435145
691,1767152375396,15.585528109768887,13.574763703629252,13.097510733052033,13.097510733052033,13.097510733052033,0.9770485162734985,0.9749585431943775,ok,True,True,-24.25820329681253,2.0107644061396357,1.0,0.0,0.9804841750435145
692,1767152375429,21.053555697189648,18.06203889976549,17.417720109535615,17.417720109535615,17.417720109535615,0.9554997682571411,0.9632832782320356,ok,True,True,-17.215723314605455,2.9915167974241577,1.0,0.0,0.9804841750435145
693,1767152375475,28.796235448902102,24.502556829247457,23.64779756817444,23.64779756817444,23.64779756817444,0.9541004300117493,0.9577735692998639,ok,True,True,-7.873104292793046,4.293678619654646,1.0,0.0,0.9804841750435145
694,1767152375507,46.398224095313175,37.63995718888689,36.04905304104645,36.04905304104645,36.04905304104645,0.9661484956741333,0.9627985251244255,ok,True,True,9.515664721345454,8.758266906426286,1.0,0.0,0.9804841750435145
695,1767152375539,54.882143602646536,47.98526903714267,46.688511278194675,46.688511278194675,46.688511278194675,0.9667137861251831,0.9651476817248801,ok,True,True,23.689379189465768,6.896874565503865,1.0,0.0,0.9804841750435145
696,1767152375571,60.713874148214494,55.62243210378577,54.71347893156756,54.71347893156756,54.71347893156756,0.9441571831703186,0.9525533825921433,ok,True,True,33.624344019261486,5.0914420444287245,1.0,0.0,0.9804841750435145
697,1767152375605,63.56558190192833,60.38832198267131,59.88006292592466,59.88006292592466,59.88006292592466,0.9409726858139038,0.9456049645251996,ok,True,True,39.17967514911514,3.1772599192570254,1.0,0.0,0.9804841750435145
698,1767152375643,63.17611363356063,62.06099697320491,61.96334752808861,61.96334752808861,61.96334752808861,0.926979660987854,0.9344297824027922,ok,True,True,40.24699504251724,1.1151166603557243,1.0,0.0,0.9804841750435145
699,1767152375675,62.489214946004594,62.31792775688472,62.42808173862902,62.42808173862902,62.42808173862902,0.8831700086593628,0.9036739181567346,ok,True,True,39.04299909647657,0.17128718911987306,1.0,0.0,0.9804841750435145
700,1767152375714,59.99716402543345,60.925469518013955,61.23841893586347,61.23841893586347,61.23841893586347,0.92745441198349,0.9179422144527878,ok,True,True,35.622425237591806,0.9283054925805061,1.0,0.0,0.9804841750435145
701,1767152375765,56.507812259289565,58.27487516277932,58.73814862328524,58.73814862328524,58.73814862328524,0.9473935961723328,0.9356130434845147,ok,True,True,30.558791953302855,1.7670629034897516,1.0,0.0,0.9804841750435145
702,1767152375816,52.28772686892854,54.68258618646885,55.248898119908354,55.248898119908354,55.248898119908354,0.9374017119407654,0.9366862445582651,ok,True,True,24.36893606921519,2.394859317540316,1.0,0.0,0.9804841750435145
703,1767152375851,44.95870017822439,48.84825458152217,49.6532649835402,49.6532649835402,49.6532649835402,0.9541282057762146,0.9471514212890348,ok,True,True,15.570077914453416,3.8895544032977796,1.0,0.0,0.9804841750435145
704,1767152375887,37.22739440575048,41.875738476059155,42.80168419676846,42.80168419676846,42.80168419676846,0.9562079310417175,0.9525853271406444,ok,True,True,5.449382535727748,4.648344070308674,1.0,0.0,0.9804841750435145
705,1767152375919,20.12111354575886,28.82296351787898,30.403351032091514,30.403351032091514,30.403351032091514,0.9519052505493164,0.9521772811858475,ok,True,True,-11.824438438825693,8.701849972120119,1.0,0.0,0.9804841750435145
706,1767152375955,13.42498931474511,19.584178995998656,20.74767837278152,20.74767837278152,20.74767837278152,0.9569731950759888,0.9550548295199323,ok,True,True,-24.541623153212722,6.159189681253546,1.0,0.0,0.9804841750435145
707,1767152375986,9.464781245874264,13.51254034592402,14.228727961473002,14.228727961473002,14.228727961473002,0.9727172255516052,0.965652267138936,ok,True,True,-32.36963782931558,4.047759100049756,1.0,0.0,0.9804841750435145
708,1767152376018,8.174636355763198,10.309797951827527,10.62675365519803,10.62675365519803,10.62675365519803,0.9800954461097717,0.9743181745214374,ok,True,True,-35.834000859046185,2.1351615960643286,1.0,0.0,0.9804841750435145
709,1767152376052,7.962898726088078,8.901658416383857,8.960879956253773,8.960879956253773,8.960879956253773,0.984306275844574,0.9803110353153194,ok,True,True,-36.48129923893755,0.9387596902957789,1.0,0.0,0.9804841750435145
710,1767152376083,8.760163519413528,8.81676147820166,8.697127810114402,8.697127810114402,8.697127810114402,0.9810904264450073,0.9807786699931321,ok,True,True,-35.17368920881268,0.056597958788131564,1.0,0.0,0.9804841750435145
711,1767152376115,9.426170638231762,9.18240697421972,8.99739309116773,8.99739309116773,8.99739309116773,0.9812125563621521,0.9810390018145441,ok,True,True,-33.15146575734515,0.2437636640120413,1.0,0.0,0.9804841750435145
712,1767152376147,11.240880692102712,10.417491204949515,10.13566864954932,10.13566864954932,10.13566864954932,0.9770190119743347,0.9786270079104185,ok,True,True,-30.071112157487825,0.8233894871531966,1.0,0.0,0.9804841750435145
713,1767152376179,15.82605414874459,13.66262897122656,13.157126688117003,13.157126688117003,13.157126688117003,0.9805570244789124,0.9797850178515148,ok,True,True,-24.545912886970022,2.163425177518029,1.0,0.0,0.9804841750435145
714,1767152376212,20.558215740316058,17.799981032680257,17.19049275771519,17.19049275771519,17.19049275771519,0.9715163111686707,0.9748237938418084,ok,True,True,-17.884134523653923,2.7582347076358005,1.0,0.0,0.9804841750435145
715,1767152376243,25.6146708025973,22.488794894630484,21.830937689177937,21.830937689177937,21.830937689177937,0.9781594276428223,0.9768251741224168,ok,True,True,-10.693678074452233,3.1258759079668152,1.0,0.0,0.9804841750435145
716,1767152376294,32.97346869716988,28.779599176154118,27.964301341166934,27.964301341166934,27.964301341166934,0.9788468480110168,0.9780381784555768,ok,True,True,-1.7823770702001038,4.19386952101576,1.0,0.0,0.9804841750435145
717,1767152376337,40.515026150007415,35.8208553604661,34.93738285102481,34.93738285102481,34.93738285102481,0.9743835926055908,0.9758454269455853,ok,True,True,7.87408112551805,4.694170789541317,1.0,0.0,0.9804841750435145
718,1767152376373,50.505966296095764,44.6319219218439,43.5792426066777,43.5792426066777,43.5792426066777,0.9376968741416931,0.95295629526325,ok,True,True,19.379989562700885,5.874044374251866,1.0,0.0,0.9804841750435145
719,1767152376420,57.10662151794761,52.11674167950612,51.23599986248105,51.23599986248105,51.23599986248105,0.9519216418266296,0.9523355032012778,ok,True,True,29.006600969887657,4.989879838441489,1.0,0.0,0.9804841750435145
720,1767152376454,65.94881849762668,60.41598777037845,59.49935313651802,59.49935313651802,59.49935313651802,0.93699049949646,0.9431285009783871,ok,True,True,39.02552507678309,5.532830727248225,1.0,0.0,0.9804841750435145
721,1767152376487,66.84615591677398,64.27408865821577,63.88638090495015,63.88638090495015,63.88638090495015,0.9405231475830078,0.9415652889411595,ok,True,True,43.26321631398179,2.5720672585582065,1.0,0.0,0.9804841750435145
722,1767152376532,66.22652405741799,65.4455498977371,65.43248505398958,65.43248505398958,65.43248505398958,0.9754604697227478,0.9619023974101125,ok,True,True,43.406016589183544,0.7809741596808948,1.0,0.0,0.9804841750435145
723,1767152376569,65.35759572335208,65.39277739310609,65.55868865934465,65.55868865934465,65.55868865934465,0.943341076374054,0.9507656047884774,ok,True,True,41.59258698100643,0.03518166975401016,1.0,0.0,0.9804841750435145
724,1767152376622,60.99385565332086,62.75342434923495,63.2212430838809,63.2212430838809,63.2212430838809,0.9584675431251526,0.9553867677904825,ok,True,True,36.47927331702013,1.7595686959140906,1.0,0.0,0.9804841750435145
725,1767152376657,41.434600014669584,49.96212974849573,51.57764229014843,51.57764229014843,51.57764229014843,0.9673669934272766,0.962574903172559,ok,True,True,18.821531670940605,8.527529733826142,1.0,0.0,0.9804841750435145
726,1767152376696,30.78719332860887,38.45716789656362,39.99151688131872,39.99151688131872,39.99151688131872,0.9645494222640991,0.9637596146274832,ok,True,True,2.0509172255628236,7.66997456795475,1.0,0.0,0.9804841750435145
727,1767152376742,22.61730254872098,28.953248687858036,30.192819879099446,30.192819879099446,30.192819879099446,0.9641769528388977,0.9640100175543319,ok,True,True,-11.497741347196877,6.335946139137057,1.0,0.0,0.9804841750435145
728,1767152376777,16.08954079765357,21.235023953735357,22.191997232240368,22.191997232240368,22.191997232240368,0.9530404806137085,0.9574282953899579,ok,True,True,-21.957571573433405,5.145483156081788,1.0,0.0,0.9804841750435145
729,1767152376813,11.781521156484219,15.562922275384675,16.221082598235252,16.221082598235252,16.221082598235252,0.9667795896530151,0.9630390719477923,ok,True,True,-29.151341131363655,3.7814011189004564,1.0,0.0,0.9804841750435145
730,1767152376845,9.855772558455312,12.138632445227056,12.485810792591092,12.485810792591092,12.485810792591092,0.9796379208564758,0.9729983812930023,ok,True,True,-32.94604120629806,2.2828598867717442,1.0,0.0,0.9804841750435145
731,1767152376877,9.516133698878992,10.565133197418218,10.656926805106298,10.656926805106298,10.656926805106298,0.9809877872467041,0.9777920248652234,ok,True,True,-33.94935610948012,1.0489994985392261,1.0,0.0,0.9804841750435145
732,1767152376908,8.858103883336703,9.54091560896931,9.539170753720684,9.539170753720684,9.539170753720684,0.9842124581336975,0.9816442848263078,ok,True,True,-33.930284636869615,0.6828117256326074,1.0,0.0,0.9804841750435145
733,1767152377095,9.788252847442493,9.68931795205322,9.546332670351601,9.546332670351601,9.546332670351601,0.9814549684524536,0.9815306950019953,ok,True,True,-32.367438729838696,0.09893489538927369,1.0,0.0,0.9804841750435145
734,1767152377125,11.353637689920257,10.687909794773443,10.440088711197912,10.440088711197912,10.440088711197912,0.9769562482833862,0.9787860269708298,ok,True,True,-29.658725206790777,0.665727895146814,1.0,0.0,0.9804841750435145
735,1767152377156,14.258801421854228,12.830444771021913,12.45332896174727,12.45332896174727,12.45332896174727,0.9862624406814575,0.9832718751972064,ok,True,True,-25.536805160282494,1.4283566508323151,1.0,0.0,0.9804841750435145
736,1767152377203,18.437689903078393,16.1947918502558,15.682218297411966,15.682218297411966,15.682218297411966,0.9770143628120422,0.9795173677661079,ok,True,True,-19.93431608181937,2.242898052822593,1.0,0.0,0.9804841750435145
737,1767152377233,57.53980402890669,41.001799157446335,38.1018120584496,38.1018120584496,38.1018120584496,0.9092320799827576,0.9373461950960976,ok,True,True,11.762883197526207,16.538004871460352,1.0,0.0,0.9804841750435145
738,1767152377270,61.1386195689653,53.083891404357715,51.45555594319068,51.45555594319068,51.45555594319068,0.9292566776275635,0.9324924846149771,ok,True,True,29.560780858551123,8.054728164607582,1.0,0.0,0.9804841750435145
739,1767152377287,64.16068412844446,59.72996703880976,58.916462237500504,58.916462237500504,58.916462237500504,0.9520081877708435,0.944201906508497,ok,True,True,38.45248379430719,4.4307170896346975,1.0,0.0,0.9804841750435145
740,1767152377322,64.6621967248846,62.68930485045466,62.411282919120175,62.411282919120175,62.411282919120175,0.977388858795166,0.9641140778804984,ok,True,True,41.4912961271574,1.9728918744299335,1.0,0.0,0.9804841750435145
741,1767152377364,65.3890738862068,64.30916627190595,64.25170681791204,64.25170681791204,64.25170681791204,0.9551143646240234,0.9587142499266135,ok,True,True,42.11933470165918,1.0799076143008506,1.0,0.0,0.9804841750435145
742,1767152377403,60.41816218268576,61.97456381837384,62.385400450225234,62.385400450225234,62.385400450225234,0.9549233913421631,0.9564397347759432,ok,True,True,37.62884210755283,1.5564016356880757,1.0,0.0,0.9804841750435145
743,1767152377444,54.86187849360405,57.70695262351197,58.369084645178646,58.369084645178646,58.369084645178646,0.9383000731468201,0.9455559377984692,ok,True,True,30.391661415519593,2.845074129907914,1.0,0.0,0.9804841750435145
744,1767152377554,48.31056415692798,52.06911954356157,52.88529941052707,52.88529941052707,52.88529941052707,0.962888240814209,0.9559553196079131,ok,True,True,21.470719698246,3.7585553866335886,1.0,0.0,0.9804841750435145
745,1767152377586,41.558708002379056,45.762872618852064,46.637656666268356,46.637656666268356,46.637656666268356,0.9608795046806335,0.9589098306515453,ok,True,True,11.909227411973662,4.204164616473008,1.0,0.0,0.9804841750435145
746,1767152377617,33.06300070756805,38.14294947208165,39.13531800072865,39.13531800072865,39.13531800072865,0.9574373364448547,0.9580263341275309,ok,True,True,1.062522948372111,5.0799487645136026,1.0,0.0,0.9804841750435145
747,1767152377649,24.809951713631428,30.143150817011517,31.150687009253794,31.150687009253794,31.150687009253794,0.9545992016792297,0.9559700546585501,ok,True,True,-9.949965858114247,5.333199103380089,1.0,0.0,0.9804841750435145
748,1767152377687,14.380374834099223,20.68548522726414,21.816452697050934,21.816452697050934,21.816452697050934,0.9679632186889648,0.9631659530767989,ok,True,True,-22.311573011708532,6.305110393164918,1.0,0.0,0.9804841750435145
749,1767152377716,9.380134471632111,13.902274773884924,14.702543847703598,14.702543847703598,14.702543847703598,0.9727910161018372,0.9689409908918218,ok,True,True,-31.058607892899346,4.522140302252813,1.0,0.0,0.9804841750435145
750,1767152377745,8.36374097369432,10.579154493770563,10.923806478800838,10.923806478800838,10.923806478800838,0.9779103994369507,0.9743226360188992,ok,True,True,-34.825694531079925,2.2154135200762433,1.0,0.0,0.9804841750435145
751,1767152377774,7.127241723912982,8.508006831856015,8.648066516630914,8.648066516630914,8.648066516630914,0.9869698882102966,0.9819109873337377,ok,True,True,-36.35656332040943,1.3807651079430334,1.0,0.0,0.9804841750435145
752,1767152377803,8.677580039030211,8.609750756160533,8.478772872189186,8.478772872189186,8.478772872189186,0.9760063290596008,0.9783681923692557,ok,True,True,-34.924959679530104,0.0678292828696776,1.0,0.0,0.9804841750435145
753,1767152377838,9.118665137888732,8.915099385197452,8.736474258042538,8.736474258042538,8.736474258042538,0.9813897013664246,0.9801810977675569,ok,True,True,-32.97256607968046,0.2035657526912793,1.0,0.0,0.9804841750435145
754,1767152377867,10.38517697967798,9.797145941885768,9.556103220254247,9.556103220254247,9.556103220254247,0.973247766494751,0.9760210990038733,ok,True,True,-30.33794084806017,0.5880310377922111,1.0,0.0,0.9804841750435145
755,1767152377903,13.331301979945998,11.917639564721906,11.541213393023616,11.541213393023616,11.541213393023616,0.972375214099884,0.9738335680614798,ok,True,True,-26.22355862118417,1.413662415224092,1.0,0.0,0.9804841750435145
756,1767152377932,16.88341466235308,14.89710462330061,14.425008464692487,14.425008464692487,14.425008464692487,0.969900369644165,0.9714736490110909,ok,True,True,-21.06349221137425,1.9863100390524693,1.0,0.0,0.9804841750435145
757,1767152377965,21.4298338279361,18.816742146081904,18.248235891015618,18.248235891015618,18.248235891015618,0.9633656144142151,0.9666088282529653,ok,True,True,-14.849652134421977,2.613091681854197,1.0,0.0,0.9804841750435145
758,1767152378016,28.72500295841071,24.761698633479185,23.979510652641245,23.979510652641245,23.979510652641245,0.9731180667877197,0.970514371373818,ok,True,True,-6.3002457211636465,3.9633043249315243,1.0,0.0,0.9804841750435145
759,1767152378051,45.932109345325884,37.46394506058721,35.935557663664206,35.935557663664206,35.935557663664206,0.9392694234848022,0.9517674026404086,ok,True,True,10.405207869670805,8.468164284738677,1.0,0.0,0.9804841750435145
760,1767152378088,61.423612751634074,51.839745675215326,50.10344614654293,50.10344614654293,50.10344614654293,0.9442859888076782,0.9472785543407705,ok,True,True,29.383165457138233,9.583867076418748,1.0,0.0,0.9804841750435145
761,1767152378119,64.31029879622497,59.32207754782111,58.402530953086455,58.402530953086455,58.402530953086455,0.9565519094467163,0.9528425674043379,ok,True,True,39.4339176380812,4.98822124840386,1.0,0.0,0.9804841750435145
762,1767152378154,64.50691518316307,62.43298012902629,62.129858800533825,62.129858800533825,62.129858800533825,0.9448801279067993,0.9480651037058148,ok,True,True,42.74706932705583,2.0739350541367827,1.0,0.0,0.9804841750435145
763,1767152378190,63.77127333344329,63.23595605167649,63.27153673573144,63.27153673573144,63.27153673573144,0.9526394009590149,0.9508096820577348,ok,True,True,42.35816827526312,0.535317281766801,1.0,0.0,0.9804841750435145
764,1767152378221,63.336360874151325,63.29619894516139,63.4510279029381,63.4510279029381,63.4510279029381,0.9332647323608398,0.9402827122395978,ok,True,True,40.66586959898294,0.04016192898993154,1.0,0.0,0.9804841750435145
765,1767152378251,59.4410402361057,60.98310371972798,61.4098255519907,61.4098255519907,61.4098255519907,0.9562129974365234,0.9498408833577532,ok,True,True,36.001749900395914,1.5420634836222789,1.0,0.0,0.9804841750435145
766,1767152378291,53.97251837773268,56.7767525145308,57.42776728949653,57.42776728949653,57.42776728949653,0.9430705308914185,0.9457786718779523,ok,True,True,28.88608201931263,2.804234136798115,1.0,0.0,0.9804841750435145
767,1767152378344,47.99866194404453,51.50989817223903,52.27783260670215,52.27783260670215,52.27783260670215,0.9480117559432983,0.9471185223171599,ok,True,True,20.49246854045619,3.5112362281945053,1.0,0.0,0.9804841750435145
768,1767152378399,40.462156400125984,44.88125310897121,45.78299504922778,45.78299504922778,45.78299504922778,0.9588224291801453,0.9541408664349511,ok,True,True,10.636323322174151,4.419096708845224,1.0,0.0,0.9804841750435145
769,1767152378442,31.402727336930457,36.79413764574676,37.83692102417588,37.83692102417588,37.83692102417588,0.9562333226203918,0.9553963401462156,ok,True,True,-0.7614213652735913,5.391410308816301,1.0,0.0,0.9804841750435145
770,1767152378479,23.376876308268592,28.743780843259856,29.755800806140023,29.755800806140023,29.755800806140023,0.968864917755127,0.9634774867115624,ok,True,True,-11.82291831096213,5.366904534991264,1.0,0.0,0.9804841750435145
771,1767152378513,12.855077664784076,19.210558936174387,20.343491609294695,20.343491609294695,20.343491609294695,0.9479638934135437,0.9541693307327512,ok,True,True,-24.206005367590592,6.35548127139031,1.0,0.0,0.9804841750435145
772,1767152378549,9.854852984590652,13.597135365224146,14.26002037681965,14.26002037681965,14.26002037681965,0.971889078617096,0.964801179463358,ok,True,True,-31.45141632790248,3.742282380633494,1.0,0.0,0.9804841750435145
773,1767152378594,9.511392146139329,11.145689433773256,11.376262714096391,11.376262714096391,11.376262714096391,0.9852346181869507,0.9770612426975136,ok,True,True,-33.97160933752769,1.6342972876339275,1.0,0.0,0.9804841750435145
774,1767152378626,9.501817083273535,10.159366023473423,10.168797848017286,10.168797848017286,10.168797848017286,0.9754666090011597,0.9761044624797013,ok,True,True,-34.074700286531595,0.657548940199888,1.0,0.0,0.9804841750435145
775,1767152378655,9.625160675208,9.83884281451417,9.74890275607329,9.74890275607329,9.74890275607329,0.9777224659919739,0.9770752645870648,ok,True,True,-33.09164489411871,0.21368213930616875,1.0,0.0,0.9804841750435145
776,1767152378686,9.684180075309351,9.746045170991279,9.623256120553547,9.623256120553547,9.623256120553547,0.981804609298706,0.9799128714140495,ok,True,True,-31.749546164647505,0.06186509568192733,1.0,0.0,0.9804841750435145
777,1767152378719,10.822118248808865,10.39168901768183,10.187811908961155,10.187811908961155,10.187811908961155,0.9721450805664062,0.9752521969054635,ok,True,True,-29.521145443191976,0.43042923112703413,1.0,0.0,0.9804841750435145
778,1767152378751,12.228376581343497,11.493701555878829,11.238130961638698,11.238130961638698,11.238130961638698,0.9778387546539307,0.9768041315545437,ok,True,True,-26.72772885924484,0.7346750254646679,1.0,0.0,0.9804841750435145
779,1767152378782,15.506709134894033,13.90150610328795,13.504823549383113,13.504823549383113,13.504823549383113,0.9733487963676453,0.9747309304424046,ok,True,True,-22.39194199794767,1.6052030316060826,1.0,0.0,0.9804841750435145
780,1767152378818,19.934842364798225,17.521507860194117,16.98991739758885,16.98991739758885,16.98991739758885,0.9618370532989502,0.9669946041563319,ok,True,True,-16.581595864329383,2.4133345046041086,1.0,0.0,0.9804841750435145
781,1767152378855,26.681606379071585,23.017566971520598,22.283155648040633,22.283155648040633,22.283155648040633,0.9643303751945496,0.9653960667792625,ok,True,True,-8.554393922153263,3.6640394075509874,1.0,0.0,0.9804841750435145
782,1767152378890,44.125296132017716,35.68220446781886,34.154960736779444,34.154960736779444,34.154960736779444,0.9427506327629089,0.9518088063694503,ok,True,True,8.138559266374745,8.443091664198853,1.0,0.0,0.9804841750435145
783,1767152378924,51.885579975901805,45.40422977266863,44.17901656292176,44.17901656292176,44.17901656292176,0.9497583508491516,0.9505785330572711,ok,True,True,21.530283416619582,6.481350203233177,1.0,0.0,0.9804841750435145
784,1767152378956,60.524654583550294,54.476484659197624,53.40731859233861,53.40731859233861,53.40731859233861,0.9445509910583496,0.9469620078579182,ok,True,True,33.216393984376424,6.0481699243526705,1.0,0.0,0.9804841750435145
785,1767152378988,64.39377886112635,60.426861180354855,59.76700739217075,59.76700739217075,59.76700739217075,0.951190710067749,0.9494992291838167,ok,True,True,40.42867331711504,3.9669176807714948,1.0,0.0,0.9804841750435145
786,1767152379018,66.96891328036972,64.35209244036378,63.99077090377985,63.99077090377985,63.99077090377985,0.9678285121917725,0.9604967989885901,ok,True,True,44.37796010979845,2.6168208400059427,1.0,0.0,0.9804841750435145
787,1767152379054,68.41845480524667,66.79190985929351,66.64438030748316,66.64438030748316,66.64438030748316,0.9355660080909729,0.9455383244500197,ok,True,True,45.99047542234686,1.6265449459531567,1.0,0.0,0.9804841750435145
788,1767152379084,65.54478647817739,66.04363583062384,66.28177713240936,66.28177713240936,66.28177713240936,0.928038477897644,0.9350384165185943,ok,True,True,43.38756305009877,0.4988493524464559,1.0,0.0,0.9804841750435145
789,1767152379117,62.34490506995583,63.82439737422304,64.26006766119178,64.26006766119178,64.26006766119178,0.9442721605300903,0.9405786629254919,ok,True,True,38.625635691554535,1.479492304267211,1.0,0.0,0.9804841750435145
790,1767152379154,57.32698015260394,59.925947041251575,60.55335822867325,60.55335822867325,60.55335822867325,0.9661998152732849,0.9559513543341677,ok,True,True,31.767957791995766,2.598966888647638,1.0,0.0,0.9804841750435145
791,1767152379197,51.166978979361545,54.670566204117556,55.4453070030314,55.4453070030314,55.4453070030314,0.9633269309997559,0.9603767003335206,ok,True,True,23.299949951027365,3.5035872247560107,1.0,0.0,0.9804841750435145
792,1767152379233,43.89801195669316,48.20703365566292,49.1015520463526,49.1015520463526,49.1015520463526,0.9599575996398926,0.9601252399173438,ok,True,True,13.522758977129778,4.309021698969758,1.0,0.0,0.9804841750435145
793,1767152379279,36.216127532108175,41.01248998153007,41.96558860032042,41.96558860032042,41.96558860032042,0.9675167798995972,0.9645601639066957,ok,True,True,3.105279236230798,4.796362449421892,1.0,0.0,0.9804841750435145
794,1767152379312,26.952558818294296,32.57653128358861,33.63596244254127,33.63596244254127,33.63596244254127,0.9648229479789734,0.9647178343500623,ok,True,True,-8.474427645806061,5.623972465294312,1.0,0.0,0.9804841750435145
795,1767152379347,19.822257787080304,24.923967185683622,25.864754908841487,25.864754908841487,25.864754908841487,0.9575022459030151,0.960388481281834,ok,True,True,-18.75734785286943,5.101709398603319,1.0,0.0,0.9804841750435145
796,1767152379380,13.040366051176848,17.793806504979557,18.624794642766062,18.624794642766062,18.624794642766062,0.932585597038269,0.9437067507356951,ok,True,True,-27.840145707833518,4.753440453802709,1.0,0.0,0.9804841750435145
797,1767152379412,8.63962462776628,12.30129737865159,12.903468846086852,12.903468846086852,12.903468846086852,0.9782499670982361,0.9644326805532197,ok,True,True,-34.42195050628752,3.6616727508853106,1.0,0.0,0.9804841750435145
798,1767152379444,5.831700084683678,8.419539002270843,8.791917260643107,8.791917260643107,8.791917260643107,0.9768892526626587,0.9719066238188832,ok,True,True,-38.49208856552394,2.587838917587165,1.0,0.0,0.9804841750435145
799,1767152379477,5.207240462538213,6.492159878431265,6.605628736541625,6.605628736541625,6.605628736541625,0.9794519543647766,0.9764338221464193,ok,True,True,-39.73231649921653,1.284919415893052,1.0,0.0,0.9804841750435145
800,1767152379509,5.258351527403466,5.7518748678145855,5.699346571411626,5.699346571411626,5.699346571411626,0.9791143536567688,0.978042141052629,ok,True,True,-39.158176055810706,0.49352334041111945,1.0,0.0,0.9804841750435145
801,1767152379542,6.4641025260851634,6.179211462776932,5.979978706505639,5.979978706505639,5.979978706505639,0.9735322594642639,0.97533621209961,ok,True,True,-36.980538651599765,0.28489106330823155,1.0,0.0,0.9804841750435145
802,1767152379572,7.658761165024372,7.066941284125396,6.808053817969764,6.808053817969764,6.808053817969764,0.9789783358573914,0.9775214863542788,ok,True,True,-34.15086826841124,0.5918198808989761,1.0,0.0,0.9804841750435145
803,1767152379604,8.57478317563429,7.971646419030732,7.714733529261748,7.714733529261748,7.714733529261748,0.9771688580513,0.9773099093724915,ok,True,True,-31.34278023682748,0.6031367566035577,1.0,0.0,0.9804841750435145
804,1767152379635,11.08599571661033,9.840255997578492,9.486432267441497,9.486432267441497,9.486432267441497,0.9700027704238892,0.9729256260033301,ok,True,True,-27.47544534840896,1.2457397190318389,1.0,0.0,0.9804841750435145
805,1767152379690,13.863597311505696,12.254260785934814,11.843138902212276,11.843138902212276,11.843138902212276,0.9668920040130615,0.9693054528091689,ok,True,True,-22.98183491787928,1.6093365255708818,1.0,0.0,0.9804841750435145
806,1767152379727,17.96421281483715,15.680232003276217,15.166490541071624,15.166490541071624,15.166490541071624,0.9727605581283569,0.9713785160006818,ok,True,True,-17.366580453059434,2.2839808115609337,1.0,0.0,0.9804841750435145
807,1767152379759,24.651727535542996,21.063129322636286,20.340419331602234,20.340419331602234,20.340419331602234,0.9752814173698425,0.9737202568221782,ok,True,True,-9.467275447562887,3.58859821290671,1.0,0.0,0.9804841750435145
808,1767152379789,31.24771592003168,27.17388128107352,26.376002930680304,26.376002930680304,26.376002930680304,0.951897144317627,0.9606263893194475,ok,True,True,-0.7463714539421371,4.073834638958161,1.0,0.0,0.9804841750435145
809,1767152379823,42.3702089485968,36.29167788158749,35.18224846584999,35.18224846584999,35.18224846584999,0.966015636920929,0.9638599378803363,ok,True,True,11.379822241597148,6.078531067009308,1.0,0.0,0.9804841750435145
810,1767152379862,52.25421989623491,45.86920309037594,44.7188059554543,44.7188059554543,44.7188059554543,0.9622644186019897,0.9629026263133283,ok,True,True,23.95379791501113,6.385016805858967,1.0,0.0,0.9804841750435145
811,1767152379892,59.01799027966786,53.758475403951095,52.83870370298767,52.83870370298767,52.83870370298767,0.9540960192680359,0.9576186620861529,ok,True,True,34.00701053344877,5.259514875716768,1.0,0.0,0.9804841750435145
812,1767152379924,63.9413312777026,59.868188928202,59.21016674025137,59.21016674025137,59.21016674025137,0.9520914554595947,0.954302338110218,ok,True,True,41.19927026071378,4.0731423495006,1.0,0.0,0.9804841750435145
813,1767152379955,64.89530869957645,62.88446079102667,62.627656141001914,62.627656141001914,62.627656141001914,0.9622554183006287,0.9590741862244644,ok,True,True,44.00617521919219,2.0108479085497777,1.0,0.0,0.9804841750435145
814,1767152379986,65.48603145556213,64.44540318974795,64.40624334639001,64.40624334639001,64.40624334639001,0.9651584625244141,0.9627247520044342,ok,True,True,44.434196902148614,1.0406282658141777,1.0,0.0,0.9804841750435145
815,1767152380018,65.13826586195685,64.8611207930733,64.97565824746766,64.97565824746766,64.97565824746766,0.9691396951675415,0.9665737179022986,ok,True,True,43.18228908568165,0.2771450688835557,1.0,0.0,0.9804841750435145
816,1767152380051,62.524773717883754,63.45931254795957,63.78919375129623,63.78919375129623,63.78919375129623,0.9648905992507935,0.9655638467113955,ok,True,True,39.57664882463021,0.934538830075816,1.0,0.0,0.9804841750435145
817,1767152380084,58.725180719149456,60.6188334506735,61.11989951356334,61.11989951356334,61.11989951356334,0.9522535800933838,0.9575776867405885,ok,True,True,34.099937961664295,1.8936527315240426,1.0,0.0,0.9804841750435145
818,1767152380118,51.59316123427588,55.20343012083493,55.9906049929545,55.9906049929545,55.9906049929545,0.9446155428886414,0.9498004004294203,ok,True,True,25.496024241531046,3.610268886559048,1.0,0.0,0.9804841750435145
819,1767152380153,43.64447394753248,48.26805641685347,49.224792885597516,49.224792885597516,49.224792885597516,0.9509677290916443,0.9505007976267547,ok,True,True,15.038782373769356,4.623582469320986,1.0,0.0,0.9804841750435145
820,1767152380190,33.80587270679873,39.590746190820624,40.72191490783201,40.72191490783201,40.72191490783201,0.9444368481636047,0.9468624279488647,ok,True,True,2.674975564395716,5.784873484021894,1.0,0.0,0.9804841750435145
821,1767152380224,24.33385958721255,30.43661422865578,31.594471058683652,31.594471058683652,31.594471058683652,0.9581753611564636,0.953650187873424,ok,True,True,-9.980535451857293,6.10275464144323,1.0,0.0,0.9804841750435145
822,1767152380262,15.92462671969972,21.729421723282144,22.79329461546645,22.79329461546645,22.79329461546645,0.953011155128479,0.9532667682264571,ok,True,True,-21.6087909993133,5.804795003582424,1.0,0.0,0.9804841750435145
823,1767152380293,11.811206150302846,15.778492379494566,16.48099987228664,16.48099987228664,16.48099987228664,0.9644436836242676,0.9599729174651435,ok,True,True,-29.28728032844424,3.9672862291917195,1.0,0.0,0.9804841750435145
824,1767152380327,8.87680571680927,11.637480381883389,12.06909321303728,12.06909321303728,12.06909321303728,0.9780842065811157,0.9708396909347268,ok,True,True,-34.004859218826354,2.7606746650741183,1.0,0.0,0.9804841750435145
825,1767152380359,7.221641728457208,8.987977189827681,9.20534412059158,9.20534412059158,9.20534412059158,0.9816563725471497,0.9773296999021805,ok,True,True,-36.38070527812316,1.7663354613704731,1.0,0.0,0.9804841750435145
826,1767152380393,6.921900879933919,7.748331403891424,7.775599362364061,7.775599362364061,7.775599362364061,0.9755393862724304,0.9762555117243306,ok,True,True,-36.678747263877895,0.8264305239575052,1.0,0.0,0.9804841750435145
827,1767152380424,6.2425829294246995,6.844882319211389,6.812303534080274,6.812303534080274,6.812303534080274,0.9738844037055969,0.9748328469130905,ok,True,True,-36.32265731956843,0.6022993897866895,1.0,0.0,0.9804841750435145
828,1767152380457,6.502529218954734,6.639470459057396,6.5236317054460695,6.5236317054460695,6.5236317054460695,0.977731466293335,0.9765720185412372,ok,True,True,-35.05652614996444,0.1369412401026615,1.0,0.0,0.9804841750435145
829,1767152380488,6.775780592839099,6.721256539326417,6.5687825912049895,6.5687825912049895,6.5687825912049895,0.9732345938682556,0.9745695637374483,ok,True,True,-33.38996800555564,0.05452405351268208,1.0,0.0,0.9804841750435145
830,1767152380525,8.257685370415501,7.643113837979867,7.398993797577568,7.398993797577568,7.398993797577568,0.9771180152893066,0.9760986346685634,ok,True,True,-30.721707318675158,0.614571532435634,1.0,0.0,0.9804841750435145
831,1767152380559,11.612198871316643,10.024564857981932,9.617243029861346,9.617243029861346,9.617243029861346,0.9729536175727844,0.974211624411096,ok,True,True,-26.26963194177704,1.5876340133347107,1.0,0.0,0.9804841750435145
832,1767152380598,14.638016441630946,12.79263580817134,12.340513028868664,12.340513028868664,12.340513028868664,0.9681481719017029,0.9705735529054601,ok,True,True,-21.327876911471428,1.8453806334596052,1.0,0.0,0.9804841750435145
833,1767152380630,20.174489061265838,17.221747760028038,16.597626489025075,16.597626489025075,16.597626489025075,0.9678559303283691,0.9689429793592055,ok,True,True,-14.506158184411127,2.9527413012378005,1.0,0.0,0.9804841750435145
834,1767152380669,26.366698309118025,22.70871808948203,21.972715172785456,21.972715172785456,21.972715172785456,0.9731534123420715,0.9714692391489251,ok,True,True,-6.461559941618331,3.657980219635995,1.0,0.0,0.9804841750435145
835,1767152380708,34.467793469255874,29.764163317346338,28.87054948197158,28.87054948197158,28.87054948197158,0.9675819277763367,0.9691368523253721,ok,True,True,3.305744136545732,4.703630151909536,1.0,0.0,0.9804841750435145
836,1767152380745,42.80571913090081,37.58909680547902,36.6283492249851,36.6283492249851,36.6283492249851,0.9588102698326111,0.9629409028297155,ok,True,True,13.806827926401324,5.216622325421788,1.0,0.0,0.9804841750435145
837,1767152380779,51.42612064176,45.89131110724761,44.90886965026224,44.90886965026224,44.90886965026224,0.9714084267616272,0.9680214171888626,ok,True,True,24.54502833188905,5.534809534512391,1.0,0.0,0.9804841750435145
838,1767152380814,58.61634340493004,53.526330485857066,52.65587947016875,52.65587947016875,52.65587947016875,0.9639639854431152,0.9655869581414142,ok,True,True,34.059160072932464,5.090012919072976,1.0,0.0,0.9804841750435145
839,1767152380857,65.07150479938237,60.453435073972244,59.709885325856135,59.709885325856135,59.709885325856135,0.9585928320884705,0.961390482509648,ok,True,True,42.18624606869335,4.618069725410123,1.0,0.0,0.9804841750435145
840,1767152380886,67.11394732083691,64.44974242209105,64.07768588028088,64.07768588028088,64.07768588028088,0.9649443626403809,0.9635228105880878,ok,True,True,46.25286772815551,2.664204898745865,1.0,0.0,0.9804841750435145
841,1767152380928,66.89878427851592,65.91916753594597,65.88571693382704,65.88571693382704,65.88571693382704,0.9462876319885254,0.9531817034283503,ok,True,True,46.618486734441724,0.9796167425699451,1.0,0.0,0.9804841750435145
842,1767152380960,65.11281665525232,65.43535700752977,65.65905076746066,65.65905076746066,65.65905076746066,0.9641652703285217,0.9597718435684532,ok,True,True,44.17348768995346,0.32254035227745703,1.0,0.0,0.9804841750435145
843,1767152380994,63.64233183560769,64.35954190437653,64.66891019983335,64.66891019983335,64.66891019983335,0.9617215394973755,0.9609416611258066,ok,True,True,40.792055919033196,0.7172100687688356,1.0,0.0,0.9804841750435145
844,1767152381038,57.7797783235636,60.411683755888774,61.038572606576665,61.038572606576665,61.038572606576665,0.9471182227134705,0.9526475980784048,ok,True,True,33.940087221266154,2.6319054323251763,1.0,0.0,0.9804841750435145
845,1767152381076,41.270105492291485,48.9267367977304,50.404759514610916,50.404759514610916,50.404759514610916,0.9481629133224487,0.9499567872248312,ok,True,True,17.7851254931367,7.656631305438914,1.0,0.0,0.9804841750435145
846,1767152381111,31.854807090808343,38.68357897357717,40.05790216117265,40.05790216117265,40.05790216117265,0.9396466016769409,0.9437706758960971,ok,True,True,2.7636117882964903,6.828771882768827,1.0,0.0,0.9804841750435145
847,1767152381148,22.94066495089278,29.237830559966536,30.455700991458528,30.455700991458528,30.455700991458528,0.9688456058502197,0.9588156338685707,ok,True,True,-10.547854934013802,6.297165609073755,1.0,0.0,0.9804841750435145
848,1767152381181,15.262257664983554,20.852486822976747,21.885026686137135,21.885026686137135,21.885026686137135,0.9393726587295532,0.9471498487851602,ok,True,True,-21.83363679759025,5.590229157993193,1.0,0.0,0.9804841750435145
849,1767152381217,9.667788671171747,14.141667931893746,14.924650518363814,14.924650518363814,14.924650518363814,0.9664487838745117,0.9587292098387712,ok,True,True,-30.39172834364752,4.473879260721999,1.0,0.0,0.9804841750435145
850,1767152381248,6.442664960365226,9.522266148976634,10.012143093545463,10.012143093545463,10.012143093545463,0.9748579263687134,0.9684064397567365,ok,True,True,-35.74614083042272,3.0796011886114076,1.0,0.0,0.9804841750435145
851,1767152381279,4.887326462358896,6.741302337005991,6.973365822780011,6.973365822780011,6.973365822780011,0.9747723937034607,0.972226012124771,ok,True,True,-38.282621960488235,1.8539758746470953,1.0,0.0,0.9804841750435145
852,1767152381310,4.234331313725633,5.237119723037777,5.288476377696561,5.288476377696561,5.288476377696561,0.970464825630188,0.9711693002280212,ok,True,True,-38.843956222148634,1.002788409312144,1.0,0.0,0.9804841750435145
853,1767152381343,4.742510820684567,4.940354381625851,4.83469922338122,4.83469922338122,4.83469922338122,0.9691640734672546,0.9699661641715613,ok,True,True,-37.689132944855615,0.1978435609412843,1.0,0.0,0.9804841750435145
854,1767152381375,4.738608379096407,4.819306780108184,4.680813064148094,4.680813064148094,4.680813064148094,0.974801242351532,0.9728672110795438,ok,True,True,-36.17538037842427,0.0806984010117775,1.0,0.0,0.9804841750435145
855,1767152381405,6.6899843512661175,5.9417133228029435,5.6664086592319265,5.6664086592319265,5.6664086592319265,0.9684586524963379,0.9702220759296203,ok,True,True,-33.16626810107564,0.748271028463174,1.0,0.0,0.9804841750435145
856,1767152381440,9.061456148833434,7.813559018421238,7.450537713628471,7.450537713628471,7.450537713628471,0.9704796075820923,0.9703765949211035,ok,True,True,-29.198402642417154,1.2478971304121966,1.0,0.0,0.9804841750435145
857,1767152381472,11.587433597673959,10.07788376597287,9.676030855610607,9.676030855610607,9.676030855610607,0.9704831838607788,0.9704405482849087,ok,True,True,-24.806103178345637,1.5095498317010883,1.0,0.0,0.9804841750435145
858,1767152381503,16.370539581347714,13.853477255197777,13.29496352072697,13.29496352072697,13.29496352072697,0.9635536074638367,0.9663083837922655,ok,True,True,-18.701482524034034,2.5170623261499365,1.0,0.0,0.9804841750435145
859,1767152381550,23.317540804651262,19.53191538486987,18.7662581564999,18.7662581564999,18.7662581564999,0.9679439067840576,0.9672896975873408,ok,True,True,-10.332759174985231,3.785625419781393,1.0,0.0,0.9804841750435145
860,1767152381587,30.28293925258471,25.982529705498774,25.13870757096238,25.13870757096238,25.13870757096238,0.9734582304954529,0.9709908173322082,ok,True,True,-1.1096842295911546,4.300409547085938,1.0,0.0,0.9804841750435145
861,1767152381627,38.0260155705263,33.208621224515284,32.30383897584338,32.30383897584338,32.30383897584338,0.9753311276435852,0.9735950035190344,ok,True,True,8.779691916423223,4.817394346011014,1.0,0.0,0.9804841750435145
862,1767152381666,44.81955141049104,40.17517933610073,39.32934972522497,39.32934972522497,39.32934972522497,0.97300785779953,0.9732427160873317,ok,True,True,18.024708813765795,4.644372074390304,1.0,0.0,0.9804841750435145
863,1767152381700,52.42036390423275,47.52229007697994,46.67496128398221,46.67496128398221,46.67496128398221,0.9756419658660889,0.974682265954586,ok,True,True,27.286111947616966,4.898073827252809,1.0,0.0,0.9804841750435145
864,1767152381743,59.88433805957606,54.93951886653761,54.11865152693737,54.11865152693737,54.11865152693737,0.9806903600692749,0.9782871224233993,ok,True,True,36.25828829082086,4.944819193038448,1.0,0.0,0.9804841750435145
865,1767152381782,66.45799804116342,61.8506063713131,61.12255931349075,61.12255931349075,61.12255931349075,0.9738767743110657,0.9756409135559991,ok,True,True,44.21592806257014,4.607391669850323,1.0,0.0,0.9804841750435145
866,1767152381821,66.48764855096212,64.63283167910251,64.40555550865521,64.40555550865521,64.40555550865521,0.9761414527893066,0.9759412370959837,ok,True,True,46.700083274366406,1.8548168718596116,1.0,0.0,0.9804841750435145
867,1767152381856,65.71575250162803,65.28258417261782,65.35843643114066,65.35843643114066,65.35843643114066,0.97176194190979,0.9734336599842675,ok,True,True,45.87100918813377,0.43316832901021485,1.0,0.0,0.9804841750435145
868,1767152381890,62.66664097585451,63.713018254559834,64.06730738411336,64.06730738411336,64.06730738411336,0.974507749080658,0.9740781134421017,ok,True,True,41.99858742948214,1.0463772787053216,1.0,0.0,0.9804841750435145
869,1767152381932,56.51472055794784,59.39403963659264,60.07184991265293,60.07184991265293,60.07184991265293,0.976313591003418,0.9754193999788915,ok,True,True,34.590041577225065,2.879319078644798,1.0,0.0,0.9804841750435145
870,1767152381977,49.92975556516179,53.71546919373413,54.5535642739111,54.5535642739111,54.5535642739111,0.9692476987838745,0.9717163792618813,ok,True,True,25.429564007997662,3.7857136285723385,1.0,0.0,0.9804841750435145
871,1767152382014,41.53085640895309,46.40470152286551,47.40877013441137,47.40877013441137,47.40877013441137,0.9620027542114258,0.9658882042316079,ok,True,True,14.454976265412425,4.873845113912417,1.0,0.0,0.9804841750435145
872,1767152382046,33.26395058634335,38.52025096095221,39.56604215425932,39.56604215425932,39.56604215425932,0.967361569404602,0.9667722233354045,ok,True,True,3.0243558084083553,5.256300374608863,1.0,0.0,0.9804841750435145
873,1767152382086,17.818006317692518,26.098904174996395,27.613174170832767,27.613174170832767,27.613174170832767,0.9790240526199341,0.9741233209061222,ok,True,True,-13.526792931999626,8.280897857303877,1.0,0.0,0.9804841750435145
874,1767152382122,12.97004163987681,18.221586653924646,19.219425344442232,19.219425344442232,19.219425344442232,0.9784373641014099,0.9767117468232949,ok,True,True,-24.433286906720838,5.251545014047837,1.0,0.0,0.9804841750435145
875,1767152382156,8.905778040882783,12.632101486099529,13.276391930333372,13.276391930333372,13.276391930333372,0.9793698191642761,0.9783065902278837,ok,True,True,-31.475457063865115,3.726323445216746,1.0,0.0,0.9804841750435145
876,1767152382190,6.875835976650997,9.178342180430409,9.5186153357526,9.5186153357526,9.5186153357526,0.983056902885437,0.9811567778224156,ok,True,True,-35.194682579520176,2.302506203779412,1.0,0.0,0.9804841750435145
877,1767152382222,5.531476459881441,6.990222748101028,7.141475811091902,7.141475811091902,7.141475811091902,0.978697657585144,0.9796813056800526,ok,True,True,-36.847896306192176,1.4587462882195874,1.0,0.0,0.9804841750435145
878,1767152382255,5.716362532708425,6.225906618865467,6.19100796616522,6.19100796616522,6.19100796616522,0.9705424308776855,0.9741979807986324,ok,True,True,-36.466449937136574,0.5095440861570415,1.0,0.0,0.9804841750435145
879,1767152382291,6.153602663345326,6.182524245553382,6.0478081134536135,6.0478081134536135,6.0478081134536135,0.9761709570884705,0.9753817665725353,ok,True,True,-34.99398680556393,0.028921582208056407,1.0,0.0,0.9804841750435145
880,1767152382320,8.291284300495594,7.447780278518709,7.161349336556025,7.161349336556025,7.161349336556025,0.9736754298210144,0.9743579645216227,ok,True,True,-31.86326299982604,0.8435040219768846,1.0,0.0,0.9804841750435145
881,1767152382357,9.226042628598004,8.514737688566285,8.245152758264389,8.245152758264389,8.245152758264389,0.9771981239318848,0.97606206016778,ok,True,True,-28.916668078267964,0.7113049400317184,1.0,0.0,0.9804841750435145
882,1767152382386,11.780647561312792,10.47428361221419,10.11792217801625,10.11792217801625,10.11792217801625,0.9715233445167542,0.9733388307771644,ok,True,True,-25.021595786686653,1.3063639490986017,1.0,0.0,0.9804841750435145
883,1767152382417,14.967212390506697,13.170040879189694,12.736319236094326,12.736319236094326,12.736319236094326,0.9684619903564453,0.970412726524733,ok,True,True,-20.28096733433418,1.7971715113170035,1.0,0.0,0.9804841750435145
884,1767152382453,20.601682847431313,17.629026060134667,17.007519157041436,17.007519157041436,17.007519157041436,0.9674065113067627,0.9686089973939508,ok,True,True,-13.487823955299701,2.9726567872966463,1.0,0.0,0.9804841750435145
885,1767152382498,25.72727836966184,22.48797744585097,21.826145661349486,21.826145661349486,21.826145661349486,0.9625009894371033,0.9649441926198423,ok,True,True,-6.253924890712193,3.2393009238108696,1.0,0.0,0.9804841750435145
886,1767152382532,32.579097950636196,28.542649748722106,27.76977899317635,27.76977899317635,27.76977899317635,0.9761794805526733,0.971685365379541,ok,True,True,2.193643156810289,4.036448201914091,1.0,0.0,0.9804841750435145
887,1767152382566,40.40213121611017,35.65833862915495,34.78608573121363,34.78608573121363,34.78608573121363,0.979394257068634,0.9763107003929968,ok,True,True,11.727469682313613,4.743792586955223,1.0,0.0,0.9804841750435145
888,1767152382599,48.617402966219124,43.43377723139345,42.51226822885927,42.51226822885927,42.51226822885927,0.9778730869293213,0.9772481323147915,ok,True,True,21.799671210776246,5.183625734825675,1.0,0.0,0.9804841750435145
889,1767152382630,65.0739071861038,56.41785520421966,54.9470021694696,54.9470021694696,54.9470021694696,0.9558957815170288,0.9644367218361338,ok,True,True,37.87626747192235,8.656051981884133,1.0,0.0,0.9804841750435145
890,1767152382666,66.86046678504279,62.68342215271353,61.96089598438921,61.96089598438921,61.96089598438921,0.9712894558906555,0.9685483622688468,ok,True,True,45.773563273631595,4.177044632329256,1.0,0.0,0.9804841750435145
891,1767152382696,66.44528493248447,64.94053982057609,64.77827992354966,64.77827992354966,64.77827992354966,0.9640849232673645,0.9658702988679574,ok,True,True,47.547082987864805,1.5047451119083775,1.0,0.0,0.9804841750435145
892,1767152382743,64.70214071463086,64.79750035700894,64.9722405209698,64.9722405209698,64.9722405209698,0.9452908635139465,0.9535226376555509,ok,True,True,45.63715249159155,0.09535964237808514,1.0,0.0,0.9804841750435145
893,1767152382787,55.06202374524777,58.95621438995224,59.79742132908397,59.79742132908397,59.79742132908397,0.951304018497467,0.9521914661607005,ok,True,True,36.44266193884002,3.894190644704466,1.0,0.0,0.9804841750435145
894,1767152382822,48.232791197324175,52.5221604743754,53.469700598537145,53.469700598537145,53.469700598537145,0.9613968133926392,0.9577146744998637,ok,True,True,26.08593719647086,4.289369277051222,1.0,0.0,0.9804841750435145
895,1767152382878,40.37508999715244,45.23391818804163,46.250129437825464,46.250129437825464,46.250129437825464,0.9692859649658203,0.9646574487794377,ok,True,True,14.978628993115564,4.858828190889184,1.0,0.0,0.9804841750435145
896,1767152382913,32.23774638473694,37.43621510605881,38.47562802159495,38.47562802159495,38.47562802159495,0.9618915915489197,0.9629979344411268,ok,True,True,3.617723860581462,5.198468721321873,1.0,0.0,0.9804841750435145
897,1767152382949,25.216995337487486,30.104683244916018,31.052392934837577,31.052392934837577,31.052392934837577,0.962794303894043,0.9628757561128765,ok,True,True,-6.740854255439416,4.887687907428532,1.0,0.0,0.9804841750435145
898,1767152382982,18.383739653905995,23.07211709031,23.937689508931992,23.937689508931992,23.937689508931992,0.9567276239395142,0.9591868768088591,ok,True,True,-16.20166235808858,4.688377436404007,1.0,0.0,0.9804841750435145
899,1767152383015,12.310695684240722,16.615264246668435,17.372220108569053,17.372220108569053,17.372220108569053,0.9631773829460144,0.9615811804911523,ok,True,True,-24.475278750600584,4.304568562427713,1.0,0.0,0.9804841750435145
900,1767152383048,8.595266683469637,11.803265708749155,12.333743388321587,12.333743388321587,12.333743388321587,0.9781562685966492,0.9715262333544504,ok,True,True,-30.273462035094944,3.207999025279518,1.0,0.0,0.9804841750435145
901,1767152383078,6.694817861392249,8.738197000335012,9.026859243780475,9.026859243780475,9.026859243780475,0.9763011336326599,0.9743911735213762,ok,True,True,-33.428574227862704,2.043379138942763,1.0,0.0,0.9804841750435145
902,1767152383118,5.68570623899525,6.906702543531154,7.01896416967542,7.01896416967542,7.01896416967542,0.9749572277069092,0.9747308060326959,ok,True,True,-34.655606974508096,1.2209963045359045,1.0,0.0,0.9804841750435145
903,1767152383153,5.4088857690486645,6.0080124788416605,5.9919149069255,5.9919149069255,5.9919149069255,0.968896746635437,0.9712303703943406,ok,True,True,-34.4796586245597,0.599126709792996,1.0,0.0,0.9804841750435145
904,1767152383185,5.144674955721259,5.49000996496942,5.417754084902332,5.417754084902332,5.417754084902332,0.9637613892555237,0.9667489817110504,ok,True,True,-33.689893376851074,0.34533500924816085,1.0,0.0,0.9804841750435145
905,1767152383383,6.600205205391819,6.15612710922286,5.9483863692255365,5.9483863692255365,5.9483863692255365,0.961281955242157,0.9634687658297143,ok,True,True,-31.419262712179528,0.4440780961689592,1.0,0.0,0.9804841750435145
906,1767152383413,8.189694377797041,7.3762674703673685,7.100020448479878,7.100020448479878,7.100020448479878,0.966420590877533,0.9652398608584054,ok,True,True,-28.399850347854596,0.8134269074296725,1.0,0.0,0.9804841750435145
907,1767152383443,10.800289864196447,9.430680906664815,9.064910791311945,9.064910791311945,9.064910791311945,0.9630839824676514,0.9639463338239529,ok,True,True,-24.40194006722607,1.3696089575316321,1.0,0.0,0.9804841750435145
908,1767152383472,14.466050381602466,12.451902591627405,11.983112219902221,11.983112219902221,11.983112219902221,0.9656570553779602,0.9649727667563572,ok,True,True,-19.27800629595092,2.014147789975061,1.0,0.0,0.9804841750435145
909,1767152383502,42.579348782104255,30.528370305913512,28.386882575974813,28.386882575974813,28.386882575974813,0.9434595108032227,0.9520648131844766,ok,True,True,4.128705876535431,12.050978476190743,1.0,0.0,0.9804841750435145
910,1767152383533,57.26948954405259,46.57304184879696,44.558709803901934,44.558709803901934,44.558709803901934,0.9463376998901367,0.9486285452078727,ok,True,True,26.14559149092254,10.696447695255628,1.0,0.0,0.9804841750435145
911,1767152383563,67.9498169744682,59.399106924199714,57.840090847456494,57.840090847456494,57.840090847456494,0.9707421064376831,0.961896681945759,ok,True,True,43.185820146191105,8.550710050268492,1.0,0.0,0.9804841750435145
912,1767152383593,69.14726881902132,65.24800406109267,64.58189401782019,64.58189401782019,64.58189401782019,0.9524751305580139,0.9562437511131119,ok,True,True,50.46648108116068,3.8992647579286484,1.0,0.0,0.9804841750435145
913,1767152383625,68.63514089178099,67.28028615950566,67.16687440566928,67.16687440566928,67.16687440566928,0.9450622797012329,0.9495348682659845,ok,True,True,51.7060848584381,1.354854732275328,1.0,0.0,0.9804841750435145
914,1767152383657,66.85562178024335,67.02548753194827,67.23362487258224,67.23362487258224,67.23362487258224,0.9668731093406677,0.9599378129107945,ok,True,True,49.43111930227056,0.16986575170491847,1.0,0.0,0.9804841750435145
915,1767152383697,64.0152305324015,65.2193333322202,65.62803545759783,65.62803545759783,65.62803545759783,0.9720161557197571,0.967184818596172,ok,True,True,44.96395711438746,1.204102799818699,1.0,0.0,0.9804841750435145
916,1767152383735,60.272691344632854,62.2513481396678,62.79548355314238,62.79548355314238,62.79548355314238,0.974075973033905,0.9713195112588118,ok,True,True,39.016493195730725,1.9786567950349436,1.0,0.0,0.9804841750435145
917,1767152383837,54.26385662006762,57.458853227907696,58.19960498472188,58.19960498472188,58.19960498472188,0.9693523645401001,0.9701392232275848,ok,True,True,30.919989573218942,3.194996607840075,1.0,0.0,0.9804841750435145
918,1767152383871,47.79317166931246,51.65944429275055,52.50439701752639,52.50439701752639,52.50439701752639,0.9728187322616577,0.9717469286480286,ok,True,True,21.6845571438432,3.8662726234380926,1.0,0.0,0.9804841750435145
919,1767152383907,38.90584660222511,44.00728567843529,45.036288836051185,45.036288836051185,45.036288836051185,0.9619768857955933,0.9658849029365675,ok,True,True,10.437431886868556,5.101439076210177,1.0,0.0,0.9804841750435145
920,1767152383940,27.880029523519255,34.33093198548566,35.56454776405234,35.56454776405234,35.56454776405234,0.9743110537528992,0.9709405934263664,ok,True,True,-3.046133326542442,6.4509024619664075,1.0,0.0,0.9804841750435145
921,1767152383972,10.26920722067077,19.893897126596727,21.631509716881546,21.631509716881546,21.631509716881546,0.961929202079773,0.9655337586184104,ok,True,True,-22.03844283150953,9.624689905925957,1.0,0.0,0.9804841750435145
922,1767152384003,7.918052258175833,12.708390205544191,13.622279717280527,13.622279717280527,13.622279717280527,0.9808295965194702,0.9747112613590463,ok,True,True,-32.02736243147327,4.790337947368358,1.0,0.0,0.9804841750435145
923,1767152384038,6.3929619929802355,8.919133278005818,9.324885888994622,9.324885888994622,9.324885888994622,0.9801833033561707,0.9779944865573209,ok,True,True,-36.462286080987546,2.5261712850255824,1.0,0.0,0.9804841750435145
924,1767152384071,6.706726342939624,7.591689116966101,7.6494774847716815,7.6494774847716815,7.6494774847716815,0.9798474311828613,0.9791062533326451,ok,True,True,-37.09391972204591,0.8849627740264774,1.0,0.0,0.9804841750435145
925,1767152384102,7.887964950791419,7.769454617261292,7.618067110798742,7.618067110798742,7.618067110798742,0.9808547496795654,0.9801553511407972,ok,True,True,-35.43923651245275,0.11851033353012674,1.0,0.0,0.9804841750435145
926,1767152384135,9.187771113818094,8.620444515195373,8.376731268073089,8.376731268073089,8.376731268073089,0.9785866141319275,0.9792141089354754,ok,True,True,-32.775422123856345,0.5673265986227207,1.0,0.0,0.9804841750435145
927,1767152384166,11.801550624723895,10.529108180912486,10.166957589674503,10.166957589674503,10.166957589674503,0.9771666526794434,0.9779856351818562,ok,True,True,-28.817073666522035,1.2724424438114088,1.0,0.0,0.9804841750435145
928,1767152384199,15.609465766933376,13.577322732525019,13.089498507816042,13.089498507816042,13.089498507816042,0.9747548699378967,0.9760471760354805,ok,True,True,-23.48509764868318,2.0321430344083566,1.0,0.0,0.9804841750435145
929,1767152384233,20.988811949780775,18.024216262878472,17.38610062314722,17.38610062314722,17.38610062314722,0.9793546199798584,0.9780316424021073,ok,True,True,-16.5104188293098,2.964595686902303,1.0,0.0,0.9804841750435145
930,1767152384264,28.74229094706636,24.455061073391203,23.60469758862977,23.60469758862977,23.60469758862977,0.9684522747993469,0.972284021840451,ok,True,True,-7.2158461583876505,4.287229873675155,1.0,0.0,0.9804841750435145
931,1767152384297,37.67849711239717,32.389122696794786,31.381880174675224,31.381880174675224,31.381880174675224,0.9694041013717651,0.9705560695592395,ok,True,True,3.793432799197916,5.289374415602381,1.0,0.0,0.9804841750435145
932,1767152384341,47.06289208469099,41.193384329532506,40.112470080865904,40.112470080865904,40.112470080865904,0.9592578411102295,0.9637771324898334,ok,True,True,15.607952372654836,5.869507755158487,1.0,0.0,0.9804841750435145
933,1767152384371,56.38984817446337,50.31126263649102,49.23107705687727,49.23107705687727,49.23107705687727,0.9612799286842346,0.9622788102064741,ok,True,True,27.414507507861344,6.078585537972344,1.0,0.0,0.9804841750435145
934,1767152384403,64.53194483429185,58.84367195517152,57.872832686645204,57.872832686645204,57.872832686645204,0.9715351462364197,0.9678326118244415,ok,True,True,38.02589463207953,5.688272879120326,1.0,0.0,0.9804841750435145
935,1767152384436,67.32812756859003,63.93434532322263,63.39930617405641,63.39930617405641,63.39930617405641,0.9762300848960876,0.9728710956674291,ok,True,True,43.873935314481244,3.3937822453674045,1.0,0.0,0.9804841750435145
936,1767152384468,68.00830761959736,66.37872270104748,66.20942115211137,66.20942115211137,66.20942115211137,0.9372246265411377,0.9514832141916543,ok,True,True,45.72442111036158,1.629584918549881,1.0,0.0,0.9804841750435145
937,1767152384499,67.3914057451521,66.98633252751026,67.06972884459117,67.06972884459117,67.06972884459117,0.9504872560501099,0.9508856393067276,ok,True,True,44.81288957886214,0.4050732176418421,1.0,0.0,0.9804841750435145
938,1767152384541,65.21086047123526,65.92104929374526,66.21596278447385,66.21596278447385,66.21596278447385,0.9756209850311279,0.9657268467413679,ok,True,True,41.58945051976239,0.7101888225099913,1.0,0.0,0.9804841750435145
939,1767152384591,63.40344953491507,64.41048943844714,64.76671343756583,64.76671343756583,64.76671343756583,0.9722611308097839,0.9696474171824175,ok,True,True,37.6958804097241,1.0070399035320747,1.0,0.0,0.9804841750435145
940,1767152384632,56.744797938886315,59.81107453871065,60.504392253989636,60.504392253989636,60.504392253989636,0.9526432156562805,0.9594448962667353,ok,True,True,30.11783642714863,3.0662765998243344,1.0,0.0,0.9804841750435145
941,1767152384686,51.37537740644061,54.749656259348626,55.50396638281728,55.50396638281728,55.50396638281728,0.9708946347236633,0.9663147393408922,ok,True,True,21.87313826615148,3.374278852908013,1.0,0.0,0.9804841750435145
942,1767152384717,43.67721652445112,48.106192418410124,49.01320405457166,49.01320405457166,49.01320405457166,0.9494895339012146,0.9562196160770856,ok,True,True,11.959394653276966,4.428975893959006,1.0,0.0,0.9804841750435145
943,1767152384757,34.46720724091715,39.92280131191434,40.98183990725105,40.98183990725105,40.98183990725105,0.9540933966636658,0.9549438844290337,ok,True,True,0.3839785376263123,5.4555940709971935,1.0,0.0,0.9804841750435145
944,1767152384788,19.55501237999951,27.702127952765444,29.18565723881739,29.18565723881739,29.18565723881739,0.9794720411300659,0.969660778449653,ok,True,True,-15.831170637693123,8.147115572765934,1.0,0.0,0.9804841750435145
945,1767152384826,13.413023359831195,19.128665197004892,20.192194512640505,20.192194512640505,20.192194512640505,0.9542742371559143,0.9604288536734098,ok,True,True,-27.455670853156292,5.715641837173697,1.0,0.0,0.9804841750435145
946,1767152384859,10.705493293423086,14.074762054855809,14.655365700156505,14.655365700156505,14.655365700156505,0.9677192568778992,0.9648030955961034,ok,True,True,-33.80173682489024,3.369268761432723,1.0,0.0,0.9804841750435145
947,1767152384894,9.150039848683672,11.119928731152527,11.388756444361402,11.388756444361402,11.388756444361402,0.9786649346351624,0.9731201990195387,ok,True,True,-36.74005527476899,1.9698888824688545,1.0,0.0,0.9804841750435145
948,1767152384923,8.233431609735035,9.388030458302032,9.4746434371391,9.4746434371391,9.4746434371391,0.976902961730957,0.9753898566463897,ok,True,True,-37.68674529670946,1.1545988485669962,1.0,0.0,0.9804841750435145
949,1767152384955,9.959448764359319,9.730881441936404,9.562080912920559,9.562080912920559,9.562080912920559,0.9701862335205078,0.9722676827708606,ok,True,True,-35.84173570734775,0.228567322422915,1.0,0.0,0.9804841750435145
950,1767152384986,11.085127868775556,10.543429298039895,10.300565641160096,10.300565641160096,10.300565641160096,0.966569185256958,0.9688485842625191,ok,True,True,-33.18720743979346,0.5416985707356616,1.0,0.0,0.9804841750435145
951,1767152385020,13.267489301075097,12.177865299861015,11.844883160664123,11.844883160664123,11.844883160664123,0.9742578864097595,0.9720941655508634,ok,True,True,-29.547673585922844,1.0896240012140819,1.0,0.0,0.9804841750435145
952,1767152385049,16.991717474263666,15.066176604502605,14.596736003401361,14.596736003401361,14.596736003401361,0.9684689044952393,0.969919008917489,ok,True,True,-24.416632731268805,1.9255408697610612,1.0,0.0,0.9804841750435145
953,1767152385083,22.92404365328901,19.78089683377445,19.11147624201855,19.11147624201855,19.11147624201855,0.9788479804992676,0.9752763918665561,ok,True,True,-17.099787112912484,3.1431468195145627,1.0,0.0,0.9804841750435145
954,1767152385126,28.962247268156897,25.28970709440392,24.536562155045058,24.536562155045058,24.536562155045058,0.9794528484344482,0.9777822658072914,ok,True,True,-8.867824550959275,3.672540173752978,1.0,0.0,0.9804841750435145
955,1767152385163,36.85616818392301,32.229583748115374,31.338003128078462,31.338003128078462,31.338003128078462,0.9717587232589722,0.9741681402782999,ok,True,True,0.8772562449826715,4.6265844358076365,1.0,0.0,0.9804841750435145
956,1767152385203,45.755464953260926,40.345112471202704,39.34312503060888,39.34312503060888,39.34312503060888,0.9517031908035278,0.9606891705934366,ok,True,True,11.829096544855503,5.410352482058222,1.0,0.0,0.9804841750435145
957,1767152385236,54.342244544693415,48.74339171529712,47.73826858157108,47.73826858157108,47.73826858157108,0.9698268175125122,0.966171758744882,ok,True,True,22.815210338608807,5.598852829396293,1.0,0.0,0.9804841750435145
958,1767152385278,60.63963580065299,55.88113816651064,55.05721927855255,55.05721927855255,55.05721927855255,0.9763508439064026,0.9722792098417944,ok,True,True,31.8207404634356,4.758497634142351,1.0,0.0,0.9804841750435145
959,1767152385311,66.53133405687022,62.271255700726385,61.58450302778315,61.58450302778315,61.58450302778315,0.9670621156692505,0.969148953338268,ok,True,True,39.327027762932815,4.260078356143836,1.0,0.0,0.9804841750435145
960,1767152385342,69.08691028947956,66.36064845397829,65.97390500063422,65.97390500063422,65.97390500063422,0.9410949945449829,0.952316578062297,ok,True,True,43.554179088836996,2.726261835501276,1.0,0.0,0.9804841750435145
961,1767152385373,68.24720716229996,67.4925836789713,67.48512025689676,67.48512025689676,67.48512025689676,0.9638093113899231,0.9592122180588727,ok,True,True,43.63575516787687,0.7546234833286576,1.0,0.0,0.9804841750435145
962,1767152385407,65.36506726100247,66.21607382818999,66.52004184145903,66.52004184145903,66.52004184145903,0.965430498123169,0.9629431860974504,ok,True,True,40.31334911494351,0.8510065671875253,1.0,0.0,0.9804841750435145
963,1767152385441,62.85206155099033,64.1976664618702,64.60683266520834,64.60683266520834,64.60683266520834,0.9489960074424744,0.9545748789044648,ok,True,True,35.84111450049666,1.3456049108798709,1.0,0.0,0.9804841750435145
964,1767152385486,57.76766868523332,60.339667795888076,60.94924728064623,60.94924728064623,60.94924728064623,0.9638321399688721,0.9601292355431092,ok,True,True,29.178339203439407,2.571999110654758,1.0,0.0,0.9804841750435145
965,1767152385535,50.93938444785766,54.69949778706983,55.505559453601954,55.505559453601954,55.505559453601954,0.9593073725700378,0.9596361177592664,ok,True,True,20.367990604182125,3.760113339212168,1.0,0.0,0.9804841750435145
966,1767152385572,43.06687236112821,47.719922531504864,48.66462268464301,48.66462268464301,48.66462268464301,0.9635061025619507,0.961958108640877,ok,True,True,10.042307078345955,4.653050170376652,1.0,0.0,0.9804841750435145
967,1767152385606,33.0359882252936,38.9095619477781,40.035648652500726,40.035648652500726,40.035648652500726,0.9646360874176025,0.9635648959069123,ok,True,True,-2.265952740383277,5.873573722484501,1.0,0.0,0.9804841750435145
968,1767152385639,17.67646091057439,26.169701325455875,27.708799919809394,27.708799919809394,27.708799919809394,0.9809123873710632,0.9739733907854029,ok,True,True,-19.088480975995644,8.493240414881484,1.0,0.0,0.9804841750435145
969,1767152385672,12.625603754194286,18.043242782698922,19.050967569950988,19.050967569950988,19.050967569950988,0.9517573714256287,0.9606437791695384,ok,True,True,-30.10303114806893,5.417639028504636,1.0,0.0,0.9804841750435145
970,1767152385703,9.982777203838467,13.206963435382649,13.747201985900391,13.747201985900391,13.747201985900391,0.9660289287567139,0.9638748689218437,ok,True,True,-36.00790189734565,3.2241862315441825,1.0,0.0,0.9804841750435145
971,1767152385739,9.156666527845896,10.776785290860598,10.974345722583232,10.974345722583232,10.974345722583232,0.9778574705123901,0.9722644298761716,ok,True,True,-38.167260598007545,1.6201187630147018,1.0,0.0,0.9804841750435145
972,1767152385770,8.710609982781547,9.537080106013168,9.555497795048495,9.555497795048495,9.555497795048495,0.9808468818664551,0.9774139010703418,ok,True,True,-38.36856810031325,0.826470123231621,1.0,0.0,0.9804841750435145
973,1767152385802,9.890469229836349,9.749113580307077,9.584765565368066,9.584765565368066,9.584765565368066,0.9780351519584656,0.9777866516032161,ok,True,True,-36.572225012273684,0.14135564952927204,1.0,0.0,0.9804841750435145
974,1767152385834,10.860700119768097,10.416065503983688,10.187230637610622,10.187230637610622,10.187230637610622,0.9720075726509094,0.974319204231832,ok,True,True,-34.07103307110993,0.444634615784409,1.0,0.0,0.9804841750435145
975,1767152385868,13.665716510503705,12.365856107895699,11.995956060745742,11.995956060745742,11.995956060745742,0.9739177227020264,0.9740783153139486,ok,True,True,-30.027982151329034,1.2998604026080063,1.0,0.0,0.9804841750435145
976,1767152385899,17.047064326243024,15.174581038904094,14.708115661240972,14.708115661240972,14.708115661240972,0.9686266183853149,0.9708072971567684,ok,True,True,-24.929460837969284,1.8724832873389303,1.0,0.0,0.9804841750435145
977,1767152385931,22.431652080118997,19.528823663633034,18.898058902567566,18.898058902567566,18.898058902567566,0.9743348956108093,0.9729238562291929,ok,True,True,-18.035127984972178,2.9028284164859635,1.0,0.0,0.9804841750435145
978,1767152385964,28.549059741417565,24.940965310303753,24.199443777144985,24.199443777144985,24.199443777144985,0.9792575836181641,0.9767240926625755,ok,True,True,-9.930210616687791,3.6080944311138126,1.0,0.0,0.9804841750435145
979,1767152386016,36.53039190035647,31.894621264335385,30.99884773002398,30.99884773002398,30.99884773002398,0.974398136138916,0.9753285187483798,ok,True,True,-0.13930077572499577,4.6357706360210855,1.0,0.0,0.9804841750435145
980,1767152386048,44.089662644762065,39.211646092591394,38.294527029729984,38.294527029729984,38.294527029729984,0.9650691747665405,0.9691729123592763,ok,True,True,9.88491819699447,4.878016552170671,1.0,0.0,0.9804841750435145
981,1767152386081,50.97293739924452,46.26842087658327,45.41525731800565,45.41525731800565,45.41525731800565,0.9715287685394287,0.9705864260673677,ok,True,True,19.210096003290936,4.704516522661251,1.0,0.0,0.9804841750435145
982,1767152386113,55.89666921617174,52.04536988033635,51.37687255910585,51.37687255910585,51.37687255910585,0.9503859281539917,0.9584661273193421,ok,True,True,26.516850166467272,3.8512993358353853,1.0,0.0,0.9804841750435145
983,1767152386148,58.82843736947772,56.11521037382117,55.68502989957021,55.68502989957021,55.68502989957021,0.9576426148414612,0.9579720198326136,ok,True,True,31.218773227826194,2.713226995656548,1.0,0.0,0.9804841750435145
984,1767152386179,61.73540001778443,59.48732416019912,59.179104290815026,59.179104290815026,59.179104290815026,0.9693959355354309,0.964826369254304,ok,True,True,34.58765256701408,2.248075857585306,1.0,0.0,0.9804841750435145
985,1767152386212,63.280571477249595,61.763272550429406,61.60353628456737,61.60353628456737,61.60353628456737,0.9566050171852112,0.9598935580128484,ok,True,True,36.333588696495156,1.5172989268201889,1.0,0.0,0.9804841750435145
986,1767152386245,61.3359601203218,61.50688509236484,61.652840681133895,61.652840681133895,61.652840681133895,0.9554005265235901,0.9571977391192934,ok,True,True,34.738276984678436,0.17092497204303925,1.0,0.0,0.9804841750435145
987,1767152386295,60.67389567444831,61.007091441614925,61.20839498528733,61.20839498528733,61.20839498528733,0.9644553661346436,0.9615523153285035,ok,True,True,32.538005631185165,0.3331957671666146,1.0,0.0,0.9804841750435145
988,1767152386335,57.300571140678166,58.783179261052865,59.17489716900614,59.17489716900614,59.17489716900614,0.9703331589698792,0.9668208215133289,ok,True,True,28.256482932695008,1.4826081203746995,1.0,0.0,0.9804841750435145
989,1767152386392,52.377730160932344,54.93990980098055,55.517681624035326,55.517681624035326,55.517681624035326,0.9709224104881287,0.9692817748982088,ok,True,True,21.94136911039777,2.562179640048207,1.0,0.0,0.9804841750435145
990,1767152386426,38.74616260062652,45.22366148076813,46.4541665509747,46.4541665509747,46.4541665509747,0.9435016512870789,0.9538137007315308,ok,True,True,8.491804304376362,6.47749888014161,1.0,0.0,0.9804841750435145
991,1767152386464,29.311030140349953,35.676082676517225,36.91057710670524,36.91057710670524,36.91057710670524,0.9620006680488586,0.9587258811219275,ok,True,True,-5.001364674357685,6.365052536167273,1.0,0.0,0.9804841750435145
992,1767152386503,18.616765418548045,25.440492321735718,26.702021014464705,26.702021014464705,26.702021014464705,0.9736676216125488,0.9676909254163002,ok,True,True,-18.79002131489126,6.823726903187673,1.0,0.0,0.9804841750435145
993,1767152386538,9.255072426038057,15.729240384317123,16.883970009239754,16.883970009239754,16.883970009239754,0.9584726691246033,0.962159971641282,ok,True,True,-31.411351612394697,6.474167958279066,1.0,0.0,0.9804841750435145
994,1767152386574,6.386323819144706,10.123490445213672,10.761146285219617,10.761146285219617,10.761146285219617,0.9826123118400574,0.9744313757605473,ok,True,True,-38.38100476681712,3.7371666260689667,1.0,0.0,0.9804841750435145
995,1767152386604,5.91001329393297,7.595404154445251,7.805935705589907,7.805935705589907,7.805935705589907,0.9815170168876648,0.9786827604368178,ok,True,True,-40.68213932480552,1.685390860512281,1.0,0.0,0.9804841750435145
996,1767152386635,6.0486275593574845,6.667338197392591,6.64306672984614,6.64306672984614,6.64306672984614,0.9788195490837097,0.9787648336249529,ok,True,True,-40.416849336485164,0.6187106380351066,1.0,0.0,0.9804841750435145
997,1767152386668,7.2966214824471,7.044908168425296,6.849700795604609,6.849700795604609,6.849700795604609,0.9750887751579285,0.9765591985447383,ok,True,True,-38.28320984573176,0.25171331402180375,1.0,0.0,0.9804841750435145
998,1767152386697,10.691590486056725,9.232917559004154,8.824513619005012,8.824513619005012,8.824513619005012,0.9748347401618958,0.9755245235150327,ok,True,True,-33.81930685902498,1.4586729270525716,1.0,0.0,0.9804841750435145
999,1767152386728,14.54421416009875,12.419695519660912,11.892635188400273,11.892635188400273,11.892635188400273,0.9686574935913086,0.9714043055607983,ok,True,True,-28.058475592573494,2.124518640437838,1.0,0.0,0.9804841750435145
1000,1767152386761,18.295903107820795,15.945420072556843,15.388719841772149,15.388719841772149,15.388719841772149,0.9618971943855286,0.9657000388556365,ok,True,True,-21.9736767463494,2.3504830352639523,1.0,0.0,0.9804841750435145
1001,1767152386797,23.50077739185851,20.478634464137844,19.82882066926652,19.82882066926652,19.82882066926652,0.9665967226028442,0.966238049103961,ok,True,True,-14.871135718622131,3.0221429277206653,1.0,0.0,0.9804841750435145
1002,1767152386828,30.917933742817212,26.742214031345465,25.915311311500783,25.915311311500783,25.915311311500783,0.9701883792877197,0.9686082472142163,ok,True,True,-5.832991961149089,4.175719711471746,1.0,0.0,0.9804841750435145
1003,1767152386864,39.666213494230995,34.49661370907678,33.517185493311345,33.517185493311345,33.517185493311345,0.9650987982749939,0.9665025778506828,ok,True,True,4.872273364228139,5.169599785154212,1.0,0.0,0.9804841750435145
1004,1767152386914,48.080343092573145,42.6468513391746,41.64604812443523,41.64604812443523,41.64604812443523,0.9620843529701233,0.9638516429223472,ok,True,True,15.811169936553618,5.433491753398542,1.0,0.0,0.9804841750435145
1005,1767152386962,54.18229041827209,49.568114786633096,48.74278239353916,48.74278239353916,48.74278239353916,0.9727811813354492,0.9692093659702083,ok,True,True,24.83214983837737,4.614175631638993,1.0,0.0,0.9804841750435145
1006,1767152386997,59.429953623699866,55.48521808887316,54.82510002654182,54.82510002654182,54.82510002654182,0.9744246006011963,0.9723385067488011,ok,True,True,32.047317718555476,3.9447355348267052,1.0,0.0,0.9804841750435145
1007,1767152387029,64.24596310971857,60.741665101380406,60.200561446385336,60.200561446385336,60.200561446385336,0.9657189249992371,0.9683667576990627,ok,True,True,37.961644161281626,3.504298008338168,1.0,0.0,0.9804841750435145
1008,1767152387062,64.38962353672541,62.9304401625874,62.7669936458396,62.7669936458396,62.7669936458396,0.9620566368103027,0.9645806851658068,ok,True,True,39.7481337683086,1.4591833741380071,1.0,0.0,0.9804841750435145
1009,1767152387098,62.49987625549802,62.67210181833377,62.830563886506425,62.830563886506425,62.830563886506425,0.9647189974784851,0.9646636725534138,ok,True,True,38.016124769088066,0.17222556283574875,1.0,0.0,0.9804841750435145
1010,1767152387147,59.25861977070333,60.62401258975551,61.01170592011702,61.01170592011702,61.01170592011702,0.9556025862693787,0.9592270207829927,ok,True,True,33.77859117592365,1.3653928190521754,1.0,0.0,0.9804841750435145
1011,1767152387179,53.66234611318213,56.44701270381148,57.08212522880862,57.08212522880862,57.08212522880862,0.9540519118309021,0.9561219554117384,ok,True,True,26.836736752982564,2.7846665906293495,1.0,0.0,0.9804841750435145
1012,1767152387218,46.75971432884853,50.63463367883371,51.45405336338864,51.45405336338864,51.45405336338864,0.9538494944572449,0.9547584788390423,ok,True,True,17.880383449293184,3.874919349985177,1.0,0.0,0.9804841750435145
1013,1767152387263,39.263819465728126,43.81214515097036,44.731549831626054,44.731549831626054,44.731549831626054,0.9667032361030579,0.9619253331974517,ok,True,True,7.831182405885587,4.548325685242233,1.0,0.0,0.9804841750435145
1014,1767152387299,30.291686698972306,35.69987007977153,36.73699698385717,36.73699698385717,36.73699698385717,0.9619447588920593,0.9619369886142163,ok,True,True,-3.5047363532516727,5.408183380799223,1.0,0.0,0.9804841750435145
1015,1767152387334,21.820032008058877,27.371967236743938,28.40412609776205,28.40412609776205,28.40412609776205,0.9605464935302734,0.9611026915638505,ok,True,True,-14.78635381870586,5.5519352286850605,1.0,0.0,0.9804841750435145
1016,1767152387365,15.839784536011326,20.45265761630437,21.285083974992467,21.285083974992467,21.285083974992467,0.9481633305549622,0.9533390749585176,ok,True,True,-23.88487159688662,4.6128730802930455,1.0,0.0,0.9804841750435145
1017,1767152387402,8.803826035975018,13.463358668106759,14.247456432317211,14.247456432317211,14.247456432317211,0.9715296626091003,0.9642534275488672,ok,True,True,-32.45515216650236,4.659532632131741,1.0,0.0,0.9804841750435145
1018,1767152387433,7.755655513676494,10.038736775448601,10.387716725655608,10.387716725655608,10.387716725655608,0.9864310622215271,0.9775600083524632,ok,True,True,-36.26954397191225,2.2830812617721072,1.0,0.0,0.9804841750435145
1019,1767152387468,8.403966582936635,9.057874659941422,9.071363104019701,9.071363104019701,9.071363104019701,0.9836176037788391,0.9811945656082888,ok,True,True,-36.416974248435,0.6539080770047878,1.0,0.0,0.9804841750435145
1020,1767152387500,9.105463505594173,9.086427967333073,8.949267722739492,8.949267722739492,8.949267722739492,0.9801146984100342,0.980546645289336,ok,True,True,-34.91779668051044,0.01903553826110027,1.0,0.0,0.9804841750435145
1021,1767152387530,10.570097536524889,9.976629708848161,9.732067889943865,9.732067889943865,9.732067889943865,0.9694381356239319,0.9738815394900935,ok,True,True,-32.24470730276441,0.5934678276767276,1.0,0.0,0.9804841750435145
1022,1767152387560,13.336658497707655,11.992646982163857,11.620394707841092,11.620394707841092,11.620394707841092,0.9800673723220825,0.9775930391892869,ok,True,True,-28.175946263972087,1.344011515543798,1.0,0.0,0.9804841750435145
1023,1767152387591,16.79940009514288,14.876698849951271,14.408453949094774,14.408453949094774,14.408453949094774,0.9599202871322632,0.9669893879550726,ok,True,True,-23.057974553297765,1.9227012451916075,1.0,0.0,0.9804841750435145
1024,1767152387622,21.24240168497133,18.696120550963307,18.131808948085393,18.131808948085393,18.131808948085393,0.9594604969024658,0.9624720533235085,ok,True,True,-16.889982516968935,2.546281134008023,1.0,0.0,0.9804841750435145
1025,1767152387657,27.10462759882615,23.741224779681012,23.052343753167897,23.052343753167897,23.052343753167897,0.9792734980583191,0.9725529201643948,ok,True,True,-9.360432063209839,3.3634028191451364,1.0,0.0,0.9804841750435145
1026,1767152387694,33.60560101374862,29.659850520121577,28.887587693697686,28.887587693697686,28.887587693697686,0.9736875295639038,0.9732336858041002,ok,True,True,-0.9195087523243721,3.9457504936270418,1.0,0.0,0.9804841750435145
1027,1767152387733,42.81985757906999,37.55585475549063,36.5849999321384,36.5849999321384,36.5849999321384,0.9652369022369385,0.9684356156638031,ok,True,True,9.692048387966159,5.264002823579361,1.0,0.0,0.9804841750435145
1028,1767152387772,52.53404622325161,46.54276963614721,45.46747532430466,45.46747532430466,45.46747532430466,0.959584653377533,0.9631250382920411,ok,True,True,21.445141392487344,5.9912765871043945,1.0,0.0,0.9804841750435145
1029,1767152387803,60.836671743166825,55.11911090035898,54.12170712764197,54.12170712764197,54.12170712764197,0.9455622434616089,0.9525873613937818,ok,True,True,32.34688166461458,5.717560842807842,1.0,0.0,0.9804841750435145
1030,1767152387837,67.65188078965431,62.63877283393618,61.80855111490692,61.80855111490692,61.80855111490692,0.9703842997550964,0.9632655244105706,ok,True,True,41.421302472629705,5.013107955718134,1.0,0.0,0.9804841750435145
1031,1767152387872,71.17089456027021,67.7580458697366,67.24814027392564,67.24814027392564,67.24814027392564,0.9614224433898926,0.9621596757981637,ok,True,True,46.994630467662915,3.4128486905336075,1.0,0.0,0.9804841750435145
1032,1767152387904,69.30496998947423,68.68620034157918,68.70053368491611,68.70053368491611,68.70053368491611,0.9536153078079224,0.9570330550040189,ok,True,True,46.83796534310175,0.61876964789505,1.0,0.0,0.9804841750435145
1033,1767152387935,67.94746056644003,68.24295647649569,68.46827223850438,68.46827223850438,68.46827223850438,0.9576881527900696,0.9574261136756493,ok,True,True,44.37523762557576,0.29549591005566356,1.0,0.0,0.9804841750435145
1034,1767152387970,65.1490363708467,66.3866044131063,66.78401720498347,66.78401720498347,66.78401720498347,0.9649128913879395,0.9619181803030235,ok,True,True,40.03146917755418,1.2375680422595963,1.0,0.0,0.9804841750435145
1035,1767152388016,58.87883576459786,61.88194322400123,62.577971640031755,62.577971640031755,62.577971640031755,0.9553439021110535,0.9579736133878415,ok,True,True,32.42379691768819,3.003107459403374,1.0,0.0,0.9804841750435145
1036,1767152388066,52.17992982264351,56.060735183186594,56.90872390065843,56.90872390065843,56.90872390065843,0.9593750834465027,0.9588144954230382,ok,True,True,23.15518073189883,3.8808053605430857,1.0,0.0,0.9804841750435145
1037,1767152388107,44.548265625742395,49.15325344872008,50.104955772408545,50.104955772408545,50.104955772408545,0.9708172678947449,0.9660161589060622,ok,True,True,12.752962660306082,4.604987822977684,1.0,0.0,0.9804841750435145
1038,1767152388139,36.215748207889,41.390750304221434,42.410755119405735,42.410755119405735,42.410755119405735,0.9540784955024719,0.958853560863908,ok,True,True,1.6041903419830614,5.175002096332435,1.0,0.0,0.9804841750435145
1039,1767152388175,28.45084350533499,33.62680622488957,34.61311904229645,34.61311904229645,34.61311904229645,0.9695512056350708,0.9652721477266057,ok,True,True,-9.176324487180937,5.17596271955458,1.0,0.0,0.9804841750435145
1040,1767152388206,15.139385354654726,22.534353702748664,23.84828329833885,23.84828329833885,23.84828329833885,0.9608586430549622,0.9626240449236195,ok,True,True,-23.537729144760412,7.394968348093938,1.0,0.0,0.9804841750435145
1041,1767152388239,10.981296484781888,15.602519371968597,16.435234002618962,16.435234002618962,16.435234002618962,0.9822555184364319,0.9744029290313069,ok,True,True,-32.63939776931487,4.621222887186709,1.0,0.0,0.9804841750435145
1042,1767152388278,9.664018418326634,12.03941879978342,12.408594376835017,12.408594376835017,12.408594376835017,0.9820480346679688,0.978989992413304,ok,True,True,-36.67453014591068,2.3754003814567852,1.0,0.0,0.9804841750435145
1043,1767152388311,8.361010988783603,9.83237411318353,9.983459702269883,9.983459702269883,9.983459702269883,0.9805898666381836,0.9799499169482317,ok,True,True,-38.325913363154726,1.471363124399927,1.0,0.0,0.9804841750435145
1044,1767152388342,7.6371971578980435,8.515267940012238,8.536546962623632,8.536546962623632,8.536546962623632,0.9854535460472107,0.9832520944076191,ok,True,True,-38.55849557719851,0.8780707821141949,1.0,0.0,0.9804841750435145
1045,1767152388373,8.644199507742973,8.59262688065068,8.442922177594594,8.442922177594594,8.442922177594594,0.9851937294006348,0.9844170754034285,ok,True,True,-36.92220560629979,0.05157262709229293,1.0,0.0,0.9804841750435145
1046,1767152388404,10.13071939665265,9.515482390251861,9.258419331524518,9.258419331524518,9.258419331524518,0.9792556166648865,0.9813202001603032,ok,True,True,-34.112476210380194,0.6152370064007879,1.0,0.0,0.9804841750435145
1047,1767152388434,11.944642065401982,10.972978195341934,10.65471677277798,10.65471677277798,10.65471677277798,0.9792748093605042,0.9800929656804238,ok,True,True,-30.633841516650836,0.9716638700600484,1.0,0.0,0.9804841750435145
1048,1767152388467,15.176754537579937,13.495244000684735,13.064258568722474,13.064258568722474,13.064258568722474,0.9806181192398071,0.9804080578160538,ok,True,True,-25.923120173052887,1.6815105368952015,1.0,0.0,0.9804841750435145
1049,1767152388501,19.44310598800678,17.063961193077965,16.521129259539904,16.521129259539904,16.521129259539904,0.9679603576660156,0.972939437726031,ok,True,True,-19.989903443053997,2.3791447949288163,1.0,0.0,0.9804841750435145
1050,1767152388536,25.189827677123375,21.93948108350521,21.260391655625792,21.260391655625792,21.260391655625792,0.9828522205352783,0.9788871074115795,ok,True,True,-12.567376311316956,3.250346593618165,1.0,0.0,0.9804841750435145
1051,1767152388570,31.645914392777023,27.763341069068296,26.99081699571935,26.99081699571935,26.99081699571935,0.9644178748130798,0.9702055678524797,ok,True,True,-4.123597540885639,3.8825733237087263,1.0,0.0,0.9804841750435145
1052,1767152388601,39.46864304940832,34.78652225727231,33.90113101906836,33.90113101906836,33.90113101906836,0.9634075164794922,0.9661267370286872,ok,True,True,5.55383258535398,4.682120792136011,1.0,0.0,0.9804841750435145
1053,1767152388638,48.66657143129528,43.11455176168609,42.106936510324516,42.106936510324516,42.106936510324516,0.9604527354240417,0.9627223360658999,ok,True,True,16.567185517291094,5.552019669609194,1.0,0.0,0.9804841750435145
1054,1767152388668,56.15769025765609,50.94043485926809,50.0161933987011,50.0161933987011,50.0161933987011,0.9661116003990173,0.9647558946657703,ok,True,True,26.669253132681636,5.217255398388005,1.0,0.0,0.9804841750435145
1055,1767152388698,63.80660795919294,58.660138719223,57.79463443480864,57.79463443480864,57.79463443480864,0.9380348324775696,0.9487232573528498,ok,True,True,36.129316520446395,5.146469239969939,1.0,0.0,0.9804841750435145
1056,1767152388728,69.72332437186563,65.29805011080857,64.59502968364801,64.59502968364801,64.59502968364801,0.96624755859375,0.9592378380973899,ok,True,True,43.813412282413104,4.425274261057055,1.0,0.0,0.9804841750435145
1057,1767152388761,69.37290925606281,67.74296559796112,67.55463104880195,67.55463104880195,67.55463104880195,0.9761437177658081,0.9693813658984409,ok,True,True,45.87193100408222,1.6299436581016948,1.0,0.0,0.9804841750435145
1058,1767152388793,69.11129049156642,68.5639605341243,68.62196627162501,68.62196627162501,68.62196627162501,0.9503791928291321,0.9579800620568556,ok,True,True,45.23792148674973,0.5473299574421162,1.0,0.0,0.9804841750435145
1059,1767152388837,68.14114581168448,68.31027170066041,68.51335352279582,68.51335352279582,68.51335352279582,0.972037672996521,0.9664146286206549,ok,True,True,43.0182133409908,0.16912588897592684,1.0,0.0,0.9804841750435145
1060,1767152388870,63.719702481645704,65.55593016925158,66.04603446055008,66.04603446055008,66.04603446055008,0.9479731917381287,0.9553497664911391,ok,True,True,37.66131592778329,1.8362276876058772,1.0,0.0,0.9804841750435145
1061,1767152388905,58.08939884379535,61.07601137397784,61.770805869378165,61.770805869378165,61.770805869378165,0.9638781547546387,0.9604667994492389,ok,True,True,30.06713056519485,2.986612530182491,1.0,0.0,0.9804841750435145
1062,1767152388947,51.50793972636832,55.33516838541213,56.165282834176026,56.165282834176026,56.165282834176026,0.9607043266296387,0.9606093157574788,ok,True,True,20.99388223376738,3.8272286590438114,1.0,0.0,0.9804841750435145
1063,1767152388985,43.16627254856154,48.033830883301775,49.019454656141534,49.019454656141534,49.019454656141534,0.9586420655250549,0.9594289656180245,ok,True,True,10.22089874257514,4.867558334740238,1.0,0.0,0.9804841750435145
1064,1767152389040,34.73215371333628,40.05282458132248,41.09158177966738,41.09158177966738,41.09158177966738,0.968475878238678,0.9648571131904167,ok,True,True,-1.132839324116123,5.320670867986202,1.0,0.0,0.9804841750435145
1065,1767152389072,26.013604934434365,31.629292793189613,32.681130370198446,32.681130370198446,32.681130370198446,0.9705668091773987,0.968282930782606,ok,True,True,-12.629547464468574,5.615687858755248,1.0,0.0,0.9804841750435145
1066,1767152389107,18.509071824322795,23.75716021186952,24.706147758297213,24.706147758297213,24.706147758297213,0.9568082690238953,0.9613981337273796,ok,True,True,-23.002092702046404,5.248088387546726,1.0,0.0,0.9804841750435145
1067,1767152389146,12.800098642350585,17.18292327015816,17.936990559222004,17.936990559222004,17.936990559222004,0.9573211073875427,0.9589519179234774,ok,True,True,-31.24413665450449,4.382824627807574,1.0,0.0,0.9804841750435145
1068,1767152389177,8.030665572577025,11.69156865160948,12.272362837651212,12.272362837651212,12.272362837651212,0.9789893627166748,0.9709743847993959,ok,True,True,-37.5922852588962,3.6609030790324546,1.0,0.0,0.9804841750435145
1069,1767152389221,6.562450950910783,8.614098031190263,8.882532468343344,8.882532468343344,8.882532468343344,0.9824234247207642,0.9778438087522169,ok,True,True,-40.526305155337724,2.05164708027948,1.0,0.0,0.9804841750435145
1070,1767152389253,7.622254082597284,8.018991662034477,7.964601843367601,7.964601843367601,7.964601843367601,0.9798795580863953,0.979065258352724,ok,True,True,-39.93181805515446,0.39673757943719234,1.0,0.0,0.9804841750435145
1071,1767152389282,8.554822675434465,8.34049027007447,8.149983839190194,8.149983839190194,8.149983839190194,0.9764946699142456,0.9775229052896369,ok,True,True,-37.84956041137914,0.2143324053599951,1.0,0.0,0.9804841750435145
1072,1767152389312,9.935085804282426,9.297247590599245,9.028397181454174,9.028397181454174,9.028397181454174,0.9741308093070984,0.9754876477001138,ok,True,True,-34.9109938922546,0.6378382136831817,1.0,0.0,0.9804841750435145
1073,1767152389341,12.78866144240885,11.392095901685007,10.998415662572,10.998415662572,10.998415662572,0.9828798174858093,0.9799229495715311,ok,True,True,-30.60802268392668,1.3965655407238433,1.0,0.0,0.9804841750435145
1074,1767152389376,16.36763142900072,14.377417218074434,13.886430658112499,13.886430658112499,13.886430658112499,0.9806488752365112,0.9803585049705191,ok,True,True,-25.241481970701493,1.9902142109262861,1.0,0.0,0.9804841750435145
1075,1767152389411,21.775886715218437,18.816498916360835,18.17236806602099,18.17236806602099,18.17236806602099,0.9709869027137756,0.9747355436164731,ok,True,True,-18.201056193545522,2.959387798857602,1.0,0.0,0.9804841750435145
1076,1767152389444,27.154353555557755,23.819211699878988,23.121276017568846,23.121276017568846,23.121276017568846,0.9688403010368347,0.97119839806869,ok,True,True,-10.572537289442803,3.335141855678767,1.0,0.0,0.9804841750435145
1077,1767152389479,33.40068547268196,29.568095963560772,28.809257524363154,28.809257524363154,28.809257524363154,0.9781537652015686,0.9753716183484171,ok,True,True,-2.278344106171181,3.832589509121185,1.0,0.0,0.9804841750435145
1078,1767152389670,41.501642696740106,36.72822400346837,35.83594076113222,35.83594076113222,35.83594076113222,0.9651573300361633,0.9692430453610648,ok,True,True,7.474416433947823,4.773418693271736,1.0,0.0,0.9804841750435145
1079,1767152389698,52.02284936454925,45.9049992201169,44.809034307568766,44.809034307568766,44.809034307568766,0.9720547795295715,0.9709300858621688,ok,True,True,19.45344152968942,6.117850144432353,1.0,0.0,0.9804841750435145
1080,1767152389728,60.83478661674427,54.862871658093326,53.81317004628919,53.81317004628919,53.81317004628919,0.9615791440010071,0.9653195207454718,ok,True,True,30.92680331971833,5.971914958650942,1.0,0.0,0.9804841750435145
1081,1767152389759,66.09997345163052,61.605132734215644,60.85055415624761,60.85055415624761,60.85055415624761,0.9562134742736816,0.9598558928623977,ok,True,True,39.17443571989437,4.494840717414874,1.0,0.0,0.9804841750435145
1082,1767152389797,54.84254445309953,57.547579765545976,58.061950090702304,58.061950090702304,58.061950090702304,0.947999894618988,0.9527422939163519,ok,True,True,33.55230770922064,2.705035312446448,1.0,0.0,0.9804841750435145
1083,1767152389826,46.274018402880586,50.78344294794674,51.720592644569955,51.720592644569955,51.720592644569955,0.8858874440193176,0.9126293839781314,ok,True,True,23.309151559070603,4.509424545066153,1.0,0.0,0.9804841750435145
1084,1767152389869,37.7860412758694,42.985001944700336,44.046664762164596,44.046664762164596,44.046664762164596,0.966834545135498,0.9451524806725513,ok,True,True,11.705052387636975,5.198960668830935,1.0,0.0,0.9804841750435145
1085,1767152389905,21.207049817211725,29.91823066820717,31.538599583013035,31.538599583013035,31.538599583013035,0.9839639067649841,0.968439336328011,ok,True,True,-6.005769986858116,8.711180850995444,1.0,0.0,0.9804841750435145
1086,1767152389943,14.906928576341437,20.91144941308773,22.075164608617747,22.075164608617747,22.075164608617747,0.9606137275695801,0.9637439710729525,ok,True,True,-18.725313625475884,6.004520836746293,1.0,0.0,0.9804841750435145
1087,1767152389977,10.850579059920161,14.874927201187187,15.60885759601805,15.60885759601805,15.60885759601805,0.9825470447540283,0.975025815281598,ok,True,True,-26.747258961084704,4.024348141267026,1.0,0.0,0.9804841750435145
1088,1767152390009,8.705931650745077,11.173529870921922,11.569035310978911,11.569035310978911,11.569035310978911,0.9848276972770691,0.9809069444788807,ok,True,True,-31.070179829901235,2.4675982201768445,1.0,0.0,0.9804841750435145
1089,1767152390037,8.633204852723606,9.649334860002933,9.74799801646226,9.74799801646226,9.74799801646226,0.9879742860794067,0.9851473494391962,ok,True,True,-32.14857970723257,1.016130007279326,1.0,0.0,0.9804841750435145
1090,1767152390073,8.463727389466367,8.937970377680994,8.908775072264396,8.908775072264396,8.908775072264396,0.980338990688324,0.9822623341886729,ok,True,True,-31.829471593223566,0.47424298821462685,1.0,0.0,0.9804841750435145
1091,1767152390167,9.568572398511353,9.31633159017921,9.152433254256488,9.152433254256488,9.152433254256488,0.9759172797203064,0.978455301507653,ok,True,True,-30.03804354959781,0.252240808332143,1.0,0.0,0.9804841750435145
1092,1767152390199,11.042471136128539,10.352015317748807,10.106386358689985,10.106386358689985,10.106386358689985,0.9809092283248901,0.9799276575979953,ok,True,True,-27.35329020474355,0.690455818379732,1.0,0.0,0.9804841750435145
1093,1767152390230,13.571057875810043,12.28344085258555,11.938707572352609,11.938707572352609,11.938707572352609,0.9828529357910156,0.9816828245138075,ok,True,True,-23.58531500045859,1.2876170232244935,1.0,0.0,0.9804841750435145
1094,1767152390261,16.703735676534748,14.935617746955067,14.513400999378394,14.513400999378394,14.513400999378394,0.9794110059738159,0.9803197333898126,ok,True,True,-18.970436406121088,1.768117929579681,1.0,0.0,0.9804841750435145
1095,1767152390297,25.952706155247114,21.545870791930295,20.690428108055997,20.690428108055997,20.690428108055997,0.9790781140327454,0.9795747617755723,ok,True,True,-9.620347492897164,4.406835363316819,1.0,0.0,0.9804841750435145
1096,1767152390327,32.747483419929154,28.26683836872961,27.385472773540965,27.385472773540965,27.385472773540965,0.9740363955497742,0.9762517420400935,ok,True,True,0.013081882812240764,4.480645051199545,1.0,0.0,0.9804841750435145
1097,1767152390360,41.147744694924874,35.99538216444677,35.034509866498844,35.034509866498844,35.034509866498844,0.9751890897750854,0.9756141506810886,ok,True,True,10.515528849074553,5.152362530478108,1.0,0.0,0.9804841750435145
1098,1767152390395,49.6956320592188,44.21553210130999,43.22999129876667,43.22999129876667,43.22999129876667,0.9573422074317932,0.9646509847315113,ok,True,True,21.287605465190886,5.480099957908813,1.0,0.0,0.9804841750435145
1099,1767152390428,56.65549007461765,51.679506885294586,50.815681326090754,50.815681326090754,50.815681326090754,0.9829401969909668,0.9756245120871847,ok,True,True,30.72932018942138,4.975983189323067,1.0,0.0,0.9804841750435145
1100,1767152390469,63.61897465944528,58.843187549785,58.061586127106295,58.061586127106295,58.061586127106295,0.9513452649116516,0.9610569637818649,ok,True,True,39.27231545317196,4.775787109660278,1.0,0.0,0.9804841750435145
1101,1767152390501,67.93019556713098,64.2953923601926,63.74576109473094,63.74576109473094,63.74576109473094,0.951992392539978,0.9556182210367328,ok,True,True,45.27984967893593,3.634803206938386,1.0,0.0,0.9804841750435145
1102,1767152390544,70.23566495056217,67.85955591441433,67.568880792654,67.568880792654,67.568880792654,0.9686736464500427,0.9634514762847187,ok,True,True,48.45696286787823,2.376109036147838,1.0,0.0,0.9804841750435145
1103,1767152390574,70.23421662172532,69.28435233880093,69.27316497489086,69.27316497489086,69.27316497489086,0.9598729610443115,0.9613043671404744,ok,True,True,48.57924206815142,0.9498642829243948,1.0,0.0,0.9804841750435145
1104,1767152390629,68.21842450033603,68.64479563572199,68.89565081278761,68.89565081278761,68.89565081278761,0.9631055593490601,0.9623850824656258,ok,True,True,45.83736554723334,0.4263711353859634,1.0,0.0,0.9804841750435145
1105,1767152390663,64.38826716527504,66.09087855345382,66.57443385347568,66.57443385347568,66.57443385347568,0.9642850160598755,0.9635250426221755,ok,True,True,40.55204937714435,1.7026113881787808,1.0,0.0,0.9804841750435145
1106,1767152390704,57.449674295496486,60.906155998679424,61.68963433775636,61.68963433775636,61.68963433775636,0.9751596450805664,0.9705058040972101,ok,True,True,31.988539196921856,3.456481703182938,1.0,0.0,0.9804841750435145
1107,1767152390747,49.95204373670654,54.3336886414957,55.27366342375038,55.27366342375038,55.27366342375038,0.9658442139625549,0.967708850016417,ok,True,True,21.714504529321594,4.381644904789155,1.0,0.0,0.9804841750435145
1108,1767152390784,30.80625149695399,40.21722635477067,41.97840363429982,41.97840363429982,41.97840363429982,0.9833933115005493,0.9771195269068964,ok,True,True,2.46463020581038,9.410974857816683,1.0,0.0,0.9804841750435145
1109,1767152390817,22.01663690032365,29.29687268210246,30.721381609621936,30.721381609621936,30.721381609621936,0.97212153673172,0.9741207328017905,ok,True,True,-13.10541952524274,7.28023578177881,1.0,0.0,0.9804841750435145
1110,1767152390850,15.922787571970392,21.272421616023223,22.27823104087293,22.27823104087293,22.27823104087293,0.9612672328948975,0.9664086328576547,ok,True,True,-24.099034561507782,5.349634044052831,1.0,0.0,0.9804841750435145
1111,1767152390882,11.935635988864947,15.670350239728258,16.31817846027849,16.31817846027849,16.31817846027849,0.9707812666893005,0.9690322131566422,ok,True,True,-31.179873028916305,3.734714250863311,1.0,0.0,0.9804841750435145
1112,1767152390917,10.1287078288237,12.345364793185524,12.672760436172947,12.672760436172947,12.672760436172947,0.9775574803352356,0.9741473734637982,ok,True,True,-34.75834582369252,2.2166569643618246,1.0,0.0,0.9804841750435145
1113,1767152390953,9.44645873662087,10.606021159246733,10.707374025351877,10.707374025351877,10.707374025351877,0.9811629056930542,0.9783566928013518,ok,True,True,-35.86614454306578,1.1595624226258625,1.0,0.0,0.9804841750435145
1114,1767152390989,9.377484949434553,9.868899433359426,9.829048856001352,9.829048856001352,9.829048856001352,0.9771499633789062,0.9776326551478844,ok,True,True,-35.430573056436465,0.4914144839248724,1.0,0.0,0.9804841750435145
1115,1767152391022,11.108163194085344,10.612457689794976,10.393214965790673,10.393214965790673,10.393214965790673,0.9774914979934692,0.9775479608552353,ok,True,True,-33.03422435691463,0.49570550429036864,1.0,0.0,0.9804841750435145
1116,1767152391053,12.08231951495187,11.49437478488911,11.24858394642295,11.24858394642295,11.24858394642295,0.9706000089645386,0.9733791897208173,ok,True,True,-30.34770165114307,0.5879447300627589,1.0,0.0,0.9804841750435145
1117,1767152391084,14.777147967354333,13.464038694368245,13.103879851052389,13.103879851052389,13.103879851052389,0.9748452305793762,0.9742588142359527,ok,True,True,-26.411123232311226,1.3131092729860878,1.0,0.0,0.9804841750435145
1118,1767152391115,18.795473104471828,16.662899340430396,16.16743498835337,16.16743498835337,16.16743498835337,0.9772189259529114,0.9760348812661279,ok,True,True,-20.995639725839602,2.1325737640414317,1.0,0.0,0.9804841750435145
1119,1767152391145,24.870850492818683,21.587670031863368,20.904628871208473,20.904628871208473,20.904628871208473,0.9818661212921143,0.9795336252817197,ok,True,True,-13.529919691166407,3.2831804609553146,1.0,0.0,0.9804841750435145
1120,1767152391177,31.172207411069614,27.338392459387116,26.570009100098787,26.570009100098787,26.570009100098787,0.9793789982795715,0.9794408490804307,ok,True,True,-5.1313994112930565,3.8338149516824984,1.0,0.0,0.9804841750435145
1121,1767152391210,37.81742748133765,33.62581347255744,32.81925066884505,32.81925066884505,32.81925066884505,0.9812982678413391,0.9805553003369757,ok,True,True,3.684426676148435,4.191614008780213,1.0,0.0,0.9804841750435145
1122,1767152391244,46.53977524976795,41.374190538883745,40.43311137658327,40.43311137658327,40.43311137658327,0.9559743404388428,0.9658067243980959,ok,True,True,13.970532347238308,5.165584710884204,1.0,0.0,0.9804841750435145
1123,1767152391280,53.89961915961159,48.88944771132046,47.99763984074945,47.99763984074945,47.99763984074945,0.9720308780670166,0.9695412165994484,ok,True,True,23.718097018183727,5.010171448291132,1.0,0.0,0.9804841750435145
1124,1767152391316,62.17017454099671,56.85788380912621,55.95726028192803,55.95726028192803,55.95726028192803,0.9579471945762634,0.9625848033855373,ok,True,True,33.56201785050186,5.312290731870505,1.0,0.0,0.9804841750435145
1125,1767152391347,71.98663704093873,65.93513574821372,64.94639888093361,64.94639888093361,64.94639888093361,0.9538429975509644,0.9573397198847935,ok,True,True,44.36902782922065,6.051501292725007,1.0,0.0,0.9804841750435145
1126,1767152391381,71.29892797891446,69.15341108663416,68.84894385678813,68.84894385678813,68.84894385678813,0.9700301289558411,0.9649539653274221,ok,True,True,47.696890377919274,2.1455168922802983,1.0,0.0,0.9804841750435145
1127,1767152391413,69.67458120970188,69.46611316047479,69.57467572089315,69.57467572089315,69.57467572089315,0.9652208089828491,0.9651140715206783,ok,True,True,46.51028885370999,0.2084680492270934,1.0,0.0,0.9804841750435145
1128,1767152391446,67.13132151954237,68.06523817591534,68.4067292537892,68.4067292537892,68.4067292537892,0.9761301875114441,0.9717237411151378,ok,True,True,42.777751301653005,0.9339166563729719,1.0,0.0,0.9804841750435145
1129,1767152391493,61.874399354764776,64.350734883225,64.96255215748616,64.96255215748616,64.96255215748616,0.9753050804138184,0.9738725446943461,ok,True,True,36.09051670274364,2.4763355284602255,1.0,0.0,0.9804841750435145
1130,1767152391527,54.77121425788501,58.60302250802101,59.44705111640721,59.44705111640721,59.44705111640721,0.9404442310333252,0.9538155564977335,ok,True,True,26.86518497394336,3.8318082501359996,1.0,0.0,0.9804841750435145
1131,1767152391585,45.88356159260837,50.971345958773426,52.01723308980904,52.01723308980904,52.01723308980904,0.9607275724411011,0.9579627660637541,ok,True,True,15.433515906309285,5.087784366165053,1.0,0.0,0.9804841750435145
1132,1767152391619,36.42871002027146,42.245764395672246,43.39373877980733,43.39373877980733,43.39373877980733,0.9605419635772705,0.9595102845718639,ok,True,True,2.8860211832802687,5.817054375400787,1.0,0.0,0.9804841750435145
1133,1767152391653,27.94837685101027,33.66733186887507,34.76359771384525,34.76359771384525,34.76359771384525,0.9749653339385986,0.9687833141919048,ok,True,True,-9.096293139146018,5.718955017864797,1.0,0.0,0.9804841750435145
1134,1767152391688,19.78464146867897,25.33771762875741,26.355865993207274,26.355865993207274,26.355865993207274,0.9675503969192505,0.9680435638283122,ok,True,True,-20.22477423310397,5.55307616007844,1.0,0.0,0.9804841750435145
1135,1767152391720,14.817459786646461,19.02556292349084,19.76843116506494,19.76843116506494,19.76843116506494,0.9606695771217346,0.9636191718043656,ok,True,True,-28.344411282392016,4.208103136844377,1.0,0.0,0.9804841750435145
1136,1767152391750,11.348034036682472,14.419045591405819,14.910623987361726,14.910623987361726,14.910623987361726,0.9774203896522522,0.9718999025130975,ok,True,True,-33.71742083247794,3.0710115547233467,1.0,0.0,0.9804841750435145
1137,1767152391781,9.93314895182998,11.727507607660314,11.95732776279009,11.95732776279009,11.95732776279009,0.9833927750587463,0.9787956260404868,ok,True,True,-36.229382095367264,1.7943586558303348,1.0,0.0,0.9804841750435145
1138,1767152391812,9.431400714587028,10.349843471816342,10.394467975046624,10.394467975046624,10.394467975046624,0.9869481921195984,0.9836871656879537,ok,True,True,-36.71713315195691,0.9184427572293146,1.0,0.0,0.9804841750435145
1139,1767152391843,9.431521408656764,9.798850233920595,9.728729419374972,9.728729419374972,9.728729419374972,0.9805902242660522,0.9818290008348128,ok,True,True,-35.95070442092856,0.36732882526383115,1.0,0.0,0.9804841750435145
1140,1767152391874,10.185589219689708,10.030893625382063,9.863425880760603,9.863425880760603,9.863425880760603,0.9769399762153625,0.9788955860631426,ok,True,True,-34.12026232138771,0.15469559430764512,1.0,0.0,0.9804841750435145
1141,1767152391906,12.741763175311078,11.657415355339474,11.330260002506256,11.330260002506256,11.330260002506256,0.9796906113624573,0.9793726012427314,ok,True,True,-30.54441592619284,1.0843478199716046,1.0,0.0,0.9804841750435145
1142,1767152391945,15.6771981294024,14.06928501977723,13.64996056609326,13.64996056609326,13.64996056609326,0.9771929383277893,0.9780648034937661,ok,True,True,-25.961150443487153,1.607913109625171,1.0,0.0,0.9804841750435145
1143,1767152391976,18.660042863553706,16.823739726043115,16.372944653823545,16.372944653823545,16.372944653823545,0.9609203338623047,0.9677781217148892,ok,True,True,-21.03390740739433,1.8363031375105905,1.0,0.0,0.9804841750435145
1144,1767152392013,25.11595715910773,21.799070185881884,21.115229245088436,21.115229245088436,21.115229245088436,0.967117965221405,0.9673820278187987,ok,True,True,-13.559445681959792,3.316886973225845,1.0,0.0,0.9804841750435145
1145,1767152392058,30.975441593378523,27.304893030379866,26.563642927610776,26.563642927610776,26.563642927610776,0.9744020700454712,0.9715940531548022,ok,True,True,-5.457495079684467,3.6705485629986576,1.0,0.0,0.9804841750435145
1146,1767152392091,37.55929735019033,33.45753562226614,32.66783005211992,32.66783005211992,32.66783005211992,0.9670153856277466,0.9688468526385688,ok,True,True,3.17407946683468,4.101761727924185,1.0,0.0,0.9804841750435145
1147,1767152392132,44.77850967944384,40.25012005657276,39.41569624084076,39.41569624084076,39.41569624084076,0.980103075504303,0.9756005863580093,ok,True,True,12.294429684888843,4.528389622871082,1.0,0.0,0.9804841750435145
1148,1767152392168,52.689448459042865,47.71371709805483,46.833342788211354,46.833342788211354,46.833342788211354,0.9766132831573486,0.9762082044376128,ok,True,True,21.917024195457188,4.975731360988036,1.0,0.0,0.9804841750435145
1149,1767152392201,63.029079519937795,56.902934551184615,55.86063969900272,55.86063969900272,55.86063969900272,0.9542518854141235,0.9630344130235193,ok,True,True,33.309429233698665,6.126144968753181,1.0,0.0,0.9804841750435145
1150,1767152392236,66.97626987128703,62.94693574324606,62.279977953292864,62.279977953292864,62.279977953292864,0.9601108431816101,0.9612802711183738,ok,True,True,40.59935613936384,4.029334128040972,1.0,0.0,0.9804841750435145
1151,1767152392270,67.64721395229115,65.76710266867312,65.52895550534225,65.52895550534225,65.52895550534225,0.9722247123718262,0.9678469358704452,ok,True,True,43.202332578990294,1.8801112836180351,1.0,0.0,0.9804841750435145
1152,1767152392314,66.87930655459503,66.43442500022627,66.49409070166307,66.49409070166307,66.49409070166307,0.9534184336662292,0.9591898345479156,ok,True,True,42.55017946105454,0.444881554368763,1.0,0.0,0.9804841750435145
1153,1767152392368,64.3732206379145,65.19770238283921,65.50068335284136,65.50068335284136,65.50068335284136,0.9631378650665283,0.9615586528590832,ok,True,True,39.238561906848865,0.8244817449247108,1.0,0.0,0.9804841750435145
1154,1767152392402,59.32993847124454,61.67704403588241,62.24976246057526,62.24976246057526,62.24976246057526,0.9735655188560486,0.9687627724572625,ok,True,True,32.97868232161809,2.3471055646378716,1.0,0.0,0.9804841750435145
1155,1767152392440,52.57015673944955,56.21291165802269,57.009350555485824,57.009350555485824,57.009350555485824,0.9583345651626587,0.9625058480805002,ok,True,True,24.273511717429926,3.6427549185731394,1.0,0.0,0.9804841750435145
1156,1767152392474,45.38023858512219,49.71330781428239,50.61789549623883,50.61789549623883,50.61789549623883,0.9695978760719299,0.966761064875358,ok,True,True,14.38626220844621,4.333069229160195,1.0,0.0,0.9804841750435145
1157,1767152392514,26.707348699945474,35.90973234568024,37.604777403964995,37.604777403964995,37.604777403964995,0.9793177247047424,0.9742950607729887,ok,True,True,-4.140779176844566,9.202383645734766,1.0,0.0,0.9804841750435145
1158,1767152392548,18.624001315395603,25.53829372750946,26.869585913228367,26.869585913228367,26.869585913228367,0.9627621173858643,0.9673752947407139,ok,True,True,-18.69195898187418,6.914292412113856,1.0,0.0,0.9804841750435145
1159,1767152392580,12.826846747138946,17.91142553928715,18.841675468944363,18.841675468944363,18.841675468944363,0.9743795990943909,0.97157787735292,ok,True,True,-28.85969986946045,5.084578792148205,1.0,0.0,0.9804841750435145
1160,1767152392611,10.984239121148805,13.755113688404144,14.215442284352491,14.215442284352491,14.215442284352491,0.982131838798523,0.9779102542202818,ok,True,True,-33.89114543858176,2.7708745672553388,1.0,0.0,0.9804841750435145
1161,1767152392644,9.714451297466697,11.330716253841675,11.526587844629812,11.526587844629812,11.526587844629812,0.9849871397018433,0.9821563855092186,ok,True,True,-36.032044909659376,1.6162649563749785,1.0,0.0,0.9804841750435145
1162,1767152392676,8.761904962419731,9.78942947898851,9.849260574882107,9.849260574882107,9.849260574882107,0.9829970002174377,0.98266075433415,ok,True,True,-36.68600580841549,1.0275245165687785,1.0,0.0,0.9804841750435145
1163,1767152392707,8.32770517287287,8.912394895319125,8.880475334010596,8.880475334010596,8.880475334010596,0.9852006435394287,0.9841846878573173,ok,True,True,-36.337121257840856,0.5846897224462548,1.0,0.0,0.9804841750435145
1164,1767152392737,9.65636296590332,9.358775737669642,9.170212513622719,9.170212513622719,9.170212513622719,0.9752888679504395,0.9788471959131906,ok,True,True,-34.27610309281559,0.29758722823367734,1.0,0.0,0.9804841750435145
1165,1767152392768,10.774013041013728,10.207918119676094,9.964589123594168,9.964589123594168,9.964589123594168,0.9781249165534973,0.9784138282973746,ok,True,True,-31.61648861317869,0.5660949213376334,1.0,0.0,0.9804841750435145
1166,1767152392797,13.101483229156958,11.944057185364613,11.605515807780092,11.605515807780092,11.605515807780092,0.9742691516876221,0.9759270223315231,ok,True,True,-27.91619163140482,1.157426043792345,1.0,0.0,0.9804841750435145
1167,1767152392832,15.790426408825581,14.251878719441194,13.852673504298675,13.852673504298675,13.852673504298675,0.9729027152061462,0.974112438056297,ok,True,True,-23.552831786768266,1.5385476893843872,1.0,0.0,0.9804841750435145
1168,1767152392860,19.450634999023702,17.3711324871907,16.89082840075918,16.89082840075918,16.89082840075918,0.9608086943626404,0.9661301918401031,ok,True,True,-18.303051762722355,2.0795025118330024,1.0,0.0,0.9804841750435145
1169,1767152392894,24.54727543919068,21.67681825839069,21.074579919095548,21.074579919095548,21.074579919095548,0.9752132892608643,0.9715800502925598,ok,True,True,-11.720516046993065,2.870457180799992,1.0,0.0,0.9804841750435145
1170,1767152392924,31.11342365177108,27.338781494418924,26.59605370782762,26.59605370782762,26.59605370782762,0.967759907245636,0.9692879644644055,ok,True,True,-3.602414187148078,3.7746421573521545,1.0,0.0,0.9804841750435145
1171,1767152392958,51.356842245731016,41.74961794520618,40.04498149051939,40.04498149051939,40.04498149051939,0.9337854981422424,0.9479864846711077,ok,True,True,15.029462286280765,9.607224300524834,1.0,0.0,0.9804841750435145
1172,1767152392995,58.611090339228156,51.86650138161937,50.603056944357434,50.603056944357434,50.603056944357434,0.948951005935669,0.9485651974298445,ok,True,True,28.839058239354834,6.744588957608784,1.0,0.0,0.9804841750435145
1173,1767152393031,66.39914531382504,60.58608774094277,59.57920508898186,59.57920508898186,59.57920508898186,0.9551268815994263,0.9525022079315936,ok,True,True,39.84440377387884,5.813057572882272,1.0,0.0,0.9804841750435145
1174,1767152393068,70.09109644436397,66.28909296299548,65.68845623146795,65.68845623146795,65.68845623146795,0.9594918489456177,0.956695992540008,ok,True,True,46.40943372877389,3.8020034813684873,1.0,0.0,0.9804841750435145
1175,1767152393107,69.98455231746955,68.50636857567991,68.36452452143033,68.36452452143033,68.36452452143033,0.9667559862136841,0.9627319887442137,ok,True,True,47.95980588584136,1.4781837417896355,1.0,0.0,0.9804841750435145
1176,1767152393137,70.21729646261554,69.53292530784128,69.5809450103289,69.5809450103289,69.5809450103289,0.938142716884613,0.9479784256284532,ok,True,True,47.43494490297301,0.6843711547742544,1.0,0.0,0.9804841750435145
1177,1767152393174,68.64531942499548,69.0003617781338,69.24162669051938,69.24162669051938,69.24162669051938,0.9615761041641235,0.9561370327498555,ok,True,True,44.79789110033861,0.355042353138316,1.0,0.0,0.9804841750435145
1178,1767152393217,64.47027591199293,66.28231025844929,66.77924661017073,66.77924661017073,66.77924661017073,0.9331905841827393,0.9423691636095858,ok,True,True,39.36631846502756,1.8120343464563575,1.0,0.0,0.9804841750435145
1179,1767152393279,58.52297792098356,61.62671085596985,62.34821790560537,62.34821790560537,62.34821790560537,0.9411613941192627,0.9416445019153918,ok,True,True,31.48016175017127,3.10373293498629,1.0,0.0,0.9804841750435145
1180,1767152393317,51.96578980624696,55.83015822613611,56.67472829648229,56.67472829648229,56.67472829648229,0.9598265290260315,0.9525537181817756,ok,True,True,22.248911778612715,3.8643684198891535,1.0,0.0,0.9804841750435145
1181,1767152393349,44.1952527137719,48.849214918717585,49.80536296723863,49.80536296723863,49.80536296723863,0.9681838154792786,0.9619317765602774,ok,True,True,11.798101412934226,4.653962204945685,1.0,0.0,0.9804841750435145
1182,1767152393384,36.37596096445977,41.365262546162896,42.35112319720084,42.35112319720084,42.35112319720084,0.9675384163856506,0.9652957604555014,ok,True,True,1.0225288152402943,4.989301581703124,1.0,0.0,0.9804841750435145
1183,1767152393417,28.112256408366378,33.41345886348498,34.414763402310825,34.414763402310825,34.414763402310825,0.9709807634353638,0.9687067622434189,ok,True,True,-9.921847288176208,5.301202455118606,1.0,0.0,0.9804841750435145
1184,1767152393453,20.504288480490274,25.667956633688156,26.607244834540932,26.607244834540932,26.607244834540932,0.9527817964553833,0.9591517827705975,ok,True,True,-20.18837754048956,5.163668153197882,1.0,0.0,0.9804841750435145
1185,1767152393493,14.91661283860366,19.21715035663746,19.966827105306443,19.966827105306443,19.966827105306443,0.9718111157417297,0.9667473825532769,ok,True,True,-28.382432371241542,4.300537518033801,1.0,0.0,0.9804841750435145
1186,1767152393521,11.48880355335229,14.580142274666358,15.075742059745657,15.075742059745657,15.075742059745657,0.9751644730567932,0.9717976368553867,ok,True,True,-33.79939617631987,3.0913387213140684,1.0,0.0,0.9804841750435145
1187,1767152393556,9.60222880195799,11.593394191041337,11.856305528759268,11.856305528759268,11.856305528759268,0.9869016408920288,0.9808600392773719,ok,True,True,-36.67304794784934,1.9911653890833474,1.0,0.0,0.9804841750435145
1188,1767152393591,8.640412012887897,9.821604884149274,9.912258933759666,9.912258933759666,9.912258933759666,0.9767631888389587,0.978401929014324,ok,True,True,-37.66390734752543,1.181192871261377,1.0,0.0,0.9804841750435145
1189,1767152393624,9.076272782727802,9.37440562329639,9.294315726881251,9.294315726881251,9.294315726881251,0.9770904779434204,0.9776150583717818,ok,True,True,-36.788515381881496,0.2981328405685879,1.0,0.0,0.9804841750435145
1190,1767152393659,10.791398734392494,10.224601489954052,9.983914526067368,9.983914526067368,9.983914526067368,0.9773339033126831,0.9774463653363226,ok,True,True,-34.157778624157224,0.5667972444384421,1.0,0.0,0.9804841750435145
1191,1767152393692,11.908134982974893,11.234721585766557,10.968049296508545,10.968049296508545,10.968049296508545,0.9749176502227783,0.9759291362681961,ok,True,True,-31.243019210980947,0.6734133972083356,1.0,0.0,0.9804841750435145
1192,1767152393724,17.477401905558306,14.980329777641607,14.416302916031766,14.416302916031766,14.416302916031766,0.9788808226585388,0.9777001481024017,ok,True,True,-25.07813943012399,2.4970721279166987,1.0,0.0,0.9804841750435145
1193,1767152393757,21.580092197421898,18.94018722950978,18.34199677483292,18.34199677483292,18.34199677483292,0.9736387729644775,0.9752633230196471,ok,True,True,-18.539847568255233,2.6399049679121163,1.0,0.0,0.9804841750435145
1194,1767152393796,28.348845521733995,24.585382204844308,23.819608265869384,23.819608265869384,23.819608265869384,0.9653956890106201,0.9693427426142309,ok,True,True,-10.169848558599355,3.7634633168896876,1.0,0.0,0.9804841750435145
1195,1767152393829,35.351889024752055,31.04528629678896,30.201020400928005,30.201020400928005,30.201020400928005,0.9622585773468018,0.9650922434537734,ok,True,True,-0.9419232498564636,4.306602727963096,1.0,0.0,0.9804841750435145
1196,1767152393864,44.14211858640438,38.90338567055821,37.928641882375885,37.928641882375885,37.928641882375885,0.9527285099029541,0.9576740033232818,ok,True,True,9.712140732362007,5.238732915846171,1.0,0.0,0.9804841750435145
1197,1767152393897,52.33333773261578,46.96135690779275,45.98937936343188,45.98937936343188,45.98937936343188,0.9751424193382263,0.9681550529322485,ok,True,True,20.335969345018164,5.371980824823034,1.0,0.0,0.9804841750435145
1198,1767152393929,60.087931713212264,54.83730179104445,53.92547119049311,53.92547119049311,53.92547119049311,0.9690901041030884,0.9687160836347525,ok,True,True,30.30238480413523,5.2506299221678105,1.0,0.0,0.9804841750435145
1199,1767152393961,65.87421232051929,61.45944810872936,60.73133942296136,60.73133942296136,60.73133942296136,0.9358526468276978,0.9489980215505196,ok,True,True,38.260698176561924,4.4147642117899295,1.0,0.0,0.9804841750435145
1200,1767152393993,69.15194140372114,66.07494408572444,65.62090157812354,65.62090157812354,65.62090157812354,0.9671151041984558,0.9598682711392814,ok,True,True,43.22343606242996,3.0769973179966996,1.0,0.0,0.9804841750435145
1201,1767152394023,69.29286035114397,68.00569384497615,67.90033617133889,67.90033617133889,67.90033617133889,0.9784579277038574,0.971022065078027,ok,True,True,44.37500779805719,1.2871665061678215,1.0,0.0,0.9804841750435145
1202,1767152394059,69.47560841473562,68.88764258683183,68.94253736628762,68.94253736628762,68.94253736628762,0.9448753595352173,0.9553340417523412,ok,True,True,43.775001417198425,0.5879658279037869,1.0,0.0,0.9804841750435145
1203,1767152394091,67.57149853920953,68.09795615825846,68.35506916334863,68.35506916334863,68.35506916334863,0.9429330229759216,0.9478934304864894,ok,True,True,40.9647261016723,0.5264576190489265,1.0,0.0,0.9804841750435145
1204,1767152394128,63.6526712942485,65.43078523985248,65.90955154836571,65.90955154836571,65.90955154836571,0.9563021063804626,0.9529386360228733,ok,True,True,35.73175417071765,1.7781139456039838,1.0,0.0,0.9804841750435145
1205,1767152394168,57.68156783481767,60.78125479683159,61.48653526453213,61.48653526453213,61.48653526453213,0.9372049570083618,0.9434984286141664,ok,True,True,28.022955900453578,3.0996869620139194,1.0,0.0,0.9804841750435145
1206,1767152394211,40.755672883052846,48.76590564856434,50.28986065851745,50.28986065851745,50.28986065851745,0.969607412815094,0.9591638191347229,ok,True,True,11.365948819300687,8.010232765511496,1.0,0.0,0.9804841750435145
1207,1767152394247,30.652596451505595,37.8979201303291,39.323223717319024,39.323223717319024,39.323223717319024,0.9380990862846375,0.9465249794246716,ok,True,True,-4.2127866330105395,7.245323678823503,1.0,0.0,0.9804841750435145
1208,1767152394280,18.98600880922983,26.55077333766954,27.960588040420173,27.960588040420173,27.960588040420173,0.9537436962127686,0.9508562094975298,ok,True,True,-19.622226763105587,7.56476452843971,1.0,0.0,0.9804841750435145
1209,1767152394315,10.803703782169006,17.10253160436922,18.241361293623232,18.241361293623232,18.241361293623232,0.9340705871582031,0.9407848360939338,ok,True,True,-32.069768898037076,6.298827822200213,1.0,0.0,0.9804841750435145
1210,1767152394348,3.8784677227746798,9.168093275412495,10.061421649041186,10.061421649041186,10.061421649041186,0.9384944438934326,0.9394106007736331,ok,True,True,-41.833952845820264,5.2896255526378155,1.0,0.0,0.9804841750435145
1211,1767152394387,-1.3079691052765587,2.882455846999063,3.5280431291874548,3.5280431291874548,3.5280431291874548,0.9621816277503967,0.9530732169596914,ok,True,True,-48.89029759397999,4.190424952275622,1.0,0.0,0.9804841750435145
1212,1767152394417,-6.848993615541532,-2.9564138305252934,-2.4145892849954027,-2.4145892849954027,-2.4145892849954027,0.9745400547981262,0.9659533196627523,ok,True,True,-54.81250345484169,3.8925797850162382,1.0,0.0,0.9804841750435145
1213,1767152394451,-13.768252444815552,-9.44351699909945,-8.86295790302522,-8.86295790302522,-8.86295790302522,0.961326539516449,0.9631772515749703,ok,True,True,-61.158082498302896,4.324735445716103,1.0,0.0,0.9804841750435145
1214,1767152394480,-24.197973007764112,-18.296190604298246,-17.470902598517384,-17.470902598517384,-17.470902598517384,0.943133533000946,0.9511510204305558,ok,True,True,-70.17857724158627,5.901782403465866,1.0,0.0,0.9804841750435145
1215,1767152394517,-36.34023322088301,-29.122616174249103,-28.083289675232706,-28.083289675232706,-28.083289675232706,0.9214761853218079,0.933346119365307,ok,True,True,-81.53853783141936,7.2176170466339045,1.0,0.0,0.9804841750435145
1216,1767152394546,-49.10405065113702,-41.111476860381856,-39.96078857700099,-39.96078857700099,-39.96078857700099,0.8806112408638,0.9017051922644028,invalid,True,True,-94.11569579165636,7.992573790755166,1.0,0.0,0.9804841750435145
1217,1767152394584,-61.9087891183685,-53.58986421517385,-52.41890264603928,-52.41890264603928,-52.41890264603928,0.9115680456161499,0.9076229042754511,invalid,True,True,-106.91444314406843,8.318924903194656,1.0,0.0,0.9804841750435145
1218,1767152394626,-74.39576883666598,-66.07340698806912,-64.94722148217446,-64.94722148217446,-64.94722148217446,0.8535213470458984,0.8751619699377196,invalid,True,True,-119.22378287120142,8.322361848596856,1.0,0.0,0.9804841750435145
1219,1767152394668,-90.69314367293919,-80.84524899899117,-79.51446532357735,-79.51446532357735,-79.51446532357735,0.9406229853630066,0.9144385791928917,invalid,True,True,-133.76940459892725,9.84789467394802,1.0,0.0,0.9804841750435145
1220,1767152394706,-106.29523158380965,-96.11523854988226,-94.76013677227076,-94.76013677227076,-94.76013677227076,0.9566824436187744,0.9397848978484213,invalid,True,True,-148.58082603718378,10.179993033927389,1.0,0.0,0.9804841750435145
1221,1767152394745,-118.38844402592213,-109.47916183550619,-108.38917683639971,-108.38917683639971,-108.38917683639971,0.9218934774398804,0.9290500456032967,invalid,True,True,-160.49448997731923,8.909282190415936,1.0,0.0,0.9804841750435145
1222,1767152394777,-121.84859644819467,-116.90082260311928,-116.54794221214674,-116.54794221214674,-116.54794221214674,0.592893123626709,0.7273558924173441,invalid,True,True,-164.35151405797802,4.947773845075389,1.0,0.0,0.9804841750435145
1223,1767152394818,-127.21886758646518,-123.09164959312682,-122.97275266686408,-122.97275266686408,-122.97275266686408,0.9963363409042358,0.8887441615094791,invalid,True,True,-165.65107141351083,4.127217993338363,1.0,0.0,0.9804841750435145
1224,1767152394856,-126.27222089249368,-124.99999237274693,-125.38999676119519,-125.38999676119519,-125.38999676119519,0.9988427758216858,0.9548033300968031,invalid,True,True,-161.38827768427652,1.272228519746747,1.0,0.0,0.9804841750435145
1225,1767152394885,-124.26513598613539,-124.55907854078,-125.25221313571048,-125.25221313571048,-125.25221313571048,0.9953479766845703,0.9791301180494634,invalid,True,True,-153.81223522859787,0.29394255464461594,1.0,0.0,0.9804841750435145
1226,1767152394906,-116.8276283160844,-119.92020840596265,-121.08750855524994,-121.08750855524994,-121.08750855524994,0.9924787878990173,0.9871393199591958,invalid,True,True,-141.05350762475123,3.092580089878254,1.0,0.0,0.9804841750435145
1227,1767152394927,-107.78570276666905,-112.63950502238649,-114.10710538378787,-114.10710538378787,-114.10710538378787,0.9889091849327087,0.9882012389433035,invalid,True,True,-125.0124634649781,4.85380225571744,1.0,0.0,0.9804841750435145
1228,1767152394951,-98.59685517669561,-104.21391511497197,-105.78313145617653,-105.78313145617653,-105.78313145617653,0.9950454235076904,0.9923077496819357,invalid,True,True,-107.86074472223797,5.6170599382763555,1.0,0.0,0.9804841750435145
1229,1767152394974,-92.02317220576165,-96.89946936944578,-98.29220785658704,-98.29220785658704,-98.29220785658704,0.9807044267654419,0.9853457559320394,invalid,True,True,-92.6379496324932,4.876297163684129,1.0,0.0,0.9804841750435145
1230,1767152395006,-87.07283309379409,-91.00348760405477,-92.16158833598227,-92.16158833598227,-92.16158833598227,0.9802322387695312,0.9822776456345345,invalid,True,True,-79.9797727398575,3.9306545102606805,1.0,0.0,0.9804841750435145
1231,1767152395034,-82.9266584528053,-86.1573901133051,-87.1250388524818,-87.1250388524818,-87.1250388524818,0.9572131037712097,0.9672389205165396,invalid,True,True,-69.40325847581045,3.2307316604997993,1.0,0.0,0.9804841750435145
1232,1767152395060,-83.38480164685329,-84.493837033434,-85.04569090869859,-85.04569090869859,-85.04569090869859,0.9735519289970398,0.9710267256048397,invalid,True,True,-63.37143086409727,1.1090353865807145,1.0,0.0,0.9804841750435145
1233,1767152395091,-86.57719714908282,-85.7438531028233,-85.9016889714863,-85.9016889714863,-85.9016889714863,0.9543192386627197,0.9610022334395678,invalid,True,True,-61.64626629899604,0.8333440462595263,1.0,0.0,0.9804841750435145
1234,1767152395119,-89.67106318538211,-88.10017915235858,-88.08415084010723,-88.08415084010723,-88.08415084010723,0.8638145923614502,0.9026896487926973,invalid,True,True,-61.82145763268104,1.5708840330235319,1.0,0.0,0.9804841750435145
1235,1767152395147,-96.33747368589397,-93.04255587247982,-92.71915515683132,-92.71915515683132,-92.71915515683132,0.7119219303131104,0.7882290177049451,invalid,True,True,-65.3562654028742,3.294917813414145,1.0,0.0,0.9804841750435145
1236,1767152395169,-57.180205243864236,-71.52514549531048,-74.13367179430524,-74.13367179430524,-74.13367179430524,0.975225031375885,0.9004266259075091,invalid,True,True,-36.84476686784443,14.344940251446246,1.0,0.0,0.9804841750435145
1237,1767152395191,-64.31394892973405,-67.19842755596463,-68.10951556674189,-68.10951556674189,-68.10951556674189,0.9248262047767639,0.915066373229062,invalid,True,True,-26.886468002094283,2.8844786262305746,1.0,0.0,0.9804841750435145
1238,1767152395223,-69.77965746681488,-68.74716550247479,-68.77602308465111,-68.77602308465111,-68.77602308465111,0.898668110370636,0.9052274155140064,invalid,True,True,-26.571051242730235,1.032491964340096,1.0,0.0,0.9804841750435145
1239,1767152395253,-76.11960200336169,-73.17062740300693,-72.77901142536305,-72.77901142536305,-72.77901142536305,0.8871867656707764,0.8944030256080684,invalid,True,True,-30.85145983097823,2.9489746003547594,1.0,0.0,0.9804841750435145
1240,1767152395289,-83.75213692176591,-79.51953311426232,-78.88202178397655,-78.88202178397655,-78.88202178397655,0.940458357334137,0.9220362246437095,invalid,True,True,-37.819533477202185,4.232603807503594,1.0,0.0,0.9804841750435145
1241,1767152395325,-90.68131278043664,-86.21660091396691,-85.53871169287096,-85.53871169287096,-85.53871169287096,0.9531247019767761,0.9406893110435495,invalid,True,True,-45.228942207962454,4.464711866469727,1.0,0.0,0.9804841750435145
1242,1767152395354,-98.92306251051122,-93.84047787189348,-93.08220896946426,-93.08220896946426,-93.08220896946426,0.9663483500480652,0.9560847344462589,invalid,True,True,-53.51691028752551,5.082584638617732,1.0,0.0,0.9804841750435145
1243,1767152395384,-108.04390186585623,-102.36253226827112,-101.52588313999345,-101.52588313999345,-101.52588313999345,0.9558820128440857,0.955963101484955,invalid,True,True,-62.661583432824116,5.681369597585103,1.0,0.0,0.9804841750435145
1244,1767152395415,-117.44351003827356,-111.41111893027258,-110.5409778323806,-110.5409778323806,-110.5409778323806,0.9360619187355042,0.9440223918352845,invalid,True,True,-72.17232773598751,6.032391108000979,1.0,0.0,0.9804841750435145
1245,1767152395445,0.0,0.0,0.0,0.0,-110.5409778323806,0.0,0.3776089567341138,ok,False,False,-72.17232773598751,0.0,1.0,0.0,0.9804841750435145
1246,1767152395481,0.0,0.0,0.0,0.0,-110.5409778323806,0.0,0.15104358269364554,soft,False,False,-72.17232773598751,0.0,1.0,0.0,0.9804841750435145
1247,1767152395505,0.0,0.0,0.0,0.0,-110.5409778323806,0.0,0.06041743307745822,hard,False,False,-72.17232773598751,0.0,1.0,0.0,0.9804841750435145
1248,1767152395537,0.0,0.0,0.0,0.0,-110.5409778323806,0.0,0.02416697323098329,hard,False,False,-72.17232773598751,0.0,1.0,0.0,0.9804841750435145
1249,1767152395570,0.0,0.0,0.0,0.0,-110.5409778323806,0.0,0.009666789292393316,hard,False,False,-72.17232773598751,0.0,1.0,0.0,0.9804841750435145
1250,1767152395608,0.0,0.0,0.0,0.0,-110.5409778323806,0.0,0.0038667157169573266,hard,False,False,-72.17232773598751,0.0,1.0,0.0,0.9804841750435145
1251,1767152395637,0.0,0.0,0.0,0.0,-110.5409778323806,0.0,0.0015466862867829308,hard,False,False,-72.17232773598751,0.0,1.0,0.0,0.9804841750435145
1252,1767152395670,0.0,0.0,0.0,0.0,-110.5409778323806,0.0,0.0006186745147131723,hard,False,False,-72.17232773598751,0.0,1.0,0.0,0.9804841750435145
1253,1767152395704,0.0,0.0,0.0,0.0,-110.5409778323806,0.0,0.00024746980588526894,hard,False,False,-72.17232773598751,0.0,1.0,0.0,0.9804841750435145
1254,1767152395737,0.0,0.0,0.0,0.0,-110.5409778323806,0.0,9.898792235410758e-05,hard,False,False,-72.17232773598751,0.0,1.0,0.0,0.9804841750435145
1255,1767152395770,0.0,0.0,0.0,0.0,-110.5409778323806,0.0,3.959516894164303e-05,hard,False,False,-72.17232773598751,0.0,1.0,0.0,0.9804841750435145
1256,1767152395952,0.0,0.0,0.0,0.0,-110.5409778323806,0.0,1.5838067576657215e-05,hard,False,False,-72.17232773598751,0.0,1.0,0.0,0.9804841750435145
1257,1767152395983,0.0,0.0,0.0,0.0,-110.5409778323806,0.0,6.335227030662886e-06,hard,False,False,-72.17232773598751,0.0,1.0,0.0,0.9804841750435145
1258,1767152396004,0.0,0.0,0.0,0.0,-110.5409778323806,0.0,2.5340908122651545e-06,hard,False,False,-72.17232773598751,0.0,1.0,0.0,0.9804841750435145
1259,1767152396025,0.0,0.0,0.0,0.0,-110.5409778323806,0.0,1.0136363249060618e-06,hard,False,False,-72.17232773598751,0.0,1.0,0.0,0.9804841750435145
1260,1767152396061,0.0,0.0,0.0,0.0,-110.5409778323806,0.0,4.0545452996242476e-07,hard,False,False,-72.17232773598751,0.0,1.0,0.0,0.9804841750435145
1261,1767152396093,0.0,0.0,0.0,0.0,-110.5409778323806,0.0,1.6218181198496993e-07,hard,False,False,-72.17232773598751,0.0,1.0,0.0,0.9804841750435145
1262,1767152396114,0.0,0.0,0.0,0.0,-110.5409778323806,0.0,6.487272479398798e-08,hard,False,False,-72.17232773598751,0.0,1.0,0.0,0.9804841750435145
1263,1767152396134,0.0,0.0,0.0,0.0,-110.5409778323806,0.0,2.5949089917595194e-08,hard,False,False,-72.17232773598751,0.0,1.0,0.0,0.9804841750435145
1264,1767152396155,-123.7393811236881,-118.80807624632189,-118.1539116276079,-118.1539116276079,-118.1539116276079,0.9853758811950684,0.591225539096677,invalid,True,True,-79.32242377884498,4.931304877366216,1.0,0.0,0.9804841750435145
1265,1767152396184,-120.78379600728739,-119.99350810290119,-120.08329369897633,-120.08329369897633,-120.08329369897633,0.9919803738594055,0.8316784399543141,invalid,True,True,-78.3410566782143,0.7902879043862043,1.0,0.0,0.9804841750435145
1266,1767152396219,-118.86027737588029,-119.31356966668864,-119.6909212282766,-119.6909212282766,-119.6909212282766,0.9890336394309998,0.9260915596403255,invalid,True,True,-74.21655983125812,0.4532922908083492,1.0,0.0,0.9804841750435145
1267,1767152396249,-116.85297981806582,-117.83721575751495,-118.32020257408486,-118.32020257408486,-118.32020257408486,0.9916880130767822,0.9654494317021995,invalid,True,True,-68.93745725200557,0.9842359394491353,1.0,0.0,0.9804841750435145
1268,1767152396282,-115.08644681369816,-116.18675439122488,-116.68132289670032,-116.68132289670032,-116.68132289670032,0.9933686852455139,0.9822009838281882,invalid,True,True,-63.53176545400878,1.1003075775267206,1.0,0.0,0.9804841750435145
1269,1767152396312,-114.30541537275234,-115.05795098014136,-115.47548138519947,-115.47548138519947,-115.47548138519947,0.9906023740768433,0.9872418179773812,invalid,True,True,-58.96810913329916,0.7525356073890208,1.0,0.0,0.9804841750435145
1270,1767152396409,-114.19377335824569,-114.53944440700396,-114.86328606144913,-114.86328606144913,-114.86328606144913,0.9905211329460144,0.9892094069585611,invalid,True,True,-55.42848185031821,0.3456710487582626,1.0,0.0,0.9804841750435145
1271,1767152396436,-113.78160885743078,-114.08474307726006,-114.37783922623458,-114.37783922623458,-114.37783922623458,0.9945644736289978,0.992422446960823,invalid,True,True,-52.22490654983898,0.3031342198292748,1.0,0.0,0.9804841750435145
1272,1767152396465,-112.30774173016522,-113.01854226900315,-113.36453629321046,-113.36453629321046,-113.36453629321046,0.9948101043701172,0.9938550414063996,invalid,True,True,-48.44315126597716,0.7108005388379297,1.0,0.0,0.9804841750435145
1273,1767152396493,-107.38328574881956,-109.63738835689298,-110.23358076138543,-110.23358076138543,-110.23358076138543,0.9957506656646729,0.9949924159613636,invalid,True,True,-41.92669832707727,2.254102608073424,1.0,0.0,0.9804841750435145
1274,1767152396526,-100.92277358394225,-104.40861949312253,-105.21469869065443,-105.21469869065443,-105.21469869065443,0.9951243996620178,0.9950716061817562,invalid,True,True,-33.11615811193536,3.4858459091802843,1.0,0.0,0.9804841750435145
1275,1767152396555,-93.05867847174278,-97.59865488029467,-98.57185325873077,-98.57185325873077,-98.57185325873077,0.991493821144104,0.9929249351591649,invalid,True,True,-22.47898563958313,4.539976408551894,1.0,0.0,0.9804841750435145
1276,1767152396591,-82.3109232877008,-88.42601592473835,-89.6419828936349,-89.6419828936349,-89.6419828936349,0.9903304576873779,0.9913682486760926,invalid,True,True,-9.188323986795167,6.115092637037549,1.0,0.0,0.9804841750435145
1277,1767152396623,-70.53607019120271,-77.69204848461698,-79.05992013249158,-79.05992013249158,-79.05992013249158,0.9927684664726257,0.9922083793540125,invalid,True,True,5.76267363186604,7.155978293414265,1.0,0.0,0.9804841750435145
1278,1767152396657,-56.43104853200225,-64.93544851304813,-66.49039152487495,-66.49039152487495,-66.49039152487495,0.9899709820747375,0.9908659409864475,invalid,True,True,22.758383209660934,8.504399981045879,1.0,0.0,0.9804841750435145
1279,1767152396688,-40.99526842822427,-50.57134046215381,-52.263342356054835,-52.263342356054835,-52.263342356054835,0.9905608296394348,0.9906828741782399,invalid,True,True,41.25216245114963,9.576072033929542,1.0,0.0,0.9804841750435145
1280,1767152396725,-26.363523480350302,-36.046650273071705,-37.703070006585186,-37.703070006585186,-37.703070006585186,0.9930211901664734,0.99208586377118,invalid,True,True,59.35702450435713,9.683126792721403,1.0,0.0,0.9804841750435145
1281,1767152396755,-10.78502838644507,-20.889677141095724,-22.545338551634018,-22.545338551634018,-22.545338551634018,0.989072859287262,0.9902780610808293,invalid,True,True,77.45359799846347,10.104648754650654,1.0,0.0,0.9804841750435145
1282,1767152396785,3.575180767535787,-6.210762395916818,-7.745661686497707,-7.745661686497707,-7.745661686497707,0.9891118407249451,0.9895783288672987,ok,True,True,94.23022735109055,9.785943163452606,1.0,0.0,0.9804841750435145
1283,1767152396814,14.742721420796043,6.361327894110897,5.137454153623137,5.137454153623137,5.137454153623137,0.9861018061637878,0.9874924152451922,ok,True,True,107.60731094515872,8.381393526685146,1.0,0.0,0.9804841750435145
1284,1767152396843,25.761078456524825,18.00117823155925,16.965826477695465,16.965826477695465,16.965826477695465,0.9907084703445435,0.989422048304803,ok,True,True,118.92382710407328,7.759900224965573,1.0,0.0,0.9804841750435145
1285,1767152396886,34.005799559649596,27.603951028413455,26.85909027203418,26.85909027203418,26.85909027203418,0.7652474641799927,0.8549172978299168,ok,True,True,127.0652425739855,6.401848531236141,1.0,0.0,0.9804841750435145
1286,1767152396920,37.8002774287617,33.721746868622404,33.428540289032966,33.428540289032966,33.428540289032966,0.9354153275489807,0.9032161156613552,ok,True,True,130.27002489404376,4.078530560139299,1.0,0.0,0.9804841750435145
1287,1767152396954,0.0,0.0,0.0,0.0,33.428540289032966,0.0,0.3612864462645421,ok,False,False,130.27002489404376,0.0,1.0,0.0,0.9804841750435145
1288,1767152396985,0.0,0.0,0.0,0.0,33.428540289032966,0.0,0.14451457850581684,soft,False,False,130.27002489404376,0.0,1.0,0.0,0.9804841750435145
1289,1767152397009,0.0,0.0,0.0,0.0,33.428540289032966,0.0,0.057805831402326736,hard,False,False,130.27002489404376,0.0,1.0,0.0,0.9804841750435145
1290,1767152397032,0.0,0.0,0.0,0.0,33.428540289032966,0.0,0.023122332560930697,hard,False,False,130.27002489404376,0.0,1.0,0.0,0.9804841750435145
1291,1767152397058,0.0,0.0,0.0,0.0,33.428540289032966,0.0,0.00924893302437228,hard,False,False,130.27002489404376,0.0,1.0,0.0,0.9804841750435145
1292,1767152397090,0.0,0.0,0.0,0.0,33.428540289032966,0.0,0.003699573209748912,hard,False,False,130.27002489404376,0.0,1.0,0.0,0.9804841750435145
1293,1767152397115,0.0,0.0,0.0,0.0,33.428540289032966,0.0,0.0014798292838995649,hard,False,False,130.27002489404376,0.0,1.0,0.0,0.9804841750435145
1294,1767152397141,0.0,0.0,0.0,0.0,33.428540289032966,0.0,0.000591931713559826,hard,False,False,130.27002489404376,0.0,1.0,0.0,0.9804841750435145
1295,1767152397170,0.0,0.0,0.0,0.0,33.428540289032966,0.0,0.0002367726854239304,hard,False,False,130.27002489404376,0.0,1.0,0.0,0.9804841750435145
1296,1767152397207,0.0,0.0,0.0,0.0,33.428540289032966,0.0,9.470907416957217e-05,hard,False,False,130.27002489404376,0.0,1.0,0.0,0.9804841750435145
1297,1767152397228,0.0,0.0,0.0,0.0,33.428540289032966,0.0,3.788362966782887e-05,hard,False,False,130.27002489404376,0.0,1.0,0.0,0.9804841750435145
1298,1767152397251,0.0,0.0,0.0,0.0,33.428540289032966,0.0,1.5153451867131547e-05,hard,False,False,130.27002489404376,0.0,1.0,0.0,0.9804841750435145
1299,1767152397276,0.0,0.0,0.0,0.0,33.428540289032966,0.0,6.0613807468526195e-06,hard,False,False,130.27002489404376,0.0,1.0,0.0,0.9804841750435145
1300,1767152397303,0.0,0.0,0.0,0.0,33.428540289032966,0.0,2.424552298741048e-06,hard,False,False,130.27002489404376,0.0,1.0,0.0,0.9804841750435145
1301,1767152397340,0.0,0.0,0.0,0.0,33.428540289032966,0.0,9.698209194964193e-07,hard,False,False,130.27002489404376,0.0,1.0,0.0,0.9804841750435145
1302,1767152397370,0.0,0.0,0.0,0.0,33.428540289032966,0.0,3.8792836779856775e-07,hard,False,False,130.27002489404376,0.0,1.0,0.0,0.9804841750435145
1303,1767152397403,0.0,0.0,0.0,0.0,33.428540289032966,0.0,1.5517134711942711e-07,hard,False,False,130.27002489404376,0.0,1.0,0.0,0.9804841750435145
1304,1767152397438,0.0,0.0,0.0,0.0,33.428540289032966,0.0,6.206853884777085e-08,hard,False,False,130.27002489404376,0.0,1.0,0.0,0.9804841750435145
1305,1767152397470,0.0,0.0,0.0,0.0,33.428540289032966,0.0,2.482741553910834e-08,hard,False,False,130.27002489404376,0.0,1.0,0.0,0.9804841750435145
1306,1767152397503,0.0,0.0,0.0,0.0,33.428540289032966,0.0,9.930966215643338e-09,hard,False,False,130.27002489404376,0.0,1.0,0.0,0.9804841750435145
1307,1767152397537,0.0,0.0,0.0,0.0,33.428540289032966,0.0,3.972386486257335e-09,hard,False,False,130.27002489404376,0.0,1.0,0.0,0.9804841750435145
1308,1767152397570,0.0,0.0,0.0,0.0,33.428540289032966,0.0,1.5889545945029342e-09,hard,False,False,130.27002489404376,0.0,1.0,0.0,0.9804841750435145
1309,1767152397603,0.0,0.0,0.0,0.0,33.428540289032966,0.0,6.355818378011737e-10,hard,False,False,130.27002489404376,0.0,1.0,0.0,0.9804841750435145
1310,1767152397638,0.0,0.0,0.0,0.0,33.428540289032966,0.0,2.542327351204695e-10,hard,False,False,130.27002489404376,0.0,1.0,0.0,0.9804841750435145
1311,1767152397670,0.0,0.0,0.0,0.0,33.428540289032966,0.0,1.016930940481878e-10,hard,False,False,130.27002489404376,0.0,1.0,0.0,0.9804841750435145
1312,1767152397704,0.0,0.0,0.0,0.0,33.428540289032966,0.0,4.067723761927512e-11,hard,False,False,130.27002489404376,0.0,1.0,0.0,0.9804841750435145
1313,1767152397738,0.0,0.0,0.0,0.0,33.428540289032966,0.0,1.6270895047710048e-11,hard,False,False,130.27002489404376,0.0,1.0,0.0,0.9804841750435145
1314,1767152397804,0.0,0.0,0.0,0.0,33.428540289032966,0.0,6.50835801908402e-12,hard,False,False,130.27002489404376,0.0,1.0,0.0,0.9804841750435145
1315,1767152397836,0.0,0.0,0.0,0.0,33.428540289032966,0.0,2.603343207633608e-12,hard,False,False,130.27002489404376,0.0,1.0,0.0,0.9804841750435145
1316,1767152397870,0.0,0.0,0.0,0.0,33.428540289032966,0.0,1.0413372830534433e-12,hard,False,False,130.27002489404376,0.0,1.0,0.0,0.9804841750435145
1317,1767152397903,0.0,0.0,0.0,0.0,33.428540289032966,0.0,4.1653491322137733e-13,hard,False,False,130.27002489404376,0.0,1.0,0.0,0.9804841750435145
1318,1767152397936,0.0,0.0,0.0,0.0,33.428540289032966,0.0,1.6661396528855095e-13,hard,False,False,130.27002489404376,0.0,1.0,0.0,0.9804841750435145
1319,1767152397970,0.0,0.0,0.0,0.0,33.428540289032966,0.0,6.664558611542038e-14,hard,False,False,130.27002489404376,0.0,1.0,0.0,0.9804841750435145
1320,1767152398003,0.0,0.0,0.0,0.0,33.428540289032966,0.0,2.6658234446168153e-14,hard,False,False,130.27002489404376,0.0,1.0,0.0,0.9804841750435145
1321,1767152398037,0.0,0.0,0.0,0.0,33.428540289032966,0.0,1.0663293778467261e-14,hard,False,False,130.27002489404376,0.0,1.0,0.0,0.9804841750435145
1322,1767152398070,0.0,0.0,0.0,0.0,33.428540289032966,0.0,4.265317511386905e-15,hard,False,False,130.27002489404376,0.0,1.0,0.0,0.9804841750435145
1323,1767152398103,0.0,0.0,0.0,0.0,33.428540289032966,0.0,1.706127004554762e-15,hard,False,False,130.27002489404376,0.0,1.0,0.0,0.9804841750435145
1324,1767152398136,0.0,0.0,0.0,0.0,33.428540289032966,0.0,6.824508018219049e-16,hard,False,False,130.27002489404376,0.0,1.0,0.0,0.9804841750435145
1325,1767152398170,0.0,0.0,0.0,0.0,33.428540289032966,0.0,2.7298032072876197e-16,hard,False,False,130.27002489404376,0.0,1.0,0.0,0.9804841750435145
1326,1767152398203,0.0,0.0,0.0,0.0,33.428540289032966,0.0,1.0919212829150479e-16,hard,False,False,130.27002489404376,0.0,1.0,0.0,0.9804841750435145
1327,1767152398236,0.0,0.0,0.0,0.0,33.428540289032966,0.0,4.367685131660192e-17,hard,False,False,130.27002489404376,0.0,1.0,0.0,0.9804841750435145
1328,1767152398270,0.0,0.0,0.0,0.0,33.428540289032966,0.0,1.747074052664077e-17,hard,False,False,130.27002489404376,0.0,1.0,0.0,0.9804841750435145
1329,1767152398336,0.0,0.0,0.0,0.0,33.428540289032966,0.0,6.988296210656309e-18,hard,False,False,130.27002489404376,0.0,1.0,0.0,0.9804841750435145
1330,1767152398370,0.0,0.0,0.0,0.0,33.428540289032966,0.0,2.7953184842625237e-18,hard,False,False,130.27002489404376,0.0,1.0,0.0,0.9804841750435145
1331,1767152398403,0.0,0.0,0.0,0.0,33.428540289032966,0.0,1.1181273937050096e-18,hard,False,False,130.27002489404376,0.0,1.0,0.0,0.9804841750435145
1332,1767152398437,0.0,0.0,0.0,0.0,33.428540289032966,0.0,4.472509574820039e-19,hard,False,False,130.27002489404376,0.0,1.0,0.0,0.9804841750435145
1333,1767152398470,0.0,0.0,0.0,0.0,33.428540289032966,0.0,1.7890038299280155e-19,hard,False,False,130.27002489404376,0.0,1.0,0.0,0.9804841750435145
1334,1767152398503,0.0,0.0,0.0,0.0,33.428540289032966,0.0,7.156015319712063e-20,hard,False,False,130.27002489404376,0.0,1.0,0.0,0.9804841750435145
1335,1767152398537,0.0,0.0,0.0,0.0,33.428540289032966,0.0,2.8624061278848254e-20,hard,False,False,130.27002489404376,0.0,1.0,0.0,0.9804841750435145
1336,1767152398570,0.0,0.0,0.0,0.0,33.428540289032966,0.0,1.1449624511539301e-20,hard,False,False,130.27002489404376,0.0,1.0,0.0,0.9804841750435145
1337,1767152398603,0.0,0.0,0.0,0.0,33.428540289032966,0.0,4.579849804615721e-21,hard,False,False,130.27002489404376,0.0,1.0,0.0,0.9804841750435145
1338,1767152398637,0.0,0.0,0.0,0.0,33.428540289032966,0.0,1.8319399218462885e-21,hard,False,False,130.27002489404376,0.0,1.0,0.0,0.9804841750435145
1339,1767152398670,0.0,0.0,0.0,0.0,33.428540289032966,0.0,7.327759687385154e-22,hard,False,False,130.27002489404376,0.0,1.0,0.0,0.9804841750435145
1340,1767152398703,0.0,0.0,0.0,0.0,33.428540289032966,0.0,2.9311038749540617e-22,hard,False,False,130.27002489404376,0.0,1.0,0.0,0.9804841750435145
1341,1767152398737,0.0,0.0,0.0,0.0,33.428540289032966,0.0,1.1724415499816247e-22,hard,False,False,130.27002489404376,0.0,1.0,0.0,0.9804841750435145
1342,1767152398770,0.0,0.0,0.0,0.0,33.428540289032966,0.0,4.689766199926499e-23,hard,False,False,130.27002489404376,0.0,1.0,0.0,0.9804841750435145
1343,1767152398803,0.0,0.0,0.0,0.0,33.428540289032966,0.0,1.8759064799705997e-23,hard,False,False,130.27002489404376,0.0,1.0,0.0,0.9804841750435145
1344,1767152398836,0.0,0.0,0.0,0.0,33.428540289032966,0.0,7.5036259198824e-24,hard,False,False,130.27002489404376,0.0,1.0,0.0,0.9804841750435145
1345,1767152398871,0.0,0.0,0.0,0.0,33.428540289032966,0.0,3.00145036795296e-24,hard,False,False,130.27002489404376,0.0,1.0,0.0,0.9804841750435145
1346,1767152398903,0.0,0.0,0.0,0.0,33.428540289032966,0.0,1.2005801471811841e-24,hard,False,False,130.27002489404376,0.0,1.0,0.0,0.9804841750435145
1347,1767152398936,0.0,0.0,0.0,0.0,33.428540289032966,0.0,4.802320588724737e-25,hard,False,False,130.27002489404376,0.0,1.0,0.0,0.9804841750435145
1348,1767152398970,0.0,0.0,0.0,0.0,33.428540289032966,0.0,1.9209282354898948e-25,hard,False,False,130.27002489404376,0.0,1.0,0.0,0.9804841750435145
1349,1767152399003,0.0,0.0,0.0,0.0,33.428540289032966,0.0,7.683712941959579e-26,hard,False,False,130.27002489404376,0.0,1.0,0.0,0.9804841750435145
1350,1767152399037,0.0,0.0,0.0,0.0,33.428540289032966,0.0,3.073485176783832e-26,hard,False,False,130.27002489404376,0.0,1.0,0.0,0.9804841750435145
1351,1767152399073,0.0,0.0,0.0,0.0,33.428540289032966,0.0,1.2293940707135329e-26,hard,False,False,130.27002489404376,0.0,1.0,0.0,0.9804841750435145
1352,1767152399103,0.0,0.0,0.0,0.0,33.428540289032966,0.0,4.9175762828541316e-27,hard,False,False,130.27002489404376,0.0,1.0,0.0,0.9804841750435145
1353,1767152399139,0.0,0.0,0.0,0.0,33.428540289032966,0.0,1.967030513141653e-27,hard,False,False,130.27002489404376,0.0,1.0,0.0,0.9804841750435145
1354,1767152399170,0.0,0.0,0.0,0.0,33.428540289032966,0.0,7.868122052566612e-28,hard,False,False,130.27002489404376,0.0,1.0,0.0,0.9804841750435145
1355,1767152399208,0.0,0.0,0.0,0.0,33.428540289032966,0.0,3.147248821026645e-28,hard,False,False,130.27002489404376,0.0,1.0,0.0,0.9804841750435145
1356,1767152399236,0.0,0.0,0.0,0.0,33.428540289032966,0.0,1.2588995284106581e-28,hard,False,False,130.27002489404376,0.0,1.0,0.0,0.9804841750435145
1357,1767152399270,0.0,0.0,0.0,0.0,33.428540289032966,0.0,5.0355981136426325e-29,hard,False,False,130.27002489404376,0.0,1.0,0.0,0.9804841750435145
1358,1767152399303,0.0,0.0,0.0,0.0,33.428540289032966,0.0,2.0142392454570532e-29,hard,False,False,130.27002489404376,0.0,1.0,0.0,0.9804841750435145
1359,1767152399337,0.0,0.0,0.0,0.0,33.428540289032966,0.0,8.056956981828213e-30,hard,False,False,130.27002489404376,0.0,1.0,0.0,0.9804841750435145
1360,1767152399370,0.0,0.0,0.0,0.0,33.428540289032966,0.0,3.2227827927312855e-30,hard,False,False,130.27002489404376,0.0,1.0,0.0,0.9804841750435145
1361,1767152399403,0.0,0.0,0.0,0.0,33.428540289032966,0.0,1.2891131170925144e-30,hard,False,False,130.27002489404376,0.0,1.0,0.0,0.9804841750435145
1362,1767152399437,0.0,0.0,0.0,0.0,33.428540289032966,0.0,5.156452468370058e-31,hard,False,False,130.27002489404376,0.0,1.0,0.0,0.9804841750435145
1363,1767152399470,0.0,0.0,0.0,0.0,33.428540289032966,0.0,2.0625809873480233e-31,hard,False,False,130.27002489404376,0.0,1.0,0.0,0.9804841750435145
1364,1767152399503,0.0,0.0,0.0,0.0,33.428540289032966,0.0,8.250323949392093e-32,hard,False,False,130.27002489404376,0.0,1.0,0.0,0.9804841750435145
1365,1767152399536,0.0,0.0,0.0,0.0,33.428540289032966,0.0,3.3001295797568374e-32,hard,False,False,130.27002489404376,0.0,1.0,0.0,0.9804841750435145
1366,1767152399570,0.0,0.0,0.0,0.0,33.428540289032966,0.0,1.320051831902735e-32,hard,False,False,130.27002489404376,0.0,1.0,0.0,0.9804841750435145
1367,1767152399604,0.0,0.0,0.0,0.0,33.428540289032966,0.0,5.2802073276109406e-33,hard,False,False,130.27002489404376,0.0,1.0,0.0,0.9804841750435145
1368,1767152399636,0.0,0.0,0.0,0.0,33.428540289032966,0.0,2.1120829310443763e-33,hard,False,False,130.27002489404376,0.0,1.0,0.0,0.9804841750435145
1369,1767152399670,0.0,0.0,0.0,0.0,33.428540289032966,0.0,8.448331724177506e-34,hard,False,False,130.27002489404376,0.0,1.0,0.0,0.9804841750435145
1370,1767152399704,0.0,0.0,0.0,0.0,33.428540289032966,0.0,3.3793326896710026e-34,hard,False,False,130.27002489404376,0.0,1.0,0.0,0.9804841750435145
1371,1767152399739,0.0,0.0,0.0,0.0,33.428540289032966,0.0,1.3517330758684012e-34,hard,False,False,130.27002489404376,0.0,1.0,0.0,0.9804841750435145
1372,1767152399776,0.0,0.0,0.0,0.0,33.428540289032966,0.0,5.406932303473604e-35,hard,False,False,130.27002489404376,0.0,1.0,0.0,0.9804841750435145
1373,1767152399803,0.0,0.0,0.0,0.0,33.428540289032966,0.0,2.1627729213894418e-35,hard,False,False,130.27002489404376,0.0,1.0,0.0,0.9804841750435145
1374,1767152399837,0.0,0.0,0.0,0.0,33.428540289032966,0.0,8.651091685557767e-36,hard,False,False,130.27002489404376,0.0,1.0,0.0,0.9804841750435145
1375,1767152399870,0.0,0.0,0.0,0.0,33.428540289032966,0.0,3.460436674223107e-36,hard,False,False,130.27002489404376,0.0,1.0,0.0,0.9804841750435145
1376,1767152399903,0.0,0.0,0.0,0.0,33.428540289032966,0.0,1.384174669689243e-36,hard,False,False,130.27002489404376,0.0,1.0,0.0,0.9804841750435145
1377,1767152399940,0.0,0.0,0.0,0.0,33.428540289032966,0.0,5.5366986787569724e-37,hard,False,False,130.27002489404376,0.0,1.0,0.0,0.9804841750435145
1378,1767152399970,0.0,0.0,0.0,0.0,33.428540289032966,0.0,2.214679471502789e-37,hard,False,False,130.27002489404376,0.0,1.0,0.0,0.9804841750435145
1379,1767152400004,0.0,0.0,0.0,0.0,33.428540289032966,0.0,8.858717886011156e-38,hard,False,False,130.27002489404376,0.0,1.0,0.0,0.9804841750435145
1380,1767152400038,0.0,0.0,0.0,0.0,33.428540289032966,0.0,3.543487154404463e-38,hard,False,False,130.27002489404376,0.0,1.0,0.0,0.9804841750435145
1381,1767152400070,0.0,0.0,0.0,0.0,33.428540289032966,0.0,1.4173948617617852e-38,hard,False,False,130.27002489404376,0.0,1.0,0.0,0.9804841750435145
1382,1767152400103,0.0,0.0,0.0,0.0,33.428540289032966,0.0,5.6695794470471414e-39,hard,False,False,130.27002489404376,0.0,1.0,0.0,0.9804841750435145
1383,1767152400136,0.0,0.0,0.0,0.0,33.428540289032966,0.0,2.2678317788188566e-39,hard,False,False,130.27002489404376,0.0,1.0,0.0,0.9804841750435145
1384,1767152400170,0.0,0.0,0.0,0.0,33.428540289032966,0.0,9.071327115275428e-40,hard,False,False,130.27002489404376,0.0,1.0,0.0,0.9804841750435145
1385,1767152400203,0.0,0.0,0.0,0.0,33.428540289032966,0.0,3.628530846110171e-40,hard,False,False,130.27002489404376,0.0,1.0,0.0,0.9804841750435145
1386,1767152400236,0.0,0.0,0.0,0.0,33.428540289032966,0.0,1.4514123384440686e-40,hard,False,False,130.27002489404376,0.0,1.0,0.0,0.9804841750435145
1387,1767152400270,0.0,0.0,0.0,0.0,33.428540289032966,0.0,5.805649353776275e-41,hard,False,False,130.27002489404376,0.0,1.0,0.0,0.9804841750435145
1388,1767152400306,0.0,0.0,0.0,0.0,33.428540289032966,0.0,2.32225974151051e-41,hard,False,False,130.27002489404376,0.0,1.0,0.0,0.9804841750435145
1389,1767152400336,0.0,0.0,0.0,0.0,33.428540289032966,0.0,9.28903896604204e-42,hard,False,False,130.27002489404376,0.0,1.0,0.0,0.9804841750435145
1390,1767152400370,0.0,0.0,0.0,0.0,33.428540289032966,0.0,3.715615586416817e-42,hard,False,False,130.27002489404376,0.0,1.0,0.0,0.9804841750435145
1391,1767152400404,0.0,0.0,0.0,0.0,33.428540289032966,0.0,1.4862462345667267e-42,hard,False,False,130.27002489404376,0.0,1.0,0.0,0.9804841750435145
1392,1767152400437,0.0,0.0,0.0,0.0,33.428540289032966,0.0,5.944984938266907e-43,hard,False,False,130.27002489404376,0.0,1.0,0.0,0.9804841750435145
1393,1767152400470,0.0,0.0,0.0,0.0,33.428540289032966,0.0,2.377993975306763e-43,hard,False,False,130.27002489404376,0.0,1.0,0.0,0.9804841750435145
1394,1767152400504,0.0,0.0,0.0,0.0,33.428540289032966,0.0,9.511975901227052e-44,hard,False,False,130.27002489404376,0.0,1.0,0.0,0.9804841750435145
1395,1767152400536,0.0,0.0,0.0,0.0,33.428540289032966,0.0,3.804790360490821e-44,hard,False,False,130.27002489404376,0.0,1.0,0.0,0.9804841750435145
1396,1767152400570,0.0,0.0,0.0,0.0,33.428540289032966,0.0,1.5219161441963285e-44,hard,False,False,130.27002489404376,0.0,1.0,0.0,0.9804841750435145
1397,1767152400603,0.0,0.0,0.0,0.0,33.428540289032966,0.0,6.087664576785314e-45,hard,False,False,130.27002489404376,0.0,1.0,0.0,0.9804841750435145
1398,1767152400637,0.0,0.0,0.0,0.0,33.428540289032966,0.0,2.4350658307141256e-45,hard,False,False,130.27002489404376,0.0,1.0,0.0,0.9804841750435145
1399,1767152400679,0.0,0.0,0.0,0.0,33.428540289032966,0.0,9.740263322856503e-46,hard,False,False,130.27002489404376,0.0,1.0,0.0,0.9804841750435145
1400,1767152400737,0.0,0.0,0.0,0.0,33.428540289032966,0.0,3.896105329142601e-46,hard,False,False,130.27002489404376,0.0,1.0,0.0,0.9804841750435145
1401,1767152400771,0.0,0.0,0.0,0.0,33.428540289032966,0.0,1.5584421316570405e-46,hard,False,False,130.27002489404376,0.0,1.0,0.0,0.9804841750435145
1402,1767152400803,0.0,0.0,0.0,0.0,33.428540289032966,0.0,6.233768526628162e-47,hard,False,False,130.27002489404376,0.0,1.0,0.0,0.9804841750435145
1403,1767152400848,0.0,0.0,0.0,0.0,33.428540289032966,0.0,2.493507410651265e-47,hard,False,False,130.27002489404376,0.0,1.0,0.0,0.9804841750435145
1404,1767152400903,0.0,0.0,0.0,0.0,33.428540289032966,0.0,9.974029642605061e-48,hard,False,False,130.27002489404376,0.0,1.0,0.0,0.9804841750435145
1405,1767152400937,0.0,0.0,0.0,0.0,33.428540289032966,0.0,3.989611857042025e-48,hard,False,False,130.27002489404376,0.0,1.0,0.0,0.9804841750435145
1406,1767152400971,0.0,0.0,0.0,0.0,33.428540289032966,0.0,1.59584474281681e-48,hard,False,False,130.27002489404376,0.0,1.0,0.0,0.9804841750435145
1407,1767152401019,0.0,0.0,0.0,0.0,33.428540289032966,0.0,6.3833789712672405e-49,hard,False,False,130.27002489404376,0.0,1.0,0.0,0.9804841750435145
1408,1767152401043,0.0,0.0,0.0,0.0,33.428540289032966,0.0,2.5533515885068964e-49,hard,False,False,130.27002489404376,0.0,1.0,0.0,0.9804841750435145
1409,1767152401072,0.0,0.0,0.0,0.0,33.428540289032966,0.0,1.0213406354027586e-49,hard,False,False,130.27002489404376,0.0,1.0,0.0,0.9804841750435145
1410,1767152401107,0.0,0.0,0.0,0.0,33.428540289032966,0.0,4.085362541611035e-50,hard,False,False,130.27002489404376,0.0,1.0,0.0,0.9804841750435145
1411,1767152401170,0.0,0.0,0.0,0.0,33.428540289032966,0.0,1.634145016644414e-50,hard,False,False,130.27002489404376,0.0,1.0,0.0,0.9804841750435145
1412,1767152401203,0.0,0.0,0.0,0.0,33.428540289032966,0.0,6.536580066577657e-51,hard,False,False,130.27002489404376,0.0,1.0,0.0,0.9804841750435145
1413,1767152401237,0.0,0.0,0.0,0.0,33.428540289032966,0.0,2.6146320266310626e-51,hard,False,False,130.27002489404376,0.0,1.0,0.0,0.9804841750435145
1414,1767152401270,0.0,0.0,0.0,0.0,33.428540289032966,0.0,1.045852810652425e-51,hard,False,False,130.27002489404376,0.0,1.0,0.0,0.9804841750435145
1415,1767152401303,0.0,0.0,0.0,0.0,33.428540289032966,0.0,4.183411242609701e-52,hard,False,False,130.27002489404376,0.0,1.0,0.0,0.9804841750435145
1416,1767152401337,0.0,0.0,0.0,0.0,33.428540289032966,0.0,1.6733644970438804e-52,hard,False,False,130.27002489404376,0.0,1.0,0.0,0.9804841750435145
1417,1767152401373,0.0,0.0,0.0,0.0,33.428540289032966,0.0,6.693457988175522e-53,hard,False,False,130.27002489404376,0.0,1.0,0.0,0.9804841750435145
1418,1767152401422,0.0,0.0,0.0,0.0,33.428540289032966,0.0,2.677383195270209e-53,hard,False,False,130.27002489404376,0.0,1.0,0.0,0.9804841750435145
1419,1767152401454,0.0,0.0,0.0,0.0,33.428540289032966,0.0,1.0709532781080836e-53,hard,False,False,130.27002489404376,0.0,1.0,0.0,0.9804841750435145
1420,1767152401499,0.0,0.0,0.0,0.0,33.428540289032966,0.0,4.2838131124323346e-54,hard,False,False,130.27002489404376,0.0,1.0,0.0,0.9804841750435145
1421,1767152401526,0.0,0.0,0.0,0.0,33.428540289032966,0.0,1.7135252449729338e-54,hard,False,False,130.27002489404376,0.0,1.0,0.0,0.9804841750435145
1422,1767152401554,0.0,0.0,0.0,0.0,33.428540289032966,0.0,6.854100979891736e-55,hard,False,False,130.27002489404376,0.0,1.0,0.0,0.9804841750435145
1423,1767152401578,0.0,0.0,0.0,0.0,33.428540289032966,0.0,2.7416403919566944e-55,hard,False,False,130.27002489404376,0.0,1.0,0.0,0.9804841750435145
1424,1767152401604,0.0,0.0,0.0,0.0,33.428540289032966,0.0,1.0966561567826778e-55,hard,False,False,130.27002489404376,0.0,1.0,0.0,0.9804841750435145
1425,1767152401636,0.0,0.0,0.0,0.0,33.428540289032966,0.0,4.386624627130711e-56,hard,False,False,130.27002489404376,0.0,1.0,0.0,0.9804841750435145
1426,1767152401677,0.0,0.0,0.0,0.0,33.428540289032966,0.0,1.7546498508522845e-56,hard,False,False,130.27002489404376,0.0,1.0,0.0,0.9804841750435145
1427,1767152401704,0.0,0.0,0.0,0.0,33.428540289032966,0.0,7.018599403409139e-57,hard,False,False,130.27002489404376,0.0,1.0,0.0,0.9804841750435145
1428,1767152401737,0.0,0.0,0.0,0.0,33.428540289032966,0.0,2.807439761363656e-57,hard,False,False,130.27002489404376,0.0,1.0,0.0,0.9804841750435145
1429,1767152401771,0.0,0.0,0.0,0.0,33.428540289032966,0.0,1.1229759045454623e-57,hard,False,False,130.27002489404376,0.0,1.0,0.0,0.9804841750435145
1430,1767152401804,0.0,0.0,0.0,0.0,33.428540289032966,0.0,4.4919036181818494e-58,hard,False,False,130.27002489404376,0.0,1.0,0.0,0.9804841750435145
1431,1767152401840,0.0,0.0,0.0,0.0,33.428540289032966,0.0,1.7967614472727397e-58,hard,False,False,130.27002489404376,0.0,1.0,0.0,0.9804841750435145
1432,1767152401870,0.0,0.0,0.0,0.0,33.428540289032966,0.0,7.187045789090959e-59,hard,False,False,130.27002489404376,0.0,1.0,0.0,0.9804841750435145
1433,1767152401937,0.0,0.0,0.0,0.0,33.428540289032966,0.0,2.874818315636384e-59,hard,False,False,130.27002489404376,0.0,1.0,0.0,0.9804841750435145
1434,1767152401973,0.0,0.0,0.0,0.0,33.428540289032966,0.0,1.1499273262545537e-59,hard,False,False,130.27002489404376,0.0,1.0,0.0,0.9804841750435145
1435,1767152402003,0.0,0.0,0.0,0.0,33.428540289032966,0.0,4.599709305018215e-60,hard,False,False,130.27002489404376,0.0,1.0,0.0,0.9804841750435145
1436,1767152402036,0.0,0.0,0.0,0.0,33.428540289032966,0.0,1.839883722007286e-60,hard,False,False,130.27002489404376,0.0,1.0,0.0,0.9804841750435145
1437,1767152402235,0.0,0.0,0.0,0.0,33.428540289032966,0.0,7.359534888029144e-61,hard,False,False,130.27002489404376,0.0,1.0,0.0,0.9804841750435145
1438,1767152402253,0.0,0.0,0.0,0.0,33.428540289032966,0.0,2.9438139552116576e-61,hard,False,False,130.27002489404376,0.0,1.0,0.0,0.9804841750435145
1439,1767152402280,0.0,0.0,0.0,0.0,33.428540289032966,0.0,1.177525582084663e-61,hard,False,False,130.27002489404376,0.0,1.0,0.0,0.9804841750435145
1440,1767152402305,0.0,0.0,0.0,0.0,33.428540289032966,0.0,4.710102328338652e-62,hard,False,False,130.27002489404376,0.0,1.0,0.0,0.9804841750435145
1441,1767152402327,0.0,0.0,0.0,0.0,33.428540289032966,0.0,1.8840409313354609e-62,hard,False,False,130.27002489404376,0.0,1.0,0.0,0.9804841750435145
1442,1767152402347,0.0,0.0,0.0,0.0,33.428540289032966,0.0,7.536163725341843e-63,hard,False,False,130.27002489404376,0.0,1.0,0.0,0.9804841750435145
1443,1767152402371,0.0,0.0,0.0,0.0,33.428540289032966,0.0,3.014465490136738e-63,hard,False,False,130.27002489404376,0.0,1.0,0.0,0.9804841750435145
1444,1767152402394,0.0,0.0,0.0,0.0,33.428540289032966,0.0,1.2057861960546952e-63,hard,False,False,130.27002489404376,0.0,1.0,0.0,0.9804841750435145
1445,1767152402432,0.0,0.0,0.0,0.0,33.428540289032966,0.0,4.823144784218781e-64,hard,False,False,130.27002489404376,0.0,1.0,0.0,0.9804841750435145
1446,1767152402461,0.0,0.0,0.0,0.0,33.428540289032966,0.0,1.9292579136875126e-64,hard,False,False,130.27002489404376,0.0,1.0,0.0,0.9804841750435145
1447,1767152402486,0.0,0.0,0.0,0.0,33.428540289032966,0.0,7.71703165475005e-65,hard,False,False,130.27002489404376,0.0,1.0,0.0,0.9804841750435145
1448,1767152402536,0.0,0.0,0.0,0.0,33.428540289032966,0.0,3.0868126619000202e-65,hard,False,False,130.27002489404376,0.0,1.0,0.0,0.9804841750435145
1449,1767152402570,0.0,0.0,0.0,0.0,33.428540289032966,0.0,1.2347250647600083e-65,hard,False,False,130.27002489404376,0.0,1.0,0.0,0.9804841750435145
1450,1767152402603,0.0,0.0,0.0,0.0,33.428540289032966,0.0,4.938900259040034e-66,hard,False,False,130.27002489404376,0.0,1.0,0.0,0.9804841750435145
1451,1767152402693,0.0,0.0,0.0,0.0,33.428540289032966,0.0,1.9755601036160135e-66,hard,False,False,130.27002489404376,0.0,1.0,0.0,0.9804841750435145
1452,1767152402716,0.0,0.0,0.0,0.0,33.428540289032966,0.0,7.902240414464054e-67,hard,False,False,130.27002489404376,0.0,1.0,0.0,0.9804841750435145
1453,1767152402744,0.0,0.0,0.0,0.0,33.428540289032966,0.0,3.160896165785622e-67,hard,False,False,130.27002489404376,0.0,1.0,0.0,0.9804841750435145
1454,1767152402782,0.0,0.0,0.0,0.0,33.428540289032966,0.0,1.2643584663142488e-67,hard,False,False,130.27002489404376,0.0,1.0,0.0,0.9804841750435145
1455,1767152402810,0.0,0.0,0.0,0.0,33.428540289032966,0.0,5.057433865256995e-68,hard,False,False,130.27002489404376,0.0,1.0,0.0,0.9804841750435145
1456,1767152402849,0.0,0.0,0.0,0.0,33.428540289032966,0.0,2.022973546102798e-68,hard,False,False,130.27002489404376,0.0,1.0,0.0,0.9804841750435145
1457,1767152402880,0.0,0.0,0.0,0.0,33.428540289032966,0.0,8.091894184411193e-69,hard,False,False,130.27002489404376,0.0,1.0,0.0,0.9804841750435145
1458,1767152402910,0.0,0.0,0.0,0.0,33.428540289032966,0.0,3.2367576737644774e-69,hard,False,False,130.27002489404376,0.0,1.0,0.0,0.9804841750435145
1459,1767152402953,0.0,0.0,0.0,0.0,33.428540289032966,0.0,1.294703069505791e-69,hard,False,False,130.27002489404376,0.0,1.0,0.0,0.9804841750435145
1460,1767152402981,0.0,0.0,0.0,0.0,33.428540289032966,0.0,5.178812278023164e-70,hard,False,False,130.27002489404376,0.0,1.0,0.0,0.9804841750435145
1461,1767152403014,0.0,0.0,0.0,0.0,33.428540289032966,0.0,2.071524911209266e-70,hard,False,False,130.27002489404376,0.0,1.0,0.0,0.9804841750435145
1462,1767152403040,0.0,0.0,0.0,0.0,33.428540289032966,0.0,8.286099644837063e-71,hard,False,False,130.27002489404376,0.0,1.0,0.0,0.9804841750435145
1463,1767152403065,0.0,0.0,0.0,0.0,33.428540289032966,0.0,3.3144398579348253e-71,hard,False,False,130.27002489404376,0.0,1.0,0.0,0.9804841750435145
1464,1767152403109,0.0,0.0,0.0,0.0,33.428540289032966,0.0,1.3257759431739303e-71,hard,False,False,130.27002489404376,0.0,1.0,0.0,0.9804841750435145
1465,1767152403152,0.0,0.0,0.0,0.0,33.428540289032966,0.0,5.303103772695721e-72,hard,False,False,130.27002489404376,0.0,1.0,0.0,0.9804841750435145
1466,1767152403180,0.0,0.0,0.0,0.0,33.428540289032966,0.0,2.1212415090782885e-72,hard,False,False,130.27002489404376,0.0,1.0,0.0,0.9804841750435145
1467,1767152403225,0.0,0.0,0.0,0.0,33.428540289032966,0.0,8.484966036313155e-73,hard,False,False,130.27002489404376,0.0,1.0,0.0,0.9804841750435145
1468,1767152403279,0.0,0.0,0.0,0.0,33.428540289032966,0.0,3.393986414525262e-73,hard,False,False,130.27002489404376,0.0,1.0,0.0,0.9804841750435145
1469,1767152403305,0.0,0.0,0.0,0.0,33.428540289032966,0.0,1.3575945658101048e-73,hard,False,False,130.27002489404376,0.0,1.0,0.0,0.9804841750435145
1470,1767152403332,0.0,0.0,0.0,0.0,33.428540289032966,0.0,5.430378263240419e-74,hard,False,False,130.27002489404376,0.0,1.0,0.0,0.9804841750435145
1471,1767152403372,0.0,0.0,0.0,0.0,33.428540289032966,0.0,2.172151305296168e-74,hard,False,False,130.27002489404376,0.0,1.0,0.0,0.9804841750435145
1472,1767152403411,0.0,0.0,0.0,0.0,33.428540289032966,0.0,8.688605221184672e-75,hard,False,False,130.27002489404376,0.0,1.0,0.0,0.9804841750435145
1473,1767152403446,0.0,0.0,0.0,0.0,33.428540289032966,0.0,3.475442088473869e-75,hard,False,False,130.27002489404376,0.0,1.0,0.0,0.9804841750435145
1474,1767152403473,0.0,0.0,0.0,0.0,33.428540289032966,0.0,1.3901768353895477e-75,hard,False,False,130.27002489404376,0.0,1.0,0.0,0.9804841750435145
1475,1767152403527,0.0,0.0,0.0,0.0,33.428540289032966,0.0,5.560707341558191e-76,hard,False,False,130.27002489404376,0.0,1.0,0.0,0.9804841750435145
1476,1767152403553,0.0,0.0,0.0,0.0,33.428540289032966,0.0,2.2242829366232767e-76,hard,False,False,130.27002489404376,0.0,1.0,0.0,0.9804841750435145
1477,1767152403579,0.0,0.0,0.0,0.0,33.428540289032966,0.0,8.897131746493107e-77,hard,False,False,130.27002489404376,0.0,1.0,0.0,0.9804841750435145
1478,1767152403611,0.0,0.0,0.0,0.0,33.428540289032966,0.0,3.558852698597243e-77,hard,False,False,130.27002489404376,0.0,1.0,0.0,0.9804841750435145
1479,1767152403661,0.0,0.0,0.0,0.0,33.428540289032966,0.0,1.4235410794388972e-77,hard,False,False,130.27002489404376,0.0,1.0,0.0,0.9804841750435145
1480,1767152403688,0.0,0.0,0.0,0.0,33.428540289032966,0.0,5.694164317755589e-78,hard,False,False,130.27002489404376,0.0,1.0,0.0,0.9804841750435145
1481,1767152403724,0.0,0.0,0.0,0.0,33.428540289032966,0.0,2.2776657271022357e-78,hard,False,False,130.27002489404376,0.0,1.0,0.0,0.9804841750435145
1482,1767152403755,0.0,0.0,0.0,0.0,33.428540289032966,0.0,9.110662908408943e-79,hard,False,False,130.27002489404376,0.0,1.0,0.0,0.9804841750435145
1483,1767152403792,0.0,0.0,0.0,0.0,33.428540289032966,0.0,3.6442651633635776e-79,hard,False,False,130.27002489404376,0.0,1.0,0.0,0.9804841750435145
1484,1767152403818,0.0,0.0,0.0,0.0,33.428540289032966,0.0,1.4577060653454312e-79,hard,False,False,130.27002489404376,0.0,1.0,0.0,0.9804841750435145
1485,1767152403845,0.0,0.0,0.0,0.0,33.428540289032966,0.0,5.830824261381725e-80,hard,False,False,130.27002489404376,0.0,1.0,0.0,0.9804841750435145
1486,1767152403870,0.0,0.0,0.0,0.0,33.428540289032966,0.0,2.33232970455269e-80,hard,False,False,130.27002489404376,0.0,1.0,0.0,0.9804841750435145
1487,1767152403900,0.0,0.0,0.0,0.0,33.428540289032966,0.0,9.32931881821076e-81,hard,False,False,130.27002489404376,0.0,1.0,0.0,0.9804841750435145
1488,1767152403940,0.0,0.0,0.0,0.0,33.428540289032966,0.0,3.731727527284304e-81,hard,False,False,130.27002489404376,0.0,1.0,0.0,0.9804841750435145
1489,1767152403969,0.0,0.0,0.0,0.0,33.428540289032966,0.0,1.4926910109137218e-81,hard,False,False,130.27002489404376,0.0,1.0,0.0,0.9804841750435145
1490,1767152404006,0.0,0.0,0.0,0.0,33.428540289032966,0.0,5.970764043654887e-82,hard,False,False,130.27002489404376,0.0,1.0,0.0,0.9804841750435145
1491,1767152404035,0.0,0.0,0.0,0.0,33.428540289032966,0.0,2.388305617461955e-82,hard,False,False,130.27002489404376,0.0,1.0,0.0,0.9804841750435145
1492,1767152404063,0.0,0.0,0.0,0.0,33.428540289032966,0.0,9.55322246984782e-83,hard,False,False,130.27002489404376,0.0,1.0,0.0,0.9804841750435145
1493,1767152404091,0.0,0.0,0.0,0.0,33.428540289032966,0.0,3.821288987939128e-83,hard,False,False,130.27002489404376,0.0,1.0,0.0,0.9804841750435145
1494,1767152404115,0.0,0.0,0.0,0.0,33.428540289032966,0.0,1.5285155951756512e-83,hard,False,False,130.27002489404376,0.0,1.0,0.0,0.9804841750435145
1495,1767152404145,0.0,0.0,0.0,0.0,33.428540289032966,0.0,6.114062380702605e-84,hard,False,False,130.27002489404376,0.0,1.0,0.0,0.9804841750435145
1496,1767152404170,0.0,0.0,0.0,0.0,33.428540289032966,0.0,2.445624952281042e-84,hard,False,False,130.27002489404376,0.0,1.0,0.0,0.9804841750435145
1497,1767152404203,0.0,0.0,0.0,0.0,33.428540289032966,0.0,9.782499809124168e-85,hard,False,False,130.27002489404376,0.0,1.0,0.0,0.9804841750435145
1498,1767152404236,0.0,0.0,0.0,0.0,33.428540289032966,0.0,3.912999923649667e-85,hard,False,False,130.27002489404376,0.0,1.0,0.0,0.9804841750435145
1499,1767152404270,0.0,0.0,0.0,0.0,33.428540289032966,0.0,1.565199969459867e-85,hard,False,False,130.27002489404376,0.0,1.0,0.0,0.9804841750435145
1500,1767152404311,0.0,0.0,0.0,0.0,33.428540289032966,0.0,6.260799877839469e-86,hard,False,False,130.27002489404376,0.0,1.0,0.0,0.9804841750435145
1501,1767152404360,0.0,0.0,0.0,0.0,33.428540289032966,0.0,2.5043199511357877e-86,hard,False,False,130.27002489404376,0.0,1.0,0.0,0.9804841750435145
1502,1767152404389,0.0,0.0,0.0,0.0,33.428540289032966,0.0,1.001727980454315e-86,hard,False,False,130.27002489404376,0.0,1.0,0.0,0.9804841750435145
1503,1767152404420,0.0,0.0,0.0,0.0,33.428540289032966,0.0,4.0069119218172605e-87,hard,False,False,130.27002489404376,0.0,1.0,0.0,0.9804841750435145
1504,1767152404446,0.0,0.0,0.0,0.0,33.428540289032966,0.0,1.6027647687269042e-87,hard,False,False,130.27002489404376,0.0,1.0,0.0,0.9804841750435145
1505,1767152404473,0.0,0.0,0.0,0.0,33.428540289032966,0.0,6.411059074907617e-88,hard,False,False,130.27002489404376,0.0,1.0,0.0,0.9804841750435145
1506,1767152404503,0.0,0.0,0.0,0.0,33.428540289032966,0.0,2.564423629963047e-88,hard,False,False,130.27002489404376,0.0,1.0,0.0,0.9804841750435145
1507,1767152404536,0.0,0.0,0.0,0.0,33.428540289032966,0.0,1.0257694519852189e-88,hard,False,False,130.27002489404376,0.0,1.0,0.0,0.9804841750435145
1508,1767152404570,0.0,0.0,0.0,0.0,33.428540289032966,0.0,4.1030778079408755e-89,hard,False,False,130.27002489404376,0.0,1.0,0.0,0.9804841750435145
1509,1767152404603,0.0,0.0,0.0,0.0,33.428540289032966,0.0,1.64123112317635e-89,hard,False,False,130.27002489404376,0.0,1.0,0.0,0.9804841750435145
1510,1767152404636,0.0,0.0,0.0,0.0,33.428540289032966,0.0,6.564924492705401e-90,hard,False,False,130.27002489404376,0.0,1.0,0.0,0.9804841750435145
1511,1767152404670,0.0,0.0,0.0,0.0,33.428540289032966,0.0,2.6259697970821605e-90,hard,False,False,130.27002489404376,0.0,1.0,0.0,0.9804841750435145
1512,1767152404736,0.0,0.0,0.0,0.0,33.428540289032966,0.0,1.0503879188328642e-90,hard,False,False,130.27002489404376,0.0,1.0,0.0,0.9804841750435145
1513,1767152404769,0.0,0.0,0.0,0.0,33.428540289032966,0.0,4.201551675331457e-91,hard,False,False,130.27002489404376,0.0,1.0,0.0,0.9804841750435145
1514,1767152404803,0.0,0.0,0.0,0.0,33.428540289032966,0.0,1.6806206701325827e-91,hard,False,False,130.27002489404376,0.0,1.0,0.0,0.9804841750435145
1515,1767152404836,0.0,0.0,0.0,0.0,33.428540289032966,0.0,6.722482680530331e-92,hard,False,False,130.27002489404376,0.0,1.0,0.0,0.9804841750435145
1516,1767152404869,0.0,0.0,0.0,0.0,33.428540289032966,0.0,2.6889930722121325e-92,hard,False,False,130.27002489404376,0.0,1.0,0.0,0.9804841750435145
1517,1767152404903,0.0,0.0,0.0,0.0,33.428540289032966,0.0,1.0755972288848531e-92,hard,False,False,130.27002489404376,0.0,1.0,0.0,0.9804841750435145
1518,1767152404937,0.0,0.0,0.0,0.0,33.428540289032966,0.0,4.302388915539413e-93,hard,False,False,130.27002489404376,0.0,1.0,0.0,0.9804841750435145
1519,1767152404969,0.0,0.0,0.0,0.0,33.428540289032966,0.0,1.7209555662157653e-93,hard,False,False,130.27002489404376,0.0,1.0,0.0,0.9804841750435145
1520,1767152405003,0.0,0.0,0.0,0.0,33.428540289032966,0.0,6.883822264863061e-94,hard,False,False,130.27002489404376,0.0,1.0,0.0,0.9804841750435145
1521,1767152405036,0.0,0.0,0.0,0.0,33.428540289032966,0.0,2.7535289059452246e-94,hard,False,False,130.27002489404376,0.0,1.0,0.0,0.9804841750435145
1522,1767152405069,0.0,0.0,0.0,0.0,33.428540289032966,0.0,1.1014115623780899e-94,hard,False,False,130.27002489404376,0.0,1.0,0.0,0.9804841750435145
1523,1767152405103,0.0,0.0,0.0,0.0,33.428540289032966,0.0,4.40564624951236e-95,hard,False,False,130.27002489404376,0.0,1.0,0.0,0.9804841750435145
1524,1767152405139,0.0,0.0,0.0,0.0,33.428540289032966,0.0,1.762258499804944e-95,hard,False,False,130.27002489404376,0.0,1.0,0.0,0.9804841750435145
1525,1767152405179,0.0,0.0,0.0,0.0,33.428540289032966,0.0,7.049033999219776e-96,hard,False,False,130.27002489404376,0.0,1.0,0.0,0.9804841750435145
1526,1767152405205,0.0,0.0,0.0,0.0,33.428540289032966,0.0,2.8196135996879105e-96,hard,False,False,130.27002489404376,0.0,1.0,0.0,0.9804841750435145
1527,1767152405236,0.0,0.0,0.0,0.0,33.428540289032966,0.0,1.1278454398751643e-96,hard,False,False,130.27002489404376,0.0,1.0,0.0,0.9804841750435145
1528,1767152405269,0.0,0.0,0.0,0.0,33.428540289032966,0.0,4.5113817595006575e-97,hard,False,False,130.27002489404376,0.0,1.0,0.0,0.9804841750435145
1529,1767152405303,0.0,0.0,0.0,0.0,33.428540289032966,0.0,1.804552703800263e-97,hard,False,False,130.27002489404376,0.0,1.0,0.0,0.9804841750435145
1530,1767152405336,0.0,0.0,0.0,0.0,33.428540289032966,0.0,7.218210815201053e-98,hard,False,False,130.27002489404376,0.0,1.0,0.0,0.9804841750435145
1531,1767152405371,0.0,0.0,0.0,0.0,33.428540289032966,0.0,2.8872843260804212e-98,hard,False,False,130.27002489404376,0.0,1.0,0.0,0.9804841750435145
1532,1767152405436,0.0,0.0,0.0,0.0,33.428540289032966,0.0,1.1549137304321686e-98,hard,False,False,130.27002489404376,0.0,1.0,0.0,0.9804841750435145
1533,1767152405470,0.0,0.0,0.0,0.0,33.428540289032966,0.0,4.619654921728675e-99,hard,False,False,130.27002489404376,0.0,1.0,0.0,0.9804841750435145
1534,1767152405505,0.0,0.0,0.0,0.0,33.428540289032966,0.0,1.84786196869147e-99,hard,False,False,130.27002489404376,0.0,1.0,0.0,0.9804841750435145
1535,1767152405537,0.0,0.0,0.0,0.0,33.428540289032966,0.0,7.391447874765881e-100,hard,False,False,130.27002489404376,0.0,1.0,0.0,0.9804841750435145
1536,1767152405583,0.0,0.0,0.0,0.0,33.428540289032966,0.0,2.9565791499063524e-100,hard,False,False,130.27002489404376,0.0,1.0,0.0,0.9804841750435145
1537,1767152405611,0.0,0.0,0.0,0.0,33.428540289032966,0.0,1.182631659962541e-100,hard,False,False,130.27002489404376,0.0,1.0,0.0,0.9804841750435145
1538,1767152405650,0.0,0.0,0.0,0.0,33.428540289032966,0.0,4.730526639850164e-101,hard,False,False,130.27002489404376,0.0,1.0,0.0,0.9804841750435145
1539,1767152405676,0.0,0.0,0.0,0.0,33.428540289032966,0.0,1.892210655940066e-101,hard,False,False,130.27002489404376,0.0,1.0,0.0,0.9804841750435145
1540,1767152405703,0.0,0.0,0.0,0.0,33.428540289032966,0.0,7.568842623760264e-102,hard,False,False,130.27002489404376,0.0,1.0,0.0,0.9804841750435145
1541,1767152405738,0.0,0.0,0.0,0.0,33.428540289032966,0.0,3.0275370495041055e-102,hard,False,False,130.27002489404376,0.0,1.0,0.0,0.9804841750435145
1542,1767152405769,0.0,0.0,0.0,0.0,33.428540289032966,0.0,1.2110148198016422e-102,hard,False,False,130.27002489404376,0.0,1.0,0.0,0.9804841750435145
1543,1767152405803,0.0,0.0,0.0,0.0,33.428540289032966,0.0,4.844059279206569e-103,hard,False,False,130.27002489404376,0.0,1.0,0.0,0.9804841750435145
1544,1767152405836,0.0,0.0,0.0,0.0,33.428540289032966,0.0,1.9376237116826277e-103,hard,False,False,130.27002489404376,0.0,1.0,0.0,0.9804841750435145
1545,1767152405875,0.0,0.0,0.0,0.0,33.428540289032966,0.0,7.750494846730511e-104,hard,False,False,130.27002489404376,0.0,1.0,0.0,0.9804841750435145
1546,1767152405902,0.0,0.0,0.0,0.0,33.428540289032966,0.0,3.1001979386922045e-104,hard,False,False,130.27002489404376,0.0,1.0,0.0,0.9804841750435145
1547,1767152405936,0.0,0.0,0.0,0.0,33.428540289032966,0.0,1.2400791754768819e-104,hard,False,False,130.27002489404376,0.0,1.0,0.0,0.9804841750435145
1548,1767152405969,0.0,0.0,0.0,0.0,33.428540289032966,0.0,4.960316701907528e-105,hard,False,False,130.27002489404376,0.0,1.0,0.0,0.9804841750435145
1549,1767152406006,0.0,0.0,0.0,0.0,33.428540289032966,0.0,1.984126680763011e-105,hard,False,False,130.27002489404376,0.0,1.0,0.0,0.9804841750435145
1550,1767152406036,0.0,0.0,0.0,0.0,33.428540289032966,0.0,7.936506723052045e-106,hard,False,False,130.27002489404376,0.0,1.0,0.0,0.9804841750435145
1551,1767152406069,0.0,0.0,0.0,0.0,33.428540289032966,0.0,3.174602689220818e-106,hard,False,False,130.27002489404376,0.0,1.0,0.0,0.9804841750435145
1552,1767152406105,0.0,0.0,0.0,0.0,33.428540289032966,0.0,1.2698410756883272e-106,hard,False,False,130.27002489404376,0.0,1.0,0.0,0.9804841750435145
1553,1767152406136,0.0,0.0,0.0,0.0,33.428540289032966,0.0,5.079364302753309e-107,hard,False,False,130.27002489404376,0.0,1.0,0.0,0.9804841750435145
1554,1767152406169,0.0,0.0,0.0,0.0,33.428540289032966,0.0,2.0317457211013237e-107,hard,False,False,130.27002489404376,0.0,1.0,0.0,0.9804841750435145
1555,1767152406203,0.0,0.0,0.0,0.0,33.428540289032966,0.0,8.126982884405295e-108,hard,False,False,130.27002489404376,0.0,1.0,0.0,0.9804841750435145
1556,1767152406236,0.0,0.0,0.0,0.0,33.428540289032966,0.0,3.250793153762118e-108,hard,False,False,130.27002489404376,0.0,1.0,0.0,0.9804841750435145
1557,1767152406270,0.0,0.0,0.0,0.0,33.428540289032966,0.0,1.3003172615048473e-108,hard,False,False,130.27002489404376,0.0,1.0,0.0,0.9804841750435145
1558,1767152406307,0.0,0.0,0.0,0.0,33.428540289032966,0.0,5.20126904601939e-109,hard,False,False,130.27002489404376,0.0,1.0,0.0,0.9804841750435145
1559,1767152406372,0.0,0.0,0.0,0.0,33.428540289032966,0.0,2.080507618407756e-109,hard,False,False,130.27002489404376,0.0,1.0,0.0,0.9804841750435145
1560,1767152406414,0.0,0.0,0.0,0.0,33.428540289032966,0.0,8.322030473631024e-110,hard,False,False,130.27002489404376,0.0,1.0,0.0,0.9804841750435145
1561,1767152406441,0.0,0.0,0.0,0.0,33.428540289032966,0.0,3.32881218945241e-110,hard,False,False,130.27002489404376,0.0,1.0,0.0,0.9804841750435145
1562,1767152406473,0.0,0.0,0.0,0.0,33.428540289032966,0.0,1.331524875780964e-110,hard,False,False,130.27002489404376,0.0,1.0,0.0,0.9804841750435145
1563,1767152406503,0.0,0.0,0.0,0.0,33.428540289032966,0.0,5.3260995031238566e-111,hard,False,False,130.27002489404376,0.0,1.0,0.0,0.9804841750435145
1564,1767152406536,0.0,0.0,0.0,0.0,33.428540289032966,0.0,2.130439801249543e-111,hard,False,False,130.27002489404376,0.0,1.0,0.0,0.9804841750435145
1565,1767152406570,0.0,0.0,0.0,0.0,33.428540289032966,0.0,8.521759204998172e-112,hard,False,False,130.27002489404376,0.0,1.0,0.0,0.9804841750435145
1566,1767152406602,0.0,0.0,0.0,0.0,33.428540289032966,0.0,3.408703681999269e-112,hard,False,False,130.27002489404376,0.0,1.0,0.0,0.9804841750435145
1567,1767152406637,0.0,0.0,0.0,0.0,33.428540289032966,0.0,1.3634814727997075e-112,hard,False,False,130.27002489404376,0.0,1.0,0.0,0.9804841750435145
1568,1767152406681,0.0,0.0,0.0,0.0,33.428540289032966,0.0,5.45392589119883e-113,hard,False,False,130.27002489404376,0.0,1.0,0.0,0.9804841750435145
1569,1767152406705,0.0,0.0,0.0,0.0,33.428540289032966,0.0,2.1815703564795322e-113,hard,False,False,130.27002489404376,0.0,1.0,0.0,0.9804841750435145
1570,1767152406737,0.0,0.0,0.0,0.0,33.428540289032966,0.0,8.72628142591813e-114,hard,False,False,130.27002489404376,0.0,1.0,0.0,0.9804841750435145
1571,1767152406769,0.0,0.0,0.0,0.0,33.428540289032966,0.0,3.490512570367252e-114,hard,False,False,130.27002489404376,0.0,1.0,0.0,0.9804841750435145
1572,1767152406802,0.0,0.0,0.0,0.0,33.428540289032966,0.0,1.396205028146901e-114,hard,False,False,130.27002489404376,0.0,1.0,0.0,0.9804841750435145
1573,1767152406836,0.0,0.0,0.0,0.0,33.428540289032966,0.0,5.584820112587604e-115,hard,False,False,130.27002489404376,0.0,1.0,0.0,0.9804841750435145
1574,1767152406869,0.0,0.0,0.0,0.0,33.428540289032966,0.0,2.2339280450350416e-115,hard,False,False,130.27002489404376,0.0,1.0,0.0,0.9804841750435145
1575,1767152406902,0.0,0.0,0.0,0.0,33.428540289032966,0.0,8.935712180140166e-116,hard,False,False,130.27002489404376,0.0,1.0,0.0,0.9804841750435145
1576,1767152406937,0.0,0.0,0.0,0.0,33.428540289032966,0.0,3.5742848720560666e-116,hard,False,False,130.27002489404376,0.0,1.0,0.0,0.9804841750435145
1577,1767152406969,0.0,0.0,0.0,0.0,33.428540289032966,0.0,1.4297139488224266e-116,hard,False,False,130.27002489404376,0.0,1.0,0.0,0.9804841750435145
1578,1767152407004,0.0,0.0,0.0,0.0,33.428540289032966,0.0,5.718855795289707e-117,hard,False,False,130.27002489404376,0.0,1.0,0.0,0.9804841750435145
1579,1767152407036,0.0,0.0,0.0,0.0,33.428540289032966,0.0,2.287542318115883e-117,hard,False,False,130.27002489404376,0.0,1.0,0.0,0.9804841750435145
1580,1767152407069,0.0,0.0,0.0,0.0,33.428540289032966,0.0,9.150169272463532e-118,hard,False,False,130.27002489404376,0.0,1.0,0.0,0.9804841750435145
1581,1767152407104,0.0,0.0,0.0,0.0,33.428540289032966,0.0,3.6600677089854133e-118,hard,False,False,130.27002489404376,0.0,1.0,0.0,0.9804841750435145
1582,1767152407136,0.0,0.0,0.0,0.0,33.428540289032966,0.0,1.4640270835941653e-118,hard,False,False,130.27002489404376,0.0,1.0,0.0,0.9804841750435145
1583,1767152407169,0.0,0.0,0.0,0.0,33.428540289032966,0.0,5.856108334376662e-119,hard,False,False,130.27002489404376,0.0,1.0,0.0,0.9804841750435145
1584,1767152407203,0.0,0.0,0.0,0.0,33.428540289032966,0.0,2.3424433337506646e-119,hard,False,False,130.27002489404376,0.0,1.0,0.0,0.9804841750435145
1585,1767152407236,0.0,0.0,0.0,0.0,33.428540289032966,0.0,9.36977333500266e-120,hard,False,False,130.27002489404376,0.0,1.0,0.0,0.9804841750435145
1586,1767152407269,0.0,0.0,0.0,0.0,33.428540289032966,0.0,3.747909334001064e-120,hard,False,False,130.27002489404376,0.0,1.0,0.0,0.9804841750435145
1587,1767152407302,0.0,0.0,0.0,0.0,33.428540289032966,0.0,1.4991637336004257e-120,hard,False,False,130.27002489404376,0.0,1.0,0.0,0.9804841750435145
1588,1767152407336,0.0,0.0,0.0,0.0,33.428540289032966,0.0,5.996654934401703e-121,hard,False,False,130.27002489404376,0.0,1.0,0.0,0.9804841750435145
1589,1767152407369,0.0,0.0,0.0,0.0,33.428540289032966,0.0,2.3986619737606815e-121,hard,False,False,130.27002489404376,0.0,1.0,0.0,0.9804841750435145
1590,1767152407402,0.0,0.0,0.0,0.0,33.428540289032966,0.0,9.594647895042726e-122,hard,False,False,130.27002489404376,0.0,1.0,0.0,0.9804841750435145
1591,1767152407436,0.0,0.0,0.0,0.0,33.428540289032966,0.0,3.837859158017091e-122,hard,False,False,130.27002489404376,0.0,1.0,0.0,0.9804841750435145
1592,1767152407469,0.0,0.0,0.0,0.0,33.428540289032966,0.0,1.5351436632068364e-122,hard,False,False,130.27002489404376,0.0,1.0,0.0,0.9804841750435145
1593,1767152407502,0.0,0.0,0.0,0.0,33.428540289032966,0.0,6.140574652827347e-123,hard,False,False,130.27002489404376,0.0,1.0,0.0,0.9804841750435145
1594,1767152407536,0.0,0.0,0.0,0.0,33.428540289032966,0.0,2.456229861130939e-123,hard,False,False,130.27002489404376,0.0,1.0,0.0,0.9804841750435145
1595,1767152407569,0.0,0.0,0.0,0.0,33.428540289032966,0.0,9.824919444523756e-124,hard,False,False,130.27002489404376,0.0,1.0,0.0,0.9804841750435145
1596,1767152407603,0.0,0.0,0.0,0.0,33.428540289032966,0.0,3.929967777809503e-124,hard,False,False,130.27002489404376,0.0,1.0,0.0,0.9804841750435145
1597,1767152407636,0.0,0.0,0.0,0.0,33.428540289032966,0.0,1.5719871111238013e-124,hard,False,False,130.27002489404376,0.0,1.0,0.0,0.9804841750435145
1598,1767152407703,0.0,0.0,0.0,0.0,33.428540289032966,0.0,6.287948444495206e-125,hard,False,False,130.27002489404376,0.0,1.0,0.0,0.9804841750435145
1599,1767152407736,0.0,0.0,0.0,0.0,33.428540289032966,0.0,2.5151793777980827e-125,hard,False,False,130.27002489404376,0.0,1.0,0.0,0.9804841750435145
1600,1767152407769,0.0,0.0,0.0,0.0,33.428540289032966,0.0,1.0060717511192332e-125,hard,False,False,130.27002489404376,0.0,1.0,0.0,0.9804841750435145
1601,1767152407803,0.0,0.0,0.0,0.0,33.428540289032966,0.0,4.024287004476933e-126,hard,False,False,130.27002489404376,0.0,1.0,0.0,0.9804841750435145
1602,1767152407837,0.0,0.0,0.0,0.0,33.428540289032966,0.0,1.6097148017907734e-126,hard,False,False,130.27002489404376,0.0,1.0,0.0,0.9804841750435145
1603,1767152407869,0.0,0.0,0.0,0.0,33.428540289032966,0.0,6.438859207163094e-127,hard,False,False,130.27002489404376,0.0,1.0,0.0,0.9804841750435145
1604,1767152407903,0.0,0.0,0.0,0.0,33.428540289032966,0.0,2.575543682865238e-127,hard,False,False,130.27002489404376,0.0,1.0,0.0,0.9804841750435145
1605,1767152407939,0.0,0.0,0.0,0.0,33.428540289032966,0.0,1.0302174731460953e-127,hard,False,False,130.27002489404376,0.0,1.0,0.0,0.9804841750435145
1606,1767152407969,0.0,0.0,0.0,0.0,33.428540289032966,0.0,4.120869892584381e-128,hard,False,False,130.27002489404376,0.0,1.0,0.0,0.9804841750435145
1607,1767152408004,0.0,0.0,0.0,0.0,33.428540289032966,0.0,1.6483479570337527e-128,hard,False,False,130.27002489404376,0.0,1.0,0.0,0.9804841750435145
1608,1767152408040,0.0,0.0,0.0,0.0,33.428540289032966,0.0,6.593391828135011e-129,hard,False,False,130.27002489404376,0.0,1.0,0.0,0.9804841750435145
1609,1767152408081,0.0,0.0,0.0,0.0,33.428540289032966,0.0,2.6373567312540044e-129,hard,False,False,130.27002489404376,0.0,1.0,0.0,0.9804841750435145
1610,1767152408112,0.0,0.0,0.0,0.0,33.428540289032966,0.0,1.0549426925016018e-129,hard,False,False,130.27002489404376,0.0,1.0,0.0,0.9804841750435145
1611,1767152408158,0.0,0.0,0.0,0.0,33.428540289032966,0.0,4.219770770006407e-130,hard,False,False,130.27002489404376,0.0,1.0,0.0,0.9804841750435145
1612,1767152408193,0.0,0.0,0.0,0.0,33.428540289032966,0.0,1.6879083080025629e-130,hard,False,False,130.27002489404376,0.0,1.0,0.0,0.9804841750435145
1613,1767152408219,0.0,0.0,0.0,0.0,33.428540289032966,0.0,6.751633232010252e-131,hard,False,False,130.27002489404376,0.0,1.0,0.0,0.9804841750435145
1614,1767152408250,0.0,0.0,0.0,0.0,33.428540289032966,0.0,2.700653292804101e-131,hard,False,False,130.27002489404376,0.0,1.0,0.0,0.9804841750435145
1615,1767152408279,0.0,0.0,0.0,0.0,33.428540289032966,0.0,1.0802613171216403e-131,hard,False,False,130.27002489404376,0.0,1.0,0.0,0.9804841750435145
1616,1767152408303,0.0,0.0,0.0,0.0,33.428540289032966,0.0,4.3210452684865616e-132,hard,False,False,130.27002489404376,0.0,1.0,0.0,0.9804841750435145
1617,1767152408338,0.0,0.0,0.0,0.0,33.428540289032966,0.0,1.7284181073946248e-132,hard,False,False,130.27002489404376,0.0,1.0,0.0,0.9804841750435145
1618,1767152408523,0.0,0.0,0.0,0.0,33.428540289032966,0.0,6.9136724295785e-133,hard,False,False,130.27002489404376,0.0,1.0,0.0,0.9804841750435145
1619,1767152408562,0.0,0.0,0.0,0.0,33.428540289032966,0.0,2.7654689718314e-133,hard,False,False,130.27002489404376,0.0,1.0,0.0,0.9804841750435145
1620,1767152408604,0.0,0.0,0.0,0.0,33.428540289032966,0.0,1.10618758873256e-133,hard,False,False,130.27002489404376,0.0,1.0,0.0,0.9804841750435145
1621,1767152408626,0.0,0.0,0.0,0.0,33.428540289032966,0.0,4.424750354930241e-134,hard,False,False,130.27002489404376,0.0,1.0,0.0,0.9804841750435145
1622,1767152408655,0.0,0.0,0.0,0.0,33.428540289032966,0.0,1.7699001419720963e-134,hard,False,False,130.27002489404376,0.0,1.0,0.0,0.9804841750435145
1623,1767152408679,0.0,0.0,0.0,0.0,33.428540289032966,0.0,7.079600567888385e-135,hard,False,False,130.27002489404376,0.0,1.0,0.0,0.9804841750435145
1624,1767152408701,0.0,0.0,0.0,0.0,33.428540289032966,0.0,2.8318402271553544e-135,hard,False,False,130.27002489404376,0.0,1.0,0.0,0.9804841750435145
1625,1767152408726,0.0,0.0,0.0,0.0,33.428540289032966,0.0,1.1327360908621419e-135,hard,False,False,130.27002489404376,0.0,1.0,0.0,0.9804841750435145
1626,1767152408750,0.0,0.0,0.0,0.0,33.428540289032966,0.0,4.530944363448568e-136,hard,False,False,130.27002489404376,0.0,1.0,0.0,0.9804841750435145
1627,1767152408774,0.0,0.0,0.0,0.0,33.428540289032966,0.0,1.8123777453794273e-136,hard,False,False,130.27002489404376,0.0,1.0,0.0,0.9804841750435145
1628,1767152408798,0.0,0.0,0.0,0.0,33.428540289032966,0.0,7.24951098151771e-137,hard,False,False,130.27002489404376,0.0,1.0,0.0,0.9804841750435145
1629,1767152408822,0.0,0.0,0.0,0.0,33.428540289032966,0.0,2.8998043926070843e-137,hard,False,False,130.27002489404376,0.0,1.0,0.0,0.9804841750435145
1630,1767152408847,0.0,0.0,0.0,0.0,33.428540289032966,0.0,1.1599217570428337e-137,hard,False,False,130.27002489404376,0.0,1.0,0.0,0.9804841750435145
1631,1767152408870,0.0,0.0,0.0,0.0,33.428540289032966,0.0,4.639687028171335e-138,hard,False,False,130.27002489404376,0.0,1.0,0.0,0.9804841750435145
1632,1767152408976,0.0,0.0,0.0,0.0,33.428540289032966,0.0,1.855874811268534e-138,hard,False,False,130.27002489404376,0.0,1.0,0.0,0.9804841750435145
1633,1767152408998,0.0,0.0,0.0,0.0,33.428540289032966,0.0,7.423499245074137e-139,hard,False,False,130.27002489404376,0.0,1.0,0.0,0.9804841750435145
1634,1767152409018,0.0,0.0,0.0,0.0,33.428540289032966,0.0,2.969399698029655e-139,hard,False,False,130.27002489404376,0.0,1.0,0.0,0.9804841750435145
1635,1767152409041,0.0,0.0,0.0,0.0,33.428540289032966,0.0,1.187759879211862e-139,hard,False,False,130.27002489404376,0.0,1.0,0.0,0.9804841750435145
1636,1767152409069,0.0,0.0,0.0,0.0,33.428540289032966,0.0,4.751039516847448e-140,hard,False,False,130.27002489404376,0.0,1.0,0.0,0.9804841750435145
1637,1767152409102,0.0,0.0,0.0,0.0,33.428540289032966,0.0,1.9004158067389795e-140,hard,False,False,130.27002489404376,0.0,1.0,0.0,0.9804841750435145
1638,1767152409136,0.0,0.0,0.0,0.0,33.428540289032966,0.0,7.601663226955918e-141,hard,False,False,130.27002489404376,0.0,1.0,0.0,0.9804841750435145
1639,1767152409169,0.0,0.0,0.0,0.0,33.428540289032966,0.0,3.0406652907823674e-141,hard,False,False,130.27002489404376,0.0,1.0,0.0,0.9804841750435145
1640,1767152409202,0.0,0.0,0.0,0.0,33.428540289032966,0.0,1.216266116312947e-141,hard,False,False,130.27002489404376,0.0,1.0,0.0,0.9804841750435145
1641,1767152409236,0.0,0.0,0.0,0.0,33.428540289032966,0.0,4.865064465251789e-142,hard,False,False,130.27002489404376,0.0,1.0,0.0,0.9804841750435145
1642,1767152409270,0.0,0.0,0.0,0.0,33.428540289032966,0.0,1.9460257861007155e-142,hard,False,False,130.27002489404376,0.0,1.0,0.0,0.9804841750435145
1643,1767152409304,0.0,0.0,0.0,0.0,33.428540289032966,0.0,7.784103144402863e-143,hard,False,False,130.27002489404376,0.0,1.0,0.0,0.9804841750435145
1644,1767152409336,0.0,0.0,0.0,0.0,33.428540289032966,0.0,3.113641257761145e-143,hard,False,False,130.27002489404376,0.0,1.0,0.0,0.9804841750435145
1645,1767152409369,0.0,0.0,0.0,0.0,33.428540289032966,0.0,1.2454565031044582e-143,hard,False,False,130.27002489404376,0.0,1.0,0.0,0.9804841750435145
1646,1767152409403,0.0,0.0,0.0,0.0,33.428540289032966,0.0,4.981826012417833e-144,hard,False,False,130.27002489404376,0.0,1.0,0.0,0.9804841750435145
1647,1767152409437,0.0,0.0,0.0,0.0,33.428540289032966,0.0,1.9927304049671334e-144,hard,False,False,130.27002489404376,0.0,1.0,0.0,0.9804841750435145
1648,1767152409469,0.0,0.0,0.0,0.0,33.428540289032966,0.0,7.970921619868535e-145,hard,False,False,130.27002489404376,0.0,1.0,0.0,0.9804841750435145
1649,1767152409503,0.0,0.0,0.0,0.0,33.428540289032966,0.0,3.188368647947414e-145,hard,False,False,130.27002489404376,0.0,1.0,0.0,0.9804841750435145
1650,1767152409536,0.0,0.0,0.0,0.0,33.428540289032966,0.0,1.2753474591789657e-145,hard,False,False,130.27002489404376,0.0,1.0,0.0,0.9804841750435145
1651,1767152409571,0.0,0.0,0.0,0.0,33.428540289032966,0.0,5.101389836715863e-146,hard,False,False,130.27002489404376,0.0,1.0,0.0,0.9804841750435145
1652,1767152409606,0.0,0.0,0.0,0.0,33.428540289032966,0.0,2.040555934686345e-146,hard,False,False,130.27002489404376,0.0,1.0,0.0,0.9804841750435145
1653,1767152409659,0.0,0.0,0.0,0.0,33.428540289032966,0.0,8.162223738745382e-147,hard,False,False,130.27002489404376,0.0,1.0,0.0,0.9804841750435145
1654,1767152409690,0.0,0.0,0.0,0.0,33.428540289032966,0.0,3.264889495498153e-147,hard,False,False,130.27002489404376,0.0,1.0,0.0,0.9804841750435145
1655,1767152409729,0.0,0.0,0.0,0.0,33.428540289032966,0.0,1.3059557981992613e-147,hard,False,False,130.27002489404376,0.0,1.0,0.0,0.9804841750435145
1656,1767152409763,0.0,0.0,0.0,0.0,33.428540289032966,0.0,5.223823192797046e-148,hard,False,False,130.27002489404376,0.0,1.0,0.0,0.9804841750435145
1657,1767152409792,0.0,0.0,0.0,0.0,33.428540289032966,0.0,2.0895292771188183e-148,hard,False,False,130.27002489404376,0.0,1.0,0.0,0.9804841750435145
1658,1767152409820,0.0,0.0,0.0,0.0,33.428540289032966,0.0,8.358117108475273e-149,hard,False,False,130.27002489404376,0.0,1.0,0.0,0.9804841750435145
1659,1767152409847,0.0,0.0,0.0,0.0,33.428540289032966,0.0,3.3432468433901092e-149,hard,False,False,130.27002489404376,0.0,1.0,0.0,0.9804841750435145
1660,1767152409889,0.0,0.0,0.0,0.0,33.428540289032966,0.0,1.3372987373560439e-149,hard,False,False,130.27002489404376,0.0,1.0,0.0,0.9804841750435145
1661,1767152409930,0.0,0.0,0.0,0.0,33.428540289032966,0.0,5.349194949424176e-150,hard,False,False,130.27002489404376,0.0,1.0,0.0,0.9804841750435145
1662,1767152409970,0.0,0.0,0.0,0.0,33.428540289032966,0.0,2.1396779797696705e-150,hard,False,False,130.27002489404376,0.0,1.0,0.0,0.9804841750435145
1663,1767152410014,0.0,0.0,0.0,0.0,33.428540289032966,0.0,8.558711919078682e-151,hard,False,False,130.27002489404376,0.0,1.0,0.0,0.9804841750435145
1664,1767152410044,0.0,0.0,0.0,0.0,33.428540289032966,0.0,3.423484767631473e-151,hard,False,False,130.27002489404376,0.0,1.0,0.0,0.9804841750435145
1665,1767152410072,0.0,0.0,0.0,0.0,33.428540289032966,0.0,1.3693939070525894e-151,hard,False,False,130.27002489404376,0.0,1.0,0.0,0.9804841750435145
1666,1767152410098,0.0,0.0,0.0,0.0,33.428540289032966,0.0,5.477575628210358e-152,hard,False,False,130.27002489404376,0.0,1.0,0.0,0.9804841750435145
1667,1767152410124,0.0,0.0,0.0,0.0,33.428540289032966,0.0,2.191030251284143e-152,hard,False,False,130.27002489404376,0.0,1.0,0.0,0.9804841750435145
1668,1767152410150,0.0,0.0,0.0,0.0,33.428540289032966,0.0,8.764121005136573e-153,hard,False,False,130.27002489404376,0.0,1.0,0.0,0.9804841750435145
1669,1767152410176,0.0,0.0,0.0,0.0,33.428540289032966,0.0,3.505648402054629e-153,hard,False,False,130.27002489404376,0.0,1.0,0.0,0.9804841750435145
1670,1767152410202,0.0,0.0,0.0,0.0,33.428540289032966,0.0,1.4022593608218517e-153,hard,False,False,130.27002489404376,0.0,1.0,0.0,0.9804841750435145
1671,1767152410235,0.0,0.0,0.0,0.0,33.428540289032966,0.0,5.6090374432874067e-154,hard,False,False,130.27002489404376,0.0,1.0,0.0,0.9804841750435145
1672,1767152410269,0.0,0.0,0.0,0.0,33.428540289032966,0.0,2.243614977314963e-154,hard,False,False,130.27002489404376,0.0,1.0,0.0,0.9804841750435145
1673,1767152410306,0.0,0.0,0.0,0.0,33.428540289032966,0.0,8.974459909259853e-155,hard,False,False,130.27002489404376,0.0,1.0,0.0,0.9804841750435145
1674,1767152410336,0.0,0.0,0.0,0.0,33.428540289032966,0.0,3.5897839637039415e-155,hard,False,False,130.27002489404376,0.0,1.0,0.0,0.9804841750435145
1675,1767152410372,0.0,0.0,0.0,0.0,33.428540289032966,0.0,1.4359135854815766e-155,hard,False,False,130.27002489404376,0.0,1.0,0.0,0.9804841750435145
1676,1767152410414,0.0,0.0,0.0,0.0,33.428540289032966,0.0,5.743654341926307e-156,hard,False,False,130.27002489404376,0.0,1.0,0.0,0.9804841750435145
1677,1767152410442,0.0,0.0,0.0,0.0,33.428540289032966,0.0,2.297461736770523e-156,hard,False,False,130.27002489404376,0.0,1.0,0.0,0.9804841750435145
1678,1767152410475,0.0,0.0,0.0,0.0,33.428540289032966,0.0,9.189846947082092e-157,hard,False,False,130.27002489404376,0.0,1.0,0.0,0.9804841750435145
1679,1767152410503,0.0,0.0,0.0,0.0,33.428540289032966,0.0,3.675938778832837e-157,hard,False,False,130.27002489404376,0.0,1.0,0.0,0.9804841750435145
1680,1767152410537,0.0,0.0,0.0,0.0,33.428540289032966,0.0,1.4703755115331348e-157,hard,False,False,130.27002489404376,0.0,1.0,0.0,0.9804841750435145
1681,1767152410569,0.0,0.0,0.0,0.0,33.428540289032966,0.0,5.8815020461325396e-158,hard,False,False,130.27002489404376,0.0,1.0,0.0,0.9804841750435145
1682,1767152410603,0.0,0.0,0.0,0.0,33.428540289032966,0.0,2.352600818453016e-158,hard,False,False,130.27002489404376,0.0,1.0,0.0,0.9804841750435145
1683,1767152410636,0.0,0.0,0.0,0.0,33.428540289032966,0.0,9.410403273812066e-159,hard,False,False,130.27002489404376,0.0,1.0,0.0,0.9804841750435145
1684,1767152410672,0.0,0.0,0.0,0.0,33.428540289032966,0.0,3.7641613095248265e-159,hard,False,False,130.27002489404376,0.0,1.0,0.0,0.9804841750435145
1685,1767152410702,0.0,0.0,0.0,0.0,33.428540289032966,0.0,1.5056645238099308e-159,hard,False,False,130.27002489404376,0.0,1.0,0.0,0.9804841750435145
1686,1767152410741,0.0,0.0,0.0,0.0,33.428540289032966,0.0,6.022658095239723e-160,hard,False,False,130.27002489404376,0.0,1.0,0.0,0.9804841750435145
1687,1767152410770,0.0,0.0,0.0,0.0,33.428540289032966,0.0,2.4090632380958893e-160,hard,False,False,130.27002489404376,0.0,1.0,0.0,0.9804841750435145
1688,1767152410809,0.0,0.0,0.0,0.0,33.428540289032966,0.0,9.636252952383557e-161,hard,False,False,130.27002489404376,0.0,1.0,0.0,0.9804841750435145
1689,1767152410858,0.0,0.0,0.0,0.0,33.428540289032966,0.0,3.854501180953423e-161,hard,False,False,130.27002489404376,0.0,1.0,0.0,0.9804841750435145
1690,1767152410892,0.0,0.0,0.0,0.0,33.428540289032966,0.0,1.5418004723813691e-161,hard,False,False,130.27002489404376,0.0,1.0,0.0,0.9804841750435145
1691,1767152410919,0.0,0.0,0.0,0.0,33.428540289032966,0.0,6.167201889525477e-162,hard,False,False,130.27002489404376,0.0,1.0,0.0,0.9804841750435145
1692,1767152410951,0.0,0.0,0.0,0.0,33.428540289032966,0.0,2.466880755810191e-162,hard,False,False,130.27002489404376,0.0,1.0,0.0,0.9804841750435145
1693,1767152410987,0.0,0.0,0.0,0.0,33.428540289032966,0.0,9.867523023240764e-163,hard,False,False,130.27002489404376,0.0,1.0,0.0,0.9804841750435145
1694,1767152411018,0.0,0.0,0.0,0.0,33.428540289032966,0.0,3.947009209296306e-163,hard,False,False,130.27002489404376,0.0,1.0,0.0,0.9804841750435145
1695,1767152411044,0.0,0.0,0.0,0.0,33.428540289032966,0.0,1.5788036837185225e-163,hard,False,False,130.27002489404376,0.0,1.0,0.0,0.9804841750435145
1696,1767152411079,0.0,0.0,0.0,0.0,33.428540289032966,0.0,6.31521473487409e-164,hard,False,False,130.27002489404376,0.0,1.0,0.0,0.9804841750435145
1697,1767152411136,0.0,0.0,0.0,0.0,33.428540289032966,0.0,2.526085893949636e-164,hard,False,False,130.27002489404376,0.0,1.0,0.0,0.9804841750435145
1698,1767152411169,0.0,0.0,0.0,0.0,33.428540289032966,0.0,1.0104343575798545e-164,hard,False,False,130.27002489404376,0.0,1.0,0.0,0.9804841750435145
1699,1767152411221,0.0,0.0,0.0,0.0,33.428540289032966,0.0,4.041737430319418e-165,hard,False,False,130.27002489404376,0.0,1.0,0.0,0.9804841750435145
1700,1767152411252,0.0,0.0,0.0,0.0,33.428540289032966,0.0,1.6166949721277672e-165,hard,False,False,130.27002489404376,0.0,1.0,0.0,0.9804841750435145
1701,1767152411283,0.0,0.0,0.0,0.0,33.428540289032966,0.0,6.46677988851107e-166,hard,False,False,130.27002489404376,0.0,1.0,0.0,0.9804841750435145
1702,1767152411312,0.0,0.0,0.0,0.0,33.428540289032966,0.0,2.5867119554044278e-166,hard,False,False,130.27002489404376,0.0,1.0,0.0,0.9804841750435145
1703,1767152411359,0.0,0.0,0.0,0.0,33.428540289032966,0.0,1.0346847821617712e-166,hard,False,False,130.27002489404376,0.0,1.0,0.0,0.9804841750435145
1704,1767152411409,0.0,0.0,0.0,0.0,33.428540289032966,0.0,4.138739128647085e-167,hard,False,False,130.27002489404376,0.0,1.0,0.0,0.9804841750435145
1705,1767152411446,0.0,0.0,0.0,0.0,33.428540289032966,0.0,1.6554956514588341e-167,hard,False,False,130.27002489404376,0.0,1.0,0.0,0.9804841750435145
1706,1767152411493,0.0,0.0,0.0,0.0,33.428540289032966,0.0,6.621982605835337e-168,hard,False,False,130.27002489404376,0.0,1.0,0.0,0.9804841750435145
1707,1767152411520,0.0,0.0,0.0,0.0,33.428540289032966,0.0,2.648793042334135e-168,hard,False,False,130.27002489404376,0.0,1.0,0.0,0.9804841750435145
1708,1767152411549,0.0,0.0,0.0,0.0,33.428540289032966,0.0,1.0595172169336541e-168,hard,False,False,130.27002489404376,0.0,1.0,0.0,0.9804841750435145
1709,1767152411576,0.0,0.0,0.0,0.0,33.428540289032966,0.0,4.238068867734617e-169,hard,False,False,130.27002489404376,0.0,1.0,0.0,0.9804841750435145
1710,1767152411605,0.0,0.0,0.0,0.0,33.428540289032966,0.0,1.695227547093847e-169,hard,False,False,130.27002489404376,0.0,1.0,0.0,0.9804841750435145
1711,1767152411650,0.0,0.0,0.0,0.0,33.428540289032966,0.0,6.780910188375388e-170,hard,False,False,130.27002489404376,0.0,1.0,0.0,0.9804841750435145
1712,1767152411695,0.0,0.0,0.0,0.0,33.428540289032966,0.0,2.7123640753501552e-170,hard,False,False,130.27002489404376,0.0,1.0,0.0,0.9804841750435145
1713,1767152411733,0.0,0.0,0.0,0.0,33.428540289032966,0.0,1.0849456301400622e-170,hard,False,False,130.27002489404376,0.0,1.0,0.0,0.9804841750435145
1714,1767152411770,0.0,0.0,0.0,0.0,33.428540289032966,0.0,4.339782520560249e-171,hard,False,False,130.27002489404376,0.0,1.0,0.0,0.9804841750435145
1715,1767152411802,0.0,0.0,0.0,0.0,33.428540289032966,0.0,1.7359130082241e-171,hard,False,False,130.27002489404376,0.0,1.0,0.0,0.9804841750435145
1716,1767152411839,0.0,0.0,0.0,0.0,33.428540289032966,0.0,6.9436520328964e-172,hard,False,False,130.27002489404376,0.0,1.0,0.0,0.9804841750435145
1717,1767152411887,0.0,0.0,0.0,0.0,33.428540289032966,0.0,2.7774608131585604e-172,hard,False,False,130.27002489404376,0.0,1.0,0.0,0.9804841750435145
1718,1767152411915,0.0,0.0,0.0,0.0,33.428540289032966,0.0,1.1109843252634242e-172,hard,False,False,130.27002489404376,0.0,1.0,0.0,0.9804841750435145
1719,1767152411953,0.0,0.0,0.0,0.0,33.428540289032966,0.0,4.443937301053697e-173,hard,False,False,130.27002489404376,0.0,1.0,0.0,0.9804841750435145
1720,1767152411980,0.0,0.0,0.0,0.0,33.428540289032966,0.0,1.777574920421479e-173,hard,False,False,130.27002489404376,0.0,1.0,0.0,0.9804841750435145
1721,1767152412010,0.0,0.0,0.0,0.0,33.428540289032966,0.0,7.110299681685916e-174,hard,False,False,130.27002489404376,0.0,1.0,0.0,0.9804841750435145
1722,1767152412038,0.0,0.0,0.0,0.0,33.428540289032966,0.0,2.8441198726743666e-174,hard,False,False,130.27002489404376,0.0,1.0,0.0,0.9804841750435145
1723,1767152412073,0.0,0.0,0.0,0.0,33.428540289032966,0.0,1.1376479490697466e-174,hard,False,False,130.27002489404376,0.0,1.0,0.0,0.9804841750435145
1724,1767152412102,0.0,0.0,0.0,0.0,33.428540289032966,0.0,4.5505917962789867e-175,hard,False,False,130.27002489404376,0.0,1.0,0.0,0.9804841750435145
1725,1767152412135,0.0,0.0,0.0,0.0,33.428540289032966,0.0,1.8202367185115949e-175,hard,False,False,130.27002489404376,0.0,1.0,0.0,0.9804841750435145
1726,1767152412169,0.0,0.0,0.0,0.0,33.428540289032966,0.0,7.280946874046379e-176,hard,False,False,130.27002489404376,0.0,1.0,0.0,0.9804841750435145
1727,1767152412203,0.0,0.0,0.0,0.0,33.428540289032966,0.0,2.912378749618552e-176,hard,False,False,130.27002489404376,0.0,1.0,0.0,0.9804841750435145
1728,1767152412236,0.0,0.0,0.0,0.0,33.428540289032966,0.0,1.1649514998474209e-176,hard,False,False,130.27002489404376,0.0,1.0,0.0,0.9804841750435145
1729,1767152412274,0.0,0.0,0.0,0.0,33.428540289032966,0.0,4.659805999389684e-177,hard,False,False,130.27002489404376,0.0,1.0,0.0,0.9804841750435145
1730,1767152412315,0.0,0.0,0.0,0.0,33.428540289032966,0.0,1.8639223997558736e-177,hard,False,False,130.27002489404376,0.0,1.0,0.0,0.9804841750435145
1731,1767152412371,0.0,0.0,0.0,0.0,33.428540289032966,0.0,7.455689599023495e-178,hard,False,False,130.27002489404376,0.0,1.0,0.0,0.9804841750435145
1732,1767152412403,0.0,0.0,0.0,0.0,33.428540289032966,0.0,2.982275839609398e-178,hard,False,False,130.27002489404376,0.0,1.0,0.0,0.9804841750435145
1733,1767152412436,0.0,0.0,0.0,0.0,33.428540289032966,0.0,1.1929103358437592e-178,hard,False,False,130.27002489404376,0.0,1.0,0.0,0.9804841750435145
1734,1767152412469,0.0,0.0,0.0,0.0,33.428540289032966,0.0,4.771641343375037e-179,hard,False,False,130.27002489404376,0.0,1.0,0.0,0.9804841750435145
1735,1767152412509,0.0,0.0,0.0,0.0,33.428540289032966,0.0,1.9086565373500152e-179,hard,False,False,130.27002489404376,0.0,1.0,0.0,0.9804841750435145
1736,1767152412541,0.0,0.0,0.0,0.0,33.428540289032966,0.0,7.634626149400061e-180,hard,False,False,130.27002489404376,0.0,1.0,0.0,0.9804841750435145
1737,1767152412570,0.0,0.0,0.0,0.0,33.428540289032966,0.0,3.0538504597600246e-180,hard,False,False,130.27002489404376,0.0,1.0,0.0,0.9804841750435145
1738,1767152412617,0.0,0.0,0.0,0.0,33.428540289032966,0.0,1.2215401839040099e-180,hard,False,False,130.27002489404376,0.0,1.0,0.0,0.9804841750435145
1739,1767152412664,0.0,0.0,0.0,0.0,33.428540289032966,0.0,4.88616073561604e-181,hard,False,False,130.27002489404376,0.0,1.0,0.0,0.9804841750435145
1740,1767152412696,0.0,0.0,0.0,0.0,33.428540289032966,0.0,1.9544642942464162e-181,hard,False,False,130.27002489404376,0.0,1.0,0.0,0.9804841750435145
1741,1767152412736,0.0,0.0,0.0,0.0,33.428540289032966,0.0,7.817857176985665e-182,hard,False,False,130.27002489404376,0.0,1.0,0.0,0.9804841750435145
1742,1767152412765,0.0,0.0,0.0,0.0,33.428540289032966,0.0,3.127142870794266e-182,hard,False,False,130.27002489404376,0.0,1.0,0.0,0.9804841750435145
1743,1767152412796,0.0,0.0,0.0,0.0,33.428540289032966,0.0,1.2508571483177065e-182,hard,False,False,130.27002489404376,0.0,1.0,0.0,0.9804841750435145
1744,1767152412822,0.0,0.0,0.0,0.0,33.428540289032966,0.0,5.003428593270826e-183,hard,False,False,130.27002489404376,0.0,1.0,0.0,0.9804841750435145
1745,1767152412869,0.0,0.0,0.0,0.0,33.428540289032966,0.0,2.0013714373083307e-183,hard,False,False,130.27002489404376,0.0,1.0,0.0,0.9804841750435145
1746,1767152412912,0.0,0.0,0.0,0.0,33.428540289032966,0.0,8.005485749233323e-184,hard,False,False,130.27002489404376,0.0,1.0,0.0,0.9804841750435145
1747,1767152412937,0.0,0.0,0.0,0.0,33.428540289032966,0.0,3.2021942996933295e-184,hard,False,False,130.27002489404376,0.0,1.0,0.0,0.9804841750435145
1748,1767152412969,0.0,0.0,0.0,0.0,33.428540289032966,0.0,1.2808777198773318e-184,hard,False,False,130.27002489404376,0.0,1.0,0.0,0.9804841750435145
1749,1767152413002,0.0,0.0,0.0,0.0,33.428540289032966,0.0,5.123510879509327e-185,hard,False,False,130.27002489404376,0.0,1.0,0.0,0.9804841750435145
1750,1767152413102,0.0,0.0,0.0,0.0,33.428540289032966,0.0,2.049404351803731e-185,hard,False,False,130.27002489404376,0.0,1.0,0.0,0.9804841750435145
1751,1767152413135,0.0,0.0,0.0,0.0,33.428540289032966,0.0,8.197617407214925e-186,hard,False,False,130.27002489404376,0.0,1.0,0.0,0.9804841750435145
1752,1767152413169,0.0,0.0,0.0,0.0,33.428540289032966,0.0,3.2790469628859703e-186,hard,False,False,130.27002489404376,0.0,1.0,0.0,0.9804841750435145
1753,1767152413202,0.0,0.0,0.0,0.0,33.428540289032966,0.0,1.3116187851543882e-186,hard,False,False,130.27002489404376,0.0,1.0,0.0,0.9804841750435145
1754,1767152413236,0.0,0.0,0.0,0.0,33.428540289032966,0.0,5.246475140617553e-187,hard,False,False,130.27002489404376,0.0,1.0,0.0,0.9804841750435145
1755,1767152413269,0.0,0.0,0.0,0.0,33.428540289032966,0.0,2.0985900562470213e-187,hard,False,False,130.27002489404376,0.0,1.0,0.0,0.9804841750435145
1756,1767152413312,0.0,0.0,0.0,0.0,33.428540289032966,0.0,8.394360224988086e-188,hard,False,False,130.27002489404376,0.0,1.0,0.0,0.9804841750435145
1757,1767152413339,0.0,0.0,0.0,0.0,33.428540289032966,0.0,3.357744089995235e-188,hard,False,False,130.27002489404376,0.0,1.0,0.0,0.9804841750435145
1758,1767152413369,0.0,0.0,0.0,0.0,33.428540289032966,0.0,1.343097635998094e-188,hard,False,False,130.27002489404376,0.0,1.0,0.0,0.9804841750435145
1759,1767152413402,0.0,0.0,0.0,0.0,33.428540289032966,0.0,5.3723905439923765e-189,hard,False,False,130.27002489404376,0.0,1.0,0.0,0.9804841750435145
1760,1767152413436,0.0,0.0,0.0,0.0,33.428540289032966,0.0,2.1489562175969505e-189,hard,False,False,130.27002489404376,0.0,1.0,0.0,0.9804841750435145
1761,1767152413469,0.0,0.0,0.0,0.0,33.428540289032966,0.0,8.595824870387802e-190,hard,False,False,130.27002489404376,0.0,1.0,0.0,0.9804841750435145
1762,1767152413502,0.0,0.0,0.0,0.0,33.428540289032966,0.0,3.4383299481551213e-190,hard,False,False,130.27002489404376,0.0,1.0,0.0,0.9804841750435145
1763,1767152413536,0.0,0.0,0.0,0.0,33.428540289032966,0.0,1.3753319792620487e-190,hard,False,False,130.27002489404376,0.0,1.0,0.0,0.9804841750435145
1764,1767152413577,0.0,0.0,0.0,0.0,33.428540289032966,0.0,5.5013279170481954e-191,hard,False,False,130.27002489404376,0.0,1.0,0.0,0.9804841750435145
1765,1767152413614,0.0,0.0,0.0,0.0,33.428540289032966,0.0,2.2005311668192783e-191,hard,False,False,130.27002489404376,0.0,1.0,0.0,0.9804841750435145
1766,1767152413647,0.0,0.0,0.0,0.0,33.428540289032966,0.0,8.802124667277114e-192,hard,False,False,130.27002489404376,0.0,1.0,0.0,0.9804841750435145
1767,1767152413689,0.0,0.0,0.0,0.0,33.428540289032966,0.0,3.520849866910846e-192,hard,False,False,130.27002489404376,0.0,1.0,0.0,0.9804841750435145
1768,1767152413715,0.0,0.0,0.0,0.0,33.428540289032966,0.0,1.4083399467643384e-192,hard,False,False,130.27002489404376,0.0,1.0,0.0,0.9804841750435145
1769,1767152413744,0.0,0.0,0.0,0.0,33.428540289032966,0.0,5.633359787057354e-193,hard,False,False,130.27002489404376,0.0,1.0,0.0,0.9804841750435145
1770,1767152413805,0.0,0.0,0.0,0.0,33.428540289032966,0.0,2.2533439148229417e-193,hard,False,False,130.27002489404376,0.0,1.0,0.0,0.9804841750435145
1771,1767152413852,0.0,0.0,0.0,0.0,33.428540289032966,0.0,9.013375659291768e-194,hard,False,False,130.27002489404376,0.0,1.0,0.0,0.9804841750435145
1772,1767152413888,0.0,0.0,0.0,0.0,33.428540289032966,0.0,3.6053502637167074e-194,hard,False,False,130.27002489404376,0.0,1.0,0.0,0.9804841750435145
1773,1767152413918,0.0,0.0,0.0,0.0,33.428540289032966,0.0,1.442140105486683e-194,hard,False,False,130.27002489404376,0.0,1.0,0.0,0.9804841750435145
1774,1767152413950,0.0,0.0,0.0,0.0,33.428540289032966,0.0,5.768560421946732e-195,hard,False,False,130.27002489404376,0.0,1.0,0.0,0.9804841750435145
1775,1767152413979,0.0,0.0,0.0,0.0,33.428540289032966,0.0,2.307424168778693e-195,hard,False,False,130.27002489404376,0.0,1.0,0.0,0.9804841750435145
1776,1767152414009,0.0,0.0,0.0,0.0,33.428540289032966,0.0,9.229696675114773e-196,hard,False,False,130.27002489404376,0.0,1.0,0.0,0.9804841750435145
1777,1767152414039,0.0,0.0,0.0,0.0,33.428540289032966,0.0,3.6918786700459094e-196,hard,False,False,130.27002489404376,0.0,1.0,0.0,0.9804841750435145
1778,1767152414069,0.0,0.0,0.0,0.0,33.428540289032966,0.0,1.4767514680183638e-196,hard,False,False,130.27002489404376,0.0,1.0,0.0,0.9804841750435145
1779,1767152414115,0.0,0.0,0.0,0.0,33.428540289032966,0.0,5.907005872073456e-197,hard,False,False,130.27002489404376,0.0,1.0,0.0,0.9804841750435145
1780,1767152414150,0.0,0.0,0.0,0.0,33.428540289032966,0.0,2.3628023488293824e-197,hard,False,False,130.27002489404376,0.0,1.0,0.0,0.9804841750435145
1781,1767152414175,0.0,0.0,0.0,0.0,33.428540289032966,0.0,9.45120939531753e-198,hard,False,False,130.27002489404376,0.0,1.0,0.0,0.9804841750435145
1782,1767152414211,0.0,0.0,0.0,0.0,33.428540289032966,0.0,3.780483758127012e-198,hard,False,False,130.27002489404376,0.0,1.0,0.0,0.9804841750435145
1783,1767152414256,0.0,0.0,0.0,0.0,33.428540289032966,0.0,1.5121935032508048e-198,hard,False,False,130.27002489404376,0.0,1.0,0.0,0.9804841750435145
1784,1767152414301,0.0,0.0,0.0,0.0,33.428540289032966,0.0,6.04877401300322e-199,hard,False,False,130.27002489404376,0.0,1.0,0.0,0.9804841750435145
1785,1767152414330,0.0,0.0,0.0,0.0,33.428540289032966,0.0,2.419509605201288e-199,hard,False,False,130.27002489404376,0.0,1.0,0.0,0.9804841750435145
1786,1767152414402,0.0,0.0,0.0,0.0,33.428540289032966,0.0,9.678038420805153e-200,hard,False,False,130.27002489404376,0.0,1.0,0.0,0.9804841750435145
1787,1767152414438,0.0,0.0,0.0,0.0,33.428540289032966,0.0,3.8712153683220614e-200,hard,False,False,130.27002489404376,0.0,1.0,0.0,0.9804841750435145
1788,1767152414469,0.0,0.0,0.0,0.0,33.428540289032966,0.0,1.5484861473288246e-200,hard,False,False,130.27002489404376,0.0,1.0,0.0,0.9804841750435145
1789,1767152414504,0.0,0.0,0.0,0.0,33.428540289032966,0.0,6.1939445893152986e-201,hard,False,False,130.27002489404376,0.0,1.0,0.0,0.9804841750435145
1790,1767152414569,0.0,0.0,0.0,0.0,33.428540289032966,0.0,2.4775778357261197e-201,hard,False,False,130.27002489404376,0.0,1.0,0.0,0.9804841750435145
1791,1767152414602,0.0,0.0,0.0,0.0,33.428540289032966,0.0,9.91031134290448e-202,hard,False,False,130.27002489404376,0.0,1.0,0.0,0.9804841750435145
1792,1767152414803,0.0,0.0,0.0,0.0,33.428540289032966,0.0,3.9641245371617923e-202,hard,False,False,130.27002489404376,0.0,1.0,0.0,0.9804841750435145
1793,1767152414827,0.0,0.0,0.0,0.0,33.428540289032966,0.0,1.585649814864717e-202,hard,False,False,130.27002489404376,0.0,1.0,0.0,0.9804841750435145
1794,1767152414858,0.0,0.0,0.0,0.0,33.428540289032966,0.0,6.342599259458869e-203,hard,False,False,130.27002489404376,0.0,1.0,0.0,0.9804841750435145
1795,1767152414899,0.0,0.0,0.0,0.0,33.428540289032966,0.0,2.5370397037835477e-203,hard,False,False,130.27002489404376,0.0,1.0,0.0,0.9804841750435145
1796,1767152414923,0.0,0.0,0.0,0.0,33.428540289032966,0.0,1.0148158815134191e-203,hard,False,False,130.27002489404376,0.0,1.0,0.0,0.9804841750435145
1797,1767152414945,0.0,0.0,0.0,0.0,33.428540289032966,0.0,4.059263526053676e-204,hard,False,False,130.27002489404376,0.0,1.0,0.0,0.9804841750435145
1798,1767152414969,0.0,0.0,0.0,0.0,33.428540289032966,0.0,1.6237054104214705e-204,hard,False,False,130.27002489404376,0.0,1.0,0.0,0.9804841750435145
1799,1767152414993,0.0,0.0,0.0,0.0,33.428540289032966,0.0,6.494821641685882e-205,hard,False,False,130.27002489404376,0.0,1.0,0.0,0.9804841750435145
1800,1767152415018,0.0,0.0,0.0,0.0,33.428540289032966,0.0,2.597928656674353e-205,hard,False,False,130.27002489404376,0.0,1.0,0.0,0.9804841750435145
1801,1767152415049,0.0,0.0,0.0,0.0,33.428540289032966,0.0,1.0391714626697412e-205,hard,False,False,130.27002489404376,0.0,1.0,0.0,0.9804841750435145
1802,1767152415077,0.0,0.0,0.0,0.0,33.428540289032966,0.0,4.1566858506789646e-206,hard,False,False,130.27002489404376,0.0,1.0,0.0,0.9804841750435145
1803,1767152415101,0.0,0.0,0.0,0.0,33.428540289032966,0.0,1.662674340271586e-206,hard,False,False,130.27002489404376,0.0,1.0,0.0,0.9804841750435145
1804,1767152415129,0.0,0.0,0.0,0.0,33.428540289032966,0.0,6.650697361086344e-207,hard,False,False,130.27002489404376,0.0,1.0,0.0,0.9804841750435145
1805,1767152415269,0.0,0.0,0.0,0.0,33.428540289032966,0.0,2.6602789444345378e-207,hard,False,False,130.27002489404376,0.0,1.0,0.0,0.9804841750435145
1806,1767152415295,0.0,0.0,0.0,0.0,33.428540289032966,0.0,1.0641115777738153e-207,hard,False,False,130.27002489404376,0.0,1.0,0.0,0.9804841750435145
1807,1767152415321,0.0,0.0,0.0,0.0,33.428540289032966,0.0,4.256446311095261e-208,hard,False,False,130.27002489404376,0.0,1.0,0.0,0.9804841750435145
1808,1767152415347,0.0,0.0,0.0,0.0,33.428540289032966,0.0,1.7025785244381045e-208,hard,False,False,130.27002489404376,0.0,1.0,0.0,0.9804841750435145
1809,1767152415371,0.0,0.0,0.0,0.0,33.428540289032966,0.0,6.810314097752418e-209,hard,False,False,130.27002489404376,0.0,1.0,0.0,0.9804841750435145
1810,1767152415395,0.0,0.0,0.0,0.0,33.428540289032966,0.0,2.724125639100967e-209,hard,False,False,130.27002489404376,0.0,1.0,0.0,0.9804841750435145
1811,1767152415441,0.0,0.0,0.0,0.0,33.428540289032966,0.0,1.089650255640387e-209,hard,False,False,130.27002489404376,0.0,1.0,0.0,0.9804841750435145
1812,1767152415464,0.0,0.0,0.0,0.0,33.428540289032966,0.0,4.358601022561548e-210,hard,False,False,130.27002489404376,0.0,1.0,0.0,0.9804841750435145
1813,1767152415490,0.0,0.0,0.0,0.0,33.428540289032966,0.0,1.7434404090246192e-210,hard,False,False,130.27002489404376,0.0,1.0,0.0,0.9804841750435145
1814,1767152415515,0.0,0.0,0.0,0.0,33.428540289032966,0.0,6.973761636098478e-211,hard,False,False,130.27002489404376,0.0,1.0,0.0,0.9804841750435145
1815,1767152415540,0.0,0.0,0.0,0.0,33.428540289032966,0.0,2.7895046544393913e-211,hard,False,False,130.27002489404376,0.0,1.0,0.0,0.9804841750435145
1816,1767152415570,0.0,0.0,0.0,0.0,33.428540289032966,0.0,1.1158018617757566e-211,hard,False,False,130.27002489404376,0.0,1.0,0.0,0.9804841750435145
1817,1767152415598,0.0,0.0,0.0,0.0,33.428540289032966,0.0,4.4632074471030267e-212,hard,False,False,130.27002489404376,0.0,1.0,0.0,0.9804841750435145
1818,1767152415620,0.0,0.0,0.0,0.0,33.428540289032966,0.0,1.7852829788412107e-212,hard,False,False,130.27002489404376,0.0,1.0,0.0,0.9804841750435145
1819,1767152415645,0.0,0.0,0.0,0.0,33.428540289032966,0.0,7.141131915364843e-213,hard,False,False,130.27002489404376,0.0,1.0,0.0,0.9804841750435145
1820,1767152415671,0.0,0.0,0.0,0.0,33.428540289032966,0.0,2.8564527661459373e-213,hard,False,False,130.27002489404376,0.0,1.0,0.0,0.9804841750435145
1821,1767152415702,0.0,0.0,0.0,0.0,33.428540289032966,0.0,1.142581106458375e-213,hard,False,False,130.27002489404376,0.0,1.0,0.0,0.9804841750435145
1822,1767152415735,0.0,0.0,0.0,0.0,33.428540289032966,0.0,4.5703244258335005e-214,hard,False,False,130.27002489404376,0.0,1.0,0.0,0.9804841750435145
1823,1767152415802,0.0,0.0,0.0,0.0,33.428540289032966,0.0,1.8281297703334002e-214,hard,False,False,130.27002489404376,0.0,1.0,0.0,0.9804841750435145
1824,1767152415838,0.0,0.0,0.0,0.0,33.428540289032966,0.0,7.312519081333602e-215,hard,False,False,130.27002489404376,0.0,1.0,0.0,0.9804841750435145
1825,1767152415869,0.0,0.0,0.0,0.0,33.428540289032966,0.0,2.9250076325334407e-215,hard,False,False,130.27002489404376,0.0,1.0,0.0,0.9804841750435145
1826,1767152415905,0.0,0.0,0.0,0.0,33.428540289032966,0.0,1.1700030530133764e-215,hard,False,False,130.27002489404376,0.0,1.0,0.0,0.9804841750435145
1827,1767152415935,0.0,0.0,0.0,0.0,33.428540289032966,0.0,4.680012212053506e-216,hard,False,False,130.27002489404376,0.0,1.0,0.0,0.9804841750435145
1828,1767152415969,0.0,0.0,0.0,0.0,33.428540289032966,0.0,1.8720048848214024e-216,hard,False,False,130.27002489404376,0.0,1.0,0.0,0.9804841750435145
1829,1767152416002,0.0,0.0,0.0,0.0,33.428540289032966,0.0,7.48801953928561e-217,hard,False,False,130.27002489404376,0.0,1.0,0.0,0.9804841750435145
1830,1767152416035,0.0,0.0,0.0,0.0,33.428540289032966,0.0,2.995207815714244e-217,hard,False,False,130.27002489404376,0.0,1.0,0.0,0.9804841750435145
1831,1767152416072,0.0,0.0,0.0,0.0,33.428540289032966,0.0,1.1980831262856976e-217,hard,False,False,130.27002489404376,0.0,1.0,0.0,0.9804841750435145
1832,1767152416103,0.0,0.0,0.0,0.0,33.428540289032966,0.0,4.79233250514279e-218,hard,False,False,130.27002489404376,0.0,1.0,0.0,0.9804841750435145
1833,1767152416135,0.0,0.0,0.0,0.0,33.428540289032966,0.0,1.9169330020571163e-218,hard,False,False,130.27002489404376,0.0,1.0,0.0,0.9804841750435145
1834,1767152416168,0.0,0.0,0.0,0.0,33.428540289032966,0.0,7.667732008228466e-219,hard,False,False,130.27002489404376,0.0,1.0,0.0,0.9804841750435145
1835,1767152416202,0.0,0.0,0.0,0.0,33.428540289032966,0.0,3.0670928032913864e-219,hard,False,False,130.27002489404376,0.0,1.0,0.0,0.9804841750435145
1836,1767152416235,0.0,0.0,0.0,0.0,33.428540289032966,0.0,1.2268371213165546e-219,hard,False,False,130.27002489404376,0.0,1.0,0.0,0.9804841750435145
1837,1767152416268,0.0,0.0,0.0,0.0,33.428540289032966,0.0,4.9073484852662185e-220,hard,False,False,130.27002489404376,0.0,1.0,0.0,0.9804841750435145
1838,1767152416302,0.0,0.0,0.0,0.0,33.428540289032966,0.0,1.9629393941064876e-220,hard,False,False,130.27002489404376,0.0,1.0,0.0,0.9804841750435145
1839,1767152416335,0.0,0.0,0.0,0.0,33.428540289032966,0.0,7.851757576425951e-221,hard,False,False,130.27002489404376,0.0,1.0,0.0,0.9804841750435145
1840,1767152416370,0.0,0.0,0.0,0.0,33.428540289032966,0.0,3.1407030305703806e-221,hard,False,False,130.27002489404376,0.0,1.0,0.0,0.9804841750435145
1841,1767152416409,0.0,0.0,0.0,0.0,33.428540289032966,0.0,1.2562812122281523e-221,hard,False,False,130.27002489404376,0.0,1.0,0.0,0.9804841750435145
1842,1767152416468,0.0,0.0,0.0,0.0,33.428540289032966,0.0,5.0251248489126096e-222,hard,False,False,130.27002489404376,0.0,1.0,0.0,0.9804841750435145
1843,1767152416506,0.0,0.0,0.0,0.0,33.428540289032966,0.0,2.010049939565044e-222,hard,False,False,130.27002489404376,0.0,1.0,0.0,0.9804841750435145
1844,1767152416535,0.0,0.0,0.0,0.0,33.428540289032966,0.0,8.040199758260176e-223,hard,False,False,130.27002489404376,0.0,1.0,0.0,0.9804841750435145
1845,1767152416569,0.0,0.0,0.0,0.0,33.428540289032966,0.0,3.2160799033040703e-223,hard,False,False,130.27002489404376,0.0,1.0,0.0,0.9804841750435145
1846,1767152416602,0.0,0.0,0.0,0.0,33.428540289032966,0.0,1.2864319613216281e-223,hard,False,False,130.27002489404376,0.0,1.0,0.0,0.9804841750435145
1847,1767152416635,0.0,0.0,0.0,0.0,33.428540289032966,0.0,5.145727845286513e-224,hard,False,False,130.27002489404376,0.0,1.0,0.0,0.9804841750435145
1848,1767152416668,0.0,0.0,0.0,0.0,33.428540289032966,0.0,2.0582911381146053e-224,hard,False,False,130.27002489404376,0.0,1.0,0.0,0.9804841750435145
1849,1767152416702,0.0,0.0,0.0,0.0,33.428540289032966,0.0,8.233164552458421e-225,hard,False,False,130.27002489404376,0.0,1.0,0.0,0.9804841750435145
1850,1767152416735,0.0,0.0,0.0,0.0,33.428540289032966,0.0,3.2932658209833686e-225,hard,False,False,130.27002489404376,0.0,1.0,0.0,0.9804841750435145
1851,1767152416769,0.0,0.0,0.0,0.0,33.428540289032966,0.0,1.3173063283933475e-225,hard,False,False,130.27002489404376,0.0,1.0,0.0,0.9804841750435145
1852,1767152416802,0.0,0.0,0.0,0.0,33.428540289032966,0.0,5.26922531357339e-226,hard,False,False,130.27002489404376,0.0,1.0,0.0,0.9804841750435145
1853,1767152416835,0.0,0.0,0.0,0.0,33.428540289032966,0.0,2.1076901254293562e-226,hard,False,False,130.27002489404376,0.0,1.0,0.0,0.9804841750435145
1854,1767152416868,0.0,0.0,0.0,0.0,33.428540289032966,0.0,8.430760501717425e-227,hard,False,False,130.27002489404376,0.0,1.0,0.0,0.9804841750435145
1855,1767152416902,0.0,0.0,0.0,0.0,33.428540289032966,0.0,3.3723042006869702e-227,hard,False,False,130.27002489404376,0.0,1.0,0.0,0.9804841750435145
1856,1767152416935,0.0,0.0,0.0,0.0,33.428540289032966,0.0,1.348921680274788e-227,hard,False,False,130.27002489404376,0.0,1.0,0.0,0.9804841750435145
1857,1767152416968,0.0,0.0,0.0,0.0,33.428540289032966,0.0,5.395686721099153e-228,hard,False,False,130.27002489404376,0.0,1.0,0.0,0.9804841750435145
1858,1767152417002,0.0,0.0,0.0,0.0,33.428540289032966,0.0,2.1582746884396612e-228,hard,False,False,130.27002489404376,0.0,1.0,0.0,0.9804841750435145
1859,1767152417035,0.0,0.0,0.0,0.0,33.428540289032966,0.0,8.633098753758645e-229,hard,False,False,130.27002489404376,0.0,1.0,0.0,0.9804841750435145
1860,1767152417068,0.0,0.0,0.0,0.0,33.428540289032966,0.0,3.453239501503458e-229,hard,False,False,130.27002489404376,0.0,1.0,0.0,0.9804841750435145
1861,1767152417101,0.0,0.0,0.0,0.0,33.428540289032966,0.0,1.3812958006013833e-229,hard,False,False,130.27002489404376,0.0,1.0,0.0,0.9804841750435145
1862,1767152417135,0.0,0.0,0.0,0.0,33.428540289032966,0.0,5.525183202405534e-230,hard,False,False,130.27002489404376,0.0,1.0,0.0,0.9804841750435145
1863,1767152417168,0.0,0.0,0.0,0.0,33.428540289032966,0.0,2.2100732809622136e-230,hard,False,False,130.27002489404376,0.0,1.0,0.0,0.9804841750435145
1864,1767152417201,0.0,0.0,0.0,0.0,33.428540289032966,0.0,8.840293123848855e-231,hard,False,False,130.27002489404376,0.0,1.0,0.0,0.9804841750435145
1865,1767152417235,0.0,0.0,0.0,0.0,33.428540289032966,0.0,3.536117249539542e-231,hard,False,False,130.27002489404376,0.0,1.0,0.0,0.9804841750435145
1866,1767152417268,0.0,0.0,0.0,0.0,33.428540289032966,0.0,1.414446899815817e-231,hard,False,False,130.27002489404376,0.0,1.0,0.0,0.9804841750435145
1867,1767152417302,0.0,0.0,0.0,0.0,33.428540289032966,0.0,5.657787599263268e-232,hard,False,False,130.27002489404376,0.0,1.0,0.0,0.9804841750435145
1868,1767152417335,0.0,0.0,0.0,0.0,33.428540289032966,0.0,2.2631150397053073e-232,hard,False,False,130.27002489404376,0.0,1.0,0.0,0.9804841750435145
1869,1767152417368,0.0,0.0,0.0,0.0,33.428540289032966,0.0,9.05246015882123e-233,hard,False,False,130.27002489404376,0.0,1.0,0.0,0.9804841750435145
1870,1767152417401,0.0,0.0,0.0,0.0,33.428540289032966,0.0,3.620984063528492e-233,hard,False,False,130.27002489404376,0.0,1.0,0.0,0.9804841750435145
1871,1767152417435,0.0,0.0,0.0,0.0,33.428540289032966,0.0,1.448393625411397e-233,hard,False,False,130.27002489404376,0.0,1.0,0.0,0.9804841750435145
1872,1767152417468,0.0,0.0,0.0,0.0,33.428540289032966,0.0,5.793574501645588e-234,hard,False,False,130.27002489404376,0.0,1.0,0.0,0.9804841750435145
1873,1767152417501,0.0,0.0,0.0,0.0,33.428540289032966,0.0,2.3174298006582356e-234,hard,False,False,130.27002489404376,0.0,1.0,0.0,0.9804841750435145
1874,1767152417535,0.0,0.0,0.0,0.0,33.428540289032966,0.0,9.269719202632944e-235,hard,False,False,130.27002489404376,0.0,1.0,0.0,0.9804841750435145
