frame_idx,timestamp_ms,depth_raw_mm,depth_ema_mm,depth_kf_mm,depth_corr_mm,sig_mm,conf,conf_ema,vision_state,has_hand,has_main_hand,velocity_mm_s,motion_mm,gain,offset_mm,cos_tilt
0,1768531702992,0.6134996337345116,0.6134996337345116,0.6134996337345116,0.6134996337345116,0.6134996337345116,0.9779835343360901,0.586790120601654,ok,True,True,0.0,0.0,1.0,0.0,0.9197931240228547
1,1768531703025,0.08932287715887853,0.29899357978913177,0.335160654083339,0.335160654083339,0.335160654083339,0.9799806475639343,0.8227044367790222,ok,True,True,-0.05720287763419933,0.20967070263025323,1.0,0.0,0.9197931240228547
2,1768531703059,0.7103508627268263,0.5458079495517485,0.5211785907497284,0.5211785907497284,0.5211785907497284,0.9754560589790344,0.9143554100990294,ok,True,True,-0.0037254005796857614,0.16454291317507785,1.0,0.0,0.9197931240228547
3,1768531703092,0.32959066192792835,0.4160775769774564,0.428216310696893,0.428216310696893,0.428216310696893,0.9657608270645142,0.9451986602783202,ok,True,True,-0.03610229089630646,0.08648691504952805,1.0,0.0,0.9197931240228547
4,1768531703125,0.4125071732795121,0.4139353347586898,0.41544439771265756,0.41544439771265756,0.41544439771265756,0.9704362154006958,0.9603411933517455,ok,True,True,-0.0408423875056429,0.0014281614791777364,1.0,0.0,0.9197931240228547
5,1768531703158,-0.1882378628314017,0.052631416204634934,0.09425695179768823,0.09425695179768823,0.09425695179768823,0.9669860005378723,0.9643280776634215,ok,True,True,-0.1907617762128053,0.24086927903603664,1.0,0.0,0.9197931240228547
6,1768531703192,-0.014260267990285002,0.012496405687682975,0.02116299977577199,0.02116299977577199,0.02116299977577199,0.9684284925460815,0.9667883265930176,ok,True,True,-0.2258491795050286,0.026756673677967975,1.0,0.0,0.9197931240228547
7,1768531703225,0.6378577759600698,0.387713227851115,0.34479757529800287,0.34479757529800287,0.34479757529800287,0.9739410877227783,0.9710799832708741,ok,True,True,-0.03355294881400808,0.25014454810895476,1.0,0.0,0.9197931240228547
8,1768531703259,-0.07553930789472618,0.1097617064036103,0.13654926231749157,0.13654926231749157,0.13654926231749157,0.9656626582145691,0.9678295882370911,ok,True,True,-0.16473628383350172,0.18530101429833648,1.0,0.0,0.9197931240228547
9,1768531703292,0.2913326824562342,0.21870429203518466,0.20868460652643994,0.20868460652643994,0.20868460652643994,0.9637751579284668,0.9653969300519165,ok,True,True,-0.11166371288173811,0.07262839042104957,1.0,0.0,0.9197931240228547
10,1768531703325,1.1223115764910156,0.7608686627086833,0.6974223375493824,0.6974223375493824,0.6974223375493824,0.9679445028305054,0.9669254737190699,ok,True,True,0.24865319651799495,0.3614429137823324,1.0,0.0,0.9197931240228547
11,1768531703358,0.16118811682292386,0.4010603351772276,0.43577600295846985,0.43577600295846985,0.43577600295846985,0.9547581076622009,0.9596250540849485,ok,True,True,0.038850521297766255,0.23987221835430375,1.0,0.0,0.9197931240228547
12,1768531703392,0.8331589186969733,0.660319485289075,0.6349176048621233,0.6349176048621233,0.6349176048621233,0.9663987159729004,0.9636892512177196,ok,True,True,0.20116032871304285,0.1728394334078983,1.0,0.0,0.9197931240228547
13,1768531703425,0.5019928256131676,0.5653234894835306,0.5739928585056551,0.5739928585056551,0.5739928585056551,0.9673501253128052,0.965885775674771,ok,True,True,0.14292262821126442,0.06333066387036301,1.0,0.0,0.9197931240228547
14,1768531703458,0.20403286818386984,0.3485491167037342,0.37467129916872366,0.37467129916872366,0.37467129916872366,0.9622698426246643,0.963716215844707,ok,True,True,-0.04064870154424105,0.14451624851986433,1.0,0.0,0.9197931240228547
15,1768531703492,0.5589001893950266,0.47475976031850964,0.4632631249572649,0.4632631249572649,0.4632631249572649,0.9687401056289673,0.9667305497152632,ok,True,True,0.04349748904886945,0.08414042907651698,1.0,0.0,0.9197931240228547
16,1768531703525,0.4929762436103417,0.4856896502936089,0.4833151452024676,0.4833151452024676,0.4833151452024676,0.9547109603881836,0.9595187961190155,ok,True,True,0.06152792768890153,0.0072865933167328145,1.0,0.0,0.9197931240228547
17,1768531703558,0.6159819551498609,0.56386503320736,0.554988873094362,0.554988873094362,0.554988873094362,0.9624431133270264,0.961273386443822,ok,True,True,0.13120835218890986,0.05211692194250084,1.0,0.0,0.9197931240228547
18,1768531703592,1.1174922686377966,0.8960413744656219,0.8580108832573998,0.8580108832573998,0.8580108832573998,0.9643629789352417,0.9631271419386738,ok,True,True,0.43889650457914703,0.22145089417217467,1.0,0.0,0.9197931240228547
19,1768531703625,1.1674700606934347,1.0588985862023095,1.0378794171004238,1.0378794171004238,1.0378794171004238,0.9477397203445435,0.9538946889821956,ok,True,True,0.6136662148432545,0.10857147449112525,1.0,0.0,0.9197931240228547
20,1768531703658,1.156087425257243,1.1172118896352696,1.110573541103733,1.110573541103733,1.110573541103733,0.9622861742973328,0.9589295801712778,ok,True,True,0.6702487542598529,0.038875535621973434,1.0,0.0,0.9197931240228547
21,1768531703692,-0.1710127613005356,0.3442770990737865,0.4331222976576773,0.4331222976576773,0.4331222976576773,0.958470344543457,0.9586540387945854,ok,True,True,-0.10427639268375011,0.5152898603743221,1.0,0.0,0.9197931240228547
22,1768531703725,0.744847572981352,0.5846193834183258,0.5671740366052738,0.5671740366052738,0.5671740366052738,0.9841943979263306,0.9739782542736325,ok,True,True,0.05094919197580966,0.1602281895630262,1.0,0.0,0.9197931240228547
23,1768531703760,1.5504626067464173,1.1641253174151807,1.097165025050822,1.097165025050822,1.097165025050822,0.9573439359664917,0.963997663289348,ok,True,True,0.6579250891516979,0.3863372893312367,1.0,0.0,0.9197931240228547
24,1768531703792,1.6832115751761596,1.475577072071768,1.4355026051221942,1.4355026051221942,1.4355026051221942,0.9710758924484253,0.9682446007847945,ok,True,True,1.0273761892991353,0.20763450310439158,1.0,0.0,0.9197931240228547
25,1768531703825,2.522625711303849,2.1038062556110164,2.032570650385061,2.032570650385061,2.032570650385061,0.9599800109863281,0.9632858469057146,ok,True,True,1.6942670824653554,0.4188194556928324,1.0,0.0,0.9197931240228547
26,1768531703858,4.014803178681903,3.250404409453548,3.120000054205774,3.120000054205774,3.120000054205774,0.9349466562271118,0.946282332498553,ok,True,True,2.9322464142668876,0.7643987692283547,1.0,0.0,0.9197931240228547
27,1768531703892,6.048120901206992,4.929034304505614,4.7369787190412,4.7369787190412,4.7369787190412,0.9401017427444458,0.9425739786460887,ok,True,True,4.778803795387127,1.1190865967013774,1.0,0.0,0.9197931240228547
28,1768531703925,8.678131720670867,7.1784927542047665,6.922484004680518,6.922484004680518,6.922484004680518,0.9033836722373962,0.9190597948008732,ok,True,True,7.2688452003431125,1.499638966466101,1.0,0.0,0.9197931240228547
29,1768531703958,11.67651438745329,9.87730573415388,9.57315955556292,9.57315955556292,9.57315955556292,0.946145236492157,0.9353110598156434,ok,True,True,10.258334030012556,1.7992086532994094,1.0,0.0,0.9197931240228547
30,1768531703992,15.992172596315882,13.546225851451082,13.139243441630558,13.139243441630558,13.139243441630558,0.9364471435546875,0.9359927100590699,ok,True,True,14.297030607950742,2.4459467448648002,1.0,0.0,0.9197931240228547
31,1768531704025,21.13507749699158,18.099536838775382,17.597177334878733,17.597177334878733,17.597177334878733,0.9383184909820557,0.9373881786128613,ok,True,True,19.325743767999967,3.035540658216199,1.0,0.0,0.9197931240228547
32,1768531704058,29.341847191902854,24.844923050651865,24.105305344992583,24.105305344992583,24.105305344992583,0.956140398979187,0.9486395108326567,ok,True,True,26.788268577602185,4.4969241412509895,1.0,0.0,0.9197931240228547
33,1768531704092,35.55771372411664,31.27259745473073,30.57006816951508,30.57006816951508,30.57006816951508,0.9455878138542175,0.9468084926455932,ok,True,True,33.92779799211846,4.2851162693859095,1.0,0.0,0.9197931240228547
34,1768531704125,41.19600742902884,37.2266434393096,36.608119693630805,36.608119693630805,36.608119693630805,0.912287712097168,0.926096024316538,ok,True,True,40.25492582873832,3.969363989719241,1.0,0.0,0.9197931240228547
35,1768531704158,45.41572711255769,42.14009364325845,41.671183382604106,41.671183382604106,41.671183382604106,0.8997241854667664,0.910272921006675,ok,True,True,45.08027662266772,3.275633469299237,1.0,0.0,0.9197931240228547
36,1768531704191,46.26444268724406,44.61470306964982,44.453499334014595,44.453499334014595,44.453499334014595,0.9072840213775635,0.9084795812292081,ok,True,True,46.748177131615215,1.6497396175942427,1.0,0.0,0.9197931240228547
37,1768531704225,46.37360669552844,45.67004524517699,45.708269863366866,45.708269863366866,45.708269863366866,0.8817409873008728,0.892436424872207,ok,True,True,46.35072753963609,0.7035614503514438,1.0,0.0,0.9197931240228547
38,1768531704258,44.19734330255365,44.78642407960298,45.06230694170135,45.06230694170135,45.06230694170135,0.9186648726463318,0.9081734935366819,ok,True,True,43.46925446616634,0.5890807770493325,1.0,0.0,0.9197931240228547
39,1768531704292,41.28116209903361,42.683266891261354,43.11129635804971,43.11129635804971,43.11129635804971,0.9452900886535645,0.9304434506068114,ok,True,True,38.98036495631605,1.402104792227746,1.0,0.0,0.9197931240228547
40,1768531704342,33.501020323813755,37.173918950792796,37.982959539230706,37.982959539230706,37.982959539230706,0.936776876449585,0.9342435061124755,ok,True,True,30.464059482912734,3.672898626979041,1.0,0.0,0.9197931240228547
41,1768531704365,27.05166443018056,31.10056623842545,31.983386882554967,31.983386882554967,31.983386882554967,0.9630564451217651,0.9515312695180493,ok,True,True,21.139598809423795,4.048901808244892,1.0,0.0,0.9197931240228547
42,1768531704392,19.099829725965563,23.900124330949517,24.88229985779438,24.88229985779438,24.88229985779438,0.9763062596321106,0.9663962635864861,ok,True,True,10.733728718943983,4.800294604983954,1.0,0.0,0.9197931240228547
43,1768531704425,16.389297515578967,19.393628241727185,20.04697221543674,20.04697221543674,20.04697221543674,0.8810364007949829,0.9151803459115841,ok,True,True,3.792300092250623,3.0043307261482184,1.0,0.0,0.9197931240228547
44,1768531704458,11.410859488818128,14.60396698998175,15.226279578615351,15.226279578615351,15.226279578615351,0.9443438649177551,0.9326784573152868,ok,True,True,-2.836328754278366,3.193107501163622,1.0,0.0,0.9197931240228547
45,1768531704492,9.503378603193857,11.543613957909015,11.94449982758047,11.94449982758047,11.94449982758047,0.949377715587616,0.9426980122786843,ok,True,True,-7.116334225781899,2.0402353547151577,1.0,0.0,0.9197931240228547
46,1768531704525,6.883477284763454,8.747531954021678,9.078181765261476,9.078181765261476,9.078181765261476,0.9639784097671509,0.9554662507717643,ok,True,True,-10.653941332755476,1.8640546692582243,1.0,0.0,0.9197931240228547
47,1768531704558,6.280372008618274,7.267235986779635,7.429858457424182,7.429858457424182,7.429858457424182,0.9557672142982483,0.9556468288876546,ok,True,True,-12.39718084173685,0.9868639781613613,1.0,0.0,0.9197931240228547
48,1768531704592,5.92534191223234,6.4620995420512575,6.52403752006126,6.52403752006126,6.52403752006126,0.9648212790489197,0.9611514989844137,ok,True,True,-13.062291007219338,0.5367576298189176,1.0,0.0,0.9197931240228547
49,1768531704625,6.885756137210333,6.716293499146703,6.646190403174835,6.646190403174835,6.646190403174835,0.9513108134269714,0.9552470876499484,ok,True,True,-12.308301252758412,0.1694626380636297,1.0,0.0,0.9197931240228547
50,1768531704658,8.538679903079773,7.809725341506545,7.633960095327627,7.633960095327627,7.633960095327627,0.8986919522285461,0.921314006397107,ok,True,True,-10.41512645268066,0.7289545615732278,1.0,0.0,0.9197931240228547
51,1768531704691,9.704231542070477,8.946429061844904,8.761089523607572,8.761089523607572,8.761089523607572,0.895917534828186,0.9060761234557544,ok,True,True,-8.416191688298493,0.757802480225573,1.0,0.0,0.9197931240228547
52,1768531704725,11.060590566294422,10.214925964514615,10.021250858116527,10.021250858116527,10.021250858116527,0.9083461761474609,0.9074381550707784,ok,True,True,-6.324846836861768,0.8456646017798075,1.0,0.0,0.9197931240228547
53,1768531704758,13.125852916869498,11.961482135927545,11.721288594425118,11.721288594425118,11.721288594425118,0.9258115291595459,0.9184621795240389,ok,True,True,-3.7283512978660625,1.1643707809419528,1.0,0.0,0.9197931240228547
54,1768531704796,16.454843590422207,14.657499008624342,14.315771443393317,14.315771443393317,14.315771443393317,0.932550311088562,0.9269150584627527,ok,True,True,-0.030597466908829585,1.7973445817978657,1.0,0.0,0.9197931240228547
55,1768531704825,20.23446570854684,18.003679028577842,17.591798357527065,17.591798357527065,17.591798357527065,0.9283922910690308,0.9278013980265195,ok,True,True,4.430300435476131,2.230786679968997,1.0,0.0,0.9197931240228547
56,1768531704858,27.05305964596436,23.433307399009752,22.797596525520746,22.797596525520746,22.797596525520746,0.9192648530006409,0.9226794710109923,ok,True,True,11.321075196614967,3.619752246954608,1.0,0.0,0.9197931240228547
57,1768531704891,33.89956952585614,29.713064675117586,28.983117244787373,28.983117244787373,28.983117244787373,0.93086177110672,0.9275888510684289,ok,True,True,19.239255279035405,4.186504850738551,1.0,0.0,0.9197931240228547
58,1768531704925,39.321302487525735,35.47800736256247,34.82450339439582,34.82450339439582,34.82450339439582,0.8970888257026672,0.9092888358489719,ok,True,True,26.33304193183583,3.8432951249632623,1.0,0.0,0.9197931240228547
59,1768531704958,42.48029193122117,39.679378103757685,39.23537965059725,39.23537965059725,39.23537965059725,0.9084399342536926,0.9087794948918043,ok,True,True,31.15563718651638,2.800913827463482,1.0,0.0,0.9197931240228547
60,1768531704992,42.40921731383461,41.31728162980384,41.20080311938569,41.20080311938569,41.20080311938569,0.9138416051864624,0.9118167610685991,ok,True,True,32.42151091234419,1.0919356840307728,1.0,0.0,0.9197931240228547
61,1768531705025,39.76010366493084,40.38297485088003,40.59491524283214,40.59491524283214,40.59491524283214,0.9033874869346619,0.9067591965882367,ok,True,True,30.116985671917707,0.6228711859491938,1.0,0.0,0.9197931240228547
62,1768531705059,36.09010481361941,37.80725282852366,38.23050735999145,38.23050735999145,38.23050735999145,0.874390721321106,0.8873381114279582,ok,True,True,25.51259216232347,1.7171480149042466,1.0,0.0,0.9197931240228547
63,1768531705092,27.941265640731455,31.887660515848335,32.6906338876163,32.6906338876163,32.6906338876163,0.9434617161750793,0.9210122742762309,ok,True,True,16.773692169375867,3.94639487511688,1.0,0.0,0.9197931240228547
64,1768531705125,20.5461627280475,25.08276184316783,25.99441485127302,25.99441485127302,25.99441485127302,0.8957027792930603,0.9058265772863285,ok,True,True,6.848169695909467,4.536599115120332,1.0,0.0,0.9197931240228547
65,1768531705159,14.642993119979423,18.818900609254786,19.645345960436085,19.645345960436085,19.645345960436085,0.8590011596679688,0.8777313267153126,ok,True,True,-2.152835220833218,4.175907489275364,1.0,0.0,0.9197931240228547
66,1768531705194,12.359466700225688,14.943240263837328,15.460093409241992,15.460093409241992,15.460093409241992,0.8241183757781982,0.8455635561530439,ok,True,True,-7.783806358113322,2.58377356361164,1.0,0.0,0.9197931240228547
67,1768531705225,8.90945849762538,11.32297120411016,11.755801835274934,11.755801835274934,11.755801835274934,0.7120538949966431,0.7654577594592034,ok,True,True,-12.500752027654041,2.413512706484781,1.0,0.0,0.9197931240228547
68,1768531705258,8.383735376889366,9.559429707777685,9.758077963737692,9.758077963737692,9.758077963737692,0.8580187559127808,0.8209943573313498,ok,True,True,-14.666176232330987,1.1756943308883194,1.0,0.0,0.9197931240228547
69,1768531705292,6.836877077584439,7.9258981296617375,8.075836674398426,8.075836674398426,8.075836674398426,0.8758149743080139,0.8538867275173483,ok,True,True,-16.301020873831025,1.0890210520772987,1.0,0.0,0.9197931240228547
70,1768531705325,7.541722651364343,7.695392842683301,7.6772076736185815,7.6772076736185815,7.6772076736185815,0.8428794741630554,0.8472823755047726,ok,True,True,-16.10269651368074,0.15367019131895798,1.0,0.0,0.9197931240228547
71,1768531705361,8.128963161367865,7.95553503389404,7.864557982845877,7.864557982845877,7.864557982845877,0.7401652336120605,0.7830120903691453,ok,True,True,-15.110317659453463,0.17342812747382563,1.0,0.0,0.9197931240228547
72,1768531705391,9.63527881535512,8.963381302770689,8.784516827476237,8.784516827476237,8.784516827476237,0.8915137648582458,0.8481130950626057,ok,True,True,-13.158906225798951,0.6718975125844313,1.0,0.0,0.9197931240228547
73,1768531705425,12.574254356743038,11.129905135154099,10.819166890213019,10.819166890213019,10.819166890213019,0.8183865547180176,0.8302771708558528,ok,True,True,-9.768189961902879,1.44434922158894,1.0,0.0,0.9197931240228547
74,1768531705461,14.282550749032152,13.021492503480932,12.739339319693933,12.739339319693933,12.739339319693933,0.8456915616989136,0.8395258053616893,ok,True,True,-6.6889239574469475,1.2610582455512205,1.0,0.0,0.9197931240228547
75,1768531705492,16.220557793326208,14.940931677388098,14.670318374031282,14.670318374031282,14.670318374031282,0.8244208097457886,0.8304628079921489,ok,True,True,-3.7351924768528555,1.2796261159381093,1.0,0.0,0.9197931240228547
76,1768531705525,17.85973868372519,16.692215881190354,16.452649543473274,16.452649543473274,16.452649543473274,0.7032974362373352,0.7541635849392607,ok,True,True,-1.1200104943514049,1.1675228025348368,1.0,0.0,0.9197931240228547
77,1768531705558,21.895813089710987,19.814374206302734,19.434997476264506,19.434997476264506,19.434997476264506,0.6231206655502319,0.6755378333058435,ok,True,True,3.021856817324422,2.0814388834082536,1.0,0.0,0.9197931240228547
78,1768531705591,27.337032565161035,24.327969221617714,23.793098468668035,23.793098468668035,23.793098468668035,0.7487781047821045,0.7194819961916001,ok,True,True,8.861943225879202,3.009063343543321,1.0,0.0,0.9197931240228547
79,1768531705625,33.8771995661225,30.057507428320584,29.391298436468407,29.391298436468407,29.391298436468407,0.7517265677452087,0.7388287391237653,ok,True,True,16.136755623718088,3.8196921378019155,1.0,0.0,0.9197931240228547
80,1768531705658,40.060621517963774,36.0593758821065,35.37518066691923,35.37518066691923,35.37518066691923,0.6636500358581543,0.6937215171643987,ok,True,True,23.60861256874783,4.001245635857273,1.0,0.0,0.9197931240228547
81,1768531705691,45.63440393307239,41.80439271268604,41.174657736367685,41.174657736367685,41.174657736367685,0.6707024574279785,0.6799100813225466,ok,True,True,30.486264462533956,3.8300112203863534,1.0,0.0,0.9197931240228547
82,1768531705725,44.829567894786614,43.61949782194638,43.46004816632759,43.46004816632759,43.46004816632759,0.6374523639678955,0.6544354509097559,ok,True,True,32.22781777644141,1.2100700728402316,1.0,0.0,0.9197931240228547
83,1768531705758,45.227512503322686,44.58430663077216,44.57872638068634,44.57872638068634,44.57872638068634,0.6091519594192505,0.6272653560154526,ok,True,True,32.28877074922616,0.6432058725505243,1.0,0.0,0.9197931240228547
84,1768531705791,40.940560859211836,42.39805916783597,42.76156663507067,42.76156663507067,42.76156663507067,0.6762306690216064,0.6566445438191449,ok,True,True,28.317951823615807,1.4574983086241318,1.0,0.0,0.9197931240228547
85,1768531705825,33.728469563569114,37.19630540527585,37.9227910649924,37.9227910649924,37.9227910649924,0.8528055548667908,0.7743411504477324,ok,True,True,20.381671233183216,3.467835841706737,1.0,0.0,0.9197931240228547
86,1768531705858,28.16028545179301,31.774693433186144,32.53670188549751,32.53670188549751,32.53670188549751,0.7587743401527405,0.7650010642707372,ok,True,True,12.056927202113343,3.6144079813931356,1.0,0.0,0.9197931240228547
87,1768531705891,20.944909585659254,25.27682312467001,26.131944006846783,26.131944006846783,26.131944006846783,0.784353494644165,0.776612522494794,ok,True,True,2.7145404332540917,4.331913539010756,1.0,0.0,0.9197931240228547
88,1768531705925,14.688128350585446,18.923606260219273,19.738216818406556,19.738216818406556,19.738216818406556,0.7893025279045105,0.7842265257406238,ok,True,True,-6.185620624671316,4.235477909633827,1.0,0.0,0.9197931240228547
89,1768531705958,12.529363288899182,15.087060477427219,15.583155921741342,15.583155921741342,15.583155921741342,0.8570441007614136,0.8279170707530977,ok,True,True,-11.605991406809443,2.557697188528037,1.0,0.0,0.9197931240228547
90,1768531705991,11.924508179625148,13.189529098745975,13.413499881688745,13.413499881688745,13.413499881688745,0.8985813856124878,0.8703156596687318,ok,True,True,-14.053192272370355,1.2650209191208273,1.0,0.0,0.9197931240228547
91,1768531706025,8.394321576648968,10.312404585487771,10.606229941375878,10.606229941375878,10.606229941375878,0.8692834377288818,0.8696963265048219,ok,True,True,-17.26375166876269,1.9180830088388028,1.0,0.0,0.9197931240228547
92,1768531706059,7.487506891365404,8.61746596901435,8.775201942905875,8.775201942905875,8.775201942905875,0.917003870010376,0.8980808526081543,ok,True,True,-18.987342565127584,1.1299590776489463,1.0,0.0,0.9197931240228547
93,1768531706092,8.227849080044892,8.383695835632675,8.356753143067179,8.356753143067179,8.356753143067179,0.9067186713218689,0.9032635438363831,ok,True,True,-18.692930666757427,0.15584675558778294,1.0,0.0,0.9197931240228547
94,1768531706125,9.782857764886868,9.22319299318519,9.056949303546688,9.056949303546688,9.056949303546688,0.9264582395553589,0.9171803612677686,ok,True,True,-16.876288165623702,0.5596647717016783,1.0,0.0,0.9197931240228547
95,1768531706158,10.458520075188895,9.964389242387414,9.80032815861532,9.80032815861532,9.80032815861532,0.9036423563957214,0.9090575583445403,ok,True,True,-15.083458943041817,0.4941308328014813,1.0,0.0,0.9197931240228547
96,1768531706191,11.889104579111152,11.119218444421657,10.915906373615217,10.915906373615217,10.915906373615217,0.8656840920448303,0.8830334785647144,ok,True,True,-12.861660074542884,0.7698861346894947,1.0,0.0,0.9197931240228547
97,1768531706225,13.553021482677138,12.579500267374945,12.345982553249716,12.345982553249716,12.345982553249716,0.8918415307998657,0.8883183099058052,ok,True,True,-10.30972924459279,0.9735212153021937,1.0,0.0,0.9197931240228547
98,1768531706258,15.466530863167256,14.31171862485033,14.053973629392656,14.053973629392656,14.053973629392656,0.8490421772003174,0.8647526302825126,ok,True,True,-7.492993364677307,1.154812238316925,1.0,0.0,0.9197931240228547
99,1768531706291,17.933946723226207,16.485055483875854,16.185853674083106,16.185853674083106,16.185853674083106,0.9034634828567505,0.8879791418270553,ok,True,True,-4.223154859621401,1.4488912393503526,1.0,0.0,0.9197931240228547
100,1768531706325,22.731495023617004,20.232919207720546,19.76552693937609,19.76552693937609,19.76552693937609,0.8174320459365845,0.8456508842927728,ok,True,True,0.8848259448553577,2.4985758158964586,1.0,0.0,0.9197931240228547
101,1768531706358,31.047265951637872,26.721527254070942,25.948480604396984,25.948480604396984,25.948480604396984,0.7983187437057495,0.8172515999405588,ok,True,True,9.33330578218539,4.32573869756693,1.0,0.0,0.9197931240228547
102,1768531706391,36.004386243902026,32.29124264796959,31.618068342510806,31.618068342510806,31.618068342510806,0.6713106632232666,0.7296870379101834,ok,True,True,16.690378953335077,3.7131435959324364,1.0,0.0,0.9197931240228547
103,1768531706425,40.429260781640885,37.174053528172365,36.61605926308167,36.61605926308167,36.61605926308167,0.740584135055542,0.7362252961973985,ok,True,True,22.788717552242932,3.2552072534685195,1.0,0.0,0.9197931240228547
104,1768531706458,39.28034709087203,38.437829665792165,38.319286831497145,38.319286831497145,38.319286831497145,0.8136782646179199,0.7826970772497113,ok,True,True,24.084287832279617,0.8425174250798619,1.0,0.0,0.9197931240228547
105,1768531706491,36.16556854732585,37.07447299471237,37.30300173158784,37.30300173158784,37.30300173158784,0.8214617371559143,0.8059558731934331,ok,True,True,21.58664684697274,0.9089044473865258,1.0,0.0,0.9197931240228547
106,1768531706525,31.967131717899093,34.010068228624405,34.457889141210124,34.457889141210124,34.457889141210124,0.8024065494537354,0.8038262789496144,ok,True,True,16.69227715990432,2.042936510725312,1.0,0.0,0.9197931240228547
107,1768531706558,25.1611005359349,28.7006876130107,29.405329167167054,29.405329167167054,29.405329167167054,0.7999681234359741,0.8015113856414302,ok,True,True,8.990985561148353,3.539587077075801,1.0,0.0,0.9197931240228547
108,1768531706591,18.32953690512711,22.477997188280547,23.28458243099939,23.28458243099939,23.28458243099939,0.8642392158508301,0.8391480837670701,ok,True,True,0.17545929461730836,4.148460283153437,1.0,0.0,0.9197931240228547
109,1768531706625,12.928714740017252,16.74842771932257,17.478559034482444,17.478559034482444,17.478559034482444,0.742194414138794,0.7809758819901044,ok,True,True,-7.80451263513336,3.8197129793053186,1.0,0.0,0.9197931240228547
110,1768531706658,10.592292201860092,13.054746408845084,13.51943884136429,13.51943884136429,13.51943884136429,0.8450264930725098,0.8194062486395476,ok,True,True,-12.883395384967915,2.462454206984992,1.0,0.0,0.9197931240228547
111,1768531706691,8.769274191747789,10.483463078586706,10.774369040967771,10.774369040967771,10.774369040967771,0.8672814965248108,0.8481313973707055,ok,True,True,-16.06288353226447,1.714188886838917,1.0,0.0,0.9197931240228547
112,1768531706725,8.425132591874616,9.248464786559452,9.359008326500383,9.359008326500383,9.359008326500383,0.8879554271697998,0.8720258152501621,ok,True,True,-17.27108616157171,0.823332194684836,1.0,0.0,0.9197931240228547
113,1768531706758,6.524232474030616,7.6139253990421505,7.744435925624209,7.744435925624209,7.744435925624209,0.8681082725524902,0.8696752896315589,ok,True,True,-18.69752648625142,1.0896929250115344,1.0,0.0,0.9197931240228547
114,1768531706792,6.117242216496225,6.715915489514595,6.7611462372933735,6.7611462372933735,6.7611462372933735,0.9127500057220459,0.8955201192858512,ok,True,True,-19.19188650652628,0.5986732730183704,1.0,0.0,0.9197931240228547
115,1768531706825,7.81767889320325,7.3769735317277885,7.2368451498985555,7.2368451498985555,7.2368451498985555,0.8984656929969788,0.8972874635125276,ok,True,True,-17.660315794757494,0.44070536147546147,1.0,0.0,0.9197931240228547
116,1768531706858,8.566450510576548,8.090659719037044,7.929668195197012,7.929668195197012,7.929668195197012,0.9139934778213501,0.9073110720978211,ok,True,True,-15.900710720245467,0.4757907915395041,1.0,0.0,0.9197931240228547
117,1768531706891,10.187609863768074,9.348829805875662,9.131287992257219,9.131287992257219,9.131287992257219,0.8395702838897705,0.8666665991729907,ok,True,True,-13.52301609589206,0.8387800578924125,1.0,0.0,0.9197931240228547
118,1768531706925,11.454983187980893,10.6125218351388,10.396897920317418,10.396897920317418,10.396897920317418,0.8933942914009094,0.882703214509742,ok,True,True,-11.166278163711896,0.8424613528420934,1.0,0.0,0.9197931240228547
119,1768531706958,11.925961529399943,11.400585651695486,11.247026589559457,11.247026589559457,11.247026589559457,0.8747733235359192,0.8779452799254484,ok,True,True,-9.487896379880487,0.525375877704457,1.0,0.0,0.9197931240228547
120,1768531706993,12.756045159973452,12.213861356662266,12.070659282664128,12.070659282664128,12.070659282664128,0.8470537662506104,0.8594103717205456,ok,True,True,-7.922712124206001,0.5421838033111861,1.0,0.0,0.9197931240228547
121,1768531707025,14.768004454208159,13.7463472151898,13.529855363177994,13.529855363177994,13.529855363177994,0.8635002970695496,0.861864326929948,ok,True,True,-5.556473725020496,1.0216572390183583,1.0,0.0,0.9197931240228547
122,1768531707058,18.39462372144151,16.535313118940827,16.179213269661783,16.179213269661783,16.179213269661783,0.8026503324508667,0.8263359302424993,ok,True,True,-1.6643248725511786,1.8593106025006811,1.0,0.0,0.9197931240228547
123,1768531707091,24.322703744649566,21.20774749436607,20.640338871374524,20.640338871374524,20.640338871374524,0.8612015843391418,0.8472553227004849,ok,True,True,4.537424741743957,3.1149562502834947,1.0,0.0,0.9197931240228547
124,1768531707124,31.596265922366996,27.440858551166627,26.69875677233517,26.69875677233517,26.69875677233517,0.8473100662231445,0.8472881688140808,ok,True,True,12.648573318696206,4.1554073712003685,1.0,0.0,0.9197931240228547
125,1768531707159,38.21389646632502,33.90468130026166,33.14750898270126,33.14750898270126,33.14750898270126,0.7984131574630737,0.8179631620034766,ok,True,True,20.92445258467251,4.30921516606336,1.0,0.0,0.9197931240228547
126,1768531707191,41.032150962019394,38.1811630973163,37.69721827095078,37.69721827095078,37.69721827095078,0.7043520212173462,0.7497964775317983,ok,True,True,26.213966407554597,2.850987864703093,1.0,0.0,0.9197931240228547
127,1768531707225,42.42752370759793,40.728979463485274,40.488136950695,40.488136950695,40.488136950695,0.7338293790817261,0.7402162184617549,ok,True,True,28.846376198002687,1.6985442441126537,1.0,0.0,0.9197931240228547
128,1768531707259,40.45807198757642,40.56643497793996,40.66501113024625,40.66501113024625,40.66501113024625,0.7218412756919861,0.7291912527998936,ok,True,True,27.76893739323793,0.10836299036354546,1.0,0.0,0.9197931240228547
129,1768531707291,37.213224452585216,38.554508662727116,38.89336074045905,38.89336074045905,38.89336074045905,0.7996338605880737,0.7714568174728017,ok,True,True,24.065276038656325,1.3412842101419002,1.0,0.0,0.9197931240228547
130,1768531707325,30.45800237874784,33.69660489233955,34.36612428633629,34.36612428633629,34.36612428633629,0.6822468042373657,0.7179308095315402,ok,True,True,16.74740734818657,3.2386025135917116,1.0,0.0,0.9197931240228547
131,1768531707359,23.33923939224333,27.482185592281816,28.312781383692094,28.312781383692094,28.312781383692094,0.8277568817138672,0.7838264528409364,ok,True,True,7.668962064159004,4.142946200038487,1.0,0.0,0.9197931240228547
132,1768531707391,17.695957790904036,21.610448911455148,22.387002494167465,22.387002494167465,22.387002494167465,0.8627316951751709,0.8311695982414771,ok,True,True,-0.8188051122318818,3.914491120551112,1.0,0.0,0.9197931240228547
133,1768531707424,14.086133433668207,17.09585962478298,17.68333904504661,17.68333904504661,17.68333904504661,0.8226194381713867,0.8260395021994229,ok,True,True,-7.23998651883244,3.0097261911147744,1.0,0.0,0.9197931240228547
134,1768531707458,12.807958813929117,14.523119138270662,14.848885681966529,14.848885681966529,14.848885681966529,0.8108457326889038,0.8169232404931115,ok,True,True,-10.80063409733777,1.7151603243415448,1.0,0.0,0.9197931240228547
135,1768531707492,9.166323536822585,11.309041777401816,11.663930418767025,11.663930418767025,11.663930418767025,0.7246891260147095,0.7615827718060703,ok,True,True,-14.679589784240417,2.1427182405792315,1.0,0.0,0.9197931240228547
136,1768531707525,8.36459766705487,9.542375311193648,9.72454326557116,9.72454326557116,9.72454326557116,0.8980816006660461,0.8434820691220558,ok,True,True,-16.67069811654391,1.1777776441387786,1.0,0.0,0.9197931240228547
137,1768531707558,6.310944674480854,7.603516929165972,7.778218517023134,7.778218517023134,7.778218517023134,0.9268589615821838,0.8935082045981326,ok,True,True,-18.580199304776364,1.2925722546851173,1.0,0.0,0.9197931240228547
138,1768531707591,6.5937142200639975,6.997635303704787,7.015631083393074,7.015631083393074,7.015631083393074,0.7823877334594727,0.8268359219149366,ok,True,True,-18.77689456973473,0.4039210836407898,1.0,0.0,0.9197931240228547
139,1768531707624,7.613762293001364,7.367311497282733,7.25820764505945,7.25820764505945,7.25820764505945,0.906578779220581,0.8746816362983232,ok,True,True,-17.58438062768498,0.24645079571863082,1.0,0.0,0.9197931240228547
140,1768531707658,9.861210757945596,8.863651053680451,8.619055619734057,8.619055619734057,8.619055619734057,0.8695366382598877,0.8715946374752619,ok,True,True,-14.910931922943082,0.9975597042651447,1.0,0.0,0.9197931240228547
141,1768531707691,12.475281237079523,11.030629163719894,10.70601024204474,10.70601024204474,10.70601024204474,0.8393518924713135,0.8522489904728928,ok,True,True,-11.36281878785132,1.444652073359629,1.0,0.0,0.9197931240228547
142,1768531707724,15.345943525652995,13.619817780879755,13.252346068798195,13.252346068798195,13.252346068798195,0.8593909740447998,0.8565341806160369,ok,True,True,-7.3463199198145945,1.72612574477324,1.0,0.0,0.9197931240228547
143,1768531707758,18.722708713002753,16.68155234015355,16.271501064113885,16.271501064113885,16.271501064113885,0.8727105259895325,0.8662399878401342,ok,True,True,-2.864421577050689,2.0411563728492013,1.0,0.0,0.9197931240228547
144,1768531707791,24.429071507967237,21.33006384084176,20.754839561471755,20.754839561471755,20.754839561471755,0.847237765789032,0.8548386546094728,ok,True,True,3.42283424691124,3.099007667125477,1.0,0.0,0.9197931240228547
145,1768531707824,31.484741674048358,27.422870540765718,26.69140923794286,26.69140923794286,26.69140923794286,0.8549851775169373,0.8549265683539515,ok,True,True,11.417777019342573,4.06187113328264,1.0,0.0,0.9197931240228547
146,1768531707858,38.109702914270436,33.83496996486855,33.080179396031866,33.080179396031866,33.080179396031866,0.7528868913650513,0.7937027621606114,ok,True,True,19.667712327069488,4.274732949401887,1.0,0.0,0.9197931240228547
147,1768531707891,42.277479876848126,38.900475912056294,38.32406163075299,38.32406163075299,38.32406163075299,0.6749016046524048,0.7224220676556874,ok,True,True,25.96797820592444,3.3770039647918324,1.0,0.0,0.9197931240228547
148,1768531707924,42.260894249218175,40.91672691435342,40.72397528701116,40.72397528701116,40.72397528701116,0.7568981647491455,0.7431077259117622,ok,True,True,28.07477311214344,1.344167334864757,1.0,0.0,0.9197931240228547
149,1768531707958,40.7829886766286,40.83648397171852,40.92837143069565,40.92837143069565,40.92837143069565,0.7544389963150024,0.7499064881537063,ok,True,True,27.070433704079953,0.0534952950899239,1.0,0.0,0.9197931240228547
150,1768531707991,37.11511171598838,38.60366061828043,38.963821021263286,38.963821021263286,38.963821021263286,0.8059454560279846,0.7835298688782733,ok,True,True,23.133842877445556,1.4885489022920524,1.0,0.0,0.9197931240228547
151,1768531708025,31.836591841127042,34.5434193519884,35.12282731245093,35.12282731245093,35.12282731245093,0.8021218776702881,0.7946850741534821,ok,True,True,16.800852673563366,2.7068275108613555,1.0,0.0,0.9197931240228547
152,1768531708058,25.92054555405429,29.36969507322793,30.074284219826804,30.074284219826804,30.074284219826804,0.6633411645889282,0.7158787284147499,ok,True,True,9.099618140594426,3.449149519173641,1.0,0.0,0.9197931240228547
153,1768531708091,18.728272135940664,22.984841310855572,23.809921043999545,23.809921043999545,23.809921043999545,0.7691953182220459,0.7478686822991274,ok,True,True,0.08140785160410502,4.256569174914908,1.0,0.0,0.9197931240228547
154,1768531708124,13.90344736697652,17.53600494452814,18.236516995911312,18.236516995911312,18.236516995911312,0.8431859612464905,0.8050590496675452,ok,True,True,-7.575264880074132,3.632557577551621,1.0,0.0,0.9197931240228547
155,1768531708162,11.183956708578089,13.72477600295811,14.20013357469169,14.20013357469169,14.20013357469169,0.8319940567016602,0.8212200538880141,ok,True,True,-12.77097509634805,2.5408192943800216,1.0,0.0,0.9197931240228547
156,1768531708191,9.517371454825582,11.200333274078595,11.48761943556697,11.48761943556697,11.48761943556697,0.897159218788147,0.8667835528280938,ok,True,True,-15.911044450004715,1.6829618192530127,1.0,0.0,0.9197931240228547
157,1768531708225,6.412917508079545,8.327883814479165,8.621338052650165,8.621338052650165,8.621338052650165,0.8177710771560669,0.8373760674248776,ok,True,True,-19.11853175362689,1.91496630639962,1.0,0.0,0.9197931240228547
158,1768531708258,4.944609857402719,6.297919440233297,6.486102810206168,6.486102810206168,6.486102810206168,0.9298193454742432,0.8928420342544969,ok,True,True,-21.175396928877422,1.353309582830578,1.0,0.0,0.9197931240228547
159,1768531708291,4.6756820150747185,5.324576985138149,5.375433706787436,5.375433706787436,5.375433706787436,0.9488890767097473,0.9264702597276471,ok,True,True,-21.731266583674206,0.6488949700634308,1.0,0.0,0.9197931240228547
160,1768531708325,5.063836859527772,5.1681329097719235,5.110424058096888,5.110424058096888,5.110424058096888,0.9278727769851685,0.9273117700821598,ok,True,True,-21.100502352810487,0.10429605024415167,1.0,0.0,0.9197931240228547
161,1768531708358,6.531528289900085,5.98617013784882,5.809932901777822,5.809932901777822,5.809932901777822,0.8851280212402344,0.9020015207770046,ok,True,True,-19.174209487418555,0.5453581520512651,1.0,0.0,0.9197931240228547
162,1768531708391,8.33557717875177,7.39581436239059,7.147487694352183,7.147487694352183,7.147487694352183,0.8834579586982727,0.8908753835297655,ok,True,True,-16.45997089871908,0.9397628163611795,1.0,0.0,0.9197931240228547
163,1768531708424,10.494278293047943,9.254892720785001,8.958458232569399,8.958458232569399,8.958458232569399,0.9145122170448303,0.9050574836388044,ok,True,True,-13.21990827953109,1.2393855722629414,1.0,0.0,0.9197931240228547
164,1768531708458,12.408345759851581,11.14696454422495,10.853532358073904,10.853532358073904,10.853532358073904,0.8783181309700012,0.8890138720375225,ok,True,True,-10.012661063010983,1.2613812156266313,1.0,0.0,0.9197931240228547
165,1768531708492,14.550757729871856,13.189240455613094,12.891311252369814,12.891311252369814,12.891311252369814,0.8717594146728516,0.87866119761872,ok,True,True,-6.756260845215969,1.3615172742587625,1.0,0.0,0.9197931240228547
166,1768531708524,18.52741919706405,16.39214770048367,15.97629722214499,15.97629722214499,15.97629722214499,0.8617801070213318,0.8685325432602871,ok,True,True,-2.2109675057249616,2.13527149658038,1.0,0.0,0.9197931240228547
167,1768531708558,24.164753691124883,21.0557112948684,20.480590914647685,20.480590914647685,20.480590914647685,0.8516567945480347,0.8584070940329356,ok,True,True,4.075164243819049,3.109042396256484,1.0,0.0,0.9197931240228547
168,1768531708591,31.78990443296154,27.49622717772428,26.728397764272216,26.728397764272216,26.728397764272216,0.8653017282485962,0.862543874562332,ok,True,True,12.467628018663994,4.2936772552372595,1.0,0.0,0.9197931240228547
169,1768531708624,39.30289145257864,34.5802257426369,33.75029373957846,33.75029373957846,33.75029373957846,0.7702950239181519,0.8071945641758239,ok,True,True,21.538880414759156,4.722665709941744,1.0,0.0,0.9197931240228547
170,1768531708691,39.4326581472705,37.49168518541706,37.15425119164836,37.15425119164836,37.15425119164836,0.84759521484375,0.8314349545765796,ok,True,True,25.227072902016438,1.94097296185344,1.0,0.0,0.9197931240228547
171,1768531708724,36.25517046764149,36.74977635475172,36.888768425425106,36.888768425425106,36.888768425425106,0.8726810216903687,0.8561825948448529,ok,True,True,23.70787350729008,0.49460588711022524,1.0,0.0,0.9197931240228547
172,1768531708758,29.6352087506447,32.48103579228751,33.06116529895773,33.06116529895773,33.06116529895773,0.9006116390228271,0.8828400213516374,ok,True,True,17.36699086535157,2.8458270416428064,1.0,0.0,0.9197931240228547
173,1768531708793,23.29644114807518,26.970279005760112,27.71466979312796,27.71466979312796,27.71466979312796,0.8741370439529419,0.8776182349124201,ok,True,True,9.230713308257712,3.6738378576849335,1.0,0.0,0.9197931240228547
174,1768531708825,17.34201480014965,21.193320482393837,21.95548500843238,21.95548500843238,21.95548500843238,0.8402536511421204,0.8551994846502402,ok,True,True,0.9001666270767714,3.8513056822441882,1.0,0.0,0.9197931240228547
175,1768531708858,11.970596807683437,15.659686277567596,16.36568650538156,16.36568650538156,16.36568650538156,0.8800202012062073,0.8700919145838205,ok,True,True,-6.816497844559177,3.689089469884159,1.0,0.0,0.9197931240228547
176,1768531708891,9.052305340290395,11.695257715201276,12.191148621609663,12.191148621609663,12.191148621609663,0.8522897958755493,0.8594106433588578,ok,True,True,-12.236643089498964,2.6429523749108803,1.0,0.0,0.9197931240228547
177,1768531708927,6.8635315124541725,8.796221993553015,9.129594602360314,9.129594602360314,9.129594602360314,0.8684455156326294,0.8648315667231207,ok,True,True,-15.880444485289999,1.9326904810988426,1.0,0.0,0.9197931240228547
178,1768531708958,5.011696483007239,6.525506687225549,6.757060918010318,6.757060918010318,6.757060918010318,0.9341248273849487,0.9064075231202176,ok,True,True,-18.41135918571928,1.5138102042183101,1.0,0.0,0.9197931240228547
179,1768531708996,4.214330662563908,5.138801072428564,5.250915041480508,5.250915041480508,5.250915041480508,0.9301087856292725,0.9206282806256505,ok,True,True,-19.636777929235887,0.9244704098646563,1.0,0.0,0.9197931240228547
180,1768531709024,3.5673516634172278,4.195931427021763,4.2406213461437545,4.2406213461437545,4.2406213461437545,0.9347348213195801,0.9290922050420082,ok,True,True,-20.125243955178437,0.6285797636045349,1.0,0.0,0.9197931240228547
181,1768531709058,5.348408558831662,4.887417706107702,4.7403608955060275,4.7403608955060275,4.7403608955060275,0.9275508522987366,0.9281673933960453,ok,True,True,-18.5178958613846,0.4609908527239597,1.0,0.0,0.9197931240228547
182,1768531709091,5.342345183571219,5.160374192585812,5.044607500295171,5.044607500295171,5.044607500295171,0.9173569083213806,0.9216811023512466,ok,True,True,-17.25255240345148,0.18197099098540637,1.0,0.0,0.9197931240228547
183,1768531709125,7.3274523873668205,6.460621109454417,6.23840175819935,6.23840175819935,6.23840175819935,0.9245924949645996,0.9234279379192584,ok,True,True,-14.823668946281849,0.8668312779124037,1.0,0.0,0.9197931240228547
184,1768531709160,8.48518500456913,7.675359446523245,7.459838566494867,7.459838566494867,7.459838566494867,0.9283929467201233,0.9264069431997773,ok,True,True,-12.46800055065718,0.8098255580458851,1.0,0.0,0.9197931240228547
185,1768531709191,9.43478630722265,8.731015562942888,8.542760457455147,8.542760457455147,8.542760457455147,0.9230020642280579,0.9243640158167457,ok,True,True,-10.410350247076497,0.7037707442797618,1.0,0.0,0.9197931240228547
186,1768531709225,11.685106591321876,10.50347017997028,10.245913709128986,10.245913709128986,10.245913709128986,0.8741160035133362,0.8942152084346999,ok,True,True,-7.595227910205988,1.1816364113515956,1.0,0.0,0.9197931240228547
187,1768531709258,14.427252066009807,12.857739311593996,12.537986998689941,12.537986998689941,12.537986998689941,0.8381588459014893,0.8605813909147735,ok,True,True,-4.100297735919674,1.5695127544158112,1.0,0.0,0.9197931240228547
188,1768531709291,18.618712816517547,16.314323414548127,15.877606130882283,15.877606130882283,15.877606130882283,0.8753793835639954,0.8694601865043067,ok,True,True,0.6730732630184537,2.30438940196942,1.0,0.0,0.9197931240228547
189,1768531709324,25.869166732815746,22.0472294055087,21.36116395629423,21.36116395629423,21.36116395629423,0.8626197576522827,0.8653559291930922,ok,True,True,8.171848902985992,3.8219373273070474,1.0,0.0,0.9197931240228547
190,1768531709358,34.974769316047414,29.80375335183193,28.891907387596163,28.891907387596163,28.891907387596163,0.6892635822296143,0.7597005210150054,ok,True,True,18.138432018610526,5.171015964215485,1.0,0.0,0.9197931240228547
191,1768531709391,42.3420783676382,37.326748361315694,36.45284498505416,36.45284498505416,36.45284498505416,0.7229960560798645,0.7376778420539208,ok,True,True,27.690298230021657,5.0153300063225075,1.0,0.0,0.9197931240228547
192,1768531709425,42.03545063215203,40.151969723817494,39.84213755334864,39.84213755334864,39.84213755334864,0.8211759328842163,0.787776696552098,ok,True,True,31.076800133176764,1.8834809083345334,1.0,0.0,0.9197931240228547
193,1768531709457,41.22490002255176,40.79572790305805,40.80491344302414,40.80491344302414,40.80491344302414,0.7062296867370605,0.7388484906630756,ok,True,True,30.976401105559717,0.4291721194937068,1.0,0.0,0.9197931240228547
194,1768531709491,38.62627574482435,39.49405660811783,39.755595433907985,39.755595433907985,39.755595433907985,0.7846121788024902,0.7663067035467244,ok,True,True,28.117751103635655,0.8677808632934827,1.0,0.0,0.9197931240228547
195,1768531709526,32.97148942666778,35.5805162992478,36.151085868686565,36.151085868686565,36.151085868686565,0.7728244662284851,0.7702173611557808,ok,True,True,21.881358864064296,2.609026872580017,1.0,0.0,0.9197931240228547
196,1768531709559,24.999743830538097,29.232052818021977,30.085664488702207,30.085664488702207,30.085664488702207,0.881400465965271,0.8369272240414749,ok,True,True,12.55128328365143,4.232308987483879,1.0,0.0,0.9197931240228547
197,1768531709591,17.286677054124567,22.064827359683534,23.00669754308384,23.00669754308384,23.00669754308384,0.8747295141220093,0.8596085980897955,ok,True,True,2.2565318034592945,4.778150305558967,1.0,0.0,0.9197931240228547
198,1768531709624,14.207366058482478,17.350350578962903,17.990029863480444,17.990029863480444,17.990029863480444,0.8965276479721069,0.8817600280191823,ok,True,True,-4.7352377476999035,3.142984520480425,1.0,0.0,0.9197931240228547
199,1768531709658,11.380891416461862,13.768675081462279,14.222189185123245,14.222189185123245,14.222189185123245,0.7539067268371582,0.8050480473099678,ok,True,True,-9.692200058945986,2.3877836650004163,1.0,0.0,0.9197931240228547
200,1768531709695,9.526992630334721,11.223665610785744,11.522262972377858,11.522262972377858,11.522262972377858,0.8794646263122559,0.8496979947113406,ok,True,True,-12.955904224368123,1.696672980451023,1.0,0.0,0.9197931240228547
201,1768531709724,7.9912262965110274,9.284202022220914,9.485785214820813,9.485785214820813,9.485785214820813,0.931492269039154,0.8987745593080286,ok,True,True,-15.159232152267208,1.2929757257098862,1.0,0.0,0.9197931240228547
202,1768531709757,7.987831271437107,8.50637957175063,8.559291930721358,8.559291930721358,8.559291930721358,0.9339706897735596,0.9198922375873472,ok,True,True,-15.737570439544399,0.5185483003135225,1.0,0.0,0.9197931240228547
203,1768531709824,9.034353563872132,8.823163967023532,8.735167041965909,8.735167041965909,8.735167041965909,0.9135939478874207,0.9161132637673912,ok,True,True,-14.775753730678534,0.21118959684859995,1.0,0.0,0.9197931240228547
204,1768531709858,11.200280733248585,10.249434026758564,10.02546318991758,10.02546318991758,10.02546318991758,0.8133713006973267,0.8544680859253525,ok,True,True,-12.327726220789868,0.9508467064900206,1.0,0.0,0.9197931240228547
205,1768531709891,13.776738520210825,12.36581672282992,12.058756527086167,12.058756527086167,12.058756527086167,0.8132625818252563,0.8297447834652948,ok,True,True,-8.971522272700327,1.4109217973809063,1.0,0.0,0.9197931240228547
206,1768531709924,15.138660967372685,14.029523269555579,13.776197118221322,13.776197118221322,13.776197118221322,0.8694407939910889,0.8535623897807713,ok,True,True,-6.202637729695723,1.109137697817106,1.0,0.0,0.9197931240228547
207,1768531709957,17.568836192802298,16.15311102350361,15.864757091601971,15.864757091601971,15.864757091601971,0.7751985192298889,0.8065440674502419,ok,True,True,-3.0508954354914435,1.415725169298689,1.0,0.0,0.9197931240228547
208,1768531709991,21.87808222245849,19.588093742876538,19.161195572861132,19.161195572861132,19.161195572861132,0.7854396104812622,0.7938813932688541,ok,True,True,1.6151516322352624,2.289988479581954,1.0,0.0,0.9197931240228547
209,1768531710024,29.529637423003617,25.553019950952784,24.84566017038767,24.84566017038767,24.84566017038767,0.8402889966964722,0.821725955325425,ok,True,True,9.346677001131727,3.976617472050833,1.0,0.0,0.9197931240228547
210,1768531710057,39.81708078950189,34.111456454082244,33.11210594708596,33.11210594708596,33.11210594708596,0.73758864402771,0.771243568546796,ok,True,True,20.269695262408526,5.7056243354196425,1.0,0.0,0.9197931240228547
211,1768531710091,44.90459562356061,40.58733995576927,39.8284636099646,39.8284636099646,39.8284636099646,0.6639993190765381,0.7068970188646413,ok,True,True,28.564302738277647,4.317255667791343,1.0,0.0,0.9197931240228547
212,1768531710124,45.94761243633883,43.803503444111,43.46612886738157,43.46612886738157,43.46612886738157,0.565477728843689,0.6220454448520699,ok,True,True,32.25184643722366,2.144108992227828,1.0,0.0,0.9197931240228547
213,1768531710157,42.13423772304437,42.80194401147102,42.99605503606873,42.99605503606873,42.99605503606873,0.626700222492218,0.6248383114361588,ok,True,True,30.13019016777449,0.6677062884266505,1.0,0.0,0.9197931240228547
214,1768531710191,40.938776145688394,41.68404329200145,41.94256292772337,41.94256292772337,41.94256292772337,0.7992532849311829,0.7294872955331733,ok,True,True,27.304540222363368,0.7452671463130542,1.0,0.0,0.9197931240228547
215,1768531710224,32.07697589387807,35.91980285312742,36.69356011678474,36.69356011678474,36.69356011678474,0.8058949708938599,0.7753319007495851,ok,True,True,18.8472825588807,3.8428269592493507,1.0,0.0,0.9197931240228547
216,1768531710257,25.65875075242098,29.763171592703557,30.60676319552459,30.60676319552459,30.60676319552459,0.7990990877151489,0.7895922129289235,ok,True,True,9.626727373738788,4.104420840282579,1.0,0.0,0.9197931240228547
217,1768531710291,19.36950749677736,23.52697313514784,24.352936473717772,24.352936473717772,24.352936473717772,0.8087849020957947,0.8011078264290461,ok,True,True,0.5988511830300087,4.157465638370482,1.0,0.0,0.9197931240228547
218,1768531710324,13.83855820623149,17.71392417779803,18.457108273734576,18.457108273734576,18.457108273734576,0.8260060548782349,0.8160467634985593,ok,True,True,-7.524238175778201,3.8753659715665414,1.0,0.0,0.9197931240228547
219,1768531710357,11.180381468132095,13.79379855199847,14.286261977603756,14.286261977603756,14.286261977603756,0.7998450994491577,0.8063257650689184,ok,True,True,-12.906921194300246,2.6134170838663753,1.0,0.0,0.9197931240228547
220,1768531710393,9.354241662703531,11.130064418421508,11.434299757129118,11.434299757129118,11.434299757129118,0.8436517119407654,0.8287213331920266,ok,True,True,-16.23224914031479,1.7758227557179769,1.0,0.0,0.9197931240228547
221,1768531710425,7.122564949515371,8.725564737077825,8.96748946498218,8.96748946498218,8.96748946498218,0.8949143290519714,0.8684371307079934,ok,True,True,-18.87651480013518,1.602999787562454,1.0,0.0,0.9197931240228547
222,1768531710458,7.327632602738894,7.886805456474466,7.937192044789567,7.937192044789567,7.937192044789567,0.8756479024887085,0.8727635937764225,ok,True,True,-19.427246122099476,0.5591728537355722,1.0,0.0,0.9197931240228547
223,1768531710494,6.663318047478462,7.152713011076864,7.167992391437416,7.167992391437416,7.167992391437416,0.9101706147193909,0.8952078063422035,ok,True,True,-19.594251542135922,0.48939496359840184,1.0,0.0,0.9197931240228547
224,1768531710558,10.428447361648844,9.118153621420053,8.827608359156422,8.827608359156422,8.827608359156422,0.8053317666053772,0.8412821825001078,ok,True,True,-16.418557736221636,1.3102937402287917,1.0,0.0,0.9197931240228547
225,1768531710591,13.26348514054255,11.605352532893551,11.234257978201185,11.234257978201185,11.234257978201185,0.848325252532959,0.8455080245198185,ok,True,True,-12.362450712895505,1.658132607648998,1.0,0.0,0.9197931240228547
226,1768531710624,14.833480768262206,13.542229474114743,13.238654138412418,13.238654138412418,13.238654138412418,0.7397401332855225,0.782047289779241,ok,True,True,-9.044336674864427,1.2912512941474628,1.0,0.0,0.9197931240228547
227,1768531710657,17.548634630932654,15.94607256820549,15.610260491183276,15.610260491183276,15.610260491183276,0.6055206060409546,0.6761312795362692,ok,True,True,-5.373871271536425,1.6025620627271628,1.0,0.0,0.9197931240228547
228,1768531710691,22.64115480161577,19.963121908251658,19.457322781960404,19.457322781960404,19.457322781960404,0.8155010938644409,0.7597531681331722,ok,True,True,0.15457252562091828,2.6780328933641115,1.0,0.0,0.9197931240228547
229,1768531710724,29.22062038048768,25.517620991593272,24.841827986597263,24.841827986597263,24.841827986597263,0.7745758295059204,0.7686467649568212,ok,True,True,7.541069363368743,3.7029993888944084,1.0,0.0,0.9197931240228547
230,1768531710757,37.88454415376016,32.93777488889341,32.06226981108838,32.06226981108838,32.06226981108838,0.5895026922225952,0.6611603213162855,ok,True,True,17.110442590421385,4.946769264866752,1.0,0.0,0.9197931240228547
231,1768531710791,43.618950785979074,39.34648042714481,38.597170420444726,38.597170420444726,38.597170420444726,0.7653967142105103,0.7237021570528204,ok,True,True,25.300488883765766,4.272470358834262,1.0,0.0,0.9197931240228547
232,1768531710824,45.30670262585169,42.92261374636894,42.533989814991585,42.533989814991585,42.533989814991585,0.6312061548233032,0.6682045557151102,ok,True,True,29.548194053034504,2.3840888794827535,1.0,0.0,0.9197931240228547
233,1768531710857,46.862833296719806,45.286745476579455,45.08944591795746,45.08944591795746,45.08944591795746,0.6391104459762573,0.6507480898717984,ok,True,True,31.704701379080518,1.5760878201403514,1.0,0.0,0.9197931240228547
234,1768531710891,42.89113647235832,43.84938007404677,44.10572760448971,44.10572760448971,44.10572760448971,0.6755649447441101,0.6656382027951855,ok,True,True,28.90279279247012,0.9582436016884515,1.0,0.0,0.9197931240228547
235,1768531710925,37.32898085544806,39.93714054288754,40.50990607748758,40.50990607748758,40.50990607748758,0.6953178644180298,0.6834459997688921,ok,True,True,22.642398292865522,2.608159687439482,1.0,0.0,0.9197931240228547
236,1768531710958,33.235504946756976,35.9161591852092,36.51308527418941,36.51308527418941,36.51308527418941,0.816024124622345,0.7629928746809638,ok,True,True,16.117926098736856,2.6806542384522274,1.0,0.0,0.9197931240228547
237,1768531710991,25.24431353064054,29.513051792468005,30.354262429981347,30.354262429981347,30.354262429981347,0.7644803524017334,0.7638853613134255,ok,True,True,6.9233951252075485,4.268738261827465,1.0,0.0,0.9197931240228547
238,1768531711024,21.71788238348243,24.83595014707666,25.477585604482613,25.477585604482613,25.477585604482613,0.8099237680435181,0.791508405351481,ok,True,True,-0.08975571230955381,3.1180677635942295,1.0,0.0,0.9197931240228547
239,1768531711062,15.552633117225188,19.265959929165774,19.958883179722825,19.958883179722825,19.958883179722825,0.750662088394165,0.7670006151770914,ok,True,True,-7.663488147163291,3.7133268119405862,1.0,0.0,0.9197931240228547
240,1768531711091,14.904799548410928,16.649263700712865,16.990128596094237,16.990128596094237,16.990128596094237,0.7072744369506836,0.7311649082412467,ok,True,True,-11.389181450194478,1.744464152301937,1.0,0.0,0.9197931240228547
241,1768531711124,13.03644865212323,14.481574671559084,14.719175153143487,14.719175153143487,14.719175153143487,0.85162353515625,0.8034400843902487,ok,True,True,-13.986182593609204,1.445126019435854,1.0,0.0,0.9197931240228547
242,1768531711158,11.425305785579587,12.647813339971385,12.82695898720493,12.82695898720493,12.82695898720493,0.842536449432373,0.8268979034155233,ok,True,True,-15.94426553860224,1.2225075543917985,1.0,0.0,0.9197931240228547
243,1768531711194,11.261559773153024,11.81606119988037,11.869567791991642,11.869567791991642,11.869567791991642,0.8066864013671875,0.8147710021865218,ok,True,True,-16.529098868786903,0.5545014267273451,1.0,0.0,0.9197931240228547
244,1768531711224,11.29110928077415,11.501090048416637,11.48072274941065,11.48072274941065,11.48072274941065,0.8832436203956604,0.855854573112005,ok,True,True,-16.30648190076987,0.20998076764248808,1.0,0.0,0.9197931240228547
245,1768531711257,12.678529296385005,12.207553597197657,12.065771035330776,12.065771035330776,12.065771035330776,0.7791799902915955,0.8098498234197593,ok,True,True,-14.756781862896148,0.4709756991873473,1.0,0.0,0.9197931240228547
246,1768531711291,14.471678061925731,13.566028276034501,13.34369159572062,13.34369159572062,13.34369159572062,0.7696883678436279,0.7857529500740805,ok,True,True,-12.326615858198432,0.9056497858912298,1.0,0.0,0.9197931240228547
247,1768531711324,17.008023395103642,15.631225347475986,15.33006430807292,15.33006430807292,15.33006430807292,0.8371252417564392,0.8165763250834958,ok,True,True,-9.034890359406939,1.3767980476276556,1.0,0.0,0.9197931240228547
248,1768531711357,19.053415547557723,17.684539467525028,17.388153259558745,17.388153259558745,17.388153259558745,0.5919209718704224,0.6817831131556518,ok,True,True,-5.795354328459668,1.3688760800326953,1.0,0.0,0.9197931240228547
249,1768531711391,23.847452554892616,21.38228731994558,20.914956454597245,20.914956454597245,20.914956454597245,0.7569432854652405,0.726879216541405,ok,True,True,-0.6873731336751083,2.4651652349470368,1.0,0.0,0.9197931240228547
250,1768531711424,28.81504859233349,25.841944083378326,25.28950357159347,25.28950357159347,25.28950357159347,0.7269012928009033,0.726892462297104,ok,True,True,5.350866483469174,2.9731045089551635,1.0,0.0,0.9197931240228547
251,1768531711491,41.80747237307864,35.421261057198514,34.310398473566295,34.310398473566295,34.310398473566295,0.8871788382530212,0.8230642878706543,ok,True,True,17.492724871220346,6.386211315880125,1.0,0.0,0.9197931240228547
252,1768531711524,46.486032020707455,42.06012363530388,41.26028139904025,41.26028139904025,41.26028139904025,0.8005726337432861,0.8095692953942335,ok,True,True,26.23509436716313,4.425908385403574,1.0,0.0,0.9197931240228547
253,1768531711558,47.75593417352841,45.4776099582386,45.10452925812889,45.10452925812889,45.10452925812889,0.6654274463653564,0.7230841859769073,ok,True,True,30.312910196723905,2.278324215289807,1.0,0.0,0.9197931240228547
254,1768531711591,48.56817648226654,47.33194987265536,47.19612597295755,47.19612597295755,47.19612597295755,0.6625454425811768,0.686760939939469,ok,True,True,31.797481358033178,1.2362266096111796,1.0,0.0,0.9197931240228547
255,1768531711624,45.68678265895599,46.34484954443574,46.558150850348675,46.558150850348675,46.558150850348675,0.5652190446853638,0.6138358027870059,ok,True,True,29.46607305555963,0.658066885479748,1.0,0.0,0.9197931240228547
256,1768531711658,40.99549166729998,43.13523481815429,43.626874218517735,43.626874218517735,43.626874218517735,0.7993741035461426,0.7251587832424878,ok,True,True,24.092396720430113,2.139743150854308,1.0,0.0,0.9197931240228547
257,1768531711692,35.35409360726881,38.466550091623006,39.13210412769168,39.13210412769168,39.13210412769168,0.6799607872962952,0.6980399856747722,ok,True,True,16.81781300979667,3.1124564843541975,1.0,0.0,0.9197931240228547
258,1768531711724,29.744058835377718,33.23305533787583,33.95399276934508,33.95399276934508,33.95399276934508,0.7077118158340454,0.7038430837703361,ok,True,True,8.93788228868843,3.4889965024981144,1.0,0.0,0.9197931240228547
259,1768531711758,24.0280748649041,27.710067054092793,28.440179934069285,28.440179934069285,28.440179934069285,0.7964150309562683,0.7593862520818955,ok,True,True,0.957662838712368,3.681992189188694,1.0,0.0,0.9197931240228547
260,1768531711791,18.143362798975915,21.970044501022663,22.695715714566997,22.695715714566997,22.695715714566997,0.6706229448318481,0.7061282677318671,ok,True,True,-6.97400867600167,3.8266817020467485,1.0,0.0,0.9197931240228547
261,1768531711824,15.800452507424072,18.268289304863508,18.736473614934546,18.736473614934546,18.736473614934546,0.7112201452255249,0.7091833942280618,ok,True,True,-12.091318122109303,2.4678367974394355,1.0,0.0,0.9197931240228547
262,1768531711859,13.052836624183815,15.139017696455692,15.495534508095973,15.495534508095973,15.495534508095973,0.815884530544281,0.7732040760177933,ok,True,True,-15.988088707248496,2.086181072271877,1.0,0.0,0.9197931240228547
263,1768531711891,11.354324182578617,12.868201588129448,13.101949649795637,13.101949649795637,13.101949649795637,0.7623320817947388,0.7666808794839606,ok,True,True,-18.542982449414165,1.513877405550831,1.0,0.0,0.9197931240228547
264,1768531711924,11.559984802510257,12.083271516757934,12.127978664182486,12.127978664182486,12.127978664182486,0.7623538374900818,0.7640846542876334,ok,True,True,-19.03163681673237,0.5232867142476767,1.0,0.0,0.9197931240228547
265,1768531711957,12.038561256551931,12.056445360634331,11.993627187789091,11.993627187789091,11.993627187789091,0.748525857925415,0.7547493764703024,ok,True,True,-18.345026816404115,0.017884104082400043,1.0,0.0,0.9197931240228547
266,1768531711991,13.320462265113598,12.81485550332189,12.654953758428094,12.654953758428094,12.654953758428094,0.6791161298751831,0.7093694285132308,ok,True,True,-16.597281981725025,0.5056067617917073,1.0,0.0,0.9197931240228547
267,1768531712024,14.748081935495275,13.974791362625922,13.765743614989937,13.765743614989937,13.765743614989937,0.7981774210929871,0.7626542240610845,ok,True,True,-14.312365570240916,0.7732905728693531,1.0,0.0,0.9197931240228547
268,1768531712057,17.59847871480901,16.149003773935775,15.829771642778237,15.829771642778237,15.829771642778237,0.7433856725692749,0.7510930931659987,ok,True,True,-10.823120917740333,1.449474940873234,1.0,0.0,0.9197931240228547
269,1768531712091,20.451474083520075,18.730485959686355,18.366483368489305,18.366483368489305,18.366483368489305,0.6703704595565796,0.7026595130003472,ok,True,True,-6.844529883600762,1.7209881238337204,1.0,0.0,0.9197931240228547
270,1768531712124,22.7244724375052,21.12687784637766,20.79333705384781,20.79333705384781,20.79333705384781,0.8531942367553711,0.7929803472533616,ok,True,True,-3.198889883300397,1.5975945911275389,1.0,0.0,0.9197931240228547
271,1768531712157,30.100176037395197,26.510856760988183,25.86084443440687,25.86084443440687,25.86084443440687,0.7311968207359314,0.7559102313429036,ok,True,True,3.905821119220033,3.5893192764070143,1.0,0.0,0.9197931240228547
272,1768531712191,38.46468650346358,33.68315460647342,32.8246652396117,32.8246652396117,32.8246652396117,0.7375758290290833,0.7449095899546114,ok,True,True,13.289210634885634,4.78153189699016,1.0,0.0,0.9197931240228547
273,1768531712224,45.68158548016132,40.88221313068616,40.032377939414744,40.032377939414744,40.032377939414744,0.724732518196106,0.7328033468995081,ok,True,True,22.578008995870846,4.799372349475156,1.0,0.0,0.9197931240228547
274,1768531712258,48.96713262224587,45.733164825621984,45.180915549193514,45.180915549193514,45.180915549193514,0.7559090852737427,0.7466667899240489,ok,True,True,28.614158388642558,3.2339677966238867,1.0,0.0,0.9197931240228547
275,1768531712290,50.30116238052987,48.473963358566714,48.21288892818629,48.21288892818629,48.21288892818629,0.5196810960769653,0.6104753736157988,ok,True,True,31.46773254740302,1.8271990219631533,1.0,0.0,0.9197931240228547
276,1768531712324,48.732003882280495,48.628787672794985,48.69943738741811,48.69943738741811,48.69943738741811,0.6528879404067993,0.6359229136903992,ok,True,True,30.69552287647223,0.10321620948550958,1.0,0.0,0.9197931240228547
277,1768531712357,46.92483901151165,47.606418476024984,47.84260026892031,47.84260026892031,47.84260026892031,0.6753374338150024,0.6595716257651612,ok,True,True,28.114028166343864,0.6815794645133337,1.0,0.0,0.9197931240228547
278,1768531712391,40.82113620151741,43.53524911132044,44.12056723409396,44.12056723409396,44.12056723409396,0.6593014001846313,0.6594094904168433,ok,True,True,21.71643240267376,2.7141129098030277,1.0,0.0,0.9197931240228547
279,1768531712425,34.86625640846215,38.33385348960546,39.060477520096434,39.060477520096434,39.060477520096434,0.716881513595581,0.6938927043240859,ok,True,True,13.774346486684674,3.4675970811433103,1.0,0.0,0.9197931240228547
280,1768531712457,27.0733367820223,31.577543465055562,32.46393027975504,32.46393027975504,32.46393027975504,0.7481353282928467,0.7264382787053424,ok,True,True,4.0860345925812585,4.504206683033264,1.0,0.0,0.9197931240228547
281,1768531712491,19.9162751222524,24.580782459373665,25.47579310433302,25.47579310433302,25.47579310433302,0.7216047048568726,0.7235381343962605,ok,True,True,-5.696536778195636,4.664507337121265,1.0,0.0,0.9197931240228547
282,1768531712524,15.851581352501347,19.343261795250275,20.006499187451308,20.006499187451308,20.006499187451308,0.7741142511367798,0.753883804440572,ok,True,True,-12.945799299841024,3.491680442748928,1.0,0.0,0.9197931240228547
283,1768531712558,10.148811238180159,13.826591461008205,14.468147562094828,14.468147562094828,14.468147562094828,0.8204007148742676,0.7937939507007894,ok,True,True,-19.958082765506116,3.677780222828046,1.0,0.0,0.9197931240228547
284,1768531712591,8.281657902106888,10.499631325667416,10.868294800529828,10.868294800529828,10.868294800529828,0.8536175489425659,0.8296881096458553,ok,True,True,-23.98761780506808,2.2179734235605277,1.0,0.0,0.9197931240228547
285,1768531712624,6.632658180629395,8.179447438644603,8.390300951532923,8.390300951532923,8.390300951532923,0.8528367280960083,0.8435772807159471,ok,True,True,-26.292271442685976,1.5467892580152078,1.0,0.0,0.9197931240228547
286,1768531712657,6.191072385055792,6.986422406491316,7.045291376556762,7.045291376556762,7.045291376556762,0.8280735015869141,0.8342750132385273,ok,True,True,-26.935716193241554,0.7953500214355245,1.0,0.0,0.9197931240228547
287,1768531712690,6.088058953018348,6.447404334407535,6.413925745172931,6.413925745172931,6.413925745172931,0.903888463973999,0.8760430836798103,ok,True,True,-26.569791284498113,0.35934538138918715,1.0,0.0,0.9197931240228547
288,1768531712726,7.126785477261374,6.855033020119839,6.706957337371236,6.706957337371236,6.706957337371236,0.8654164671897888,0.8696671137857974,ok,True,True,-24.951306696715275,0.2717524571415355,1.0,0.0,0.9197931240228547
289,1768531712757,9.09424901479097,8.198562616922517,7.939265744637449,7.939265744637449,7.939265744637449,0.8939872980117798,0.8842592243213868,ok,True,True,-22.117161456498675,0.8956863978684524,1.0,0.0,0.9197931240228547
290,1768531712790,10.509096647351749,9.584883035180056,9.31894106188326,9.31894106188326,9.31894106188326,0.8637776970863342,0.8719703079803554,ok,True,True,-19.21038448248082,0.9242136121716928,1.0,0.0,0.9197931240228547
291,1768531712824,13.757688011362816,12.088566020889711,11.707991431713063,11.707991431713063,11.707991431713063,0.7754125595092773,0.8140356588977085,ok,True,True,-15.050659565795275,1.669121990473105,1.0,0.0,0.9197931240228547
292,1768531712857,15.865085878608738,14.354477935521128,14.003121449335072,14.003121449335072,14.003121449335072,0.6515969038009644,0.7165724058396621,ok,True,True,-11.210291943276253,1.51060794308761,1.0,0.0,0.9197931240228547
293,1768531712890,19.764214042015187,17.600319599417563,17.157144598281217,17.157144598281217,17.157144598281217,0.7819321155548096,0.7557882316687505,ok,True,True,-6.36633717827759,2.1638944425976234,1.0,0.0,0.9197931240228547
294,1768531712924,24.5121275408972,21.747404364305346,21.211417878859635,21.211417878859635,21.211417878859635,0.8244781494140625,0.7970021823159377,ok,True,True,-0.5079419991883611,2.764723176591854,1.0,0.0,0.9197931240228547
295,1768531712957,31.94459898299068,27.865721135516544,27.121168672160806,27.121168672160806,27.121168672160806,0.7911028861999512,0.7934626046463458,ok,True,True,7.630103791790139,4.078877847474136,1.0,0.0,0.9197931240228547
296,1768531712991,38.882280400954876,34.475656694779545,33.68323439811924,33.68323439811924,33.68323439811924,0.769203245639801,0.778906989242419,ok,True,True,16.29137247788077,4.406623706175331,1.0,0.0,0.9197931240228547
297,1768531713024,45.451921335349176,41.06141547912132,40.29857065195597,40.29857065195597,40.29857065195597,0.7930405735969543,0.7873871398551402,ok,True,True,24.62935595174388,4.390505856227854,1.0,0.0,0.9197931240228547
298,1768531713060,46.15155810353621,44.11550105377026,43.78113366005948,43.78113366005948,43.78113366005948,0.8100185990333557,0.8009660153620695,ok,True,True,28.284030799994614,2.036057049765951,1.0,0.0,0.9197931240228547
299,1768531713091,44.875929752602566,44.57175827306965,44.58874213430137,44.58874213430137,44.58874213430137,0.7621927261352539,0.7777020418259801,ok,True,True,28.09839520382925,0.30417147953291845,1.0,0.0,0.9197931240228547
300,1768531713124,43.17074352883151,43.73114942652676,43.93139428035059,43.93139428035059,43.93139428035059,0.6548879146575928,0.7040135655249478,ok,True,True,25.909695454610493,0.5604058976952544,1.0,0.0,0.9197931240228547
301,1768531713157,41.0045140627019,42.09516820823184,42.396492376034445,42.396492376034445,42.396492376034445,0.6833094358444214,0.691591087716632,ok,True,True,22.61618694285916,1.090654145529939,1.0,0.0,0.9197931240228547
302,1768531713191,34.37336736583829,37.46208770279571,38.09693586748722,38.09693586748722,38.09693586748722,0.6584951877593994,0.6717335477422924,ok,True,True,15.677222009083813,3.0887203369574223,1.0,0.0,0.9197931240228547
303,1768531713224,27.777153384161647,31.651127111615274,32.42884321116756,32.42884321116756,32.42884321116756,0.7796308994293213,0.7364719587545097,ok,True,True,7.176693783018029,3.8739737274536274,1.0,0.0,0.9197931240228547
304,1768531713257,22.388242873806007,26.093396568929712,26.827171773029583,26.827171773029583,26.827171773029583,0.7516284584999084,0.745565858601749,ok,True,True,-0.8435552996861642,3.7051536951237054,1.0,0.0,0.9197931240228547
305,1768531713291,19.14758098616622,21.925907219271615,22.469781491116347,22.469781491116347,22.469781491116347,0.7912254333496094,0.7729616034504652,ok,True,True,-6.788164909682826,2.778326233105396,1.0,0.0,0.9197931240228547
306,1768531713326,15.789017551395988,18.24377341854624,18.69016953216438,18.69016953216438,18.69016953216438,0.7963736653327942,0.7870088405798625,ok,True,True,-11.667326812081566,2.4547558671502525,1.0,0.0,0.9197931240228547
307,1768531713357,12.3310856858235,14.696160778912596,15.098512761730841,15.098512761730841,15.098512761730841,0.9015437364578247,0.8557297781066399,ok,True,True,-16.065081196656678,2.3650750930890965,1.0,0.0,0.9197931240228547
308,1768531713390,9.047079094500234,11.306711768265178,11.670135487520906,11.670135487520906,11.670135487520906,0.8828136920928955,0.8719801264983933,ok,True,True,-20.037345092613446,2.259632673764944,1.0,0.0,0.9197931240228547
309,1768531713424,7.490989117425812,9.017278177761558,9.238810827421341,9.238810827421341,9.238810827421341,0.8943567276000977,0.8854060871594159,ok,True,True,-22.458722948250912,1.5262890603357455,1.0,0.0,0.9197931240228547
310,1768531713457,6.115771426524132,7.2763741270191025,7.411843378137089,7.411843378137089,7.411843378137089,0.8888678550720215,0.8874831479069792,ok,True,True,-23.939417759063915,1.1606027004949704,1.0,0.0,0.9197931240228547
311,1768531713490,3.860027241065372,5.226565995446864,5.3813971917848,5.3813971917848,5.3813971917848,0.8534547090530396,0.8670660845946154,ok,True,True,-25.63174090308045,1.3665387543814922,1.0,0.0,0.9197931240228547
312,1768531713524,2.4140895501221853,3.539080128252057,3.649338956112118,3.649338956112118,3.649338956112118,0.913309633731842,0.8948122140769513,ok,True,True,-26.836882829468856,1.124990578129872,1.0,0.0,0.9197931240228547
313,1768531713557,1.816547696914919,2.5055606694497743,2.533374716339455,2.533374716339455,2.533374716339455,0.9243226647377014,0.9125184844734013,ok,True,True,-27.140893625700347,0.6890129725348553,1.0,0.0,0.9197931240228547
314,1768531713591,2.111176576660388,2.2689302137761427,2.1974740003032425,2.1974740003032425,2.1974740003032425,0.9280719757080078,0.9218505792141652,ok,True,True,-26.359868827700026,0.15775363711575485,1.0,0.0,0.9197931240228547
315,1768531713624,1.5041472561232616,1.8100604391844142,1.755233938063718,1.755233938063718,1.755233938063718,0.9615986347198486,0.9456994125175753,ok,True,True,-25.76060873705589,0.30591318306115256,1.0,0.0,0.9197931240228547
316,1768531713657,3.288971234153963,2.6974069161661434,2.4964194272643616,2.4964194272643616,2.4964194272643616,0.9266791939735413,0.9342872813911549,ok,True,True,-23.563791899292085,0.5915643179878196,1.0,0.0,0.9197931240228547
317,1768531713690,4.444180836147231,3.7454712681547955,3.5184067621402804,3.5184067621402804,3.5184067621402804,0.9405599236488342,0.9380508667457625,ok,True,True,-21.081950204583528,0.6987095679924353,1.0,0.0,0.9197931240228547
318,1768531713724,4.871430789542259,4.421046980987274,4.24187720828999,4.24187720828999,4.24187720828999,0.9639973640441895,0.9536187651248187,ok,True,True,-19.123603565046853,0.45038380855498517,1.0,0.0,0.9197931240228547
319,1768531713757,5.796243758436883,5.246165047457039,5.062936217177225,5.062936217177225,5.062936217177225,0.9414102435112,0.9462936521566474,ok,True,True,-17.120890949839335,0.550078710979844,1.0,0.0,0.9197931240228547
320,1768531713791,7.7109390723432325,6.725029462388755,6.475835858805662,6.475835858805662,6.475835858805662,0.9457248449325562,0.9459523678221926,ok,True,True,-14.397175622056285,0.9859096099544775,1.0,0.0,0.9197931240228547
321,1768531713824,8.510153553700102,7.796103917175563,7.5951929928922,7.5951929928922,7.5951929928922,0.9478415846824646,0.9470858979383557,ok,True,True,-12.20119564455582,0.714049636524539,1.0,0.0,0.9197931240228547
322,1768531713857,10.586932247890651,9.470600915604615,9.215902345018685,9.215902345018685,9.215902345018685,0.9329671859741211,0.9386146707598149,ok,True,True,-9.417310381473513,1.1163313322860358,1.0,0.0,0.9197931240228547
323,1768531713891,12.709224043628666,11.413774792419046,11.133443764875487,11.133443764875487,11.133443764875487,0.9531728029251099,0.9473495500589919,ok,True,True,-6.353259356106843,1.2954492512096198,1.0,0.0,0.9197931240228547
324,1768531713924,15.128464265352724,13.642588476179252,13.338916395954234,13.338916395954234,13.338916395954234,0.9608824253082275,0.9554692752085332,ok,True,True,-3.0340878860699587,1.4858757891734715,1.0,0.0,0.9197931240228547
325,1768531713957,17.881370341773238,16.185857595535644,15.856833291968467,15.856833291968467,15.856833291968467,0.9540842771530151,0.9546382763752224,ok,True,True,0.5621863599513004,1.6955127462375934,1.0,0.0,0.9197931240228547
326,1768531713993,22.563784273004803,20.01261360201714,19.550893388156606,19.550893388156606,19.550893388156606,0.9769090414047241,0.9680007353929234,ok,True,True,5.608842476146239,2.5511706709876627,1.0,0.0,0.9197931240228547
327,1768531714023,30.029339769371706,26.02264930242988,25.32122603277784,25.32122603277784,25.32122603277784,0.9807996153831482,0.9756800633870583,ok,True,True,13.275481119132287,4.006690466941826,1.0,0.0,0.9197931240228547
328,1768531714057,38.11233638406237,33.27646155140937,32.43799399866582,32.43799399866582,32.43799399866582,0.9680562019348145,0.9711057465157119,ok,True,True,22.440029857218207,4.835874832652998,1.0,0.0,0.9197931240228547
329,1768531714091,44.17151437035599,39.81349324277734,39.07382204230795,39.07382204230795,39.07382204230795,0.9674909710884094,0.9689368812593304,ok,True,True,30.524722872087374,4.3580211275786525,1.0,0.0,0.9197931240228547
330,1768531714126,46.174154785834716,43.629890168611766,43.23496229863364,43.23496229863364,43.23496229863364,0.963655412197113,0.965767999822,ok,True,True,34.8413308321691,2.54426461722295,1.0,0.0,0.9197931240228547
331,1768531714158,44.729228626334795,44.28949324324559,44.30141802401782,44.30141802401782,44.30141802401782,0.9511384963989258,0.9569902977681555,ok,True,True,34.7109915790632,0.43973538308920723,1.0,0.0,0.9197931240228547
332,1768531714190,42.600669986367855,43.27619928911895,43.51975254840302,43.51975254840302,43.51975254840302,0.9609758853912354,0.9593816503420034,ok,True,True,32.048925876311735,0.6755293027510945,1.0,0.0,0.9197931240228547
333,1768531714224,36.376153116294496,39.13617158542428,39.744636100645806,39.744636100645806,39.744636100645806,0.9626125693321228,0.9613202017360751,ok,True,True,25.398337327121737,2.7600184691297827,1.0,0.0,0.9197931240228547
334,1768531714257,30.390351853430698,33.88867974622813,34.63672916634967,34.63672916634967,34.63672916634967,0.9651848077774048,0.963638965360873,ok,True,True,17.222069388345915,3.4983278927974304,1.0,0.0,0.9197931240228547
335,1768531714291,23.530971107933336,27.674054563251254,28.51520335939054,28.51520335939054,28.51520335939054,0.9667928814888,0.9655313150376292,ok,True,True,8.02821434532464,4.143083455317917,1.0,0.0,0.9197931240228547
336,1768531714324,18.021868571202184,21.88274296802181,22.652834644575616,22.652834644575616,22.652834644575616,0.958476722240448,0.9612985593593205,ok,True,True,-0.3889780427157472,3.860874396819625,1.0,0.0,0.9197931240228547
337,1768531714361,13.437305773607989,16.815480651373516,17.46551961712103,17.46551961712103,17.46551961712103,0.9695798754692078,0.9662673490252529,ok,True,True,-7.493980214541359,3.3781748777655274,1.0,0.0,0.9197931240228547
338,1768531714390,12.40163128389203,14.167171030884624,14.507408628183024,14.507408628183024,14.507408628183024,0.9730172157287598,0.970317269047357,ok,True,True,-11.212817076823894,1.7655397469925944,1.0,0.0,0.9197931240228547
339,1768531714424,9.763865390029851,11.52518764637176,11.816308514654363,11.816308514654363,11.816308514654363,0.9799181222915649,0.9760777809938818,ok,True,True,-14.394802327558953,1.7613222563419093,1.0,0.0,0.9197931240228547
340,1768531714457,9.471829286282615,10.293172630318274,10.40961260436703,10.40961260436703,10.40961260436703,0.9767804145812988,0.976499361146332,ok,True,True,-15.667504907091818,0.8213433440356592,1.0,0.0,0.9197931240228547
341,1768531714491,8.326182725807497,9.112978687611808,9.199404868175534,9.199404868175534,9.199404868175534,0.9789146184921265,0.9779485155538086,ok,True,True,-16.61215320198556,0.7867959618043106,1.0,0.0,0.9197931240228547
342,1768531714524,8.242981357900053,8.590980289784754,8.597083612647266,8.597083612647266,8.597083612647266,0.9756537079811096,0.9765716310101892,ok,True,True,-16.67886323704266,0.34799893188470143,1.0,0.0,0.9197931240228547
343,1768531714557,10.184331106676138,9.546990779919586,9.378926135812364,9.378926135812364,9.378926135812364,0.9796270728111267,0.9784048960907517,ok,True,True,-14.841896956081692,0.6373403267565525,1.0,0.0,0.9197931240228547
344,1768531714590,11.143146646901856,10.504684300108948,10.323827466086257,10.323827466086257,10.323827466086257,0.9736412763595581,0.9755467242520355,ok,True,True,-12.86511053829661,0.6384623467929078,1.0,0.0,0.9197931240228547
345,1768531714624,12.894020374193355,11.938285944559592,11.710241096263237,11.710241096263237,11.710241096263237,0.9613898992538452,0.9670526292531213,ok,True,True,-10.372553587412838,0.9557344296337629,1.0,0.0,0.9197931240228547
346,1768531714657,15.476175292272792,14.061019553187514,13.760069528431435,13.760069528431435,13.760069528431435,0.9716559052467346,0.9698145948492893,ok,True,True,-7.083134503059856,1.4151557390852787,1.0,0.0,0.9197931240228547
347,1768531714691,18.535366113632627,16.74562748945458,16.386069351780883,16.386069351780883,16.386069351780883,0.9604456424713135,0.9641932234225039,ok,True,True,-3.1531218673842156,1.789738624178046,1.0,0.0,0.9197931240228547
348,1768531714723,22.42966915578675,20.156052489253884,19.723567968955727,19.723567968955727,19.723567968955727,0.9640688896179199,0.9641186231397535,ok,True,True,1.5739846876295047,2.2736166665328668,1.0,0.0,0.9197931240228547
349,1768531714757,29.089871221348055,25.516343728510385,24.87568845620421,24.87568845620421,24.87568845620421,0.9584282636642456,0.9607044074544487,ok,True,True,8.576421989049706,3.5735274928376697,1.0,0.0,0.9197931240228547
350,1768531714791,36.985531050067685,32.39785612144476,31.590240209505957,31.590240209505957,31.590240209505957,0.9562774896621704,0.9580482567790818,ok,True,True,17.40375867297864,4.587674928622924,1.0,0.0,0.9197931240228547
351,1768531714824,42.54993063903023,38.48910083199604,37.78388954804078,37.78388954804078,37.78388954804078,0.9327393770217896,0.9428629289247065,ok,True,True,25.111800756788618,4.060829807034189,1.0,0.0,0.9197931240228547
352,1768531714858,44.11822294081383,41.866574097286716,41.50434163824933,41.50434163824933,41.50434163824933,0.9427675604820251,0.9428057078590977,ok,True,True,29.071044038776847,2.2516488435271143,1.0,0.0,0.9197931240228547
353,1768531714890,41.951720244926555,41.91766178587062,41.97968309610929,41.97968309610929,41.97968309610929,0.9500445127487183,0.9471489907928701,ok,True,True,28.393143840227243,0.03405845905593452,1.0,0.0,0.9197931240228547
354,1768531714924,38.227639341795474,39.70364831942553,40.06329690964571,40.06329690964571,40.06329690964571,0.9337688684463501,0.9391209173849581,ok,True,True,24.46214254760482,1.476008977630059,1.0,0.0,0.9197931240228547
355,1768531714958,32.06910455149779,35.122922058668884,35.76530388185394,35.76530388185394,35.76530388185394,0.9387118220329285,0.9388754601737404,ok,True,True,17.440833842483293,3.0538175071710967,1.0,0.0,0.9197931240228547
356,1768531714990,26.88470942145125,30.179994476338305,30.868234355883047,30.868234355883047,30.868234355883047,0.962358832359314,0.9529654834850845,ok,True,True,9.91829120032136,3.295285054887053,1.0,0.0,0.9197931240228547
357,1768531715024,18.682410230447246,23.281443928803668,24.16507643108762,24.16507643108762,24.16507643108762,0.9758960604667664,0.9667238296740936,ok,True,True,0.2600842640591665,4.599033698356422,1.0,0.0,0.9197931240228547
358,1768531715057,12.831200783527633,17.011298041638046,17.81067304131398,17.81067304131398,17.81067304131398,0.9660819172859192,0.966338682241189,ok,True,True,-8.477178281839935,4.180097258110413,1.0,0.0,0.9197931240228547
359,1768531715090,9.83308553310377,12.70437053651748,13.242729650090961,13.242729650090961,13.242729650090961,0.9652055501937866,0.9656588030127475,ok,True,True,-14.361506564780885,2.8712850034137105,1.0,0.0,0.9197931240228547
360,1768531715124,6.747455372640874,9.130221438191517,9.535775795465987,9.535775795465987,9.535775795465987,0.9696874618530273,0.9680759983169154,ok,True,True,-18.794263277934185,2.3827660655506433,1.0,0.0,0.9197931240228547
361,1768531715157,5.605913071929776,7.015636418434473,7.226981427225201,7.226981427225201,7.226981427225201,0.9756402373313904,0.9726145417256004,ok,True,True,-21.104289023446054,1.4097233465046966,1.0,0.0,0.9197931240228547
362,1768531715191,3.573577813852448,4.950401255685258,5.125969710757296,5.125969710757296,5.125969710757296,0.9616928696632385,0.9660615384881833,ok,True,True,-23.02327283875698,1.3768234418328102,1.0,0.0,0.9197931240228547
363,1768531715225,2.8353517024450605,3.6813715237411397,3.756946438195808,3.756946438195808,3.756946438195808,0.9703699350357056,0.9686465764166967,ok,True,True,-23.84931552178059,0.8460198212960792,1.0,0.0,0.9197931240228547
364,1768531715257,3.839441994855181,3.7762138064095643,3.685338905679396,3.685338905679396,3.685338905679396,0.9563826322555542,0.9612882099200112,ok,True,True,-22.856042193450474,0.0632281884456165,1.0,0.0,0.9197931240228547
365,1768531715291,4.711108869185113,4.337150844074893,4.179375111524274,4.179375111524274,4.179375111524274,0.958363950252533,0.9595336541195243,ok,True,True,-21.131534923114053,0.3739580251102197,1.0,0.0,0.9197931240228547
366,1768531715324,7.9398532886715865,6.4987723108329085,6.161298930440793,6.161298930440793,6.161298930440793,0.9694585800170898,0.9654886096580636,ok,True,True,-17.442911275973024,1.441080977838678,1.0,0.0,0.9197931240228547
367,1768531715357,9.44761066563544,8.268075323714427,7.968054251905315,7.968054251905315,7.968054251905315,0.9461401700973511,0.953879545921636,ok,True,True,-14.163645756334596,1.179535341921012,1.0,0.0,0.9197931240228547
368,1768531715391,12.580277038209786,10.855396352411642,10.480458721399666,10.480458721399666,10.480458721399666,0.9656686782836914,0.9609530253388692,ok,True,True,-10.06553345382683,1.7248806857981442,1.0,0.0,0.9197931240228547
369,1768531715423,15.992224916907775,13.937493491109322,13.514220365523506,13.514220365523506,13.514220365523506,0.9517247080802917,0.9554160349837227,ok,True,True,-5.439108523892991,2.054731425798453,1.0,0.0,0.9197931240228547
370,1768531715457,21.601149329570926,18.535686994186285,17.955024552762943,17.955024552762943,17.955024552762943,0.9544315338134766,0.9548253342815751,ok,True,True,0.9076000963606878,3.065462335384641,1.0,0.0,0.9197931240228547
371,1768531715491,28.890378617860645,24.7485019683909,23.993682897036077,23.993682897036077,23.993682897036077,0.9484226107597351,0.9509837001684711,ok,True,True,9.15786111747407,4.141876649469744,1.0,0.0,0.9197931240228547
372,1768531715557,42.22482210780777,35.23429405204102,34.01383913741916,34.01383913741916,34.01383913741916,0.9490054249763489,0.9497967350531978,ok,True,True,22.497576543659566,6.990528055766745,1.0,0.0,0.9197931240228547
373,1768531715590,45.05208737210587,41.12497004407993,40.41501812717026,40.41501812717026,40.41501812717026,0.8934693336486816,0.9160002942104881,ok,True,True,30.257434301931745,3.9271173280259433,1.0,0.0,0.9197931240228547
374,1768531715624,44.602298870403324,43.211367339873966,43.011840987043975,43.011840987043975,43.011840987043975,0.9282816648483276,0.9233691165931919,ok,True,True,32.43828075098019,1.3909315305293575,1.0,0.0,0.9197931240228547
375,1768531715657,41.863920478331664,42.40289922294859,42.59153834048469,42.59153834048469,42.59153834048469,0.9714211225509644,0.9522003201678553,ok,True,True,30.3764330612128,0.5389787446169265,1.0,0.0,0.9197931240228547
376,1768531715692,35.81823539134723,38.45210092398777,39.02709542774181,39.02709542774181,39.02709542774181,0.9711108207702637,0.9635466205293003,ok,True,True,24.09167566476588,2.6338655326405416,1.0,0.0,0.9197931240228547
377,1768531715759,18.76108877385553,26.637493633908427,28.10987862058431,28.10987862058431,28.10987862058431,0.9750100374221802,0.9704246706650282,ok,True,True,7.998334989309775,7.876404860052897,1.0,0.0,0.9197931240228547
378,1768531715790,12.391992668185592,18.090193054474724,19.23820957092564,19.23820957092564,19.23820957092564,0.9821587204933167,0.9774651005620013,ok,True,True,-4.5496202448751415,5.698200386289132,1.0,0.0,0.9197931240228547
379,1768531715824,6.15075064890389,10.926527611132224,11.837238929973363,11.837238929973363,11.837238929973363,0.9586266279220581,0.9661620169780354,ok,True,True,-14.503801823562114,4.775776962228334,1.0,0.0,0.9197931240228547
380,1768531715857,0.9322773733379678,4.92997746845567,5.646914797630528,5.646914797630528,5.646914797630528,0.9779791831970215,0.973252316709427,ok,True,True,-22.340010957567934,3.997700095117702,1.0,0.0,0.9197931240228547
381,1768531715898,-3.2920755892729248,-0.0032543661814867786,0.5442310520788105,0.5442310520788105,0.5442310520788105,0.9684156179428101,0.9703502974494568,ok,True,True,-28.3240908216253,3.288821223091438,1.0,0.0,0.9197931240228547
382,1768531715924,-7.526532239518189,-4.517221090183508,-4.057702310625451,-4.057702310625451,-4.057702310625451,0.9865503311157227,0.9800703176492163,ok,True,True,-33.3466850025761,3.009311149334681,1.0,0.0,0.9197931240228547
383,1768531715960,-8.756205670572836,-7.060611838417104,-6.8495247043978775,-6.8495247043978775,-6.8495247043978775,0.989186704158783,0.9855401495549563,ok,True,True,-35.6538921465762,1.6955938321557316,1.0,0.0,0.9197931240228547
384,1768531715990,-8.10727336932883,-7.68860875696414,-7.727601690449474,-7.727601690449474,-7.727601690449474,0.9888983964920044,0.9875550977171852,ok,True,True,-35.22769480811269,0.4186646123646902,1.0,0.0,0.9197931240228547
385,1768531716024,-6.757436978894163,-7.129905690122154,-7.327666923568577,-7.327666923568577,-7.327666923568577,0.9890899062156677,0.9884759828162748,ok,True,True,-33.0661413210475,0.37246871122799075,1.0,0.0,0.9197931240228547
386,1768531716057,-3.809072797961072,-5.137405954825505,-5.5048661864497035,-5.5048661864497035,-5.5048661864497035,0.9762728214263916,0.9811540859823449,ok,True,True,-29.049757871253473,1.3283331568644332,1.0,0.0,0.9197931240228547
387,1768531716090,-1.8043511856048424,-3.1375730932931076,-3.5098494396149174,-3.5098494396149174,-3.5098494396149174,0.9859462380409241,0.9840293772174924,ok,True,True,-24.980733722686963,1.3332219076882652,1.0,0.0,0.9197931240228547
388,1768531716123,1.1897353792432885,-0.54118800977127,-0.9654432719215333,-0.9654432719215333,-0.9654432719215333,0.9717497825622559,0.9766616204243505,ok,True,True,-20.343573924858838,1.7309233890145586,1.0,0.0,0.9197931240228547
389,1768531716157,4.562628842792994,2.5211021017672883,2.056298901836839,2.056298901836839,2.056298901836839,0.9726998209953308,0.9742845407669387,ok,True,True,-15.263220409158745,2.0415267410257054,1.0,0.0,0.9197931240228547
390,1768531716190,8.74181169440327,6.253527857348876,5.728307821840428,5.728307821840428,5.728307821840428,0.9582038521766663,0.9646361276127752,ok,True,True,-9.522503791220796,2.488283837054393,1.0,0.0,0.9197931240228547
391,1768531716223,15.487976492444126,11.794197038406026,11.081779253928556,11.081779253928556,11.081779253928556,0.9689314365386963,0.9672133129683278,ok,True,True,-1.735693811085226,3.6937794540381006,1.0,0.0,0.9197931240228547
392,1768531716257,23.74124175335063,18.962423867372788,18.076436365196436,18.076436365196436,18.076436365196436,0.9530640244483948,0.9587237398563679,ok,True,True,7.948253550338927,4.7788178859778405,1.0,0.0,0.9197931240228547
393,1768531716290,32.702689479119954,27.206583234421085,26.217169636588068,26.217169636588068,26.217169636588068,0.9329582452774048,0.94326444310899,ok,True,True,18.762660273409196,5.496106244698868,1.0,0.0,0.9197931240228547
394,1768531716323,37.98092449742544,33.6711879922237,32.90907295763832,32.90907295763832,32.90907295763832,0.9443793892860413,0.9439334108152208,ok,True,True,27.092667028747933,4.309736505201741,1.0,0.0,0.9197931240228547
395,1768531716357,40.265264793053056,37.627634072721314,37.20180296617066,37.20180296617066,37.20180296617066,0.918026864528656,0.928389483043282,ok,True,True,31.747050990783436,2.6376307203317424,1.0,0.0,0.9197931240228547
396,1768531716390,38.718179771183266,38.281961491798484,38.27951468978025,38.27951468978025,38.27951468978025,0.9489288926124573,0.9407131287847872,ok,True,True,31.773794823952876,0.4362182793847822,1.0,0.0,0.9197931240228547
397,1768531716423,36.387762474295556,37.14544208129673,37.39021713097346,37.39021713097346,37.39021713097346,0.956663191318512,0.9502831663050221,ok,True,True,29.098374808843435,0.7576796070011724,1.0,0.0,0.9197931240228547
398,1768531716459,29.621349607192258,32.63098659683405,33.27039932809177,33.27039932809177,33.27039932809177,0.9576750993728638,0.954718326145727,ok,True,True,22.109518626883805,3.009636989641791,1.0,0.0,0.9197931240228547
399,1768531716491,22.58466600256905,26.60319424027505,27.429549101729084,27.429549101729084,27.429549101729084,0.9511687755584717,0.9525885957933738,ok,True,True,13.077363025906806,4.0185282377060005,1.0,0.0,0.9197931240228547
400,1768531716524,14.080424675752814,19.08953250156171,20.068982283933387,20.068982283933387,20.068982283933387,0.9699275493621826,0.9629919679346591,ok,True,True,2.371861974992795,5.009107825808895,1.0,0.0,0.9197931240228547
401,1768531716557,9.986820872281548,13.627905523993613,14.355594726070441,14.355594726070441,14.355594726070441,0.9752905368804932,0.9703711093021596,ok,True,True,-5.581866391466803,3.641084651712065,1.0,0.0,0.9197931240228547
402,1768531716594,3.675713422625916,7.656590263172995,8.383476281340403,8.383476281340403,8.383476281340403,0.9797829389572144,0.9760182070951925,ok,True,True,-13.526815863550052,3.980876840547079,1.0,0.0,0.9197931240228547
403,1768531716623,2.7624458643422622,4.7201036238745555,5.078636807559961,5.078636807559961,5.078636807559961,0.970253050327301,0.9725591130344576,ok,True,True,-17.445625631864573,1.9576577595322933,1.0,0.0,0.9197931240228547
404,1768531716657,0.8643303646667688,2.4066396683498836,2.6399501944454604,2.6399501944454604,2.6399501944454604,0.97232586145401,0.9724191620861891,ok,True,True,-19.99573705897364,1.5423093036831148,1.0,0.0,0.9197931240228547
405,1768531716691,0.6949860489076973,1.3796474966845718,1.4459169342751013,1.4459169342751013,1.4459169342751013,0.9668282270431519,0.9690646010603667,ok,True,True,-20.72006978795849,0.6846614477768744,1.0,0.0,0.9197931240228547
406,1768531716723,0.9286439989009811,1.1090453980144175,1.069559338618833,1.069559338618833,1.069559338618833,0.9696356654167175,0.9694072396741772,ok,True,True,-20.288482525432073,0.18040139911343633,1.0,0.0,0.9197931240228547
407,1768531716757,1.6964312447276917,1.461476906042382,1.3422589172798642,1.3422589172798642,1.3422589172798642,0.9654407501220703,0.9670273459429131,ok,True,True,-18.985415919102813,0.23495433868530968,1.0,0.0,0.9197931240228547
408,1768531716791,4.003478677236703,2.9866779687589746,2.73252048779512,2.73252048779512,2.73252048779512,0.9459720253944397,0.954394153613829,ok,True,True,-16.207444829081474,1.016800708477728,1.0,0.0,0.9197931240228547
409,1768531716823,6.410022435328154,5.0406846487004815,4.722783612376283,4.722783612376283,4.722783612376283,0.9594103097915649,0.9574038473204706,ok,True,True,-12.732749199240692,1.3693377866276721,1.0,0.0,0.9197931240228547
410,1768531716857,9.027540260127894,7.432798015556929,7.08297453023185,7.08297453023185,7.08297453023185,0.9642295241355896,0.9614992534095419,ok,True,True,-8.909137456009024,1.5947422445709654,1.0,0.0,0.9197931240228547
411,1768531716890,13.558765120987125,11.108378278815046,10.625973579041503,10.625973579041503,10.625973579041503,0.9695777297019958,0.9663463391850142,ok,True,True,-3.636397481646786,2.4503868421720796,1.0,0.0,0.9197931240228547
412,1768531716923,17.36916337394281,14.864849335891705,14.378235511444876,14.378235511444876,14.378235511444876,0.9697167277336121,0.9683685723141728,ok,True,True,1.6823487192972628,2.504314038051106,1.0,0.0,0.9197931240228547
413,1768531716957,25.141590768558054,21.030894195491513,20.294673625472843,20.294673625472843,20.294673625472843,0.9732739329338074,0.9713117886859535,ok,True,True,9.729325938440224,4.110696573066541,1.0,0.0,0.9197931240228547
414,1768531716990,33.99883912887371,28.81166115552083,27.89730603136656,27.89730603136656,27.89730603136656,0.9557949900627136,0.9620017095120096,ok,True,True,19.72333473676739,5.187177973352881,1.0,0.0,0.9197931240228547
415,1768531717024,40.194050654088116,35.641094854661205,34.850213496083114,34.850213496083114,34.850213496083114,0.9005310535430908,0.9251193159306583,ok,True,True,28.367760788814973,4.552955799426911,1.0,0.0,0.9197931240228547
416,1768531717057,42.82589269426824,39.95197355842542,39.488118618727746,39.488118618727746,39.488118618727746,0.9413280487060547,0.9348445555958962,ok,True,True,33.437749708901045,2.8739191358428187,1.0,0.0,0.9197931240228547
417,1768531717090,40.310522105040164,40.167102686394266,40.21571927992768,40.21571927992768,40.21571927992768,0.936430037021637,0.9357958444513407,ok,True,True,32.90636463686238,0.14341941864589813,1.0,0.0,0.9197931240228547
418,1768531717125,37.08688766336187,38.31897367257483,38.65308130892474,38.65308130892474,38.65308130892474,0.9542801976203918,0.9468864563527715,ok,True,True,29.254528967042337,1.2320860092129564,1.0,0.0,0.9197931240228547
419,1768531717160,30.7738792322008,33.79191700835041,34.44328712677493,34.44328712677493,34.44328712677493,0.9379795789718628,0.9415423299242263,ok,True,True,22.134977140258098,3.018037776149608,1.0,0.0,0.9197931240228547
420,1768531717196,23.752054675675097,27.76799960874522,28.5953512322124,28.5953512322124,28.5953512322124,0.9731864929199219,0.9605288277216437,ok,True,True,13.091926813516357,4.015944933070124,1.0,0.0,0.9197931240228547
421,1768531717223,16.752669839672222,21.15880174730142,22.037473000555472,22.037473000555472,22.037473000555472,0.9766185879707336,0.9701826838710976,ok,True,True,3.4879469113087342,4.406131907629199,1.0,0.0,0.9197931240228547
422,1768531717257,10.344530945652203,14.670239266311889,15.505445585266136,15.505445585266136,15.505445585266136,0.9726524353027344,0.9716645347300796,ok,True,True,-5.64095615878429,4.325708320659686,1.0,0.0,0.9197931240228547
423,1768531717290,5.616563219079471,9.238033637972439,9.916531343980616,9.916531343980616,9.916531343980616,0.9572136998176575,0.9629940337826264,ok,True,True,-13.057015701035441,3.621470418892968,1.0,0.0,0.9197931240228547
424,1768531717324,2.5797714244487744,5.243076309858241,5.716088905024444,5.716088905024444,5.716088905024444,0.9728329181671143,0.9688973644133191,ok,True,True,-18.227098869960752,2.6633048854094663,1.0,0.0,0.9197931240228547
425,1768531717360,2.309727409493732,3.4830669696395358,3.664477807796782,3.664477807796782,3.664477807796782,0.9773604869842529,0.9739752379558794,ok,True,True,-20.20994061794393,1.1733395601458039,1.0,0.0,0.9197931240228547
426,1768531717390,0.5097420866123726,1.699072039823238,1.8432386076569203,1.8432386076569203,1.8432386076569203,0.987006425857544,0.9817939506968781,ok,True,True,-21.785698121011585,1.1893299532108652,1.0,0.0,0.9197931240228547
427,1768531717425,0.6540364656530837,1.0720506953211455,1.0770727571782688,1.0770727571782688,1.0770727571782688,0.9819000959396362,0.981857637842533,ok,True,True,-21.840589846403574,0.4180142296680618,1.0,0.0,0.9197931240228547
428,1768531717457,1.7870621366838855,1.5010575601387894,1.3724864925638751,1.3724864925638751,1.3724864925638751,0.9812889099121094,0.9815164010842788,ok,True,True,-20.435292991155443,0.28600457654509603,1.0,0.0,0.9197931240228547
429,1768531717490,3.5430225881871653,2.726236576967815,2.4991257602610624,2.4991257602610624,2.4991257602610624,0.9781192541122437,0.9794781129010577,ok,True,True,-17.952945115146164,0.8167860112193503,1.0,0.0,0.9197931240228547
430,1768531717524,5.310208713350959,4.276619858797702,4.0114513628522,4.0114513628522,4.0114513628522,0.9777740836143494,0.9784556953290326,ok,True,True,-15.054622339332202,1.0335888545532574,1.0,0.0,0.9197931240228547
431,1768531717557,8.132340746244488,6.590052391265773,6.246257616032449,6.246257616032449,6.246257616032449,0.9713601469993591,0.9741983663312286,ok,True,True,-11.296905104818133,1.542288354978715,1.0,0.0,0.9197931240228547
432,1768531717590,9.993965539774438,8.632400280370971,8.324064599097431,8.324064599097431,8.324064599097431,0.9763875007629395,0.9755118469902552,ok,True,True,-7.9267599280891305,1.3615652594034664,1.0,0.0,0.9197931240228547
433,1768531717623,13.296476180430389,11.430845820406622,11.054619924954386,11.054619924954386,11.054619924954386,0.9761142134666443,0.9758732668760887,ok,True,True,-3.814566744083116,1.8656303600237667,1.0,0.0,0.9197931240228547
434,1768531717656,18.719552037291898,15.804069550537788,15.259809588567844,15.259809588567844,15.259809588567844,0.9640665054321289,0.9687892100097129,ok,True,True,2.134258504242516,2.91548248675411,1.0,0.0,0.9197931240228547
435,1768531717690,27.14917257327108,22.611131364177766,21.798616724576814,21.798616724576814,21.798616724576814,0.9641051292419434,0.9659787615490512,ok,True,True,11.015138856340233,4.538041209093315,1.0,0.0,0.9197931240228547
436,1768531717723,36.00121794139297,30.64518331050689,29.698828553640844,29.698828553640844,29.698828553640844,0.9553338289260864,0.9595918019752723,ok,True,True,21.358907395075168,5.356034630886082,1.0,0.0,0.9197931240228547
437,1768531717756,40.10613461951124,36.3217540959095,35.66205292866643,35.66205292866643,35.66205292866643,0.9385364651679993,0.9469585998909085,ok,True,True,28.569518563019546,3.7843805236017403,1.0,0.0,0.9197931240228547
438,1768531717790,42.265655423080396,39.88809489221204,39.522726276222194,39.522726276222194,39.522726276222194,0.9340627193450928,0.939221071563419,ok,True,True,32.56304040849786,2.377560530868358,1.0,0.0,0.9197931240228547
439,1768531717825,39.5353111485638,39.676424646023094,39.780412378560456,39.780412378560456,39.780412378560456,0.9329294562339783,0.9354461023657547,ok,True,True,31.42644228984269,0.14111349745929402,1.0,0.0,0.9197931240228547
440,1768531717857,37.22826952945389,38.20753157608157,38.49998820175658,38.49998820175658,38.49998820175658,0.9640583395957947,0.9526134447037786,ok,True,True,28.22985705406952,0.9792620466276816,1.0,0.0,0.9197931240228547
441,1768531717892,30.817473912045543,33.77349697765996,34.406024721240804,34.406024721240804,34.406024721240804,0.9741186499595642,0.96551656785725,ok,True,True,21.31625459530928,2.956023065614417,1.0,0.0,0.9197931240228547
442,1768531717923,22.409188550760348,26.954911921520193,27.865804786908434,27.865804786908434,27.865804786908434,0.9628296494483948,0.9639044168119368,ok,True,True,11.360088691559614,4.545723370759845,1.0,0.0,0.9197931240228547
443,1768531717957,13.473447675807583,18.866033374092627,19.912727387284328,19.912727387284328,19.912727387284328,0.976997971534729,0.9717605496456121,ok,True,True,-0.08039969272082992,5.392585698285044,1.0,0.0,0.9197931240228547
444,1768531717994,7.188140091354105,11.859297404449514,12.757812604068464,12.757812604068464,12.757812604068464,0.9793699383735657,0.9763261828823843,ok,True,True,-9.901276257204765,4.671157313095408,1.0,0.0,0.9197931240228547
445,1768531718024,1.6268448575105243,5.71982587628612,6.468475357935318,6.468475357935318,6.468475357935318,0.9824108481407166,0.9799769820373837,ok,True,True,-18.084102938889966,4.092981018775596,1.0,0.0,0.9197931240228547
446,1768531718056,-1.0238849163428236,1.6735994007087542,2.1414615111571114,2.1414615111571114,2.1414615111571114,0.9903730154037476,0.986214602057202,ok,True,True,-23.197890705486323,2.697484317051578,1.0,0.0,0.9197931240228547
447,1768531718090,-3.424068815819774,-1.3850015292083628,-1.0777267951950922,-1.0777267951950922,-1.0777267951950922,0.9943588376045227,0.9911011433855944,ok,True,True,-26.556439604167988,2.0390672866114112,1.0,0.0,0.9197931240228547
448,1768531718123,-5.462886013892686,-3.831732220018957,-3.623163215341025,-3.623163215341025,-3.623163215341025,0.9904751181602478,0.9907255282503864,ok,True,True,-28.83612329898797,1.6311537938737293,1.0,0.0,0.9197931240228547
449,1768531718157,-4.519534115270782,-4.244413357170052,-4.282354394688884,-4.282354394688884,-4.282354394688884,0.9916656613349915,0.9912896081011495,ok,True,True,-28.42142330686884,0.27512075810073,1.0,0.0,0.9197931240228547
450,1768531718190,-3.3783580587029327,-3.7247801780897807,-3.892742782512994,-3.892742782512994,-3.892742782512994,0.9860374331474304,0.988138303128918,ok,True,True,-26.585572331627496,0.34642211938684797,1.0,0.0,0.9197931240228547
451,1768531718223,-1.8386095464963017,-2.5930777991336935,-2.8370327231700223,-2.8370327231700223,-2.8370327231700223,0.9889615774154663,0.988632267700847,ok,True,True,-23.91911638600198,0.7544682526373918,1.0,0.0,0.9197931240228547
452,1768531718256,0.32968948971261436,-0.8394174258259087,-1.1513482849744703,-1.1513482849744703,-1.1513482849744703,0.9897103309631348,0.9892791056582197,ok,True,True,-20.509675493237317,1.169106915538523,1.0,0.0,0.9197931240228547
453,1768531718292,3.2146818070655603,1.5930421139089725,1.2104502234559757,1.2104502234559757,1.2104502234559757,0.9877956509590149,0.9883890328386968,ok,True,True,-16.327901236880933,1.6216396931565877,1.0,0.0,0.9197931240228547
454,1768531718327,5.931893613017114,4.196353013373858,3.802363887057212,3.802363887057212,3.802363887057212,0.9819270968437195,0.9845118712417104,ok,True,True,-12.021553855172105,1.7355405996432562,1.0,0.0,0.9197931240228547
455,1768531718357,9.74767507353864,7.527146249472727,7.066713966788429,7.066713966788429,7.066713966788429,0.974312961101532,0.9783925251576033,ok,True,True,-6.988974977860143,2.2205288240659122,1.0,0.0,0.9197931240228547
456,1768531718390,15.945211958392717,12.57798567482472,11.936892019585482,11.936892019585482,11.936892019585482,0.9718093872070312,0.9744426423872601,ok,True,True,0.018253900458757855,3.3672262835679962,1.0,0.0,0.9197931240228547
457,1768531718423,23.426824063071553,19.08728870777282,18.289326604913075,18.289326604913075,18.289326604913075,0.9705212116241455,0.9720897839293914,ok,True,True,8.74007331836627,4.339535355298732,1.0,0.0,0.9197931240228547
458,1768531718457,32.16059001312156,26.931269490982068,25.99928831907316,25.99928831907316,25.99928831907316,0.9523376226425171,0.9602384871572669,ok,True,True,18.92673688690926,5.229320522139496,1.0,0.0,0.9197931240228547
459,1768531718490,37.65625197113542,33.366258979074075,32.61446942415152,32.61446942415152,32.61446942415152,0.9391268491744995,0.9475715043676065,ok,True,True,27.143884937931503,4.289992992061343,1.0,0.0,0.9197931240228547
460,1768531718524,39.279934339535984,36.91446419535122,36.535538311877,36.535538311877,36.535538311877,0.937454342842102,0.9415012074523039,ok,True,True,31.285589307837043,2.365470144184762,1.0,0.0,0.9197931240228547
461,1768531718557,38.35584804552876,37.77929450545774,37.756872421307804,37.756872421307804,37.756872421307804,0.9755429029464722,0.961926224748805,ok,True,True,31.53066531862509,0.5765535400710178,1.0,0.0,0.9197931240228547
462,1768531718590,36.36569481131507,36.931134688972136,37.1405931004595,37.1405931004595,37.1405931004595,0.9463422298431396,0.9525758278054057,ok,True,True,29.241260303014162,0.565439877657063,1.0,0.0,0.9197931240228547
463,1768531718623,30.703542916499842,33.19457962548876,33.74376369532572,33.74376369532572,33.74376369532572,0.9708833694458008,0.9635603527896428,ok,True,True,23.238613977902453,2.491036708988915,1.0,0.0,0.9197931240228547
464,1768531718656,21.64838901065085,26.266865256586016,27.187787551051006,27.187787551051006,27.187787551051006,0.9869686961174011,0.9776053587862978,ok,True,True,13.172825237480932,4.618476245935167,1.0,0.0,0.9197931240228547
465,1768531718690,12.175490058933985,17.8120401379948,18.9074392444046,18.9074392444046,18.9074392444046,0.9914755821228027,0.9859274927882008,ok,True,True,1.1999844692235921,5.6365500790608145,1.0,0.0,0.9197931240228547
466,1768531718723,6.240503717596107,10.869118285755585,11.77071052372511,11.77071052372511,11.77071052372511,0.9884728193283081,0.9874546887122652,ok,True,True,-8.654524485494814,4.6286145681594775,1.0,0.0,0.9197931240228547
467,1768531718758,2.220328958146564,5.679844689190173,6.32742760288922,6.32742760288922,6.32742760288922,0.985525369644165,0.9862970972714051,ok,True,True,-15.732681720235345,3.4595157310436084,1.0,0.0,0.9197931240228547
468,1768531718790,-1.100738052433964,1.6114950442156908,2.0792943547194067,2.0792943547194067,2.0792943547194067,0.993220865726471,0.9904513583444446,ok,True,True,-20.84578307606776,2.712233096649655,1.0,0.0,0.9197931240228547
469,1768531718824,-3.3976585437122058,-1.393997108541047,-1.0839063207428916,-1.0839063207428916,-1.0839063207428916,0.9901114702224731,0.9902474254712618,ok,True,True,-24.235111773056715,2.003661435171159,1.0,0.0,0.9197931240228547
470,1768531718856,-4.0396438330326925,-2.9813851432360345,-2.859774152037886,-2.859774152037886,-2.859774152037886,0.9934521317481995,0.9921702492374244,ok,True,True,-25.564334176804653,1.058258689796658,1.0,0.0,0.9197931240228547
471,1768531718892,-2.3216971982389407,-2.5855723762377782,-2.7112798227558903,-2.7112798227558903,-2.7112798227558903,0.9828822612762451,0.9865974564607167,ok,True,True,-24.190337035727453,0.26387517799883753,1.0,0.0,0.9197931240228547
472,1768531718923,-2.451027887998366,-2.504845683294131,-2.6178782657441304,-2.6178782657441304,-2.6178782657441304,0.9766467809677124,0.9806270511649142,ok,True,True,-22.954877646195623,0.05381779529576525,1.0,0.0,0.9197931240228547
473,1768531718956,0.21584569515340069,-0.8724308562256121,-1.1526309922639864,-1.1526309922639864,-1.1526309922639864,0.9848493933677673,0.9831604564866261,ok,True,True,-19.89225728033927,1.0882765513790127,1.0,0.0,0.9197931240228547
474,1768531718990,2.8263351204422342,1.3468287297750956,0.9938695970771438,0.9938695970771438,0.9938695970771438,0.988797128200531,0.986542459514969,ok,True,True,-16.034372543382194,1.4795063906671386,1.0,0.0,0.9197931240228547
475,1768531719024,4.762906255158795,3.396475245005315,3.068677800397581,3.068677800397581,3.068677800397581,0.9828125834465027,0.9843045338738893,ok,True,True,-12.45150800974819,1.3664310101534798,1.0,0.0,0.9197931240228547
476,1768531719057,7.87981831617437,6.086481087706748,5.703352671191839,5.703352671191839,5.703352671191839,0.9733940362930298,0.9777582353253735,ok,True,True,-8.263869460578615,1.793337228467622,1.0,0.0,0.9197931240228547
477,1768531719092,11.49732798701931,9.332989227294284,8.897155212446691,8.897155212446691,8.897155212446691,0.9750143885612488,0.9761119272668987,ok,True,True,-3.500152537106544,2.164338759725025,1.0,0.0,0.9197931240228547
478,1768531719124,18.197351836409986,14.651606792763706,13.996351871573177,13.996351871573177,13.996351871573177,0.9526829719543457,0.9620545540793668,ok,True,True,3.6618606397567177,3.5457450436462796,1.0,0.0,0.9197931240228547
479,1768531719157,26.417498162648467,21.71114161469456,20.8637446305045,20.8637446305045,20.8637446305045,0.9615618586540222,0.96175893682416,ok,True,True,12.924009111341734,4.706356547953906,1.0,0.0,0.9197931240228547
480,1768531719190,35.07560853682176,29.729821767970883,28.788390913126356,28.788390913126356,28.788390913126356,0.963337242603302,0.9627059202916453,ok,True,True,23.213958823206013,5.3457867688508784,1.0,0.0,0.9197931240228547
481,1768531719223,40.13566087353597,35.973325231309936,35.25780147639198,35.25780147639198,35.25780147639198,0.9492062330245972,0.9546061079314163,ok,True,True,31.034717424713666,4.162335642226033,1.0,0.0,0.9197931240228547
482,1768531719257,40.19583536761157,38.50683131309092,38.25967456579811,38.25967456579811,38.25967456579811,0.9532812237739563,0.9538111774369403,ok,True,True,33.736169674237615,1.6890040545206517,1.0,0.0,0.9197931240228547
483,1768531719290,37.682202984714145,38.012054316064855,38.165196064782236,38.165196064782236,38.165196064782236,0.9613391757011414,0.958327976395461,ok,True,True,32.06231239095467,0.3298513313507101,1.0,0.0,0.9197931240228547
484,1768531719323,33.63274613400205,35.38446940682717,35.814094928888984,35.814094928888984,35.814094928888984,0.9668517112731934,0.9634422173221004,ok,True,True,27.3664550221418,1.7517232728251244,1.0,0.0,0.9197931240228547
485,1768531719358,24.862268568640722,29.0711489039153,29.925513862807268,29.925513862807268,29.925513862807268,0.9840156435966492,0.9757862730868296,ok,True,True,18.02814576943604,4.2088803352745785,1.0,0.0,0.9197931240228547
486,1768531719390,16.78391104643121,21.698806189424847,22.684027938206306,22.684027938206306,22.684027938206306,0.9829097986221313,0.9800603884080107,ok,True,True,7.259556448374923,4.914895142993636,1.0,0.0,0.9197931240228547
487,1768531719423,11.038703118686014,15.302744346981548,16.153549911558144,16.153549911558144,16.153549911558144,0.9806917309761047,0.980439193948867,ok,True,True,-2.03984820680102,4.264041228295534,1.0,0.0,0.9197931240228547
488,1768531719456,5.198957694789979,9.240472355666608,10.004427363350462,10.004427363350462,10.004427363350462,0.9819542169570923,0.9813482077538022,ok,True,True,-10.389966084010382,4.041514660876628,1.0,0.0,0.9197931240228547
489,1768531719490,0.39216027643238716,3.9314851081260755,4.570611422918866,4.570611422918866,4.570611422918866,0.9848957061767578,0.9834767068075755,ok,True,True,-17.375691700399962,3.5393248316936883,1.0,0.0,0.9197931240228547
490,1768531719523,-0.6911375787040412,1.1579114960280057,1.4741493606181386,1.4741493606181386,1.4741493606181386,0.9815472364425659,0.9823190245885698,ok,True,True,-20.83220866802921,1.849049074732047,1.0,0.0,0.9197931240228547
491,1768531719557,-0.9495141016670322,-0.10654386258901705,-0.007628645579117799,-0.007628645579117799,-0.007628645579117799,0.9865891337394714,0.9848810900791108,ok,True,True,-21.91336359675533,0.8429702390780152,1.0,0.0,0.9197931240228547
492,1768531719590,-1.3279489428262587,-0.839386910731362,-0.8280797528254675,-0.8280797528254675,-0.8280797528254675,0.983612060546875,0.9841196723597694,ok,True,True,-22.03695215945968,0.4885620320948968,1.0,0.0,0.9197931240228547
493,1768531719623,0.2284782113959157,-0.1986678374549954,-0.35089639456091204,-0.35089639456091204,-0.35089639456091204,0.9920378923416138,0.9888706043488761,ok,True,True,-20.373076167644825,0.4271460488509111,1.0,0.0,0.9197931240228547
494,1768531719656,1.1214918872180313,0.5934279973488206,0.41224316685764184,0.41224316685764184,0.41224316685764184,0.9803914427757263,0.9837831074049863,ok,True,True,-18.392704709971728,0.5280638898692107,1.0,0.0,0.9197931240228547
495,1768531719690,3.4591410525851183,2.3128558304905993,2.0323105156311163,2.0323105156311163,2.0323105156311163,0.9842153787612915,0.9840424702187694,ok,True,True,-15.326311499097041,1.146285222094519,1.0,0.0,0.9197931240228547
496,1768531719723,6.330989274574821,4.7237358969411325,4.366338460583548,4.366338460583548,4.366338460583548,0.9898388981819153,0.9875203269966569,ok,True,True,-11.4199155823453,1.6072533776336888,1.0,0.0,0.9197931240228547
497,1768531719756,7.201819019434472,6.210585770437136,5.962271452005248,5.962271452005248,5.962271452005248,0.9695461988449097,0.9767358501056086,ok,True,True,-8.705810944440737,0.9912332489973359,1.0,0.0,0.9197931240228547
498,1768531719790,10.501545041921917,8.785161333328004,8.437721291562475,8.437721291562475,8.437721291562475,0.9628176689147949,0.9683849413911204,ok,True,True,-4.908250518990544,1.7163837085939129,1.0,0.0,0.9197931240228547
499,1768531719823,13.7762095008928,11.779790233866883,11.388534222268985,11.388534222268985,11.388534222268985,0.9794811010360718,0.9750426371780913,ok,True,True,-0.6317764018639735,1.9964192670259173,1.0,0.0,0.9197931240228547
500,1768531719859,21.7591517036875,17.767407115759255,17.053133752468785,17.053133752468785,17.053133752468785,0.9738208651542664,0.9743095739637962,ok,True,True,7.175315272433126,3.9917445879282454,1.0,0.0,0.9197931240228547
501,1768531719893,30.60258161434441,25.468511814910347,24.55599549305844,24.55599549305844,24.55599549305844,0.9537481665611267,0.9619727295221946,ok,True,True,17.14922574582861,5.134069799434062,1.0,0.0,0.9197931240228547
502,1768531719939,39.49835537049032,33.886417948258334,32.90888189238537,32.90888189238537,32.90888189238537,0.9653744697570801,0.9640137736631259,ok,True,True,27.83380954155324,5.611937422231989,1.0,0.0,0.9197931240228547
503,1768531719971,42.53588546680661,39.076098459387296,38.4913453455828,38.4913453455828,38.4913453455828,0.8964009881019592,0.9234461023264259,ok,True,True,34.225229690936374,3.4597870074193153,1.0,0.0,0.9197931240228547
504,1768531720002,42.308639696019725,41.01562320136675,40.861222797309935,40.861222797309935,40.861222797309935,0.9493325352668762,0.9389779620906961,ok,True,True,35.912844224771156,1.2930164946529743,1.0,0.0,0.9197931240228547
505,1768531720032,39.69342979066236,40.22230715494411,40.427217666048705,40.427217666048705,40.427217666048705,0.9350297451019287,0.9366090318974356,ok,True,True,33.67314829399895,0.5288773642817546,1.0,0.0,0.9197931240228547
506,1768531720066,33.83923807000487,36.39246570398056,36.96804112498288,36.96804112498288,36.96804112498288,0.96396404504776,0.9530220397876302,ok,True,True,27.382041403863003,2.5532276339756947,1.0,0.0,0.9197931240228547
507,1768531720099,26.08426249948535,30.207543781283434,31.06392556428395,31.06392556428395,31.06392556428395,0.9757448434829712,0.9666557220048348,ok,True,True,18.021688026994738,4.123281281798082,1.0,0.0,0.9197931240228547
508,1768531720132,18.768791527661943,23.34429242911054,24.272897391509307,24.272897391509307,24.272897391509307,0.97701495885849,0.972871264117028,ok,True,True,7.871926824565298,4.575500901448596,1.0,0.0,0.9197931240228547
509,1768531720168,12.675198218701174,16.94283590286492,17.79020290150394,17.79020290150394,17.79020290150394,0.98622727394104,0.9808848700114352,ok,True,True,-1.3898939014282803,4.267637684163747,1.0,0.0,0.9197931240228547
510,1768531720201,5.979185614688932,10.364645729959328,11.18821470967308,11.18821470967308,11.18821470967308,0.9802907705307007,0.9805284103229945,ok,True,True,-10.391599488085957,4.385460115270396,1.0,0.0,0.9197931240228547
511,1768531720237,2.9690540683270683,5.927290732979972,6.475784536822129,6.475784536822129,6.475784536822129,0.9894465804100037,0.9858793123752001,ok,True,True,-16.386701124877987,2.9582366646529037,1.0,0.0,0.9197931240228547
512,1768531720271,1.273785503419212,3.135187595243516,3.447057561257949,3.447057561257949,3.447057561257949,0.9926526546478271,0.9899433177387763,ok,True,True,-19.79547644854137,1.861402091824304,1.0,0.0,0.9197931240228547
513,1768531720303,-1.4211086633905952,0.40140984006304936,0.6676802152369476,0.6676802152369476,0.6676802152369476,0.9952012896537781,0.9930981008877773,ok,True,True,-22.705842893617284,1.8225185034536446,1.0,0.0,0.9197931240228547
514,1768531720353,-1.474458226923757,-0.7241110001290344,-0.6532487744328143,-0.6532487744328143,-0.6532487744328143,0.9899799227714539,0.9912271940179832,ok,True,True,-23.480375335519565,0.7503472267947225,1.0,0.0,0.9197931240228547
515,1768531720387,0.1195874328692021,-0.21789194033009252,-0.35383255100169553,-0.35383255100169553,-0.35383255100169553,0.986394464969635,0.9883275565889742,ok,True,True,-21.994528509475256,0.3374793731992946,1.0,0.0,0.9197931240228547
516,1768531720417,1.4870558627716768,0.8050767415309691,0.5939107149799134,0.5939107149799134,0.5939107149799134,0.9946802258491516,0.9921391581450807,ok,True,True,-19.686459060844953,0.6819791212407077,1.0,0.0,0.9197931240228547
517,1768531720453,3.1452233146285753,2.2091646853895326,1.9556541840688253,1.9556541840688253,1.9556541840688253,0.9917373061180115,0.9918980469288392,ok,True,True,-16.91555953424044,0.9360586292390427,1.0,0.0,0.9197931240228547
518,1768531720483,5.8504246380412255,4.393920656980548,4.05886503267999,4.05886503267999,4.05886503267999,0.9901610612869263,0.9908558555436915,ok,True,True,-13.253362244881991,1.4565039810606777,1.0,0.0,0.9197931240228547
519,1768531720520,6.502519428395185,5.659079919829329,5.431180368304242,5.431180368304242,5.431180368304242,0.9808580279350281,0.9848571589784934,ok,True,True,-10.762393404757404,0.8434395085658553,1.0,0.0,0.9197931240228547
520,1768531720552,7.85759369141821,6.978188182782658,6.765493816171807,6.765493816171807,6.765493816171807,0.991163969039917,0.9886412450153474,ok,True,True,-8.437619019936623,0.8794055086355526,1.0,0.0,0.9197931240228547
521,1768531720592,11.399814030529688,9.631163691430876,9.279946859826124,9.279946859826124,9.279946859826124,0.9709524512290955,0.9780279687435963,ok,True,True,-4.598777838371517,1.7686503390988122,1.0,0.0,0.9197931240228547
522,1768531720622,17.628284011990498,14.429435883766649,13.83761153341088,13.83761153341088,13.83761153341088,0.9820096492767334,0.9804169770634785,ok,True,True,1.8699317562628224,3.1988481282238492,1.0,0.0,0.9197931240228547
523,1768531720656,25.484290645454628,21.062348740779438,20.2629783968862,20.2629783968862,20.2629783968862,0.9563079476356506,0.9659515594067818,ok,True,True,10.607143413910768,4.42194190467519,1.0,0.0,0.9197931240228547
524,1768531720687,34.91593190376462,29.37449863857055,28.397055528778594,28.397055528778594,28.397055528778594,0.9536647200584412,0.9585794557977775,ok,True,True,21.290711298063563,5.5414332651940725,1.0,0.0,0.9197931240228547
525,1768531720726,42.19290654675328,37.06554338348019,36.1772906727501,36.1772906727501,36.1772906727501,0.9539982676506042,0.9558307429094736,ok,True,True,30.99941765478188,5.127363163273088,1.0,0.0,0.9197931240228547
526,1768531720758,41.82554623087798,39.921545091918865,39.61898679061533,39.61898679061533,39.61898679061533,0.9253638386726379,0.9375506003673723,ok,True,True,34.30641539051535,1.9040011389591172,1.0,0.0,0.9197931240228547
527,1768531720794,39.91285072626175,39.9163284725246,40.01077041922588,40.01077041922588,40.01077041922588,0.9638132452964783,0.9533081873248358,ok,True,True,33.2741538311603,0.0034777462628454714,1.0,0.0,0.9197931240228547
528,1768531720824,35.64693777349083,37.35469405310434,37.77491611377485,37.77491611377485,37.77491611377485,0.9628103971481323,0.9590095132188137,ok,True,True,28.68107739876568,1.7077562796135055,1.0,0.0,0.9197931240228547
529,1768531720860,29.27485939408302,32.50679325769155,33.20144919209943,33.20144919209943,33.20144919209943,0.9760394096374512,0.9692274510699962,ok,True,True,21.088406524083503,3.2319338636085284,1.0,0.0,0.9197931240228547
530,1768531720896,22.416269270863147,26.452478865594507,27.2841604959793,27.2841604959793,27.2841604959793,0.9802151918411255,0.9758200955326737,ok,True,True,11.998028713645011,4.0362095947313605,1.0,0.0,0.9197931240228547
531,1768531720929,14.54061334844379,19.30535955530408,20.24048000560083,20.24048000560083,20.24048000560083,0.9772359728813171,0.9766696219418598,ok,True,True,1.7770524639569416,4.7647462068602895,1.0,0.0,0.9197931240228547
532,1768531720964,9.004751735659115,13.1249948635171,13.925739536996517,13.925739536996517,13.925739536996517,0.9830741286277771,0.9805123259534101,ok,True,True,-6.975180777333115,4.120243127857986,1.0,0.0,0.9197931240228547
533,1768531720997,4.289277003750518,7.823564147657152,8.478656796703872,8.478656796703872,8.478656796703872,0.9914945960044861,0.9871016879840557,ok,True,True,-14.135420300623373,3.5342871439066332,1.0,0.0,0.9197931240228547
534,1768531721031,2.0322596838890385,4.348781469396283,4.757115196958741,4.757115196958741,4.757115196958741,0.9844193458557129,0.98549228270705,ok,True,True,-18.5985558571584,2.316521785507245,1.0,0.0,0.9197931240228547
535,1768531721065,-0.10380405431493234,1.6772301551695539,1.951774434158867,1.951774434158867,1.951774434158867,0.9811607003211975,0.9828933332755385,ok,True,True,-21.599357041804733,1.7810342094844862,1.0,0.0,0.9197931240228547
536,1768531721098,-0.13796940082080472,0.5881104215753388,0.6599498348194514,0.6599498348194514,0.6599498348194514,0.9854303598403931,0.9844155492144512,ok,True,True,-22.38457025826962,0.7260798223961435,1.0,0.0,0.9197931240228547
537,1768531721136,0.3102785501204572,0.42141129870240984,0.3647583507829466,0.3647583507829466,0.3647583507829466,0.9795896410942078,0.9815200043423051,ok,True,True,-21.76534688979779,0.11113274858195266,1.0,0.0,0.9197931240228547
538,1768531721167,1.884111021245572,1.2990311322283072,1.1137885818013253,1.1137885818013253,1.1137885818013253,0.9807744026184082,0.9810726433079671,ok,True,True,-19.740624077089556,0.5850798890172648,1.0,0.0,0.9197931240228547
539,1768531721213,4.095789641532559,2.9770862378108585,2.695690969039479,2.695690969039479,2.695690969039479,0.9794995784759521,0.9801288044087582,ok,True,True,-16.66494077022341,1.118703403721701,1.0,0.0,0.9197931240228547
540,1768531721246,5.641363179636566,4.575652402906283,4.303839547664857,4.303839547664857,4.303839547664857,0.9818522334098816,0.9811628618094321,ok,True,True,-13.69399436764941,1.065710776730283,1.0,0.0,0.9197931240228547
541,1768531721285,7.527625158548835,6.346836056291814,6.067879997896199,6.067879997896199,6.067879997896199,0.9830479621887207,0.9822939220370053,ok,True,True,-10.644971916409702,1.1807891022570214,1.0,0.0,0.9197931240228547
542,1768531721315,10.291158128522644,8.713429299630313,8.378567508681495,8.378567508681495,8.378567508681495,0.9795275926589966,0.9806341244102,ok,True,True,-6.984893248330365,1.5777288288923312,1.0,0.0,0.9197931240228547
543,1768531721350,13.249346953933347,11.434979892212134,11.067879426148911,11.067879426148911,11.067879426148911,0.9837195873260498,0.9824854021597099,ok,True,True,-2.9724420783330467,1.8143670617212138,1.0,0.0,0.9197931240228547
544,1768531721385,18.83481430123131,15.87488053762364,15.327330344997947,15.327330344997947,15.327330344997947,0.9745498895645142,0.9777240946025925,ok,True,True,3.012345777138796,2.959933763607671,1.0,0.0,0.9197931240228547
545,1768531721423,27.203777831009667,22.672218913655254,21.863688932994954,21.863688932994954,21.863688932994954,0.9694372415542603,0.9727519827735931,ok,True,True,11.849673339451439,4.531558917354413,1.0,0.0,0.9197931240228547
546,1768531721455,35.686352619383264,30.48069913709206,29.5630689871303,29.5630689871303,29.5630689871303,0.9589278697967529,0.964457514987489,ok,True,True,21.879478554149163,5.205653482291204,1.0,0.0,0.9197931240228547
547,1768531721486,42.88874716532855,37.92552795403395,37.07362036457598,37.07362036457598,37.07362036457598,0.9629896283149719,0.9635767829839788,ok,True,True,31.19092847059121,4.9632192112946,1.0,0.0,0.9197931240228547
548,1768531721522,40.831216635555386,39.66894116294681,39.49532366448723,39.49532366448723,39.49532366448723,0.930767834186554,0.9438914137055239,ok,True,True,33.08858810120082,1.1622754726085773,1.0,0.0,0.9197931240228547
549,1768531721554,38.38997269824094,38.90156008412329,39.09092450126994,39.09092450126994,39.09092450126994,0.9433433413505554,0.9435625702925428,ok,True,True,31.018812801582783,0.5115873858823505,1.0,0.0,0.9197931240228547
550,1768531721587,34.63006962986072,36.33866581156575,36.76123208528182,36.76123208528182,36.76123208528182,0.9681452512741089,0.9583121788814823,ok,True,True,26.40011384552789,1.7085961817050261,1.0,0.0,0.9197931240228547
551,1768531721622,26.532690665798693,30.455080724105514,31.257101609124,31.257101609124,31.257101609124,0.9617430567741394,0.9603707056170766,ok,True,True,17.63393146236389,3.9223900583068207,1.0,0.0,0.9197931240228547
552,1768531721660,18.42140023769233,23.234872432257603,24.195806511503918,24.195806511503918,24.195806511503918,0.977688193321228,0.9707611982395674,ok,True,True,7.130809219260703,4.813472194565275,1.0,0.0,0.9197931240228547
553,1768531721695,12.662670343642446,16.89155117908851,17.73328093008929,17.73328093008929,17.73328093008929,0.9757859110832214,0.9737760259457598,ok,True,True,-2.0693957285668,4.228880835446063,1.0,0.0,0.9197931240228547
554,1768531721726,9.212697021436732,12.284238684497442,12.884688063083109,12.884688063083109,12.884688063083109,0.984847366809845,0.980418830464211,ok,True,True,-8.632377893823158,3.07154166306071,1.0,0.0,0.9197931240228547
555,1768531721771,5.7012818841518005,8.334464604290059,8.810184363459449,8.810184363459449,8.810184363459449,0.9866064786911011,0.984131419400345,ok,True,True,-13.832050682964557,2.633182720138258,1.0,0.0,0.9197931240228547
556,1768531721803,4.064763530540243,5.7726439600401696,6.060194722130828,6.060194722130828,6.060194722130828,0.9809038043022156,0.9821948503414674,ok,True,True,-16.975014254102,1.7078804294999266,1.0,0.0,0.9197931240228547
557,1768531721835,2.022830350550171,3.5227557943461707,3.742799537956884,3.742799537956884,3.742799537956884,0.9849047064781189,0.9838207640234583,ok,True,True,-19.380118191914335,1.4999254437959997,1.0,0.0,0.9197931240228547
558,1768531721871,1.644744313336895,2.3959489057406054,2.4741678799160094,2.4741678799160094,2.4741678799160094,0.9652219414710999,0.9726614704920432,ok,True,True,-20.23506075794213,0.7512045924037103,1.0,0.0,0.9197931240228547
559,1768531721902,1.7538501876302781,2.010689674874409,1.9871380666248444,1.9871380666248444,1.9871380666248444,0.9786056876182556,0.9762280007677707,ok,True,True,-19.977638916205734,0.25683948724413086,1.0,0.0,0.9197931240228547
560,1768531721931,3.8373375443812785,3.1066783965785305,2.907409457446204,2.907409457446204,2.907409457446204,0.9552773237228394,0.9636575945408119,ok,True,True,-17.799606029077967,0.730659147802748,1.0,0.0,0.9197931240228547
561,1768531721965,4.630936282208342,4.0212331279564175,3.8307049513542886,3.8307049513542886,3.8307049513542886,0.978855550289154,0.9727763679898171,ok,True,True,-15.71711070205485,0.6097031542519247,1.0,0.0,0.9197931240228547
562,1768531721995,7.406514615115648,6.0524020202519555,5.745975412030651,5.745975412030651,5.745975412030651,0.9557414650917053,0.96255542625095,ok,True,True,-12.367831917799268,1.3541125948636923,1.0,0.0,0.9197931240228547
563,1768531722030,9.362554823415357,8.038493702149996,7.736623023851011,7.736623023851011,7.736623023851011,0.9801024198532104,0.9730836224123063,ok,True,True,-9.068349982191895,1.3240611212653608,1.0,0.0,0.9197931240228547
564,1768531722063,11.235091367054466,9.956452301092678,9.674968957976635,9.674968957976635,9.674968957976635,0.9642525911331177,0.9677850036447931,ok,True,True,-5.991704012403849,1.2786390659617872,1.0,0.0,0.9197931240228547
565,1768531722098,14.5723777611217,12.72600757711009,12.363201733267038,12.363201733267038,12.363201733267038,0.984574019908905,0.9778584134032603,ok,True,True,-2.0261935672081446,1.8463701840116098,1.0,0.0,0.9197931240228547
566,1768531722130,20.06642359418598,17.130257187355625,16.59068543185743,16.59068543185743,16.59068543185743,0.9696933031082153,0.9729593472262333,ok,True,True,3.871389034262563,2.936166406830356,1.0,0.0,0.9197931240228547
567,1768531722168,28.363580018291284,23.87025088591702,23.072207206807956,23.072207206807956,23.072207206807956,0.9760578870773315,0.9748184711368924,ok,True,True,12.594100090147345,4.493329132374264,1.0,0.0,0.9197931240228547
568,1768531722212,36.10713225958091,31.21237971011535,30.35073712412572,30.35073712412572,30.35073712412572,0.9651932120323181,0.9690433156741478,ok,True,True,22.011954660994434,4.894752549465558,1.0,0.0,0.9197931240228547
569,1768531722242,39.978815365840134,36.47224110355022,35.87093126537831,35.87093126537831,35.87093126537831,0.9700616598129272,0.9696543221574155,ok,True,True,28.584341750495593,3.5065742622899165,1.0,0.0,0.9197931240228547
570,1768531722276,40.62766627949675,38.965496209118136,38.726462811979296,38.726462811979296,38.726462811979296,0.9033231735229492,0.9298556329767357,ok,True,True,31.19700482963475,1.6621700703786146,1.0,0.0,0.9197931240228547
571,1768531722315,38.5289710707023,38.703581126068634,38.82219437876416,38.82219437876416,38.82219437876416,0.9584002494812012,0.9469824028794149,ok,True,True,29.900548059478044,0.17461005536633678,1.0,0.0,0.9197931240228547
572,1768531722346,35.27609523155513,36.64708958936053,37.001081612477165,37.001081612477165,37.001081612477165,0.9615628719329834,0.955730684311556,ok,True,True,26.03137370904438,1.370994357805401,1.0,0.0,0.9197931240228547
573,1768531722378,28.6047779469162,31.821702603893932,32.496596694501136,32.496596694501136,32.496596694501136,0.9680257439613342,0.9631077201014229,ok,True,True,18.65470210597762,3.2169246569777314,1.0,0.0,0.9197931240228547
574,1768531722413,21.520587244854507,25.641033388470277,26.475557577862386,26.475557577862386,26.475557577862386,0.9713886976242065,0.968076306615093,ok,True,True,9.533254792040541,4.120446143615769,1.0,0.0,0.9197931240228547
575,1768531722444,15.520409446018443,19.568659022999178,20.37497882555614,20.37497882555614,20.37497882555614,0.9830209016799927,0.9770430636540328,ok,True,True,0.7200847357417963,4.048249576980735,1.0,0.0,0.9197931240228547
576,1768531722476,10.699072716513804,14.246907239107955,14.93351809799676,14.93351809799676,14.93351809799676,0.9707972407341003,0.9732955699020733,ok,True,True,-6.784652519499899,3.547834522594151,1.0,0.0,0.9197931240228547
577,1768531722509,7.22907804781052,10.036209724329495,10.557540312677165,10.557540312677165,10.557540312677165,0.9886395335197449,0.9825019480726763,ok,True,True,-12.482857023579033,2.807131676518975,1.0,0.0,0.9197931240228547
578,1768531722549,4.907119246612117,6.958755437699069,7.31396396118326,7.31396396118326,7.31396396118326,0.9724223017692566,0.9764541602906245,ok,True,True,-16.365327865775416,2.051636191086952,1.0,0.0,0.9197931240228547
579,1768531722581,5.252690942663687,5.93511674067784,6.028122401651299,6.028122401651299,6.028122401651299,0.96160489320755,0.9675446000407798,ok,True,True,-17.38189065359018,0.6824257980141528,1.0,0.0,0.9197931240228547
580,1768531722623,8.360743383452116,7.390492726342405,7.173779143455865,7.173779143455865,7.173779143455865,0.9722448587417603,0.9703647552613681,ok,True,True,-15.013185763257363,0.9702506571097107,1.0,0.0,0.9197931240228547
581,1768531722662,10.480186613631535,9.244309058715883,8.957372422723852,8.957372422723852,8.957372422723852,0.9684133529663086,0.9691939138843324,ok,True,True,-11.876934662440071,1.2358775549156515,1.0,0.0,0.9197931240228547
582,1768531722700,12.58259658445036,11.24728157415657,10.947528334890663,10.947528334890663,10.947528334890663,0.9582399129867554,0.9626215133457862,ok,True,True,-8.600596583926603,1.3353150102937903,1.0,0.0,0.9197931240228547
583,1768531722732,13.993985244547128,12.895303776390906,12.645923524045001,12.645923524045001,12.645923524045001,0.9622751474380493,0.962413693801144,ok,True,True,-5.8748411632641275,1.0986814681562223,1.0,0.0,0.9197931240228547
584,1768531722761,18.304498595206947,16.14082066768053,15.72891212787192,15.72891212787192,15.72891212787192,0.9700986742973328,0.9670246820988573,ok,True,True,-1.3726324894067075,2.163677927526418,1.0,0.0,0.9197931240228547
585,1768531722796,23.42926569069321,20.513887681488136,19.974747314818085,19.974747314818085,19.974747314818085,0.974705696105957,0.9716332905031171,ok,True,True,4.520234981552785,2.9153780092050745,1.0,0.0,0.9197931240228547
586,1768531722827,32.316371668782246,27.5953780738646,26.76168317021391,26.76168317021391,26.76168317021391,0.9807919263839722,0.9771284720316301,ok,True,True,13.632618105026975,4.720993594917644,1.0,0.0,0.9197931240228547
587,1768531722860,39.37969808147699,34.66597007843203,33.834517342267915,33.834517342267915,33.834517342267915,0.9519206285476685,0.962003765941253,ok,True,True,22.72049407477478,4.713728003044956,1.0,0.0,0.9197931240228547
588,1768531722896,42.26289405850829,39.22412446647779,38.707134916971455,38.707134916971455,38.707134916971455,0.9502461552619934,0.9549491995336973,ok,True,True,28.371250514936378,3.038769592030498,1.0,0.0,0.9197931240228547
589,1768531722944,41.6123921395075,40.657085070295615,40.54500526099735,40.54500526099735,40.54500526099735,0.9145732522010803,0.930723631134127,ok,True,True,29.596295982120445,0.9553070692118837,1.0,0.0,0.9197931240228547
590,1768531722976,39.30139740901015,39.843672473524336,40.032050230948784,40.032050230948784,40.032050230948784,0.9250467419624329,0.9273174976311106,ok,True,True,27.537304989041626,0.5422750645141861,1.0,0.0,0.9197931240228547
591,1768531723010,37.72241426628317,38.57091754917963,38.8364339496857,38.8364339496857,38.8364339496857,0.9637978076934814,0.9492056836685332,ok,True,True,24.63517957555727,0.8485032828964663,1.0,0.0,0.9197931240228547
592,1768531723041,31.330605210332738,34.2267301458715,34.8328506995421,34.8328506995421,34.8328506995421,0.9593905210494995,0.9553165860971129,ok,True,True,18.010210801161374,2.8961249355387615,1.0,0.0,0.9197931240228547
593,1768531723076,25.514712162940633,28.99951935611298,29.717558274213136,29.717558274213136,29.717558274213136,0.9423839449882507,0.9475570014317957,ok,True,True,10.161961170940518,3.4848071931723474,1.0,0.0,0.9197931240228547
594,1768531723108,18.632321983808726,22.77920093273043,23.591370658904985,23.591370658904985,23.591370658904985,0.9629958868026733,0.9568203326543223,ok,True,True,1.284850763065771,4.146878948921703,1.0,0.0,0.9197931240228547
595,1768531723149,15.006324750278983,18.115475223259562,18.731400101816686,18.731400101816686,18.731400101816686,0.9768376350402832,0.9688307140858988,ok,True,True,-5.447280432788847,3.109150472980579,1.0,0.0,0.9197931240228547
596,1768531723180,9.797623798598782,13.124764368463094,13.730235737029759,13.730235737029759,13.730235737029759,0.9817696213722229,0.9765940584576933,ok,True,True,-12.065153537822717,3.327140569864312,1.0,0.0,0.9197931240228547
597,1768531723212,7.7720669638710955,9.913145925707894,10.294272622612658,10.294272622612658,10.294272622612658,0.9846386909484863,0.9814208379521692,ok,True,True,-16.23091305676967,2.141078961836799,1.0,0.0,0.9197931240228547
598,1768531723244,4.7118122904761135,6.792345744568825,7.122800728347654,7.122800728347654,7.122800728347654,0.9850332140922546,0.9835882636362205,ok,True,True,-19.842824805381973,2.080533454092712,1.0,0.0,0.9197931240228547
599,1768531723278,1.7657211485908009,3.776370986982011,4.07603441371633,4.07603441371633,4.07603441371633,0.9679709076881409,0.9742178500673727,ok,True,True,-23.118181222386493,2.0106498383912097,1.0,0.0,0.9197931240228547
600,1768531723309,1.2082684955714698,2.2355094921356864,2.354919283473841,2.354919283473841,2.354919283473841,0.9613125324249268,0.9664746594819051,ok,True,True,-24.423344253373763,1.0272409965642166,1.0,0.0,0.9197931240228547
601,1768531723346,1.3341111458713881,1.6946704843771077,1.6774984254791105,1.6774984254791105,1.6774984254791105,0.9829134345054626,0.9763379244960396,ok,True,True,-24.235651634632536,0.36055933850571953,1.0,0.0,0.9197931240228547
602,1768531723384,-0.13893442507126835,0.594507538708082,0.6252144576260592,0.6252144576260592,0.6252144576260592,0.9598139524459839,0.9664235412660062,ok,True,True,-24.571281861585806,0.7334419637793503,1.0,0.0,0.9197931240228547
603,1768531723423,0.691945641178827,0.652970400190529,0.5584622515310824,0.5584622515310824,0.5584622515310824,0.9829769730567932,0.9763556003404783,ok,True,True,-23.53829670705983,0.038975240988297966,1.0,0.0,0.9197931240228547
604,1768531723456,-0.37120878607894764,0.03846288842884302,0.008930660895669074,0.008930660895669074,0.008930660895669074,0.9859185814857483,0.9820933890276403,ok,True,True,-23.21550599478189,0.40967167450779063,1.0,0.0,0.9197931240228547
605,1768531723489,0.7417257776650931,0.4604206219705931,0.3236648215520278,0.3236648215520278,0.3236648215520278,0.9787043929100037,0.9800599913570583,ok,True,True,-21.72074904914813,0.2813051556945,1.0,0.0,0.9197931240228547
606,1768531723523,0.41130379966598213,0.4309505285878265,0.33817093935186493,0.33817093935186493,0.33817093935186493,0.9732847213745117,0.9759948293675303,ok,True,True,-20.706657251951686,0.01964672892184438,1.0,0.0,0.9197931240228547
607,1768531723556,1.4019476999597027,1.0135488314109522,0.861139157981432,0.861139157981432,0.861139157981432,0.9795351624488831,0.978119029216342,ok,True,True,-19.040801637467478,0.3883988685487505,1.0,0.0,0.9197931240228547
608,1768531723589,1.7404444893075726,1.4496862261489243,1.3131647662197832,1.3131647662197832,1.3131647662197832,0.9706945419311523,0.9736643368452282,ok,True,True,-17.54860606088086,0.2907582631586483,1.0,0.0,0.9197931240228547
609,1768531723622,1.3571787134969284,1.3941817185577268,1.3198551519383188,1.3198551519383188,1.3198551519383188,0.9653180241584778,0.968656549233178,ok,True,True,-16.736207966179,0.037003005060798344,1.0,0.0,0.9197931240228547
610,1768531723656,2.0491185412766564,1.7871438121890844,1.6727291461405653,1.6727291461405653,1.6727291461405653,0.9631861448287964,0.965374306590549,ok,True,True,-15.485642240740313,0.261974729087572,1.0,0.0,0.9197931240228547
611,1768531723689,1.7207079993658612,1.7472823244951505,1.6813518217022283,1.6813518217022283,1.6813518217022283,0.9719640016555786,0.9693281236295668,ok,True,True,-14.76501410886425,0.026574325129289367,1.0,0.0,0.9197931240228547
612,1768531723722,1.561397610451972,1.6357514960692434,1.5859117832512286,1.5859117832512286,1.5859117832512286,0.9613771438598633,0.9645575357677447,ok,True,True,-14.220260199522894,0.07435388561727141,1.0,0.0,0.9197931240228547
613,1768531723757,2.370529750672041,2.076618448830922,1.9689500457566804,1.9689500457566804,1.9689500457566804,0.9607334136962891,0.9622630625248714,ok,True,True,-13.04343192000613,0.2939113018411188,1.0,0.0,0.9197931240228547
614,1768531723793,2.9795181867055893,2.6183582915557224,2.4973558290576143,2.4973558290576143,2.4973558290576143,0.9617248177528381,0.9619401156616514,ok,True,True,-11.720860806354981,0.3611598951498669,1.0,0.0,0.9197931240228547
615,1768531723826,4.873709641989137,3.971569101815771,3.763433368615142,3.763433368615142,3.763433368615142,0.9427646994590759,0.9504348659401061,ok,True,True,-9.445912819622418,0.9021405401733662,1.0,0.0,0.9197931240228547
616,1768531723860,5.6026575684342355,4.95022218178685,4.782628148524164,4.782628148524164,4.782628148524164,0.9449286460876465,0.9471311340286304,ok,True,True,-7.61409037041414,0.6524353866473858,1.0,0.0,0.9197931240228547
617,1768531723889,6.123352098949461,5.654100132084416,5.528512244192813,5.528512244192813,5.528512244192813,0.9431227445602417,0.9447261003475972,ok,True,True,-6.241400019153804,0.4692519668650448,1.0,0.0,0.9197931240228547
618,1768531723922,5.662244909200816,5.658986998354257,5.621205842207827,5.621205842207827,5.621205842207827,0.9392646551132202,0.941449233206971,ok,True,True,-5.828447549195661,0.003257910846559575,1.0,0.0,0.9197931240228547
619,1768531723956,6.760599468004117,6.3199544801441725,6.220286594581552,6.220286594581552,6.220286594581552,0.9250105023384094,0.931585994685834,ok,True,True,-4.73906586486943,0.44064498785994477,1.0,0.0,0.9197931240228547
620,1768531723989,7.252099108243267,6.879241257003629,6.788067365826222,6.788067365826222,6.788067365826222,0.9637008309364319,0.9508548964361927,ok,True,True,-3.742524535867154,0.37285785123963766,1.0,0.0,0.9197931240228547
621,1768531724022,10.08849140912708,8.8047913482777,8.56578906161654,8.56578906161654,8.56578906161654,0.9540653228759766,0.9527811523000631,ok,True,True,-1.1302014978995336,1.2837000608493803,1.0,0.0,0.9197931240228547
622,1768531724064,15.269299671929424,12.683496342468734,12.219729278515572,12.219729278515572,12.219729278515572,0.9768917560577393,0.9672475145546688,ok,True,True,3.938826929987595,2.58580332946069,1.0,0.0,0.9197931240228547
623,1768531724093,20.160554152399882,17.16973102842742,16.63193244419816,16.63193244419816,16.63193244419816,0.9635854959487915,0.9650503033911424,ok,True,True,9.817028561423188,2.9908231239724614,1.0,0.0,0.9197931240228547
624,1768531724132,29.685988791776023,24.67948568643658,23.81784870421658,23.81784870421658,23.81784870421658,0.977328896522522,0.9724174592699701,ok,True,True,19.234821882410603,5.006503105339444,1.0,0.0,0.9197931240228547
625,1768531724163,38.60126068850058,33.032550687674984,32.07568863905303,32.07568863905303,32.07568863905303,0.965297520160675,0.9681454958043931,ok,True,True,29.693436352973496,5.568710000825597,1.0,0.0,0.9197931240228547
626,1768531724198,46.231335379374244,40.95182150269454,40.07165420960466,40.07165420960466,40.07165420960466,0.9422695636749268,0.9526199365267134,ok,True,True,39.313768146133484,5.279513876679701,1.0,0.0,0.9197931240228547
627,1768531724230,50.49676582001993,46.67878809308978,46.087645286535384,46.087645286535384,46.087645286535384,0.9018829464912415,0.9221777425054303,ok,True,True,45.775028387045765,3.8179777269301525,1.0,0.0,0.9197931240228547
628,1768531724267,48.40848822241121,47.71660817068263,47.70509835870121,47.70509835870121,47.70509835870121,0.9484775066375732,0.937957600984716,ok,True,True,45.90083198257528,0.6918800517285746,1.0,0.0,0.9197931240228547
629,1768531724302,42.675872117114835,44.692166538541954,45.1991898858146,45.1991898858146,45.1991898858146,0.9703783392906189,0.9574100439682578,ok,True,True,40.35900730227183,2.0162944214271192,1.0,0.0,0.9197931240228547
630,1768531724334,36.29109727407441,39.65152497986143,40.42082398460896,40.42082398460896,40.42082398460896,0.9744365215301514,0.9676259305053939,ok,True,True,31.950478910086687,3.3604277057870178,1.0,0.0,0.9197931240228547
631,1768531724390,17.11111821472847,26.12728092078165,27.841394356463642,27.841394356463642,27.841394356463642,0.9825291037559509,0.976567834455728,ok,True,True,13.21501792234216,9.01616270605318,1.0,0.0,0.9197931240228547
632,1768531724438,8.084252308896083,15.30146375365031,16.7501629110007,16.7501629110007,16.7501629110007,0.9722771644592285,0.9739934324578283,ok,True,True,-2.6194338592679927,7.217211444754227,1.0,0.0,0.9197931240228547
633,1768531724469,5.61508661570828,9.489637470885093,10.290213702847872,10.290213702847872,10.290213702847872,0.9353878498077393,0.9508300828677749,ok,True,True,-11.369826015016104,3.874550855176813,1.0,0.0,0.9197931240228547
634,1768531724504,4.08672073893784,6.247887431716741,6.656738725017792,6.656738725017792,6.656738725017792,0.9440615177154541,0.9467689437763824,ok,True,True,-15.838618625805637,2.1611666927789006,1.0,0.0,0.9197931240228547
635,1768531724540,3.537854476387996,4.621867658519494,4.79004924795352,4.79004924795352,4.79004924795352,0.9727483987808228,0.9623566167790467,ok,True,True,-17.676863132911077,1.084013182131498,1.0,0.0,0.9197931240228547
636,1768531724580,4.58968440220057,4.60255770472814,4.5577212601974,4.5577212601974,4.5577212601974,0.9663395881652832,0.9647463996107886,ok,True,True,-17.18679553303802,0.012873302527570019,1.0,0.0,0.9197931240228547
637,1768531724611,6.1513668692084025,5.531843203416297,5.359186418963627,5.359186418963627,5.359186418963627,0.9739152789115906,0.9702477271912697,ok,True,True,-15.299636619255041,0.619523665792105,1.0,0.0,0.9197931240228547
638,1768531724643,7.746726357197776,6.860773095685184,6.636268506360958,6.636268506360958,6.636268506360958,0.9656075835227966,0.9674636409901858,ok,True,True,-12.845775114354037,0.8859532615125918,1.0,0.0,0.9197931240228547
639,1768531724676,8.63421730387567,7.924839620599476,7.733237818742829,7.733237818742829,7.733237818742829,0.9589484930038452,0.9623545521983814,ok,True,True,-10.7515449373188,0.7093776832761947,1.0,0.0,0.9197931240228547
640,1768531724707,10.9517579217587,9.74099060129501,9.476914507488344,9.476914507488344,9.476914507488344,0.9518217444419861,0.9560348675445443,ok,True,True,-7.865162245065832,1.21076732046369,1.0,0.0,0.9197931240228547
641,1768531724740,12.696562460390656,11.514333716752397,11.25768461903462,11.25768461903462,11.25768461903462,0.9708489179611206,0.96492329779449,ok,True,True,-5.059957491555382,1.1822287436382588,1.0,0.0,0.9197931240228547
642,1768531724772,14.572680057874857,13.349341521425874,13.097075110041548,13.097075110041548,13.097075110041548,0.9564716219902039,0.9598522923119184,ok,True,True,-2.3026560139382344,1.223338536448983,1.0,0.0,0.9197931240228547
643,1768531724819,17.328800943997216,15.73701717496868,15.43381638152501,15.43381638152501,15.43381638152501,0.9804076552391052,0.9721855100682305,ok,True,True,1.0113642362775566,1.5917837690285364,1.0,0.0,0.9197931240228547
644,1768531724853,21.39446555139783,19.131486200826167,18.722565085730444,18.722565085730444,18.722565085730444,0.9466429948806763,0.956860000955698,ok,True,True,5.480920007475829,2.262979350571662,1.0,0.0,0.9197931240228547
645,1768531724890,27.775525632413878,24.317909859778794,23.713823780889378,23.713823780889378,23.713823780889378,0.946552038192749,0.9506752232979285,ok,True,True,12.083651733786107,3.4576157726350836,1.0,0.0,0.9197931240228547
646,1768531724920,36.622990042045615,31.700957969138884,30.854496461361215,30.854496461361215,30.854496461361215,0.950873613357544,0.9507942573336978,ok,True,True,21.335575338413918,4.922032072906731,1.0,0.0,0.9197931240228547
647,1768531724959,44.62137263284774,39.45320676736419,38.57290858123019,38.57290858123019,38.57290858123019,0.9201608896255493,0.9324142367088086,ok,True,True,30.95733780790532,5.1681658654835445,1.0,0.0,0.9197931240228547
648,1768531724999,47.515439666194496,44.29054650666237,43.76758943638519,43.76758943638519,43.76758943638519,0.9343806505203247,0.9335940849957183,ok,True,True,36.673319950327034,3.2248931595321224,1.0,0.0,0.9197931240228547
649,1768531725033,46.3852044267313,45.547341258703725,45.48514214046778,45.48514214046778,45.48514214046778,0.9487048983573914,0.9426605730127221,ok,True,True,37.35316361115106,0.8378631680275745,1.0,0.0,0.9197931240228547
650,1768531725068,41.175986082531274,42.92452815300025,43.349270787701265,43.349270787701265,43.349270787701265,0.9695122838020325,0.9587715994863083,ok,True,True,32.710676774154464,1.7485420704689787,1.0,0.0,0.9197931240228547
651,1768531725098,33.94137949217743,37.53463895650656,38.30527975745448,38.30527975745448,38.30527975745448,0.9602080583572388,0.9596334748088665,ok,True,True,24.287482392051466,3.5932594643291296,1.0,0.0,0.9197931240228547
652,1768531725137,23.157960168133645,28.90863168348281,30.047712331970246,30.047712331970246,30.047712331970246,0.9420799016952515,0.9491013309406975,ok,True,True,11.837197243250882,5.750671515349165,1.0,0.0,0.9197931240228547
653,1768531725173,15.068952498774435,20.604824172657786,21.70274779490947,21.70274779490947,21.70274779490947,0.9661862254142761,0.9593522676248447,ok,True,True,-0.1632367793874252,5.535871673883351,1.0,0.0,0.9197931240228547
654,1768531725204,9.38086121717867,13.870446399370316,14.743974062468595,14.743974062468595,14.743974062468595,0.9683204293251038,0.9647331646450001,ok,True,True,-9.710996637638544,4.489585182191647,1.0,0.0,0.9197931240228547
655,1768531725251,7.794838048142577,10.225081388633672,10.693291740056381,10.693291740056381,10.693291740056381,0.9521294236183167,0.9571709200289901,ok,True,True,-14.828590718947503,2.430243340491095,1.0,0.0,0.9197931240228547
656,1768531725284,7.077034407770604,8.33625320011583,8.544148259665144,8.544148259665144,8.544148259665144,0.9559840559959412,0.9564588016091607,ok,True,True,-17.100908114430318,1.2592187923452265,1.0,0.0,0.9197931240228547
657,1768531725316,7.657729030388451,7.929138698279402,7.934158674875463,7.934158674875463,7.934158674875463,0.9647451639175415,0.9614306189941891,ok,True,True,-17.155777047674203,0.27140966789095167,1.0,0.0,0.9197931240228547
658,1768531725351,8.487795220764662,8.264332611770559,8.163659939518224,8.163659939518224,8.163659939518224,0.9538819193840027,0.9569013992280773,ok,True,True,-16.055412926926746,0.22346260899410275,1.0,0.0,0.9197931240228547
659,1768531725381,9.090836549519752,8.760234974420076,8.633923824633163,8.633923824633163,8.633923824633163,0.9418817162513733,0.9478895894420548,ok,True,True,-14.674817238282426,0.330601575099676,1.0,0.0,0.9197931240228547
660,1768531725420,10.267933599121426,9.664854149240885,9.495202280915144,9.495202280915144,9.495202280915144,0.9623696208000183,0.9565776082568329,ok,True,True,-12.820502410366585,0.603079449880541,1.0,0.0,0.9197931240228547
661,1768531725450,11.43993811111222,10.729904526363686,10.544408854709229,10.544408854709229,10.544408854709229,0.898474931716919,0.9217160023328845,ok,True,True,-10.793012952940552,0.7100335847485333,1.0,0.0,0.9197931240228547
662,1768531725480,14.646202116282169,13.079683080314776,12.756577949065038,12.756577949065038,12.756577949065038,0.9696926474571228,0.9505019894074275,ok,True,True,-7.261435954910054,1.5665190359673922,1.0,0.0,0.9197931240228547
663,1768531725510,18.64931454937562,16.421461961751284,15.985423371664341,15.985423371664341,15.985423371664341,0.9605855941772461,0.9565521522693186,ok,True,True,-2.4954830000668444,2.227852587624337,1.0,0.0,0.9197931240228547
664,1768531725540,23.191747643698072,20.483633370919357,19.97232063121852,19.97232063121852,19.97232063121852,0.9504749178886414,0.9529058116409121,ok,True,True,3.0932252427982867,2.7081142727787153,1.0,0.0,0.9197931240228547
665,1768531725571,29.270435397368544,25.75571458678887,25.121758282638787,25.121758282638787,25.121758282638787,0.9582325220108032,0.9561018378628469,ok,True,True,10.022442036208979,3.514720810579675,1.0,0.0,0.9197931240228547
666,1768531725602,37.43136644038279,32.761105698945215,31.945791280105894,31.945791280105894,31.945791280105894,0.948845624923706,0.9517481100993623,ok,True,True,18.93392430391092,4.670260741437573,1.0,0.0,0.9197931240228547
667,1768531725635,46.05450340557543,40.73714432292334,39.82641132107352,39.82641132107352,39.82641132107352,0.9479870796203613,0.9494914918119618,ok,True,True,28.888342880427054,5.317359082652089,1.0,0.0,0.9197931240228547
668,1768531725666,49.4694277446122,45.97651437593665,45.397594328442594,45.397594328442594,45.397594328442594,0.8406515717506409,0.8841875397751692,ok,True,True,35.21600693057946,3.492913368675545,1.0,0.0,0.9197931240228547
669,1768531725698,48.53509242799311,47.511661207170526,47.40672887485689,47.40672887485689,47.40672887485689,0.9261783361434937,0.9093820175961639,ok,True,True,36.36292963562964,1.0234312208225873,1.0,0.0,0.9197931240228547
670,1768531725728,46.40107500627206,46.84530948663145,47.043245333734035,47.043245333734035,47.043245333734035,0.924346923828125,0.9183609613353405,ok,True,True,34.19946760081327,0.44423448035939117,1.0,0.0,0.9197931240228547
671,1768531725758,40.194213429262895,42.85465185221032,43.44935499095279,43.44935499095279,43.44935499095279,0.9735616445541382,0.9514813712666191,ok,True,True,27.69929251131237,2.660438422947422,1.0,0.0,0.9197931240228547
672,1768531725788,30.346135139882346,35.349541824813535,36.35658006292691,36.35658006292691,36.35658006292691,0.9173922538757324,0.9310279008320871,ok,True,True,16.692246401885292,5.003406684931189,1.0,0.0,0.9197931240228547
673,1768531725821,19.11733387065319,25.610217052317328,26.871678624384202,26.871678624384202,26.871678624384202,0.9262985587120056,0.9281902955600382,ok,True,True,2.904323398064646,6.492883181664137,1.0,0.0,0.9197931240228547
674,1768531725854,12.253319846073786,17.596078728571204,18.642099714997567,18.642099714997567,18.642099714997567,0.9719550013542175,0.9544491190365458,ok,True,True,-8.528808724697054,5.342758882497417,1.0,0.0,0.9197931240228547
675,1768531725889,8.15164704465286,11.929419718220197,12.646868759587733,12.646868759587733,12.646868759587733,0.9453774690628052,0.9490061290523014,ok,True,True,-16.37061093301364,3.7777726735673376,1.0,0.0,0.9197931240228547
676,1768531725926,7.259825115646075,9.127662956675724,9.459526673114851,9.459526673114851,9.459526673114851,0.9674819111824036,0.9600915983303626,ok,True,True,-19.99792029490506,1.8678378410296492,1.0,0.0,0.9197931240228547
677,1768531725959,6.84027210265836,7.755228444265306,7.871042501247411,7.871042501247411,7.871042501247411,0.9613289833068848,0.9608340293162759,ok,True,True,-21.263781527453737,0.9149563416069464,1.0,0.0,0.9197931240228547
678,1768531725994,7.904943827081019,7.845057673954734,7.768851945498124,7.768851945498124,7.768851945498124,0.9360021352767944,0.945934892892587,ok,True,True,-20.430843973368574,0.05988615312628465,1.0,0.0,0.9197931240228547
679,1768531726025,8.677062055236618,8.344260302723864,8.2040339530923,8.2040339530923,8.2040339530923,0.9198830127716064,0.9303037648199987,ok,True,True,-18.89815351759911,0.33280175251275423,1.0,0.0,0.9197931240228547
680,1768531726060,10.858034301481744,9.852524701978592,9.598237428278331,9.598237428278331,9.598237428278331,0.940758466720581,0.9365765859603481,ok,True,True,-16.11876377773884,1.0055095995031529,1.0,0.0,0.9197931240228547
681,1768531726092,12.836130545963735,11.642688208369679,11.354549184731084,11.354549184731084,11.354549184731084,0.9461248517036438,0.9423055454063255,ok,True,True,-12.969370438855288,1.1934423375940568,1.0,0.0,0.9197931240228547
682,1768531726122,16.531220027787214,14.575807300020198,14.168045464547406,14.168045464547406,14.168045464547406,0.9607068300247192,0.9533463161773618,ok,True,True,-8.51248572996667,1.9554127277670155,1.0,0.0,0.9197931240228547
683,1768531726156,20.369109845082914,18.051788827057827,17.586669961566813,17.586669961566813,17.586669961566813,0.9340218305587769,0.9417516248062108,ok,True,True,-3.428681952649118,2.317321018025087,1.0,0.0,0.9197931240228547
684,1768531726189,29.37583232303665,24.84621492464512,24.023247839717975,24.023247839717975,24.023247839717975,0.9607831835746765,0.9531705600672902,ok,True,True,5.566444853364031,4.5296173983915295,1.0,0.0,0.9197931240228547
685,1768531726223,38.580559174308405,33.08682147444309,32.09597703921586,32.09597703921586,32.09597703921586,0.9566774964332581,0.9552747218868709,ok,True,True,16.39649079704895,5.493737699865314,1.0,0.0,0.9197931240228547
686,1768531726256,46.991879129923376,41.429856067731265,40.449133901647855,40.449133901647855,40.449133901647855,0.9454025030136108,0.9493513905629148,ok,True,True,27.11589915123502,5.562023062192111,1.0,0.0,0.9197931240228547
687,1768531726297,48.61281176055004,45.739629483422526,45.25005326019199,45.25005326019199,45.25005326019199,0.8734846711158752,0.9038313588946911,ok,True,True,32.46702471849574,2.873182277127512,1.0,0.0,0.9197931240228547
688,1768531726328,48.52926740209574,47.41341223462645,47.292751789111314,47.292751789111314,47.292751789111314,0.9295435547828674,0.9192586764275968,ok,True,True,33.78585754639036,1.1158551674692916,1.0,0.0,0.9197931240228547
689,1768531726364,45.357773336937974,46.18002889601337,46.42990648324379,46.42990648324379,46.42990648324379,0.9675126671791077,0.9482110708785034,ok,True,True,31.054666197082316,0.8222555590753942,1.0,0.0,0.9197931240228547
690,1768531726397,39.097079684270426,41.930259368967604,42.547978751130415,42.547978751130415,42.547978751130415,0.9593549966812134,0.9548974263601294,ok,True,True,24.302920866248712,2.8331796846971784,1.0,0.0,0.9197931240228547
691,1768531726429,28.576507387096896,33.91800817984518,34.971580149037216,34.971580149037216,34.971580149037216,0.9294356107711792,0.9396203370067593,ok,True,True,12.787255615818559,5.341500792748285,1.0,0.0,0.9197931240228547
692,1768531726464,19.153173476099628,25.05910735759785,26.2129740484419,26.2129740484419,26.2129740484419,0.9738706946372986,0.9601705515850829,ok,True,True,0.17535728905149917,5.905933881498221,1.0,0.0,0.9197931240228547
693,1768531726499,12.067604998451428,17.264205942109996,18.26359807426854,18.26359807426854,18.26359807426854,0.974265456199646,0.9686274943538207,ok,True,True,-10.748115985087738,5.196600943658568,1.0,0.0,0.9197931240228547
694,1768531726534,9.102451720919909,12.367153409395943,12.985249070054879,12.985249070054879,12.985249070054879,0.9216758012771606,0.9404564785078247,ok,True,True,-17.50397408403685,3.264701688476034,1.0,0.0,0.9197931240228547
695,1768531726566,7.926017398815541,9.702471803047702,10.00373222986262,10.00373222986262,10.00373222986262,0.9723038673400879,0.9595649118071825,ok,True,True,-20.796785899315882,1.7764544042321608,1.0,0.0,0.9197931240228547
696,1768531726602,7.008360724212008,8.086005155746285,8.22266728676536,8.22266728676536,8.22266728676536,0.9515236020088196,0.9547401259281647,ok,True,True,-22.29051902742194,1.077644431534277,1.0,0.0,0.9197931240228547
697,1768531726632,7.72793745130923,7.871164533084052,7.827469005106777,7.827469005106777,7.827469005106777,0.9535145163536072,0.9540047601834303,ok,True,True,-21.812921779354504,0.14322708177482202,1.0,0.0,0.9197931240228547
698,1768531726663,9.007484033235729,8.552956233175058,8.390838497365847,8.390838497365847,8.390838497365847,0.9347068667411804,0.9424260241180804,ok,True,True,-20.04095590390677,0.45452780006067073,1.0,0.0,0.9197931240228547
699,1768531726697,10.592960742756498,9.776958938923922,9.547702401336583,9.547702401336583,9.547702401336583,0.9542337656021118,0.9495106690084992,ok,True,True,-17.53515504689169,0.8160018038325756,1.0,0.0,0.9197931240228547
700,1768531726727,12.48287934970215,11.400511185390858,11.128491356896173,11.128491356896173,11.128491356896173,0.942725419998169,0.945439519602301,ok,True,True,-14.561946402373126,1.0823681643112923,1.0,0.0,0.9197931240228547
701,1768531726766,15.173808778326318,13.664489741152133,13.327282553074456,13.327282553074456,13.327282553074456,0.9230899810791016,0.9320297964883814,ok,True,True,-10.876232268464161,1.5093190371741851,1.0,0.0,0.9197931240228547
702,1768531726797,17.71084590599703,16.09230344005907,15.743247518118554,15.743247518118554,15.743247518118554,0.9221721887588501,0.9261152318506626,ok,True,True,-7.061010083092412,1.61854246593796,1.0,0.0,0.9197931240228547
703,1768531726837,21.794468103215006,19.513602237952632,19.066538069235662,19.066538069235662,19.066538069235662,0.9423107504844666,0.935832543030945,ok,True,True,-2.1745462600708425,2.280865865262374,1.0,0.0,0.9197931240228547
704,1768531726869,29.543316351083984,25.531430705831443,24.801817556103988,24.801817556103988,24.801817556103988,0.9624227285385132,0.9517866543354859,ok,True,True,5.800211079968005,4.011885645252541,1.0,0.0,0.9197931240228547
705,1768531726899,37.39988688426074,32.65250441288902,31.797895561087493,31.797895561087493,31.797895561087493,0.9318453073501587,0.9398218461442895,ok,True,True,15.141186110793907,4.747382471371715,1.0,0.0,0.9197931240228547
706,1768531726932,46.647539874480834,41.04952568984411,40.07331302601303,40.07331302601303,40.07331302601303,0.934470534324646,0.9366110590525034,ok,True,True,25.811305076212555,5.598014184636725,1.0,0.0,0.9197931240228547
707,1768531726963,49.883777765406144,46.350076935181335,45.74557348934592,45.74557348934592,45.74557348934592,0.8652941584587097,0.8938209186962272,ok,True,True,32.41859867221684,3.5337008302248094,1.0,0.0,0.9197931240228547
708,1768531726995,50.74967774782969,48.98983742277035,48.74836091409916,48.74836091409916,48.74836091409916,0.8811244964599609,0.8862030653544675,ok,True,True,35.05796524708172,1.7598403250593435,1.0,0.0,0.9197931240228547
709,1768531727027,48.90348171550896,48.93802399841351,49.04727949114406,49.04727949114406,49.04727949114406,0.9502483606338501,0.924630242522097,ok,True,True,33.86378989139087,0.03454228290455319,1.0,0.0,0.9197931240228547
710,1768531727058,44.58790489423376,46.327952535905666,46.75742733880712,46.75742733880712,46.75742733880712,0.9428683519363403,0.935573108170643,ok,True,True,29.169579900686276,1.7400476416719073,1.0,0.0,0.9197931240228547
711,1768531727089,36.98043851245681,40.71944412183635,41.50183873076314,41.50183873076314,41.50183873076314,0.9552608132362366,0.9473857312099991,ok,True,True,20.617915018170823,3.7390056093795394,1.0,0.0,0.9197931240228547
712,1768531727155,19.521731352189352,28.00081646004815,29.584319951342234,29.584319951342234,29.584319951342234,0.98273766040802,0.9685968887288117,ok,True,True,3.3100360484842355,8.479085107858797,1.0,0.0,0.9197931240228547
713,1768531727194,14.473422081655483,19.884379833012552,20.979269240333267,20.979269240333267,20.979269240333267,0.9646500945091248,0.9662288121969995,ok,True,True,-8.657233648920851,5.410957751357069,1.0,0.0,0.9197931240228547
714,1768531727227,10.992504036044842,14.549254354831927,15.234678393478886,15.234678393478886,15.234678393478886,0.9576261639595032,0.9610672232545017,ok,True,True,-16.148998819656512,3.556750318787085,1.0,0.0,0.9197931240228547
715,1768531727256,7.625668134356482,10.39510262254666,10.875152518098052,10.875152518098052,10.875152518098052,0.9369324445724487,0.9465863560452699,ok,True,True,-21.39600050755562,2.7694344881901776,1.0,0.0,0.9197931240228547
716,1768531727296,4.604781799661137,6.920910128815346,7.2826311904161045,7.2826311904161045,7.2826311904161045,0.9626520872116089,0.9562257947450732,ok,True,True,-25.349654155553658,2.3161283291542087,1.0,0.0,0.9197931240228547
717,1768531727330,3.689090053953126,4.981818083898014,5.144297425990633,5.144297425990633,5.144297425990633,0.9497079253196716,0.9523150730898322,ok,True,True,-27.125572430110257,1.2927280299448882,1.0,0.0,0.9197931240228547
718,1768531727366,-2.707032544128892,0.36850770708187075,0.8006034767994756,0.8006034767994756,0.8006034767994756,0.9651119709014893,0.9599932117768264,ok,True,True,-31.84842989566223,3.0755402512107626,1.0,0.0,0.9197931240228547
719,1768531727397,-8.749043562882648,-5.10202305489684,-4.5617351253703955,-4.5617351253703955,-4.5617351253703955,0.9288823008537292,0.9413266652229682,ok,True,True,-37.75384036329824,3.6470205079858076,1.0,0.0,0.9197931240228547
720,1768531727432,-16.043394455778746,-11.666845895425983,-11.014322418808938,-11.014322418808938,-11.014322418808938,0.9662433862686157,0.9562766978503567,ok,True,True,-44.88599853046294,4.376548560352763,1.0,0.0,0.9197931240228547
721,1768531727462,-30.314777665141374,-22.855604957255217,-21.701027563333835,-21.701027563333835,-21.701027563333835,0.9776692390441895,0.9691122225666563,ok,True,True,-57.50566492525978,7.459172707886157,1.0,0.0,0.9197931240228547
722,1768531727494,-44.14836541514307,-35.63126123198793,-34.29049137889024,-34.29049137889024,-34.29049137889024,0.979263186454773,0.9752028008995264,invalid,True,True,-72.1604367468582,8.51710418315514,1.0,0.0,0.9197931240228547
723,1768531727527,-56.90480297955571,-48.3953862805286,-47.08964199257416,-47.08964199257416,-47.08964199257416,0.9710344672203064,0.9727018006919944,invalid,True,True,-86.43237503150692,8.509416699027113,1.0,0.0,0.9197931240228547
724,1768531727562,-71.55297874483206,-62.289941759110675,-60.91503793462027,-60.91503793462027,-60.91503793462027,0.9580296874046326,0.9638985327195773,invalid,True,True,-101.46023516574117,9.263036985721385,1.0,0.0,0.9197931240228547
725,1768531727598,-85.01676455133679,-75.92603543444635,-74.62816579800553,-74.62816579800553,-74.62816579800553,0.9502235054969788,0.9556935163860182,invalid,True,True,-115.64610258532683,9.090729116890444,1.0,0.0,0.9197931240228547
726,1768531727628,-95.60742609474957,-87.73486983062828,-86.70230597851767,-86.70230597851767,-86.70230597851767,0.9382829666137695,0.945247186522669,invalid,True,True,-126.93214665094416,7.872556264121286,1.0,0.0,0.9197931240228547
727,1768531727661,-104.16039823951468,-97.59018687596011,-96.84724436994952,-96.84724436994952,-96.84724436994952,0.9531159996986389,0.9499684744282509,invalid,True,True,-135.05259541923726,6.570211363554563,1.0,0.0,0.9197931240228547
728,1768531727697,-111.16749164272306,-105.73656973601788,-105.24688861296457,-105.24688861296457,-105.24688861296457,0.9387965798377991,0.9432653376739798,invalid,True,True,-140.40486755386996,5.43092190670518,1.0,0.0,0.9197931240228547
729,1768531727728,-117.20600299521912,-112.61822969153863,-112.31787691908485,-112.31787691908485,-112.31787691908485,0.9305238723754883,0.9356204584948848,invalid,True,True,-143.6877586004767,4.587773303680493,1.0,0.0,0.9197931240228547
730,1768531727759,-121.10659613519856,-117.71124955773459,-117.64386377088923,-117.64386377088923,-117.64386377088923,0.9468923211097717,0.942383576063817,invalid,True,True,-144.42429315781044,3.395346577463968,1.0,0.0,0.9197931240228547
731,1768531727789,-124.28787705773978,-121.6572260577377,-121.74659831964188,-121.74659831964188,-121.74659831964188,0.9818276762962341,0.9660500362032673,invalid,True,True,-143.4474438481695,2.630651000002075,1.0,0.0,0.9197931240228547
732,1768531727822,-127.03253973423766,-124.88241426363768,-125.06609222331258,-125.06609222331258,-125.06609222331258,0.9868674278259277,0.9785404711768635,invalid,True,True,-141.4398221959721,2.150125470599974,1.0,0.0,0.9197931240228547
733,1768531727856,-128.77352486966146,-127.21708062725196,-127.50320285967169,-127.50320285967169,-127.50320285967169,0.9888808131217957,0.9847446763438228,invalid,True,True,-138.312472621763,1.5564442424094977,1.0,0.0,0.9197931240228547
734,1768531727889,-130.8061769579897,-129.3705384256946,-129.67668372207606,-129.67668372207606,-129.67668372207606,0.9729975461959839,0.9776963982551194,invalid,True,True,-134.96626860892619,1.435638532295087,1.0,0.0,0.9197931240228547
735,1768531727922,-132.12096727195495,-131.02079573345083,-131.37288753312902,-131.37288753312902,-131.37288753312902,0.9691557288169861,0.9725719965922395,invalid,True,True,-131.11786392364874,1.100171538504128,1.0,0.0,0.9197931240228547
736,1768531727956,-132.30581592311154,-131.79180784724724,-132.2328400727278,-132.2328400727278,-132.2328400727278,0.990857720375061,0.9835434308619324,invalid,True,True,-126.29732994799524,0.5140080758642966,1.0,0.0,0.9197931240228547
737,1768531727990,-128.58481030810393,-129.86760932376126,-130.60143720372497,-130.60143720372497,-130.60143720372497,0.9942371249198914,0.9899596472967078,invalid,True,True,-118.27650511191342,1.2827990156573321,1.0,0.0,0.9197931240228547
738,1768531728024,-122.76013902807206,-125.60312714634773,-126.6009843421657,-126.6009843421657,-126.6009843421657,0.9938637018203735,0.9923020800109073,invalid,True,True,-107.3698088720876,2.84298811827567,1.0,0.0,0.9197931240228547
739,1768531728055,-115.73119887104895,-119.67997018116847,-120.85183821875562,-120.85183821875562,-120.85183821875562,0.9927922487258911,0.9925961812398976,invalid,True,True,-94.56115371312296,3.9487713101195254,1.0,0.0,0.9197931240228547
740,1768531728089,-143.45534568222428,-133.94519548180193,-132.83568070875873,-132.83568070875873,-132.83568070875873,0.9042102098464966,0.939564598403857,invalid,True,True,-106.68828037402933,9.510150200422345,1.0,0.0,0.9197931240228547
741,1768531728131,-151.52493950529177,-144.49304189589583,-143.58890896801864,-143.58890896801864,-143.58890896801864,0.9008509516716003,0.916336410364503,invalid,True,True,-116.57055936756535,7.031897609395941,1.0,0.0,0.9197931240228547
742,1768531728159,-158.6089558053805,-152.9625902415866,-152.35009478576825,-152.35009478576825,-152.35009478576825,0.9181309938430786,0.9174131604516483,invalid,True,True,-123.2652065704735,5.646365563793893,1.0,0.0,0.9197931240228547
743,1768531728189,-163.54425986417522,-159.31159201513978,-158.99321724442797,-158.99321724442797,-158.99321724442797,0.849063515663147,0.8764033735785475,invalid,True,True,-126.7450801727594,4.232667849035437,1.0,0.0,0.9197931240228547
744,1768531728222,-168.10956141720405,-164.59037365637835,-164.43721392035738,-164.43721392035738,-164.43721392035738,0.7216175198554993,0.7835318613447186,invalid,True,True,-128.41913405938118,3.5191877608257016,1.0,0.0,0.9197931240228547
745,1768531728256,-174.19638792961337,-170.35398222031938,-170.1713795904698,-170.1713795904698,-170.1713795904698,0.815617024898529,0.8027829594770048,invalid,True,True,-130.41500223040768,3.8424057092939847,1.0,0.0,0.9197931240228547
746,1768531728289,-178.38606396659767,-175.17323126808637,-175.10016424116276,-175.10016424116276,-175.10016424116276,0.7616927623748779,0.7781288412157287,invalid,True,True,-131.21363340843874,3.2128326985113063,1.0,0.0,0.9197931240228547
747,1768531728322,-182.435035398485,-179.53031374632556,-179.52402341728464,-179.52402341728464,-179.52402341728464,0.7584153413772583,0.7663007413126465,invalid,True,True,-131.2823874429695,2.904721652159452,1.0,0.0,0.9197931240228547
748,1768531728356,-185.25846963277675,-182.96720727819627,-183.0713244083106,-183.0713244083106,-183.0713244083106,0.7922592163085938,0.7818758263102148,invalid,True,True,-130.14437499361424,2.291262354580482,1.0,0.0,0.9197931240228547
749,1768531728389,-186.84491427324753,-185.29383147522702,-185.52995029520926,-185.52995029520926,-185.52995029520926,0.8371618390083313,0.8150474339290847,invalid,True,True,-127.56356858479606,1.5510827980205022,1.0,0.0,0.9197931240228547
750,1768531728422,-188.27190754987626,-187.08067712001656,-187.382169762223,-187.382169762223,-187.382169762223,0.8090847730636597,0.8114698374098297,invalid,True,True,-124.26821862803953,1.1912304298597007,1.0,0.0,0.9197931240228547
751,1768531728455,-93.17264665723341,-130.7358588423467,-137.52025377694414,-137.52025377694414,-137.52025377694414,0.9937615990638733,0.9208448944022558,invalid,True,True,-50.11398590537864,37.56321218511327,1.0,0.0,0.9197931240228547
752,1768531728489,-102.14921794075926,-113.58387430139422,-116.44176208461047,-116.44176208461047,-116.44176208461047,0.9943557381629944,0.964951400658699,invalid,True,True,-18.876937087488443,11.43465636063496,1.0,0.0,0.9197931240228547
753,1768531728522,-110.97091736558345,-112.01610013990776,-112.58025855489286,-112.58025855489286,-112.58025855489286,0.9953628182411194,0.9831982512081512,invalid,True,True,-12.710619412803362,1.0451827743243172,1.0,0.0,0.9197931240228547
754,1768531728556,-119.87411483237901,-116.7309089553905,-116.31495603364634,-116.31495603364634,-116.31495603364634,0.9945551753044128,0.9900124056659081,invalid,True,True,-17.257033655788184,3.143205876988503,1.0,0.0,0.9197931240228547
755,1768531728589,-128.25817866631746,-123.64727078194667,-122.89313739640829,-122.89313739640829,-122.89313739640829,0.994804859161377,0.9928878777631894,invalid,True,True,-25.499800050468878,4.610907884370789,1.0,0.0,0.9197931240228547
756,1768531728635,-135.57787597928598,-130.80563390035024,-130.01741336809005,-130.01741336809005,-130.01741336809005,0.991865873336792,0.9922746751073509,invalid,True,True,-34.11514295863795,4.772242078935733,1.0,0.0,0.9197931240228547
757,1768531728672,-140.8626888586722,-136.8398668753434,-136.20535302717155,-136.20535302717155,-136.20535302717155,0.9908936619758606,0.9914460672284566,invalid,True,True,-41.05045377362939,4.022821983328782,1.0,0.0,0.9197931240228547
758,1768531728701,-143.51758102628054,-140.8464953659057,-140.48123063298257,-140.48123063298257,-140.48123063298257,0.9911632537841797,0.9912763791618905,invalid,True,True,-45.042840164998765,2.6710856603748425,1.0,0.0,0.9197931240228547
759,1768531728737,-145.07588009501265,-143.38412620336987,-143.22771345798503,-143.22771345798503,-143.22771345798503,0.9810755848884583,0.9851559025978311,invalid,True,True,-46.75244982567901,1.691753891642776,1.0,0.0,0.9197931240228547
760,1768531728769,-148.7241223001954,-146.5881238614652,-146.38700964648103,-146.38700964648103,-146.38700964648103,0.989741325378418,0.9879071562661833,invalid,True,True,-48.95065179439366,2.135998438730212,1.0,0.0,0.9197931240228547
761,1768531728797,-153.36984786971206,-150.65715826641332,-150.3626892269579,-150.3626892269579,-150.3626892269579,0.9949908256530762,0.992157357898319,invalid,True,True,-52.1692329489252,2.7126896032987418,1.0,0.0,0.9197931240228547
762,1768531728827,-157.0930771098751,-154.5187095724904,-154.2489517867332,-154.2489517867332,-154.2489517867332,0.9964970946311951,0.9947611999380446,invalid,True,True,-55.11771720089293,2.574367537384717,1.0,0.0,0.9197931240228547
763,1768531728856,-160.54597747852728,-158.13507031611252,-157.90640428972063,-157.90640428972063,-157.90640428972063,0.9928942918777466,0.9936410551018657,invalid,True,True,-57.61706370125045,2.410907162414759,1.0,0.0,0.9197931240228547
764,1768531728891,-162.9119349908078,-161.00118912092967,-160.87013909931275,-160.87013909931275,-160.87013909931275,0.993303120136261,0.9934382941225028,invalid,True,True,-59.04945581506066,1.9107458698781272,1.0,0.0,0.9197931240228547
765,1768531728922,-164.565021531852,-163.13948856748306,-163.1058912167606,-163.1058912167606,-163.1058912167606,0.9937807321548462,0.9936437569419089,invalid,True,True,-59.41667880080293,1.425532964368955,1.0,0.0,0.9197931240228547
766,1768531728958,-163.39947279956084,-163.29547910672972,-163.4953626001139,-163.4953626001139,-163.4953626001139,0.9937491416931152,0.9937069877926328,invalid,True,True,-57.231928763589956,0.10399369283112492,1.0,0.0,0.9197931240228547
767,1768531728999,-209.268719162693,-190.87942314030767,-188.036101787753,-188.036101787753,-188.036101787753,0.5214499831199646,0.7103527849890319,invalid,True,True,-88.30976478510978,18.389296022385338,1.0,0.0,0.9197931240228547
768,1768531729036,-207.9780268413436,-201.1385853609292,-200.00479553348472,-200.00479553348472,-200.00479553348472,0.7719964981079102,0.7473390128603588,invalid,True,True,-100.70222063908074,6.8394414804143935,1.0,0.0,0.9197931240228547
769,1768531729061,-206.65064761162904,-204.44582271134908,-204.32480940293064,-204.32480940293064,-204.32480940293064,0.6540906429290771,0.6913899909015898,invalid,True,True,-102.02491029991391,2.2048249002799594,1.0,0.0,0.9197931240228547
770,1768531729088,-206.9705037367654,-205.96063132659887,-206.15761755693586,-206.15761755693586,-206.15761755693586,0.7666571140289307,0.7365502647779942,invalid,True,True,-99.87182768777437,1.0098724101665368,1.0,0.0,0.9197931240228547
771,1768531729125,-207.9197329818766,-207.1360923197655,-207.3984327718571,-207.3984327718571,-207.3984327718571,0.5675594806671143,0.6351557943114663,invalid,True,True,-97.00441576312903,0.7836406621110825,1.0,0.0,0.9197931240228547
772,1768531729155,-209.38156305260713,-208.48337475947048,-208.72316540442432,-208.72316540442432,-208.72316540442432,0.8795372843742371,0.7817846883491287,invalid,True,True,-94.38347587651567,0.8981882931366556,1.0,0.0,0.9197931240228547
773,1768531729188,-210.9984408373621,-209.99241440620546,-210.2018847541249,-210.2018847541249,-210.2018847541249,0.8689123392105103,0.8340612788659576,invalid,True,True,-92.09394039430147,1.0060264311566414,1.0,0.0,0.9197931240228547
774,1768531729222,-211.2413188383267,-210.7417570654782,-211.02411295765216,-211.02411295765216,-211.02411295765216,0.8480775356292725,0.8424710329239465,invalid,True,True,-89.00775736092444,0.49956177284849446,1.0,0.0,0.9197931240228547
775,1768531729255,-211.9269424079852,-211.45286827098238,-211.73614427198964,-211.73614427198964,-211.73614427198964,0.8916174173355103,0.8719588635708847,invalid,True,True,-85.91151743003309,0.4740741370028161,1.0,0.0,0.9197931240228547
776,1768531729289,-211.91178687653363,-211.72821943431313,-212.04871306084058,-212.04871306084058,-212.04871306084058,0.7192278504371643,0.7803202556906524,invalid,True,True,-82.40848448505362,0.18356744222049315,1.0,0.0,0.9197931240228547
777,1768531729322,-211.1529086648264,-211.3830329726211,-211.76390426323357,-211.76390426323357,-211.76390426323357,0.5425814986228943,0.6376770014499975,invalid,True,True,-78.24551658685115,0.23012430779468218,1.0,0.0,0.9197931240228547
778,1768531729355,-211.61925663386296,-211.5247671693662,-211.84254640496658,-211.84254640496658,-211.84254640496658,0.665086030960083,0.6541224191560489,invalid,True,True,-74.7721522532139,0.09448946449674622,1.0,0.0,0.9197931240228547
779,1768531729388,-211.66824178802239,-211.6108519405599,-211.9148788751477,-211.9148788751477,-211.9148788751477,0.5641741752624512,0.6001534728198903,invalid,True,True,-71.4491021833525,0.05738984746247411,1.0,0.0,0.9197931240228547
780,1768531729422,-213.75279445015832,-212.89601744631895,-213.05232200084052,-213.05232200084052,-213.05232200084052,0.7231407165527344,0.6739458190595967,invalid,True,True,-69.740675061503,0.856777003839369,1.0,0.0,0.9197931240228547
781,1768531729455,-211.67572799271238,-212.163843774155,-212.52245381001146,-212.52245381001146,-212.52245381001146,0.7476323843002319,0.7181577582039779,invalid,True,True,-65.82102528994083,0.488115781442616,1.0,0.0,0.9197931240228547
782,1768531729488,-211.03482690232389,-211.48643365105633,-211.8469283774291,-211.8469283774291,-211.8469283774291,0.7740932703018188,0.7517190654626824,invalid,True,True,-61.88077562988414,0.4516067487324449,1.0,0.0,0.9197931240228547
783,1768531729522,-210.07478328153846,-210.6394434293456,-211.0044161541161,-211.0044161541161,-211.0044161541161,0.6630076169967651,0.6984921963831321,invalid,True,True,-57.891580921887616,0.5646601478071318,1.0,0.0,0.9197931240228547
784,1768531729556,-208.79564945094802,-209.53316704230707,-209.91273688010148,-209.91273688010148,-209.91273688010148,0.7467938661575317,0.7274731982477719,invalid,True,True,-53.74283805570009,0.737517591359051,1.0,0.0,0.9197931240228547
785,1768531729588,-208.41236187489073,-208.86068394185727,-209.1780345969892,-209.1780345969892,-209.1780345969892,0.755281925201416,0.7441584344199583,invalid,True,True,-50.27415815687323,0.44832206696654,1.0,0.0,0.9197931240228547
786,1768531729622,-205.70666786590442,-206.96827429628556,-207.40192827002696,-207.40192827002696,-207.40192827002696,0.5481582880020142,0.6265583465691918,invalid,True,True,-45.53426933849988,1.2616064303811356,1.0,0.0,0.9197931240228547
787,1768531729655,-204.7279777675084,-205.62409637901925,-205.99191098210468,-205.99191098210468,-205.99191098210468,0.8175367712974548,0.7411454014061496,invalid,True,True,-41.5140125670522,0.8961186115108433,1.0,0.0,0.9197931240228547
788,1768531729689,-203.71163137644743,-204.47661737747615,-204.80017481591435,-204.80017481591435,-204.80017481591435,0.8047885298728943,0.7793312784861963,invalid,True,True,-37.97749179837778,0.764986001028717,1.0,0.0,0.9197931240228547
789,1768531729722,-200.882632265868,-202.32022631051126,-202.73828879538277,-202.73828879538277,-202.73828879538277,0.6261461973190308,0.687420229785897,invalid,True,True,-33.40801978287302,1.437594044643248,1.0,0.0,0.9197931240228547
790,1768531729755,-198.467366955778,-200.00851069767128,-200.43745635293976,-200.43745635293976,-200.43745635293976,0.9153046607971191,0.8241508883926303,invalid,True,True,-28.719593437887372,1.5411437418932792,1.0,0.0,0.9197931240228547
791,1768531729794,-199.65788423720014,-199.7981348213886,-199.97633020556233,-199.97633020556233,-199.97633020556233,0.717429518699646,0.7601180665768397,invalid,True,True,-26.771896979248645,0.1402505841884647,1.0,0.0,0.9197931240228547
792,1768531729822,-199.19753424268416,-199.43777447416593,-199.59747790430887,-199.59747790430887,-199.59747790430887,0.5563840270042419,0.6378776428332811,invalid,True,True,-25.0263197480301,0.24024023148177776,1.0,0.0,0.9197931240228547
793,1768531729855,-199.6736632557051,-199.57930774308943,-199.67443889519717,-199.67443889519717,-199.67443889519717,0.7949942350387573,0.7321475981565668,invalid,True,True,-23.986525092710462,0.09435551261566388,1.0,0.0,0.9197931240228547
794,1768531729889,-201.44679503479756,-200.6998001181143,-200.67459823447976,-200.67459823447976,-200.67459823447976,0.6901824474334717,0.7069685077227097,invalid,True,True,-24.261984638049384,0.7469949166832635,1.0,0.0,0.9197931240228547
795,1768531729922,-203.032706295901,-202.0995438247863,-202.03077053786816,-202.03077053786816,-202.03077053786816,0.8151009678840637,0.7718479838195221,invalid,True,True,-25.013684733989155,0.9331624711146844,1.0,0.0,0.9197931240228547
796,1768531729955,-204.3197826830107,-203.43168713972094,-203.36839212627052,-203.36839212627052,-203.36839212627052,0.7966755032539368,0.7867444954801709,invalid,True,True,-25.705506658100678,0.8880955432897508,1.0,0.0,0.9197931240228547
797,1768531729989,-202.97645003281824,-203.1585448755793,-203.27759513715438,-203.27759513715438,-203.27759513715438,0.8829725980758667,0.8444813570375884,invalid,True,True,-24.40427332961159,0.18209484276107446,1.0,0.0,0.9197931240228547
798,1768531730022,-202.5752295738898,-202.8085556945656,-202.9516925973537,-202.9516925973537,-202.9516925973537,0.7599428296089172,0.7937582405803858,invalid,True,True,-22.839770186313917,0.23332612067579817,1.0,0.0,0.9197931240228547
799,1768531730055,-203.00236471265262,-202.9248411054178,-203.01280671895518,-203.01280671895518,-203.01280671895518,0.6947493553161621,0.7343529094218516,invalid,True,True,-21.878295708379632,0.07752360723480933,1.0,0.0,0.9197931240228547
800,1768531730088,-202.78175929698676,-202.83899202035917,-202.93978277780346,-202.93978277780346,-202.93978277780346,0.6711832284927368,0.6964511008643828,invalid,True,True,-20.7766409026278,0.057232723372408145,1.0,0.0,0.9197931240228547
801,1768531730122,-202.30172803982052,-202.51663363203596,-202.64115331798337,-202.64115331798337,-202.64115331798337,0.7237503528594971,0.7128306520614514,invalid,True,True,-19.415626123961435,0.21490559221544459,1.0,0.0,0.9197931240228547
802,1768531730155,-202.49095854054812,-202.50122857714325,-202.58907534253433,-202.58907534253433,-202.58907534253433,0.6285104751586914,0.6622385459197954,invalid,True,True,-18.455450670211796,0.010270036595130705,1.0,0.0,0.9197931240228547
803,1768531730189,-202.4625658993477,-202.4780309704659,-202.55908244452692,-202.55908244452692,-202.55908244452692,0.6741812229156494,0.6694041521173077,invalid,True,True,-17.569548548065846,0.015465071118200058,1.0,0.0,0.9197931240228547
804,1768531730222,-201.6569697591297,-201.9853942436642,-202.11478398373922,-202.11478398373922,-202.11478398373922,0.7026306986808777,0.6893400800554497,invalid,True,True,-16.15530350632779,0.32842448453448014,1.0,0.0,0.9197931240228547
805,1768531730256,-201.8322219417233,-201.89349086249968,-201.9782897643107,-201.9782897643107,-201.9782897643107,0.8548660278320312,0.7886556487213986,invalid,True,True,-15.228441559147726,0.061268920776370805,1.0,0.0,0.9197931240228547
806,1768531730289,-201.3272279488252,-201.55373311429497,-201.65776940210733,-201.65776940210733,-201.65776940210733,0.7250577211380005,0.7504968921713597,invalid,True,True,-14.091312725639233,0.22650516546977428,1.0,0.0,0.9197931240228547
807,1768531730322,-201.03561476986243,-201.24286210763546,-201.3415911039093,-201.3415911039093,-201.3415911039093,0.846790611743927,0.8082731239149001,invalid,True,True,-13.01219321140962,0.20724733777302617,1.0,0.0,0.9197931240228547
808,1768531730355,-200.65814059290435,-200.8920291987968,-200.99061131660653,-200.99061131660653,-200.99061131660653,0.6741114258766174,0.7277761050919305,invalid,True,True,-11.934679096027525,0.23388860589244587,1.0,0.0,0.9197931240228547
809,1768531730388,-199.53288307641984,-200.07654152537063,-200.22295711244388,-200.22295711244388,-200.22295711244388,0.7052005529403687,0.7142307738009934,invalid,True,True,-10.33433954876917,0.5436584489507936,1.0,0.0,0.9197931240228547
810,1768531730424,-198.4675340910021,-199.11113706474953,-199.2736692410858,-199.2736692410858,-199.2736692410858,0.7636121511459351,0.7438596002079584,invalid,True,True,-8.557843789729692,0.64360297374742,1.0,0.0,0.9197931240228547
811,1768531730455,-197.48164409782174,-198.13344128459283,-198.2925350222457,-198.2925350222457,-198.2925350222457,0.7190247774124146,0.728958706530632,invalid,True,True,-6.818930568969994,0.6517971867710912,1.0,0.0,0.9197931240228547
812,1768531730488,-197.0066123638808,-197.4573439321656,-197.575924476242,-197.575924476242,-197.575924476242,0.600618839263916,0.6519547861706024,invalid,True,True,-5.5228313078584765,0.45073156828479455,1.0,0.0,0.9197931240228547
813,1768531730524,-196.6419160381427,-196.96808719575188,-197.05647183468142,-197.05647183468142,-197.05647183468142,0.5103048086166382,0.5669647996382239,invalid,True,True,-4.5567768332189615,0.32617115760916704,1.0,0.0,0.9197931240228547
814,1768531730556,-196.02721884419375,-196.403566184817,-196.49338681343,-196.49338681343,-196.49338681343,0.5844540596008301,0.5774583556157876,invalid,True,True,-3.5750268228389492,0.3763473406232549,1.0,0.0,0.9197931240228547
815,1768531730588,-195.26776365262594,-195.7220846655024,-195.82146678129845,-195.82146678129845,-195.82146678129845,0.597317099571228,0.5893736019890519,invalid,True,True,-2.4887686355936243,0.45432101287644855,1.0,0.0,0.9197931240228547
816,1768531730622,-195.8576870463137,-195.80344609398918,-195.81471606798087,-195.81471606798087,-195.81471606798087,0.5104918479919434,0.5420445495907869,invalid,True,True,-2.36558649743484,0.054240952324533964,1.0,0.0,0.9197931240228547
817,1768531730655,-194.96915114114776,-195.30286912228433,-195.36879500188255,-195.36879500188255,-195.36879500188255,0.6465331315994263,0.6047376987959705,invalid,True,True,-1.6450088976195896,0.3337179811365729,1.0,0.0,0.9197931240228547
818,1768531730688,-194.45768247500294,-194.7957571339155,-194.86583160955374,-194.86583160955374,-194.86583160955374,0.7256473302841187,0.6772834776888594,invalid,True,True,-0.8790866562861595,0.3380746589125465,1.0,0.0,0.9197931240228547
819,1768531730722,-194.50154166450668,-194.6192278522702,-194.65002079891045,-194.65002079891045,-194.65002079891045,0.5052104592323303,0.574039666614942,invalid,True,True,-0.5425161362337562,0.11768618776352469,1.0,0.0,0.9197931240228547
820,1768531730755,-194.9520539343971,-194.81892350154635,-194.8020911551757,-194.8020911551757,-194.8020911551757,0.5448431372642517,0.5565217490045278,invalid,True,True,-0.7264956571888148,0.13313043285074855,1.0,0.0,0.9197931240228547
821,1768531730790,-194.42001600888958,-194.5795790059523,-194.60711550396582,-194.60711550396582,-194.60711550396582,0.7614842653274536,0.6794992587982833,invalid,True,True,-0.4255185027414224,0.15956299706272148,1.0,0.0,0.9197931240228547
822,1768531730822,-193.34483801894493,-193.8387344137479,-193.92607367829007,-193.92607367829007,-193.92607367829007,0.7769420146942139,0.7379649123358416,invalid,True,True,0.5291099071789835,0.49389639480295955,1.0,0.0,0.9197931240228547
823,1768531730855,-195.0405614823323,-194.55983065489852,-194.48713092050778,-194.48713092050778,-194.48713092050778,0.6526874303817749,0.6867984231634016,invalid,True,True,-0.2655067203693281,0.48073082743377427,1.0,0.0,0.9197931240228547
824,1768531730889,-195.19076227485778,-194.93838962687408,-194.8890140101704,-194.8890140101704,-194.8890140101704,0.7349631190299988,0.7156972406833599,invalid,True,True,-0.8051880047235938,0.25237264798369097,1.0,0.0,0.9197931240228547
825,1768531730922,-193.80005914210565,-194.25539133601302,-194.32910315078271,-194.32910315078271,-194.32910315078271,0.681228518486023,0.6950160073649577,invalid,True,True,0.000490780125217305,0.4553321939073669,1.0,0.0,0.9197931240228547
826,1768531730958,-196.1437586025852,-195.38841169595634,-195.2701842601452,-195.2701842601452,-195.2701842601452,0.7839733362197876,0.7483904046778557,invalid,True,True,-1.2917489662130892,0.7553469066288585,1.0,0.0,0.9197931240228547
827,1768531730989,-198.8381295634761,-197.45824241646818,-197.21884671088102,-197.21884671088102,-197.21884671088102,0.7548708319664001,0.7522786610509824,invalid,True,True,-3.908372119206057,1.3798871470079064,1.0,0.0,0.9197931240228547
828,1768531731022,-201.33064768084532,-199.78168557509446,-199.5101963411241,-199.5101963411241,-199.5101963411241,0.9281250834465027,0.8577865144882946,invalid,True,True,-6.875781303313286,1.54896210575086,1.0,0.0,0.9197931240228547
829,1768531731055,-204.02484859981251,-202.32758338992528,-202.03872434513056,-202.03872434513056,-202.03872434513056,0.8372554183006287,0.845467856775695,invalid,True,True,-10.033044557921125,1.6972652098872345,1.0,0.0,0.9197931240228547
830,1768531731088,-211.27967855228263,-207.69884048733968,-207.10446038341067,-207.10446038341067,-207.10446038341067,0.7386219501495361,0.7813603127999997,invalid,True,True,-16.529688839005708,3.5808380649429523,1.0,0.0,0.9197931240228547
831,1768531731122,-201.44588087778922,-203.94706472160942,-204.36094424237024,-204.36094424237024,-204.36094424237024,0.993183434009552,0.9084541855257311,invalid,True,True,-12.005937112063943,2.5011838438202005,1.0,0.0,0.9197931240228547
832,1768531731155,-200.66373744288708,-201.977068354376,-202.28778879916447,-202.28778879916447,-202.28778879916447,0.9932293891906738,0.9593193077246968,invalid,True,True,-8.609726190286155,1.3133309114889187,1.0,0.0,0.9197931240228547
833,1768531731188,-199.43618444915387,-200.45253801124272,-200.68939375651502,-200.68939375651502,-200.68939375651502,0.9770622849464417,0.9699650940577438,invalid,True,True,-6.020865101576037,1.0163535620888524,1.0,0.0,0.9197931240228547
834,1768531731221,-198.07350480675936,-199.02511808855272,-199.23326080143642,-199.23326080143642,-199.23326080143642,0.9912943840026855,0.9827626680247088,invalid,True,True,-3.745840826088611,0.9516132817933567,1.0,0.0,0.9197931240228547
835,1768531731255,-196.98774061705507,-197.80269160565413,-197.97628760581625,-197.97628760581625,-197.97628760581625,0.991629958152771,0.9880830421015461,invalid,True,True,-1.848416174392808,0.8149509885990653,1.0,0.0,0.9197931240228547
836,1768531731288,-196.14901246202112,-196.81048411947432,-196.94747174846862,-196.94747174846862,-196.94747174846862,0.9918146729469299,0.9903220206087764,invalid,True,True,-0.35112531522343393,0.6614716574532054,1.0,0.0,0.9197931240228547
837,1768531731322,-194.27506907579996,-195.28923509326972,-195.4756111727209,-195.4756111727209,-195.4756111727209,0.9859516024589539,0.9876997697188828,invalid,True,True,1.6859871027288003,1.014166017469762,1.0,0.0,0.9197931240228547
838,1768531731355,-194.17212976460107,-194.61897189606853,-194.7083060877081,-194.7083060877081,-194.7083060877081,0.9825303554534912,0.984598121159648,invalid,True,True,2.6624202999105178,0.4468421314674629,1.0,0.0,0.9197931240228547
839,1768531731390,-192.95098749672445,-193.6181812564621,-193.7299413898934,-193.7299413898934,-193.7299413898934,0.9831582903862,0.9837342226955792,invalid,True,True,3.883971672357694,0.6671937597376427,1.0,0.0,0.9197931240228547
840,1768531731421,-192.93417950657894,-193.2077802065322,-193.2516075320345,-193.2516075320345,-193.2516075320345,0.9778630137443542,0.9802114973248442,invalid,True,True,4.3630094828389785,0.2736006999532492,1.0,0.0,0.9197931240228547
841,1768531731456,-192.05523280322709,-192.51625176454914,-192.58209084663736,-192.58209084663736,-192.58209084663736,0.9706445336341858,0.9744713191104492,invalid,True,True,5.082638375685293,0.4610189613220541,1.0,0.0,0.9197931240228547
842,1768531731488,-190.5209634196714,-191.3190787576225,-191.44113048766462,-191.44113048766462,-191.44113048766462,0.9805949926376343,0.9781455232267603,invalid,True,True,6.416678106714536,0.7981153379510886,1.0,0.0,0.9197931240228547
843,1768531731522,-189.12184975177257,-190.00074135411253,-190.13762658474056,-190.13762658474056,-190.13762658474056,0.9589347243309021,0.9666190438892455,invalid,True,True,7.912849739725194,0.8788916023399622,1.0,0.0,0.9197931240228547
844,1768531731558,-189.85045323432104,-189.91056848223764,-189.9064721306537,-189.9064721306537,-189.9064721306537,0.9662652015686035,0.9664067384968603,invalid,True,True,7.8680761362429745,0.060115247916598946,1.0,0.0,0.9197931240228547
845,1768531731588,-188.8479906936587,-189.27302180909027,-189.3144479961837,-189.3144479961837,-189.3144479961837,0.9828490018844604,0.9762720965294205,invalid,True,True,8.320869222163505,0.42503111543157956,1.0,0.0,0.9197931240228547
846,1768531731622,-188.58326739222917,-188.8591691589736,-188.8790257818262,-188.8790257818262,-188.8790257818262,0.9471440315246582,0.9587952575265631,invalid,True,True,8.53790443993767,0.27590176674442546,1.0,0.0,0.9197931240228547
847,1768531731655,-187.60595942946895,-188.1072433212708,-188.1616163558633,-188.1616163558633,-188.1616163558633,0.9443310499191284,0.9501167329621023,invalid,True,True,9.132208088218396,0.5012838918018474,1.0,0.0,0.9197931240228547
848,1768531731688,-187.7596904085974,-187.89871157366676,-187.89407966778376,-187.89407966778376,-187.89407966778376,0.9402520656585693,0.9441979325799825,invalid,True,True,9.081580813404868,0.13902116506935158,1.0,0.0,0.9197931240228547
849,1768531731722,-186.95117448868186,-187.33018932267584,-187.3593376752665,-187.3593376752665,-187.3593376752665,0.947345495223999,0.9460864701663925,invalid,True,True,9.400175727516837,0.3790148339939776,1.0,0.0,0.9197931240228547
850,1768531731759,-187.71080408222267,-187.55855817840393,-187.50135323771937,-187.50135323771937,-187.50135323771937,0.9718160629272461,0.9615242258229046,invalid,True,True,8.774919013351223,0.15224590381873782,1.0,0.0,0.9197931240228547
851,1768531731790,-184.148469382228,-185.5125049006984,-185.70182852788386,-185.70182852788386,-185.70182852788386,0.9745365381240845,0.9693316132036125,invalid,True,True,10.844248473907292,1.3640355184703878,1.0,0.0,0.9197931240228547
852,1768531731822,-181.96560923462542,-183.3843675010546,-183.6026680597065,-183.6026680597065,-183.6026680597065,0.9825337529182434,0.977252897032391,invalid,True,True,13.230299195572801,1.4187582664291938,1.0,0.0,0.9197931240228547
853,1768531731857,-177.9016697534075,-180.09474885246635,-180.4370355419076,-180.4370355419076,-180.4370355419076,0.9844912886619568,0.9815959320101304,invalid,True,True,16.971532875419136,2.193079099058849,1.0,0.0,0.9197931240228547
854,1768531731888,-172.8119211207449,-175.7250522134335,-176.18780197412352,-176.18780197412352,-176.18780197412352,0.9827163219451904,0.9822681659711665,invalid,True,True,22.029442059268867,2.9131310926885874,1.0,0.0,0.9197931240228547
855,1768531731922,-169.55850172878198,-172.0251219226426,-172.4077494230712,-172.4077494230712,-172.4077494230712,0.9904027581214905,0.9871489212613609,invalid,True,True,26.211605536837276,2.4666201938606207,1.0,0.0,0.9197931240228547
856,1768531731956,-167.10727618521423,-169.07441448018557,-169.3489232212919,-169.3489232212919,-169.3489232212919,0.9884029626846313,0.9879013461153232,invalid,True,True,29.21201828825265,1.9671382949713347,1.0,0.0,0.9197931240228547
857,1768531731988,-162.24874096822373,-164.97901037300846,-165.35804566409297,-165.35804566409297,-165.35804566409297,0.9740015268325806,0.9795614545456777,invalid,True,True,33.354918496176666,2.7302694047847353,1.0,0.0,0.9197931240228547
858,1768531732029,-159.30279080126655,-161.5732786299633,-161.8715954328556,-161.8715954328556,-161.8715954328556,0.9908568859100342,0.9863387133642916,invalid,True,True,36.615556156573724,2.2704878286967585,1.0,0.0,0.9197931240228547
859,1768531732058,-157.73806211313078,-159.2721487198638,-159.42604592509088,-159.42604592509088,-159.42604592509088,0.9831519722938538,0.9844266687220289,invalid,True,True,38.29767066815371,1.5340866067330126,1.0,0.0,0.9197931240228547
860,1768531732091,-152.83421871691104,-155.40939071809214,-155.71519963242386,-155.71519963242386,-155.71519963242386,0.9484331011772156,0.9628305281951408,invalid,True,True,41.64019798571524,2.5751720011811017,1.0,0.0,0.9197931240228547
861,1768531732122,-151.2327755067644,-152.90342159129548,-153.06232359199916,-153.06232359199916,-153.06232359199916,0.9884328246116638,0.9781919060450546,invalid,True,True,43.37701549912191,1.6706460845310858,1.0,0.0,0.9197931240228547
862,1768531732155,-149.4764168374228,-150.84721873897186,-150.93306686348865,-150.93306686348865,-150.93306686348865,0.5685162544250488,0.7323865150730511,invalid,True,True,44.3153455735928,1.370801901549072,1.0,0.0,0.9197931240228547
863,1768531732197,-149.9816651665315,-150.32788659550766,-150.23056604973766,-150.23056604973766,-150.23056604973766,0.993630051612854,0.8891326369969328,invalid,True,True,43.25162058863887,0.3462214289761505,1.0,0.0,0.9197931240228547
864,1768531732228,-148.47293695191811,-149.21491680935395,-149.16736451042556,-149.16736451042556,-149.16736451042556,0.9922162890434265,0.9509828282248289,invalid,True,True,42.73186838151843,0.7419798574358367,1.0,0.0,0.9197931240228547
865,1768531732263,-148.4457680312281,-148.75342754247845,-148.6406538938503,-148.6406538938503,-148.6406538938503,0.9774207472801208,0.9668455796580041,invalid,True,True,41.499239169042994,0.3076595112503355,1.0,0.0,0.9197931240228547
866,1768531732293,-148.9682443685672,-148.88231763813172,-148.70096039966873,-148.70096039966873,-148.70096039966873,0.9764765501022339,0.9726241619245419,invalid,True,True,39.516983272007316,0.08592673043548871,1.0,0.0,0.9197931240228547
867,1768531732326,-148.23425331840357,-148.49347904629485,-148.36962368851496,-148.36962368851496,-148.36962368851496,0.9760730862617493,0.9746935165268664,invalid,True,True,38.163229678164946,0.25922572789127685,1.0,0.0,0.9197931240228547
868,1768531732355,-148.3511578675885,-148.40808633907105,-148.26181830918966,-148.26181830918966,-148.26181830918966,0.9434491991996765,0.9559469261305524,invalid,True,True,36.564502948328375,0.05692847148253577,1.0,0.0,0.9197931240228547
869,1768531732388,-146.87897849311162,-147.4906216314954,-147.44066436634685,-147.44066436634685,-147.44066436634685,0.9674524068832397,0.9628502145821648,invalid,True,True,36.018464178220505,0.6116431383837835,1.0,0.0,0.9197931240228547
870,1768531732424,-146.05683887240716,-146.63035197604245,-146.58679165530106,-146.58679165530106,-146.58679165530106,0.9478215575218201,0.953833020345958,invalid,True,True,35.54234476110647,0.5735131036352925,1.0,0.0,0.9197931240228547
871,1768531732455,-144.70638044826887,-145.47596905937831,-145.46771886569383,-145.46771886569383,-145.46771886569383,0.9497214555740356,0.9513660814828045,invalid,True,True,35.45216917604925,0.769588611109441,1.0,0.0,0.9197931240228547
872,1768531732489,-142.7957457936333,-143.8678350999313,-143.91450273371444,-143.91450273371444,-143.91450273371444,0.9359407424926758,0.9421108780887273,invalid,True,True,35.96225188932445,1.072089306298011,1.0,0.0,0.9197931240228547
873,1768531732526,-140.87602770290525,-142.07275066171567,-142.14451472923915,-142.14451472923915,-142.14451472923915,0.9732545614242554,0.960797088090044,invalid,True,True,36.7466415682216,1.196722958810426,1.0,0.0,0.9197931240228547
874,1768531732558,-139.14639032252305,-140.31693445820008,-140.3841987652172,-140.3841987652172,-140.3841987652172,0.9613100290298462,0.9611048526539253,invalid,True,True,37.48184833677803,1.1705441356770336,1.0,0.0,0.9197931240228547
875,1768531732588,-135.74700229257886,-137.57497515882736,-137.74906201566196,-137.74906201566196,-137.74906201566196,0.9709761738777161,0.9670276453881997,invalid,True,True,39.384638109501616,1.8279728662485013,1.0,0.0,0.9197931240228547
876,1768531732622,-132.5916694769168,-134.58499174968102,-134.79160297997805,-134.79160297997805,-134.79160297997805,0.9358299374580383,0.9483090206301029,invalid,True,True,41.64292310061128,1.9933222727642317,1.0,0.0,0.9197931240228547
877,1768531732655,0.0,0.0,0.0,0.0,-134.79160297997805,0.0,0.3793236082520412,ok,False,False,41.64292310061128,0.0,1.0,0.0,0.9197931240228547
878,1768531732689,0.0,0.0,0.0,0.0,-134.79160297997805,0.0,0.1517294433008165,soft,False,False,41.64292310061128,0.0,1.0,0.0,0.9197931240228547
879,1768531732721,0.0,0.0,0.0,0.0,-134.79160297997805,0.0,0.0606917773203266,hard,False,False,41.64292310061128,0.0,1.0,0.0,0.9197931240228547
880,1768531732755,0.0,0.0,0.0,0.0,-134.79160297997805,0.0,0.024276710928130642,hard,False,False,41.64292310061128,0.0,1.0,0.0,0.9197931240228547
881,1768531732788,0.0,0.0,0.0,0.0,-134.79160297997805,0.0,0.009710684371252257,hard,False,False,41.64292310061128,0.0,1.0,0.0,0.9197931240228547
882,1768531732823,0.0,0.0,0.0,0.0,-134.79160297997805,0.0,0.003884273748500903,hard,False,False,41.64292310061128,0.0,1.0,0.0,0.9197931240228547
883,1768531732856,0.0,0.0,0.0,0.0,-134.79160297997805,0.0,0.0015537094994003612,hard,False,False,41.64292310061128,0.0,1.0,0.0,0.9197931240228547
884,1768531732889,0.0,0.0,0.0,0.0,-134.79160297997805,0.0,0.0006214837997601445,hard,False,False,41.64292310061128,0.0,1.0,0.0,0.9197931240228547
885,1768531732923,0.0,0.0,0.0,0.0,-134.79160297997805,0.0,0.0002485935199040578,hard,False,False,41.64292310061128,0.0,1.0,0.0,0.9197931240228547
886,1768531732955,0.0,0.0,0.0,0.0,-134.79160297997805,0.0,9.943740796162313e-05,hard,False,False,41.64292310061128,0.0,1.0,0.0,0.9197931240228547
887,1768531732988,0.0,0.0,0.0,0.0,-134.79160297997805,0.0,3.9774963184649256e-05,hard,False,False,41.64292310061128,0.0,1.0,0.0,0.9197931240228547
888,1768531733021,-43.17989381901362,-79.74193299128059,-85.7309077594569,-85.7309077594569,-85.7309077594569,0.5443521738052368,0.3266272142684159,invalid,True,True,107.1031200689117,36.56203917226697,1.0,0.0,0.9197931240228547
889,1768531733055,0.0,0.0,0.0,0.0,-85.7309077594569,0.0,0.13065088570736635,soft,False,False,107.1031200689117,0.0,1.0,0.0,0.9197931240228547
890,1768531733088,0.0,0.0,0.0,0.0,-85.7309077594569,0.0,0.05226035428294654,soft,False,False,107.1031200689117,0.0,1.0,0.0,0.9197931240228547
891,1768531733122,0.0,0.0,0.0,0.0,-85.7309077594569,0.0,0.020904141713178618,hard,False,False,107.1031200689117,0.0,1.0,0.0,0.9197931240228547
892,1768531733155,0.0,0.0,0.0,0.0,-85.7309077594569,0.0,0.008361656685271448,hard,False,False,107.1031200689117,0.0,1.0,0.0,0.9197931240228547
893,1768531733189,0.0,0.0,0.0,0.0,-85.7309077594569,0.0,0.0033446626741085793,hard,False,False,107.1031200689117,0.0,1.0,0.0,0.9197931240228547
894,1768531733222,0.0,0.0,0.0,0.0,-85.7309077594569,0.0,0.0013378650696434318,hard,False,False,107.1031200689117,0.0,1.0,0.0,0.9197931240228547
895,1768531733255,0.0,0.0,0.0,0.0,-85.7309077594569,0.0,0.0005351460278573728,hard,False,False,107.1031200689117,0.0,1.0,0.0,0.9197931240228547
896,1768531733288,0.0,0.0,0.0,0.0,-85.7309077594569,0.0,0.00021405841114294913,hard,False,False,107.1031200689117,0.0,1.0,0.0,0.9197931240228547
897,1768531733321,0.0,0.0,0.0,0.0,-85.7309077594569,0.0,8.562336445717966e-05,hard,False,False,107.1031200689117,0.0,1.0,0.0,0.9197931240228547
898,1768531733355,0.0,0.0,0.0,0.0,-85.7309077594569,0.0,3.424934578287187e-05,hard,False,False,107.1031200689117,0.0,1.0,0.0,0.9197931240228547
899,1768531733388,0.0,0.0,0.0,0.0,-85.7309077594569,0.0,1.3699738313148749e-05,hard,False,False,107.1031200689117,0.0,1.0,0.0,0.9197931240228547
900,1768531733421,0.0,0.0,0.0,0.0,-85.7309077594569,0.0,5.4798953252595e-06,hard,False,False,107.1031200689117,0.0,1.0,0.0,0.9197931240228547
901,1768531733457,0.0,0.0,0.0,0.0,-85.7309077594569,0.0,2.1919581301038e-06,hard,False,False,107.1031200689117,0.0,1.0,0.0,0.9197931240228547
902,1768531733488,0.0,0.0,0.0,0.0,-85.7309077594569,0.0,8.7678325204152e-07,hard,False,False,107.1031200689117,0.0,1.0,0.0,0.9197931240228547
903,1768531733521,0.0,0.0,0.0,0.0,-85.7309077594569,0.0,3.50713300816608e-07,hard,False,False,107.1031200689117,0.0,1.0,0.0,0.9197931240228547
904,1768531733555,0.0,0.0,0.0,0.0,-85.7309077594569,0.0,1.402853203266432e-07,hard,False,False,107.1031200689117,0.0,1.0,0.0,0.9197931240228547
905,1768531733588,0.0,0.0,0.0,0.0,-85.7309077594569,0.0,5.6114128130657284e-08,hard,False,False,107.1031200689117,0.0,1.0,0.0,0.9197931240228547
906,1768531733621,0.0,0.0,0.0,0.0,-85.7309077594569,0.0,2.2445651252262915e-08,hard,False,False,107.1031200689117,0.0,1.0,0.0,0.9197931240228547
907,1768531733655,0.0,0.0,0.0,0.0,-85.7309077594569,0.0,8.978260500905167e-09,hard,False,False,107.1031200689117,0.0,1.0,0.0,0.9197931240228547
908,1768531733688,0.0,0.0,0.0,0.0,-85.7309077594569,0.0,3.5913042003620668e-09,hard,False,False,107.1031200689117,0.0,1.0,0.0,0.9197931240228547
909,1768531733721,0.0,0.0,0.0,0.0,-85.7309077594569,0.0,1.4365216801448269e-09,hard,False,False,107.1031200689117,0.0,1.0,0.0,0.9197931240228547
910,1768531733755,0.0,0.0,0.0,0.0,-85.7309077594569,0.0,5.746086720579308e-10,hard,False,False,107.1031200689117,0.0,1.0,0.0,0.9197931240228547
911,1768531733788,0.0,0.0,0.0,0.0,-85.7309077594569,0.0,2.2984346882317232e-10,hard,False,False,107.1031200689117,0.0,1.0,0.0,0.9197931240228547
912,1768531733825,0.0,0.0,0.0,0.0,-85.7309077594569,0.0,9.193738752926894e-11,hard,False,False,107.1031200689117,0.0,1.0,0.0,0.9197931240228547
913,1768531733855,0.0,0.0,0.0,0.0,-85.7309077594569,0.0,3.6774955011707575e-11,hard,False,False,107.1031200689117,0.0,1.0,0.0,0.9197931240228547
914,1768531733888,0.0,0.0,0.0,0.0,-85.7309077594569,0.0,1.470998200468303e-11,hard,False,False,107.1031200689117,0.0,1.0,0.0,0.9197931240228547
915,1768531733923,0.0,0.0,0.0,0.0,-85.7309077594569,0.0,5.883992801873213e-12,hard,False,False,107.1031200689117,0.0,1.0,0.0,0.9197931240228547
916,1768531733955,0.0,0.0,0.0,0.0,-85.7309077594569,0.0,2.353597120749285e-12,hard,False,False,107.1031200689117,0.0,1.0,0.0,0.9197931240228547
917,1768531733989,0.0,0.0,0.0,0.0,-85.7309077594569,0.0,9.414388482997141e-13,hard,False,False,107.1031200689117,0.0,1.0,0.0,0.9197931240228547
918,1768531734021,0.0,0.0,0.0,0.0,-85.7309077594569,0.0,3.7657553931988565e-13,hard,False,False,107.1031200689117,0.0,1.0,0.0,0.9197931240228547
919,1768531734055,0.0,0.0,0.0,0.0,-85.7309077594569,0.0,1.5063021572795426e-13,hard,False,False,107.1031200689117,0.0,1.0,0.0,0.9197931240228547
920,1768531734088,0.0,0.0,0.0,0.0,-85.7309077594569,0.0,6.025208629118171e-14,hard,False,False,107.1031200689117,0.0,1.0,0.0,0.9197931240228547
921,1768531734121,0.0,0.0,0.0,0.0,-85.7309077594569,0.0,2.4100834516472685e-14,hard,False,False,107.1031200689117,0.0,1.0,0.0,0.9197931240228547
922,1768531734154,0.0,0.0,0.0,0.0,-85.7309077594569,0.0,9.640333806589075e-15,hard,False,False,107.1031200689117,0.0,1.0,0.0,0.9197931240228547
923,1768531734188,0.0,0.0,0.0,0.0,-85.7309077594569,0.0,3.85613352263563e-15,hard,False,False,107.1031200689117,0.0,1.0,0.0,0.9197931240228547
924,1768531734221,0.0,0.0,0.0,0.0,-85.7309077594569,0.0,1.542453409054252e-15,hard,False,False,107.1031200689117,0.0,1.0,0.0,0.9197931240228547
925,1768531734255,0.0,0.0,0.0,0.0,-85.7309077594569,0.0,6.169813636217008e-16,hard,False,False,107.1031200689117,0.0,1.0,0.0,0.9197931240228547
926,1768531734289,0.0,0.0,0.0,0.0,-85.7309077594569,0.0,2.467925454486803e-16,hard,False,False,107.1031200689117,0.0,1.0,0.0,0.9197931240228547
927,1768531734321,0.0,0.0,0.0,0.0,-85.7309077594569,0.0,9.871701817947213e-17,hard,False,False,107.1031200689117,0.0,1.0,0.0,0.9197931240228547
928,1768531734356,0.0,0.0,0.0,0.0,-85.7309077594569,0.0,3.9486807271788854e-17,hard,False,False,107.1031200689117,0.0,1.0,0.0,0.9197931240228547
929,1768531734388,0.0,0.0,0.0,0.0,-85.7309077594569,0.0,1.5794722908715544e-17,hard,False,False,107.1031200689117,0.0,1.0,0.0,0.9197931240228547
930,1768531734421,0.0,0.0,0.0,0.0,-85.7309077594569,0.0,6.317889163486218e-18,hard,False,False,107.1031200689117,0.0,1.0,0.0,0.9197931240228547
931,1768531734455,0.0,0.0,0.0,0.0,-85.7309077594569,0.0,2.5271556653944872e-18,hard,False,False,107.1031200689117,0.0,1.0,0.0,0.9197931240228547
932,1768531734488,0.0,0.0,0.0,0.0,-85.7309077594569,0.0,1.0108622661577948e-18,hard,False,False,107.1031200689117,0.0,1.0,0.0,0.9197931240228547
933,1768531734522,0.0,0.0,0.0,0.0,-85.7309077594569,0.0,4.0434490646311794e-19,hard,False,False,107.1031200689117,0.0,1.0,0.0,0.9197931240228547
934,1768531734555,0.0,0.0,0.0,0.0,-85.7309077594569,0.0,1.617379625852472e-19,hard,False,False,107.1031200689117,0.0,1.0,0.0,0.9197931240228547
935,1768531734588,0.0,0.0,0.0,0.0,-85.7309077594569,0.0,6.469518503409888e-20,hard,False,False,107.1031200689117,0.0,1.0,0.0,0.9197931240228547
936,1768531734621,0.0,0.0,0.0,0.0,-85.7309077594569,0.0,2.5878074013639552e-20,hard,False,False,107.1031200689117,0.0,1.0,0.0,0.9197931240228547
937,1768531734655,0.0,0.0,0.0,0.0,-85.7309077594569,0.0,1.0351229605455822e-20,hard,False,False,107.1031200689117,0.0,1.0,0.0,0.9197931240228547
938,1768531734688,0.0,0.0,0.0,0.0,-85.7309077594569,0.0,4.1404918421823295e-21,hard,False,False,107.1031200689117,0.0,1.0,0.0,0.9197931240228547
939,1768531734724,0.0,0.0,0.0,0.0,-85.7309077594569,0.0,1.656196736872932e-21,hard,False,False,107.1031200689117,0.0,1.0,0.0,0.9197931240228547
940,1768531734755,0.0,0.0,0.0,0.0,-85.7309077594569,0.0,6.624786947491728e-22,hard,False,False,107.1031200689117,0.0,1.0,0.0,0.9197931240228547
941,1768531734788,0.0,0.0,0.0,0.0,-85.7309077594569,0.0,2.649914778996691e-22,hard,False,False,107.1031200689117,0.0,1.0,0.0,0.9197931240228547
942,1768531734821,0.0,0.0,0.0,0.0,-85.7309077594569,0.0,1.0599659115986764e-22,hard,False,False,107.1031200689117,0.0,1.0,0.0,0.9197931240228547
943,1768531734855,0.0,0.0,0.0,0.0,-85.7309077594569,0.0,4.239863646394706e-23,hard,False,False,107.1031200689117,0.0,1.0,0.0,0.9197931240228547
944,1768531734888,0.0,0.0,0.0,0.0,-85.7309077594569,0.0,1.6959454585578825e-23,hard,False,False,107.1031200689117,0.0,1.0,0.0,0.9197931240228547
945,1768531734921,0.0,0.0,0.0,0.0,-85.7309077594569,0.0,6.78378183423153e-24,hard,False,False,107.1031200689117,0.0,1.0,0.0,0.9197931240228547
946,1768531734955,0.0,0.0,0.0,0.0,-85.7309077594569,0.0,2.7135127336926122e-24,hard,False,False,107.1031200689117,0.0,1.0,0.0,0.9197931240228547
947,1768531734990,0.0,0.0,0.0,0.0,-85.7309077594569,0.0,1.085405093477045e-24,hard,False,False,107.1031200689117,0.0,1.0,0.0,0.9197931240228547
948,1768531735021,0.0,0.0,0.0,0.0,-85.7309077594569,0.0,4.34162037390818e-25,hard,False,False,107.1031200689117,0.0,1.0,0.0,0.9197931240228547
949,1768531735055,0.0,0.0,0.0,0.0,-85.7309077594569,0.0,1.736648149563272e-25,hard,False,False,107.1031200689117,0.0,1.0,0.0,0.9197931240228547
950,1768531735088,0.0,0.0,0.0,0.0,-85.7309077594569,0.0,6.946592598253089e-26,hard,False,False,107.1031200689117,0.0,1.0,0.0,0.9197931240228547
951,1768531735121,0.0,0.0,0.0,0.0,-85.7309077594569,0.0,2.7786370393012354e-26,hard,False,False,107.1031200689117,0.0,1.0,0.0,0.9197931240228547
952,1768531735188,0.0,0.0,0.0,0.0,-85.7309077594569,0.0,1.1114548157204942e-26,hard,False,False,107.1031200689117,0.0,1.0,0.0,0.9197931240228547
953,1768531735221,0.0,0.0,0.0,0.0,-85.7309077594569,0.0,4.445819262881977e-27,hard,False,False,107.1031200689117,0.0,1.0,0.0,0.9197931240228547
954,1768531735255,0.0,0.0,0.0,0.0,-85.7309077594569,0.0,1.778327705152791e-27,hard,False,False,107.1031200689117,0.0,1.0,0.0,0.9197931240228547
955,1768531735288,0.0,0.0,0.0,0.0,-85.7309077594569,0.0,7.113310820611165e-28,hard,False,False,107.1031200689117,0.0,1.0,0.0,0.9197931240228547
956,1768531735322,0.0,0.0,0.0,0.0,-85.7309077594569,0.0,2.845324328244466e-28,hard,False,False,107.1031200689117,0.0,1.0,0.0,0.9197931240228547
957,1768531735355,0.0,0.0,0.0,0.0,-85.7309077594569,0.0,1.1381297312977865e-28,hard,False,False,107.1031200689117,0.0,1.0,0.0,0.9197931240228547
958,1768531735389,0.0,0.0,0.0,0.0,-85.7309077594569,0.0,4.5525189251911463e-29,hard,False,False,107.1031200689117,0.0,1.0,0.0,0.9197931240228547
959,1768531735422,0.0,0.0,0.0,0.0,-85.7309077594569,0.0,1.8210075700764585e-29,hard,False,False,107.1031200689117,0.0,1.0,0.0,0.9197931240228547
960,1768531735458,0.0,0.0,0.0,0.0,-85.7309077594569,0.0,7.284030280305834e-30,hard,False,False,107.1031200689117,0.0,1.0,0.0,0.9197931240228547
961,1768531735488,0.0,0.0,0.0,0.0,-85.7309077594569,0.0,2.913612112122334e-30,hard,False,False,107.1031200689117,0.0,1.0,0.0,0.9197931240228547
962,1768531735521,0.0,0.0,0.0,0.0,-85.7309077594569,0.0,1.1654448448489337e-30,hard,False,False,107.1031200689117,0.0,1.0,0.0,0.9197931240228547
963,1768531735554,0.0,0.0,0.0,0.0,-85.7309077594569,0.0,4.661779379395735e-31,hard,False,False,107.1031200689117,0.0,1.0,0.0,0.9197931240228547
964,1768531735589,0.0,0.0,0.0,0.0,-85.7309077594569,0.0,1.864711751758294e-31,hard,False,False,107.1031200689117,0.0,1.0,0.0,0.9197931240228547
965,1768531735624,0.0,0.0,0.0,0.0,-85.7309077594569,0.0,7.458847007033177e-32,hard,False,False,107.1031200689117,0.0,1.0,0.0,0.9197931240228547
966,1768531735655,0.0,0.0,0.0,0.0,-85.7309077594569,0.0,2.983538802813271e-32,hard,False,False,107.1031200689117,0.0,1.0,0.0,0.9197931240228547
967,1768531735689,0.0,0.0,0.0,0.0,-85.7309077594569,0.0,1.1934155211253085e-32,hard,False,False,107.1031200689117,0.0,1.0,0.0,0.9197931240228547
968,1768531735721,0.0,0.0,0.0,0.0,-85.7309077594569,0.0,4.773662084501234e-33,hard,False,False,107.1031200689117,0.0,1.0,0.0,0.9197931240228547
969,1768531735755,0.0,0.0,0.0,0.0,-85.7309077594569,0.0,1.9094648338004937e-33,hard,False,False,107.1031200689117,0.0,1.0,0.0,0.9197931240228547
970,1768531735788,0.0,0.0,0.0,0.0,-85.7309077594569,0.0,7.637859335201975e-34,hard,False,False,107.1031200689117,0.0,1.0,0.0,0.9197931240228547
971,1768531735821,0.0,0.0,0.0,0.0,-85.7309077594569,0.0,3.0551437340807903e-34,hard,False,False,107.1031200689117,0.0,1.0,0.0,0.9197931240228547
972,1768531735854,0.0,0.0,0.0,0.0,-85.7309077594569,0.0,1.2220574936323163e-34,hard,False,False,107.1031200689117,0.0,1.0,0.0,0.9197931240228547
973,1768531735888,0.0,0.0,0.0,0.0,-85.7309077594569,0.0,4.888229974529265e-35,hard,False,False,107.1031200689117,0.0,1.0,0.0,0.9197931240228547
974,1768531735922,0.0,0.0,0.0,0.0,-85.7309077594569,0.0,1.9552919898117062e-35,hard,False,False,107.1031200689117,0.0,1.0,0.0,0.9197931240228547
975,1768531735988,0.0,0.0,0.0,0.0,-85.7309077594569,0.0,7.821167959246826e-36,hard,False,False,107.1031200689117,0.0,1.0,0.0,0.9197931240228547
976,1768531736021,0.0,0.0,0.0,0.0,-85.7309077594569,0.0,3.1284671836987306e-36,hard,False,False,107.1031200689117,0.0,1.0,0.0,0.9197931240228547
977,1768531736054,0.0,0.0,0.0,0.0,-85.7309077594569,0.0,1.2513868734794923e-36,hard,False,False,107.1031200689117,0.0,1.0,0.0,0.9197931240228547
978,1768531736088,0.0,0.0,0.0,0.0,-85.7309077594569,0.0,5.00554749391797e-37,hard,False,False,107.1031200689117,0.0,1.0,0.0,0.9197931240228547
979,1768531736121,0.0,0.0,0.0,0.0,-85.7309077594569,0.0,2.002218997567188e-37,hard,False,False,107.1031200689117,0.0,1.0,0.0,0.9197931240228547
980,1768531736155,0.0,0.0,0.0,0.0,-85.7309077594569,0.0,8.008875990268752e-38,hard,False,False,107.1031200689117,0.0,1.0,0.0,0.9197931240228547
981,1768531736188,0.0,0.0,0.0,0.0,-85.7309077594569,0.0,3.203550396107501e-38,hard,False,False,107.1031200689117,0.0,1.0,0.0,0.9197931240228547
982,1768531736221,0.0,0.0,0.0,0.0,-85.7309077594569,0.0,1.2814201584430006e-38,hard,False,False,107.1031200689117,0.0,1.0,0.0,0.9197931240228547
983,1768531736261,0.0,0.0,0.0,0.0,-85.7309077594569,0.0,5.1256806337720025e-39,hard,False,False,107.1031200689117,0.0,1.0,0.0,0.9197931240228547
984,1768531736306,0.0,0.0,0.0,0.0,-85.7309077594569,0.0,2.050272253508801e-39,hard,False,False,107.1031200689117,0.0,1.0,0.0,0.9197931240228547
985,1768531736331,0.0,0.0,0.0,0.0,-85.7309077594569,0.0,8.201089014035205e-40,hard,False,False,107.1031200689117,0.0,1.0,0.0,0.9197931240228547
986,1768531736356,0.0,0.0,0.0,0.0,-85.7309077594569,0.0,3.280435605614082e-40,hard,False,False,107.1031200689117,0.0,1.0,0.0,0.9197931240228547
987,1768531736388,0.0,0.0,0.0,0.0,-85.7309077594569,0.0,1.312174242245633e-40,hard,False,False,107.1031200689117,0.0,1.0,0.0,0.9197931240228547
988,1768531736421,0.0,0.0,0.0,0.0,-85.7309077594569,0.0,5.248696968982531e-41,hard,False,False,107.1031200689117,0.0,1.0,0.0,0.9197931240228547
989,1768531736454,0.0,0.0,0.0,0.0,-85.7309077594569,0.0,2.0994787875930126e-41,hard,False,False,107.1031200689117,0.0,1.0,0.0,0.9197931240228547
990,1768531736488,0.0,0.0,0.0,0.0,-85.7309077594569,0.0,8.39791515037205e-42,hard,False,False,107.1031200689117,0.0,1.0,0.0,0.9197931240228547
991,1768531736522,0.0,0.0,0.0,0.0,-85.7309077594569,0.0,3.3591660601488204e-42,hard,False,False,107.1031200689117,0.0,1.0,0.0,0.9197931240228547
992,1768531736555,0.0,0.0,0.0,0.0,-85.7309077594569,0.0,1.3436664240595282e-42,hard,False,False,107.1031200689117,0.0,1.0,0.0,0.9197931240228547
993,1768531736589,0.0,0.0,0.0,0.0,-85.7309077594569,0.0,5.374665696238113e-43,hard,False,False,107.1031200689117,0.0,1.0,0.0,0.9197931240228547
994,1768531736622,0.0,0.0,0.0,0.0,-85.7309077594569,0.0,2.149866278495245e-43,hard,False,False,107.1031200689117,0.0,1.0,0.0,0.9197931240228547
995,1768531736655,0.0,0.0,0.0,0.0,-85.7309077594569,0.0,8.59946511398098e-44,hard,False,False,107.1031200689117,0.0,1.0,0.0,0.9197931240228547
996,1768531736688,0.0,0.0,0.0,0.0,-85.7309077594569,0.0,3.4397860455923923e-44,hard,False,False,107.1031200689117,0.0,1.0,0.0,0.9197931240228547
997,1768531736721,0.0,0.0,0.0,0.0,-85.7309077594569,0.0,1.375914418236957e-44,hard,False,False,107.1031200689117,0.0,1.0,0.0,0.9197931240228547
998,1768531736755,0.0,0.0,0.0,0.0,-85.7309077594569,0.0,5.503657672947828e-45,hard,False,False,107.1031200689117,0.0,1.0,0.0,0.9197931240228547
999,1768531736788,0.0,0.0,0.0,0.0,-85.7309077594569,0.0,2.2014630691791313e-45,hard,False,False,107.1031200689117,0.0,1.0,0.0,0.9197931240228547
1000,1768531736821,0.0,0.0,0.0,0.0,-85.7309077594569,0.0,8.805852276716525e-46,hard,False,False,107.1031200689117,0.0,1.0,0.0,0.9197931240228547
1001,1768531736854,0.0,0.0,0.0,0.0,-85.7309077594569,0.0,3.5223409106866104e-46,hard,False,False,107.1031200689117,0.0,1.0,0.0,0.9197931240228547
1002,1768531736888,0.0,0.0,0.0,0.0,-85.7309077594569,0.0,1.4089363642746442e-46,hard,False,False,107.1031200689117,0.0,1.0,0.0,0.9197931240228547
1003,1768531736923,0.0,0.0,0.0,0.0,-85.7309077594569,0.0,5.635745457098577e-47,hard,False,False,107.1031200689117,0.0,1.0,0.0,0.9197931240228547
1004,1768531736955,0.0,0.0,0.0,0.0,-85.7309077594569,0.0,2.254298182839431e-47,hard,False,False,107.1031200689117,0.0,1.0,0.0,0.9197931240228547
1005,1768531736991,0.0,0.0,0.0,0.0,-85.7309077594569,0.0,9.017192731357724e-48,hard,False,False,107.1031200689117,0.0,1.0,0.0,0.9197931240228547
1006,1768531737021,0.0,0.0,0.0,0.0,-85.7309077594569,0.0,3.60687709254309e-48,hard,False,False,107.1031200689117,0.0,1.0,0.0,0.9197931240228547
1007,1768531737054,0.0,0.0,0.0,0.0,-85.7309077594569,0.0,1.442750837017236e-48,hard,False,False,107.1031200689117,0.0,1.0,0.0,0.9197931240228547
1008,1768531737088,0.0,0.0,0.0,0.0,-85.7309077594569,0.0,5.771003348068944e-49,hard,False,False,107.1031200689117,0.0,1.0,0.0,0.9197931240228547
1009,1768531737121,0.0,0.0,0.0,0.0,-85.7309077594569,0.0,2.308401339227578e-49,hard,False,False,107.1031200689117,0.0,1.0,0.0,0.9197931240228547
1010,1768531737154,0.0,0.0,0.0,0.0,-85.7309077594569,0.0,9.233605356910313e-50,hard,False,False,107.1031200689117,0.0,1.0,0.0,0.9197931240228547
1011,1768531737188,0.0,0.0,0.0,0.0,-85.7309077594569,0.0,3.6934421427641253e-50,hard,False,False,107.1031200689117,0.0,1.0,0.0,0.9197931240228547
1012,1768531737221,0.0,0.0,0.0,0.0,-85.7309077594569,0.0,1.4773768571056503e-50,hard,False,False,107.1031200689117,0.0,1.0,0.0,0.9197931240228547
1013,1768531737258,0.0,0.0,0.0,0.0,-85.7309077594569,0.0,5.909507428422602e-51,hard,False,False,107.1031200689117,0.0,1.0,0.0,0.9197931240228547
1014,1768531737294,0.0,0.0,0.0,0.0,-85.7309077594569,0.0,2.3638029713690408e-51,hard,False,False,107.1031200689117,0.0,1.0,0.0,0.9197931240228547
1015,1768531737333,0.0,0.0,0.0,0.0,-85.7309077594569,0.0,9.455211885476165e-52,hard,False,False,107.1031200689117,0.0,1.0,0.0,0.9197931240228547
1016,1768531737366,0.0,0.0,0.0,0.0,-85.7309077594569,0.0,3.782084754190466e-52,hard,False,False,107.1031200689117,0.0,1.0,0.0,0.9197931240228547
1017,1768531737390,0.0,0.0,0.0,0.0,-85.7309077594569,0.0,1.5128339016761864e-52,hard,False,False,107.1031200689117,0.0,1.0,0.0,0.9197931240228547
1018,1768531737422,0.0,0.0,0.0,0.0,-85.7309077594569,0.0,6.051335606704746e-53,hard,False,False,107.1031200689117,0.0,1.0,0.0,0.9197931240228547
1019,1768531737455,0.0,0.0,0.0,0.0,-85.7309077594569,0.0,2.420534242681898e-53,hard,False,False,107.1031200689117,0.0,1.0,0.0,0.9197931240228547
1020,1768531737488,0.0,0.0,0.0,0.0,-85.7309077594569,0.0,9.682136970727593e-54,hard,False,False,107.1031200689117,0.0,1.0,0.0,0.9197931240228547
1021,1768531737523,0.0,0.0,0.0,0.0,-85.7309077594569,0.0,3.872854788291038e-54,hard,False,False,107.1031200689117,0.0,1.0,0.0,0.9197931240228547
1022,1768531737554,0.0,0.0,0.0,0.0,-85.7309077594569,0.0,1.5491419153164153e-54,hard,False,False,107.1031200689117,0.0,1.0,0.0,0.9197931240228547
1023,1768531737588,0.0,0.0,0.0,0.0,-85.7309077594569,0.0,6.196567661265661e-55,hard,False,False,107.1031200689117,0.0,1.0,0.0,0.9197931240228547
1024,1768531737621,0.0,0.0,0.0,0.0,-85.7309077594569,0.0,2.4786270645062645e-55,hard,False,False,107.1031200689117,0.0,1.0,0.0,0.9197931240228547
1025,1768531737654,0.0,0.0,0.0,0.0,-85.7309077594569,0.0,9.914508258025059e-56,hard,False,False,107.1031200689117,0.0,1.0,0.0,0.9197931240228547
1026,1768531737688,0.0,0.0,0.0,0.0,-85.7309077594569,0.0,3.9658033032100236e-56,hard,False,False,107.1031200689117,0.0,1.0,0.0,0.9197931240228547
1027,1768531737721,0.0,0.0,0.0,0.0,-85.7309077594569,0.0,1.5863213212840096e-56,hard,False,False,107.1031200689117,0.0,1.0,0.0,0.9197931240228547
1028,1768531737755,0.0,0.0,0.0,0.0,-85.7309077594569,0.0,6.345285285136039e-57,hard,False,False,107.1031200689117,0.0,1.0,0.0,0.9197931240228547
1029,1768531737788,0.0,0.0,0.0,0.0,-85.7309077594569,0.0,2.5381141140544158e-57,hard,False,False,107.1031200689117,0.0,1.0,0.0,0.9197931240228547
1030,1768531737823,0.0,0.0,0.0,0.0,-85.7309077594569,0.0,1.0152456456217664e-57,hard,False,False,107.1031200689117,0.0,1.0,0.0,0.9197931240228547
1031,1768531737855,0.0,0.0,0.0,0.0,-85.7309077594569,0.0,4.060982582487066e-58,hard,False,False,107.1031200689117,0.0,1.0,0.0,0.9197931240228547
1032,1768531737888,0.0,0.0,0.0,0.0,-85.7309077594569,0.0,1.6243930329948264e-58,hard,False,False,107.1031200689117,0.0,1.0,0.0,0.9197931240228547
1033,1768531737921,0.0,0.0,0.0,0.0,-85.7309077594569,0.0,6.497572131979306e-59,hard,False,False,107.1031200689117,0.0,1.0,0.0,0.9197931240228547
1034,1768531737954,0.0,0.0,0.0,0.0,-85.7309077594569,0.0,2.5990288527917227e-59,hard,False,False,107.1031200689117,0.0,1.0,0.0,0.9197931240228547
1035,1768531737988,0.0,0.0,0.0,0.0,-85.7309077594569,0.0,1.039611541116689e-59,hard,False,False,107.1031200689117,0.0,1.0,0.0,0.9197931240228547
1036,1768531738025,0.0,0.0,0.0,0.0,-85.7309077594569,0.0,4.1584461644667567e-60,hard,False,False,107.1031200689117,0.0,1.0,0.0,0.9197931240228547
1037,1768531738067,0.0,0.0,0.0,0.0,-85.7309077594569,0.0,1.6633784657867028e-60,hard,False,False,107.1031200689117,0.0,1.0,0.0,0.9197931240228547
1038,1768531738101,0.0,0.0,0.0,0.0,-85.7309077594569,0.0,6.653513863146811e-61,hard,False,False,107.1031200689117,0.0,1.0,0.0,0.9197931240228547
1039,1768531738125,0.0,0.0,0.0,0.0,-85.7309077594569,0.0,2.6614055452587246e-61,hard,False,False,107.1031200689117,0.0,1.0,0.0,0.9197931240228547
1040,1768531738154,0.0,0.0,0.0,0.0,-85.7309077594569,0.0,1.0645622181034898e-61,hard,False,False,107.1031200689117,0.0,1.0,0.0,0.9197931240228547
1041,1768531738190,0.0,0.0,0.0,0.0,-85.7309077594569,0.0,4.25824887241396e-62,hard,False,False,107.1031200689117,0.0,1.0,0.0,0.9197931240228547
1042,1768531738221,0.0,0.0,0.0,0.0,-85.7309077594569,0.0,1.703299548965584e-62,hard,False,False,107.1031200689117,0.0,1.0,0.0,0.9197931240228547
1043,1768531738255,0.0,0.0,0.0,0.0,-85.7309077594569,0.0,6.813198195862337e-63,hard,False,False,107.1031200689117,0.0,1.0,0.0,0.9197931240228547
1044,1768531738288,0.0,0.0,0.0,0.0,-85.7309077594569,0.0,2.725279278344935e-63,hard,False,False,107.1031200689117,0.0,1.0,0.0,0.9197931240228547
1045,1768531738333,0.0,0.0,0.0,0.0,-85.7309077594569,0.0,1.090111711337974e-63,hard,False,False,107.1031200689117,0.0,1.0,0.0,0.9197931240228547
1046,1768531738360,0.0,0.0,0.0,0.0,-85.7309077594569,0.0,4.360446845351896e-64,hard,False,False,107.1031200689117,0.0,1.0,0.0,0.9197931240228547
1047,1768531738389,0.0,0.0,0.0,0.0,-85.7309077594569,0.0,1.7441787381407584e-64,hard,False,False,107.1031200689117,0.0,1.0,0.0,0.9197931240228547
1048,1768531738431,0.0,0.0,0.0,0.0,-85.7309077594569,0.0,6.976714952563034e-65,hard,False,False,107.1031200689117,0.0,1.0,0.0,0.9197931240228547
1049,1768531738463,0.0,0.0,0.0,0.0,-85.7309077594569,0.0,2.7906859810252136e-65,hard,False,False,107.1031200689117,0.0,1.0,0.0,0.9197931240228547
1050,1768531738496,0.0,0.0,0.0,0.0,-85.7309077594569,0.0,1.1162743924100855e-65,hard,False,False,107.1031200689117,0.0,1.0,0.0,0.9197931240228547
1051,1768531738532,0.0,0.0,0.0,0.0,-85.7309077594569,0.0,4.465097569640342e-66,hard,False,False,107.1031200689117,0.0,1.0,0.0,0.9197931240228547
1052,1768531738556,0.0,0.0,0.0,0.0,-85.7309077594569,0.0,1.786039027856137e-66,hard,False,False,107.1031200689117,0.0,1.0,0.0,0.9197931240228547
1053,1768531738590,0.0,0.0,0.0,0.0,-85.7309077594569,0.0,7.144156111424549e-67,hard,False,False,107.1031200689117,0.0,1.0,0.0,0.9197931240228547
1054,1768531738629,0.0,0.0,0.0,0.0,-85.7309077594569,0.0,2.8576624445698194e-67,hard,False,False,107.1031200689117,0.0,1.0,0.0,0.9197931240228547
1055,1768531738659,0.0,0.0,0.0,0.0,-85.7309077594569,0.0,1.1430649778279278e-67,hard,False,False,107.1031200689117,0.0,1.0,0.0,0.9197931240228547
1056,1768531738688,0.0,0.0,0.0,0.0,-85.7309077594569,0.0,4.572259911311711e-68,hard,False,False,107.1031200689117,0.0,1.0,0.0,0.9197931240228547
1057,1768531738722,0.0,0.0,0.0,0.0,-85.7309077594569,0.0,1.8289039645246844e-68,hard,False,False,107.1031200689117,0.0,1.0,0.0,0.9197931240228547
1058,1768531738754,0.0,0.0,0.0,0.0,-85.7309077594569,0.0,7.315615858098738e-69,hard,False,False,107.1031200689117,0.0,1.0,0.0,0.9197931240228547
1059,1768531738787,0.0,0.0,0.0,0.0,-85.7309077594569,0.0,2.9262463432394954e-69,hard,False,False,107.1031200689117,0.0,1.0,0.0,0.9197931240228547
1060,1768531738821,0.0,0.0,0.0,0.0,-85.7309077594569,0.0,1.1704985372957982e-69,hard,False,False,107.1031200689117,0.0,1.0,0.0,0.9197931240228547
1061,1768531738854,0.0,0.0,0.0,0.0,-85.7309077594569,0.0,4.681994149183193e-70,hard,False,False,107.1031200689117,0.0,1.0,0.0,0.9197931240228547
1062,1768531738888,0.0,0.0,0.0,0.0,-85.7309077594569,0.0,1.8727976596732774e-70,hard,False,False,107.1031200689117,0.0,1.0,0.0,0.9197931240228547
1063,1768531738921,0.0,0.0,0.0,0.0,-85.7309077594569,0.0,7.49119063869311e-71,hard,False,False,107.1031200689117,0.0,1.0,0.0,0.9197931240228547
1064,1768531738954,0.0,0.0,0.0,0.0,-85.7309077594569,0.0,2.9964762554772443e-71,hard,False,False,107.1031200689117,0.0,1.0,0.0,0.9197931240228547
1065,1768531738989,0.0,0.0,0.0,0.0,-85.7309077594569,0.0,1.1985905021908979e-71,hard,False,False,107.1031200689117,0.0,1.0,0.0,0.9197931240228547
1066,1768531739027,0.0,0.0,0.0,0.0,-85.7309077594569,0.0,4.794362008763592e-72,hard,False,False,107.1031200689117,0.0,1.0,0.0,0.9197931240228547
1067,1768531739055,0.0,0.0,0.0,0.0,-85.7309077594569,0.0,1.917744803505437e-72,hard,False,False,107.1031200689117,0.0,1.0,0.0,0.9197931240228547
1068,1768531739087,0.0,0.0,0.0,0.0,-85.7309077594569,0.0,7.670979214021749e-73,hard,False,False,107.1031200689117,0.0,1.0,0.0,0.9197931240228547
1069,1768531739121,0.0,0.0,0.0,0.0,-85.7309077594569,0.0,3.0683916856086996e-73,hard,False,False,107.1031200689117,0.0,1.0,0.0,0.9197931240228547
1070,1768531739154,0.0,0.0,0.0,0.0,-85.7309077594569,0.0,1.22735667424348e-73,hard,False,False,107.1031200689117,0.0,1.0,0.0,0.9197931240228547
1071,1768531739187,0.0,0.0,0.0,0.0,-85.7309077594569,0.0,4.90942669697392e-74,hard,False,False,107.1031200689117,0.0,1.0,0.0,0.9197931240228547
1072,1768531739221,0.0,0.0,0.0,0.0,-85.7309077594569,0.0,1.9637706787895683e-74,hard,False,False,107.1031200689117,0.0,1.0,0.0,0.9197931240228547
1073,1768531739254,0.0,0.0,0.0,0.0,-85.7309077594569,0.0,7.855082715158274e-75,hard,False,False,107.1031200689117,0.0,1.0,0.0,0.9197931240228547
1074,1768531739288,0.0,0.0,0.0,0.0,-85.7309077594569,0.0,3.1420330860633095e-75,hard,False,False,107.1031200689117,0.0,1.0,0.0,0.9197931240228547
1075,1768531739321,0.0,0.0,0.0,0.0,-85.7309077594569,0.0,1.256813234425324e-75,hard,False,False,107.1031200689117,0.0,1.0,0.0,0.9197931240228547
1076,1768531739362,0.0,0.0,0.0,0.0,-85.7309077594569,0.0,5.027252937701296e-76,hard,False,False,107.1031200689117,0.0,1.0,0.0,0.9197931240228547
1077,1768531739387,0.0,0.0,0.0,0.0,-85.7309077594569,0.0,2.0109011750805185e-76,hard,False,False,107.1031200689117,0.0,1.0,0.0,0.9197931240228547
1078,1768531739421,0.0,0.0,0.0,0.0,-85.7309077594569,0.0,8.043604700322074e-77,hard,False,False,107.1031200689117,0.0,1.0,0.0,0.9197931240228547
1079,1768531739454,0.0,0.0,0.0,0.0,-85.7309077594569,0.0,3.2174418801288298e-77,hard,False,False,107.1031200689117,0.0,1.0,0.0,0.9197931240228547
1080,1768531739487,0.0,0.0,0.0,0.0,-85.7309077594569,0.0,1.286976752051532e-77,hard,False,False,107.1031200689117,0.0,1.0,0.0,0.9197931240228547
1081,1768531739521,0.0,0.0,0.0,0.0,-85.7309077594569,0.0,5.147907008206128e-78,hard,False,False,107.1031200689117,0.0,1.0,0.0,0.9197931240228547
1082,1768531739557,0.0,0.0,0.0,0.0,-85.7309077594569,0.0,2.059162803282451e-78,hard,False,False,107.1031200689117,0.0,1.0,0.0,0.9197931240228547
1083,1768531739587,0.0,0.0,0.0,0.0,-85.7309077594569,0.0,8.236651213129805e-79,hard,False,False,107.1031200689117,0.0,1.0,0.0,0.9197931240228547
1084,1768531739621,0.0,0.0,0.0,0.0,-85.7309077594569,0.0,3.294660485251922e-79,hard,False,False,107.1031200689117,0.0,1.0,0.0,0.9197931240228547
1085,1768531739654,0.0,0.0,0.0,0.0,-85.7309077594569,0.0,1.3178641941007689e-79,hard,False,False,107.1031200689117,0.0,1.0,0.0,0.9197931240228547
1086,1768531739687,0.0,0.0,0.0,0.0,-85.7309077594569,0.0,5.271456776403076e-80,hard,False,False,107.1031200689117,0.0,1.0,0.0,0.9197931240228547
1087,1768531739721,0.0,0.0,0.0,0.0,-85.7309077594569,0.0,2.1085827105612304e-80,hard,False,False,107.1031200689117,0.0,1.0,0.0,0.9197931240228547
1088,1768531739754,0.0,0.0,0.0,0.0,-85.7309077594569,0.0,8.434330842244922e-81,hard,False,False,107.1031200689117,0.0,1.0,0.0,0.9197931240228547
1089,1768531739787,0.0,0.0,0.0,0.0,-85.7309077594569,0.0,3.373732336897969e-81,hard,False,False,107.1031200689117,0.0,1.0,0.0,0.9197931240228547
1090,1768531739821,0.0,0.0,0.0,0.0,-85.7309077594569,0.0,1.3494929347591877e-81,hard,False,False,107.1031200689117,0.0,1.0,0.0,0.9197931240228547
1091,1768531739854,0.0,0.0,0.0,0.0,-85.7309077594569,0.0,5.397971739036751e-82,hard,False,False,107.1031200689117,0.0,1.0,0.0,0.9197931240228547
1092,1768531739887,0.0,0.0,0.0,0.0,-85.7309077594569,0.0,2.1591886956147004e-82,hard,False,False,107.1031200689117,0.0,1.0,0.0,0.9197931240228547
1093,1768531739921,0.0,0.0,0.0,0.0,-85.7309077594569,0.0,8.636754782458802e-83,hard,False,False,107.1031200689117,0.0,1.0,0.0,0.9197931240228547
1094,1768531739954,0.0,0.0,0.0,0.0,-85.7309077594569,0.0,3.454701912983521e-83,hard,False,False,107.1031200689117,0.0,1.0,0.0,0.9197931240228547
1095,1768531739988,0.0,0.0,0.0,0.0,-85.7309077594569,0.0,1.3818807651934084e-83,hard,False,False,107.1031200689117,0.0,1.0,0.0,0.9197931240228547
1096,1768531740021,0.0,0.0,0.0,0.0,-85.7309077594569,0.0,5.527523060773634e-84,hard,False,False,107.1031200689117,0.0,1.0,0.0,0.9197931240228547
1097,1768531740054,0.0,0.0,0.0,0.0,-85.7309077594569,0.0,2.211009224309454e-84,hard,False,False,107.1031200689117,0.0,1.0,0.0,0.9197931240228547
1098,1768531740121,0.0,0.0,0.0,0.0,-85.7309077594569,0.0,8.844036897237816e-85,hard,False,False,107.1031200689117,0.0,1.0,0.0,0.9197931240228547
1099,1768531740154,0.0,0.0,0.0,0.0,-85.7309077594569,0.0,3.5376147588951263e-85,hard,False,False,107.1031200689117,0.0,1.0,0.0,0.9197931240228547
1100,1768531740187,0.0,0.0,0.0,0.0,-85.7309077594569,0.0,1.4150459035580506e-85,hard,False,False,107.1031200689117,0.0,1.0,0.0,0.9197931240228547
1101,1768531740220,0.0,0.0,0.0,0.0,-85.7309077594569,0.0,5.660183614232202e-86,hard,False,False,107.1031200689117,0.0,1.0,0.0,0.9197931240228547
1102,1768531740254,0.0,0.0,0.0,0.0,-85.7309077594569,0.0,2.264073445692881e-86,hard,False,False,107.1031200689117,0.0,1.0,0.0,0.9197931240228547
1103,1768531740287,0.0,0.0,0.0,0.0,-85.7309077594569,0.0,9.056293782771525e-87,hard,False,False,107.1031200689117,0.0,1.0,0.0,0.9197931240228547
1104,1768531740323,0.0,0.0,0.0,0.0,-85.7309077594569,0.0,3.62251751310861e-87,hard,False,False,107.1031200689117,0.0,1.0,0.0,0.9197931240228547
1105,1768531740354,0.0,0.0,0.0,0.0,-85.7309077594569,0.0,1.4490070052434441e-87,hard,False,False,107.1031200689117,0.0,1.0,0.0,0.9197931240228547
1106,1768531740388,0.0,0.0,0.0,0.0,-85.7309077594569,0.0,5.796028020973777e-88,hard,False,False,107.1031200689117,0.0,1.0,0.0,0.9197931240228547
1107,1768531740420,0.0,0.0,0.0,0.0,-85.7309077594569,0.0,2.3184112083895107e-88,hard,False,False,107.1031200689117,0.0,1.0,0.0,0.9197931240228547
1108,1768531740455,0.0,0.0,0.0,0.0,-85.7309077594569,0.0,9.273644833558044e-89,hard,False,False,107.1031200689117,0.0,1.0,0.0,0.9197931240228547
1109,1768531740487,0.0,0.0,0.0,0.0,-85.7309077594569,0.0,3.709457933423218e-89,hard,False,False,107.1031200689117,0.0,1.0,0.0,0.9197931240228547
1110,1768531740520,0.0,0.0,0.0,0.0,-85.7309077594569,0.0,1.4837831733692871e-89,hard,False,False,107.1031200689117,0.0,1.0,0.0,0.9197931240228547
1111,1768531740554,0.0,0.0,0.0,0.0,-85.7309077594569,0.0,5.935132693477149e-90,hard,False,False,107.1031200689117,0.0,1.0,0.0,0.9197931240228547
1112,1768531740587,0.0,0.0,0.0,0.0,-85.7309077594569,0.0,2.3740530773908598e-90,hard,False,False,107.1031200689117,0.0,1.0,0.0,0.9197931240228547
1113,1768531740621,0.0,0.0,0.0,0.0,-85.7309077594569,0.0,9.49621230956344e-91,hard,False,False,107.1031200689117,0.0,1.0,0.0,0.9197931240228547
1114,1768531740654,0.0,0.0,0.0,0.0,-85.7309077594569,0.0,3.798484923825376e-91,hard,False,False,107.1031200689117,0.0,1.0,0.0,0.9197931240228547
1115,1768531740687,0.0,0.0,0.0,0.0,-85.7309077594569,0.0,1.5193939695301506e-91,hard,False,False,107.1031200689117,0.0,1.0,0.0,0.9197931240228547
1116,1768531740721,0.0,0.0,0.0,0.0,-85.7309077594569,0.0,6.0775758781206025e-92,hard,False,False,107.1031200689117,0.0,1.0,0.0,0.9197931240228547
1117,1768531740754,0.0,0.0,0.0,0.0,-85.7309077594569,0.0,2.431030351248241e-92,hard,False,False,107.1031200689117,0.0,1.0,0.0,0.9197931240228547
1118,1768531740788,0.0,0.0,0.0,0.0,-85.7309077594569,0.0,9.724121404992966e-93,hard,False,False,107.1031200689117,0.0,1.0,0.0,0.9197931240228547
1119,1768531740820,0.0,0.0,0.0,0.0,-85.7309077594569,0.0,3.889648561997186e-93,hard,False,False,107.1031200689117,0.0,1.0,0.0,0.9197931240228547
1120,1768531740859,0.0,0.0,0.0,0.0,-85.7309077594569,0.0,1.5558594247988746e-93,hard,False,False,107.1031200689117,0.0,1.0,0.0,0.9197931240228547
1121,1768531740887,0.0,0.0,0.0,0.0,-85.7309077594569,0.0,6.223437699195499e-94,hard,False,False,107.1031200689117,0.0,1.0,0.0,0.9197931240228547
1122,1768531740923,0.0,0.0,0.0,0.0,-85.7309077594569,0.0,2.4893750796782e-94,hard,False,False,107.1031200689117,0.0,1.0,0.0,0.9197931240228547
1123,1768531740954,0.0,0.0,0.0,0.0,-85.7309077594569,0.0,9.957500318712799e-95,hard,False,False,107.1031200689117,0.0,1.0,0.0,0.9197931240228547
1124,1768531740987,0.0,0.0,0.0,0.0,-85.7309077594569,0.0,3.98300012748512e-95,hard,False,False,107.1031200689117,0.0,1.0,0.0,0.9197931240228547
1125,1768531741021,0.0,0.0,0.0,0.0,-85.7309077594569,0.0,1.5932000509940482e-95,hard,False,False,107.1031200689117,0.0,1.0,0.0,0.9197931240228547
1126,1768531741054,0.0,0.0,0.0,0.0,-85.7309077594569,0.0,6.372800203976193e-96,hard,False,False,107.1031200689117,0.0,1.0,0.0,0.9197931240228547
1127,1768531741087,0.0,0.0,0.0,0.0,-85.7309077594569,0.0,2.5491200815904775e-96,hard,False,False,107.1031200689117,0.0,1.0,0.0,0.9197931240228547
1128,1768531741120,0.0,0.0,0.0,0.0,-85.7309077594569,0.0,1.019648032636191e-96,hard,False,False,107.1031200689117,0.0,1.0,0.0,0.9197931240228547
1129,1768531741154,0.0,0.0,0.0,0.0,-85.7309077594569,0.0,4.078592130544764e-97,hard,False,False,107.1031200689117,0.0,1.0,0.0,0.9197931240228547
1130,1768531741187,0.0,0.0,0.0,0.0,-85.7309077594569,0.0,1.6314368522179057e-97,hard,False,False,107.1031200689117,0.0,1.0,0.0,0.9197931240228547
1131,1768531741220,0.0,0.0,0.0,0.0,-85.7309077594569,0.0,6.525747408871623e-98,hard,False,False,107.1031200689117,0.0,1.0,0.0,0.9197931240228547
1132,1768531741254,0.0,0.0,0.0,0.0,-85.7309077594569,0.0,2.610298963548649e-98,hard,False,False,107.1031200689117,0.0,1.0,0.0,0.9197931240228547
