frame_idx,timestamp_ms,depth_raw_mm,depth_ema_mm,depth_kf_mm,depth_corr_mm,sig_mm,conf,conf_ema,vision_state,has_hand,has_main_hand,velocity_mm_s,motion_mm,gain,offset_mm,cos_tilt
0,1767153178644,-0.2486392092901229,-0.2486392092901229,-0.2486392092901229,-0.2486392092901229,-0.2486392092901229,0.9617434740066528,0.5770460844039916,ok,True,True,0.0,0.0,1.0,0.0,0.9804841750435145
1,1767153178676,-0.16029689757935867,-0.19563382226366438,-0.20172925269029796,-0.20172925269029796,-0.20172925269029796,0.9717452526092529,0.8138655853271484,ok,True,True,0.009640706848061058,0.035336924684305715,1.0,0.0,0.9804841750435145
2,1767153178702,-0.7474792941860814,-0.5267411054171146,-0.48904364424764724,-0.48904364424764724,-0.48904364424764724,0.9719836711883545,0.9087364368438721,ok,True,True,-0.07221140838192477,0.22073818876896678,1.0,0.0,0.9804841750435145
3,1767153178741,-0.3432288759439357,-0.41663376773320726,-0.4252850356284824,-0.4252850356284824,-0.4252850356284824,0.9690185189247131,0.9449056860923767,ok,True,True,-0.049136418995138306,0.07340489178927156,1.0,0.0,0.9804841750435145
4,1767153178771,-0.003917614556901904,-0.16900407582742405,-0.19876617070328415,-0.19876617070328415,-0.19876617070328415,0.9692543148994446,0.9595148633766175,ok,True,True,0.04434888235487254,0.16508646127052215,1.0,0.0,0.9804841750435145
5,1767153178804,-0.09673135418458592,-0.12564044284172116,-0.133891514301893,-0.133891514301893,-0.133891514301893,0.9761818051338196,0.9695150284309387,ok,True,True,0.07406611173977229,0.028909088657135235,1.0,0.0,0.9804841750435145
6,1767153178845,0.23221745921503603,0.08907429839233315,0.06373064633437606,0.06373064633437606,0.06373064633437606,0.9683977961540222,0.9688446890647888,ok,True,True,0.17667192569816006,0.1431431608227029,1.0,0.0,0.9804841750435145
7,1767153178874,-0.511740786643279,-0.27141475262903414,-0.23229003630135517,-0.23229003630135517,-0.23229003630135517,0.9599399566650391,0.963501849624939,ok,True,True,0.0013621021470209549,0.2403260340142449,1.0,0.0,0.9804841750435145
8,1767153178900,-0.32110737716215626,-0.3012303273489074,-0.29333028291873675,-0.29333028291873675,-0.29333028291873675,0.9714997410774231,0.9683005844964294,ok,True,True,-0.03732579377314883,0.019877049813248837,1.0,0.0,0.9804841750435145
9,1767153178934,0.10468405885970081,-0.05768169562374249,-0.08476319029307741,-0.08476319029307741,-0.08476319029307741,0.9648140072822571,0.966208638167926,ok,True,True,0.10612028006456699,0.16236575448344331,1.0,0.0,0.9804841750435145
10,1767153178963,0.03146873722262937,-0.004191435915919379,-0.012983477648908531,-0.012983477648908531,-0.012983477648908531,0.9567188024520874,0.9605147367384228,ok,True,True,0.15605100964725155,0.035660173138548745,1.0,0.0,0.9804841750435145
11,1767153178999,-0.39579401698268724,-0.23915298455598008,-0.21278766598032933,-0.21278766598032933,-0.21278766598032933,0.971297562122345,0.9669844319687761,ok,True,True,-0.003286682056145074,0.15664103242670716,1.0,0.0,0.9804841750435145
12,1767153179029,0.4017868798587408,0.14541093409285244,0.10464155661834942,0.10464155661834942,0.10464155661834942,0.9563367366790771,0.9605958147949567,ok,True,True,0.2572164655496635,0.25637594576588835,1.0,0.0,0.9804841750435145
13,1767153179062,0.2915127314757838,0.23307201252261125,0.21945355609045342,0.21945355609045342,0.21945355609045342,0.9675525426864624,0.9647698515298601,ok,True,True,0.3487003538197902,0.05844071895317257,1.0,0.0,0.9804841750435145
14,1767153179095,-0.011199490097695492,0.08650911095042722,0.10291353214504831,0.10291353214504831,0.10291353214504831,0.9684717059135437,0.9669909641600702,ok,True,True,0.23341973296806662,0.09770860104812272,1.0,0.0,0.9804841750435145
15,1767153179129,0.15012824978397457,0.12468059425055564,0.12309550776500203,0.12309550776500203,0.12309550776500203,0.9693168997764587,0.9683865255299033,ok,True,True,0.2450213003248587,0.025447655533418934,1.0,0.0,0.9804841750435145
16,1767153179162,-0.5334887085425394,-0.2702209874253014,-0.22477391367837127,-0.22477391367837127,-0.22477391367837127,0.9677848219871521,0.9680255034042526,ok,True,True,-0.10007405349018667,0.263267721117238,1.0,0.0,0.9804841750435145
17,1767153179195,-0.45441685085490074,-0.380738505483061,-0.36348021787712936,-0.36348021787712936,-0.36348021787712936,0.9654643535614014,0.9664888134985419,ok,True,True,-0.23555660351354027,0.07367834537183976,1.0,0.0,0.9804841750435145
18,1767153179229,-0.572449903720945,-0.49576534442579134,-0.4817096451330128,-0.4817096451330128,-0.4817096451330128,0.9697908759117126,0.9684700509464443,ok,True,True,-0.349275149042418,0.07668455929515361,1.0,0.0,0.9804841750435145
19,1767153179262,-0.6340958366732354,-0.5787636397742578,-0.5691249650066731,-0.5691249650066731,-0.5691249650066731,0.971530556678772,0.9703063543858409,ok,True,True,-0.42941858327120536,0.055332196898977615,1.0,0.0,0.9804841750435145
20,1767153179295,-0.5717257393025235,-0.5745408994912172,-0.5755441471912931,-0.5755441471912931,-0.5755441471912931,0.972251296043396,0.971473319380374,ok,True,True,-0.42086731449336434,0.002815160188693766,1.0,0.0,0.9804841750435145
21,1767153179329,-0.8572476769434743,-0.7441649659625715,-0.7267491837894162,-0.7267491837894162,-0.7267491837894162,0.9656988382339478,0.9680086306925182,ok,True,True,-0.572692753141736,0.11308271098090272,1.0,0.0,0.9804841750435145
22,1767153179362,-1.199421111984269,-1.01731865357559,-0.9867581122490287,-0.9867581122490287,-0.9867581122490287,0.9643274545669556,0.9657999250171807,ok,True,True,-0.8446149995587005,0.182102458408679,1.0,0.0,0.9804841750435145
23,1767153179396,-1.8283636567199628,-1.5039456554622137,-1.4489340190684865,-1.4489340190684865,-1.4489340190684865,0.9602038264274597,0.962442265863348,ok,True,True,-1.3432797481160028,0.3244180012577491,1.0,0.0,0.9804841750435145
24,1767153179429,-1.4146818590283756,-1.4503873776019107,-1.4552575681616415,-1.4552575681616415,-1.4552575681616415,0.9537128806114197,0.957204634712191,ok,True,True,-1.29838090361024,0.0357055185735351,1.0,0.0,0.9804841750435145
25,1767153179462,-0.7854174634400503,-1.0514054291047945,-1.1016400990774624,-1.1016400990774624,-1.1016400990774624,0.9628883600234985,0.9606148698989755,ok,True,True,-0.8280958008204307,0.26598796566474425,1.0,0.0,0.9804841750435145
26,1767153179495,0.02199712641660898,-0.4073638957919524,-0.4884209013953895,-0.4884209013953895,-0.4884209013953895,0.9536355137825012,0.956427256229091,ok,True,True,-0.05859007806974115,0.4293610222085614,1.0,0.0,0.9804841750435145
27,1767153179529,2.3921527838901286,1.2723461120172963,1.0745189232138008,1.0745189232138008,1.0745189232138008,0.9562391042709351,0.9563143650541974,ok,True,True,1.8434595540095473,1.1198066718728323,1.0,0.0,0.9804841750435145
28,1767153179562,5.178335152410124,3.615939536252993,3.337747968129179,3.337747968129179,3.337747968129179,0.9509278535842896,0.9530824581722527,ok,True,True,4.549259744140629,1.562395616157131,1.0,0.0,0.9804841750435145
29,1767153179596,9.966355108923166,7.426188879855097,6.984769348816287,6.984769348816287,6.984769348816287,0.9473101496696472,0.9496190730706894,ok,True,True,8.888024621450409,2.5401662290680687,1.0,0.0,0.9804841750435145
30,1767153179629,16.038232369247652,12.59341497349063,11.997994450998151,11.997994450998151,11.997994450998151,0.9495266675949097,0.9495636297852216,ok,True,True,14.79668988215541,3.4448173957570223,1.0,0.0,0.9804841750435145
31,1767153179662,24.18290383589718,19.54710829093456,18.756561755985118,18.756561755985118,18.756561755985118,0.9541040062904358,0.9522878556883502,ok,True,True,22.710209449507786,4.635795544962619,1.0,0.0,0.9804841750435145
32,1767153179696,33.08458000260992,27.669591317939776,26.75609254538076,26.75609254538076,26.75609254538076,0.9336414933204651,0.9411000382676191,ok,True,True,31.927143010726805,5.414988684670142,1.0,0.0,0.9804841750435145
33,1767153179729,42.009866228297845,36.27375626415462,35.32723921870946,35.32723921870946,35.32723921870946,0.9532797336578369,0.9484078555017499,ok,True,True,41.54622427823927,5.736109964143225,1.0,0.0,0.9804841750435145
34,1767153179762,49.53209538796751,44.22875973844235,43.387369966900096,43.387369966900096,43.387369966900096,0.9630088806152344,0.9571684705698406,ok,True,True,50.153138211882876,5.30333564952516,1.0,0.0,0.9804841750435145
35,1767153179795,55.68034325775219,51.099709850028255,50.42372229036883,50.42372229036883,50.42372229036883,0.9461898803710938,0.9505813164505925,ok,True,True,57.10943109218188,4.580633407723937,1.0,0.0,0.9804841750435145
36,1767153179828,57.7948861175329,55.116815610531035,54.80472830867109,54.80472830867109,54.80472830867109,0.9313623905181885,0.93904996089115,ok,True,True,60.338454089428886,2.6780705070018627,1.0,0.0,0.9804841750435145
37,1767153179862,57.09096956614396,56.30130798389879,56.35888116920758,56.35888116920758,56.35888116920758,0.9582033157348633,0.950541973797378,ok,True,True,59.73982315226026,0.7896615822451736,1.0,0.0,0.9804841750435145
38,1767153179899,55.78745637097537,55.99299701614474,56.256616206121315,56.256616206121315,56.256616206121315,0.96492999792099,0.9591747882715452,ok,True,True,56.986438647728924,0.20554064516937132,1.0,0.0,0.9804841750435145
39,1767153179933,51.359472571824185,53.2128823495524,53.76561533722136,53.76561533722136,53.76561533722136,0.9606479406356812,0.9600586796900268,ok,True,True,51.189741217731125,1.853409777728217,1.0,0.0,0.9804841750435145
40,1767153179967,44.71070639484054,48.111576776725286,48.93443992994717,48.93443992994717,48.93443992994717,0.9556865096092224,0.9574353776415442,ok,True,True,42.52793354603445,3.4008703818847437,1.0,0.0,0.9804841750435145
41,1767153179996,35.84927307938008,40.75419455831816,41.827038592698855,41.827038592698855,41.827038592698855,0.934760332107544,0.943830350321144,ok,True,True,31.196422356427117,4.904921478938078,1.0,0.0,0.9804841750435145
42,1767153180028,25.290863901408702,31.476196164172485,32.74927270829484,32.74927270829484,32.74927270829484,0.917701005935669,0.9281527436898589,ok,True,True,17.70853880476671,6.185332262763783,1.0,0.0,0.9804841750435145
43,1767153180062,16.23273948363366,22.33012215584919,23.56042989117818,23.56042989117818,23.56042989117818,0.9192094802856445,0.9227867856473303,ok,True,True,4.637180259640726,6.097382672215527,1.0,0.0,0.9804841750435145
44,1767153180101,8.415378839437327,13.981276166002072,15.068898514990332,15.068898514990332,15.068898514990332,0.9606530666351318,0.9455065542400113,ok,True,True,-6.947745079026838,5.565897326564745,1.0,0.0,0.9804841750435145
45,1767153180128,3.1909808527855046,7.507098978072132,8.326072628441947,8.326072628441947,8.326072628441947,0.945698618888855,0.9456217930293176,ok,True,True,-15.691409971662537,4.316118125286627,1.0,0.0,0.9804841750435145
46,1767153180162,0.1250468726253138,3.077867714804041,3.6057396697096076,3.6057396697096076,3.6057396697096076,0.9533029794692993,0.9502305048933066,ok,True,True,-21.339087713391717,2.952820842178727,1.0,0.0,0.9804841750435145
47,1767153180195,-0.9198764044636223,0.6792212432434431,0.9266729911297005,0.9266729911297005,0.9266729911297005,0.9647389650344849,0.9589355809780136,ok,True,True,-23.99165879887649,1.5990976477070653,1.0,0.0,0.9804841750435145
48,1767153180229,-0.972527755552186,-0.31182815603393427,-0.2628179895700758,-0.2628179895700758,-0.2628179895700758,0.9625493288040161,0.9611038296736151,ok,True,True,-24.517945916641896,0.6606995995182516,1.0,0.0,0.9804841750435145
49,1767153180262,-1.5989759561799837,-1.0841168361215638,-1.0836662862777258,-1.0836662862777258,-1.0836662862777258,0.9738964438438416,0.968779398175751,ok,True,True,-24.52279177917362,0.5148591200584198,1.0,0.0,0.9804841750435145
50,1767153180295,-1.3442137643119825,-1.240174993035815,-1.3139871039083286,-1.3139871039083286,-1.3139871039083286,0.9597963690757751,0.9633895807157655,ok,True,True,-23.727758453289947,0.10403877127616745,1.0,0.0,0.9804841750435145
51,1767153180329,1.4835908162572844,0.3940844925400446,0.1150101331550375,0.1150101331550375,0.1150101331550375,0.9541133046150208,0.9578238150553187,ok,True,True,-20.71786944564588,1.0895063237172398,1.0,0.0,0.9804841750435145
52,1767153180362,4.921871748892498,3.1107568463515163,2.69910869069653,2.69910869069653,2.69910869069653,0.9534509778022766,0.9552001127034934,ok,True,True,-16.272805405443673,1.8111149025409814,1.0,0.0,0.9804841750435145
53,1767153180395,9.746433271852553,7.092162701652138,6.541052598417682,6.541052598417682,6.541052598417682,0.9437926411628723,0.9483556297791207,ok,True,True,-10.315297490813649,2.6542705702004143,1.0,0.0,0.9804841750435145
54,1767153180431,17.01990045912114,13.048805356133538,12.283770950975434,12.283770950975434,12.283770950975434,0.9491838216781616,0.9488525449185452,ok,True,True,-2.037039631881555,3.9710951029876007,1.0,0.0,0.9804841750435145
55,1767153180479,25.344112975509297,20.42598992775899,19.509303477022645,19.509303477022645,19.509303477022645,0.9449061155319214,0.946484687286571,ok,True,True,7.891187043097229,4.918123047750306,1.0,0.0,0.9804841750435145
56,1767153180505,35.713055453340345,29.598229243107802,28.501178556952127,28.501178556952127,28.501178556952127,0.9119160771369934,0.9257435211968243,ok,True,True,19.782645086534778,6.114826210232543,1.0,0.0,0.9804841750435145
57,1767153180528,46.852049085439496,39.950521148506816,38.74587814744509,38.74587814744509,38.74587814744509,0.9353166818618774,0.9314874175958563,ok,True,True,32.85013436191873,6.9015279369326805,1.0,0.0,0.9804841750435145
58,1767153180562,52.77592667958325,47.645764467152674,46.77441396838,46.77441396838,46.77441396838,0.962207019329071,0.9499191786357852,ok,True,True,42.308645463917564,5.130162212430577,1.0,0.0,0.9804841750435145
59,1767153180595,55.959273000250846,52.633869587011574,52.137170947522506,52.137170947522506,52.137170947522506,0.9433847665786743,0.9459985314015187,ok,True,True,47.70365638063517,3.325403413239272,1.0,0.0,0.9804841750435145
60,1767153180628,55.609369397410234,54.41916947325077,54.34193135862994,54.34193135862994,54.34193135862994,0.9417053461074829,0.9434226202250973,ok,True,True,48.54307044577032,1.1901999241594652,1.0,0.0,0.9804841750435145
61,1767153180662,54.37657143243416,54.3936106487608,54.56847522380029,54.56847522380029,54.56847522380029,0.9547899961471558,0.9502430457783323,ok,True,True,46.64168759409557,0.017039216326637074,1.0,0.0,0.9804841750435145
62,1767153180696,51.35859322931611,52.57260019709398,52.968955761203816,52.968955761203816,52.968955761203816,0.9604235291481018,0.9563513358001939,ok,True,True,42.32991571406371,1.2140069677778769,1.0,0.0,0.9804841750435145
63,1767153180756,45.8657831262427,48.54850995458321,49.19946503760282,49.19946503760282,49.19946503760282,0.9601929783821106,0.958656321349344,ok,True,True,35.24545741143753,2.6827268283405132,1.0,0.0,0.9804841750435145
64,1767153180779,37.65141945532508,42.01025565502833,42.94390609718984,42.94390609718984,42.94390609718984,0.9501818418502808,0.953571633649906,ok,True,True,25.080440279210165,4.358836199703248,1.0,0.0,0.9804841750435145
65,1767153180829,18.495868237933813,27.90162320477162,29.674033186405033,29.674033186405033,29.674033186405033,0.9556984901428223,0.9548477475456558,ok,True,True,5.7767187005689635,9.405754966837808,1.0,0.0,0.9804841750435145
66,1767153180895,4.641275278764144,13.945414449167135,15.722584564288493,15.722584564288493,15.722584564288493,0.9582385420799255,0.9568822242662176,ok,True,True,-13.585054973943816,9.30413917040299,1.0,0.0,0.9804841750435145
67,1767153180928,1.1726081772384997,6.281730686009954,7.284987240880161,7.284987240880161,7.284987240880161,0.9456047415733337,0.9501157346504874,ok,True,True,-24.51844628499419,5.1091225087714545,1.0,0.0,0.9804841750435145
68,1767153180963,0.4861750239514577,2.8043972887748563,3.2132964536523474,3.2132964536523474,3.2132964536523474,0.9541803002357483,0.952554474001644,ok,True,True,-28.975772852593998,2.3182222648233988,1.0,0.0,0.9804841750435145
69,1767153180996,-0.5123557516652718,0.8143454645107795,0.9743056718204299,0.9743056718204299,0.9743056718204299,0.9427163600921631,0.9466516056559554,ok,True,True,-30.719888004789606,1.3267012161760512,1.0,0.0,0.9804841750435145
70,1767153181029,-0.4960505575774807,0.02810785125782339,0.019424158412468917,0.019424158412468917,0.019424158412468917,0.9556177258491516,0.9520312777718731,ok,True,True,-30.6251851278921,0.5241584088353041,1.0,0.0,0.9804841750435145
71,1767153181062,1.6126645028359288,0.9788418422046866,0.7578118882156337,0.7578118882156337,0.7578118882156337,0.9555925130844116,0.9541680189593962,ok,True,True,-28.21418751956729,0.6338226606312422,1.0,0.0,0.9804841750435145
72,1767153181095,6.125013456733215,4.066544810921804,3.592266058865561,3.592266058865561,3.592266058865561,0.9402074813842773,0.9457916964143249,ok,True,True,-23.039806312911566,2.058468645811411,1.0,0.0,0.9804841750435145
73,1767153181128,10.068755406089956,7.667871168022695,7.127252872423086,7.127252872423086,7.127252872423086,0.9475744962692261,0.9468613763272655,ok,True,True,-17.14068292757822,2.4008842380672606,1.0,0.0,0.9804841750435145
74,1767153181164,15.314154160876,12.255640963734677,11.61946839087766,11.61946839087766,11.61946839087766,0.951539158821106,0.9496680458235698,ok,True,True,-10.197842339095939,3.0585131971413233,1.0,0.0,0.9804841750435145
75,1767153181195,22.119259389525524,18.173812019209187,17.404318031885147,17.404318031885147,17.404318031885147,0.9398660063743591,0.9437868221540434,ok,True,True,-1.798851652780753,3.9454473703163373,1.0,0.0,0.9804841750435145
76,1767153181228,30.057032483962715,25.303744298061304,24.415374028952876,24.415374028952876,24.415374028952876,0.8982311487197876,0.9164534180934899,ok,True,True,7.89887943791207,4.753288185901411,1.0,0.0,0.9804841750435145
77,1767153181261,39.35751634110613,33.7360075238882,32.725097224905326,32.725097224905326,32.725097224905326,0.9380279183387756,0.9293981182406613,ok,True,True,18.935550880495455,5.621508817217929,1.0,0.0,0.9804841750435145
78,1767153181434,48.350822296095785,42.504896387212746,41.48380335393629,41.48380335393629,41.48380335393629,0.9303796291351318,0.9299870247773436,ok,True,True,30.08454624549133,5.845925908883039,1.0,0.0,0.9804841750435145
79,1767153181457,53.467883023394926,49.08268836892206,48.34649285405102,48.34649285405102,48.34649285405102,0.9674578309059143,0.9524695084544861,ok,True,True,38.12359153656048,4.385194654472869,1.0,0.0,0.9804841750435145
80,1767153181480,56.12452617106728,53.30779105020919,52.895889895603304,52.895889895603304,52.895889895603304,0.939456045627594,0.9446614307583507,ok,True,True,42.62182016253144,2.816735120858091,1.0,0.0,0.9804841750435145
81,1767153181508,54.9051022584854,54.26617777517492,54.27180734581485,54.27180734581485,54.27180734581485,0.9429833292961121,0.9436545698810075,ok,True,True,42.560336794719625,0.6389244833104826,1.0,0.0,0.9804841750435145
82,1767153181533,47.837625364237795,50.40904632861265,50.99850816737927,50.99850816737927,50.99850816737927,0.9429337978363037,0.9432221066541853,ok,True,True,36.12207128237332,2.571420964374852,1.0,0.0,0.9804841750435145
83,1767153181572,42.12861769824566,45.44078915039246,46.19547063921137,46.19547063921137,46.19547063921137,0.9526200294494629,0.9488608603313518,ok,True,True,27.878698755756496,3.3121714521467993,1.0,0.0,0.9804841750435145
84,1767153181602,34.52323032452726,38.890253854873336,39.80930262555278,39.80930262555278,39.80930262555278,0.9478394389152527,0.9482480074816924,ok,True,True,17.839355465412012,4.367023530346074,1.0,0.0,0.9804841750435145
85,1767153181635,19.873068036345117,27.479942363756408,28.92237995668289,28.92237995668289,28.92237995668289,0.919990062713623,0.9312932406208507,ok,True,True,2.0818669058729924,7.60687432741129,1.0,0.0,0.9804841750435145
86,1767153181658,13.137879158093192,18.874704440358478,20.003859874095077,20.003859874095077,20.003859874095077,0.9174366593360901,0.9229792918499943,ok,True,True,-10.253862348358417,5.736825282265286,1.0,0.0,0.9804841750435145
87,1767153181687,5.711228206981853,10.976618700332503,11.945989994694877,11.945989994694877,11.945989994694877,0.9352552890777588,0.930344890186653,ok,True,True,-20.844460406857067,5.26539049335065,1.0,0.0,0.9804841750435145
88,1767153181712,1.6350791157870692,5.371694949605243,6.027894807351692,6.027894807351692,6.027894807351692,0.943662166595459,0.9383352560319367,ok,True,True,-28.013879415035966,3.736615833818174,1.0,0.0,0.9804841750435145
89,1767153181742,-0.5113959464440307,1.841840411975679,2.2048194537045225,2.2048194537045225,2.2048194537045225,0.9567130208015442,0.9493619148937011,ok,True,True,-31.979811807411906,2.35323635841971,1.0,0.0,0.9804841750435145
90,1767153181771,-0.42336399091258997,0.4827177702427177,0.5559447531905841,0.5559447531905841,0.5559447531905841,0.9572610259056091,0.9541013815008459,ok,True,True,-32.779921239981164,0.9060817611553077,1.0,0.0,0.9804841750435145
91,1767153181889,0.9025810592171065,0.734635743627351,0.5927423827081,0.5927423827081,0.5927423827081,0.9613008499145508,0.9584210625490688,ok,True,True,-31.22948641856135,0.16794531558975556,1.0,0.0,0.9804841750435145
92,1767153181915,2.4454018579907224,1.7610954122453737,1.5145162183792313,1.5145162183792313,1.5145162183792313,0.9628413319587708,0.9610732241948899,ok,True,True,-28.535100076020676,0.6843064457453487,1.0,0.0,0.9804841750435145
93,1767153181947,5.898349993767297,4.243448161158527,3.832720432428271,3.832720432428271,3.832720432428271,0.965021014213562,0.9634418982060932,ok,True,True,-24.04693950948558,1.65490183260877,1.0,0.0,0.9804841750435145
94,1767153181973,9.806544665918189,7.581306064014324,7.073474773118567,7.073474773118567,7.073474773118567,0.9430832862854004,0.9512267310536775,ok,True,True,-18.497568532139482,2.2252386019038646,1.0,0.0,0.9804841750435145
95,1767153181997,14.426972285596552,11.688705796963662,11.1047959288018,11.1047959288018,11.1047959288018,0.9521383047103882,0.951773675247704,ok,True,True,-12.116709336739063,2.73826648863289,1.0,0.0,0.9804841750435145
96,1767153182018,23.07634612052926,18.52128999110302,17.648477364692027,17.648477364692027,17.648477364692027,0.9492979645729065,0.9502882488428255,ok,True,True,-2.578593384844959,4.555056129426237,1.0,0.0,0.9804841750435145
97,1767153182053,33.71071209972173,27.634943256274248,26.51078783316476,26.51078783316476,26.51078783316476,0.9175745248794556,0.9306600144648035,ok,True,True,9.706414168587367,6.075768843447484,1.0,0.0,0.9804841750435145
98,1767153182077,42.88672588694646,36.78601283467758,35.675333806261484,35.675333806261484,35.675333806261484,0.9464064836502075,0.9401078959760459,ok,True,True,21.84433934868272,6.10071305226888,1.0,0.0,0.9804841750435145
99,1767153182104,50.593254891104394,45.070358068533665,44.103072427349296,44.103072427349296,44.103072427349296,0.9649658799171448,0.9550226863407052,ok,True,True,32.415357743000556,5.522896822570729,1.0,0.0,0.9804841750435145
100,1767153182130,55.04360157717683,51.054304173719565,50.39909032063606,50.39909032063606,50.39909032063606,0.9519891738891602,0.9532025788697781,ok,True,True,39.57598065238782,3.9892974034572646,1.0,0.0,0.9804841750435145
101,1767153182155,55.4957215624113,53.71915460693461,53.49584405100556,53.49584405100556,53.49584405100556,0.9511709213256836,0.9519835843433214,ok,True,True,42.01649925501706,1.7765669554766887,1.0,0.0,0.9804841750435145
102,1767153182180,54.30547687802246,54.07094796958732,54.1630734916794,54.1630734916794,54.1630734916794,0.9656898975372314,0.9602073722596673,ok,True,True,41.00966610427784,0.23452890843513785,1.0,0.0,0.9804841750435145
103,1767153182207,51.49621320549945,52.5261071111346,52.86136926276804,52.86136926276804,52.86136926276804,0.9687854051589966,0.9653541919992649,ok,True,True,37.34557446755327,1.0298939056351486,1.0,0.0,0.9804841750435145
104,1767153182232,45.676144006002744,48.41612924805548,49.051182606476175,49.051182606476175,49.051182606476175,0.959145188331604,0.9616287897986684,ok,True,True,30.40499250576441,2.7399852420527395,1.0,0.0,0.9804841750435145
105,1767153182273,38.46882866362329,42.44774889739617,43.29785060838159,43.29785060838159,43.29785060838159,0.9466246366500854,0.9526262979095186,ok,True,True,21.11404334958134,3.9789202337728753,1.0,0.0,0.9804841750435145
106,1767153182307,30.896706874459053,35.5171236836339,36.46405458053509,36.46405458053509,36.46405458053509,0.9488524198532104,0.9503619710757336,ok,True,True,10.764750256542582,4.620416809174845,1.0,0.0,0.9804841750435145
107,1767153182344,24.162293886655434,28.704225805446818,29.61032233736903,29.61032233736903,29.61032233736903,0.9203981161117554,0.9323836580973466,ok,True,True,0.8616817136872506,4.541931918791384,1.0,0.0,0.9804841750435145
108,1767153182366,17.55255787289005,22.013225045912755,22.86431776496029,22.86431776496029,22.86431776496029,0.9210642576217651,0.9255920178119977,ok,True,True,-8.440286413979305,4.460667173022706,1.0,0.0,0.9804841750435145
109,1767153182395,11.909575610380656,15.951035384593496,16.691204174868993,16.691204174868993,16.691204174868993,0.9359353184700012,0.9317979982067999,ok,True,True,-16.52996295166163,4.041459774212839,1.0,0.0,0.9804841750435145
110,1767153182429,5.771713177930009,9.843442060595404,10.546202787584082,10.546202787584082,10.546202787584082,0.9393419623374939,0.9363243766852163,ok,True,True,-24.21082686032121,4.071728882665395,1.0,0.0,0.9804841750435145
111,1767153182462,1.9806952054836933,5.125793947528377,5.640677914607828,5.640677914607828,5.640677914607828,0.9367406368255615,0.9365741327694235,ok,True,True,-29.838306810071096,3.1450987420446843,1.0,0.0,0.9804841750435145
112,1767153182494,-0.357091451953718,1.8360627078391203,2.14967785147507,2.14967785147507,2.14967785147507,0.9597306847572327,0.950468063962109,ok,True,True,-33.26601177893669,2.1931541597928383,1.0,0.0,0.9804841750435145
113,1767153182528,0.49203730733867906,1.0296474675388556,1.0308933681938386,1.0308933681938386,1.0308933681938386,0.9593288898468018,0.9557845594929246,ok,True,True,-33.279629093810485,0.5376101602001766,1.0,0.0,0.9804841750435145
114,1767153182561,1.6309295387227811,1.3904167102492109,1.2264840238056156,1.2264840238056156,1.2264840238056156,0.969334065914154,0.9639142633456623,ok,True,True,-31.48788851524787,0.24051282847357025,1.0,0.0,0.9804841750435145
115,1767153182595,3.721994528271331,2.7893634010624826,2.4977939762950507,2.4977939762950507,2.4977939762950507,0.9604203701019287,0.9618179273994222,ok,True,True,-28.301102329667927,0.9326311272088486,1.0,0.0,0.9804841750435145
116,1767153182628,5.8955165567968075,4.653055294503077,4.307227745759049,4.307227745759049,4.307227745759049,0.9680689573287964,0.9655685453570466,ok,True,True,-24.521276565171778,1.2424612622937303,1.0,0.0,0.9804841750435145
117,1767153182661,11.056498430806867,8.495121176285352,7.936500421294915,7.936500421294915,7.936500421294915,0.9581864476203918,0.9611392867150538,ok,True,True,-18.415647747887736,2.561377254521515,1.0,0.0,0.9804841750435145
118,1767153182695,16.608511848754553,13.363155579766872,12.688995265855478,12.688995265855478,12.688995265855478,0.972724974155426,0.968090699179277,ok,True,True,-11.047173868347931,3.245356268987681,1.0,0.0,0.9804841750435145
119,1767153182728,24.23409536347559,19.885719449992102,19.041420299333502,19.041420299333502,19.041420299333502,0.9533434510231018,0.9592423502855719,ok,True,True,-1.8190873271939871,4.348375913483487,1.0,0.0,0.9804841750435145
120,1767153182762,34.44336533438136,28.620306980625656,27.544473570350107,27.544473570350107,27.544473570350107,0.9469107389450073,0.9518433834812332,ok,True,True,9.939663565713973,5.823058353755705,1.0,0.0,0.9804841750435145
121,1767153182795,44.98565898037453,38.43951818047498,37.26053818928475,37.26053818928475,37.26053818928475,0.9556879997253418,0.9541501532276984,ok,True,True,22.825819331398712,6.546140799899554,1.0,0.0,0.9804841750435145
122,1767153182828,52.55088971289045,46.90634109992426,45.91472395211463,45.91472395211463,45.91472395211463,0.9623043537139893,0.9590426735194728,ok,True,True,33.66413210167966,5.64454861296619,1.0,0.0,0.9804841750435145
123,1767153182861,57.373037354455775,53.18635885264317,52.500035155991156,52.500035155991156,52.500035155991156,0.9635868668556213,0.961769189521162,ok,True,True,41.16561788903373,4.186678501812608,1.0,0.0,0.9804841750435145
124,1767153182895,58.89470220700551,56.611364865260576,56.30565885349297,56.30565885349297,56.30565885349297,0.9602651000022888,0.9608667358098382,ok,True,True,44.50697476627912,2.2833373417449323,1.0,0.0,0.9804841750435145
125,1767153182928,58.07154566205317,57.48747334333613,57.521150741997424,57.521150741997424,57.521150741997424,0.955186665058136,0.9574586933588168,ok,True,True,44.138881428938085,0.5840723187170411,1.0,0.0,0.9804841750435145
126,1767153182961,55.52756755481188,56.31152987022158,56.610737504238806,56.610737504238806,56.610737504238806,0.9634429812431335,0.9610492660894069,ok,True,True,40.86854392387176,0.7839623154096955,1.0,0.0,0.9804841750435145
127,1767153182995,51.75718252095391,53.57892146066098,54.06933145623246,54.06933145623246,54.06933145623246,0.9593798518180847,0.9600476175266135,ok,True,True,35.50836038019583,1.8217389397070676,1.0,0.0,0.9804841750435145
128,1767153183028,45.26762906396322,48.592146022642325,49.335533947675486,49.335533947675486,49.335533947675486,0.9658864736557007,0.9635509312040658,ok,True,True,27.383119348920197,3.324516958679105,1.0,0.0,0.9804841750435145
129,1767153183063,37.330965205500284,41.835437532357105,42.77436768222218,42.77436768222218,42.77436768222218,0.9573260545730591,0.9598160052254617,ok,True,True,17.12059024187479,4.5044723268568205,1.0,0.0,0.9804841750435145
130,1767153183095,28.795239205566514,34.01131853628275,35.05302349692789,35.05302349692789,35.05302349692789,0.9416205883026123,0.948898755071752,ok,True,True,5.734721237086401,5.216079330716237,1.0,0.0,0.9804841750435145
131,1767153183128,21.56388850129946,26.542860515292773,27.513983845256345,27.513983845256345,27.513983845256345,0.9491305351257324,0.9490378231041402,ok,True,True,-4.879695674595352,4.978972013993314,1.0,0.0,0.9804841750435145
132,1767153183162,16.439482677756335,20.48083381277091,21.247625065977296,21.247625065977296,21.247625065977296,0.943922221660614,0.9459684622380244,ok,True,True,-13.260760130413965,4.041351135014576,1.0,0.0,0.9804841750435145
133,1767153183195,10.737469520472287,14.634815237391738,15.323514446557954,15.323514446557954,15.323514446557954,0.9527895450592041,0.9500611119307323,ok,True,True,-20.7882792299837,3.8973457169194514,1.0,0.0,0.9804841750435145
134,1767153183230,8.089338178384702,10.707529001987517,11.14536578186323,11.14536578186323,11.14536578186323,0.9650084376335144,0.9590295073524016,ok,True,True,-25.57386111435448,2.6181908236028146,1.0,0.0,0.9804841750435145
135,1767153183261,7.072582598237698,8.526561159737625,8.723696335471367,8.723696335471367,8.723696335471367,0.9636350274085999,0.9617928193861205,ok,True,True,-27.728561270604423,1.4539785614999268,1.0,0.0,0.9804841750435145
136,1767153183295,6.116288999692232,7.08039786371039,7.160644341040021,7.160644341040021,7.160644341040021,0.9730945825576782,0.9685738772890551,ok,True,True,-28.605660814237194,0.9641088640181579,1.0,0.0,0.9804841750435145
137,1767153183330,6.207740620532886,6.556803517803887,6.517776851332863,6.517776851332863,6.517776851332863,0.9696115255355835,0.9691964662369721,ok,True,True,-28.1790964829496,0.3490628972710015,1.0,0.0,0.9804841750435145
138,1767153183362,7.452245910273438,7.094068953285618,6.924918792115791,6.924918792115791,6.924918792115791,0.9790187478065491,0.9750898351787183,ok,True,True,-26.33027212827572,0.3581769569878208,1.0,0.0,0.9804841750435145
139,1767153183395,10.011741826480899,8.844672677202785,8.532461588437327,8.532461588437327,8.532461588437327,0.9716939330101013,0.9730522938775481,ok,True,True,-22.91777963943685,1.1670691492781131,1.0,0.0,0.9804841750435145
140,1767153183428,14.509768417436073,12.243730121342757,11.744269715541003,11.744269715541003,11.744269715541003,0.9727524518966675,0.9728723886890197,ok,True,True,-17.458635315208774,2.266038296093315,1.0,0.0,0.9804841750435145
141,1767153183461,21.99778368200365,18.096162257739294,17.322300472932323,17.322300472932323,17.322300472932323,0.9564127922058105,0.9629966307990943,ok,True,True,-9.000258492163182,3.9016214242643557,1.0,0.0,0.9804841750435145
142,1767153183494,31.668959258665687,26.23984045829513,25.211102951265488,25.211102951265488,25.211102951265488,0.9004981517791748,0.9254975433871426,ok,True,True,2.243934997142471,5.429118800370556,1.0,0.0,0.9804841750435145
143,1767153183529,42.91072676481415,36.24237224220654,35.019559810922104,35.019559810922104,35.019559810922104,0.9073023796081543,0.9145804451197496,ok,True,True,15.609387879563632,6.668354522607608,1.0,0.0,0.9804841750435145
144,1767153183561,49.714808967539234,44.32583427740616,43.34526467263912,43.34526467263912,43.34526467263912,0.9739736318588257,0.9502163571631952,ok,True,True,26.32710647990458,5.388974690133075,1.0,0.0,0.9804841750435145
145,1767153183595,56.15413070217276,51.42281213226612,50.61924854397266,50.61924854397266,50.61924854397266,0.9629536867141724,0.9578587548937815,ok,True,True,35.11013420484712,4.731318569906641,1.0,0.0,0.9804841750435145
146,1767153183628,59.073771975138506,56.01338803798955,55.54198471286902,55.54198471286902,55.54198471286902,0.9657527208328247,0.9625951344572075,ok,True,True,40.262619008791795,3.0603839371489556,1.0,0.0,0.9804841750435145
147,1767153183661,57.28724686021945,56.77770333132749,56.789574757512234,56.789574757512234,56.789574757512234,0.9514544606208801,0.9559107301554111,ok,True,True,40.13286313050927,0.5095435288919603,1.0,0.0,0.9804841750435145
148,1767153183695,55.91053558542375,56.257402683785244,56.466099313645266,56.466099313645266,56.466099313645266,0.9647800922393799,0.9612323474057924,ok,True,True,37.85178772379724,0.34686709836149276,1.0,0.0,0.9804841750435145
149,1767153183729,52.70983230806067,54.1288604583505,54.530528011354356,54.530528011354356,54.530528011354356,0.956956148147583,0.9586666278508669,ok,True,True,33.46151992324102,1.419028150289833,1.0,0.0,0.9804841750435145
150,1767153183771,46.456103568662584,49.52520632453775,50.20831626993479,50.20831626993479,50.20831626993479,0.9742391109466553,0.96801011770834,ok,True,True,25.99505686300084,3.0691027558751642,1.0,0.0,0.9804841750435145
151,1767153183804,38.83785940284888,43.11279817152443,44.00141057951402,44.00141057951402,44.00141057951402,0.9516286253929138,0.9581812223190843,ok,True,True,16.28242939003026,4.274938768675554,1.0,0.0,0.9804841750435145
152,1767153183845,29.07723227850182,34.691458635710866,35.79108298679907,35.79108298679907,35.79108298679907,0.9458166360855103,0.9507624705789399,ok,True,True,4.2634179323996815,5.614226357209045,1.0,0.0,0.9804841750435145
153,1767153183872,21.451234955541686,26.747324427609357,27.772526601189554,27.772526601189554,27.772526601189554,0.9090147018432617,0.925713809337533,ok,True,True,-6.942152170317783,5.296089472067671,1.0,0.0,0.9804841750435145
154,1767153183896,13.99599675191266,19.09652782219134,20.0389985347309,20.0389985347309,20.0389985347309,0.9519342184066772,0.9414460547790195,ok,True,True,-17.24345932250528,5.100531070278681,1.0,0.0,0.9804841750435145
155,1767153183928,6.329118623331638,11.43608230287552,12.33207347173914,12.33207347173914,12.33207347173914,0.9672240614891052,0.9569128588050709,ok,True,True,-27.036740731231948,5.106963679543881,1.0,0.0,0.9804841750435145
156,1767153183961,3.5473674513719846,6.702853391973399,7.23052793845623,7.23052793845623,7.23052793845623,0.9568994045257568,0.9569047862374824,ok,True,True,-32.80428158155053,3.155485940601414,1.0,0.0,0.9804841750435145
157,1767153183997,1.3124178886870748,3.4685920900016045,3.7664092816121215,3.7664092816121215,3.7664092816121215,0.9739968180656433,0.967160005334379,ok,True,True,-36.05945644917166,2.1561742013145295,1.0,0.0,0.9804841750435145
158,1767153184028,0.5112276644268479,1.6941734346567507,1.7912993466522713,1.7912993466522713,1.7912993466522713,0.9676058888435364,0.9674275354398734,ok,True,True,-37.12105347566149,1.1829457702299029,1.0,0.0,0.9804841750435145
159,1767153184064,0.7009817313998874,1.0982584127026327,1.0375079785449401,1.0375079785449401,1.0375079785449401,0.9626659154891968,0.9645705634694675,ok,True,True,-36.45704443676063,0.3972766813027453,1.0,0.0,0.9804841750435145
160,1767153184094,3.2581327342524604,2.394183005632529,2.107141408811457,2.107141408811457,2.107141408811457,0.9552879929542542,0.9590010211603395,ok,True,True,-33.319647542012476,0.8639497286199314,1.0,0.0,0.9804841750435145
161,1767153184128,7.050340405386182,5.1878774454847205,4.720091393742132,4.720091393742132,4.720091393742132,0.9510809779167175,0.9542489952141663,ok,True,True,-28.206693241942766,1.8624629599014613,1.0,0.0,0.9804841750435145
162,1767153184161,11.213797287693986,8.80342935081028,8.242767790565969,8.242767790565969,8.242767790565969,0.9589043855667114,0.9570422294256934,ok,True,True,-22.078598929574348,2.4103679368837057,1.0,0.0,0.9804841750435145
163,1767153184195,16.841221509880622,13.626104646252484,12.943152709355193,12.943152709355193,12.943152709355193,0.9578606486320496,0.9575332809495072,ok,True,True,-14.613856703516188,3.215116863628138,1.0,0.0,0.9804841750435145
164,1767153184230,26.29369368484273,21.226658069406632,20.24779920463048,20.24779920463048,20.24779920463048,0.9483590722084045,0.9520287557048457,ok,True,True,-3.9148178196109527,5.067035615436097,1.0,0.0,0.9804841750435145
165,1767153184266,37.944039353733906,31.257086840002994,30.013815940375498,30.013815940375498,30.013815940375498,0.9649670124053955,0.9597917097251756,ok,True,True,9.674275106667995,6.686952513730912,1.0,0.0,0.9804841750435145
166,1767153184296,46.785851261857125,40.57434549311547,39.431713192204064,39.431713192204064,39.431713192204064,0.9707236289978027,0.9663508612887519,ok,True,True,22.163376977052543,6.211505768741652,1.0,0.0,0.9804841750435145
167,1767153184328,53.93453227569105,48.590457562660816,47.65073558075618,47.65073558075618,47.65073558075618,0.965358555316925,0.9657554777056558,ok,True,True,32.43464607019117,5.344074713030231,1.0,0.0,0.9804841750435145
168,1767153184361,57.575441309404574,53.98144781070707,53.39556362214898,53.39556362214898,53.39556362214898,0.9513227343559265,0.9570958316958182,ok,True,True,38.83842761669634,3.5939934986975075,1.0,0.0,0.9804841750435145
169,1767153184395,56.87197305027467,55.71576295444763,55.60130109802643,55.60130109802643,55.60130109802643,0.9574660062789917,0.9573179364457224,ok,True,True,40.089508892627244,1.156210095827042,1.0,0.0,0.9804841750435145
170,1767153184428,55.75468505737347,55.73911621620313,55.872876689974724,55.872876689974724,55.872876689974724,0.9475496411323547,0.9514569592577018,ok,True,True,38.627491480135795,0.015568841170342296,1.0,0.0,0.9804841750435145
171,1767153184461,54.59918302305891,55.0551563003166,55.290121633428264,55.290121633428264,55.290121633428264,0.9627571105957031,0.9582370500605026,ok,True,True,36.059293236052355,0.45597327725768366,1.0,0.0,0.9804841750435145
172,1767153184494,50.99278674595349,52.61773456769873,53.05013832220082,53.05013832220082,53.05013832220082,0.9644854664802551,0.9619860999123542,ok,True,True,31.333070160503958,1.6249478217452449,1.0,0.0,0.9804841750435145
173,1767153184529,44.798991233184765,47.92648856699035,48.61488636198682,48.61488636198682,48.61488636198682,0.974729597568512,0.9696321985060489,ok,True,True,23.80880249783219,3.127497333805586,1.0,0.0,0.9804841750435145
174,1767153184562,37.879939308030295,41.89855901161432,42.73671793487826,42.73671793487826,42.73671793487826,0.964092493057251,0.96630837523677,ok,True,True,14.647628239578234,4.018619703584022,1.0,0.0,0.9804841750435145
175,1767153184597,28.94462397988088,34.126197992574255,35.14167940497413,35.14167940497413,35.14167940497413,0.9553946852684021,0.9597601612557493,ok,True,True,3.5482984830761524,5.181574012693375,1.0,0.0,0.9804841750435145
176,1767153184628,20.74141588940895,26.095328730675075,27.118159766896248,27.118159766896248,27.118159766896248,0.9406834840774536,0.9483141549487719,ok,True,True,-7.63136362749575,5.353912841266123,1.0,0.0,0.9804841750435145
177,1767153184661,13.915453576041564,18.78740363789497,19.688779017362023,19.688779017362023,19.688779017362023,0.9637908935546875,0.9576001981123212,ok,True,True,-17.483501382857195,4.871950061853404,1.0,0.0,0.9804841750435145
178,1767153184695,8.630576365778241,12.693307274624932,13.409004320505266,13.409004320505266,13.409004320505266,0.9696952700614929,0.9648572412818242,ok,True,True,-25.306153417041052,4.0627309088466905,1.0,0.0,0.9804841750435145
179,1767153184728,5.264125646646449,8.235798297837842,8.71901689770483,8.71901689770483,8.71901689770483,0.9457969069480896,0.9534210406815835,ok,True,True,-30.587789010715483,2.971672651191393,1.0,0.0,0.9804841750435145
180,1767153184762,2.046507957510234,4.522224093641277,4.876819921038406,4.876819921038406,4.876819921038406,0.9716441035270691,0.9643548783888748,ok,True,True,-34.46356274285569,2.4757161361310436,1.0,0.0,0.9804841750435145
181,1767153184794,2.0638649142057326,3.0472085859799507,3.1231931130125012,3.1231931130125012,3.1231931130125012,0.9663784503936768,0.9655690215917561,ok,True,True,-35.2940824867825,0.9833436717742181,1.0,0.0,0.9804841750435145
182,1767153184831,2.975392507552112,3.0041189389232477,2.8861068654636255,2.8861068654636255,2.8861068654636255,0.958595871925354,0.9613851317919149,ok,True,True,-34.004196750612714,0.028726431371135508,1.0,0.0,0.9804841750435145
183,1767153184861,4.80690202646311,4.085788791447165,3.825393750846496,3.825393750846496,3.825393750846496,0.9553478956222534,0.957762790090118,ok,True,True,-31.15804855122381,0.7211132350159453,1.0,0.0,0.9804841750435145
184,1767153184894,8.362509089555907,6.65182097031241,6.220459026594195,6.220459026594195,6.220459026594195,0.9645829200744629,0.961854868080725,ok,True,True,-26.44321211515122,1.710688119243497,1.0,0.0,0.9804841750435145
185,1767153184928,13.00285123074086,10.46243912656948,9.890632622841425,9.890632622841425,9.890632622841425,0.9468843936920166,0.9528725834475,ok,True,True,-20.193300204729987,2.5404121041713807,1.0,0.0,0.9804841750435145
186,1767153184962,18.086560163436026,15.036911748689409,14.387430693853057,14.387430693853057,14.387430693853057,0.9531041979789734,0.953011552166384,ok,True,True,-13.09439634542576,3.049648414746617,1.0,0.0,0.9804841750435145
187,1767153184994,25.8044746415058,21.497449484379242,20.65521195684361,20.65521195684361,20.65521195684361,0.9506126642227173,0.951572219400184,ok,True,True,-3.88864167185805,4.3070251571265565,1.0,0.0,0.9804841750435145
188,1767153185029,36.05827497680783,30.233944779836392,29.15043034410371,29.15043034410371,29.15043034410371,0.9422779679298401,0.9459956685179777,ok,True,True,7.954297863401063,5.824330196971438,1.0,0.0,0.9804841750435145
189,1767153185061,45.46793524103326,39.37433905655451,38.262877124865454,38.262877124865454,38.262877124865454,0.9707282781600952,0.9608352343032481,ok,True,True,20.102706834650256,6.0935961844787485,1.0,0.0,0.9804841750435145
190,1767153185095,53.315946431606115,47.73930348158547,46.75646003452067,46.75646003452067,46.75646003452067,0.9724792838096619,0.9678216640070965,ok,True,True,30.845300747458914,5.576642950020641,1.0,0.0,0.9804841750435145
191,1767153185128,59.04527668000729,54.52288740063856,53.770855520130304,53.770855520130304,53.770855520130304,0.966446042060852,0.9669962908393499,ok,True,True,39.065097242650666,4.522389279368731,1.0,0.0,0.9804841750435145
192,1767153185161,60.61238572348129,58.1765863943442,57.83020913678552,57.83020913678552,57.83020913678552,0.9257066249847412,0.9422224913265846,ok,True,True,42.851041226960206,2.4357993291370903,1.0,0.0,0.9804841750435145
193,1767153185194,58.29411127398468,58.247101322128486,58.35998849809364,58.35998849809364,58.35998849809364,0.9414358139038086,0.941750484872919,ok,True,True,41.61717117259478,0.04700995185619661,1.0,0.0,0.9804841750435145
194,1767153185228,56.12834240260564,56.97584597041478,57.28514988197047,57.28514988197047,57.28514988197047,0.9741818904876709,0.9612093282417702,ok,True,True,38.23644318816455,0.8475035678091416,1.0,0.0,0.9804841750435145
195,1767153185261,51.8816525908726,53.91932994268947,54.43722470126369,54.43722470126369,54.43722470126369,0.954505980014801,0.9571873193055886,ok,True,True,32.57579280250889,2.0376773518168747,1.0,0.0,0.9804841750435145
196,1767153185299,45.04637384478885,48.5955562839491,49.36871274427258,49.36871274427258,49.36871274427258,0.9573480486869812,0.9572837569344241,ok,True,True,24.12510209843952,3.549182439160248,1.0,0.0,0.9804841750435145
197,1767153185329,36.38931007341291,41.27180855762739,42.26522538519334,42.26522538519334,42.26522538519334,0.9486043453216553,0.9520761099667628,ok,True,True,13.266939756882747,4.88249848421448,1.0,0.0,0.9804841750435145
198,1767153185367,28.56970796792146,33.65054820380383,34.6613571304919,34.6613571304919,34.6613571304919,0.9145156741142273,0.9295398484552415,ok,True,True,2.218679719842603,5.08084023588237,1.0,0.0,0.9804841750435145
199,1767153185394,21.694646157517766,26.477006976032193,27.398686770442122,27.398686770442122,27.398686770442122,0.9260159730911255,0.9274255232367719,ok,True,True,-7.855388466893418,4.782360818514427,1.0,0.0,0.9804841750435145
200,1767153185427,14.91971444630247,19.542631458194357,20.390193766270258,20.390193766270258,20.390193766270258,0.9458274245262146,0.9384666640104375,ok,True,True,-17.1193438500651,4.622917011891888,1.0,0.0,0.9804841750435145
201,1767153185461,8.816416496489811,13.10690248117163,13.856076770384103,13.856076770384103,13.856076770384103,0.964934229850769,0.9543472035146365,ok,True,True,-25.307906661261523,4.290485984681819,1.0,0.0,0.9804841750435145
202,1767153185494,5.663709227525436,8.640986528983914,9.128873151644738,9.128873151644738,9.128873151644738,0.9699846506118774,0.9637296717729811,ok,True,True,-30.640564649373722,2.9772773014584786,1.0,0.0,0.9804841750435145
203,1767153185527,2.9787202154748584,5.243626740878481,5.563255660181946,5.563255660181946,5.563255660181946,0.9638710618019104,0.9638145057903387,ok,True,True,-34.13414621511023,2.2649065254036227,1.0,0.0,0.9804841750435145
204,1767153185562,3.575132834748128,4.2425303972002695,4.262945482771535,4.262945482771535,4.262945482771535,0.9554890394210815,0.9588192259687844,ok,True,True,-34.35728549431323,0.6673975624521415,1.0,0.0,0.9804841750435145
205,1767153185594,5.4723401589525835,4.980416254251658,4.772525498332742,4.772525498332742,4.772525498332742,0.9661049842834473,0.9631906809575821,ok,True,True,-32.08501515299992,0.4919239047009256,1.0,0.0,0.9804841750435145
206,1767153185627,8.08821170040049,6.845093521940957,6.494418574327826,6.494418574327826,6.494418574327826,0.954393208026886,0.9579121971991644,ok,True,True,-28.252096850049917,1.2431181784595333,1.0,0.0,0.9804841750435145
207,1767153185661,11.048452159491072,9.367108704471026,8.941394284791638,8.941394284791638,8.941394284791638,0.960895836353302,0.9597023806916469,ok,True,True,-23.598988314620456,1.6813434550200466,1.0,0.0,0.9804841750435145
208,1767153185694,16.11897670190164,13.418229502929394,12.830792785682064,12.830792785682064,12.830792785682064,0.944312572479248,0.9504684957642076,ok,True,True,-17.178236096619607,2.7007471989722465,1.0,0.0,0.9804841750435145
209,1767153185727,25.323388079534475,20.561324648892445,19.634641139565108,19.634641139565108,19.634641139565108,0.9164816737174988,0.9300764025361823,ok,True,True,-7.0494766475336,4.76206343064203,1.0,0.0,0.9804841750435145
210,1767153185761,36.38998825913809,30.058522815039836,28.868925382287294,28.868925382287294,28.868925382287294,0.9351286292076111,0.9331077385390396,ok,True,True,5.952962827460654,6.3314654440982565,1.0,0.0,0.9804841750435145
211,1767153185795,46.505749062681026,39.92685856362455,38.71486877421356,38.71486877421356,38.71486877421356,0.94377201795578,0.9395063061890838,ok,True,True,19.200153392171003,6.578890499056477,1.0,0.0,0.9804841750435145
212,1767153185828,52.98316414465818,47.76064191224473,46.822504429081526,46.822504429081526,46.822504429081526,0.9649384617805481,0.9547655995439623,ok,True,True,29.454106130162693,5.2225222324134535,1.0,0.0,0.9804841750435145
213,1767153185861,57.47365597725978,53.588450351253755,52.942903060076574,52.942903060076574,52.942903060076574,0.9552251696586609,0.9550413416127815,ok,True,True,36.51001374999271,3.8852056260060266,1.0,0.0,0.9804841750435145
214,1767153185894,57.70002632605634,56.05539593613531,55.84384685688496,55.84384685688496,55.84384685688496,0.9411655068397522,0.946715840748964,ok,True,True,38.82227000304774,1.6446303899210264,1.0,0.0,0.9804841750435145
215,1767153185928,57.77479342859002,57.08703443160814,57.092713868210545,57.092713868210545,57.092713868210545,0.954383373260498,0.9513163602558844,ok,True,True,38.76019309471225,0.6877589969818843,1.0,0.0,0.9804841750435145
216,1767153185961,56.223811411767535,56.569100619703775,56.77173539103262,56.77173539103262,56.77173539103262,0.9578831791877747,0.9552564516150185,ok,True,True,36.545371271903534,0.34528920793623996,1.0,0.0,0.9804841750435145
217,1767153185994,54.07036483017497,55.069859145986484,55.39575599559779,55.39575599559779,55.39575599559779,0.9702269434928894,0.964238746741741,ok,True,True,32.983280472175174,0.9994943158115177,1.0,0.0,0.9804841750435145
218,1767153186030,47.71002299584261,50.653957455900155,51.30587734257922,51.30587734257922,51.30587734257922,0.9668818116188049,0.9658245856679795,ok,True,True,25.85771962765143,2.943934460057548,1.0,0.0,0.9804841750435145
219,1767153186062,38.70836616069448,43.48660267877675,44.45547998170207,44.45547998170207,44.45547998170207,0.946918249130249,0.9544807837453412,ok,True,True,15.267777036325711,4.778236518082267,1.0,0.0,0.9804841750435145
220,1767153186097,25.756605074513477,32.84860411621879,34.200805097880014,34.200805097880014,34.200805097880014,0.9512113332748413,0.9525191134630412,ok,True,True,0.48806166188057,7.091999041705311,1.0,0.0,0.9804841750435145
221,1767153186127,17.74515112417023,23.786532320989654,24.950647476193055,24.950647476193055,24.950647476193055,0.9471736550331116,0.9493118384050834,ok,True,True,-12.235853564337273,6.041381196819422,1.0,0.0,0.9804841750435145
222,1767153186162,11.35811865841606,16.329484123445496,17.24614111863758,17.24614111863758,17.24614111863758,0.9479885101318359,0.9485178414411348,ok,True,True,-22.255022069910705,4.971365465029436,1.0,0.0,0.9804841750435145
223,1767153186194,6.221861826692104,10.264910745393461,10.961267286205779,10.961267286205779,10.961267286205779,0.9613951444625854,0.9562442232540053,ok,True,True,-29.866280762949128,4.043048918701357,1.0,0.0,0.9804841750435145
224,1767153186228,4.56153098268797,6.842882887770166,7.191411998934072,7.191411998934072,7.191411998934072,0.9664660096168518,0.9623772950717132,ok,True,True,-33.675744840527976,2.2813519050821958,1.0,0.0,0.9804841750435145
225,1767153186261,2.7038538399906806,4.359465459102475,4.550247857265998,4.550247857265998,4.550247857265998,0.9632880687713623,0.9629237592915026,ok,True,True,-35.7610188369615,1.6556116191117947,1.0,0.0,0.9804841750435145
226,1767153186294,2.3888135812940736,3.177074332417434,3.197290666461909,3.197290666461909,3.197290666461909,0.9728577733039856,0.9688841676989924,ok,True,True,-35.981985740070755,0.7882607511233606,1.0,0.0,0.9804841750435145
227,1767153186327,2.2377505846766956,2.6134800837729912,2.5447764199425182,2.5447764199425182,2.5447764199425182,0.9690680503845215,0.96899449731031,ok,True,True,-35.231046633271006,0.3757294990962956,1.0,0.0,0.9804841750435145
228,1767153186362,3.374102493259668,3.0698535294649973,2.8801845592622373,2.8801845592622373,2.8801845592622373,0.9642363786697388,0.9661396261259672,ok,True,True,-33.157942534576165,0.3042489637946706,1.0,0.0,0.9804841750435145
229,1767153186395,4.713542289853282,4.056066785697968,3.8014761905664507,3.8014761905664507,3.8014761905664507,0.9697428345680237,0.9683015511912011,ok,True,True,-30.37523745778953,0.6574755041553138,1.0,0.0,0.9804841750435145
230,1767153186427,8.390383672328479,6.656656917676275,6.224998123694267,6.224998123694267,6.224998123694267,0.9753076434135437,0.9725052065246067,ok,True,True,-25.65715619124872,1.7337267546522037,1.0,0.0,0.9804841750435145
231,1767153186460,13.426820761043356,10.718755223696522,10.121773092934319,10.121773092934319,10.121773092934319,0.9723485112190247,0.9724111893412575,ok,True,True,-19.13207145526068,2.708065537346833,1.0,0.0,0.9804841750435145
232,1767153186494,22.515589977858262,17.796856076193567,16.8690923325895,16.8690923325895,16.8690923325895,0.9276633262634277,0.9455624714945596,ok,True,True,-8.99150487821027,4.718733901664695,1.0,0.0,0.9804841750435145
233,1767153186527,34.44168711207834,27.783754697724433,26.53215824157448,26.53215824157448,26.53215824157448,0.959267258644104,0.9537853437842863,ok,True,True,4.688591244618877,6.657932414353908,1.0,0.0,0.9804841750435145
234,1767153186561,45.78353873872197,38.58362512232296,37.25604688474408,37.25604688474408,37.25604688474408,0.9534525871276855,0.9535856897903259,ok,True,True,19.199177154466067,7.199913616399016,1.0,0.0,0.9804841750435145
235,1767153186594,53.910358977723746,47.77966543556343,46.67658731891801,46.67658731891801,46.67658731891801,0.9642906785011292,0.9600086830168078,ok,True,True,31.25595040096294,6.130693542160316,1.0,0.0,0.9804841750435145
236,1767153186630,59.05030559957966,54.54204953397317,53.780492435918006,53.780492435918006,53.780492435918006,0.9635999202728271,0.9621634253704194,ok,True,True,39.579858841605784,4.5082560656064885,1.0,0.0,0.9804841750435145
237,1767153186661,60.72140120513699,58.24966053667146,57.898118302090054,57.898118302090054,57.898118302090054,0.9436656832695007,0.9510647801098682,ok,True,True,43.42225671464882,2.4717406684655288,1.0,0.0,0.9804841750435145
238,1767153186694,59.58461824630496,59.05063516245156,59.083546962226954,59.083546962226954,59.083546962226954,0.9616209864616394,0.9573985039209308,ok,True,True,43.06252688130676,0.5339830838533999,1.0,0.0,0.9804841750435145
239,1767153186728,57.84556613214909,58.32759374427008,58.57216474152469,58.57216474152469,58.57216474152469,0.9613754153251648,0.9597846507634712,ok,True,True,40.38933718382926,0.4820276121209943,1.0,0.0,0.9804841750435145
240,1767153186764,55.085562882088695,56.382375226961244,56.777026691438785,56.777026691438785,56.777026691438785,0.9702389240264893,0.966057214721282,ok,True,True,36.07575036935155,1.2968123448725493,1.0,0.0,0.9804841750435145
241,1767153186828,39.207143024887245,46.07723590571685,47.40561048752633,47.40561048752633,47.40561048752633,0.9347323775291443,0.9472623124059993,ok,True,True,21.55646032061981,6.870092880829603,1.0,0.0,0.9804841750435145
242,1767153186867,30.60216736560776,36.79219478165139,38.05691449704701,38.05691449704701,38.05691449704701,0.9028332829475403,0.920604894730924,ok,True,True,7.732925430686377,6.19002741604363,1.0,0.0,0.9804841750435145
243,1767153186894,22.55367183052859,28.24908101097771,29.37246609994264,29.37246609994264,29.37246609994264,0.9335132241249084,0.9283498923673146,ok,True,True,-4.545805408550473,5.695409180449122,1.0,0.0,0.9804841750435145
244,1767153186927,15.903376861994941,20.84165852158805,21.776839853211982,21.776839853211982,21.776839853211982,0.9318271279335022,0.9304362337070271,ok,True,True,-14.767447096583622,4.938281659593111,1.0,0.0,0.9804841750435145
245,1767153186960,8.834899931169518,13.637603367336933,14.491056173507742,14.491056173507742,14.491056173507742,0.9541352391242981,0.9446556369573896,ok,True,True,-24.095786411598354,4.802703436167414,1.0,0.0,0.9804841750435145
246,1767153186995,5.577326757613732,8.801437401503012,9.346793789321989,9.346793789321989,9.346793789321989,0.9487148523330688,0.9470911661827972,ok,True,True,-30.056595722286247,3.22411064388928,1.0,0.0,0.9804841750435145
247,1767153187027,3.1634798468954517,5.418662868738476,5.745250462482864,5.745250462482864,5.745250462482864,0.9503509402275085,0.9490470306096239,ok,True,True,-33.62623644357011,2.2551830218430244,1.0,0.0,0.9804841750435145
248,1767153187060,2.5096111030907586,3.6732318093498457,3.77938557590854,3.77938557590854,3.77938557590854,0.9705439209938049,0.9619451648401325,ok,True,True,-34.7865095681103,1.163620706259087,1.0,0.0,0.9804841750435145
249,1767153187094,3.0310727050574062,3.287936346774382,3.213371991330616,3.213371991330616,3.213371991330616,0.9744251370429993,0.9694331481618526,ok,True,True,-33.97151241374067,0.2568636417169756,1.0,0.0,0.9804841750435145
250,1767153187127,5.585258082196443,4.666329388027618,4.377788778030835,4.377788778030835,4.377788778030835,0.9604668617248535,0.9640533762996532,ok,True,True,-30.817729689138325,0.9189286941688248,1.0,0.0,0.9804841750435145
251,1767153187162,7.898543843477262,6.6056580612974045,6.242365071896375,6.242365071896375,6.242365071896375,0.9688671231269836,0.9669416243960514,ok,True,True,-26.846894686174092,1.2928857821798578,1.0,0.0,0.9804841750435145
252,1767153187194,11.893075006846624,9.778108228626936,9.28362050144063,9.28362050144063,9.28362050144063,0.9686301350593567,0.9679547307940346,ok,True,True,-21.44208580478016,2.1149667782196886,1.0,0.0,0.9804841750435145
253,1767153187227,17.544810463080267,14.438129569298933,13.783084252754852,13.783084252754852,13.783084252754852,0.9639670848846436,0.9655621432484001,ok,True,True,-14.282363631808918,3.106680893781334,1.0,0.0,0.9804841750435145
254,1767153187261,26.113888257618004,21.443584782290376,20.535490481042203,20.535490481042203,20.535490481042203,0.9567910432815552,0.9602994832682932,ok,True,True,-4.356786363141293,4.6703034753276285,1.0,0.0,0.9804841750435145
255,1767153187302,35.058577491850315,29.61258040802634,28.583310932038362,28.583310932038362,28.583310932038362,0.9465504288673401,0.9520500506277213,ok,True,True,6.893249784225164,5.4459970838239755,1.0,0.0,0.9804841750435145
256,1767153187330,45.729950571758785,39.2830025062658,38.11449284005326,38.11449284005326,38.11449284005326,0.9638902544975281,0.9591541729496054,ok,True,True,19.66519754930369,6.4469480654929825,1.0,0.0,0.9804841750435145
257,1767153187360,52.24992468165984,47.06315581150223,46.137586507712356,46.137586507712356,46.137586507712356,0.9709863662719727,0.9662534889430257,ok,True,True,29.78177864643544,5.186768870157614,1.0,0.0,0.9804841750435145
258,1767153187395,57.94579968339727,53.59274213463925,52.871493643280516,52.871493643280516,52.871493643280516,0.9791041612625122,0.9739638923347176,ok,True,True,37.665109288635804,4.3530575487580165,1.0,0.0,0.9804841750435145
259,1767153187428,59.81667271105246,57.327100480487175,56.96994849304967,56.96994849304967,56.96994849304967,0.980176568031311,0.9776914977526737,ok,True,True,41.56882241973154,2.4895722305652868,1.0,0.0,0.9804841750435145
260,1767153187460,60.43429874991616,59.191419442144564,59.098133956762325,59.098133956762325,59.098133956762325,0.9738300442695618,0.9753746256628065,ok,True,True,42.588443721131554,1.2428793077715952,1.0,0.0,0.9804841750435145
261,1767153187494,58.6395779329283,58.86031453661481,59.04529479710007,59.04529479710007,59.04529479710007,0.9676079750061035,0.9707146352687847,ok,True,True,40.56658776833158,0.22073660368651105,1.0,0.0,0.9804841750435145
262,1767153187528,55.052573169693936,56.575669716462286,57.00221203017901,57.00221203017901,57.00221203017901,0.9687595367431641,0.9695415761534123,ok,True,True,35.90443022865968,1.5230965467683504,1.0,0.0,0.9804841750435145
263,1767153187717,48.930906731934655,51.98881192574571,52.68191158439615,52.68191158439615,52.68191158439615,0.9627662897109985,0.965476404287964,ok,True,True,28.328769630831925,3.0579051938110524,1.0,0.0,0.9804841750435145
264,1767153187743,41.32633548002115,45.591326058310976,46.48806982490771,46.48806982490771,46.48806982490771,0.9571578502655029,0.9604852718744874,ok,True,True,18.527255037390457,4.264990578289826,1.0,0.0,0.9804841750435145
265,1767153187771,32.48208095381991,37.72577899561634,38.77263204360975,38.77263204360975,38.77263204360975,0.9385830163955688,0.9473439185871363,ok,True,True,7.085028384329544,5.243698041796428,1.0,0.0,0.9804841750435145
266,1767153187796,22.853297732318797,28.802290237637813,29.941401979491033,29.941401979491033,29.941401979491033,0.9271538257598877,0.9352298628907871,ok,True,True,-5.3655966183467285,5.948992505319016,1.0,0.0,0.9804841750435145
267,1767153187820,7.22248463285094,15.85440687476569,17.40664447897518,17.40664447897518,17.40664447897518,0.9473285675048828,0.9424890856592445,ok,True,True,-22.33173577310556,8.63192224191475,1.0,0.0,0.9804841750435145
268,1767153187844,5.29164964188312,9.516752535036149,10.314236128445344,10.314236128445344,10.314236128445344,0.9548056125640869,0.9498790018021499,ok,True,True,-31.04832502641853,4.2251028931530294,1.0,0.0,0.9804841750435145
269,1767153187868,4.814695414966121,6.695518262994133,6.983883935998542,6.983883935998542,6.983883935998542,0.9729372262954712,0.9637139364981426,ok,True,True,-34.20019566941594,1.8808228480280116,1.0,0.0,0.9804841750435145
270,1767153187902,4.888744100418043,5.611453765448479,5.637393731398337,5.637393731398337,5.637393731398337,0.9678352475166321,0.9661867231092363,ok,True,True,-34.483722541064694,0.7227096650304361,1.0,0.0,0.9804841750435145
271,1767153187925,5.825341576249775,5.739786451929256,5.6000719684196625,5.6000719684196625,5.6000719684196625,0.9375826716423035,0.9490242922290766,ok,True,True,-32.956626842091204,0.0855551243205186,1.0,0.0,0.9804841750435145
272,1767153187947,7.53183502825995,6.8150155977276725,6.556814437472006,6.556814437472006,6.556814437472006,0.9576336145401001,0.9541898856156907,ok,True,True,-30.134457862954694,0.7168194305322775,1.0,0.0,0.9804841750435145
273,1767153187971,11.596472204136495,9.683889561572967,9.222781365033889,9.222781365033889,9.222781365033889,0.9456943869590759,0.9490925864217219,ok,True,True,-25.094491167952196,1.9125826425635282,1.0,0.0,0.9804841750435145
274,1767153187995,17.82491840959302,14.568506870385,13.8785328494514,13.8785328494514,13.8785328494514,0.9370198845863342,0.9418489653204893,ok,True,True,-17.55299415699852,3.2564115392080204,1.0,0.0,0.9804841750435145
275,1767153188028,27.236101718031797,22.16906377897308,21.178486611846658,21.178486611846658,21.178486611846658,0.9347595572471619,0.9375953204764929,ok,True,True,-6.725869485114057,5.067037939058718,1.0,0.0,0.9804841750435145
276,1767153188060,39.22520115665455,32.40274620558196,31.125025365032133,31.125025365032133,31.125025365032133,0.9342257380485535,0.9355735710197293,ok,True,True,7.239769230989728,6.8224549510725865,1.0,0.0,0.9804841750435145
277,1767153188174,49.586419214022435,42.712950010646246,41.44659697790181,41.44659697790181,41.44659697790181,0.9231809973716736,0.9281380268308959,ok,True,True,21.08115647388208,6.873469203376189,1.0,0.0,0.9804841750435145
278,1767153188198,57.8028691681455,51.766901505145796,50.693515898511144,50.693515898511144,50.693515898511144,0.9477320313453674,0.9398944295395788,ok,True,True,32.81338710643228,6.0359676629997026,1.0,0.0,0.9804841750435145
279,1767153188234,62.321287309549554,58.09953298778805,57.39504690147794,57.39504690147794,57.39504690147794,0.9518387317657471,0.9470610108752798,ok,True,True,40.51350269483805,4.221754321761502,1.0,0.0,0.9804841750435145
280,1767153188256,62.71213493871425,60.867094158343775,60.630310342712725,60.630310342712725,60.630310342712725,0.9473142623901367,0.947212961784194,ok,True,True,43.10157758411456,1.845040780370475,1.0,0.0,0.9804841750435145
281,1767153188287,61.76651989167217,61.40674959834081,61.48044106981577,61.48044106981577,61.48044106981577,0.9742839932441711,0.9634555806601802,ok,True,True,42.296121153868306,0.35977029333135846,1.0,0.0,0.9804841750435145
282,1767153188313,59.47487285289418,60.247623551072834,60.54256446204947,60.54256446204947,60.54256446204947,0.9672485589981079,0.9657313676629368,ok,True,True,39.07238238825482,0.7727506981786547,1.0,0.0,0.9804841750435145
283,1767153188337,54.377772625794876,56.725712995906065,57.29705562978234,57.29705562978234,57.29705562978234,0.9629234075546265,0.9640465915979506,ok,True,True,32.8275403581122,2.347940370111189,1.0,0.0,0.9804841750435145
284,1767153188367,46.18323726633405,50.400227558162854,51.29208313976865,51.29208313976865,51.29208313976865,0.9625210762023926,0.9631312823606158,ok,True,True,23.07945419999549,4.216990291828807,1.0,0.0,0.9804841750435145
285,1767153188401,37.54688114892296,42.68821971261892,43.73432640063799,43.73432640063799,43.73432640063799,0.9610997438430786,0.9619123592500934,ok,True,True,11.645385348809132,5.14133856369596,1.0,0.0,0.9804841750435145
286,1767153188437,28.019003917058555,33.8866902352827,35.02907274302124,35.02907274302124,35.02907274302124,0.9413976669311523,0.9496035438587287,ok,True,True,-0.8409895090097095,5.867686318224145,1.0,0.0,0.9804841750435145
287,1767153188473,19.13233979368643,25.03407997032494,26.146456441109066,26.146456441109066,26.146456441109066,0.9161646962165833,0.9295402352734414,ok,True,True,-12.99939486198379,5.9017401766385085,1.0,0.0,0.9804841750435145
288,1767153188498,11.444794242497121,16.880508533628248,17.86628707330003,17.86628707330003,17.86628707330003,0.9439969062805176,0.9382142378776872,ok,True,True,-23.774069972782165,5.435714291131127,1.0,0.0,0.9804841750435145
289,1767153188522,6.729483841995586,10.789893718648651,11.4912198747932,11.4912198747932,11.4912198747932,0.9534469246864319,0.947353849962934,ok,True,True,-31.43964715371809,4.060409876653065,1.0,0.0,0.9804841750435145
290,1767153188549,3.7068675381976384,6.540078010378043,6.975694923384522,6.975694923384522,6.975694923384522,0.9300767779350281,0.9369876067461905,ok,True,True,-36.20099112858146,2.8332104721804043,1.0,0.0,0.9804841750435145
291,1767153188584,3.552017046725182,4.7472414321863265,4.861275690932192,4.861275690932192,4.861275690932192,0.9621023535728455,0.9520564548421835,ok,True,True,-37.4473989575623,1.1952243854611444,1.0,0.0,0.9804841750435145
292,1767153188608,4.801493782671565,4.77979284247747,4.649574540492082,4.649574540492082,4.649574540492082,0.9381476640701294,0.9437111803789511,ok,True,True,-36.024097636922164,0.021700940194095075,1.0,0.0,0.9804841750435145
293,1767153188633,5.778995053470801,5.379314169073469,5.163853233693032,5.163853233693032,5.163853233693032,0.9384135603904724,0.9405326083858638,ok,True,True,-33.6690843308218,0.3996808843973323,1.0,0.0,0.9804841750435145
294,1767153188661,7.970471761703807,6.934008724651671,6.611191875186297,6.611191875186297,6.611191875186297,0.9562877416610718,0.9499856883509886,ok,True,True,-30.14065828652695,1.036463037052136,1.0,0.0,0.9804841750435145
295,1767153188693,12.612032338259437,10.34082289281633,9.812442537130911,9.812442537130911,9.812442537130911,0.9507243633270264,0.9504288933366112,ok,True,True,-24.365398998227512,2.271209445443107,1.0,0.0,0.9804841750435145
296,1767153188727,18.454200047191307,15.208849185441316,14.51593120308543,14.51593120308543,14.51593120308543,0.9672017097473145,0.9604925831830331,ok,True,True,-16.79172414341599,3.2453508617499907,1.0,0.0,0.9804841750435145
297,1767153188760,25.54224665932407,21.40888766977097,20.577120839714652,20.577120839714652,20.577120839714652,0.9580129981040955,0.9590048321356706,ok,True,True,-7.700415090580565,4.133358989553102,1.0,0.0,0.9804841750435145
298,1767153188793,35.20660589471431,29.687518604736972,28.64209274912188,28.64209274912188,28.64209274912188,0.9564118385314941,0.9574490359731647,ok,True,True,3.7262121825689754,5.519087289977335,1.0,0.0,0.9804841750435145
299,1767153188827,44.21478595696488,38.40387901607372,37.3282635267136,37.3282635267136,37.3282635267136,0.9687888622283936,0.964252931726302,ok,True,True,15.482815695033484,5.810906940891165,1.0,0.0,0.9804841750435145
300,1767153188861,53.71077696507213,47.588017785472765,46.500562954695205,46.500562954695205,46.500562954695205,0.9703015089035034,0.9678820780326228,ok,True,True,27.368824598431328,6.122759179599363,1.0,0.0,0.9804841750435145
301,1767153188896,61.1147776624295,55.70407371164681,54.778720900028375,54.778720900028375,54.778720900028375,0.9718636274337769,0.9702710076733152,ok,True,True,37.48303941121329,5.410703950782697,1.0,0.0,0.9804841750435145
302,1767153188927,63.13394347043479,60.16199556691959,59.70063257666118,59.70063257666118,59.70063257666118,0.9591503143310547,0.9635985916679588,ok,True,True,42.52579103151695,2.9719479035151934,1.0,0.0,0.9804841750435145
303,1767153188960,61.939911291190874,61.228745001482366,61.21640289009407,61.21640289009407,61.21640289009407,0.9600244164466858,0.961454086535195,ok,True,True,42.66069175722625,0.7111662897085083,1.0,0.0,0.9804841750435145
304,1767153188994,59.868582655712636,60.41264759402053,60.66105869663252,60.66105869663252,60.66105869663252,0.9704214930534363,0.9668345304461398,ok,True,True,39.945529256877904,0.5440649383078906,1.0,0.0,0.9804841750435145
305,1767153189027,56.20948330148877,57.89074901850147,58.348539186675325,58.348539186675325,58.348539186675325,0.9641252160072327,0.9652089417827955,ok,True,True,34.94182900119602,1.6812657170126997,1.0,0.0,0.9804841750435145
306,1767153189060,49.315300102036744,52.745479668622636,53.50080800804082,53.50080800804082,53.50080800804082,0.9587593674659729,0.9613391971927019,ok,True,True,26.686001620396112,3.430179566585892,1.0,0.0,0.9804841750435145
307,1767153189097,40.61350480948165,45.466294753138044,46.462275445255464,46.462275445255464,46.462275445255464,0.9619117975234985,0.9616827573911799,ok,True,True,15.799815786212797,4.852789943656397,1.0,0.0,0.9804841750435145
308,1767153189128,29.700088393720783,36.00657093748769,37.23227312911894,37.23227312911894,37.23227312911894,0.9218194484710693,0.9377647720391136,ok,True,True,2.4027470065994176,6.306482543766904,1.0,0.0,0.9804841750435145
309,1767153189160,19.25210854222202,25.953893500328288,27.22157154554467,27.22157154554467,27.22157154554467,0.9263001680374146,0.9308860096380941,ok,True,True,-11.453122778187371,6.701784958106266,1.0,0.0,0.9804841750435145
310,1767153189193,12.101111351716478,17.642224211161203,18.668732593548214,18.668732593548214,18.668732593548214,0.9554963111877441,0.9456521905678841,ok,True,True,-22.67297984916724,5.541112859444725,1.0,0.0,0.9804841750435145
311,1767153189227,6.842775342121967,11.162554889737661,11.91594401861291,11.91594401861291,11.91594401861291,0.9467740058898926,0.9463252797610892,ok,True,True,-30.907611431185533,4.319779547615695,1.0,0.0,0.9804841750435145
312,1767153189261,5.072727841390328,7.508658660729261,7.885556994909027,7.885556994909027,7.885556994909027,0.9449558258056641,0.945503607387834,ok,True,True,-35.027154449386934,2.4359308193389335,1.0,0.0,0.9804841750435145
313,1767153189293,5.3151160174419685,6.192533074756886,6.251176890994541,6.251176890994541,6.251176890994541,0.9533262848854065,0.9501972138863775,ok,True,True,-35.66813824218688,0.8774170573149176,1.0,0.0,0.9804841750435145
314,1767153189327,5.4330628602582,5.736850946057674,5.66155993178022,5.66155993178022,5.66155993178022,0.955316960811615,0.9532690620415201,ok,True,True,-34.84519862141352,0.30378808579947414,1.0,0.0,0.9804841750435145
315,1767153189360,6.99047039946002,6.4890226180990815,6.267040920060874,6.267040920060874,6.267040920060874,0.9396535754203796,0.9450997700688358,ok,True,True,-32.41891261430773,0.5014477813609384,1.0,0.0,0.9804841750435145
316,1767153189395,9.673942114633903,8.399974316019975,8.041320037040244,8.041320037040244,8.041320037040244,0.950934648513794,0.9486006971358107,ok,True,True,-28.498779260217518,1.2739677986139277,1.0,0.0,0.9804841750435145
317,1767153189427,13.70221014416306,11.581315812905826,11.080208103371422,11.080208103371422,11.080208103371422,0.9539981484413147,0.951839167919113,ok,True,True,-23.021613194540627,2.120894331257233,1.0,0.0,0.9804841750435145
318,1767153189460,19.047928660247095,16.061283521310585,15.419718330853044,15.419718330853044,15.419718330853044,0.9530388116836548,0.9525589541778381,ok,True,True,-16.00923038095636,2.9866451389365096,1.0,0.0,0.9804841750435145
319,1767153189493,26.68314471120047,22.434400235244514,21.591959111315774,21.591959111315774,21.591959111315774,0.9598439931869507,0.9569299775833057,ok,True,True,-6.801250043554374,4.248744475955956,1.0,0.0,0.9804841750435145
320,1767153189530,36.30588173454143,30.757289134822663,29.70907757346677,29.70907757346677,29.70907757346677,0.9637028574943542,0.9609937055299348,ok,True,True,4.655825320229781,5.548592599718766,1.0,0.0,0.9804841750435145
321,1767153189561,45.26426687202055,39.461475777141395,38.39036641479382,38.39036641479382,38.39036641479382,0.9748333692550659,0.9692975037650136,ok,True,True,16.363176335703493,5.802791094879154,1.0,0.0,0.9804841750435145
322,1767153189593,53.0573507661898,47.61900077057044,46.649900646311565,46.649900646311565,46.649900646311565,0.9645857214927673,0.9664704344016658,ok,True,True,26.955554409004478,5.438349995619362,1.0,0.0,0.9804841750435145
323,1767153189628,58.87821884548144,54.37453161551704,53.61269379533084,53.61269379533084,53.61269379533084,0.9558888077735901,0.9601214584248203,ok,True,True,35.28253117843082,4.503687229964399,1.0,0.0,0.9804841750435145
324,1767153189660,62.6788808488334,59.35714115550686,58.84728262242233,58.84728262242233,58.84728262242233,0.9619666934013367,0.9612285994107301,ok,True,True,40.855344772341255,3.321739693326542,1.0,0.0,0.9804841750435145
325,1767153189697,62.72370432739902,61.37707905864215,61.246728187563846,61.246728187563846,61.246728187563846,0.9604236483573914,0.9607456287787268,ok,True,True,42.28009508872524,1.346625268756867,1.0,0.0,0.9804841750435145
326,1767153189727,60.67077866388734,60.95329882178926,61.14333838527884,61.14333838527884,61.14333838527884,0.9535666704177856,0.9564382537621622,ok,True,True,40.202940360356806,0.28252015790192075,1.0,0.0,0.9804841750435145
327,1767153189761,58.52153913272559,59.49424300835106,59.827856112331716,59.827856112331716,59.827856112331716,0.967089056968689,0.9628287356860783,ok,True,True,36.55650998736191,0.97270387562547,1.0,0.0,0.9804841750435145
328,1767153189793,52.23003314949986,55.13571709304034,55.79538783523794,55.79538783523794,55.79538783523794,0.9541070461273193,0.9575957219508229,ok,True,True,29.34623136873512,2.905683943540481,1.0,0.0,0.9804841750435145
329,1767153189827,43.38670969183659,48.0863126523181,49.055868995695874,49.055868995695874,49.055868995695874,0.9644046425819397,0.961681074329493,ok,True,True,18.748866766930778,4.699602960481506,1.0,0.0,0.9804841750435145
330,1767153189860,33.65931941536043,39.430116710143494,40.57416202307864,40.57416202307864,40.57416202307864,0.9591477513313293,0.9601610805305949,ok,True,True,6.244317253158723,5.7707972947830655,1.0,0.0,0.9804841750435145
331,1767153189893,23.831500178189835,30.0709467909713,31.266402991279783,31.266402991279783,31.266402991279783,0.9132524728775024,0.9320159159387394,ok,True,True,-6.822159292207541,6.239446612781464,1.0,0.0,0.9804841750435145
332,1767153189927,15.77075132136404,21.490829509206943,22.556466156567208,22.556466156567208,22.556466156567208,0.9496037364006042,0.9425686082158583,ok,True,True,-18.469692890697054,5.720078187842903,1.0,0.0,0.9804841750435145
333,1767153189960,10.166971642172529,14.696514788986295,15.505024445579114,15.505024445579114,15.505024445579114,0.9548521041870117,0.9499387057985504,ok,True,True,-27.30679830856696,4.529543146813767,1.0,0.0,0.9804841750435145
334,1767153189993,5.891958955407895,9.413781288839255,9.992015878221526,9.992015878221526,9.992015878221526,0.9560275077819824,0.9535919869886096,ok,True,True,-33.626970221124985,3.52182233343136,1.0,0.0,0.9804841750435145
335,1767153190027,4.64289602770061,6.551250132156069,6.810162100308091,6.810162100308091,6.810162100308091,0.9631673693656921,0.959337216414859,ok,True,True,-36.45690841400907,1.9083541044554586,1.0,0.0,0.9804841750435145
336,1767153190060,3.5494939659340154,4.750196432422837,4.844474305404109,4.844474305404109,4.844474305404109,0.9645569920539856,0.962469081798335,ok,True,True,-37.487376628351804,1.2007024664888215,1.0,0.0,0.9804841750435145
337,1767153190093,4.556841155978193,4.63418326655605,4.518192057140597,4.518192057140597,4.518192057140597,0.961009681224823,0.9615934414542278,ok,True,True,-36.219579098919425,0.07734211057785689,1.0,0.0,0.9804841750435145
338,1767153190130,5.762028915667784,5.310890656023091,5.087675864088951,5.087675864088951,5.087675864088951,0.9570028185844421,0.9588390677323564,ok,True,True,-33.779815230838196,0.45113825964469356,1.0,0.0,0.9804841750435145
339,1767153190160,9.153244908442257,7.616303207474591,7.20842410479862,7.20842410479862,7.20842410479862,0.9481223821640015,0.9524090563913434,ok,True,True,-29.32164877765868,1.5369417009676667,1.0,0.0,0.9804841750435145
340,1767153190193,13.13240769359845,10.925965899148906,10.401981668128165,10.401981668128165,10.401981668128165,0.9515592455863953,0.9518991699083745,ok,True,True,-23.594439647781975,2.2064417944495442,1.0,0.0,0.9804841750435145
341,1767153190226,19.082148302685834,15.819675341271063,15.12724972394856,15.12724972394856,15.12724972394856,0.9469946026802063,0.9489564295714735,ok,True,True,-16.02614640055069,3.2624729614147707,1.0,0.0,0.9804841750435145
342,1767153190261,28.31822175794632,23.318803191276217,22.344952741313932,22.344952741313932,22.344952741313932,0.9532228708267212,0.9515162943246221,ok,True,True,-5.381846709902627,4.999418566670101,1.0,0.0,0.9804841750435145
343,1767153190300,39.61194518744818,33.09468838897939,31.874927507638837,31.874927507638837,31.874927507638837,0.9252393841743469,0.935750148234457,ok,True,True,7.950282851079519,6.517256798468786,1.0,0.0,0.9804841750435145
344,1767153190327,49.55629742261809,42.9716538091626,41.76276491597043,41.76276491597043,41.76276491597043,0.9548714756965637,0.9472229447117211,ok,True,True,21.1635803058702,6.5846436134554835,1.0,0.0,0.9804841750435145
345,1767153190360,57.806622178980646,51.87263483105343,50.823041707510214,50.823041707510214,50.823041707510214,0.9455608129501343,0.946225665654769,ok,True,True,32.63575630647706,5.933987347927214,1.0,0.0,0.9804841750435145
346,1767153190393,64.14272174730586,59.23468698080489,58.417305531734655,58.417305531734655,58.417305531734655,0.9585376977920532,0.9536128849371396,ok,True,True,41.56983145715013,4.908034766500968,1.0,0.0,0.9804841750435145
347,1767153190427,65.34056441075144,62.89821343877282,62.55276408917231,62.55276408917231,62.55276408917231,0.942031741142273,0.9466641986602196,ok,True,True,45.34563338364692,2.4423509719786196,1.0,0.0,0.9804841750435145
348,1767153190460,63.152938418076715,63.05104842635516,63.164132132156126,63.164132132156126,63.164132132156126,0.9632976055145264,0.9566442427728037,ok,True,True,44.10961520989012,0.10188999172155633,1.0,0.0,0.9804841750435145
349,1767153190493,61.81061345848273,62.3067874456317,62.566569771228785,62.566569771228785,62.566569771228785,0.9658228158950806,0.9621513866461697,ok,True,True,41.27016390800282,0.4961739871489712,1.0,0.0,0.9804841750435145
350,1767153190527,55.11894341337594,57.99408102627824,58.65793383014832,58.65793383014832,58.65793383014832,0.9614105224609375,0.9617068681350304,ok,True,True,34.014174864568176,2.8751376129023,1.0,0.0,0.9804841750435145
351,1767153190571,46.773373793980994,51.2616566868999,52.21366851325193,52.21366851325193,52.21366851325193,0.9528446793556213,0.956389554867385,ok,True,True,23.608573892545373,4.488282892918903,1.0,0.0,0.9804841750435145
352,1767153190601,35.81243265142706,41.992122265616196,43.22074114274854,43.22074114274854,43.22074114274854,0.9304789304733276,0.9408431802309506,ok,True,True,10.17962539815301,6.179689614189137,1.0,0.0,0.9804841750435145
353,1767153190631,25.53409118861185,32.11730361941359,33.39438865246005,33.39438865246005,33.39438865246005,0.9153048396110535,0.9255201758590124,ok,True,True,-3.7790638674465526,6.583212430801741,1.0,0.0,0.9804841750435145
354,1767153190663,16.22300349534155,22.58072354497037,23.77353882223251,23.77353882223251,23.77353882223251,0.9163550138473511,0.9200210786520155,ok,True,True,-16.8166748140283,6.357720049628817,1.0,0.0,0.9804841750435145
355,1767153190695,8.09230955143489,13.887675148849082,14.92843915818802,14.92843915818802,14.92843915818802,0.9366033673286438,0.9299704518579925,ok,True,True,-28.19234756036556,5.795365597414191,1.0,0.0,0.9804841750435145
356,1767153190727,5.478869133391684,8.842391539574644,9.416751841621938,9.416751841621938,9.416751841621938,0.9248921871185303,0.9269234930143152,ok,True,True,-34.470173057739814,3.36352240618296,1.0,0.0,0.9804841750435145
357,1767153190760,4.265583376356412,6.0963066416437055,6.338653172815425,6.338653172815425,6.338653172815425,0.9494274854660034,0.9404258884853282,ok,True,True,-37.11904908062475,1.8307232652872933,1.0,0.0,0.9804841750435145
358,1767153190793,4.609435033700216,5.204183676877612,5.19270695223042,5.19270695223042,5.19270695223042,0.9363795518875122,0.9379980865266386,ok,True,True,-36.99360713354089,0.5947486431773958,1.0,0.0,0.9804841750435145
359,1767153190826,4.748371149977362,4.930696160737462,4.8223141343750795,4.8223141343750795,4.8223141343750795,0.9480089545249939,0.9440046073256518,ok,True,True,-35.808978867747506,0.1823250107601,1.0,0.0,0.9804841750435145
360,1767153190860,6.5885131685428755,5.92538636542071,5.669059411100097,5.669059411100097,5.669059411100097,0.9546751379966736,0.9504069257282649,ok,True,True,-33.007295179368676,0.6631268031221653,1.0,0.0,0.9804841750435145
361,1767153190893,10.627591938318467,8.746709709159365,8.28043007197712,8.28043007197712,8.28043007197712,0.9602280855178833,0.956299621602036,ok,True,True,-27.9108040312599,1.880882229159102,1.0,0.0,0.9804841750435145
362,1767153190926,16.29894880188934,13.278053164797349,12.616452315522267,12.616452315522267,12.616452315522267,0.9550901055335999,0.9555739119609743,ok,True,True,-20.679429115795113,3.0208956370919893,1.0,0.0,0.9804841750435145
363,1767153190960,22.666003525433723,18.910823381179174,18.131399419528037,18.131399419528037,18.131399419528037,0.9384328722953796,0.9452892881616175,ok,True,True,-12.160233756581283,3.755180144254549,1.0,0.0,0.9804841750435145
364,1767153190993,30.420586011356903,25.81668095928581,24.913715714418643,24.913715714418643,24.913715714418643,0.929619312286377,0.9358873026364732,ok,True,True,-2.290717675361675,4.603905052071092,1.0,0.0,0.9804841750435145
365,1767153191026,39.39297740826216,33.96245882867162,32.94403925439197,32.94403925439197,32.94403925439197,0.9429327249526978,0.940114556026208,ok,True,True,8.840727773859902,5.43051857959054,1.0,0.0,0.9804841750435145
366,1767153191062,47.759656995187754,42.2407777285813,41.23609163636883,41.23609163636883,41.23609163636883,0.967021107673645,0.9562584870146702,ok,True,True,19.82206465258691,5.518879266606454,1.0,0.0,0.9804841750435145
367,1767153191093,55.937329668905335,50.45870889277572,49.50314811738313,49.50314811738313,49.50314811738313,0.9523903727531433,0.9539376184577542,ok,True,True,30.26645605406015,5.478620776129617,1.0,0.0,0.9804841750435145
368,1767153191126,61.45164630573853,57.054471340553405,56.324293033579565,56.324293033579565,56.324293033579565,0.9567841291427612,0.9556455248687584,ok,True,True,38.247390629118115,4.397174965185123,1.0,0.0,0.9804841750435145
369,1767153191160,63.87318890023671,61.14570187636339,60.74989025582812,60.74989025582812,60.74989025582812,0.9507840871810913,0.9527286622561582,ok,True,True,42.57365808648972,2.727487023873323,1.0,0.0,0.9804841750435145
370,1767153191193,62.75736647818232,62.11270063745474,62.118985367170175,62.118985367170175,62.118985367170175,0.9525663256645203,0.9526312603011754,ok,True,True,42.50496525324373,0.6446658407275763,1.0,0.0,0.9804841750435145
371,1767153191227,60.90175837668051,61.3861352809902,61.62605357279897,61.62605357279897,61.62605357279897,0.9494994878768921,0.9507521968466054,ok,True,True,39.88263017152782,0.48437690430969127,1.0,0.0,0.9804841750435145
372,1767153191260,57.50543874895717,59.057717361770386,59.492732000988134,59.492732000988134,59.492732000988134,0.9656769633293152,0.9597070567362312,ok,True,True,35.12786911983628,1.5522786128132182,1.0,0.0,0.9804841750435145
373,1767153191293,51.42258982295993,54.476640838484116,55.16715186351625,55.16715186351625,55.16715186351625,0.9652261137962341,0.963018490972233,ok,True,True,27.580502590998634,3.0540510155241876,1.0,0.0,0.9804841750435145
374,1767153191326,44.50871050079419,48.49588263587016,49.34304430826417,49.34304430826417,49.34304430826417,0.9637984037399292,0.9634864386328508,ok,True,True,18.320926104956165,3.987172135075973,1.0,0.0,0.9804841750435145
375,1767153191363,36.10602959706707,41.06197081258831,42.0543493401925,42.0543493401925,42.0543493401925,0.9347004890441895,0.9462148688796539,ok,True,True,7.474112351579162,4.955941215521236,1.0,0.0,0.9804841750435145
376,1767153191426,18.62571781496077,27.600219014011785,29.24119771269511,29.24119771269511,29.24119771269511,0.9568758010864258,0.952611428203717,ok,True,True,-10.461977379068657,8.974501199051016,1.0,0.0,0.9804841750435145
377,1767153191459,11.037474746481667,17.662572453493716,18.91590031383656,18.91590031383656,18.91590031383656,0.9093197584152222,0.9266364263306202,ok,True,True,-24.160997959328004,6.625097707012049,1.0,0.0,0.9804841750435145
378,1767153191493,6.219028389721614,10.796446015230455,11.612744990532455,11.612744990532455,11.612744990532455,0.9268445372581482,0.9267612928871369,ok,True,True,-33.08324154469584,4.577417625508841,1.0,0.0,0.9804841750435145
379,1767153191526,6.0717988666525455,7.961657726083709,8.246065707724185,8.246065707724185,8.246065707724185,0.9603214263916016,0.9468973729898158,ok,True,True,-36.19185415673585,1.8898588594311638,1.0,0.0,0.9804841750435145
380,1767153191560,4.546283298544542,5.912433069560208,6.038239985418663,6.038239985418663,6.038239985418663,0.9566497802734375,0.9527488173599888,ok,True,True,-37.56693850937483,1.3661497710156665,1.0,0.0,0.9804841750435145
381,1767153191593,4.913825477576704,5.3132685143701055,5.254422946420008,5.254422946420008,5.254422946420008,0.9635888934135437,0.9592528629921218,ok,True,True,-36.92374954668399,0.3994430367934019,1.0,0.0,0.9804841750435145
382,1767153191627,5.268143034967693,5.286193226728658,5.145283238564049,5.145283238564049,5.145283238564049,0.9633362293243408,0.9617028827914532,ok,True,True,-35.383586841529535,0.018050191760965006,1.0,0.0,0.9804841750435145
383,1767153191660,7.992409345712654,6.909922898119056,6.581343335795848,6.581343335795848,6.581343335795848,0.9738393425941467,0.9689847586730693,ok,True,True,-31.79217366949094,1.082486447593598,1.0,0.0,0.9804841750435145
384,1767153191693,13.042295202198213,10.58934628056655,10.023753847694902,10.023753847694902,10.023753847694902,0.9693208336830139,0.9691864036790361,ok,True,True,-25.610182011036773,2.4529489216316627,1.0,0.0,0.9804841750435145
385,1767153191729,18.675058700136546,15.440773732308546,14.74092432268348,14.74092432268348,14.74092432268348,0.9653105735778809,0.966860905618343,ok,True,True,-17.960745842823318,3.2342849678279997,1.0,0.0,0.9804841750435145
386,1767153191760,26.71330673396139,22.204293533300252,21.304515982114133,21.304515982114133,21.304515982114133,0.9588755369186401,0.9620696843985213,ok,True,True,-8.126071627584643,4.509013200661137,1.0,0.0,0.9804841750435145
387,1767153191800,37.46572875536652,31.36115466654001,30.208538738165117,30.208538738165117,30.208538738165117,0.9593055844306946,0.9604112244178252,ok,True,True,4.472155718628805,6.10457408882651,1.0,0.0,0.9804841750435145
388,1767153191827,46.4734835147047,40.42855197543882,39.30457049394086,39.30457049394086,39.30457049394086,0.9541096687316895,0.9566302910061438,ok,True,True,16.757405200483536,6.044931539265875,1.0,0.0,0.9804841750435145
389,1767153191860,52.828480325948696,47.86850898574474,46.97505978738282,46.97505978738282,46.97505978738282,0.955663800239563,0.9560503965461953,ok,True,True,26.522909776778643,4.959971340203957,1.0,0.0,0.9804841750435145
390,1767153191893,59.82685124426694,55.04351434085805,54.241694078953145,54.241694078953145,54.241694078953145,0.9608895182609558,0.9589538695750516,ok,True,True,35.28689932576992,4.7833369034088875,1.0,0.0,0.9804841750435145
391,1767153191926,63.21626832066866,59.94716672874441,59.44167427309833,59.44167427309833,59.44167427309833,0.9394060969352722,0.947225205991184,ok,True,True,40.81199118095876,3.2691015919242474,1.0,0.0,0.9804841750435145
392,1767153191960,64.14853230466316,62.467986074295666,62.282059627688554,62.282059627688554,62.282059627688554,0.9347651600837708,0.939749178446736,ok,True,True,42.8441890591649,1.6805462303674972,1.0,0.0,0.9804841750435145
393,1767153191993,63.12894328754568,62.86456040224567,62.95893910863008,62.95893910863008,62.95893910863008,0.9637787342071533,0.9541669119029864,ok,True,True,41.812618723894055,0.26438288530000875,1.0,0.0,0.9804841750435145
394,1767153192026,61.49023967137108,62.03996796372092,62.29808287957455,62.29808287957455,62.29808287957455,0.9609637260437012,0.9582450003874152,ok,True,True,38.99139240615821,0.5497282923498403,1.0,0.0,0.9804841750435145
395,1767153192063,56.5915662422559,58.77092693084191,59.30963639179895,59.30963639179895,59.30963639179895,0.9662402868270874,0.9630421722512186,ok,True,True,33.10323478520479,2.1793606885860086,1.0,0.0,0.9804841750435145
396,1767153192093,49.76110951162497,53.36503647931175,54.15164294904073,54.15164294904073,54.15164294904073,0.9620323777198792,0.9624362955324149,ok,True,True,24.50553376989759,3.6039269676867747,1.0,0.0,0.9804841750435145
397,1767153192126,41.58764963567486,46.29860437312961,47.26621952483383,47.26621952483383,47.26621952483383,0.9573490023612976,0.9593839196297446,ok,True,True,13.929386620865982,4.710954737454756,1.0,0.0,0.9804841750435145
398,1767153192161,32.209680185760355,37.84524986070806,38.94851062929202,38.94851062929202,38.94851062929202,0.9479160904884338,0.9525032221449581,ok,True,True,1.8706169625499793,5.635569674947703,1.0,0.0,0.9804841750435145
399,1767153192193,23.013297837433356,28.94607864674324,30.069373135211357,30.069373135211357,30.069373135211357,0.9198921322822571,0.9329365682273375,ok,True,True,-10.407123604876107,5.932780809309882,1.0,0.0,0.9804841750435145
400,1767153192226,15.824833759279484,21.073331714264985,22.03863076528853,22.03863076528853,22.03863076528853,0.9428662657737732,0.9388943867551989,ok,True,True,-20.957955501694467,5.248497954985501,1.0,0.0,0.9804841750435145
401,1767153192260,8.521330990656374,13.542131280099817,14.412426911104914,14.412426911104914,14.412426911104914,0.9436801075935364,0.9417658192582015,ok,True,True,-30.470388869917343,5.020800289443443,1.0,0.0,0.9804841750435145
402,1767153192294,6.20737279098702,9.14127618663214,9.616213983000385,9.616213983000385,9.616213983000385,0.9505844116210938,0.9470569746759369,ok,True,True,-35.66151471388594,2.93390339564512,1.0,0.0,0.9804841750435145
403,1767153192326,4.500275868628162,6.356675995829754,6.58779284743729,6.58779284743729,6.58779284743729,0.9593096375465393,0.9544085723982983,ok,True,True,-38.187649021432826,1.8564001272015922,1.0,0.0,0.9804841750435145
404,1767153192359,4.568789868882148,5.283944319661191,5.287395958839628,5.287395958839628,5.287395958839628,0.9622156023979187,0.9590927903980706,ok,True,True,-38.22537584267185,0.7151544507790426,1.0,0.0,0.9804841750435145
405,1767153192393,5.356203727182405,5.327299964173919,5.18063987289546,5.18063987289546,5.18063987289546,0.9585080742835999,0.9587419607293881,ok,True,True,-36.62236383576032,0.028903763008485406,1.0,0.0,0.9804841750435145
406,1767153192430,8.439305001928506,7.194502986826671,6.8334999781548,6.8334999781548,6.8334999781548,0.9682628512382507,0.9644544950347057,ok,True,True,-32.67655859053205,1.2448020151018353,1.0,0.0,0.9804841750435145
407,1767153192460,11.963313208096853,10.05578911958878,9.574597272870028,9.574597272870028,9.574597272870028,0.9701703786849976,0.9678840252248808,ok,True,True,-27.417075242376022,1.9075240885080724,1.0,0.0,0.9804841750435145
408,1767153192493,17.126743447521573,14.298361716348456,13.669162020578543,13.669162020578543,13.669162020578543,0.9637536406517029,0.965405794480974,ok,True,True,-20.53984873670564,2.828381731173117,1.0,0.0,0.9804841750435145
409,1767153192526,22.16185290146934,19.016456427420987,18.343251548086048,18.343251548086048,18.343251548086048,0.9559285640716553,0.9597194562353828,ok,True,True,-13.18164041105841,3.145396474048354,1.0,0.0,0.9804841750435145
410,1767153192560,28.800612965338132,24.886950350171276,24.10759319094529,24.10759319094529,24.10759319094529,0.9610174894332886,0.9604982761541262,ok,True,True,-4.663175210190108,3.9136626151668565,1.0,0.0,0.9804841750435145
411,1767153192593,37.135751168705816,32.236230841292,31.31167487475558,31.31167487475558,31.31167487475558,0.9485856294631958,0.9533506881395679,ok,True,True,5.442329992350713,4.899520327413818,1.0,0.0,0.9804841750435145
412,1767153192630,46.43374068174133,40.754736745561594,39.721077261865304,39.721077261865304,39.721077261865304,0.9587738513946533,0.9566045860926191,ok,True,True,16.740349439761967,5.679003936179733,1.0,0.0,0.9804841750435145
413,1767153192660,53.90661171422525,48.64586172675979,47.71207635841403,47.71207635841403,47.71207635841403,0.9664649367332458,0.9625207964769952,ok,True,True,26.94673308706593,5.260749987465459,1.0,0.0,0.9804841750435145
414,1767153192693,59.66554074639523,55.257669138541054,54.515780308359005,54.515780308359005,54.515780308359005,0.9597808122634888,0.9608768059488914,ok,True,True,35.055665054913746,4.407871607854176,1.0,0.0,0.9804841750435145
415,1767153192727,64.10929523732537,60.56864479781164,60.02352094981062,60.02352094981062,60.02352094981062,0.9485654830932617,0.9534900122355136,ok,True,True,41.013932678928334,3.540650439513726,1.0,0.0,0.9804841750435145
416,1767153192760,65.10176832010865,63.28851891118985,63.076704827671556,63.076704827671556,63.076704827671556,0.951443076133728,0.9522618505744422,ok,True,True,43.329085466254185,1.8132494089188,1.0,0.0,0.9804841750435145
417,1767153192793,63.47442144116261,63.40006042917351,63.525165312644226,63.525165312644226,63.525165312644226,0.9693439602851868,0.9625111164008889,ok,True,True,41.96167440999034,0.0743610119891045,1.0,0.0,0.9804841750435145
418,1767153192826,61.922186504949515,62.51333607463911,62.78236906662828,62.78236906662828,62.78236906662828,0.9701583981513977,0.9670994854511942,ok,True,True,39.021112238955396,0.5911495696895983,1.0,0.0,0.9804841750435145
419,1767153192860,56.8286323845658,59.102513860595124,59.65837609959443,59.65837609959443,59.65837609959443,0.9630625247955322,0.9646773090577969,ok,True,True,32.94547274127638,2.273881476029324,1.0,0.0,0.9804841750435145
420,1767153192893,49.35447969600802,53.25369336184286,54.091061109563164,54.091061109563164,54.091061109563164,0.9661140441894531,0.9655393501367907,ok,True,True,23.79294500114623,3.899213665834843,1.0,0.0,0.9804841750435145
421,1767153192926,40.692013428177184,45.71668540164346,46.7398341300902,46.7398341300902,46.7398341300902,0.9604756236076355,0.9625011142192976,ok,True,True,12.609809341954849,5.024671973466276,1.0,0.0,0.9804841750435145
422,1767153192993,20.309894358742923,30.472610775903135,32.3350481427109,32.3350481427109,32.3350481427109,0.9695529937744141,0.9667322419523675,ok,True,True,-7.746849617469051,10.162716417160212,1.0,0.0,0.9804841750435145
423,1767153193026,12.755152515620795,19.84213581973373,21.207604819285216,21.207604819285216,21.207604819285216,0.9298744797706604,0.9446175846433433,ok,True,True,-22.671586008029365,7.086983304112936,1.0,0.0,0.9804841750435145
424,1767153193059,8.425298742502372,12.992033573394917,13.824600744920414,13.824600744920414,13.824600744920414,0.9621526598930359,0.9551386297931588,ok,True,True,-31.771642887045992,4.566734830892544,1.0,0.0,0.9804841750435145
425,1767153193092,7.933476155661117,9.956899122754637,10.270362079073104,10.270362079073104,10.270362079073104,0.9615091681480408,0.958960952806088,ok,True,True,-35.19782978165551,2.02342296709352,1.0,0.0,0.9804841750435145
426,1767153193127,7.927297768757917,8.739138310356605,8.779089246034093,8.779089246034093,8.779089246034093,0.9664250612258911,0.9634394178579698,ok,True,True,-35.634498196492174,0.8118405415986878,1.0,0.0,0.9804841750435145
427,1767153193160,8.186335979096597,8.407456911600601,8.316365525727612,8.316365525727612,8.316365525727612,0.9624410271644592,0.9628403834418635,ok,True,True,-34.63885866014846,0.22112093250400378,1.0,0.0,0.9804841750435145
428,1767153193193,10.132671537020629,9.442585686852617,9.188028372138232,9.188028372138232,9.188028372138232,0.9598420858383179,0.9610414048797361,ok,True,True,-31.856517340316945,0.6900858501680123,1.0,0.0,0.9804841750435145
429,1767153193226,13.66147876929518,11.973921536318153,11.54448500058219,11.54448500058219,11.54448500058219,0.9616608023643494,0.961413043370504,ok,True,True,-27.162725614221436,1.687557232977026,1.0,0.0,0.9804841750435145
430,1767153193259,17.901616617242503,15.530538584872762,14.984618374953389,14.984618374953389,14.984618374953389,0.9604938626289368,0.9608615349255636,ok,True,True,-21.195753660993443,2.3710780323697414,1.0,0.0,0.9804841750435145
431,1767153193293,23.822942393911823,20.5059808702962,19.810908772598147,19.810908772598147,19.810908772598147,0.9630353450775146,0.9621658210167342,ok,True,True,-13.598534072716696,3.3169615236156247,1.0,0.0,0.9804841750435145
432,1767153193326,31.279324317535018,26.96998693863949,26.120398572517242,26.120398572517242,26.120398572517242,0.9655637145042419,0.9642045571092388,ok,True,True,-4.312433539474016,4.309337378895528,1.0,0.0,0.9804841750435145
433,1767153193360,39.38393684770519,34.41835688407891,33.47620848241653,33.47620848241653,33.47620848241653,0.9694889187812805,0.9673751741124639,ok,True,True,5.985359043307062,4.965579963626283,1.0,0.0,0.9804841750435145
434,1767153193393,47.8104059778438,42.45358634033784,41.47392035530617,41.47392035530617,41.47392035530617,0.9673338532447815,0.9673503815918545,ok,True,True,16.69322321466429,5.356819637505957,1.0,0.0,0.9804841750435145
435,1767153193426,54.204507667682556,49.50413913674467,48.67001770157461,48.67001770157461,48.67001770157461,0.9518754482269287,0.958065421572899,ok,True,True,25.810268377694822,4.700368530937887,1.0,0.0,0.9804841750435145
436,1767153193459,59.9676150136001,55.78222466285793,55.08447657136432,55.08447657136432,55.08447657136432,0.9633073806762695,0.9612105970349213,ok,True,True,33.43673689216076,4.185390350742175,1.0,0.0,0.9804841750435145
437,1767153193494,64.93476795894934,61.27375064051277,60.70737985283678,60.70737985283678,60.70737985283678,0.947834849357605,0.9531851484285315,ok,True,True,39.62723605995932,3.6610173184365635,1.0,0.0,0.9804841750435145
438,1767153193526,67.93064190529557,65.26788539938245,64.90632557492775,64.90632557492775,64.90632557492775,0.9442774653434753,0.9478405385774977,ok,True,True,43.579127367031205,2.662756505913123,1.0,0.0,0.9804841750435145
439,1767153193559,65.97108172573037,65.6898031951912,65.76448572717013,65.76448572717013,65.76448572717013,0.9611573219299316,0.9558306085889581,ok,True,True,42.7628385291806,0.2812785305391685,1.0,0.0,0.9804841750435145
440,1767153193592,62.73895201154246,63.919292485001954,64.28431473221616,64.28431473221616,64.28431473221616,0.9593844413757324,0.9579629082610227,ok,True,True,38.77310253506319,1.1803404734594949,1.0,0.0,0.9804841750435145
441,1767153193626,55.86260854506489,59.08528212103971,59.80977162760037,59.80977162760037,59.80977162760037,0.9477229714393616,0.951818946168026,ok,True,True,30.854347216050712,3.2226735759748237,1.0,0.0,0.9804841750435145
442,1767153193664,49.851388675788186,53.54494605388879,54.35892541459112,54.35892541459112,54.35892541459112,0.9688165187835693,0.962017489737352,ok,True,True,21.95745729044318,3.693557378100607,1.0,0.0,0.9804841750435145
443,1767153193694,43.12223450102311,47.291319122169384,48.161795618815155,48.161795618815155,48.161795618815155,0.9561240077018738,0.9584814005160651,ok,True,True,12.443047039544798,4.1690846211462755,1.0,0.0,0.9804841750435145
444,1767153193726,34.41047332670973,39.562811644893586,40.56880405205637,40.56880405205637,40.56880405205637,0.955801248550415,0.9568733093366751,ok,True,True,1.4474319851264958,5.152338318183858,1.0,0.0,0.9804841750435145
445,1767153193760,25.321853540647822,31.01823678234613,32.08952593994457,32.08952593994457,32.08952593994457,0.9471628069877625,0.9510470079273275,ok,True,True,-10.261884213537817,5.696383241698307,1.0,0.0,0.9804841750435145
446,1767153193794,17.2258677627955,22.74281537061575,23.747791663323664,23.747791663323664,23.747791663323664,0.9481484889984131,0.9493078965699788,ok,True,True,-21.246393017732515,5.516947607820253,1.0,0.0,0.9804841750435145
447,1767153194001,11.192647088806753,15.812714401530354,16.61927867194058,16.61927867194058,16.61927867194058,0.9528576135635376,0.951437726766114,ok,True,True,-30.0622351363535,4.6200673127236005,1.0,0.0,0.9804841750435145
448,1767153194027,7.197845800614648,10.64379324098093,11.19885771512022,11.19885771512022,11.19885771512022,0.9686516523361206,0.961766082108118,ok,True,True,-36.12915497050204,3.4459474403662815,1.0,0.0,0.9804841750435145
449,1767153194056,5.9552371319699615,7.830659575574349,8.072163873811892,8.072163873811892,8.072163873811892,0.9712435603141785,0.9674525690317543,ok,True,True,-38.76882528858801,1.8754224436043874,1.0,0.0,0.9804841750435145
450,1767153194079,5.760563344820978,6.588601837122327,6.609948553877751,6.609948553877751,6.609948553877751,0.9749466776847839,0.971949034223572,ok,True,True,-39.00214740756934,0.8280384923013484,1.0,0.0,0.9804841750435145
451,1767153194103,10.401710113137511,8.876466802731438,8.478412562441571,8.478412562441571,8.478412562441571,0.9646456837654114,0.9675670239486757,ok,True,True,-34.65136785312878,1.5252433104060739,1.0,0.0,0.9804841750435145
452,1767153194156,15.784734591443561,13.021427475958712,12.385487472884817,12.385487472884817,12.385487472884817,0.9740532040596008,0.9714587320152308,ok,True,True,-27.70046899771164,2.7633071154848494,1.0,0.0,0.9804841750435145
453,1767153194188,21.331236313539925,18.00731277850744,17.276829460456938,17.276829460456938,17.276829460456938,0.961853563785553,0.9656956310774241,ok,True,True,-19.71620061579549,3.3239235350324847,1.0,0.0,0.9804841750435145
454,1767153194214,28.89170825130623,24.537950062186713,23.65421408345523,23.65421408345523,23.65421408345523,0.9635704755783081,0.9644205377779544,ok,True,True,-10.056862669819733,4.353758189119517,1.0,0.0,0.9804841750435145
455,1767153194237,37.24497355448106,32.16216415756332,31.175208830627568,31.175208830627568,31.175208830627568,0.9548530578613281,0.9586800498279786,ok,True,True,0.7306748638875113,5.082809396917739,1.0,0.0,0.9804841750435145
456,1767153194264,44.76925451333626,39.72641837102708,38.77476695080031,38.77476695080031,38.77476695080031,0.9618953466415405,0.9606092279161158,ok,True,True,11.132336554670772,5.042836142309177,1.0,0.0,0.9804841750435145
457,1767153194289,52.94763985679896,47.659151262490205,46.7090118059387,46.7090118059387,46.7090118059387,0.9604014754295349,0.9604845764241672,ok,True,True,21.51747230506816,5.2884885943087525,1.0,0.0,0.9804841750435145
458,1767153194316,58.153180831888555,53.95556900412922,53.22685645000974,53.22685645000974,53.22685645000974,0.9704158902168274,0.9664433646997632,ok,True,True,29.482386029435027,4.197611827759339,1.0,0.0,0.9804841750435145
459,1767153194340,63.116534787709405,59.45214847427733,58.867046823999765,58.867046823999765,58.867046823999765,0.9705013632774353,0.9688781638463665,ok,True,True,35.877615723366404,3.6643863134320753,1.0,0.0,0.9804841750435145
460,1767153194458,65.13621785601356,62.862590103319064,62.55013429474028,62.55013429474028,62.55013429474028,0.9611011743545532,0.9642119701512786,ok,True,True,39.29279437500146,2.2736277526944946,1.0,0.0,0.9804841750435145
461,1767153194486,63.54499873527544,63.272035282492894,63.3376440878489,63.3376440878489,63.3376440878489,0.9674748182296753,0.9661696789983166,ok,True,True,38.57568243385916,0.2729634527825482,1.0,0.0,0.9804841750435145
462,1767153194511,61.409610285450164,62.154580284267254,62.43012753700285,62.43012753700285,62.43012753700285,0.9447110295295715,0.9532944893170696,ok,True,True,35.56391862847597,0.7449699988170906,1.0,0.0,0.9804841750435145
463,1767153194538,57.447833193672736,59.33053202991054,59.80877207718898,59.80877207718898,59.80877207718898,0.9496566653251648,0.9511117949219268,ok,True,True,30.336698794569557,1.8826988362378074,1.0,0.0,0.9804841750435145
464,1767153194568,46.832841486341366,51.83191770376904,52.835044667805306,52.835044667805306,52.835044667805306,0.9566975235939026,0.9544632321251123,ok,True,True,19.37240336975797,4.999076217427671,1.0,0.0,0.9804841750435145
465,1767153194594,38.060555109723246,43.569100147341565,44.67530830113464,44.67530830113464,44.67530830113464,0.9453164339065552,0.948975153193978,ok,True,True,7.281418445257271,5.508545037618319,1.0,0.0,0.9804841750435145
466,1767153194621,29.268785261847604,34.98891121604519,36.097063523564834,36.097063523564834,36.097063523564834,0.9231937527656555,0.9335063129369845,ok,True,True,-4.830816307603721,5.720125954197584,1.0,0.0,0.9804841750435145
467,1767153194648,20.62972789620908,26.37340122414352,27.440652471967006,27.440652471967006,27.440652471967006,0.9573788642883301,0.9478298437477919,ok,True,True,-16.495997678615502,5.743673327934442,1.0,0.0,0.9804841750435145
468,1767153194673,14.24132756433122,19.09415702825614,19.964310683196494,19.964310683196494,19.964310683196494,0.9634870290756226,0.9572241549444903,ok,True,True,-26.006879231791082,4.852829463924921,1.0,0.0,0.9804841750435145
469,1767153194703,8.247591093156405,12.586217467196299,13.312908731281205,13.312908731281205,13.312908731281205,0.9644753336906433,0.9615748621921821,ok,True,True,-33.949700018899954,4.338626374039894,1.0,0.0,0.9804841750435145
470,1767153194728,6.817354872100712,9.124899910138947,9.466008361895579,9.466008361895579,9.466008361895579,0.9736392498016357,0.9688134947578543,ok,True,True,-37.67805542259798,2.307545038038235,1.0,0.0,0.9804841750435145
471,1767153194752,7.397812884822092,8.088647694948834,8.102199555962997,8.102199555962997,8.102199555962997,0.9651262760162354,0.9666011635128828,ok,True,True,-37.82617885367136,0.6908348101267423,1.0,0.0,0.9804841750435145
472,1767153194779,7.44576291452757,7.702916826696075,7.60675788238344,7.60675788238344,7.60675788238344,0.9677131772041321,0.9672683717276324,ok,True,True,-36.77515030895005,0.2571539121685049,1.0,0.0,0.9804841750435145
473,1767153194803,8.048572319496895,7.910310122376567,7.739620349781147,7.739620349781147,7.739620349781147,0.9725027680397034,0.970409009514875,ok,True,True,-34.90949106557791,0.13826219712032817,1.0,0.0,0.9804841750435145
474,1767153194830,10.18473665977047,9.27496604481291,8.97374089309575,8.97374089309575,8.97374089309575,0.9663771390914917,0.967989887260845,ok,True,True,-31.617064811256608,0.9097706149575604,1.0,0.0,0.9804841750435145
475,1767153194859,14.738219302101427,12.55291799918602,12.035836715387843,12.035836715387843,12.035836715387843,0.9594032764434814,0.9628379207704268,ok,True,True,-25.965305704520972,2.1853013029154074,1.0,0.0,0.9804841750435145
476,1767153194892,19.406459015405567,16.665042608917748,16.051797144455065,16.051797144455065,16.051797144455065,0.9698960781097412,0.9670728151740154,ok,True,True,-19.262460819123643,2.7414164064878186,1.0,0.0,0.9804841750435145
477,1767153194926,25.178141387611088,21.77290187613375,21.06272952872807,21.06272952872807,21.06272952872807,0.9712090492248535,0.9695545556045183,ok,True,True,-11.500193729664474,3.405239511477337,1.0,0.0,0.9804841750435145
478,1767153194959,34.350344690634124,29.319367564833975,28.355090769666994,28.355090769666994,28.355090769666994,0.9524667263031006,0.9593018580236676,ok,True,True,-0.9605352093108852,5.030977125800149,1.0,0.0,0.9804841750435145
479,1767153194992,44.36056140386045,38.34408386824986,37.2256749433813,37.2256749433813,37.2256749433813,0.9508086442947388,0.9542059297863104,ok,True,True,11.263805574695233,6.016477535610591,1.0,0.0,0.9804841750435145
480,1767153195026,53.53216698387147,47.456933737622826,46.35696356569328,46.35696356569328,46.35696356569328,0.9598817825317383,0.9576114414335671,ok,True,True,23.286608625456665,6.075233246248644,1.0,0.0,0.9804841750435145
481,1767153195059,60.222578362251,55.11632051239973,54.22535139336283,54.22535139336283,54.22535139336283,0.9640249609947205,0.9614595531702592,ok,True,True,33.02500564371437,5.106257849851268,1.0,0.0,0.9804841750435145
482,1767153195092,64.31713617274899,60.63680990860928,60.04411018740331,60.04411018740331,60.04411018740331,0.9434040784835815,0.9506262683582527,ok,True,True,39.5032831444583,3.6803262641397083,1.0,0.0,0.9804841750435145
483,1767153195126,64.43524968832818,62.91587377644062,62.742327225995986,62.742327225995986,62.742327225995986,0.956058919429779,0.9538858590011685,ok,True,True,41.40016730493941,1.5193759118875647,1.0,0.0,0.9804841750435145
484,1767153195159,64.55828867142,63.90132271342824,63.925988853199684,63.925988853199684,63.925988853199684,0.9369375705718994,0.9437168859436071,ok,True,True,41.13056350288866,0.6569659579917584,1.0,0.0,0.9804841750435145
485,1767153195192,61.44719211983157,62.42884435727024,62.748949726795935,62.748949726795935,62.748949726795935,0.9481709599494934,0.9463893303471389,ok,True,True,37.631774252496925,0.9816522374386736,1.0,0.0,0.9804841750435145
486,1767153195226,57.69012366500125,59.585611941908844,60.07865889900142,60.07865889900142,60.07865889900142,0.9702410101890564,0.9607003382522894,ok,True,True,32.24271315686483,1.8954882769075923,1.0,0.0,0.9804841750435145
487,1767153195261,51.835512972213174,54.935552560091445,55.62950589593191,55.62950589593191,55.62950589593191,0.9566376209259033,0.9582627078564577,ok,True,True,24.657721766968045,3.100039587878271,1.0,0.0,0.9804841750435145
488,1767153195293,44.18150887773742,48.48312635067903,49.37244000588695,49.37244000588695,49.37244000588695,0.9590181708335876,0.9587159856427356,ok,True,True,14.937419162614818,4.301617472941608,1.0,0.0,0.9804841750435145
489,1767153195326,35.06069251173904,40.42966604731504,41.48330721215685,41.48330721215685,41.48330721215685,0.9559144377708435,0.9570350569196003,ok,True,True,3.420997595613109,5.368973535575996,1.0,0.0,0.9804841750435145
490,1767153195392,19.097574154265544,27.630410911485342,29.189209595699847,29.189209595699847,29.189209595699847,0.9524854421615601,0.9543052880647762,ok,True,True,-13.616854933807556,8.532836757219798,1.0,0.0,0.9804841750435145
491,1767153195426,13.246595778242877,19.000121831539865,20.08663160138361,20.08663160138361,20.08663160138361,0.9605156779289246,0.9580315219832652,ok,True,True,-25.492534210314524,5.753526053296987,1.0,0.0,0.9804841750435145
492,1767153195459,8.434074925573242,12.66049368795989,13.394460520772515,13.394460520772515,13.394460520772515,0.9620144963264465,0.960421306589174,ok,True,True,-33.51487781733966,4.226418762386649,1.0,0.0,0.9804841750435145
493,1767153195492,6.835240583768391,9.16534182544499,9.512656033447186,9.512656033447186,9.512656033447186,0.9733044505119324,0.968151192942829,ok,True,True,-37.31106286499117,2.3301012416765996,1.0,0.0,0.9804841750435145
494,1767153195525,6.697804522357974,7.68481944359278,7.7500125898525365,7.7500125898525365,7.7500125898525365,0.973365306854248,0.9712796612896805,ok,True,True,-38.02363160343759,0.987014921234806,1.0,0.0,0.9804841750435145
495,1767153195559,6.741604974999165,7.118890762436611,7.047871978212308,7.047871978212308,7.047871978212308,0.9601286053657532,0.9645890277353242,ok,True,True,-37.24738795845264,0.37728578743744645,1.0,0.0,0.9804841750435145
496,1767153195592,7.46748209974356,7.32804556482078,7.158208174743132,7.158208174743132,7.158208174743132,0.9640663862228394,0.9642754428278333,ok,True,True,-35.39104535601915,0.13943653492277974,1.0,0.0,0.9804841750435145
497,1767153195625,10.420072853747484,9.183261938176802,8.825590748735703,8.825590748735703,8.825590748735703,0.9344428777694702,0.9463759037928154,ok,True,True,-31.481657285942134,1.2368109155706826,1.0,0.0,0.9804841750435145
498,1767153195659,13.488777050174969,11.7665710053757,11.321220317368534,11.321220317368534,11.321220317368534,0.9674545526504517,0.9590230931073972,ok,True,True,-26.613922008140236,1.7222060447992682,1.0,0.0,0.9804841750435145
499,1767153195692,18.750256852919296,15.956782513901857,15.340414654407532,15.340414654407532,15.340414654407532,0.9356739521026611,0.9450136085045556,ok,True,True,-19.87694897866219,2.7934743390174397,1.0,0.0,0.9804841750435145
500,1767153195726,25.65648072266173,21.77660143915778,20.984335333289984,20.984335333289984,20.984335333289984,0.963970422744751,0.9563876970486729,ok,True,True,-11.217387476250526,3.87987928350395,1.0,0.0,0.9804841750435145
501,1767153195759,33.86531545571806,29.02982984909395,28.090170121037165,28.090170121037165,28.090170121037165,0.959204375743866,0.9580777042657888,ok,True,True,-0.9467963880020189,4.835485606624111,1.0,0.0,0.9804841750435145
502,1767153195793,42.81173463828326,37.29897272260754,36.267689159404185,36.267689159404185,36.267689159404185,0.9672969579696655,0.9636092564881149,ok,True,True,10.325253969628598,5.512761915675725,1.0,0.0,0.9804841750435145
503,1767153195825,51.5880786345792,45.87243626979053,44.838897197454195,44.838897197454195,44.838897197454195,0.9731609225273132,0.9693402561116339,ok,True,True,21.621957306746385,5.715642364788664,1.0,0.0,0.9804841750435145
504,1767153195859,59.69724880271611,54.167323789545875,53.206649999900584,53.206649999900584,53.206649999900584,0.9668790102005005,0.9678635085649538,ok,True,True,32.12223455396774,5.529925013170235,1.0,0.0,0.9804841750435145
505,1767153195892,62.924786394917376,59.421801352768775,58.8476522657011,58.8476522657011,58.8476522657011,0.9804984927177429,0.9754444990566273,ok,True,True,38.39775144683062,3.5029850421486017,1.0,0.0,0.9804841750435145
506,1767153195925,65.3151439407302,62.95780690554563,62.64193517823256,62.64193517823256,62.64193517823256,0.9633976817131042,0.9682164086505135,ok,True,True,41.85026649105867,2.357337035184564,1.0,0.0,0.9804841750435145
507,1767153195959,62.35650124122946,62.59702350695593,62.7577278519431,62.7577278519431,62.7577278519431,0.9640899300575256,0.9657405214947208,ok,True,True,40.09374914314447,0.24052226572646873,1.0,0.0,0.9804841750435145
508,1767153195992,62.181736228250415,62.347851139732626,62.542753298877344,62.542753298877344,62.542753298877344,0.9540921449661255,0.9587514955775636,ok,True,True,37.9634456736835,0.16611491148221091,1.0,0.0,0.9804841750435145
509,1767153196025,57.00705270365689,59.14337207808718,59.66399688099875,59.66399688099875,59.66399688099875,0.9542840719223022,0.9560710413844068,ok,True,True,32.27295548723849,2.1363193744302933,1.0,0.0,0.9804841750435145
510,1767153196059,50.61177855714068,54.02441596551928,54.773891547954605,54.773891547954605,54.773891547954605,0.9626787304878235,0.9600356548464568,ok,True,True,24.081099427025446,3.4126374083786004,1.0,0.0,0.9804841750435145
511,1767153196126,34.3301083182749,42.20783137717265,43.69987090165503,43.69987090165503,43.69987090165503,0.9567682147026062,0.9580751907601464,ok,True,True,7.772932347061772,7.87772305889775,1.0,0.0,0.9804841750435145
512,1767153196159,24.589137085285,31.636614802040057,33.01186831679357,33.01186831679357,33.01186831679357,0.956086277961731,0.9568818430810971,ok,True,True,-7.258749942781208,7.047477716755058,1.0,0.0,0.9804841750435145
513,1767153196192,15.718358600424912,22.08566108107097,23.278091605590703,23.278091605590703,23.278091605590703,0.9457948803901672,0.9502296654665392,ok,True,True,-20.292155496741223,6.3673024806460585,1.0,0.0,0.9804841750435145
514,1767153196226,10.591194055287806,15.188980865601073,16.016286224577588,16.016286224577588,16.016286224577588,0.9659064412117004,0.959635730913636,ok,True,True,-29.334700147171294,4.597786810313266,1.0,0.0,0.9804841750435145
515,1767153196259,6.768008239588277,10.136397289993397,10.683499168903136,10.683499168903136,10.683499168903136,0.9735099077224731,0.9679602369989383,ok,True,True,-35.31458788112218,3.3683890504051197,1.0,0.0,0.9804841750435145
516,1767153196292,5.667830067906452,7.455256956741231,7.684171641453595,7.684171641453595,7.684171641453595,0.9640350937843323,0.9656051510701746,ok,True,True,-37.81665224610042,1.7874268888347782,1.0,0.0,0.9804841750435145
517,1767153196325,5.085440950069281,6.033367352738061,6.076921661415023,6.076921661415023,6.076921661415023,0.9666882753372192,0.9662550256304013,ok,True,True,-38.292705950644624,0.9479264026687799,1.0,0.0,0.9804841750435145
518,1767153196359,5.953093375397968,5.985202966334006,5.85298232804951,5.85298232804951,5.85298232804951,0.9708045721054077,0.9689847535154051,ok,True,True,-36.84751885929659,0.032109590936038046,1.0,0.0,0.9804841750435145
519,1767153196392,7.334517466250063,6.79479166628364,6.552599092175577,6.552599092175577,6.552599092175577,0.9571743607521057,0.9618985178574255,ok,True,True,-34.20032560518289,0.5397257999664236,1.0,0.0,0.9804841750435145
520,1767153196458,13.41017647409297,10.764022550969237,10.166768248761588,10.166768248761588,10.166768248761588,0.9695355892181396,0.9664807606738539,ok,True,True,-27.672265999651643,2.646153923123732,1.0,0.0,0.9804841750435145
521,1767153196492,19.04734243190837,15.734014479532714,15.009727456542816,15.009727456542816,15.009727456542816,0.9640999436378479,0.9650522704522503,ok,True,True,-19.755723849827202,3.313327952375655,1.0,0.0,0.9804841750435145
522,1767153196525,26.505873859440218,22.197130107477214,21.321474488767652,21.321474488767652,21.321474488767652,0.9683083295822144,0.9670059059302287,ok,True,True,-10.184705187048372,4.308743751963004,1.0,0.0,0.9804841750435145
523,1767153196566,35.39311271647776,30.11471967287754,29.09544798521761,29.09544798521761,29.09544798521761,0.9643821716308594,0.9654316653506071,ok,True,True,0.9560539614074237,5.278393043600218,1.0,0.0,0.9804841750435145
524,1767153196592,43.811897657509775,38.33302646365688,37.3056103375655,37.3056103375655,37.3056103375655,0.953165590763092,0.9580720205980982,ok,True,True,12.185832777595367,5.478871193852896,1.0,0.0,0.9804841750435145
525,1767153196625,52.116816364749994,46.60330040431275,45.61095261218175,45.61095261218175,45.61095261218175,0.96739661693573,0.9636667784006772,ok,True,True,23.032310588643806,5.513515960437246,1.0,0.0,0.9804841750435145
526,1767153196659,61.15174453178893,55.33236688079846,54.33307996746481,54.33307996746481,54.33307996746481,0.9474178552627563,0.9539174245179247,ok,True,True,33.954633808680484,5.819377650990468,1.0,0.0,0.9804841750435145
527,1767153196694,65.31065527080331,61.31933991480137,60.66594709178807,60.66594709178807,60.66594709178807,0.9619105458259583,0.9587132973027448,ok,True,True,41.09629403396616,3.991315356001941,1.0,0.0,0.9804841750435145
528,1767153196725,66.80320986319983,64.60966188384045,64.3224050620919,64.3224050620919,64.3224050620919,0.9318424463272095,0.9425907867174236,ok,True,True,44.236044802673035,2.19354797935938,1.0,0.0,0.9804841750435145
529,1767153196761,65.47173012787219,65.1269028302595,65.20168325220368,65.20168325220368,65.20168325220368,0.9377391934394836,0.9396798307506595,ok,True,True,43.41868601601557,0.3448272976126958,1.0,0.0,0.9804841750435145
530,1767153196825,60.62807020521044,62.42760325523007,62.89873509883845,62.89873509883845,62.89873509883845,0.9643561244010925,0.9544856069409193,ok,True,True,38.26915968230644,1.799533050019626,1.0,0.0,0.9804841750435145
531,1767153196860,53.67804013549016,57.17786538338612,57.958720474090185,57.958720474090185,57.958720474090185,0.9811735153198242,0.9704983519682623,ok,True,True,29.734321914614014,3.499825247895963,1.0,0.0,0.9804841750435145
532,1767153196892,46.59726390422488,50.82950449588938,51.735788622263726,51.735788622263726,51.735788622263726,0.9716694951057434,0.971201037850751,ok,True,True,19.828530069080152,4.2322405916645,1.0,0.0,0.9804841750435145
533,1767153196926,37.847162247091745,43.0400991466108,44.08436007808202,44.08436007808202,44.08436007808202,0.9638368487358093,0.966782524381786,ok,True,True,8.41463555350469,5.192936899519054,1.0,0.0,0.9804841750435145
534,1767153196959,27.118948007673836,33.48740846324862,34.70140029035718,34.70140029035718,34.70140029035718,0.925774097442627,0.9421774682182906,ok,True,True,-4.85443756777547,6.368460455574784,1.0,0.0,0.9804841750435145
535,1767153196992,17.729639062540713,24.032746822823874,25.205377253962432,25.205377253962432,25.205377253962432,0.9422568678855896,0.94222510801867,ok,True,True,-17.671425777717033,6.3031077602831616,1.0,0.0,0.9804841750435145
536,1767153197026,10.359438452046323,15.828761800357345,16.80951059487895,16.80951059487895,16.80951059487895,0.947699785232544,0.9455099143469944,ok,True,True,-28.391125183857135,5.469323348311022,1.0,0.0,0.9804841750435145
537,1767153197059,6.717402940348586,10.361946484352089,10.975914844361228,10.975914844361228,10.975914844361228,0.9675960540771484,0.9587615981850868,ok,True,True,-35.10187140240249,3.6445435440035023,1.0,0.0,0.9804841750435145
538,1767153197093,5.432074318353688,7.404023184753049,7.6720826967738525,7.6720826967738525,7.6720826967738525,0.9678257703781128,0.9642001015009023,ok,True,True,-38.03179332315413,1.9719488663993605,1.0,0.0,0.9804841750435145
539,1767153197126,6.193688382413517,6.67782230334933,6.647301742739749,6.647301742739749,6.647301742739749,0.9593061804771423,0.9612637488866462,ok,True,True,-37.698200014379104,0.48413392093581287,1.0,0.0,0.9804841750435145
540,1767153197159,6.370556920607978,6.493463073704518,6.370387110743569,6.370387110743569,6.370387110743569,0.9602682590484619,0.9606664549837356,ok,True,True,-36.352965297362545,0.1229061530965403,1.0,0.0,0.9804841750435145
541,1767153197192,7.39605994714258,7.035021197767355,6.825602999480803,6.825602999480803,6.825602999480803,0.9610338807106018,0.9608869104198553,ok,True,True,-34.06399981675514,0.36103874937522473,1.0,0.0,0.9804841750435145
542,1767153197225,9.365942343338617,8.43357388511011,8.127388705272873,8.127388705272873,8.127388705272873,0.9662317633628845,0.9640938221856729,ok,True,True,-30.717359873066854,0.9323684582285061,1.0,0.0,0.9804841750435145
543,1767153197260,14.189113010828372,11.886897360541067,11.353037016495644,11.353037016495644,11.353037016495644,0.9720214605331421,0.9688504051941544,ok,True,True,-24.882203668957576,2.3022156502873052,1.0,0.0,0.9804841750435145
544,1767153197292,19.144489663373278,16.24145274224039,15.603307172870087,15.603307172870087,15.603307172870087,0.9666733741760254,0.967544186583277,ok,True,True,-17.907197715117398,2.9030369211328875,1.0,0.0,0.9804841750435145
545,1767153197325,25.762754724733405,21.954233931736198,21.178811284877668,21.178811284877668,21.178811284877668,0.9743070602416992,0.9716019107783304,ok,True,True,-9.431737196104912,3.808520792997207,1.0,0.0,0.9804841750435145
546,1767153197359,33.50810698799004,28.8865577654885,27.991235878523113,27.991235878523113,27.991235878523113,0.9696640968322754,0.9704392224106975,ok,True,True,0.3542360863691769,4.621549222501539,1.0,0.0,0.9804841750435145
547,1767153197398,42.1172839503637,36.824993476413624,35.84040745299867,35.84040745299867,35.84040745299867,0.9709356427192688,0.9707370745958402,ok,True,True,11.115876854577795,5.292290473950075,1.0,0.0,0.9804841750435145
548,1767153197427,49.799794834643976,44.60987429135184,43.67249912635404,43.67249912635404,43.67249912635404,0.9695684909820557,0.9700359244275696,ok,True,True,21.361497400518694,5.189920543292139,1.0,0.0,0.9804841750435145
549,1767153197459,58.684027834611406,53.05436641730758,52.08675933742123,52.08675933742123,52.08675933742123,0.9581815600395203,0.9629233057947401,ok,True,True,31.937556323633842,5.629661417303829,1.0,0.0,0.9804841750435145
550,1767153197492,62.4190552533731,58.67317971894689,58.05690759088868,58.05690759088868,58.05690759088868,0.9663541913032532,0.9649818370998479,ok,True,True,38.67348299728194,3.7458755344262116,1.0,0.0,0.9804841750435145
551,1767153197529,62.29887844393506,60.84859895393979,60.68090194264703,60.68090194264703,60.68090194264703,0.9637494087219238,0.9642423800730935,ok,True,True,40.50643100844244,1.4502794899952676,1.0,0.0,0.9804841750435145
552,1767153197559,61.48632573510961,61.231235022641684,61.320506891080825,61.320506891080825,61.320506891080825,0.9762939214706421,0.9714733049116226,ok,True,True,39.530679011154625,0.2550907124679256,1.0,0.0,0.9804841750435145
553,1767153197592,60.040634925790926,60.516874964531226,60.75362798348004,60.75362798348004,60.75362798348004,0.9717333912849426,0.9716293567356147,ok,True,True,36.942940733214236,0.4762400387403005,1.0,0.0,0.9804841750435145
554,1767153197626,54.912004809807016,57.1539528716967,57.69313525813362,57.69313525813362,57.69313525813362,0.9724510908126831,0.9721223971818558,ok,True,True,31.04961398127221,2.241948061889687,1.0,0.0,0.9804841750435145
555,1767153197665,47.8905353454758,51.59590235596416,52.39190373644119,52.39190373644119,52.39190373644119,0.9722165465354919,0.9721788867940375,ok,True,True,22.34922548908076,3.7053670104883594,1.0,0.0,0.9804841750435145
556,1767153197697,39.81114212854398,44.52504621951205,45.48618172683405,45.48618172683405,45.48618172683405,0.9677517414093018,0.9695225995631961,ok,True,True,11.843901613474555,4.713904090968072,1.0,0.0,0.9804841750435145
557,1767153197731,30.347681045899154,36.018627115344316,37.11932861313631,37.11932861313631,37.11932861313631,0.9359025955200195,0.9493505971372902,ok,True,True,-0.1868949147779979,5.670946069445161,1.0,0.0,0.9804841750435145
558,1767153197759,22.125955036727596,27.683023868174285,28.735480552518208,28.735480552518208,28.735480552518208,0.924551248550415,0.9344709879851651,ok,True,True,-11.690369970949657,5.5570688314466885,1.0,0.0,0.9804841750435145
559,1767153197792,13.831099915968771,19.371869496850977,20.373417720329293,20.373417720329293,20.373417720329293,0.9573934674263,0.9482244756498461,ok,True,True,-22.63740957621188,5.5407695808822055,1.0,0.0,0.9804841750435145
560,1767153197826,8.068233958190703,12.589688173654814,13.374186192684096,13.374186192684096,13.374186192684096,0.9519606828689575,0.950466199981313,ok,True,True,-31.212064977963713,4.521454215464111,1.0,0.0,0.9804841750435145
561,1767153197859,4.964884816412071,8.014806159309169,8.496831717679761,8.496831717679761,8.496831717679761,0.9624127149581909,0.9576341089674397,ok,True,True,-36.480660892302865,3.0499213428970977,1.0,0.0,0.9804841750435145
562,1767153197892,2.41179143323732,4.652997323666059,4.946277993550691,4.946277993550691,4.946277993550691,0.9629102945327759,0.9607998203066415,ok,True,True,-39.686253027981394,2.2412058904287395,1.0,0.0,0.9804841750435145
563,1767153197925,1.3673221957440609,2.68159224691286,2.7867043397062803,2.7867043397062803,2.7867043397062803,0.9639390707015991,0.9626833705436161,ok,True,True,-40.83514053616884,1.3142700511687992,1.0,0.0,0.9804841750435145
564,1767153197959,1.7726128819206057,2.1362046279175075,2.056889126814725,2.056889126814725,2.056889126814725,0.9668048620223999,0.9651562654308864,ok,True,True,-39.96821280215727,0.3635917459969018,1.0,0.0,0.9804841750435145
565,1767153197992,2.0796528479946508,2.1022735599637934,1.9485180927647117,1.9485180927647117,1.9485180927647117,0.9586799144744873,0.961270454857047,ok,True,True,-38.287647503855,0.022620711969142615,1.0,0.0,0.9804841750435145
566,1767153198025,5.057267505790694,3.8752699274599336,3.517793884461347,3.517793884461347,3.517793884461347,0.9681009650230408,0.9653687609566433,ok,True,True,-34.38039240729332,1.1819975783307606,1.0,0.0,0.9804841750435145
567,1767153198058,8.978175286620543,6.9370131429563,6.42750401030714,6.42750401030714,6.42750401030714,0.9776904582977295,0.972761779361295,ok,True,True,-28.81139780114005,2.041162143664243,1.0,0.0,0.9804841750435145
568,1767153198092,13.666657119620558,10.974799528954854,10.360107716828976,10.360107716828976,10.360107716828976,0.9694207906723022,0.9707571861478994,ok,True,True,-22.092744166068158,2.6918575906657036,1.0,0.0,0.9804841750435145
569,1767153198126,18.71746829730743,15.6204007899664,14.951128713893056,14.951128713893056,14.951128713893056,0.9762144088745117,0.9740315197838668,ok,True,True,-14.777521841549106,3.0970675073410305,1.0,0.0,0.9804841750435145
570,1767153198164,24.520226518801877,20.960296227267683,20.234659160026595,20.234659160026595,20.234659160026595,0.9765613079071045,0.9755493926578094,ok,True,True,-6.84622354964365,3.5599302915341937,1.0,0.0,0.9804841750435145
571,1767153198192,32.68857701246645,27.997264698386946,27.105438851724852,27.105438851724852,27.105438851724852,0.967571496963501,0.9707626552412243,ok,True,True,2.9015376020866626,4.691312314079507,1.0,0.0,0.9804841750435145
572,1767153198225,42.828511113976695,36.896012547740796,35.81411623185827,35.81411623185827,35.81411623185827,0.9674046635627747,0.9687478602341545,ok,True,True,14.726791285450325,5.9324985662359,1.0,0.0,0.9804841750435145
573,1767153198258,51.490965887134216,45.652984551376846,44.609690711800084,44.609690711800084,44.609690711800084,0.9654756188392639,0.9667845153972201,ok,True,True,26.13011537313979,5.8379813357573695,1.0,0.0,0.9804841750435145
574,1767153198292,57.71342911513379,52.88925128963102,52.06240896603151,52.06240896603151,52.06240896603151,0.966339111328125,0.9665172729557631,ok,True,True,35.16759899256609,4.8241778255027725,1.0,0.0,0.9804841750435145
575,1767153198325,61.16805547321337,57.85653379978043,57.34070337062128,57.34070337062128,57.34070337062128,0.9599040746688843,0.9625493539836357,ok,True,True,40.8056861113207,3.3115216734329422,1.0,0.0,0.9804841750435145
576,1767153198361,60.84807250499421,59.651457022908694,59.54536798691914,59.54536798691914,59.54536798691914,0.9660419821739197,0.9646449308978061,ok,True,True,41.965251723277404,1.1966154820855124,1.0,0.0,0.9804841750435145
577,1767153198392,58.89206417948126,59.19582131685223,59.39095264602721,59.39095264602721,59.39095264602721,0.9802033305168152,0.9739799706692115,ok,True,True,39.832443398494654,0.30375713737097243,1.0,0.0,0.9804841750435145
578,1767153198426,56.91561832482619,57.8276995216366,58.15035375340391,58.15035375340391,58.15035375340391,0.9605527520179749,0.9659236394784695,ok,True,True,36.3057947847161,0.9120811968104121,1.0,0.0,0.9804841750435145
579,1767153198459,51.07637026291462,53.776901966403415,54.40007246083085,54.40007246083085,54.40007246083085,0.9755667448043823,0.9717095026740172,ok,True,True,29.494468157191374,2.7005317034887923,1.0,0.0,0.9804841750435145
580,1767153198495,44.147835232280826,47.999461925929864,48.82353671684395,48.82353671684395,48.82353671684395,0.9716345071792603,0.9716645053771631,ok,True,True,20.487233994761745,3.851626693649038,1.0,0.0,0.9804841750435145
581,1767153198558,26.8252533573107,35.29493678475836,36.881031958202335,36.881031958202335,36.881031958202335,0.9750323295593262,0.9736851998864609,ok,True,True,3.1510276350663773,8.469683427447663,1.0,0.0,0.9804841750435145
582,1767153198592,18.996375050459473,25.515799744179027,26.795954856996055,26.795954856996055,26.795954856996055,0.9440256953239441,0.9558894971489508,ok,True,True,-10.841217962671747,6.519424693719554,1.0,0.0,0.9804841750435145
583,1767153198627,13.114717391377013,18.07515033249782,19.00811626162216,19.00811626162216,19.00811626162216,0.9519878029823303,0.9535484806489785,ok,True,True,-21.038645043131766,4.960432941120807,1.0,0.0,0.9804841750435145
584,1767153198658,8.944507388500597,12.596764566099486,13.234044182854038,13.234044182854038,13.234044182854038,0.9658560752868652,0.9609330374317105,ok,True,True,-28.004186033270074,3.652257177598889,1.0,0.0,0.9804841750435145
585,1767153198692,5.784069951736406,8.509147797481639,8.932294915661021,8.932294915661021,8.932294915661021,0.9710803627967834,0.9670214326507542,ok,True,True,-32.629233687465785,2.7250778457452327,1.0,0.0,0.9804841750435145
586,1767153198725,4.336580226044987,6.0056072546196475,6.210856612596672,6.210856612596672,6.210856612596672,0.9727415442466736,0.9704534996083058,ok,True,True,-34.87263325431427,1.6690270285746607,1.0,0.0,0.9804841750435145
587,1767153198758,4.223714028831013,4.936471319146467,4.948967238420789,4.948967238420789,4.948967238420789,0.9670181274414062,0.968392276308166,ok,True,True,-35.009215118265956,0.7127572903154533,1.0,0.0,0.9804841750435145
588,1767153198793,4.1091925986606475,4.440104086854975,4.366654724416657,4.366654724416657,4.366654724416657,0.9614012837409973,0.9641976807678647,ok,True,True,-34.2064049681954,0.33091148819432714,1.0,0.0,0.9804841750435145
589,1767153198825,5.017018907201762,4.786252979063047,4.612168009296673,4.612168009296673,4.612168009296673,0.9615838527679443,0.9626293839679125,ok,True,True,-32.303635821349,0.2307659281387151,1.0,0.0,0.9804841750435145
590,1767153198858,7.619068103996465,6.4859420540230985,6.156640470725598,6.156640470725598,6.156640470725598,0.961158812046051,0.9617470408147957,ok,True,True,-28.704330875338744,1.1331260499733666,1.0,0.0,0.9804841750435145
591,1767153198892,12.162653832608994,9.891969121174636,9.36829631746005,9.36829631746005,9.36829631746005,0.9691132307052612,0.966166754749075,ok,True,True,-22.980525682461405,2.270684711434358,1.0,0.0,0.9804841750435145
592,1767153198925,18.531421262476314,15.075640405955642,14.353171840252553,14.353171840252553,14.353171840252553,0.9652006030082703,0.9655870637045922,ok,True,True,-15.083859484161346,3.455780856520672,1.0,0.0,0.9804841750435145
593,1767153198965,27.436327432388676,22.492052621815464,21.527586288784974,21.527586288784974,21.527586288784974,0.9555962681770325,0.9595925863880563,ok,True,True,-4.5421292927189985,4.944274810573212,1.0,0.0,0.9804841750435145
594,1767153198999,39.20286125907991,32.51853780417413,31.274979616792155,31.274979616792155,31.274979616792155,0.9585849046707153,0.9589879773576517,ok,True,True,9.050107615695099,6.68432345490578,1.0,0.0,0.9804841750435145
595,1767153199027,49.236670789271486,42.54941759523254,41.32478652472303,41.32478652472303,41.32478652472303,0.9626122713088989,0.9611625537284001,ok,True,True,22.435468915766812,6.687253194038945,1.0,0.0,0.9804841750435145
596,1767153199058,56.382334451361984,50.8491677089102,49.86965056992425,49.86965056992425,49.86965056992425,0.9642678499221802,0.9630257314446682,ok,True,True,33.14170618237856,5.533166742451783,1.0,0.0,0.9804841750435145
597,1767153199092,60.92232809456568,56.893063940303485,56.23250029349711,56.23250029349711,56.23250029349711,0.9601743221282959,0.9613148858548448,ok,True,True,40.36174435315402,4.029264154262194,1.0,0.0,0.9804841750435145
598,1767153199131,62.936292562898956,60.51900111386077,60.19075449711905,60.19075449711905,60.19075449711905,0.9728394150733948,0.9682296033859747,ok,True,True,43.949518390918755,2.4172914490381885,1.0,0.0,0.9804841750435145
599,1767153199160,62.17360949422146,61.511766142077185,61.527834371900305,61.527834371900305,61.527834371900305,0.9759081602096558,0.9728367374801834,ok,True,True,43.773890753490306,0.6618433521442739,1.0,0.0,0.9804841750435145
600,1767153199192,61.50813687771206,61.50958858345811,61.67447313777517,61.67447313777517,61.67447313777517,0.9812518358230591,0.9778857964859089,ok,True,True,41.97168322709056,0.0014517057460494698,1.0,0.0,0.9804841750435145
601,1767153199225,58.01719309931497,59.41415129297223,59.822561281381326,59.822561281381326,59.822561281381326,0.9762712717056274,0.97691708161774,ok,True,True,37.50771413055327,1.3969581936572553,1.0,0.0,0.9804841750435145
602,1767153199258,53.16422249127351,55.664194011953,56.26783109458507,56.26783109458507,56.26783109458507,0.9788520336151123,0.9780780528161634,ok,True,True,30.909889986021405,2.4999715206794875,1.0,0.0,0.9804841750435145
603,1767153199292,46.809978581131205,50.35166475345993,51.126938144391396,51.126938144391396,51.126938144391396,0.9803116321563721,0.9794182004202887,ok,True,True,22.43606085180556,3.541686172328724,1.0,0.0,0.9804841750435145
604,1767153199325,38.615029413431266,43.30968354944273,44.26560609942884,44.26560609942884,44.26560609942884,0.9548197984695435,0.9646591592498415,ok,True,True,11.987715211574203,4.694654136011465,1.0,0.0,0.9804841750435145
605,1767153199362,29.50296049382048,35.02564971606938,36.10148481291405,36.10148481291405,36.10148481291405,0.9490903615951538,0.9553178806570289,ok,True,True,0.22871136352367927,5.5226892222489,1.0,0.0,0.9804841750435145
606,1767153199392,19.697946688493516,25.829027899523865,26.976350658679138,26.976350658679138,26.976350658679138,0.936991274356842,0.9443219168769168,ok,True,True,-12.311661022013656,6.131081211030349,1.0,0.0,0.9804841750435145
607,1767153199427,13.576872226409606,18.477734495655312,19.380432420580565,19.380432420580565,19.380432420580565,0.9420158863067627,0.9429382985348244,ok,True,True,-22.178255264900535,4.900862269245707,1.0,0.0,0.9804841750435145
608,1767153199458,8.37549807039426,12.416392640498682,13.111116189991474,13.111116189991474,13.111116189991474,0.9631016254425049,0.9550362946794327,ok,True,True,-29.771665180394823,4.040894570104422,1.0,0.0,0.9804841750435145
609,1767153199492,5.758241420812707,8.421501908687098,8.834135919043092,8.834135919043092,8.834135919043092,0.9652062058448792,0.9611382413787005,ok,True,True,-34.28180333246259,2.663260487874391,1.0,0.0,0.9804841750435145
610,1767153199525,4.3446494867073975,5.975390455499278,6.166909118150931,6.166909118150931,6.166909118150931,0.9762915372848511,0.9702302189223909,ok,True,True,-36.375124788231595,1.6307409687918808,1.0,0.0,0.9804841750435145
611,1767153199558,5.5239167580868225,5.704506237051804,5.620790135996238,5.620790135996238,5.620790135996238,0.9711391925811768,0.9707756031176624,ok,True,True,-35.4600979803654,0.1805894789649818,1.0,0.0,0.9804841750435145
612,1767153199591,6.176601550540763,5.987763425145179,5.814887732835468,5.814887732835468,5.814887732835468,0.9700813293457031,0.9703590388544869,ok,True,True,-33.57054637801811,0.1888381253955842,1.0,0.0,0.9804841750435145
613,1767153199626,7.520311618268402,6.907292341019113,6.660483407818181,6.660483407818181,6.660483407818181,0.9659299850463867,0.9677016065696268,ok,True,True,-30.872895777331266,0.6130192772492888,1.0,0.0,0.9804841750435145
614,1767153199658,10.718376868107239,9.193943057271987,8.796338998542788,8.796338998542788,8.796338998542788,0.9698650240898132,0.9689996570817387,ok,True,True,-26.527036760173537,1.5244338108352515,1.0,0.0,0.9804841750435145
615,1767153199691,14.858511058272548,12.592683857872323,12.070301253305715,12.070301253305715,12.070301253305715,0.9785315990447998,0.9747188222595754,ok,True,True,-20.81733359537681,2.2658272004002242,1.0,0.0,0.9804841750435145
616,1767153199725,20.256645284642328,17.191060713934327,16.54210628089071,16.54210628089071,16.54210628089071,0.9643718004226685,0.9685106091574313,ok,True,True,-13.724185493264718,3.065584570708001,1.0,0.0,0.9804841750435145
617,1767153199759,28.170268070458828,23.778585127849027,22.919890900529374,22.919890900529374,22.919890900529374,0.968163788318634,0.9683025166541529,ok,True,True,-4.3385568286437906,4.391682942609801,1.0,0.0,0.9804841750435145
618,1767153199792,38.19805439183686,32.43026668624173,31.352707554462093,31.352707554462093,31.352707554462093,0.9613637924194336,0.9641392821133212,ok,True,True,7.4392909235458795,5.767787705595133,1.0,0.0,0.9804841750435145
619,1767153199858,55.99661344649278,46.57007474239236,44.8993949677382,44.8993949677382,44.8993949677382,0.9554620981216431,0.9589329717183144,ok,True,True,25.700016899708043,9.426538704100423,1.0,0.0,0.9804841750435145
620,1767153199892,61.28308841634596,55.39788294676451,54.321794072751594,54.321794072751594,54.321794072751594,0.957719624042511,0.9582049631128324,ok,True,True,37.461794561986025,5.88520546958145,1.0,0.0,0.9804841750435145
621,1767153199925,63.115856601984206,60.02866713989633,59.53110946275175,59.53110946275175,59.53110946275175,0.965166449546814,0.9623818549732214,ok,True,True,42.900158357078766,3.0871894620878777,1.0,0.0,0.9804841750435145
622,1767153199958,61.691781525821746,61.02653577145158,61.01923436599276,61.01923436599276,61.01923436599276,0.973470151424408,0.9690348328439333,ok,True,True,42.97996357549765,0.6652457543701686,1.0,0.0,0.9804841750435145
623,1767153199991,61.77291667736823,61.47436431500157,61.58346353045655,61.58346353045655,61.58346353045655,0.9719458222389221,0.9707814264809267,ok,True,True,41.787496348766545,0.2985523623666566,1.0,0.0,0.9804841750435145
624,1767153200025,58.5384075658055,59.712790265483925,60.07702776535244,60.07702776535244,60.07702776535244,0.9790325164794922,0.975732080480066,ok,True,True,37.80633773522064,1.174382699678425,1.0,0.0,0.9804841750435145
625,1767153200058,52.56651672125306,55.425026138945405,56.08486691706513,56.08486691706513,56.08486691706513,0.9609647393226624,0.9668716757856237,ok,True,True,30.594200604012393,2.8585094176923462,1.0,0.0,0.9804841750435145
626,1767153200091,45.407967530383985,49.41479097380855,50.27303106725738,50.27303106725738,50.27303106725738,0.9752008318901062,0.9718691694483133,ok,True,True,21.213535675888068,4.006823443424565,1.0,0.0,0.9804841750435145
627,1767153200284,38.09779210390541,42.624591651866666,43.55712529357254,43.55712529357254,43.55712529357254,0.9697206616401672,0.9705800647634256,ok,True,True,11.020833547636945,4.526799547961254,1.0,0.0,0.9804841750435145
628,1767153200307,28.792687388092073,34.32544909360191,35.39676306305209,35.39676306305209,35.39676306305209,0.9400914907455444,0.9522869203526969,ok,True,True,-0.6887538474783756,5.532761705509838,1.0,0.0,0.9804841750435145
629,1767153200335,21.911734557617887,26.877220372011497,27.825493524397935,27.825493524397935,27.825493524397935,0.9629009962081909,0.9586553658659933,ok,True,True,-11.05349067435762,4.96548581439361,1.0,0.0,0.9804841750435145
630,1767153200358,14.456387154592434,19.42472044156006,20.32117911481329,20.32117911481329,20.32117911481329,0.9548720717430115,0.9563853893922043,ok,True,True,-20.851889164349462,4.968333286967624,1.0,0.0,0.9804841750435145
631,1767153200383,5.649260423176931,11.159444430530183,12.104379154634305,12.104379154634305,12.104379154634305,0.9564979672431946,0.9564529361027985,ok,True,True,-31.180136578368547,5.510184007353252,1.0,0.0,0.9804841750435145
632,1767153200409,4.783337946181142,7.333780539920758,7.7502131060074,7.7502131060074,7.7502131060074,0.9627695083618164,0.9602428794582092,ok,True,True,-35.73179339029852,2.550442593739616,1.0,0.0,0.9804841750435145
633,1767153200435,4.841311331011438,5.838299014575165,5.918750967049185,5.918750967049185,5.918750967049185,0.9731040000915527,0.9679595518382154,ok,True,True,-36.61114267115003,0.9969876835637272,1.0,0.0,0.9804841750435145
634,1767153200460,6.310336327145913,6.121521402117614,5.962689667034127,5.962689667034127,5.962689667034127,0.9742822051048279,0.9717531437981828,ok,True,True,-34.87509316921698,0.1888149250282991,1.0,0.0,0.9804841750435145
635,1767153200487,8.365055159693691,7.467641656663261,7.169936604405805,7.169936604405805,7.169936604405805,0.9694839119911194,0.9703916047139447,ok,True,True,-31.621142015042143,0.89741350303043,1.0,0.0,0.9804841750435145
636,1767153200512,13.772465587423248,11.250536015119254,10.677477626475131,10.677477626475131,10.677477626475131,0.9719377756118774,0.9713193072527044,ok,True,True,-25.3575465839323,2.5219295723039945,1.0,0.0,0.9804841750435145
637,1767153200536,20.47267617479809,16.783820110926555,16.007977747243714,16.007977747243714,16.007977747243714,0.9713863134384155,0.9713595109641311,ok,True,True,-16.877498510780093,3.6888560638715333,1.0,0.0,0.9804841750435145
638,1767153200562,27.9824795926215,23.503015799943523,22.603733714454854,22.603733714454854,22.603733714454854,0.9705296158790588,0.9708615739130877,ok,True,True,-7.04823979375297,4.479463792677979,1.0,0.0,0.9804841750435145
639,1767153200604,37.0383165704082,31.624196262222327,30.591233983334668,30.591233983334668,30.591233983334668,0.9683317542076111,0.9693436820898017,ok,True,True,4.242159123289211,5.414120308185872,1.0,0.0,0.9804841750435145
640,1767153200634,47.88789157061489,41.38241344725786,40.19383052475628,40.19383052475628,40.19383052475628,0.9620910286903381,0.9649920900501237,ok,True,True,17.233509935709513,6.50547812335703,1.0,0.0,0.9804841750435145
641,1767153200738,56.98549444386721,50.74426204522347,49.63087872846597,49.63087872846597,49.63087872846597,0.9696826338768005,0.9678064163461297,ok,True,True,29.402920233351985,6.241232398643739,1.0,0.0,0.9804841750435145
642,1767153200764,62.26618184570967,57.657413925515186,56.87098638495384,56.87098638495384,56.87098638495384,0.962549090385437,0.9646520207697141,ok,True,True,37.998665531861235,4.608767920194481,1.0,0.0,0.9804841750435145
643,1767153200790,64.19225229459121,61.578316946960804,61.19431188191735,61.19431188191735,61.19431188191735,0.9723734259605408,0.9692848638842102,ok,True,True,42.19588595231457,2.6139353476304095,1.0,0.0,0.9804841750435145
644,1767153200820,63.73754600786238,62.87385438350175,62.84338438961226,62.84338438961226,62.84338438961226,0.9544070363044739,0.9603581673363684,ok,True,True,42.52892656090545,0.8636916243606265,1.0,0.0,0.9804841750435145
645,1767153200850,62.57077344636905,62.692005821222125,62.86711731316458,62.86711731316458,62.86711731316458,0.9637500643730164,0.9623933055583571,ok,True,True,40.614937406221394,0.12123237485307214,1.0,0.0,0.9804841750435145
646,1767153200886,59.03127042058115,60.495564580837545,60.91134126407915,60.91134126407915,60.91134126407915,0.971163272857666,0.9676552859379425,ok,True,True,36.070449470749644,1.4642941602563937,1.0,0.0,0.9804841750435145
647,1767153200926,52.38822859090503,55.63116298687804,56.35465442316119,56.35465442316119,56.35465442316119,0.9823213815689087,0.9764549433165222,ok,True,True,28.16260317698485,3.242934395973009,1.0,0.0,0.9804841750435145
648,1767153200960,45.93459024066604,49.81321933915084,50.64805622887272,50.64805622887272,50.64805622887272,0.9691007137298584,0.9720424055645238,ok,True,True,19.03773801175081,3.878629098484801,1.0,0.0,0.9804841750435145
649,1767153200992,37.49397116768496,42.42167043627131,43.41061215951761,43.41061215951761,43.41061215951761,0.9653337001800537,0.9680171823338417,ok,True,True,8.2284889332836,4.927699268586352,1.0,0.0,0.9804841750435145
650,1767153201020,25.08931055228472,32.02225450587936,33.323879804398096,33.323879804398096,33.323879804398096,0.948899507522583,0.9565465774470865,ok,True,True,-5.998428313506706,6.932943953594641,1.0,0.0,0.9804841750435145
651,1767153201049,16.571021971759603,22.751514985407503,23.90914309790341,23.90914309790341,23.90914309790341,0.9602329134941101,0.9587583790753007,ok,True,True,-18.651439420297386,6.180493013647901,1.0,0.0,0.9804841750435145
652,1767153201074,10.498064212144143,15.399444521449489,16.279793987120414,16.279793987120414,16.279793987120414,0.9646662473678589,0.9623031000508356,ok,True,True,-28.2737623811445,4.901380309305345,1.0,0.0,0.9804841750435145
653,1767153201104,6.832320936748088,10.259170370628649,10.825926055030344,10.825926055030344,10.825926055030344,0.969252347946167,0.9664726487880344,ok,True,True,-34.46846851531916,3.4268494338805606,1.0,0.0,0.9804841750435145
654,1767153201126,5.997675465824121,7.702273427745933,7.9226629901904655,7.9226629901904655,7.9226629901904655,0.9808024764060974,0.9750705453588722,ok,True,True,-36.877352293563845,1.7045979619218121,1.0,0.0,0.9804841750435145
655,1767153201150,4.957677656247782,6.055515964847043,6.126709902981778,6.126709902981778,6.126709902981778,0.9810433983802795,0.9786542571717165,ok,True,True,-37.65551039134256,1.0978383085992611,1.0,0.0,0.9804841750435145
656,1767153201175,5.282948174188753,5.591975290452069,5.511568565864835,5.511568565864835,5.511568565864835,0.9756375551223755,0.9768442359421119,ok,True,True,-36.77665545660069,0.3090271162633158,1.0,0.0,0.9804841750435145
657,1767153201200,6.793181574133404,6.3126990606608695,6.086470772366976,6.086470772366976,6.086470772366976,0.9645100235939026,0.9694437085331863,ok,True,True,-34.303953719700715,0.4804825134725341,1.0,0.0,0.9804841750435145
658,1767153201226,8.511951337236818,7.632250426606438,7.332113506342761,7.332113506342761,7.332113506342761,0.9683384895324707,0.968780577132757,ok,True,True,-31.023421962860123,0.8797009106303797,1.0,0.0,0.9804841750435145
659,1767153201258,13.319127166818106,11.044376470733438,10.514650431782783,10.514650431782783,10.514650431782783,0.9355976581573486,0.948870825747512,ok,True,True,-25.233454198560025,2.274750696084668,1.0,0.0,0.9804841750435145
660,1767153201291,20.00757870339858,16.422297810332523,15.669092741648665,15.669092741648665,15.669092741648665,0.9549999833106995,0.9525483202854245,ok,True,True,-17.000834416028955,3.585280893066056,1.0,0.0,0.9804841750435145
661,1767153201325,28.523625822628578,23.683094617710157,22.725434013872537,22.725434013872537,22.725434013872537,0.9490898251533508,0.9504732232061803,ok,True,True,-6.533491643255617,4.84053120491842,1.0,0.0,0.9804841750435145
662,1767153201358,36.123352069742644,31.147249088929648,30.183014670406067,30.183014670406067,30.183014670406067,0.9606922268867493,0.9566046254145217,ok,True,True,4.005703695413118,4.976102980812996,1.0,0.0,0.9804841750435145
663,1767153201391,44.71136733855577,39.28572003870532,38.2847019617788,38.2847019617788,38.2847019617788,0.9481971263885498,0.9515601259989386,ok,True,True,14.946948736656301,5.425647299850446,1.0,0.0,0.9804841750435145
664,1767153201425,51.67844975612888,46.721357869159455,45.83537893734862,45.83537893734862,45.83537893734862,0.9664767384529114,0.9605100934713223,ok,True,True,24.630802422979627,4.9570918869694225,1.0,0.0,0.9804841750435145
665,1767153201458,58.996642717239965,54.08652877800776,53.25727951054271,53.25727951054271,53.25727951054271,0.9566606879234314,0.9582004501425877,ok,True,True,33.69459422128952,4.910113939232204,1.0,0.0,0.9804841750435145
666,1767153201491,62.588866062156285,59.18793114849687,58.65138356278949,58.65138356278949,58.65138356278949,0.9612683057785034,0.9600411635241372,ok,True,True,39.55912229208762,3.4009349136594125,1.0,0.0,0.9804841750435145
667,1767153201525,61.99275805172568,60.87082729043416,60.77029154292623,60.77029154292623,60.77029154292623,0.9599155783653259,0.9599658124288504,ok,True,True,40.65798980931182,1.121930761291523,1.0,0.0,0.9804841750435145
668,1767153201558,61.47553798420979,61.233653706699535,61.333195916795624,61.333195916795624,61.333195916795624,0.9685893058776855,0.9651399084981515,ok,True,True,39.56998177258168,0.24188427751025188,1.0,0.0,0.9804841750435145
669,1767153201591,58.51296985377428,59.601243394944376,59.94174914541929,59.94174914541929,59.94174914541929,0.9723978042602539,0.9694946459554129,ok,True,True,35.848213964614466,1.0882735411700963,1.0,0.0,0.9804841750435145
670,1767153201625,53.59795099921474,55.999267957506596,56.57263707794885,56.57263707794885,56.57263707794885,0.9639682769775391,0.9661788245686886,ok,True,True,29.581222198489527,2.401316958291858,1.0,0.0,0.9804841750435145
671,1767153201658,47.01848620760669,50.610798907566654,51.38622663931997,51.38622663931997,51.38622663931997,0.9561294317245483,0.9601491888622045,ok,True,True,21.105706100980306,3.5923126999599617,1.0,0.0,0.9804841750435145
672,1767153201694,39.01299799271044,43.65211835865293,44.59381204473324,44.59381204473324,44.59381204473324,0.9516576528549194,0.9550542672578335,ok,True,True,10.812883612868006,4.639120365942489,1.0,0.0,0.9804841750435145
673,1767153201724,28.69737930435649,34.67927492607507,35.82602692419137,35.82602692419137,35.82602692419137,0.9541264772415161,0.9544975932480431,ok,True,True,-1.7212502875397604,5.981895621718575,1.0,0.0,0.9804841750435145
674,1767153201761,20.59566343186,26.229108029546026,27.29378215127745,27.29378215127745,27.29378215127745,0.9531008005142212,0.9536595176077499,ok,True,True,-13.358263367962858,5.633444597686026,1.0,0.0,0.9804841750435145
675,1767153201791,13.940954508775977,18.856215917083997,19.748206695521,19.748206695521,19.748206695521,0.9403947591781616,0.945700662549997,ok,True,True,-23.10782724334618,4.9152614083080195,1.0,0.0,0.9804841750435145
676,1767153201824,9.212126372463906,13.069762190311943,13.729153274210478,13.729153274210478,13.729153274210478,0.960235059261322,0.954421300576792,ok,True,True,-30.31504916394932,3.8576358178480366,1.0,0.0,0.9804841750435145
677,1767153201858,8.010329541400258,10.034102600964932,10.333715446183986,10.333715446183986,10.333715446183986,0.9651116132736206,0.9608354881948892,ok,True,True,-33.58985271905671,2.0237730595646735,1.0,0.0,0.9804841750435145
678,1767153201891,6.755381340959135,8.066869844961452,8.194902900441539,8.194902900441539,8.194902900441539,0.9739991426467896,0.9687336808660294,ok,True,True,-34.989269038977504,1.3114885040023179,1.0,0.0,0.9804841750435145
679,1767153201925,6.078350830438264,6.87375843624754,6.891039068104336,6.891039068104336,6.891039068104336,0.9771282076835632,0.9737703969565497,ok,True,True,-35.17814837289846,0.7954076058092756,1.0,0.0,0.9804841750435145
680,1767153201958,6.8724028625740505,6.872945092043446,6.744094282454727,6.744094282454727,6.744094282454727,0.9771443009376526,0.9757947393452114,ok,True,True,-33.76979390461423,0.0005422294693957497,1.0,0.0,0.9804841750435145
681,1767153201991,7.814207425414432,7.4377024920660375,7.234660544748708,7.234660544748708,7.234660544748708,0.9623609781265259,0.9677344826140001,ok,True,True,-31.550521595295926,0.37650493334839474,1.0,0.0,0.9804841750435145
682,1767153202024,11.08126370444955,9.623839219496144,9.239816927970459,9.239816927970459,9.239816927970459,0.9711353778839111,0.9697750197759467,ok,True,True,-27.353112887370393,1.457424484953405,1.0,0.0,0.9804841750435145
683,1767153202091,19.748799123209334,15.698815161724058,14.876190228323562,14.876190228323562,14.876190228323562,0.9619522094726562,0.9650813335939725,ok,True,True,-18.3617258376919,4.049983961485276,1.0,0.0,0.9804841750435145
684,1767153202124,26.639263795846123,22.263084342197295,21.370350169933673,21.370350169933673,21.370350169933673,0.9678657650947571,0.9667519924944432,ok,True,True,-8.604036580553059,4.376179453648827,1.0,0.0,0.9804841750435145
685,1767153202164,34.699478150363085,29.724920627096765,28.760488269418087,28.760488269418087,28.760488269418087,0.9664126634597778,0.966548395073644,ok,True,True,1.9373222563072456,4.97455752326632,1.0,0.0,0.9804841750435145
686,1767153202191,44.95131864386606,38.860759437158336,37.740711815618376,37.740711815618376,37.740711815618376,0.9537590146064758,0.958874766793343,ok,True,True,14.179574187218016,6.090559206707724,1.0,0.0,0.9804841750435145
687,1767153202224,54.16663271913178,48.04428340634241,46.94708994471731,46.94708994471731,46.94708994471731,0.9755045771598816,0.9688526530132662,ok,True,True,26.172027468529958,6.122349312789375,1.0,0.0,0.9804841750435145
688,1767153202259,61.654274406816846,56.21027800662708,55.273812485502525,55.273812485502525,55.273812485502525,0.9673820734024048,0.9679703052467493,ok,True,True,36.40770550019782,5.443996400189768,1.0,0.0,0.9804841750435145
689,1767153202291,64.41713408319433,61.13439165256743,60.61575795534308,60.61575795534308,60.61575795534308,0.9610487818717957,0.9638173912217771,ok,True,True,42.076432667843285,3.2827424306268966,1.0,0.0,0.9804841750435145
690,1767153202324,63.292598698772274,62.42931588029033,62.38344451617162,62.38344451617162,62.38344451617162,0.9560114741325378,0.9591338409682335,ok,True,True,42.57781206025134,0.8632828184819417,1.0,0.0,0.9804841750435145
691,1767153202358,60.57977533530571,61.31959155329956,61.59672288921739,61.59672288921739,61.59672288921739,0.9747544527053833,0.9685062080105233,ok,True,True,39.548734039808515,0.7398162179938481,1.0,0.0,0.9804841750435145
692,1767153202391,56.20336813528876,58.249857502493086,58.770518813137414,58.770518813137414,58.770518813137414,0.9707830548286438,0.9698723161013956,ok,True,True,33.85784481956062,2.046489367204323,1.0,0.0,0.9804841750435145
693,1767153202424,49.971967798792015,53.28312368027244,54.02151048210617,54.02151048210617,54.02151048210617,0.968533456325531,0.9690690002358768,ok,True,True,25.787190432491315,3.311155881480424,1.0,0.0,0.9804841750435145
694,1767153202460,39.99944786668017,45.31291819211708,46.38078664733769,46.38078664733769,46.38078664733769,0.9624263644218445,0.9650834187474575,ok,True,True,14.115262912205203,5.31347032543691,1.0,0.0,0.9804841750435145
695,1767153202491,30.453420545662,36.39721960424403,37.56396133867694,37.56396133867694,37.56396133867694,0.9514357447624207,0.9568948143564353,ok,True,True,1.3626388482417795,5.94379905858203,1.0,0.0,0.9804841750435145
696,1767153202524,22.30034647282412,27.939095725392086,29.01836160486775,29.01836160486775,29.01836160486775,0.9624487161636353,0.9602271554407553,ok,True,True,-10.43386385653688,5.638749252567965,1.0,0.0,0.9804841750435145
697,1767153202557,14.399488521716462,19.81533140318671,20.803632246802827,20.803632246802827,20.803632246802827,0.9482190608978271,0.9530222987149984,ok,True,True,-21.236108045444773,5.415842881470249,1.0,0.0,0.9804841750435145
698,1767153202591,9.608410982103416,13.691179150536733,14.405971564063512,14.405971564063512,14.405971564063512,0.9547491073608398,0.9540583839025032,ok,True,True,-29.04887299973059,4.082768168433317,1.0,0.0,0.9804841750435145
699,1767153202624,7.270313968486681,9.838660041306703,10.240333222476625,10.240333222476625,10.240333222476625,0.9745230674743652,0.9663371940456205,ok,True,True,-33.43920800264021,2.568346072820022,1.0,0.0,0.9804841750435145
700,1767153202658,6.321974683870544,7.728648826845008,7.884567888474509,7.884567888474509,7.884567888474509,0.980944812297821,0.9751017649969408,ok,True,True,-35.14342164194523,1.406674142974464,1.0,0.0,0.9804841750435145
701,1767153202692,6.678861300745933,7.0987763111855635,7.055734655675025,7.055734655675025,7.055734655675025,0.9784093499183655,0.9770863159497956,ok,True,True,-34.67297129666525,0.4199150104396301,1.0,0.0,0.9804841750435145
702,1767153202727,6.397925737754985,6.678265967127216,6.591403040804279,6.591403040804279,6.591403040804279,0.9753237366676331,0.976028768380498,ok,True,True,-33.72354931937516,0.28034022937223124,1.0,0.0,0.9804841750435145
703,1767153202758,8.49549671239602,7.768604414288499,7.5117624160708,7.5117624160708,7.5117624160708,0.9633724689483643,0.9684349887212177,ok,True,True,-30.916236140765434,0.7268922981075212,1.0,0.0,0.9804841750435145
704,1767153202792,12.632136521875614,10.686723678840767,10.21736270100654,10.21736270100654,10.21736270100654,0.9682782292366028,0.9683409330304487,ok,True,True,-25.786065577762955,1.9454128430348465,1.0,0.0,0.9804841750435145
705,1767153202825,17.397517719308006,14.71320010312111,14.115506226945692,14.115506226945692,14.115506226945692,0.9678724408149719,0.9680598377011627,ok,True,True,-19.253201377183963,2.6843176161868953,1.0,0.0,0.9804841750435145
706,1767153202857,25.430006921805397,21.143284194331684,20.28731320217239,20.28731320217239,20.28731320217239,0.9711201786994934,0.969896042300161,ok,True,True,-9.897337992412785,4.2867227274737125,1.0,0.0,0.9804841750435145
707,1767153202891,34.64532674440779,29.244509724377348,28.20800908583452,28.20800908583452,28.20800908583452,0.9678530693054199,0.9686702585033165,ok,True,True,1.4317356108549664,5.400817020030441,1.0,0.0,0.9804841750435145
708,1767153202924,42.33560228050781,37.09916525805562,36.11218171455727,36.11218171455727,36.11218171455727,0.975530207157135,0.9727862276956076,ok,True,True,12.219581554902357,5.236437022452186,1.0,0.0,0.9804841750435145
709,1767153202957,49.98561772334559,44.8310367372296,43.90341619145463,43.90341619145463,43.90341619145463,0.9654590487480164,0.968389920327053,ok,True,True,22.35858296812126,5.154580986115988,1.0,0.0,0.9804841750435145
710,1767153202991,57.77632222014003,52.598208026975854,51.71099233403788,51.71099233403788,51.71099233403788,0.9696636199951172,0.9691541401278915,ok,True,True,32.05595459868704,5.178114193164177,1.0,0.0,0.9804841750435145
711,1767153203024,63.43359810890827,59.099442076135304,58.39409880771052,58.39409880771052,58.39409880771052,0.9629561305046082,0.9654353343539215,ok,True,True,39.765439288236166,4.334156032772967,1.0,0.0,0.9804841750435145
712,1767153203057,63.60207553558767,61.80102215180673,61.5687236260526,61.5687236260526,61.5687236260526,0.9743874669075012,0.9708066138860694,ok,True,True,42.30448943286403,1.8010533837809461,1.0,0.0,0.9804841750435145
713,1767153203091,61.674332611739786,61.72500842776656,61.864947765519055,61.864947765519055,61.864947765519055,0.9805607795715332,0.9766591132973477,ok,True,True,40.77493605061105,0.05067581602677507,1.0,0.0,0.9804841750435145
714,1767153203131,59.634746516602355,60.470851281068036,60.77813282336417,60.77813282336417,60.77813282336417,0.976489245891571,0.9765571928538817,ok,True,True,37.416312736598826,0.8361047644656807,1.0,0.0,0.9804841750435145
715,1767153203161,55.38916019350692,57.421836628531366,57.935617415740204,57.935617415740204,57.935617415740204,0.9693533778190613,0.9722349038329894,ok,True,True,31.80062844486819,2.032676435024449,1.0,0.0,0.9804841750435145
716,1767153203208,48.88464067186884,52.299519054533846,53.04684880432151,53.04684880432151,53.04684880432151,0.9726872444152832,0.9725063081823657,ok,True,True,23.632226587288102,3.414878382665009,1.0,0.0,0.9804841750435145
717,1767153203249,41.86687823967954,46.039934565621266,46.90986793972571,46.90986793972571,46.90986793972571,0.9639918804168701,0.9673976515230684,ok,True,True,14.123752729496967,4.1730563259417295,1.0,0.0,0.9804841750435145
718,1767153203277,33.51400950273384,38.52437952788881,39.51279704814595,39.51279704814595,39.51279704814595,0.948289155960083,0.9559325541852772,ok,True,True,3.320233251211773,5.01037002515497,1.0,0.0,0.9804841750435145
719,1767153203304,25.892023820758293,30.9449661036105,31.913542820837943,31.913542820837943,31.913542820837943,0.9585983157157898,0.9575320111035848,ok,True,True,-7.266423921819721,5.052942282852207,1.0,0.0,0.9804841750435145
720,1767153203333,17.894420951751517,23.11463901249511,24.06962031738857,24.06962031738857,24.06962031738857,0.9503320455551147,0.9532120317745028,ok,True,True,-17.704481642741833,5.220218060743594,1.0,0.0,0.9804841750435145
721,1767153203358,11.369291480871704,16.067430493521066,16.89466162074047,16.89466162074047,16.89466162074047,0.956977903842926,0.9554715550155568,ok,True,True,-26.74621493135627,4.698139012649362,1.0,0.0,0.9804841750435145
722,1767153203391,7.932677275866191,11.18657856292814,11.724135523904831,11.724135523904831,11.724135523904831,0.9761835932731628,0.9678987779701204,ok,True,True,-32.62177559228896,3.2539012870619493,1.0,0.0,0.9804841750435145
723,1767153203424,7.567238622049443,9.014974598400922,9.195974326884725,9.195974326884725,9.195974326884725,0.9846633076667786,0.9779574957881153,ok,True,True,-34.60012386330139,1.4477359763514794,1.0,0.0,0.9804841750435145
724,1767153203457,8.279960093192514,8.573965895275876,8.514666176577043,8.514666176577043,8.514666176577043,0.9801199436187744,0.9792549644865108,ok,True,True,-33.951970979636386,0.2940058020833618,1.0,0.0,0.9804841750435145
725,1767153203491,9.855874056420662,9.343110791962747,9.124342501651684,9.124342501651684,9.124342501651684,0.9712505340576172,0.9744523062291747,ok,True,True,-31.560807896052168,0.5127632644579148,1.0,0.0,0.9804841750435145
726,1767153203524,11.607995614128043,10.702041685261925,10.408547428723445,10.408547428723445,10.408547428723445,0.9626174569129944,0.9673513966394665,ok,True,True,-28.352881233184622,0.9059539288661185,1.0,0.0,0.9804841750435145
727,1767153203557,13.788431688648448,12.553875687293838,12.208964566104036,12.208964566104036,12.208964566104036,0.9741119742393494,0.9714077431993962,ok,True,True,-24.582962206373143,1.2345560013546102,1.0,0.0,0.9804841750435145
728,1767153203591,17.670786335202333,15.624022076038935,15.151425950627383,15.151425950627383,15.151425950627383,0.9658811688423157,0.9680917985851478,ok,True,True,-19.417431100735122,2.046764259163398,1.0,0.0,0.9804841750435145
729,1767153203624,21.935304385236506,19.41079146155748,18.86318203939436,18.86318203939436,18.86318203939436,0.9553894996643066,0.9604704192326431,ok,True,True,-13.431995859469149,2.5245129236790262,1.0,0.0,0.9804841750435145
730,1767153203657,28.7313403166458,25.003120774610473,24.26789444603543,24.26789444603543,24.26789444603543,0.9739209413528442,0.9685407325047637,ok,True,True,-5.395885815970312,3.728219542035326,1.0,0.0,0.9804841750435145
731,1767153203691,37.953499469866614,32.773347991764155,31.804011121132763,31.804011121132763,31.804011121132763,0.9548094272613525,0.960301949358717,ok,True,True,5.199079922963488,5.180151478102459,1.0,0.0,0.9804841750435145
732,1767153203725,46.5178587010113,41.02005441731244,40.010826716648154,40.010826716648154,40.010826716648154,0.9629974365234375,0.9619192416575493,ok,True,True,16.230057114985637,5.497804283698862,1.0,0.0,0.9804841750435145
733,1767153203757,55.52767100687165,49.724624371047966,48.700881687202184,48.700881687202184,48.700881687202184,0.9657110571861267,0.9641943309746956,ok,True,True,27.419684776383836,5.803046635823684,1.0,0.0,0.9804841750435145
734,1767153203791,61.921117500331846,57.042520248618295,56.213547098097685,56.213547098097685,56.213547098097685,0.9662348628044128,0.9654186500725259,ok,True,True,36.48045858409117,4.8785972517135505,1.0,0.0,0.9804841750435145
735,1767153203824,64.20244232247899,61.33847349293471,60.90221400802375,60.90221400802375,60.90221400802375,0.9493136405944824,0.9557556443856998,ok,True,True,41.24882594528091,2.8639688295442767,1.0,0.0,0.9804841750435145
736,1767153203857,63.21767641814893,62.465995248063244,62.44492168631335,62.44492168631335,62.44492168631335,0.953464150428772,0.9543807480115432,ok,True,True,41.47916244799952,0.7516811700856891,1.0,0.0,0.9804841750435145
737,1767153203891,61.305330609197476,61.769596464743785,61.99927840850753,61.99927840850753,61.99927840850753,0.9690383076667786,0.9631752838046844,ok,True,True,38.96871185155875,0.4642658555463086,1.0,0.0,0.9804841750435145
738,1767153203926,57.0205474501208,58.92016705597,59.40878749736531,59.40878749736531,59.40878749736531,0.9603115320205688,0.9614570327342151,ok,True,True,33.62803309190944,1.899619605849196,1.0,0.0,0.9804841750435145
739,1767153203980,49.498898771453206,53.26740608525992,54.07792699075616,54.07792699075616,54.07792699075616,0.970416784286499,0.9668328836655855,ok,True,True,24.768944487522937,3.7685073138067153,1.0,0.0,0.9804841750435145
740,1767153204014,41.226998513291015,46.04316154207858,47.03203851932179,47.03203851932179,47.03203851932179,0.9623361229896545,0.964134827260027,ok,True,True,13.960403090466828,4.816163028787564,1.0,0.0,0.9804841750435145
741,1767153204058,23.778699396348266,32.68448425464039,34.337698767731894,34.337698767731894,34.337698767731894,0.9634207487106323,0.9637063801303901,ok,True,True,-4.109425527424774,8.905784858292122,1.0,0.0,0.9804841750435145
742,1767153204094,17.528781141151875,23.59106238654728,24.77516781335426,24.77516781335426,24.77516781335426,0.9617507457733154,0.9625329995161453,ok,True,True,-17.051836786509327,6.062281245395404,1.0,0.0,0.9804841750435145
743,1767153204129,13.501260265387758,17.537181113851567,18.281550261838923,18.281550261838923,18.281550261838923,0.9648489356040955,0.9639225611689155,ok,True,True,-25.187878919012107,4.0359208484638085,1.0,0.0,0.9804841750435145
744,1767153204162,11.155858386883613,13.708387477670794,14.125077418313367,14.125077418313367,14.125077418313367,0.9744213819503784,0.9702218536377932,ok,True,True,-29.742348865038988,2.5525290907871803,1.0,0.0,0.9804841750435145
745,1767153204196,9.770054825501063,11.345387886368954,11.544971139912843,11.544971139912843,11.544971139912843,0.9738807678222656,0.9724172021484766,ok,True,True,-31.92381724556709,1.5753330608678908,1.0,0.0,0.9804841750435145
746,1767153204233,8.052946042690694,9.369922780161998,9.493908683483722,9.493908683483722,9.493908683483722,0.9792977571487427,0.9765455351486363,ok,True,True,-33.27899771750022,1.316976737471304,1.0,0.0,0.9804841750435145
747,1767153204271,9.064471546482432,9.186652039954257,9.097138879217704,9.097138879217704,9.097138879217704,0.9689522385597229,0.9719895571952882,ok,True,True,-32.3006083670882,0.12218049347182536,1.0,0.0,0.9804841750435145
748,1767153204302,9.639199464559637,9.458180494717485,9.297720790198289,9.297720790198289,9.297720790198289,0.9723323583602905,0.9721952378942896,ok,True,True,-30.54676496819535,0.18101896984215138,1.0,0.0,0.9804841750435145
749,1767153204342,11.641215219988965,10.768001329880374,10.49026813707623,10.49026813707623,10.49026813707623,0.9675267934799194,0.9693941712456675,ok,True,True,-27.511108581362652,0.8732138901085911,1.0,0.0,0.9804841750435145
750,1767153204384,15.299372011001555,13.486823738553083,13.05004177437857,13.05004177437857,13.05004177437857,0.9691069722175598,0.9692218518288029,ok,True,True,-22.737030460514063,1.8125482724484723,1.0,0.0,0.9804841750435145
751,1767153204415,20.825671844758627,17.89013260227641,17.26536090239422,17.26536090239422,17.26536090239422,0.9682956337928772,0.9686661210072476,ok,True,True,-15.908202469481873,2.9355392424822178,1.0,0.0,0.9804841750435145
752,1767153204456,28.45263472027666,24.22763387307656,23.391417766781142,23.391417766781142,23.391417766781142,0.9673526883125305,0.9678780613904174,ok,True,True,-6.768262305260427,4.2250008472001,1.0,0.0,0.9804841750435145
753,1767153204494,38.74350537699788,32.93715677542935,31.846611859288025,31.846611859288025,31.846611859288025,0.9422044157981873,0.9524738740350793,ok,True,True,5.151521593767072,5.80634860156853,1.0,0.0,0.9804841750435145
754,1767153204527,57.97044426297021,47.95712926795386,46.178257225479044,46.178257225479044,46.178257225479044,0.9583516120910645,0.9560005168686704,ok,True,True,24.594801752595142,10.013314995016351,1.0,0.0,0.9804841750435145
755,1767153204560,63.97150284104241,57.565753411806995,56.3863338988872,56.3863338988872,56.3863338988872,0.974661648273468,0.967197195711549,ok,True,True,37.48599542304306,6.405749429235414,1.0,0.0,0.9804841750435145
756,1767153204597,62.38561150138268,60.4576682655524,60.142737202233896,60.142737202233896,60.142737202233896,0.9659645557403564,0.9664576117288335,ok,True,True,40.928228899432064,1.927943235830277,1.0,0.0,0.9804841750435145
757,1767153204628,61.385431240146204,61.01432605030868,61.069312898062556,61.069312898062556,61.069312898062556,0.9674227833747864,0.9670367147164052,ok,True,True,40.32721620127191,0.3711051898375217,1.0,0.0,0.9804841750435145
758,1767153204665,59.86082375122955,60.3222246708612,60.55563033944918,60.55563033944918,60.55563033944918,0.9729626178741455,0.9705922566110494,ok,True,True,37.776064855556825,0.4614009196316502,1.0,0.0,0.9804841750435145
759,1767153204697,55.26210956943052,57.286155610002794,57.79158492087364,57.79158492087364,57.79158492087364,0.974319577217102,0.972828648974681,ok,True,True,32.25166318017078,2.024046040572273,1.0,0.0,0.9804841750435145
760,1767153204749,49.117752646560696,52.38511383193753,53.108493654611976,53.108493654611976,53.108493654611976,0.9677214622497559,0.969764336939726,ok,True,True,24.345036836246035,3.267361185376835,1.0,0.0,0.9804841750435145
761,1767153204788,41.82243983266973,46.04750943237685,46.92612916864802,46.92612916864802,46.92612916864802,0.9583178758621216,0.9628964602931633,ok,True,True,14.741620020706344,4.225069599707119,1.0,0.0,0.9804841750435145
762,1767153204857,32.87785979783386,38.145719651651056,39.18051149161435,39.18051149161435,39.18051149161435,0.9686819314956665,0.9663677430146652,ok,True,True,3.43122378642507,5.2678598538172,1.0,0.0,0.9804841750435145
763,1767153204891,23.776871743292247,29.524410906635772,30.614858385820682,30.614858385820682,30.614858385820682,0.9456852674484253,0.9539582576749213,ok,True,True,-8.487495115235472,5.747539163343525,1.0,0.0,0.9804841750435145
764,1767153204929,16.21210654504531,21.537028289681494,22.51859690736432,22.51859690736432,22.51859690736432,0.941929280757904,0.946740871524711,ok,True,True,-19.216155284726558,5.324921744636185,1.0,0.0,0.9804841750435145
765,1767153204961,9.371534501903094,14.237732017014455,15.090441316043037,15.090441316043037,15.090441316043037,0.9468628168106079,0.9468140386962491,ok,True,True,-28.536367980848773,4.866197515111361,1.0,0.0,0.9804841750435145
766,1767153205002,6.890524215044549,9.829407335832512,10.310411008927602,10.310411008927602,10.310411008927602,0.9708539843559265,0.9612380060920556,ok,True,True,-33.79379456921769,2.9388831207879624,1.0,0.0,0.9804841750435145
767,1767153205034,7.740894399054241,8.57629957376555,8.644117381260196,8.644117381260196,8.644117381260196,0.970426082611084,0.9667508520034725,ok,True,True,-34.53505116294177,0.8354051747113083,1.0,0.0,0.9804841750435145
768,1767153205070,7.021747405531842,7.643568272825325,7.626758199493877,7.626758199493877,7.626758199493877,0.9576610326766968,0.9612969604074071,ok,True,True,-34.35131508891866,0.6218208672934828,1.0,0.0,0.9804841750435145
769,1767153205107,7.089767134833573,7.311287590030274,7.218701911162102,7.218701911162102,7.218701911162102,0.9781115055084229,0.9713856874680165,ok,True,True,-33.339342754795794,0.22152045519670072,1.0,0.0,0.9804841750435145
770,1767153205139,9.154273681703348,8.417079245034119,8.159303204520672,8.159303204520672,8.159303204520672,0.9688740372657776,0.9698786973466732,ok,True,True,-30.521820384292106,0.7371944366692293,1.0,0.0,0.9804841750435145
771,1767153205178,10.900722618133095,9.907265268893504,9.598633840785105,9.598633840785105,9.598633840785105,0.9623007774353027,0.9653319453998509,ok,True,True,-27.148442659954885,0.9934573492395913,1.0,0.0,0.9804841750435145
772,1767153205215,14.352440823865683,12.574370601876812,12.141261348026458,12.141261348026458,12.141261348026458,0.963742733001709,0.9643784179609658,ok,True,True,-22.414507693908742,1.7780702219888713,1.0,0.0,0.9804841750435145
773,1767153205263,19.136500865424026,16.51164876000514,15.94049881948137,15.94049881948137,15.94049881948137,0.9560396075248718,0.9593751316993093,ok,True,True,-16.17177182469352,2.624852105418885,1.0,0.0,0.9804841750435145
774,1767153205298,24.595648817714142,21.362048794630542,20.696806696389714,20.696806696389714,20.696806696389714,0.9572100639343262,0.9580760910403194,ok,True,True,-8.90059763076544,3.2336000230836,1.0,0.0,0.9804841750435145
775,1767153205334,32.512829204919555,28.05251704080395,27.198460591041222,27.198460591041222,27.198460591041222,0.9660149812698364,0.9628394251780297,ok,True,True,0.434339580956971,4.4603121641156065,1.0,0.0,0.9804841750435145
776,1767153205373,38.58781577437392,34.373696280945936,33.57450991405457,33.57450991405457,33.57450991405457,0.9699376225471497,0.9670983435995016,ok,True,True,9.169540348386361,4.214119493427987,1.0,0.0,0.9804841750435145
777,1767153205409,45.45821649475111,41.02440840922904,40.2270647257419,40.2270647257419,40.2270647257419,0.9692010283470154,0.9683599544480099,ok,True,True,17.884600369985368,4.433808085522074,1.0,0.0,0.9804841750435145
778,1767153205444,52.14007008885263,47.69380541700319,46.92700391830617,46.92700391830617,46.92700391830617,0.9630517959594727,0.9651750593548876,ok,True,True,26.265830727978646,4.446264671849441,1.0,0.0,0.9804841750435145
779,1767153205475,58.77179541265675,54.34059941439533,53.61090922352817,53.61090922352817,53.61090922352817,0.966704249382019,0.9660925733711665,ok,True,True,34.241430136714506,4.431195998261423,1.0,0.0,0.9804841750435145
780,1767153205511,60.5255262246273,58.051555500534505,57.68333639083422,57.68333639083422,57.68333639083422,0.972827136516571,0.9701333112584092,ok,True,True,38.26610821292765,2.473970724092794,1.0,0.0,0.9804841750435145
781,1767153205556,60.86676859113012,59.74068335489187,59.653428355041285,59.653428355041285,59.653428355041285,0.9466276168823242,0.9560298946327582,ok,True,True,39.219815599881215,1.1260852362382465,1.0,0.0,0.9804841750435145
782,1767153205592,59.68755304578058,59.7088051694251,59.84853083965811,59.84853083965811,59.84853083965811,0.9569329619407654,0.9565717350175625,ok,True,True,37.692597628688105,0.021252123644515564,1.0,0.0,0.9804841750435145
783,1767153205625,55.85109662974664,57.39418004561803,57.8083257950938,57.8083257950938,57.8083257950938,0.9737012982368469,0.9668494729491331,ok,True,True,33.16593599065227,1.5430834158713864,1.0,0.0,0.9804841750435145
784,1767153205659,36.31213483682114,44.7449529203399,46.32629325307612,46.32629325307612,46.32629325307612,0.9501113295555115,0.95680658691296,ok,True,True,15.881700597830196,8.432818083518761,1.0,0.0,0.9804841750435145
785,1767153205701,26.27815288652994,33.66487290005392,35.13705171886931,35.13705171886931,35.13705171886931,0.9635940194129944,0.9608790464129806,ok,True,True,-0.20938663871874041,7.3867200135239806,1.0,0.0,0.9804841750435145
786,1767153205745,17.36179227466588,23.883024524821096,25.138266988386675,25.138266988386675,25.138266988386675,0.9417909383773804,0.9494261815916205,ok,True,True,-13.929334056864006,6.521232250155215,1.0,0.0,0.9804841750435145
787,1767153205789,11.345790621292933,16.360684182704198,17.28849848086115,17.28849848086115,17.28849848086115,0.9413790702819824,0.9445979148058377,ok,True,True,-24.070453206353072,5.014893561411265,1.0,0.0,0.9804841750435145
788,1767153205824,7.729077874893331,11.181720398017678,11.773728678402996,11.773728678402996,11.773728678402996,0.970652163028717,0.9602304637395653,ok,True,True,-30.54117317779293,3.4526425231243465,1.0,0.0,0.9804841750435145
789,1767153205860,7.066312253948032,8.71247551157589,8.940511271147733,8.940511271147733,8.940511271147733,0.9765611886978149,0.970028898714515,ok,True,True,-33.03363078785133,1.6461632576278582,1.0,0.0,0.9804841750435145
790,1767153205895,5.544417507932135,6.811640709389637,6.926344132032106,6.926344132032106,6.926344132032106,0.9710075259208679,0.9706160750383267,ok,True,True,-34.287352656744865,1.2672232014575027,1.0,0.0,0.9804841750435145
791,1767153205927,6.099776901484892,6.384522424646791,6.317436930153994,6.317436930153994,6.317436930153994,0.9779141545295715,0.9749949227330736,ok,True,True,-33.55410033006132,0.2847455231618987,1.0,0.0,0.9804841750435145
792,1767153205963,7.640729815845914,7.138246859366264,6.9218108125262825,6.9218108125262825,6.9218108125262825,0.9627887606620789,0.9676712254904768,ok,True,True,-31.188428941283746,0.5024829564796498,1.0,0.0,0.9804841750435145
793,1767153206003,8.06428553790931,7.693870066492091,7.491675708869872,7.491675708869872,7.491675708869872,0.9630686044692993,0.9649096528777703,ok,True,True,-28.97842088679,0.37041547141721853,1.0,0.0,0.9804841750435145
794,1767153206034,11.54679222609812,10.005623362255708,9.617244817661312,9.617244817661312,9.617244817661312,0.9529653787612915,0.957743088407883,ok,True,True,-24.73339782165649,1.5411688638424117,1.0,0.0,0.9804841750435145
795,1767153206068,15.687087341689745,13.41450174991613,12.89869007148955,12.89869007148955,12.89869007148955,0.9535970091819763,0.9552554408723389,ok,True,True,-19.095515650609137,2.2725855917736144,1.0,0.0,0.9804841750435145
796,1767153206099,20.429990705467798,17.62379512324713,17.02540378312387,17.02540378312387,17.02540378312387,0.9504950046539307,0.952399179141294,ok,True,True,-12.555028087239148,2.806195582220667,1.0,0.0,0.9804841750435145
797,1767153206132,26.891347728833296,23.18432668659883,22.450244110515506,22.450244110515506,22.450244110515506,0.952286422252655,0.9523315250081106,ok,True,True,-4.531419392683832,3.707021042234466,1.0,0.0,0.9804841750435145
798,1767153206168,34.79033779552836,30.147933351956546,29.27196414435297,29.27196414435297,29.27196414435297,0.9667789340019226,0.9609999704043979,ok,True,True,5.04302683350336,4.642404443571813,1.0,0.0,0.9804841750435145
799,1767153206203,42.189890054315434,37.37310737337188,36.487729101414644,36.487729101414644,36.487729101414644,0.9684053063392639,0.9654431719653176,ok,True,True,14.720315237144895,4.816782680943554,1.0,0.0,0.9804841750435145
800,1767153206238,51.38284698999657,45.778951143346696,44.7967540393438,44.7967540393438,44.7967540393438,0.9705896973609924,0.9685310872027224,ok,True,True,25.455844835861523,5.603895846649877,1.0,0.0,0.9804841750435145
801,1767153206271,58.37598208462288,53.337169708112405,52.47870585750763,52.47870585750763,52.47870585750763,0.9655792117118835,0.9667599619082191,ok,True,True,34.83895545595625,5.038812376510478,1.0,0.0,0.9804841750435145
802,1767153206304,63.06659617952159,59.17482559095792,58.55710413692583,58.55710413692583,58.55710413692583,0.9667792320251465,0.9667715239783756,ok,True,True,41.59072343256421,3.8917705885636664,1.0,0.0,0.9804841750435145
803,1767153206336,62.69482396071198,61.28682461281035,61.136896705420234,61.136896705420234,61.136896705420234,0.9581894278526306,0.9616222663029286,ok,True,True,43.22945305302487,1.4079993479016295,1.0,0.0,0.9804841750435145
804,1767153206368,61.64552121309259,61.50204257297969,61.62211274160533,61.62211274160533,61.62211274160533,0.9573436975479126,0.959055125049919,ok,True,True,41.917072020796084,0.14347864011290312,1.0,0.0,0.9804841750435145
805,1767153206568,57.81022001172613,59.286949036227554,59.703508689705515,59.703508689705515,59.703508689705515,0.9716082215309143,0.9665869829385162,ok,True,True,37.36402612876647,1.4767290245014237,1.0,0.0,0.9804841750435145
806,1767153206595,52.73739078731725,55.35721408688137,55.98129051208002,55.98129051208002,55.98129051208002,0.9580899477005005,0.9614887617957067,ok,True,True,30.54279757160953,2.6198232995641177,1.0,0.0,0.9804841750435145
807,1767153206635,45.40660541159695,49.38684888171072,50.23645647176971,50.23645647176971,50.23645647176971,0.9658452868461609,0.9641026768259793,ok,True,True,21.25648691848248,3.98024347011377,1.0,0.0,0.9804841750435145
808,1767153206692,37.64541348852151,42.3419876457972,43.30213953134735,43.30213953134735,43.30213953134735,0.965308666229248,0.9648262704679405,ok,True,True,10.761914144261716,4.696574157275684,1.0,0.0,0.9804841750435145
809,1767153206723,11.514187585259192,23.845307609474393,26.056851132094103,26.056851132094103,26.056851132094103,0.973650336265564,0.9701207099465146,ok,True,True,-13.41051606264308,12.3311200242152,1.0,0.0,0.9804841750435145
810,1767153206754,7.843846440539825,14.244430908113653,15.51288258947829,15.51288258947829,15.51288258947829,0.975615382194519,0.9734175132953173,ok,True,True,-27.274841781314496,6.400584467573828,1.0,0.0,0.9804841750435145
811,1767153206790,8.849911974510128,11.007719547951538,11.409056335467545,11.409056335467545,11.409056335467545,0.9836443662643433,0.9795536250767329,ok,True,True,-31.661499962114064,2.15780757344141,1.0,0.0,0.9804841750435145
812,1767153206825,13.075480324039209,12.24837601360414,12.036915037310171,12.036915037310171,12.036915037310171,0.9612010717391968,0.9685420930742112,ok,True,True,-29.350206678184026,0.8271043104350682,1.0,0.0,0.9804841750435145
813,1767153206857,18.214823475546435,15.828244490769517,15.295918843495478,15.295918843495478,15.295918843495478,0.969818115234375,0.9693077063703095,ok,True,True,-23.531824889868755,2.386578984776918,1.0,0.0,0.9804841750435145
814,1767153206887,23.916118215748718,20.680968725757037,19.992419304569108,19.992419304569108,19.992419304569108,0.9740591645240784,0.9721585812625708,ok,True,True,-16.005898921224862,3.235149489991681,1.0,0.0,0.9804841750435145
815,1767153206917,31.851718816930646,27.383418780461202,26.498990602002046,26.498990602002046,26.498990602002046,0.963002622127533,0.966665005781548,ok,True,True,-6.338995151002232,4.468300036469444,1.0,0.0,0.9804841750435145
816,1767153207023,41.05612444722682,35.58704218052057,34.54917507474109,34.54917507474109,34.54917507474109,0.9702975749969482,0.9688445473107881,ok,True,True,5.005014099504669,5.469082266706252,1.0,0.0,0.9804841750435145
817,1767153207057,50.39728795320823,44.473189644133164,43.38422585426431,43.38422585426431,43.38422585426431,0.979498028755188,0.9752366361774281,ok,True,True,16.90751610284317,5.924098309075063,1.0,0.0,0.9804841750435145
818,1767153207083,58.22512024478841,52.724348004526306,51.74483018922356,51.74483018922356,51.74483018922356,0.9645971059799194,0.9688529180589229,ok,True,True,27.613760761676808,5.500772240262101,1.0,0.0,0.9804841750435145
819,1767153207119,61.885288603629945,58.22091236398849,57.60086924417154,57.60086924417154,57.60086924417154,0.9719000458717346,0.9706811947466099,ok,True,True,34.39090481773977,3.664376239641456,1.0,0.0,0.9804841750435145
820,1767153207162,57.98534135957773,58.079569761342036,58.154085220566614,58.154085220566614,58.154085220566614,0.9726620316505432,0.9718696968889698,ok,True,True,33.57644210469853,0.09422840176430469,1.0,0.0,0.9804841750435145
821,1767153207213,48.57330744531415,52.3758123717253,53.14561610929405,53.14561610929405,53.14561610929405,0.9485374689102173,0.9578703601017182,ok,True,True,25.16239692355157,3.802504926411153,1.0,0.0,0.9804841750435145
822,1767153207250,41.20756676806337,45.67486500952815,46.602258104409756,46.602258104409756,46.602258104409756,0.9720613956451416,0.9663849814277723,ok,True,True,15.025881575286403,4.467298241464775,1.0,0.0,0.9804841750435145
823,1767153207296,34.6528442607514,39.061652560262104,39.95913185946562,39.95913185946562,39.95913185946562,0.9746378064155579,0.9713366764204436,ok,True,True,5.2163275238966875,4.408808299510703,1.0,0.0,0.9804841750435145
824,1767153207344,27.611897072499303,32.191799267604424,33.07808912291381,33.07808912291381,33.07808912291381,0.9615561366081238,0.9654683525330517,ok,True,True,-4.470924592749922,4.57990219510512,1.0,0.0,0.9804841750435145
825,1767153207377,20.70882849057999,25.30201680138976,26.153243422928586,26.153243422928586,26.153243422928586,0.9514874219894409,0.9570797942068853,ok,True,True,-13.774931449930275,4.593188310809772,1.0,0.0,0.9804841750435145
826,1767153207411,14.365303363297643,18.739988738534493,19.516109701413498,19.516109701413498,19.516109701413498,0.9558232426643372,0.9563258632813564,ok,True,True,-22.258024644987653,4.374685375236849,1.0,0.0,0.9804841750435145
827,1767153207446,9.689230030133913,13.309533513494145,13.919422521527775,13.919422521527775,13.919422521527775,0.9615118503570557,0.959437455526776,ok,True,True,-28.924183067765554,3.6203034833602317,1.0,0.0,0.9804841750435145
828,1767153207483,6.507355027649784,9.228226421987529,9.644189787547006,9.644189787547006,9.644189787547006,0.9708829522132874,0.9663047535386827,ok,True,True,-33.470711462877155,2.7208713943377445,1.0,0.0,0.9804841750435145
829,1767153207514,5.607839367910554,7.055994189541344,7.220335191205879,7.220335191205879,7.220335191205879,0.978422224521637,0.9735752361284553,ok,True,True,-35.266977895003755,1.4481548216307898,1.0,0.0,0.9804841750435145
830,1767153207545,5.985881931009828,6.413926834422434,6.372726487780806,6.372726487780806,6.372726487780806,0.980175793170929,0.9775355703539395,ok,True,True,-34.81665327172195,0.4280449034126059,1.0,0.0,0.9804841750435145
831,1767153207580,6.7740084590551985,6.629975809202093,6.471739765110849,6.471739765110849,6.471739765110849,0.9712954759597778,0.9737915137174425,ok,True,True,-33.08711474223309,0.1440326498531057,1.0,0.0,0.9804841750435145
832,1767153207613,10.281849407215452,8.821099968010108,8.43580521850232,8.43580521850232,8.43580521850232,0.96739661693573,0.9699545756484149,ok,True,True,-28.87579791925173,1.460749439205344,1.0,0.0,0.9804841750435145
833,1767153207645,15.701656840107987,12.949434091268834,12.338260110016202,12.338260110016202,12.338260110016202,0.979248046875,0.9755306583843659,ok,True,True,-22.195594588410113,2.752222748839152,1.0,0.0,0.9804841750435145
834,1767153207677,21.689496543875652,18.193471562832926,17.457420164411285,17.457420164411285,17.457420164411285,0.9737764000892639,0.9744781034073047,ok,True,True,-14.150466434673472,3.4960249810427264,1.0,0.0,0.9804841750435145
835,1767153207712,30.4123155939116,25.52477798148013,24.57176648999092,24.57176648999092,24.57176648999092,0.9597724080085754,0.9656546861680672,ok,True,True,-3.7339390053995967,4.887537612431469,1.0,0.0,0.9804841750435145
836,1767153207746,39.53583320813743,33.93141111747451,32.87292385440213,32.87292385440213,32.87292385440213,0.9625380635261536,0.9637847125829191,ok,True,True,7.835450983908139,5.604422090662922,1.0,0.0,0.9804841750435145
837,1767153207796,48.757049798146966,42.826794325877984,41.7450282550998,41.7450282550998,41.7450282550998,0.9679775238037109,0.9663003993153941,ok,True,True,19.659281072998304,5.930255472268982,1.0,0.0,0.9804841750435145
838,1767153207832,56.187729632252854,50.8433555097029,49.90106070396402,49.90106070396402,49.90106070396402,0.9657515287399292,0.9659710769701151,ok,True,True,29.95867386951474,5.344374122549951,1.0,0.0,0.9804841750435145
839,1767153207870,58.99620591965425,55.735065755673716,55.19540612690896,55.19540612690896,55.19540612690896,0.9723445773124695,0.9697951771755278,ok,True,True,35.85721693610006,3.261140163980535,1.0,0.0,0.9804841750435145
840,1767153207906,59.00603961266948,57.69765006987117,57.55178013197986,57.55178013197986,57.55178013197986,0.9813096523284912,0.9767038622673059,ok,True,True,37.451592473772685,1.3083895427983094,1.0,0.0,0.9804841750435145
841,1767153207947,58.12118540873496,57.95177127318944,58.04645761299046,58.04645761299046,58.04645761299046,0.9786840081214905,0.9778919497798166,ok,True,True,36.416659669160204,0.16941413554551588,1.0,0.0,0.9804841750435145
842,1767153207989,54.89002124710494,56.11472125753875,56.46579313123953,56.46579313123953,56.46579313123953,0.9785072207450867,0.9782611123589786,ok,True,True,32.579402894495026,1.224700010433807,1.0,0.0,0.9804841750435145
843,1767153208021,50.62387670079764,52.82021452349408,53.34828674251645,53.34828674251645,53.34828674251645,0.9752947688102722,0.9764813062297548,ok,True,True,26.807511576071896,2.1963378226964423,1.0,0.0,0.9804841750435145
844,1767153208077,45.01399909741609,48.136485267847284,48.81788531143815,48.81788531143815,48.81788531143815,0.9768278002738953,0.976689202656239,ok,True,True,19.3597291434789,3.122486170431195,1.0,0.0,0.9804841750435145
845,1767153208113,30.152949785383633,37.3463639783691,38.698681462629295,38.698681462629295,38.698681462629295,0.9643951058387756,0.969312744565761,ok,True,True,4.578740358263973,7.193414192985465,1.0,0.0,0.9804841750435145
846,1767153208149,20.51325811891296,27.246500462695415,28.541671011993405,28.541671011993405,28.541671011993405,0.9548592567443848,0.9606406518729353,ok,True,True,-9.577625722136988,6.733242343782454,1.0,0.0,0.9804841750435145
847,1767153208183,12.385029782430925,18.32961805453672,19.433717680821427,19.433717680821427,19.433717680821427,0.9529681205749512,0.9560371330941448,ok,True,True,-21.64556419355455,5.944588272105795,1.0,0.0,0.9804841750435145
848,1767153208215,6.234960006926886,11.072823225970819,11.925426417175036,11.925426417175036,11.925426417175036,0.9571185111999512,0.9566859599576287,ok,True,True,-30.96461711870569,4.837863219043933,1.0,0.0,0.9804841750435145
849,1767153208246,4.972672457578429,7.4127327649353845,7.8011832657457525,7.8011832657457525,7.8011832657457525,0.97300124168396,0.9664751289934275,ok,True,True,-35.21042667372319,2.440060307356956,1.0,0.0,0.9804841750435145
850,1767153208280,4.965034247165078,5.944113654273201,6.020384207303197,6.020384207303197,6.020384207303197,0.9768874049186707,0.9727224945485734,ok,True,True,-36.04407276800204,0.9790794071081228,1.0,0.0,0.9804841750435145
851,1767153208311,5.982519739067157,5.967157305149574,5.839006131464202,5.839006131464202,5.839006131464202,0.9699286818504333,0.9710462069296893,ok,True,True,-34.64336540223736,0.015362433917582408,1.0,0.0,0.9804841750435145
852,1767153208343,7.385461858352348,6.818140037071238,6.579981723337201,6.579981723337201,6.579981723337201,0.9691712260246277,0.9699212183866524,ok,True,True,-32.04026708739579,0.5673218212811095,1.0,0.0,0.9804841750435145
853,1767153208374,10.995272053430327,9.324419246886691,8.89892583759499,8.89892583759499,8.89892583759499,0.9678751230239868,0.968693561169053,ok,True,True,-27.38957419602635,1.6708528065436354,1.0,0.0,0.9804841750435145
854,1767153208406,14.855873030748299,12.643291517203656,12.123501298420866,12.123501298420866,12.123501298420866,0.9655067324638367,0.9667814639459232,ok,True,True,-21.708206112039818,2.2125815135446434,1.0,0.0,0.9804841750435145
855,1767153208437,19.810916337767264,16.94386640954182,16.325123671791594,16.325123671791594,16.325123671791594,0.9647716283798218,0.9655755626062623,ok,True,True,-14.94527538455425,2.8670499282254447,1.0,0.0,0.9804841750435145
856,1767153208468,26.22497852780585,22.512533680500237,21.766379531617854,21.766379531617854,21.766379531617854,0.9676451683044434,0.9668173260251709,ok,True,True,-6.789722982815098,3.712444847305612,1.0,0.0,0.9804841750435145
857,1767153208498,34.77690052243098,29.871153785658684,28.94134991564061,28.94134991564061,28.94134991564061,0.9628022313117981,0.9644082691971472,ok,True,True,3.3731424205743377,4.905746736772294,1.0,0.0,0.9804841750435145
858,1767153208531,43.77743662693156,38.21492349042241,37.19248216578907,37.19248216578907,37.19248216578907,0.958787202835083,0.9610356293799087,ok,True,True,14.548546073077702,5.562513136509153,1.0,0.0,0.9804841750435145
859,1767153208581,52.61428858352226,46.85454254628232,45.83031849353789,45.83031849353789,45.83031849353789,0.9687237739562988,0.9656485161257428,ok,True,True,25.743435153022453,5.7597460372399425,1.0,0.0,0.9804841750435145
860,1767153208616,57.243101567379014,53.08767795894033,52.3734812856043,52.3734812856043,52.3734812856043,0.9737564921379089,0.9705133017330424,ok,True,True,33.54968859711872,4.1554236084386815,1.0,0.0,0.9804841750435145
861,1767153208656,59.26385938763748,56.793386816158616,56.424909080411354,56.424909080411354,56.424909080411354,0.9541659951210022,0.9607049177658183,ok,True,True,37.57719348637274,2.470472571478865,1.0,0.0,0.9804841750435145
862,1767153208695,58.12557062660206,57.59269710242469,57.60215966130485,57.60215966130485,57.60215966130485,0.9645392894744873,0.9630055407910197,ok,True,True,37.47376660746663,0.5328735241773757,1.0,0.0,0.9804841750435145
863,1767153208729,57.5315776360602,57.55602542260599,57.70058470116023,57.70058470116023,57.70058470116023,0.9736790060997009,0.9694096199762284,ok,True,True,35.89371673014221,0.024447786545792383,1.0,0.0,0.9804841750435145
864,1767153208786,54.108096095309385,55.487267826228035,55.867820427923,55.867820427923,55.867820427923,0.9779729843139648,0.9745476385788703,ok,True,True,31.734232139203232,1.3791717309186495,1.0,0.0,0.9804841750435145
865,1767153208825,49.50527256780264,51.8980706711728,52.459178248709264,52.459178248709264,52.459178248709264,0.9765444993972778,0.9757457550699148,ok,True,True,25.60126047581998,2.3927981033701613,1.0,0.0,0.9804841750435145
866,1767153208892,44.52769395376281,47.475844640726805,48.127258697589156,48.127258697589156,48.127258697589156,0.9722273945808411,0.9736347387764706,ok,True,True,18.481228396754492,2.9481506869639986,1.0,0.0,0.9804841750435145
867,1767153208925,37.040195949494105,41.21445542598718,42.054722602510765,42.054722602510765,42.054722602510765,0.9605345129966736,0.9657746033085923,ok,True,True,9.297009559582724,4.174259476493077,1.0,0.0,0.9804841750435145
868,1767153208963,22.025347908596896,29.70099091555301,31.114333256230086,31.114333256230086,31.114333256230086,0.9647664427757263,0.9651697069888727,ok,True,True,-6.1509880669847945,7.675643006956115,1.0,0.0,0.9804841750435145
869,1767153208994,14.84512551120506,20.787471672944243,21.917132499045508,21.917132499045508,21.917132499045508,0.9667945504188538,0.9661446130468614,ok,True,True,-18.498313451773456,5.942346161739183,1.0,0.0,0.9804841750435145
870,1767153209032,7.46148188027664,12.79187779734368,13.741496925539526,13.741496925539526,13.741496925539526,0.9466462731361389,0.954445609100428,ok,True,True,-28.877761952187605,5.33039591706704,1.0,0.0,0.9804841750435145
871,1767153209064,5.711394879744823,8.543588046784366,9.01627649637818,9.01627649637818,9.01627649637818,0.9753364324569702,0.9669801031143533,ok,True,True,-34.04430217197114,2.8321931670395433,1.0,0.0,0.9804841750435145
872,1767153209097,5.766304934138464,6.877218179196825,6.9892987074585955,6.9892987074585955,6.9892987074585955,0.9754526615142822,0.9720636381543106,ok,True,True,-35.26935549751066,1.1109132450583612,1.0,0.0,0.9804841750435145
873,1767153209127,5.141856806666306,5.836001355678514,5.833507194728065,5.833507194728065,5.833507194728065,0.9716306924819946,0.971803870750921,ok,True,True,-35.24209402565497,0.6941445490122078,1.0,0.0,0.9804841750435145
874,1767153209164,5.7323209325025415,5.773793101772931,5.649349472008641,5.649349472008641,5.649349472008641,0.9715327620506287,0.9716412055307456,ok,True,True,-33.88191054999454,0.041472169270389436,1.0,0.0,0.9804841750435145
875,1767153209199,7.821075492716127,7.002162536338849,6.725132012494711,6.725132012494711,6.725132012494711,0.9707728624343872,0.9711201996729306,ok,True,True,-30.85393441734657,0.8189129563772779,1.0,0.0,0.9804841750435145
876,1767153209232,11.663629832940103,9.799042914299601,9.341191578860876,9.341191578860876,9.341191578860876,0.9500104784965515,0.9584543669671032,ok,True,True,-25.84956559627958,1.8645869186405015,1.0,0.0,0.9804841750435145
877,1767153209264,15.9297743792474,13.47748179326828,12.919679449643766,12.919679449643766,12.919679449643766,0.9591032266616821,0.9588436827838505,ok,True,True,-19.752720527393244,2.4522925859791194,1.0,0.0,0.9804841750435145
878,1767153209294,22.844579022614464,19.09774013087599,18.33474470571351,18.33474470571351,18.33474470571351,0.9613853693008423,0.9603686946940455,ok,True,True,-11.413090999740882,3.7468388917384736,1.0,0.0,0.9804841750435145
879,1767153209325,31.466555303716895,26.519029234580533,25.563151594392924,25.563151594392924,25.563151594392924,0.9645571708679199,0.9628817803983702,ok,True,True,-0.9652362288768526,4.947526069136362,1.0,0.0,0.9804841750435145
880,1767153209361,39.8774204148395,34.53406394273591,33.52926185342909,33.52926185342909,33.52926185342909,0.9684839248657227,0.9662430670787817,ok,True,True,10.017368511702724,5.343356472103586,1.0,0.0,0.9804841750435145
881,1767153209404,49.80539848788177,43.69686466982343,42.59936190057196,42.59936190057196,42.59936190057196,0.9661499857902527,0.9661872183056643,ok,True,True,22.013202561665405,6.108533818058341,1.0,0.0,0.9804841750435145
882,1767153209437,56.906146714020174,51.62243389634148,50.697295148763786,50.697295148763786,50.697295148763786,0.9693189263343811,0.9680662431228944,ok,True,True,32.12507762937142,5.283712817678698,1.0,0.0,0.9804841750435145
883,1767153209470,60.48404769599438,56.939402176133214,56.362255240203346,56.362255240203346,56.362255240203346,0.9756181240081787,0.972597371654065,ok,True,True,38.43336136206857,3.544645519861163,1.0,0.0,0.9804841750435145
884,1767153209506,61.08241440973005,59.42520951629132,59.22634452495875,59.22634452495875,59.22634452495875,0.962669849395752,0.9666408582990772,ok,True,True,40.606979052345345,1.6572048934387311,1.0,0.0,0.9804841750435145
885,1767153209550,59.31725789249109,59.36043854201118,59.49653941270612,59.49653941270612,59.49653941270612,0.9600759148597717,0.962701892235494,ok,True,True,39.11938056544092,0.04318064952008882,1.0,0.0,0.9804841750435145
886,1767153209594,56.026068546845245,57.35981654491162,57.74382092272353,57.74382092272353,57.74382092272353,0.976645290851593,0.9710679314051535,ok,True,True,34.922167656508925,1.3337479980663716,1.0,0.0,0.9804841750435145
887,1767153209636,50.773479873904876,53.40801454230757,54.021836180592814,54.021836180592814,54.021836180592814,0.9603021740913391,0.9646084770168648,ok,True,True,28.213025123622224,2.6345346684026936,1.0,0.0,0.9804841750435145
888,1767153209682,43.767212115023845,47.62353308593734,48.44258311042951,48.44258311042951,48.44258311042951,0.9677286744117737,0.96648059545381,ok,True,True,19.260712247795038,3.856320970913494,1.0,0.0,0.9804841750435145
889,1767153209722,25.897794146759047,34.58808972243036,36.205993767851616,36.205993767851616,36.205993767851616,0.9608644247055054,0.9631108930048273,ok,True,True,1.5768311849039272,8.690295575671314,1.0,0.0,0.9804841750435145
890,1767153209756,18.099612364977574,24.69500330795869,25.985569626961535,25.985569626961535,25.985569626961535,0.9456831812858582,0.9526542659734458,ok,True,True,-12.529210118106267,6.5953909429811155,1.0,0.0,0.9804841750435145
891,1767153209794,11.75636310985463,16.931819189096252,17.895664321244148,17.895664321244148,17.895664321244148,0.9687099456787109,0.9622876737966048,ok,True,True,-23.064150511009508,5.175456079241622,1.0,0.0,0.9804841750435145
892,1767153209828,6.297979553339515,10.55151540764221,11.28536584876489,11.28536584876489,11.28536584876489,0.9666706323623657,0.9649174489360614,ok,True,True,-31.085221943206037,4.253535854302695,1.0,0.0,0.9804841750435145
893,1767153209861,7.198960783925551,8.539982633412215,8.730741308373391,8.730741308373391,8.730741308373391,0.9659896492958069,0.9655607691519086,ok,True,True,-33.170236644340434,1.3410218494866646,1.0,0.0,0.9804841750435145
894,1767153209895,7.957678190311696,8.190599967551904,8.127482843172663,8.127482843172663,8.127482843172663,0.9751601815223694,0.971320416574185,ok,True,True,-32.480359068650465,0.23292177724020835,1.0,0.0,0.9804841750435145
895,1767153209927,9.01268229589199,8.683849364555956,8.50092144011449,8.50092144011449,8.50092144011449,0.9664295315742493,0.9683858855742236,ok,True,True,-30.480935389564397,0.3288329313360343,1.0,0.0,0.9804841750435145
896,1767153209958,10.909475811857346,10.01922523293679,9.736377237948474,9.736377237948474,9.736377237948474,0.948581874370575,0.9565034788520344,ok,True,True,-27.389373614682825,0.8902505789205559,1.0,0.0,0.9804841750435145
897,1767153209997,14.64605501151566,12.795323100084111,12.352030863745439,12.352030863745439,12.352030863745439,0.954306960105896,0.9551855676043514,ok,True,True,-22.544137455158292,1.8507319114315486,1.0,0.0,0.9804841750435145
898,1767153210032,20.49970015174585,17.417949331081154,16.768691425136414,16.768691425136414,16.768691425136414,0.9662103652954102,0.9618004462189866,ok,True,True,-15.447672358627129,3.081750820664695,1.0,0.0,0.9804841750435145
899,1767153210065,27.133109445189632,23.24704539954624,22.466551019061516,22.466551019061516,22.466551019061516,0.9768511056900024,0.9708308419015961,ok,True,True,-6.916777195958149,3.8860640456433906,1.0,0.0,0.9804841750435145
900,1767153210096,34.39439802608809,29.935456975471354,29.076147406333213,29.076147406333213,29.076147406333213,0.9646356701850891,0.9671137388716919,ok,True,True,2.4755772269436864,4.458941050616737,1.0,0.0,0.9804841750435145
901,1767153210131,41.58564381518257,36.925569079298086,36.058733083251745,36.058733083251745,36.058733083251745,0.971583366394043,0.9697955153851026,ok,True,True,11.950196379110393,4.660074735884486,1.0,0.0,0.9804841750435145
902,1767153210166,49.20783640127767,44.29492947248583,43.420174547458934,43.420174547458934,43.420174547458934,0.9702043533325195,0.9700408181535527,ok,True,True,21.511370354249493,4.912906928791834,1.0,0.0,0.9804841750435145
903,1767153210217,55.54256235614253,51.04350920267985,50.2727231735642,50.2727231735642,50.2727231735642,0.9609150886535645,0.9645653804535598,ok,True,True,29.93615209726708,4.4990531534626825,1.0,0.0,0.9804841750435145
904,1767153210252,58.07364343993192,55.26158974503109,54.81616919119026,54.81616919119026,54.81616919119026,0.9716545343399048,0.9688188727853667,ok,True,True,34.804651016828984,2.8120536949008326,1.0,0.0,0.9804841750435145
905,1767153210284,58.310175079932996,57.09074094597223,56.96636491103287,56.96636491103287,56.96636491103287,0.9707292914390564,0.9699651239775806,ok,True,True,36.164095673121324,1.2194341339607675,1.0,0.0,0.9804841750435145
906,1767153210336,56.64454519153375,56.823023493309144,56.97355945973391,56.97355945973391,56.97355945973391,0.9804942607879639,0.9762826060638106,ok,True,True,34.51871989606162,0.17847830177539237,1.0,0.0,0.9804841750435145
907,1767153210377,49.82121515835396,52.62193849233603,53.236024227996914,53.236024227996914,53.236024227996914,0.9729152917861938,0.9742622174972406,ok,True,True,27.806690747869666,2.80072333398207,1.0,0.0,0.9804841750435145
908,1767153210410,43.52188704994194,47.16190762689958,47.94326471437857,47.94326471437857,47.94326471437857,0.9781138896942139,0.9765732208154245,ok,True,True,19.266366096522404,3.640020576957639,1.0,0.0,0.9804841750435145
909,1767153210451,36.34512454921589,40.671837780289366,41.55505053131051,41.55505053131051,41.55505053131051,0.9662832617759705,0.970399245391752,ok,True,True,9.612747090816717,4.326713231073477,1.0,0.0,0.9804841750435145
910,1767153210497,28.78729638631049,33.541112943902036,34.47128111248629,34.47128111248629,34.47128111248629,0.9634565114974976,0.9662336050551993,ok,True,True,-0.5541001386481668,4.753816557591545,1.0,0.0,0.9804841750435145
911,1767153210536,14.866264215418981,22.336203706812206,23.68849460232162,23.68849460232162,23.68849460232162,0.9760602116584778,0.9721295690171663,ok,True,True,-15.334798305697069,7.469939491393225,1.0,0.0,0.9804841750435145
912,1767153210568,10.900826070192867,15.474977124840603,16.334609497366323,16.334609497366323,16.334609497366323,0.9751381278038025,0.973934704289148,ok,True,True,-24.730681007503197,4.574151054647736,1.0,0.0,0.9804841750435145
913,1767153210605,8.290627150022596,11.1643671399498,11.649395854186086,11.649395854186086,11.649395854186086,0.9735571146011353,0.9737081504763403,ok,True,True,-30.032101767847625,2.873739989927204,1.0,0.0,0.9804841750435145
914,1767153210637,6.924151881807915,8.62023798506467,8.846585558295407,8.846585558295407,8.846585558295407,0.9666487574577332,0.969472514665176,ok,True,True,-32.506107303104336,1.6960861032567545,1.0,0.0,0.9804841750435145
915,1767153210674,6.1119037818251245,7.115237463120942,7.1875373354024,7.1875373354024,7.1875373354024,0.9762826561927795,0.9735585995817382,ok,True,True,-33.29635339087812,1.0033336812958176,1.0,0.0,0.9804841750435145
916,1767153210706,7.036742206862489,7.06814030936587,6.957596246779355,6.957596246779355,6.957596246779355,0.974976122379303,0.974409113260277,ok,True,True,-32.08809381545951,0.03139810250338115,1.0,0.0,0.9804841750435145
917,1767153210744,7.137464281726268,7.109734692782109,6.973380517772728,6.973380517772728,6.973380517772728,0.9717560410499573,0.9728172699340851,ok,True,True,-30.59772668267525,0.02772958894415911,1.0,0.0,0.9804841750435145
918,1767153210775,9.43671504689768,8.50592290525145,8.221051303501595,8.221051303501595,8.221051303501595,0.9696276783943176,0.9709035150102245,ok,True,True,-27.48404664843807,0.9307921416462293,1.0,0.0,0.9804841750435145
919,1767153210807,13.38201452448769,11.431577876793193,10.971016059559615,10.971016059559615,10.971016059559615,0.9679622650146484,0.9691387650128789,ok,True,True,-22.450051943302768,1.950436647694497,1.0,0.0,0.9804841750435145
920,1767153210843,20.275525285551172,16.73794632204798,16.01080103358023,16.01080103358023,16.01080103358023,0.9602289795875549,0.9637928937576845,ok,True,True,-14.502268616413756,3.5375789635031936,1.0,0.0,0.9804841750435145
921,1767153210876,35.73919434044337,28.13869513308521,26.731193038223093,26.731193038223093,26.731193038223093,0.9577777981758118,0.9601838364085609,ok,True,True,0.8818944380961167,7.600499207358158,1.0,0.0,0.9804841750435145
922,1767153210912,45.78024551481916,38.723625362125574,37.388474034928194,37.388474034928194,37.388474034928194,0.9481956958770752,0.9529909520896696,ok,True,True,15.475255112320896,7.056620152693583,1.0,0.0,0.9804841750435145
923,1767153210959,55.703171678942425,48.91135315221568,47.68289738007703,47.68289738007703,47.68289738007703,0.9573982954025269,0.9556353580773839,ok,True,True,28.90242084999339,6.791818526726743,1.0,0.0,0.9804841750435145
924,1767153210998,62.616918812365135,57.13469254830535,56.18733491318902,56.18733491318902,56.18733491318902,0.9575987458229065,0.9568133907246974,ok,True,True,39.25715096568266,5.482226264059783,1.0,0.0,0.9804841750435145
925,1767153211038,61.07006913059697,59.49591849768032,59.272704377231044,59.272704377231044,59.272704377231044,0.9723309278488159,0.9661239129991686,ok,True,True,41.69690749435558,1.5741506329166484,1.0,0.0,0.9804841750435145
926,1767153211070,59.16957432982634,59.30011199696793,59.45217451828497,59.45217451828497,59.45217451828497,0.9730482697486877,0.9702785270488801,ok,True,True,40.034846293195955,0.13053766714158854,1.0,0.0,0.9804841750435145
927,1767153211107,55.542039348507,57.04526840789137,57.46283269164503,57.46283269164503,57.46283269164503,0.9696552753448486,0.9699045760264612,ok,True,True,35.47081967436858,1.503229059384374,1.0,0.0,0.9804841750435145
928,1767153211148,48.57379596892976,51.962384944514405,52.70822911199552,52.70822911199552,52.70822911199552,0.9753913283348083,0.9731966274114695,ok,True,True,27.318655405718808,3.3885889755846463,1.0,0.0,0.9804841750435145
929,1767153211201,41.52452088986581,45.699666511725255,46.583498154795585,46.583498154795585,46.583498154795585,0.9648898839950562,0.9682125813616215,ok,True,True,17.6582718372941,4.175145621859443,1.0,0.0,0.9804841750435145
930,1767153211241,32.551273139799086,37.81063048856956,38.855431176423835,38.855431176423835,38.855431176423835,0.9502395987510681,0.9574287917952895,ok,True,True,6.238477721116382,5.259357348770472,1.0,0.0,0.9804841750435145
931,1767153211275,24.452787270502217,29.79592455772915,30.83023191711835,30.83023191711835,30.83023191711835,0.9459125995635986,0.950519076456275,ok,True,True,-5.066623083640691,5.343137287226934,1.0,0.0,0.9804841750435145
932,1767153211310,16.861842953795673,22.035475595369064,22.9981777424139,22.9981777424139,22.9981777424139,0.942126452922821,0.9454835023362027,ok,True,True,-15.589070515248508,5.173632641573391,1.0,0.0,0.9804841750435145
933,1767153211344,11.176669492908248,15.520191933892574,16.296788320151144,16.296788320151144,16.296788320151144,0.9358482956886292,0.9397023783476586,ok,True,True,-24.077360143631132,4.3435224409843265,1.0,0.0,0.9804841750435145
934,1767153211375,6.941595048553225,10.373033802688965,10.944589787102352,10.944589787102352,10.944589787102352,0.9771448969841003,0.9621678895295236,ok,True,True,-30.324534120205442,3.4314387541357405,1.0,0.0,0.9804841750435145
935,1767153211412,5.638570377000233,7.5323557472757265,7.800369160976453,7.800369160976453,7.800369160976453,0.966877281665802,0.9649935248112906,ok,True,True,-33.25395218090944,1.8937853702754932,1.0,0.0,0.9804841750435145
936,1767153211444,4.575439537390986,5.758206021344883,5.862412698451604,5.862412698451604,5.862412698451604,0.9764780402183533,0.9718842340555282,ok,True,True,-34.3929433893989,1.1827664839538965,1.0,0.0,0.9804841750435145
937,1767153211479,4.769682274290908,5.165091773112497,5.114968166026067,5.114968166026067,5.114968166026067,0.9726292490959167,0.9723312430797613,ok,True,True,-33.84508648239134,0.39540949882158927,1.0,0.0,0.9804841750435145
938,1767153211513,5.307023767432941,5.250250969704764,5.10924160483523,5.10924160483523,5.10924160483523,0.9687108397483826,0.970159001080934,ok,True,True,-32.30383757819109,0.05677279772817734,1.0,0.0,0.9804841750435145
939,1767153211546,7.440676521588657,6.5645063008351,6.2819122874679945,6.2819122874679945,6.2819122874679945,0.9611737132072449,0.9647678283567206,ok,True,True,-29.215051852231817,0.8761702207535578,1.0,0.0,0.9804841750435145
940,1767153211579,10.94155744506075,9.19073698737049,8.757407320720134,8.757407320720134,8.757407320720134,0.9480040073394775,0.9547095357463747,ok,True,True,-24.47870774841819,1.75082045769026,1.0,0.0,0.9804841750435145
941,1767153211610,15.80106852221462,13.156935908276969,12.57485436178666,12.57485436178666,12.57485436178666,0.968106746673584,0.9627478623027003,ok,True,True,-18.11648814326341,2.6441326139376518,1.0,0.0,0.9804841750435145
942,1767153211643,21.695950802938253,18.28034484507374,17.57617841038497,17.57617841038497,17.57617841038497,0.9442986249923706,0.9516783199165024,ok,True,True,-10.419866384539732,3.415605957864514,1.0,0.0,0.9804841750435145
943,1767153211679,30.205945976671444,25.435705524032365,24.519767896202207,24.519767896202207,24.519767896202207,0.9374407529830933,0.9431357797564569,ok,True,True,-0.4085606353425977,4.770240452639079,1.0,0.0,0.9804841750435145
944,1767153211728,40.78946526848475,34.6479613707038,33.51607025653629,33.51607025653629,33.51607025653629,0.9592635631561279,0.9528124497962596,ok,True,True,11.963142059714267,6.14150389778095,1.0,0.0,0.9804841750435145
945,1767153211759,52.10056289669208,45.11952228629677,43.86900825225223,43.86900825225223,43.86900825225223,0.9638668298721313,0.9594450778417827,ok,True,True,25.63140718835605,6.981040610395311,1.0,0.0,0.9804841750435145
946,1767153211793,61.30674445401439,54.83185558692735,53.70368599557597,53.70368599557597,53.70368599557597,0.9498128294944763,0.953665728833399,ok,True,True,37.96243320234552,6.474888867087046,1.0,0.0,0.9804841750435145
947,1767153211826,65.56198055535214,61.26993056798222,60.566717619004564,60.566717619004564,60.566717619004564,0.9644046425819397,0.9601090770825234,ok,True,True,45.64863325036379,4.292049987369914,1.0,0.0,0.9804841750435145
948,1767153211857,66.34427353669354,64.314536349209,64.0660784536942,64.0660784536942,64.0660784536942,0.9731651544570923,0.9679427235072646,ok,True,True,48.364307202632105,2.0297371874845282,1.0,0.0,0.9804841750435145
949,1767153211892,65.66244400006647,65.12328093972349,65.18521591501688,65.18521591501688,65.18521591501688,0.9740002751350403,0.97157725448393,ok,True,True,47.68735065516492,0.539163060342986,1.0,0.0,0.9804841750435145
950,1767153211938,63.63221456900199,64.22864111729059,64.51280809681475,64.51280809681475,64.51280809681475,0.9702343344688416,0.9707715024748769,ok,True,True,44.58137222453565,0.5964265482886049,1.0,0.0,0.9804841750435145
951,1767153211976,59.318562537911575,61.28259396966318,61.80895874069286,61.80895874069286,61.80895874069286,0.962613582611084,0.9658767505566012,ok,True,True,38.82814351302628,1.9640314317516072,1.0,0.0,0.9804841750435145
952,1767153212009,52.420557359584556,55.96537200361601,56.76200263799392,56.76200263799392,56.76200263799392,0.9724417328834534,0.9698157399527125,ok,True,True,30.120877201861042,3.5448146440314545,1.0,0.0,0.9804841750435145
953,1767153212070,46.73526895196405,50.427310172624836,51.246358460520156,51.246358460520156,51.246358460520156,0.9748693704605103,0.9728479182573913,ok,True,True,21.168583307241192,3.6920412206607836,1.0,0.0,0.9804841750435145
954,1767153212103,37.80339053113382,42.852958387730226,43.86846717189481,43.86846717189481,43.86846717189481,0.9709640145301819,0.9717175760210656,ok,True,True,10.068953135532333,5.049567856596404,1.0,0.0,0.9804841750435145
955,1767153212139,28.34733776543618,34.1495860143538,35.27173397559879,35.27173397559879,35.27173397559879,0.9416137933731079,0.9536553064322909,ok,True,True,-2.1962557548103856,5.802248248917621,1.0,0.0,0.9804841750435145
956,1767153212177,18.95224125229234,25.031179157116924,26.165920043642288,26.165920043642288,26.165920043642288,0.9646437168121338,0.9602483526601966,ok,True,True,-14.599106796133649,6.078937904824585,1.0,0.0,0.9804841750435145
957,1767153212212,8.7614777054129,15.269358286094512,16.43117249291331,16.43117249291331,16.43117249291331,0.9616232514381409,0.9610732919269631,ok,True,True,-27.2978724050739,6.507880580681611,1.0,0.0,0.9804841750435145
958,1767153212246,7.664518042257393,10.70645413979224,11.243815422707435,11.243815422707435,11.243815422707435,0.9684816002845764,0.9655182769415311,ok,True,True,-33.171294281833376,3.0419360975348475,1.0,0.0,0.9804841750435145
959,1767153212282,6.442329660744861,8.147979452363813,8.37009026269946,8.37009026269946,8.37009026269946,0.9774386882781982,0.9726705237435314,ok,True,True,-35.59899150150086,1.7056497916189528,1.0,0.0,0.9804841750435145
960,1767153212316,6.771370431530949,7.3220140398640945,7.306550211603324,7.306550211603324,7.306550211603324,0.9741056561470032,0.9735316031856145,ok,True,True,-35.42997004406997,0.5506436083331456,1.0,0.0,0.9804841750435145
961,1767153212347,7.3276206622650975,7.325378013304697,7.191469666817006,7.191469666817006,7.191469666817006,0.9703651070594788,0.971631705509933,ok,True,True,-33.96633610402368,0.002242648960400828,1.0,0.0,0.9804841750435145
962,1767153212380,8.621449595171468,8.10302096242476,7.874923993644298,7.874923993644298,7.874923993644298,0.9677963256835938,0.9693304776141294,ok,True,True,-31.473209470132723,0.5184286327467085,1.0,0.0,0.9804841750435145
963,1767153212411,12.31513067404329,10.630286789395878,10.205683625089009,10.205683625089009,10.205683625089009,0.9562057256698608,0.9614556264475682,ok,True,True,-26.8322470609097,1.684843884647412,1.0,0.0,0.9804841750435145
964,1767153212450,16.814013618159933,14.340522886654313,13.77922669406085,13.77922669406085,13.77922669406085,0.9637924432754517,0.9628577165442983,ok,True,True,-20.69721381282112,2.4734907315056205,1.0,0.0,0.9804841750435145
965,1767153212481,22.016997028438436,18.94640737172479,18.292718905109503,18.292718905109503,18.292718905109503,0.9592430591583252,0.9606889221127144,ok,True,True,-13.552322168274571,3.070589656713647,1.0,0.0,0.9804841750435145
966,1767153212535,29.596216778370536,25.336293015712236,24.4997675591911,24.4997675591911,24.4997675591911,0.9584435820579529,0.9593417180798576,ok,True,True,-4.409000769786559,4.2599237626583,1.0,0.0,0.9804841750435145
967,1767153212575,37.27969321520872,32.502333135410126,31.592793201941898,31.592793201941898,31.592793201941898,0.9759123921394348,0.9692841225156039,ok,True,True,5.532377429322999,4.777360079798591,1.0,0.0,0.9804841750435145
968,1767153212616,45.33202222383619,40.20014658846576,39.260092513282494,39.260092513282494,39.260092513282494,0.9619878530502319,0.9649063608363807,ok,True,True,15.80727877793709,5.131875635370427,1.0,0.0,0.9804841750435145
969,1767153212654,52.64380690457792,47.66634277813306,46.7869579217362,46.7869579217362,46.7869579217362,0.961385190486908,0.962793658626697,ok,True,True,25.419058446230384,4.977464126444865,1.0,0.0,0.9804841750435145
970,1767153212853,60.77782855640733,55.53323424509762,54.65165817534275,54.65165817534275,54.65165817534275,0.9419170022010803,0.9502676647713271,ok,True,True,35.054788333645874,5.2445943113097115,1.0,0.0,0.9804841750435145
971,1767153212895,64.70248934807233,61.03478730688245,60.45280055054204,60.45280055054204,60.45280055054204,0.9529929757118225,0.9519028513356244,ok,True,True,41.415971871339494,3.6677020411898837,1.0,0.0,0.9804841750435145
972,1767153212924,64.40834065811352,63.05891931762109,62.922136038539435,62.922136038539435,62.922136038539435,0.9651561379432678,0.9598548233002104,ok,True,True,42.911029161985205,1.3494213404924267,1.0,0.0,0.9804841750435145
973,1767153212953,62.146723453353395,62.51160179906047,62.71705822485964,62.71705822485964,62.71705822485964,0.9680676460266113,0.964782516936051,ok,True,True,40.66536631954313,0.36487834570707633,1.0,0.0,0.9804841750435145
974,1767153212983,29.459091073139444,42.68009536350786,45.06763242852568,45.06763242852568,45.06763242852568,0.90595543384552,0.9294862670817324,ok,True,True,14.569306042973317,13.221004290368416,1.0,0.0,0.9804841750435145
975,1767153213015,12.439635227981896,24.535819282192282,26.8815018958045,26.8815018958045,26.8815018958045,0.9596667885780334,0.947594579979513,ok,True,True,-11.069280168491144,12.096184054210386,1.0,0.0,0.9804841750435145
976,1767153213051,9.407311672575107,15.458714716421976,16.69239075429259,16.69239075429259,16.69239075429259,0.9642826914787292,0.9576074468790428,ok,True,True,-24.553504023165033,6.05140304384687,1.0,0.0,0.9804841750435145
977,1767153213083,8.593161204159797,11.339382609064668,11.845468290529222,11.845468290529222,11.845468290529222,0.9740204215049744,0.9674552316546017,ok,True,True,-30.085079906159493,2.7462214049048708,1.0,0.0,0.9804841750435145
978,1767153213118,7.979874404469976,9.323677686307853,9.49320273719233,9.49320273719233,9.49320273719233,0.9736612439155579,0.9711788390111754,ok,True,True,-31.93800860456144,1.343803281837877,1.0,0.0,0.9804841750435145
979,1767153213154,7.3438626356496925,8.135788655912958,8.168468548495293,8.168468548495293,8.168468548495293,0.9731462001800537,0.9723592557125025,ok,True,True,-32.295203665176786,0.791926020263265,1.0,0.0,0.9804841750435145
980,1767153213189,7.683317580453081,7.864306010637032,7.778107451565961,7.778107451565961,7.778107451565961,0.970173716545105,0.971047932212064,ok,True,True,-31.35304329990709,0.18098843018395083,1.0,0.0,0.9804841750435145
981,1767153213307,8.549395235538531,8.275359545577931,8.103223024424045,8.103223024424045,8.103223024424045,0.9693974256515503,0.9700576282757558,ok,True,True,-29.471570925028033,0.27403568996060024,1.0,0.0,0.9804841750435145
982,1767153213338,10.488477654605042,9.603230410994197,9.326179463022303,9.326179463022303,9.326179463022303,0.9657622575759888,0.9674804058558956,ok,True,True,-26.4433715542671,0.885247243610845,1.0,0.0,0.9804841750435145
983,1767153213366,13.881130481543048,12.169970453323508,11.754210206403343,11.754210206403343,11.754210206403343,0.9706364870071411,0.9693740545466428,ok,True,True,-21.899063269717303,1.71116002821954,1.0,0.0,0.9804841750435145
984,1767153213398,17.18589503636597,15.179525203148986,14.715768952930766,14.715768952930766,14.715768952930766,0.973783552646637,0.9720197534066393,ok,True,True,-16.830153037221987,2.0063698332169846,1.0,0.0,0.9804841750435145
985,1767153213429,39.52837316516036,29.78883398035581,28.043971743347623,28.043971743347623,28.043971743347623,0.968066930770874,0.9696480598251801,ok,True,True,2.241395957112175,9.73953918480455,1.0,0.0,0.9804841750435145
986,1767153213460,51.59450415695852,42.872236086317436,41.225645400605295,41.225645400605295,41.225645400605295,0.9689628481864929,0.9692369328419679,ok,True,True,20.23882536450097,8.722268070641086,1.0,0.0,0.9804841750435145
987,1767153213492,60.48118552234062,53.43760574793134,52.149965599574706,52.149965599574706,52.149965599574706,0.9604312777519226,0.9639535397879406,ok,True,True,34.31288327898837,7.043579774409274,1.0,0.0,0.9804841750435145
988,1767153213527,65.3569615622257,60.58921923650796,59.774995787401174,59.774995787401174,59.774995787401174,0.965569257736206,0.9649229705568999,ok,True,True,43.212441119498244,4.767742325717748,1.0,0.0,0.9804841750435145
989,1767153213559,66.82073923999495,64.32813123860015,63.98073169123531,63.98073169123531,63.98073169123531,0.9690325856208801,0.967388739595288,ok,True,True,47.00955893639721,2.4926080013947995,1.0,0.0,0.9804841750435145
990,1767153213593,65.3442542008834,64.9378050159701,65.00587509376058,65.00587509376058,65.00587509376058,0.9594427943229675,0.9626211724318958,ok,True,True,46.26554499873805,0.4064491849132992,1.0,0.0,0.9804841750435145
991,1767153213628,64.18864296717241,64.48830778669148,64.71818930172459,64.71818930172459,64.71818930172459,0.9678555727005005,0.9657618125930586,ok,True,True,43.75291306490522,0.2996648195190659,1.0,0.0,0.9804841750435145
992,1767153213672,60.370049273459536,62.01735267875231,62.48155348917648,62.48155348917648,62.48155348917648,0.9798780083656311,0.9742315300566021,ok,True,True,38.67914373719379,1.6473034052927744,1.0,0.0,0.9804841750435145
993,1767153213715,54.49352973334588,57.50305891150845,58.20258541599166,58.20258541599166,58.20258541599166,0.9650845527648926,0.9687433436815764,ok,True,True,31.033236960070766,3.009529178162566,1.0,0.0,0.9804841750435145
994,1767153213758,47.74319087567365,51.647138090007566,52.49421820535443,52.49421820535443,52.49421820535443,0.9581522941589355,0.9623887139679919,ok,True,True,21.774551902123665,3.9039472143339182,1.0,0.0,0.9804841750435145
995,1767153213806,40.11387159212742,44.72717819127948,45.67503551847113,45.67503551847113,45.67503551847113,0.9599687457084656,0.960936733012276,ok,True,True,11.414360093416809,4.613306599152061,1.0,0.0,0.9804841750435145
996,1767153213842,32.702313147069844,37.5122591647537,38.465741076306585,38.465741076306585,38.465741076306585,0.9619255065917969,0.9615299971599884,ok,True,True,0.9926909176474084,4.809946017683856,1.0,0.0,0.9804841750435145
997,1767153213876,17.478980469043766,25.49229194732774,26.943904882750388,26.943904882750388,26.943904882750388,0.9680343866348267,0.9654326308448913,ok,True,True,-14.873608800198099,8.013311478283974,1.0,0.0,0.9804841750435145
998,1767153213909,11.692240074804404,17.21226082381374,18.24304155753828,18.24304155753828,18.24304155753828,0.9550983309745789,0.9592320509227038,ok,True,True,-26.14016317262277,5.520020749009335,1.0,0.0,0.9804841750435145
999,1767153213943,8.533601554412959,12.005065262173272,12.604016339943302,12.604016339943302,12.604016339943302,0.9730820059776306,0.9675420239556598,ok,True,True,-32.686768734152125,3.4714637077603125,1.0,0.0,0.9804841750435145
1000,1767153213977,7.7227213205538545,9.435658897201622,9.667666106128301,9.667666106128301,9.667666106128301,0.9706433415412903,0.969402814507038,ok,True,True,-35.22263475167264,1.712937576647767,1.0,0.0,0.9804841750435145
1001,1767153214011,7.025741804506469,7.98970864158453,8.045943716589441,8.045943716589441,8.045943716589441,0.9813140034675598,0.9765495278833511,ok,True,True,-35.83729072015481,0.9639668370780612,1.0,0.0,0.9804841750435145
1002,1767153214049,7.566307553511472,7.735667988740695,7.636974381646653,7.636974381646653,7.636974381646653,0.9761167168617249,0.9762898412703753,ok,True,True,-34.75855801381294,0.16936043522922262,1.0,0.0,0.9804841750435145
1003,1767153214082,9.60826729868706,8.859227574708514,8.59350705219033,8.59350705219033,8.59350705219033,0.9668956398963928,0.9706533204459857,ok,True,True,-31.85420152278422,0.7490397239785462,1.0,0.0,0.9804841750435145
1004,1767153214117,12.256323925398146,10.897485385122293,10.521842242682471,10.521842242682471,10.521842242682471,0.9628623127937317,0.9659787158546334,ok,True,True,-27.748377897584696,1.358838540275853,1.0,0.0,0.9804841750435145
1005,1767153214152,16.71645832579258,14.388869149524464,13.85405432684414,13.85405432684414,13.85405432684414,0.9692109823226929,0.9679180757354691,ok,True,True,-21.90278912999648,2.3275891762681162,1.0,0.0,0.9804841750435145
1006,1767153214188,22.48892233578306,19.248901061279618,18.56531860910865,18.56531860910865,18.56531860910865,0.9594420194625854,0.9628324419717389,ok,True,True,-14.431152715536959,3.240021274503441,1.0,0.0,0.9804841750435145
1007,1767153214223,30.22063042182277,25.831938677605507,24.96725042833464,24.96725042833464,24.96725042833464,0.9677901268005371,0.9658070528690179,ok,True,True,-4.980008687644867,4.388691744217262,1.0,0.0,0.9804841750435145
1008,1767153214256,38.114126034676474,33.20125109184809,32.26375725094317,32.26375725094317,32.26375725094317,0.9620171189308167,0.9635330925060972,ok,True,True,5.266908999886498,4.912874942828381,1.0,0.0,0.9804841750435145
1009,1767153214288,46.7697127405323,41.34232808105862,40.34869552564359,40.34869552564359,40.34869552564359,0.9417094588279724,0.9504389122992223,ok,True,True,16.127429424384694,5.427384659473681,1.0,0.0,0.9804841750435145
1010,1767153214321,55.437357358688516,49.79934564763656,48.8045901148612,48.8045901148612,48.8045901148612,0.944510817527771,0.9468820554363515,ok,True,True,27.000224123202628,5.638011711051959,1.0,0.0,0.9804841750435145
1011,1767153214353,62.675685329653696,57.52514945684684,56.65232584019811,56.65232584019811,56.65232584019811,0.9592007398605347,0.9542732660908614,ok,True,True,36.54028867114668,5.150535872806856,1.0,0.0,0.9804841750435145
1012,1767153214387,66.5532754341213,62.942025043211515,62.375992042575035,62.375992042575035,62.375992042575035,0.959405243396759,0.9573524524744,ok,True,True,42.72709578696712,3.611250390909788,1.0,0.0,0.9804841750435145
1013,1767153214422,66.31561156879937,64.96617695856423,64.83604965973261,64.83604965973261,64.83604965973261,0.951729416847229,0.9539786310980974,ok,True,True,44.14940243246076,1.3494346102351358,1.0,0.0,0.9804841750435145
1014,1767153214461,65.1024752425171,65.04795592893595,65.18855102486137,65.18855102486137,65.18855102486137,0.9490549564361572,0.9510244263009333,ok,True,True,42.61268153643047,0.05451931358115303,1.0,0.0,0.9804841750435145
1015,1767153214510,63.075245921186074,63.864329924286025,64.17064973182492,64.17064973182492,64.17064973182492,0.9676822423934937,0.9610191159564696,ok,True,True,39.264570096165755,0.7890840030999513,1.0,0.0,0.9804841750435145
1016,1767153214545,57.68087620032475,60.15425768990926,60.748585307750375,60.748585307750375,60.748585307750375,0.9649028182029724,0.9633493373043712,ok,True,True,32.76849949418071,2.4733814895845114,1.0,0.0,0.9804841750435145
1017,1767153214603,51.853651566693635,55.17389401597988,55.91797103068423,55.91797103068423,55.91797103068423,0.9656510353088379,0.9647303561070513,ok,True,True,24.63565041274048,3.3202424492862477,1.0,0.0,0.9804841750435145
1018,1767153214639,45.80314290404924,49.55144334882149,50.35363843724347,50.35363843724347,50.35363843724347,0.9577540159225464,0.9605445519963484,ok,True,True,15.867563965935126,3.748300444772255,1.0,0.0,0.9804841750435145
1019,1767153214673,28.98603354047395,37.21219746381297,38.73789706325752,38.73789706325752,38.73789706325752,0.9694373607635498,0.9658802372566693,ok,True,True,-0.8085116830710959,8.22616392333902,1.0,0.0,0.9804841750435145
1020,1767153214707,21.855060070871424,27.99791502804804,29.193557890638914,29.193557890638914,29.193557890638914,0.9529290199279785,0.9581095068594548,ok,True,True,-13.877028469087536,6.142854957176617,1.0,0.0,0.9804841750435145
1021,1767153214744,14.661222232945933,19.995899350986775,20.97079137620561,20.97079137620561,20.97079137620561,0.9379141330718994,0.9459922825869216,ok,True,True,-24.532712699509354,5.334677118040842,1.0,0.0,0.9804841750435145
1022,1767153214776,9.480256869389434,13.68651386202837,14.408218907493744,14.408218907493744,14.408218907493744,0.952026903629303,0.9496130552123504,ok,True,True,-32.42103353201898,4.206256992638936,1.0,0.0,0.9804841750435145
1023,1767153214809,7.306165854535198,9.858305057532467,10.245491390892482,10.245491390892482,10.245491390892482,0.980478823184967,0.9681325159959204,ok,True,True,-36.65302558846548,2.552139202997269,1.0,0.0,0.9804841750435145
1024,1767153214842,5.859360061905621,7.45893806015636,7.633578166562456,7.633578166562456,7.633578166562456,0.9739293456077576,0.9716106137630227,ok,True,True,-38.56186244392433,1.599577998250739,1.0,0.0,0.9804841750435145
1025,1767153214881,4.815913850336798,5.873123534264623,5.926143181876359,5.926143181876359,5.926143181876359,0.9701422452926636,0.9707295926808073,ok,True,True,-39.14137341369771,1.0572096839278249,1.0,0.0,0.9804841750435145
1026,1767153214913,7.0367537015357975,6.571301634627328,6.353683568939268,6.353683568939268,6.353683568939268,0.9730195999145508,0.9721035970210534,ok,True,True,-36.7627824202114,0.46545206690846985,1.0,0.0,0.9804841750435145
1027,1767153214945,8.873481802128753,7.952609735128183,7.63739395708687,7.63739395708687,7.63739395708687,0.9722071886062622,0.9721657519721787,ok,True,True,-33.31743697849339,0.9208720670005697,1.0,0.0,0.9804841750435145
1028,1767153214976,10.3393400157668,9.384647903511352,9.06569521604969,9.06569521604969,9.06569521604969,0.9700430035591125,0.970892102924339,ok,True,True,-29.831246678318358,0.9546921122554473,1.0,0.0,0.9804841750435145
1029,1767153215013,15.218363300861473,12.884877141921425,12.347653409181031,12.347653409181031,12.347653409181031,0.9641656279563904,0.9668562179435698,ok,True,True,-23.959328241109713,2.3334861589400475,1.0,0.0,0.9804841750435145
1030,1767153215047,20.522907897155257,17.467695595061727,16.807132324411576,16.807132324411576,16.807132324411576,0.9703969359397888,0.9689806487413013,ok,True,True,-16.739294181765892,3.05521230209353,1.0,0.0,0.9804841750435145
1031,1767153215087,27.35810618052585,23.4019419463402,22.603645262031776,22.603645262031776,22.603645262031776,0.9733178615570068,0.9715829764307247,ok,True,True,-8.013817749364181,3.9561642341856498,1.0,0.0,0.9804841750435145
1032,1767153215122,34.39073122530276,29.995215513717735,29.1404558791577,29.1404558791577,29.1404558791577,0.9602231979370117,0.9647671093344969,ok,True,True,1.3288053547051977,4.395515711585023,1.0,0.0,0.9804841750435145
1033,1767153215157,42.57708812470475,37.544339080309946,36.611355394951644,36.611355394951644,36.611355394951644,0.9461767673492432,0.9536129041433447,ok,True,True,11.526426512885946,5.032749044394805,1.0,0.0,0.9804841750435145
1034,1767153215190,50.21069492139497,45.14415258496096,44.2347185989579,44.2347185989579,44.2347185989579,0.9656636118888855,0.9608433287906691,ok,True,True,21.466646693769334,5.066542336434004,1.0,0.0,0.9804841750435145
1035,1767153215224,63.742661137484575,56.30325771647513,55.03619205198221,55.03619205198221,55.03619205198221,0.958249568939209,0.9592870728797931,ok,True,True,35.31582308539633,7.439403421009445,1.0,0.0,0.9804841750435145
1036,1767153215256,67.2526343475435,62.87288369511615,62.129641169026236,62.129641169026236,62.129641169026236,0.9515315294265747,0.9546337468078621,ok,True,True,43.43955110836112,4.379750652427354,1.0,0.0,0.9804841750435145
1037,1767153215290,66.7723581600404,65.2125683740707,65.03009836943782,65.03009836943782,65.03009836943782,0.9515998959541321,0.952813436295624,ok,True,True,45.433969670206594,1.5597897859696985,1.0,0.0,0.9804841750435145
1038,1767153215324,65.37055401341274,65.30735975767593,65.44543966827806,65.44543966827806,65.44543966827806,0.9684689044952393,0.9622067172153932,ok,True,True,43.92474004489417,0.0631942557368177,1.0,0.0,0.9804841750435145
1039,1767153215374,64.75461769152537,64.9757145179856,65.19154824871421,65.19154824871421,65.19154824871421,0.9602178931236267,0.9610134227603333,ok,True,True,41.56565204189008,0.22109682646022577,1.0,0.0,0.9804841750435145
1040,1767153215407,59.239260786757775,61.5338422792489,62.096698752404194,62.096698752404194,62.096698752404194,0.9538113474845886,0.9566921775948866,ok,True,True,35.41356474417587,2.294581492491126,1.0,0.0,0.9804841750435145
1041,1767153215441,44.8931900809461,51.54945096026722,52.85833729644141,52.85833729644141,52.85833729644141,0.9383739233016968,0.9457012250189727,ok,True,True,21.107283503794225,6.656260879321124,1.0,0.0,0.9804841750435145
1042,1767153215485,35.634408898565106,42.000425723245954,43.29076170791751,43.29076170791751,43.29076170791751,0.9355151653289795,0.9395895892049768,ok,True,True,7.003759782052665,6.366016824680848,1.0,0.0,0.9804841750435145
1043,1767153215520,27.575326769369017,33.34536635091979,34.48139157295519,34.48139157295519,34.48139157295519,0.9477560520172119,0.9444894668923178,ok,True,True,-5.413129197100496,5.770039581550773,1.0,0.0,0.9804841750435145
1044,1767153215555,19.23577461145096,24.87961130723849,25.931093412308222,25.931093412308222,25.931093412308222,0.9531220197677612,0.9496689986175839,ok,True,True,-16.90595198744716,5.643836695787531,1.0,0.0,0.9804841750435145
1045,1767153215591,13.460908214739051,18.02838945173883,18.847488020796256,18.847488020796256,18.847488020796256,0.9648680686950684,0.9587884406640745,ok,True,True,-25.858795461068844,4.567481236999777,1.0,0.0,0.9804841750435145
1046,1767153215627,9.79375684186273,13.087609885813169,13.634248898389515,13.634248898389515,13.634248898389515,0.9606877565383911,0.9599280301886645,ok,True,True,-31.83362401168256,3.2938530439504383,1.0,0.0,0.9804841750435145
1047,1767153215660,7.042897604419071,9.46078251697671,9.808140193394557,9.808140193394557,9.808140193394557,0.9658456444740295,0.9634785987598835,ok,True,True,-35.63028417421776,2.417884912557639,1.0,0.0,0.9804841750435145
1048,1767153215695,5.433867487389779,7.0446334992245525,7.220506269703748,7.220506269703748,7.220506269703748,0.9710609316825867,0.9680279985135054,ok,True,True,-37.55259419263758,1.610766011834773,1.0,0.0,0.9804841750435145
1049,1767153215724,5.3471919033087145,6.02616854167505,6.019760614441879,6.019760614441879,6.019760614441879,0.9675626754760742,0.9677488046910466,ok,True,True,-37.482554796066594,0.6789766383663354,1.0,0.0,0.9804841750435145
1050,1767153215756,5.505663216873279,5.7138653467939875,5.608562119134076,5.608562119134076,5.608562119134076,0.967399537563324,0.9675392444144131,ok,True,True,-36.331578161360454,0.20820212992070886,1.0,0.0,0.9804841750435145
1051,1767153215787,7.760245681568725,6.941693547658831,6.6577463344109065,6.6577463344109065,6.6577463344109065,0.9728842377662659,0.9707462404255248,ok,True,True,-33.228001801918026,0.8185521339098942,1.0,0.0,0.9804841750435145
1052,1767153215817,9.2357249367658,8.318112381123012,8.009189657015707,8.009189657015707,8.009189657015707,0.9673581123352051,0.968713363571333,ok,True,True,-29.85144017813179,0.9176125556427888,1.0,0.0,0.9804841750435145
1053,1767153215848,14.158065898222715,11.822084491382833,11.285487314147465,11.285487314147465,11.285487314147465,0.9663699865341187,0.9673073373490043,ok,True,True,-23.986370066113718,2.335981406839881,1.0,0.0,0.9804841750435145
1054,1767153215878,19.010588214005157,16.135186724956228,15.504694836023027,15.504694836023027,15.504694836023027,0.9644305109977722,0.9655812415382651,ok,True,True,-17.095019737541406,2.8754014890489294,1.0,0.0,0.9804841750435145
1055,1767153215912,26.30331472640176,22.236063525823546,21.42120260105695,21.42120260105695,21.42120260105695,0.9690730571746826,0.9676763309201155,ok,True,True,-8.188494213267802,4.067251200578212,1.0,0.0,0.9804841750435145
1056,1767153215957,34.67572440797153,29.699860055112335,28.745445980406885,28.745445980406885,28.745445980406885,0.9618402123451233,0.9641746597751202,ok,True,True,2.2433636151400176,4.975864352859194,1.0,0.0,0.9804841750435145
1057,1767153215991,43.28724628370007,37.85229179226498,36.844255334464606,36.844255334464606,36.844255334464606,0.9593499898910522,0.9612798578446794,ok,True,True,13.261320382878013,5.434954491435093,1.0,0.0,0.9804841750435145
1058,1767153216024,51.6069643828247,46.105095346600805,45.120861299513344,45.120861299513344,45.120861299513344,0.9584397673606873,0.9595758035542841,ok,True,True,24.019114008525833,5.501869036223894,1.0,0.0,0.9804841750435145
1059,1767153216059,58.72367296285166,53.676241916351316,52.810762936776634,52.810762936776634,52.810762936776634,0.9666913151741028,0.9638451105261754,ok,True,True,33.4789008114237,5.047431046500343,1.0,0.0,0.9804841750435145
1060,1767153216091,64.42545622666955,60.12577050254226,59.4339175141328,59.4339175141328,59.4339175141328,0.9702559113502502,0.9676915910206203,ok,True,True,41.04093515744269,4.299685724127293,1.0,0.0,0.9804841750435145
1061,1767153216123,65.6355349698518,63.431629182927985,63.138140017493676,63.138140017493676,63.138140017493676,0.9643377065658569,0.9656792603477622,ok,True,True,44.24880617394427,2.203905786923819,1.0,0.0,0.9804841750435145
1062,1767153216157,65.64529969482719,64.75983149006751,64.7434553420601,64.7434553420601,64.7434553420601,0.9441319704055786,0.9527508863824521,ok,True,True,44.42779939325843,0.8854682047596754,1.0,0.0,0.9804841750435145
1063,1767153216188,62.862697917042716,63.62155134625263,63.912043896152454,63.912043896152454,63.912043896152454,0.9625622630119324,0.9586377123601403,ok,True,True,41.25268173617458,0.758853429209914,1.0,0.0,0.9804841750435145
1064,1767153216220,57.55713604216115,59.98290216379774,60.574888288184795,60.574888288184795,60.574888288184795,0.963715672492981,0.9616844884398447,ok,True,True,34.78220393239554,2.4257661216365918,1.0,0.0,0.9804841750435145
1065,1767153216266,50.707270555649195,54.41752319890861,55.234121746657266,55.234121746657266,55.234121746657266,0.933805525302887,0.94495711055767,ok,True,True,25.85668598503368,3.710252643259416,1.0,0.0,0.9804841750435145
1066,1767153216317,43.13843624305112,47.65007102539411,48.592691986162436,48.592691986162436,48.592691986162436,0.9584149718284607,0.9530318273201444,ok,True,True,15.553728275774121,4.511634782342995,1.0,0.0,0.9804841750435145
1067,1767153216353,32.26926857219047,38.421589553471925,39.61461283492147,39.61461283492147,39.61461283492147,0.945625364780426,0.9485879497963133,ok,True,True,2.5138438190164614,6.152320981281456,1.0,0.0,0.9804841750435145
1068,1767153216386,21.990093745560415,28.56269206872502,29.805509160057355,29.805509160057355,29.805509160057355,0.9479401111602783,0.9481992466146923,ok,True,True,-11.070292822614105,6.5725983231646055,1.0,0.0,0.9804841750435145
1069,1767153216424,14.990935442120554,20.41963809276234,21.425977495147173,21.425977495147173,21.425977495147173,0.9472173452377319,0.9476101057885161,ok,True,True,-22.069700575526127,5.428702650641787,1.0,0.0,0.9804841750435145
1070,1767153216461,8.917132824016935,13.518134931515096,14.318596755720296,14.318596755720296,14.318596755720296,0.9555563926696777,0.9523778779172131,ok,True,True,-30.818842241059208,4.601002107498161,1.0,0.0,0.9804841750435145
1071,1767153216493,6.296353057066394,9.185065806845875,9.643348035065866,9.643348035065866,9.643348035065866,0.9611304998397827,0.9576294510707549,ok,True,True,-35.82792077078681,2.888712749779481,1.0,0.0,0.9804841750435145
1072,1767153216527,5.000081506082015,6.67407522638756,6.87217756124343,6.87217756124343,6.87217756124343,0.9673450589179993,0.9634588157791015,ok,True,True,-37.99320253628243,1.6739937203055444,1.0,0.0,0.9804841750435145
1073,1767153216557,4.382892264804036,5.299365449437445,5.333558527532131,5.333558527532131,5.333558527532131,0.9611042141914368,0.9620460548265026,ok,True,True,-38.366936892106445,0.9164731846334098,1.0,0.0,0.9804841750435145
1074,1767153216592,2.9392360126609263,3.883287787371534,3.9024140930014486,3.9024140930014486,3.9024140930014486,0.9517673850059509,0.9558788529341715,ok,True,True,-38.57598965694074,0.9440517747106076,1.0,0.0,0.9804841750435145
1075,1767153216622,2.7137507537091072,3.1815655671740783,3.1185059667317327,3.1185059667317327,3.1185059667317327,0.9617608785629272,0.959408068311425,ok,True,True,-37.886740824630955,0.4678148134649711,1.0,0.0,0.9804841750435145
1076,1767153216662,4.166999310727973,3.7728258133064148,3.558852778221971,3.558852778221971,3.558852778221971,0.9682134389877319,0.9646912907172092,ok,True,True,-35.547990443353605,0.39417349742155805,1.0,0.0,0.9804841750435145
1077,1767153216692,5.17585805031219,4.61464515550988,4.364565867906247,4.364565867906247,4.364565867906247,0.9732816815376282,0.9698455252094605,ok,True,True,-32.814594485298684,0.5612128948023098,1.0,0.0,0.9804841750435145
1078,1767153216728,7.730928517295965,6.484415172581531,6.12574914095536,6.12574914095536,6.12574914095536,0.9676665663719177,0.9685381499069349,ok,True,True,-28.8943326734031,1.246513344714434,1.0,0.0,0.9804841750435145
1079,1767153216762,13.177380602917086,10.500194430782864,9.904485274501525,9.904485274501525,9.904485274501525,0.972342848777771,0.9708209692294365,ok,True,True,-22.383161694155344,2.6771861721342223,1.0,0.0,0.9804841750435145
1080,1767153216794,17.65063042555627,14.790456027646908,14.16188030188177,14.16188030188177,14.16188030188177,0.9617032408714294,0.9653503322146322,ok,True,True,-15.512755253854383,2.8601743979093612,1.0,0.0,0.9804841750435145
1081,1767153216830,25.750932453235844,21.36674188300027,20.504922483912797,20.504922483912797,20.504922483912797,0.9690057635307312,0.9675435910042917,ok,True,True,-6.092968095100472,4.384190570235575,1.0,0.0,0.9804841750435145
1082,1767153216862,34.49932140404605,29.246289595627736,28.248029967181907,28.248029967181907,28.248029967181907,0.9700226783752441,0.9690310434268632,ok,True,True,4.8181267805697185,5.253031808418314,1.0,0.0,0.9804841750435145
1083,1767153216897,42.121450769437956,36.97138629991387,36.01572838915197,36.01572838915197,36.01572838915197,0.9617668986320496,0.964672556549975,ok,True,True,15.263579883027502,5.150064469524089,1.0,0.0,0.9804841750435145
1084,1767153216931,48.08527235332798,43.63971793196234,42.845615700418904,42.845615700418904,42.845615700418904,0.9722907543182373,0.9692434752109323,ok,True,True,23.943210454526678,4.445554421365642,1.0,0.0,0.9804841750435145
1085,1767153216964,54.1923348086491,49.97128805797439,49.265091288527906,49.265091288527906,49.265091288527906,0.9707196950912476,0.9701292071391215,ok,True,True,31.662024010393637,4.221046750674709,1.0,0.0,0.9804841750435145
1086,1767153216998,57.552032407212266,54.51973466751711,54.05107233331944,54.05107233331944,54.05107233331944,0.9774661660194397,0.9745313824673124,ok,True,True,36.78455831646906,3.032297739695153,1.0,0.0,0.9804841750435145
1087,1767153217029,59.58804940628748,57.56072351077933,57.30587038884014,57.30587038884014,57.30587038884014,0.9676756858825684,0.970417964516466,ok,True,True,39.57013284397799,2.027325895508149,1.0,0.0,0.9804841750435145
1088,1767153217061,60.962214610945395,59.601618170878965,59.49260736438688,59.49260736438688,59.49260736438688,0.9512686133384705,0.9589283538096687,ok,True,True,40.76163375037072,1.3605964400664305,1.0,0.0,0.9804841750435145
1089,1767153217094,60.546406298691785,60.16849104756666,60.24470007416456,60.24470007416456,60.24470007416456,0.9580074548721313,0.9583758144471463,ok,True,True,39.928660147214245,0.37791525112512403,1.0,0.0,0.9804841750435145
1090,1767153217138,58.4261965649701,59.12311435800872,59.39683362850643,59.39683362850643,59.39683362850643,0.9614247679710388,0.9602051865614818,ok,True,True,36.936876402188474,0.6969177930386223,1.0,0.0,0.9804841750435145
1091,1767153217175,53.065023460623074,55.48825981957734,56.06189471602633,56.06189471602633,56.06189471602633,0.9421755075454712,0.9493873791518754,ok,True,True,30.66697967312338,2.423236358954263,1.0,0.0,0.9804841750435145
1092,1767153217233,45.34990218816721,49.40524524073126,50.26225760812284,50.26225760812284,50.26225760812284,0.9549438953399658,0.9527212888647296,ok,True,True,21.29973393486741,4.055343052564048,1.0,0.0,0.9804841750435145
1093,1767153217269,37.459320474997156,42.2376903812908,43.21252296873482,43.21252296873482,43.21252296873482,0.9508695602416992,0.9516102516909114,ok,True,True,10.64469936629885,4.778369906293641,1.0,0.0,0.9804841750435145
1094,1767153217303,19.31798451495176,28.485866861487377,30.169056440442727,30.169056440442727,30.169056440442727,0.9723573923110962,0.9640585360630223,ok,True,True,-7.752760238788033,9.167882346535617,1.0,0.0,0.9804841750435145
1095,1767153217337,11.913989564931034,18.542740483553573,19.81146979628862,19.81146979628862,19.81146979628862,0.9472936391830444,0.9539995979350355,ok,True,True,-21.620120500915565,6.628750918622538,1.0,0.0,0.9804841750435145
1096,1767153217370,7.178258877297343,11.724051519799835,12.546227676042498,12.546227676042498,12.546227676042498,0.9537584781646729,0.953854926072818,ok,True,True,-30.60660236359897,4.545792642502492,1.0,0.0,0.9804841750435145
1097,1767153217403,4.088134357159884,7.142501222215865,7.631728574821112,7.631728574821112,7.631728574821112,0.969963788986206,0.9635202438208508,ok,True,True,-35.953914733988476,3.0543668650559805,1.0,0.0,0.9804841750435145
1098,1767153217437,2.6039823709517145,4.419389911457374,4.644151226171587,4.644151226171587,4.644151226171587,0.9641926884651184,0.9639237106074114,ok,True,True,-38.410582277526444,1.8154075405056598,1.0,0.0,0.9804841750435145
1099,1767153217469,1.6100724540049125,2.733799436985897,2.804111360670474,2.804111360670474,2.804111360670474,0.9670986533164978,0.9658286762328632,ok,True,True,-39.17909985386849,1.1237269829809846,1.0,0.0,0.9804841750435145
1100,1767153217499,1.4753491354952497,1.9787292560915086,1.9250925732006885,1.9250925732006885,1.9250925732006885,0.9671705365180969,0.9666337924040035,ok,True,True,-38.592844616091206,0.5033801205962589,1.0,0.0,0.9804841750435145
1101,1767153217545,3.1613590796700746,2.688307150238648,2.4595539099700288,2.4595539099700288,2.4595539099700288,0.9618543386459351,0.9637661201491624,ok,True,True,-36.09254485782714,0.4730519294314264,1.0,0.0,0.9804841750435145
1102,1767153217575,4.405191931022093,3.7184380187087145,3.4436665361654155,3.4436665361654155,3.4436665361654155,0.963377833366394,0.9635331480795013,ok,True,True,-33.08926031167545,0.6867539123133781,1.0,0.0,0.9804841750435145
1103,1767153217606,7.0223048971872934,5.700758145795861,5.325753179560298,5.325753179560298,5.325753179560298,0.9658780694007874,0.9649401008722729,ok,True,True,-28.990412027272697,1.3215467513914323,1.0,0.0,0.9804841750435145
1104,1767153217638,11.78699641422119,9.352501106851058,8.795239764754168,8.795239764754168,8.795239764754168,0.9644691944122314,0.964657556996248,ok,True,True,-22.899480168564953,2.434495307370131,1.0,0.0,0.9804841750435145
1105,1767153217671,23.89385878088724,18.077315711272767,16.956185709361588,16.956185709361588,16.956185709361588,0.9455183744430542,0.9531740474643318,ok,True,True,-10.645397693189183,5.816543069614472,1.0,0.0,0.9804841750435145
1106,1767153217705,33.84145251393008,27.535797792867154,26.315442257545108,26.315442257545108,26.315442257545108,0.9710046052932739,0.9638723821616971,ok,True,True,2.6932315055881464,6.3056547210629255,1.0,0.0,0.9804841750435145
1107,1767153217738,42.94199802354932,36.77951793127645,35.62167954321361,35.62167954321361,35.62167954321361,0.9649720191955566,0.9645321643820128,ok,True,True,15.34854094899937,6.162480092272865,1.0,0.0,0.9804841750435145
1108,1767153217769,51.56516975067581,45.65090902291607,44.588682701454,44.588682701454,44.588682701454,0.9703445434570312,0.9680195918270239,ok,True,True,26.958799285251125,5.914260727759739,1.0,0.0,0.9804841750435145
1109,1767153217801,58.45597926351184,53.33395116727354,52.458215745111175,52.458215745111175,52.458215745111175,0.97652268409729,0.9731214471891836,ok,True,True,36.5306902091333,5.122028096238303,1.0,0.0,0.9804841750435145
1110,1767153217844,63.232585009429755,59.27313147256727,58.6484452396842,58.6484452396842,58.6484452396842,0.9732004404067993,0.973168843119753,ok,True,True,43.35858403583635,3.9594535368624832,1.0,0.0,0.9804841750435145
1111,1767153217879,64.873754233029,62.63350512884431,62.35005013097547,62.35005013097547,62.35005013097547,0.9605085849761963,0.9655726882336191,ok,True,True,46.45678042342838,2.2402491041846915,1.0,0.0,0.9804841750435145
1112,1767153217913,63.71841312414075,63.28444992602218,63.35299406082923,63.35299406082923,63.35299406082923,0.9417061805725098,0.9512527836369534,ok,True,True,45.70758498695173,0.4339631981185761,1.0,0.0,0.9804841750435145
1113,1767153217969,62.1027735699592,62.57544411238439,62.83226562307679,62.83226562307679,62.83226562307679,0.9626725912094116,0.9581046681804284,ok,True,True,42.900495739397535,0.4726705424251918,1.0,0.0,0.9804841750435145
1114,1767153218002,56.86199567384308,59.14737504925961,59.7182314013461,59.7182314013461,59.7182314013461,0.9649524092674255,0.9622133128326267,ok,True,True,36.660968826251704,2.2853793754165252,1.0,0.0,0.9804841750435145
1115,1767153218064,50.43718596426126,53.9212615982606,54.704627132651645,54.704627132651645,54.704627132651645,0.942438542842865,0.9503484508387696,ok,True,True,28.098691614482618,3.484075633999339,1.0,0.0,0.9804841750435145
1116,1767153218108,44.33087066270518,48.16702703692735,49.001198152783694,49.001198152783694,49.001198152783694,0.9525502324104309,0.9516695197817664,ok,True,True,18.981103435721465,3.8361563742221705,1.0,0.0,0.9804841750435145
1117,1767153218144,35.928678282593665,40.82401778432714,41.80725717477419,41.80725717477419,41.80725717477419,0.9659968614578247,0.9602659247874014,ok,True,True,8.234181523867306,4.895339501733474,1.0,0.0,0.9804841750435145
1118,1767153218176,27.64344420339387,32.91567363576718,33.938664148959326,33.938664148959326,33.938664148959326,0.9570429921150208,0.9583321651839729,ok,True,True,-2.947224824026261,5.272229432373308,1.0,0.0,0.9804841750435145
1119,1767153218211,13.09211886365294,21.021540772498636,22.452210066950002,22.452210066950002,22.452210066950002,0.9651564359664917,0.9624267276534841,ok,True,True,-18.584608088508382,7.929421908845695,1.0,0.0,0.9804841750435145
1120,1767153218246,8.597310781224085,13.567002777733904,14.489510044671226,14.489510044671226,14.489510044671226,0.9701170921325684,0.9670409463409347,ok,True,True,-28.667720764034677,4.96969199650982,1.0,0.0,0.9804841750435145
1121,1767153218277,5.7976509082501355,8.905391656043644,9.421964955516653,9.421964955516653,9.421964955516653,0.9644138216972351,0.965464671554715,ok,True,True,-34.313927542488855,3.1077407477935086,1.0,0.0,0.9804841750435145
1122,1767153218310,5.488886741179848,6.8554887071253665,7.014268746817913,7.014268746817913,7.014268746817913,0.9514708518981934,0.957068379760802,ok,True,True,-36.04941200773292,1.3666019659455184,1.0,0.0,0.9804841750435145
1123,1767153218343,6.80308998252514,6.82404947236523,6.711167660653981,6.711167660653981,6.711167660653981,0.9728239178657532,0.9665217026237727,ok,True,True,-34.81560056006722,0.020959489840089773,1.0,0.0,0.9804841750435145
1124,1767153218377,6.691470957365114,6.74450236336516,6.611260539408482,6.611260539408482,6.611260539408482,0.9656518697738647,0.9659998029138279,ok,True,True,-33.3592517894953,0.053031406000045855,1.0,0.0,0.9804841750435145
1125,1767153218410,9.100110781074745,8.15786741399091,7.86115266326656,7.86115266326656,7.86115266326656,0.9638308882713318,0.9646984541283303,ok,True,True,-30.116124747280256,0.9422433670838348,1.0,0.0,0.9804841750435145
1126,1767153218441,11.199969195704126,9.98312848301884,9.63426400153309,9.63426400153309,9.63426400153309,0.962020754814148,0.963091834539821,ok,True,True,-26.302995028542917,1.2168407126852863,1.0,0.0,0.9804841750435145
1127,1767153218473,15.558979207668996,13.328638917808934,12.818470294200193,12.818470294200193,12.818470294200193,0.9419559836387634,0.9504103239991865,ok,True,True,-20.726792108816092,2.2303402898600613,1.0,0.0,0.9804841750435145
1128,1767153218505,21.45407413984883,18.20390005103287,17.52574355348179,17.52574355348179,17.52574355348179,0.9613174796104431,0.9569546173659405,ok,True,True,-13.314462015038732,3.2501740888159603,1.0,0.0,0.9804841750435145
1129,1767153218539,28.45038751164489,24.351792527400082,23.540429158123803,23.540429158123803,23.540429158123803,0.9650805592536926,0.9618301824985918,ok,True,True,-4.4461651826808595,4.098594984244809,1.0,0.0,0.9804841750435145
1130,1767153218585,37.11432509765918,32.00931206955554,31.0475898789198,31.0475898789198,31.0475898789198,0.9534296989440918,0.9567898923658917,ok,True,True,6.065571210386484,5.105013028103642,1.0,0.0,0.9804841750435145
1131,1767153218620,46.44767222579096,40.67232816329679,39.620711019893974,39.620711019893974,39.620711019893974,0.966066837310791,0.9623560593328313,ok,True,True,17.559869985559313,5.77534406249417,1.0,0.0,0.9804841750435145
1132,1767153218653,53.25161649243634,48.21990116078052,47.32550299298917,47.32550299298917,47.32550299298917,0.963193416595459,0.962858473690408,ok,True,True,27.335746909071098,5.031715331655818,1.0,0.0,0.9804841750435145
1133,1767153218685,60.83468695792672,55.78877263906824,54.9459124146644,54.9459124146644,54.9459124146644,0.9566123485565186,0.9591107986100743,ok,True,True,36.5483080638449,5.045914318858479,1.0,0.0,0.9804841750435145
1134,1767153218726,64.28474418336626,60.88635556564705,60.35933160844788,60.35933160844788,60.35933160844788,0.9696820974349976,0.9654535779050283,ok,True,True,42.308741757536346,3.398388617719206,1.0,0.0,0.9804841750435145
1135,1767153218757,63.80624392288929,62.63828857999239,62.541339944479994,62.541339944479994,62.541339944479994,0.9576686024665833,0.9607825926419612,ok,True,True,43.36840171973422,1.1679553428968958,1.0,0.0,0.9804841750435145
1136,1767153218807,61.520539630211694,61.96763921012398,62.19300758396371,62.19300758396371,62.19300758396371,0.9597991704940796,0.9601925393532322,ok,True,True,40.905098948721346,0.4470995799122832,1.0,0.0,0.9804841750435145
1137,1767153218859,58.94635352151625,60.15486779695934,60.53451292548083,60.53451292548083,60.53451292548083,0.9645588994026184,0.9628123553828639,ok,True,True,36.755533146052166,1.2085142754430862,1.0,0.0,0.9804841750435145
1138,1767153218918,53.870340272600984,56.38415128234433,56.98409661221889,56.98409661221889,56.98409661221889,0.9701579809188843,0.9672197307044761,ok,True,True,30.198060292353738,2.5138110097433426,1.0,0.0,0.9804841750435145
1139,1767153219133,47.57329960417731,51.09764027544412,51.866949681590626,51.866949681590626,51.866949681590626,0.9707978963851929,0.9693666301129061,ok,True,True,21.7894182116573,3.5243406712668133,1.0,0.0,0.9804841750435145
1140,1767153219159,41.21588891153856,45.168589457100786,45.99723058930557,45.99723058930557,45.99723058930557,0.9685993790626526,0.968906279482754,ok,True,True,12.732273403101289,3.952700545562223,1.0,0.0,0.9804841750435145
1141,1767153219188,22.32167483914763,31.460440686328894,33.130206202874625,33.130206202874625,33.130206202874625,0.9701305627822876,0.9696408494624742,ok,True,True,-5.518459624655861,9.138765847181265,1.0,0.0,0.9804841750435145
1142,1767153219215,11.51372779832686,19.492412953527673,20.993948074166802,20.993948074166802,20.993948074166802,0.9604238867759705,0.964110671850572,ok,True,True,-21.930414684835362,7.978685155200813,1.0,0.0,0.9804841750435145
1143,1767153219249,8.818933829944324,13.088325479377664,13.88905771407254,13.88905771407254,13.88905771407254,0.9710839986801147,0.9682946679482977,ok,True,True,-30.682511968750816,4.26939164943334,1.0,0.0,0.9804841750435145
1144,1767153219279,11.61271417752109,12.20295869826372,12.276992647324223,12.276992647324223,12.276992647324223,0.9598185420036316,0.9632089923814979,ok,True,True,-31.491711719197824,0.5902445207426297,1.0,0.0,0.9804841750435145
1145,1767153219312,14.503733713949227,13.583423707675024,13.320461761497285,13.320461761497285,13.320461761497285,0.9615155458450317,0.9621929244596182,ok,True,True,-28.61750679126419,0.9203100062742031,1.0,0.0,0.9804841750435145
1146,1767153219341,19.695348892325843,17.250578818465513,16.705489386634603,16.705489386634603,16.705489386634603,0.9695625305175781,0.9666146880943942,ok,True,True,-22.65961534002741,2.4447700738603295,1.0,0.0,0.9804841750435145
1147,1767153219375,26.694012924813446,22.916639282274275,22.139136620566486,22.139136620566486,22.139136620566486,0.9553762674331665,0.9598716356976577,ok,True,True,-14.161420014641557,3.777373642539171,1.0,0.0,0.9804841750435145
1148,1767153219413,35.68303136665912,30.57647453290518,29.58213014637982,29.58213014637982,29.58213014637982,0.966985821723938,0.9641401473134259,ok,True,True,-3.2931191925804075,5.106556833753942,1.0,0.0,0.9804841750435145
1149,1767153219457,43.42303285949075,38.28440952885653,37.30092837597216,37.30092837597216,37.30092837597216,0.9748949408531189,0.9705930234372416,ok,True,True,7.456445211082242,5.138623330634225,1.0,0.0,0.9804841750435145
1150,1767153219492,52.17984165849927,46.62166880664218,45.609154116239466,45.609154116239466,45.609154116239466,0.9610971808433533,0.9648955178809087,ok,True,True,18.523349586643974,5.558172851857094,1.0,0.0,0.9804841750435145
1151,1767153219594,60.517169597132174,54.958969280936174,53.9843809083242,53.9843809083242,53.9843809083242,0.9787807464599609,0.97322665502834,ok,True,True,29.175714858441932,5.558200316196,1.0,0.0,0.9804841750435145
1152,1767153219630,62.81892045374814,59.67493998462336,59.14837706986044,59.14837706986044,59.14837706986044,0.9679603576660156,0.9700668766109455,ok,True,True,34.931109304206004,3.1439804691247843,1.0,0.0,0.9804841750435145
1153,1767153219668,62.15356853130847,61.16211711263443,61.067322017081345,61.067322017081345,61.067322017081345,0.960355281829834,0.9642399197422785,ok,True,True,35.96723082195004,0.9914514186740462,1.0,0.0,0.9804841750435145
1154,1767153219706,62.418963295986636,61.91622482264575,61.95528760717255,61.95528760717255,61.95528760717255,0.9706907272338867,0.9681104042372434,ok,True,True,35.54027000340693,0.5027384733408837,1.0,0.0,0.9804841750435145
1155,1767153219737,48.352764895884896,53.778148866589234,54.82298724167985,54.82298724167985,54.82298724167985,0.9333352446556091,0.9472453084882628,ok,True,True,24.120063961313754,5.425383970704338,1.0,0.0,0.9804841750435145
1156,1767153219774,41.11440818823644,46.17990445957756,47.23425956869782,47.23425956869782,47.23425956869782,0.9483535289764404,0.9479102407811694,ok,True,True,12.595838899573673,5.065496271341118,1.0,0.0,0.9804841750435145
1157,1767153219808,32.82603031588683,38.16757997336312,39.22633862200908,39.22633862200908,39.22633862200908,0.9630106687545776,0.9569704975652142,ok,True,True,1.0234826341020806,5.3415496574762855,1.0,0.0,0.9804841750435145
1158,1767153219842,25.07079838092174,30.30951101789829,31.308493592817868,31.308493592817868,31.308493592817868,0.9635735750198364,0.9609323440379876,ok,True,True,-9.895514131357373,5.238712636976551,1.0,0.0,0.9804841750435145
1159,1767153219875,17.598295177983683,22.68278151394953,23.60865273774529,23.60865273774529,23.60865273774529,0.9579530954360962,0.9591447948768528,ok,True,True,-20.0153952500764,5.084486335965845,1.0,0.0,0.9804841750435145
1160,1767153219909,13.118004867943181,16.94391552634572,17.61328129499126,17.61328129499126,17.61328129499126,0.9526057839393616,0.955221388314358,ok,True,True,-27.331641645403522,3.825910658402538,1.0,0.0,0.9804841750435145
1161,1767153219943,9.198344259167282,12.296572766038658,12.788271913776072,12.788271913776072,12.788271913776072,0.9704645276069641,0.9643672718899217,ok,True,True,-32.70597102663044,3.0982285068713757,1.0,0.0,0.9804841750435145
1162,1767153219979,9.481216674610675,10.607359111181868,10.729089744993582,10.729089744993582,10.729089744993582,0.974220335483551,0.9702791100460992,ok,True,True,-34.03650113818364,1.1261424365711932,1.0,0.0,0.9804841750435145
1163,1767153220010,9.614974440562444,10.011928308810212,9.96534507083263,9.96534507083263,9.96534507083263,0.9732103943824768,0.9720378806479257,ok,True,True,-33.52734088096614,0.3969538682477687,1.0,0.0,0.9804841750435145
1164,1767153220042,10.500179232032867,10.304878862743806,10.142255862391373,10.142255862391373,10.142255862391373,0.9822043180465698,0.9781377430871122,ok,True,True,-31.749852404772778,0.19530036928906114,1.0,0.0,0.9804841750435145
1165,1767153220074,11.970756009063962,11.3044051505359,11.056585634708021,11.056585634708021,11.056585634708021,0.9717413187026978,0.9742998884564635,ok,True,True,-29.041156017390662,0.6663508585280624,1.0,0.0,0.9804841750435145
1166,1767153220106,15.196649862982138,13.639751978003641,13.243414796762568,13.243414796762568,13.243414796762568,0.9670195579528809,0.9699316901543139,ok,True,True,-24.70914411983479,1.556897884978497,1.0,0.0,0.9804841750435145
1167,1767153220135,18.540875631272375,16.58042616996488,16.1160710690472,16.1160710690472,16.1160710690472,0.9676209688186646,0.9685452573529243,ok,True,True,-19.633688378924678,1.960449461307494,1.0,0.0,0.9804841750435145
1168,1767153220167,24.766068844182655,21.491811774495545,20.8188032160197,20.8188032160197,20.8188032160197,0.9623047709465027,0.9648009655090714,ok,True,True,-12.277625863303808,3.27425706968711,1.0,0.0,0.9804841750435145
1169,1767153220199,33.02089951248205,28.409264417287453,27.516445005089665,27.516445005089665,27.516445005089665,0.9672800302505493,0.9662884043539581,ok,True,True,-2.5190049236824095,4.6116350951946,1.0,0.0,0.9804841750435145
1170,1767153220232,40.998369461189384,35.96272744362861,35.01069705743845,35.01069705743845,35.01069705743845,0.9596202969551086,0.9622875399146484,ok,True,True,7.8867989095489985,5.035642017560775,1.0,0.0,0.9804841750435145
1171,1767153220262,50.34255031891421,44.59062116879997,43.550780929165924,43.550780929165924,43.550780929165924,0.9786490201950073,0.9721044280828638,ok,True,True,19.2523747446158,5.751929150114243,1.0,0.0,0.9804841750435145
1172,1767153220302,58.76659407298476,53.09620491131085,52.10249747240762,52.10249747240762,52.10249747240762,0.9775539040565491,0.9753741136670749,ok,True,True,30.113713654427038,5.67038916167391,1.0,0.0,0.9804841750435145
1173,1767153220335,62.582635949223196,58.78806353405825,58.15394103023477,58.15394103023477,58.15394103023477,0.9783231616020203,0.9771435424280421,ok,True,True,37.044747029770065,3.794572415164943,1.0,0.0,0.9804841750435145
1174,1767153220369,63.179157767892896,61.422720074359034,61.195717780845584,61.195717780845584,61.195717780845584,0.9544625282287598,0.9635349339084728,ok,True,True,39.525908734542334,1.7564376935338615,1.0,0.0,0.9804841750435145
1175,1767153220425,61.83764893010379,61.671677387805886,61.7656020596625,61.7656020596625,61.7656020596625,0.954115092754364,0.9578830292160075,ok,True,True,38.49930104993705,0.16597154229790334,1.0,0.0,0.9804841750435145
1176,1767153220470,59.84513352216375,60.5757510684206,60.85177165968135,60.85177165968135,60.85177165968135,0.9757200479507446,0.9685852404568498,ok,True,True,35.48236359893207,0.7306175462568518,1.0,0.0,0.9804841750435145
1177,1767153220507,55.2467354438807,57.37834169369666,57.89800065589456,57.89800065589456,57.89800065589456,0.9689927697181702,0.968829758013642,ok,True,True,29.802430164820155,2.1316062498159596,1.0,0.0,0.9804841750435145
1178,1767153220554,48.943947438802894,52.317705140760395,53.05137321227524,53.05137321227524,53.05137321227524,0.9776797294616699,0.9741397408824588,ok,True,True,21.783352053836694,3.3737577019575014,1.0,0.0,0.9804841750435145
1179,1767153220598,41.021715142678495,45.540111141911254,46.45945475282224,46.45945475282224,46.45945475282224,0.9783358573913574,0.9766574107877979,ok,True,True,11.734818509904711,4.518395999232759,1.0,0.0,0.9804841750435145
1180,1767153220634,32.263124669307196,37.57391925834882,38.609257887118716,38.609257887118716,38.609257887118716,0.9712334871292114,0.973403056592646,ok,True,True,0.4184458098065331,5.3107945890416275,1.0,0.0,0.9804841750435145
1181,1767153220678,23.213190206264297,28.957481827098107,30.036238485139343,30.036238485139343,30.036238485139343,0.9671545028686523,0.9696539243582498,ok,True,True,-11.372491044941327,5.74429162083381,1.0,0.0,0.9804841750435145
1182,1767153220712,10.239003012458847,17.72639453831455,19.0579437767909,19.0579437767909,19.0579437767909,0.9565239548683167,0.96177594266429,ok,True,True,-25.92648046677256,7.487391525855704,1.0,0.0,0.9804841750435145
1183,1767153220746,9.019717035956653,12.502388036899813,13.137577957454365,13.137577957454365,13.137577957454365,0.9777637720108032,0.9713686402721979,ok,True,True,-32.869180832237866,3.48267100094316,1.0,0.0,0.9804841750435145
1184,1767153220779,8.754253303238647,10.253507196703113,10.453107581445778,10.453107581445778,10.453107581445778,0.9751226305961609,0.9736210344665757,ok,True,True,-35.05083645877878,1.4992538934644664,1.0,0.0,0.9804841750435145
1185,1767153220812,8.336301234413035,9.103183619329066,9.123447183325748,9.123447183325748,9.123447183325748,0.9742597341537476,0.9740042542788788,ok,True,True,-35.27231959100885,0.7668823849160304,1.0,0.0,0.9804841750435145
1186,1767153220844,9.240644656941742,9.185660241896672,9.047496316509783,9.047496316509783,9.047496316509783,0.9708909392356873,0.9721362652529639,ok,True,True,-33.762171674240555,0.05498441504506957,1.0,0.0,0.9804841750435145
1187,1767153220878,12.03798260590742,10.89705366030312,10.565028751363547,10.565028751363547,10.565028751363547,0.970938503742218,0.9714176083465165,ok,True,True,-30.133100459404755,1.1409289456042995,1.0,0.0,0.9804841750435145
1188,1767153220909,16.115102996996754,14.0278832623193,13.529304988068054,13.529304988068054,13.529304988068054,0.9679480791091919,0.9693358908041217,ok,True,True,-24.683581418178246,2.087219734677454,1.0,0.0,0.9804841750435145
1189,1767153220942,21.0008219292935,18.211646462503822,17.5972390149556,17.5972390149556,17.5972390149556,0.9590303301811218,0.9631525544303219,ok,True,True,-17.96803592130777,2.789175466789679,1.0,0.0,0.9804841750435145
1190,1767153220976,26.83001789939698,23.382669324639718,22.670133367872992,22.670133367872992,22.670133367872992,0.9743059277534485,0.9698445784241978,ok,True,True,-10.179934304184167,3.447348574757264,1.0,0.0,0.9804841750435145
1191,1767153221009,35.24653838978726,30.500990763728243,29.589145458303147,29.589145458303147,29.589145458303147,0.965142011642456,0.9670230383551528,ok,True,True,-0.2133581190714473,4.745547626059018,1.0,0.0,0.9804841750435145
1192,1767153221044,42.15740610754624,37.49483997001904,36.611720152337554,36.611720152337554,36.611720152337554,0.9559698700904846,0.9603911373963518,ok,True,True,9.439245114326864,4.6625661375272,1.0,0.0,0.9804841750435145
1193,1767153221079,50.77912375849923,45.46541024310716,44.5123977967805,44.5123977967805,44.5123977967805,0.9765211343765259,0.9700691355844563,ok,True,True,19.85578298008613,5.313713515392074,1.0,0.0,0.9804841750435145
1194,1767153221111,59.415422402543776,53.83541753876912,52.868776643082235,52.868776643082235,52.868776643082235,0.9609281420707703,0.9645845394762447,ok,True,True,30.421281396528126,5.580004863774654,1.0,0.0,0.9804841750435145
1195,1767153221144,63.013243653361215,59.34211320752438,58.73282109079869,58.73282109079869,58.73282109079869,0.9729491472244263,0.9696033041251536,ok,True,True,37.08091572727047,3.6711304458368375,1.0,0.0,0.9804841750435145
1196,1767153221177,63.582051814684675,61.88607637182055,61.6721018245382,61.6721018245382,61.6721018245382,0.9626004695892334,0.9654016034036015,ok,True,True,39.41968263704839,1.6959754428641247,1.0,0.0,0.9804841750435145
1197,1767153221211,62.944907820543506,62.52137524105432,62.57324051995444,62.57324051995444,62.57324051995444,0.956437349319458,0.9600230509531154,ok,True,True,38.85278905274779,0.42353257948918355,1.0,0.0,0.9804841750435145
1198,1767153221248,61.32700956305688,61.80475583425586,62.035064301096625,62.035064301096625,62.035064301096625,0.9732990860939026,0.9679886720375878,ok,True,True,36.335490485558346,0.47774627119897417,1.0,0.0,0.9804841750435145
1199,1767153221302,56.49010276096374,58.615963990280584,59.13273322934902,59.13273322934902,59.13273322934902,0.9306524395942688,0.9455869325715964,ok,True,True,30.687142064334367,2.125861229316847,1.0,0.0,0.9804841750435145
1200,1767153221351,51.18089132730679,54.15492039249631,54.82463885996774,54.82463885996774,54.82463885996774,0.9467708468437195,0.9462972811348703,ok,True,True,23.3670406294542,2.9740290651895194,1.0,0.0,0.9804841750435145
1201,1767153221396,45.20882806265473,48.78726499459137,49.548004912604604,49.548004912604604,49.548004912604604,0.9578505754470825,0.9532292577221977,ok,True,True,15.05206405960645,3.5784369319366363,1.0,0.0,0.9804841750435145
1202,1767153221430,37.79156825963626,42.1898469536183,43.06706133963104,43.06706133963104,43.06706133963104,0.957361102104187,0.9557083643513913,ok,True,True,5.464007887296624,4.398278693982043,1.0,0.0,0.9804841750435145
1203,1767153221463,30.741454069420808,35.32081122309981,36.20566956306374,36.20566956306374,36.20566956306374,0.970645010471344,0.9646703520233629,ok,True,True,-4.207597598648766,4.579357153679002,1.0,0.0,0.9804841750435145
1204,1767153221497,16.778230700151262,24.19526290933068,25.520047961813873,25.520047961813873,25.520047961813873,0.962552547454834,0.9633996692822455,ok,True,True,-18.687653673858676,7.417032209179418,1.0,0.0,0.9804841750435145
1205,1767153221529,12.169906971466517,16.980049346612184,17.863645765690446,17.863645765690446,17.863645765690446,0.9690667986869812,0.9667999469250869,ok,True,True,-28.345466216448685,4.8101423751456664,1.0,0.0,0.9804841750435145
1206,1767153221560,10.182558419178552,12.901554790152005,13.34990470686679,13.34990470686679,13.34990470686679,0.9500545263290405,0.9567526945674591,ok,True,True,-33.24598341595727,2.7189963709734535,1.0,0.0,0.9804841750435145
1207,1767153221592,9.6046407292583,10.923406353615782,11.070536944647383,11.070536944647383,11.070536944647383,0.9671329259872437,0.9629808334193298,ok,True,True,-34.854138040379546,1.3187656243574821,1.0,0.0,0.9804841750435145
1208,1767153221622,9.639825924254938,10.153258095999275,10.125967457774735,10.125967457774735,10.125967457774735,0.9703958034515381,0.9674298154386548,ok,True,True,-34.55584816227523,0.5134321717443378,1.0,0.0,0.9804841750435145
1209,1767153221653,9.593743778962054,9.817549505776942,9.723415798574022,9.723415798574022,9.723415798574022,0.9590606689453125,0.9624083275426494,ok,True,True,-33.52695569680641,0.22380572681488786,1.0,0.0,0.9804841750435145
1210,1767153221685,11.40525256631665,10.770171342100767,10.528619303160205,10.528619303160205,10.528619303160205,0.9633709788322449,0.9629859183164067,ok,True,True,-30.886763567234524,0.6350812242158828,1.0,0.0,0.9804841750435145
1211,1767153221717,13.544750361849626,12.434918753950083,12.10725819418011,12.10725819418011,12.10725819418011,0.9671230316162109,0.9654681862962893,ok,True,True,-27.30539520093945,1.1098316078995438,1.0,0.0,0.9804841750435145
1212,1767153221748,17.044619754070588,15.200739354022385,14.753905175144485,14.753905175144485,14.753905175144485,0.9698335528373718,0.9680874062209388,ok,True,True,-22.421445193846168,1.843880400048203,1.0,0.0,0.9804841750435145
1213,1767153221778,20.407691039249745,18.3249103651588,17.842950785249823,17.842950785249823,17.842950785249823,0.9476901292800903,0.9558490400564297,ok,True,True,-17.153570431834428,2.0827806740909445,1.0,0.0,0.9804841750435145
1214,1767153221809,27.122264220923274,23.603322678617484,22.896613386700736,22.896613386700736,22.896613386700736,0.9613873362541199,0.9591720177750438,ok,True,True,-9.429154945227594,3.5189415423057895,1.0,0.0,0.9804841750435145
1215,1767153221863,33.95854300358484,29.8164548735979,29.009077830658008,29.009077830658008,29.009077830658008,0.9318329691886902,0.9427685886232315,ok,True,True,-0.6044291274858864,4.142088129986945,1.0,0.0,0.9804841750435145
1216,1767153221899,42.68553462003168,37.53790272145817,36.58378269978542,36.58378269978542,36.58378269978542,0.9458404183387756,0.944611686452558,ok,True,True,9.824214666770121,5.147631898573515,1.0,0.0,0.9804841750435145
1217,1767153221933,51.20847854324665,45.740248214531256,44.754876262867114,44.754876262867114,44.754876262867114,0.9618191123008728,0.9549361419615469,ok,True,True,20.594445722963908,5.468230328715393,1.0,0.0,0.9804841750435145
1218,1767153221964,57.799415018816354,52.975748297102314,52.13486211891477,52.13486211891477,52.13486211891477,0.9609023928642273,0.9585158925031552,ok,True,True,29.78543032095711,4.823666721714041,1.0,0.0,0.9804841750435145
1219,1767153222003,63.23156773084199,59.12923995734612,58.45943079977369,58.45943079977369,58.45943079977369,0.9507191181182861,0.9538378278722337,ok,True,True,37.10652300928284,4.102327773495865,1.0,0.0,0.9804841750435145
1220,1767153222033,66.9110758775247,63.798341509453266,63.340529099313876,63.340529099313876,63.340529099313876,0.9526941776275635,0.9531516377254315,ok,True,True,42.110466372260554,3.112734368071429,1.0,0.0,0.9804841750435145
1221,1767153222065,63.98840001080556,63.912376610264644,64.00521468416746,64.00521468416746,64.00521468416746,0.9391489624977112,0.9447500325887994,ok,True,True,41.09573533079273,0.07602340054091883,1.0,0.0,0.9804841750435145
1222,1767153222116,61.57236911215872,62.50837211140109,62.8283142161437,62.8283142161437,62.8283142161437,0.9546719193458557,0.9507031646430332,ok,True,True,37.59873058363768,0.9360029992423691,1.0,0.0,0.9804841750435145
1223,1767153222157,56.92484280015609,59.15825452465409,59.707731958513286,59.707731958513286,59.707731958513286,0.9320501089096069,0.9395113312029775,ok,True,True,31.592877755339323,2.233411724497998,1.0,0.0,0.9804841750435145
1224,1767153222192,50.17347516922276,53.76738691139529,54.54789966072287,54.54789966072287,54.54789966072287,0.9346718788146973,0.9366076597700093,ok,True,True,23.06178181906256,3.59391174217253,1.0,0.0,0.9804841750435145
1225,1767153222241,31.770940000256726,40.56951876471215,42.215390237847764,42.215390237847764,42.215390237847764,0.9661716222763062,0.9543460372737874,ok,True,True,5.0722134895283375,8.798578764455424,1.0,0.0,0.9804841750435145
1226,1767153222277,23.158487055990207,30.122899739478985,31.49136875011449,31.49136875011449,31.49136875011449,0.9606936573982239,0.9581546093484493,ok,True,True,-9.885313374204571,6.964412683488778,1.0,0.0,0.9804841750435145
1227,1767153222313,15.81142522286538,21.53601502951082,22.610320715191257,22.610320715191257,22.610320715191257,0.9648274183273315,0.9621582947357786,ok,True,True,-21.627600578767403,5.724589806645442,1.0,0.0,0.9804841750435145
1228,1767153222348,9.484492656503535,14.30510160570645,15.151557900691865,15.151557900691865,15.151557900691865,0.9792584180831909,0.972418368744226,ok,True,True,-30.879467206964208,4.820608949202915,1.0,0.0,0.9804841750435145
1229,1767153222381,6.087437369688457,9.374503064095656,9.904381136986864,9.904381136986864,9.904381136986864,0.9876046776771545,0.9815301541039831,ok,True,True,-36.67109672007437,3.2870656944071985,1.0,0.0,0.9804841750435145
1230,1767153222416,1.550018533305818,4.6798123456217535,5.126483344878428,5.126483344878428,5.126483344878428,0.9886214733123779,0.98578494562902,ok,True,True,-41.55326315476,3.1297938123159357,1.0,0.0,0.9804841750435145
1231,1767153222449,-2.958675114479436,0.09671986956103984,0.5034866492109069,0.5034866492109069,0.5034866492109069,0.9901717901229858,0.9884170523253994,ok,True,True,-45.99927178674323,3.055394984040476,1.0,0.0,0.9804841750435145
1232,1767153222486,-11.800377823206235,-7.041538746099325,-6.3705927462713,-6.3705927462713,-6.3705927462713,0.9806532859802246,0.9837587925182945,ok,True,True,-53.33279029432077,4.75883907710691,1.0,0.0,0.9804841750435145
1233,1767153222521,-23.989576534779477,-17.210361419307414,-16.198983245908288,-16.198983245908288,-16.198983245908288,0.9635218381881714,0.9716166199202206,ok,True,True,-64.38727240567334,6.779215115472063,1.0,0.0,0.9804841750435145
1234,1767153222551,-38.38475535863244,-29.91499778290243,-28.623737202458898,-28.623737202458898,-28.623737202458898,0.977519690990448,0.975158462562357,ok,True,True,-78.5009020676955,8.46975757573001,1.0,0.0,0.9804841750435145
1235,1767153222588,-55.80888117760789,-45.451327819725705,-43.865301155894635,-43.865301155894635,-43.865301155894635,0.9702564477920532,0.9722172537001748,invalid,True,True,-95.83635960928292,10.357553357882182,1.0,0.0,0.9804841750435145
1236,1767153222625,-69.99816741316299,-60.17943157578807,-58.71520195310612,-58.71520195310612,-58.71520195310612,0.9836139678955078,0.9790552822173746,invalid,True,True,-111.84056119932697,9.818735837374916,1.0,0.0,0.9804841750435145
1237,1767153222657,-85.60796250248664,-75.43655013180722,-73.98641144481053,-73.98641144481053,-73.98641144481053,0.9821078181266785,0.980886803762957,invalid,True,True,-127.69074720888699,10.17141237067942,1.0,0.0,0.9804841750435145
1238,1767153222697,-97.87568420109707,-88.90003057338113,-87.71061208409095,-87.71061208409095,-87.71061208409095,0.9782558679580688,0.9793082422800241,invalid,True,True,-140.6912308643528,8.975653627715943,1.0,0.0,0.9804841750435145
1239,1767153222736,-109.8402166491917,-101.46414221886747,-100.4525616536581,-100.4525616536581,-100.4525616536581,0.9902446269989014,0.9858700731113504,invalid,True,True,-151.7479251419402,8.376074430324238,1.0,0.0,0.9804841750435145
1240,1767153222771,-99.09518857639212,-100.04277003338225,-100.65304003871195,-100.65304003871195,-100.65304003871195,0.7951125502586365,0.8714155593997222,invalid,True,True,-145.07760237400976,0.947581456990136,1.0,0.0,0.9804841750435145
1241,1767153222816,-120.83641195478212,-112.51895518622217,-111.73436276593661,-111.73436276593661,-111.73436276593661,0.9968651533126831,0.9466853157474987,invalid,True,True,-153.65328959256985,8.31745676855995,1.0,0.0,0.9804841750435145
1242,1767153222833,-110.9430242273928,-111.57339661092456,-112.16298446464377,-112.16298446464377,-112.16298446464377,0.9609425067901611,0.9552396303730961,invalid,True,True,-147.20902516860588,0.6303723835317641,1.0,0.0,0.9804841750435145
1243,1767153222877,-124.29349242561302,-119.20545409973764,-118.96711840134921,-118.96711840134921,-118.96711840134921,0.996350109577179,0.9799059178955458,invalid,True,True,-149.81406231853438,5.088038325875388,1.0,0.0,0.9804841750435145
1244,1767153222896,-103.4716762391222,-109.76518738336839,-111.34952200645284,-111.34952200645284,-111.34952200645284,0.6115362048149109,0.758884090047165,invalid,True,True,-132.4970989808531,6.293511144246182,1.0,0.0,0.9804841750435145
1245,1767153222941,-117.45354971583444,-114.37820478284802,-114.53310187148128,-114.53310187148128,-114.53310187148128,0.9819838404655457,0.8927439402981934,invalid,True,True,-130.80405562631634,3.0753449329864253,1.0,0.0,0.9804841750435145
1246,1767153222965,-121.55570263172088,-118.68470349217174,-118.70797717221517,-118.70797717221517,-118.70797717221517,0.9812437891960144,0.9458438496368861,invalid,True,True,-130.54967157248532,2.8709991395491414,1.0,0.0,0.9804841750435145
1247,1767153222982,-109.06010765577885,-112.90994599033601,-114.04271597570748,-114.04271597570748,-114.04271597570748,0.9980761408805847,0.9771832243831053,invalid,True,True,-118.16836271204158,3.8498383345571625,1.0,0.0,0.9804841750435145
1248,1767153223034,-90.4452198921157,-99.43111033140383,-101.50147049788175,-101.50147049788175,-101.50147049788175,0.9822930693626404,0.9802491313708264,invalid,True,True,-95.53908315435905,8.985890439288127,1.0,0.0,0.9804841750435145
1249,1767153223057,-84.31534051027766,-90.36164843872814,-91.96034960296693,-91.96034960296693,-91.96034960296693,0.9995287656784058,0.991816911955374,invalid,True,True,-78.0650918360771,6.046307928450474,1.0,0.0,0.9804841750435145
1250,1767153223079,-78.02791513607636,-82.96140845713708,-84.25616664257898,-84.25616664257898,-84.25616664257898,0.9884215593338013,0.9897797003824303,invalid,True,True,-63.91323294101043,4.933493321060723,1.0,0.0,0.9804841750435145
1251,1767153223098,-57.80330182764877,-67.86654447944409,-69.93350201164581,-69.93350201164581,-69.93350201164581,0.9907230734825134,0.9903457242424802,invalid,True,True,-41.32114457523517,10.06324265179532,1.0,0.0,0.9804841750435145
1252,1767153223145,-58.17069457592792,-62.049034537334386,-63.0827150129765,-63.0827150129765,-63.0827150129765,0.9955829977989197,0.993488088376344,invalid,True,True,-30.02289568339285,3.8783399614064678,1.0,0.0,0.9804841750435145
1253,1767153223168,-40.67354884476165,-49.22374312179075,-50.882184614041726,-50.882184614041726,-50.882184614041726,0.9928311705589294,0.9930939376858952,invalid,True,True,-11.895935569949373,8.5501942770291,1.0,0.0,0.9804841750435145
1254,1767153223213,-45.14216344038927,-46.77479531294986,-47.27746165070795,-47.27746165070795,-47.27746165070795,0.9815068244934082,0.986141669770403,invalid,True,True,-6.401733514895719,1.6326318725605944,1.0,0.0,0.9804841750435145
1255,1767153223230,0.0,0.0,0.0,0.0,-47.27746165070795,0.0,0.3944566679081612,ok,False,False,-6.401733514895719,0.0,1.0,0.0,0.9804841750435145
1256,1767153223261,0.0,0.0,0.0,0.0,-47.27746165070795,0.0,0.1577826671632645,soft,False,False,-6.401733514895719,0.0,1.0,0.0,0.9804841750435145
1257,1767153223299,0.0,0.0,0.0,0.0,-47.27746165070795,0.0,0.06311306686530581,hard,False,False,-6.401733514895719,0.0,1.0,0.0,0.9804841750435145
1258,1767153223329,0.0,0.0,0.0,0.0,-47.27746165070795,0.0,0.025245226746122326,hard,False,False,-6.401733514895719,0.0,1.0,0.0,0.9804841750435145
1259,1767153223360,0.0,0.0,0.0,0.0,-47.27746165070795,0.0,0.010098090698448931,hard,False,False,-6.401733514895719,0.0,1.0,0.0,0.9804841750435145
1260,1767153223394,0.0,0.0,0.0,0.0,-47.27746165070795,0.0,0.004039236279379572,hard,False,False,-6.401733514895719,0.0,1.0,0.0,0.9804841750435145
1261,1767153223419,0.0,0.0,0.0,0.0,-47.27746165070795,0.0,0.001615694511751829,hard,False,False,-6.401733514895719,0.0,1.0,0.0,0.9804841750435145
1262,1767153223443,0.0,0.0,0.0,0.0,-47.27746165070795,0.0,0.0006462778047007316,hard,False,False,-6.401733514895719,0.0,1.0,0.0,0.9804841750435145
1263,1767153223467,0.0,0.0,0.0,0.0,-47.27746165070795,0.0,0.00025851112188029265,hard,False,False,-6.401733514895719,0.0,1.0,0.0,0.9804841750435145
1264,1767153223497,0.0,0.0,0.0,0.0,-47.27746165070795,0.0,0.00010340444875211706,hard,False,False,-6.401733514895719,0.0,1.0,0.0,0.9804841750435145
1265,1767153223520,0.0,0.0,0.0,0.0,-47.27746165070795,0.0,4.136177950084683e-05,hard,False,False,-6.401733514895719,0.0,1.0,0.0,0.9804841750435145
1266,1767153223554,0.0,0.0,0.0,0.0,-47.27746165070795,0.0,1.6544711800338732e-05,hard,False,False,-6.401733514895719,0.0,1.0,0.0,0.9804841750435145
1267,1767153223588,0.0,0.0,0.0,0.0,-47.27746165070795,0.0,6.617884720135493e-06,hard,False,False,-6.401733514895719,0.0,1.0,0.0,0.9804841750435145
1268,1767153223620,0.0,0.0,0.0,0.0,-47.27746165070795,0.0,2.6471538880541977e-06,hard,False,False,-6.401733514895719,0.0,1.0,0.0,0.9804841750435145
1269,1767153223654,0.0,0.0,0.0,0.0,-47.27746165070795,0.0,1.058861555221679e-06,hard,False,False,-6.401733514895719,0.0,1.0,0.0,0.9804841750435145
1270,1767153223687,0.0,0.0,0.0,0.0,-47.27746165070795,0.0,4.235446220886716e-07,hard,False,False,-6.401733514895719,0.0,1.0,0.0,0.9804841750435145
1271,1767153223720,0.0,0.0,0.0,0.0,-47.27746165070795,0.0,1.6941784883546866e-07,hard,False,False,-6.401733514895719,0.0,1.0,0.0,0.9804841750435145
1272,1767153223754,0.0,0.0,0.0,0.0,-47.27746165070795,0.0,6.776713953418747e-08,hard,False,False,-6.401733514895719,0.0,1.0,0.0,0.9804841750435145
1273,1767153223787,0.0,0.0,0.0,0.0,-47.27746165070795,0.0,2.710685581367499e-08,hard,False,False,-6.401733514895719,0.0,1.0,0.0,0.9804841750435145
1274,1767153223821,0.0,0.0,0.0,0.0,-47.27746165070795,0.0,1.0842742325469997e-08,hard,False,False,-6.401733514895719,0.0,1.0,0.0,0.9804841750435145
1275,1767153223854,0.0,0.0,0.0,0.0,-47.27746165070795,0.0,4.337096930187999e-09,hard,False,False,-6.401733514895719,0.0,1.0,0.0,0.9804841750435145
1276,1767153223889,0.0,0.0,0.0,0.0,-47.27746165070795,0.0,1.7348387720751998e-09,hard,False,False,-6.401733514895719,0.0,1.0,0.0,0.9804841750435145
1277,1767153223921,0.0,0.0,0.0,0.0,-47.27746165070795,0.0,6.939355088300799e-10,hard,False,False,-6.401733514895719,0.0,1.0,0.0,0.9804841750435145
1278,1767153223954,0.0,0.0,0.0,0.0,-47.27746165070795,0.0,2.77574203532032e-10,hard,False,False,-6.401733514895719,0.0,1.0,0.0,0.9804841750435145
1279,1767153223987,0.0,0.0,0.0,0.0,-47.27746165070795,0.0,1.110296814128128e-10,hard,False,False,-6.401733514895719,0.0,1.0,0.0,0.9804841750435145
1280,1767153224020,0.0,0.0,0.0,0.0,-47.27746165070795,0.0,4.441187256512512e-11,hard,False,False,-6.401733514895719,0.0,1.0,0.0,0.9804841750435145
1281,1767153224054,0.0,0.0,0.0,0.0,-47.27746165070795,0.0,1.776474902605005e-11,hard,False,False,-6.401733514895719,0.0,1.0,0.0,0.9804841750435145
1282,1767153224088,0.0,0.0,0.0,0.0,-47.27746165070795,0.0,7.10589961042002e-12,hard,False,False,-6.401733514895719,0.0,1.0,0.0,0.9804841750435145
1283,1767153224120,0.0,0.0,0.0,0.0,-47.27746165070795,0.0,2.8423598441680083e-12,hard,False,False,-6.401733514895719,0.0,1.0,0.0,0.9804841750435145
1284,1767153224154,0.0,0.0,0.0,0.0,-47.27746165070795,0.0,1.1369439376672034e-12,hard,False,False,-6.401733514895719,0.0,1.0,0.0,0.9804841750435145
1285,1767153224187,0.0,0.0,0.0,0.0,-47.27746165070795,0.0,4.547775750668814e-13,hard,False,False,-6.401733514895719,0.0,1.0,0.0,0.9804841750435145
1286,1767153224221,0.0,0.0,0.0,0.0,-47.27746165070795,0.0,1.8191103002675257e-13,hard,False,False,-6.401733514895719,0.0,1.0,0.0,0.9804841750435145
1287,1767153224254,0.0,0.0,0.0,0.0,-47.27746165070795,0.0,7.276441201070103e-14,hard,False,False,-6.401733514895719,0.0,1.0,0.0,0.9804841750435145
1288,1767153224287,0.0,0.0,0.0,0.0,-47.27746165070795,0.0,2.910576480428041e-14,hard,False,False,-6.401733514895719,0.0,1.0,0.0,0.9804841750435145
1289,1767153224320,0.0,0.0,0.0,0.0,-47.27746165070795,0.0,1.1642305921712165e-14,hard,False,False,-6.401733514895719,0.0,1.0,0.0,0.9804841750435145
1290,1767153224354,0.0,0.0,0.0,0.0,-47.27746165070795,0.0,4.656922368684867e-15,hard,False,False,-6.401733514895719,0.0,1.0,0.0,0.9804841750435145
1291,1767153224387,0.0,0.0,0.0,0.0,-47.27746165070795,0.0,1.8627689474739466e-15,hard,False,False,-6.401733514895719,0.0,1.0,0.0,0.9804841750435145
1292,1767153224420,0.0,0.0,0.0,0.0,-47.27746165070795,0.0,7.451075789895787e-16,hard,False,False,-6.401733514895719,0.0,1.0,0.0,0.9804841750435145
1293,1767153224454,0.0,0.0,0.0,0.0,-47.27746165070795,0.0,2.980430315958315e-16,hard,False,False,-6.401733514895719,0.0,1.0,0.0,0.9804841750435145
1294,1767153224487,0.0,0.0,0.0,0.0,-47.27746165070795,0.0,1.192172126383326e-16,hard,False,False,-6.401733514895719,0.0,1.0,0.0,0.9804841750435145
1295,1767153224520,0.0,0.0,0.0,0.0,-47.27746165070795,0.0,4.7686885055333044e-17,hard,False,False,-6.401733514895719,0.0,1.0,0.0,0.9804841750435145
1296,1767153224554,0.0,0.0,0.0,0.0,-47.27746165070795,0.0,1.907475402213322e-17,hard,False,False,-6.401733514895719,0.0,1.0,0.0,0.9804841750435145
1297,1767153224587,0.0,0.0,0.0,0.0,-47.27746165070795,0.0,7.629901608853288e-18,hard,False,False,-6.401733514895719,0.0,1.0,0.0,0.9804841750435145
1298,1767153224621,0.0,0.0,0.0,0.0,-47.27746165070795,0.0,3.0519606435413152e-18,hard,False,False,-6.401733514895719,0.0,1.0,0.0,0.9804841750435145
1299,1767153224656,0.0,0.0,0.0,0.0,-47.27746165070795,0.0,1.2207842574165261e-18,hard,False,False,-6.401733514895719,0.0,1.0,0.0,0.9804841750435145
1300,1767153224687,0.0,0.0,0.0,0.0,-47.27746165070795,0.0,4.883137029666105e-19,hard,False,False,-6.401733514895719,0.0,1.0,0.0,0.9804841750435145
1301,1767153224721,0.0,0.0,0.0,0.0,-47.27746165070795,0.0,1.953254811866442e-19,hard,False,False,-6.401733514895719,0.0,1.0,0.0,0.9804841750435145
1302,1767153224754,0.0,0.0,0.0,0.0,-47.27746165070795,0.0,7.813019247465768e-20,hard,False,False,-6.401733514895719,0.0,1.0,0.0,0.9804841750435145
1303,1767153224787,0.0,0.0,0.0,0.0,-47.27746165070795,0.0,3.125207698986307e-20,hard,False,False,-6.401733514895719,0.0,1.0,0.0,0.9804841750435145
1304,1767153224820,0.0,0.0,0.0,0.0,-47.27746165070795,0.0,1.250083079594523e-20,hard,False,False,-6.401733514895719,0.0,1.0,0.0,0.9804841750435145
1305,1767153224853,0.0,0.0,0.0,0.0,-47.27746165070795,0.0,5.000332318378092e-21,hard,False,False,-6.401733514895719,0.0,1.0,0.0,0.9804841750435145
1306,1767153224887,0.0,0.0,0.0,0.0,-47.27746165070795,0.0,2.000132927351237e-21,hard,False,False,-6.401733514895719,0.0,1.0,0.0,0.9804841750435145
1307,1767153224920,0.0,0.0,0.0,0.0,-47.27746165070795,0.0,8.000531709404948e-22,hard,False,False,-6.401733514895719,0.0,1.0,0.0,0.9804841750435145
1308,1767153224955,0.0,0.0,0.0,0.0,-47.27746165070795,0.0,3.2002126837619793e-22,hard,False,False,-6.401733514895719,0.0,1.0,0.0,0.9804841750435145
1309,1767153224989,0.0,0.0,0.0,0.0,-47.27746165070795,0.0,1.280085073504792e-22,hard,False,False,-6.401733514895719,0.0,1.0,0.0,0.9804841750435145
1310,1767153225020,0.0,0.0,0.0,0.0,-47.27746165070795,0.0,5.120340294019168e-23,hard,False,False,-6.401733514895719,0.0,1.0,0.0,0.9804841750435145
1311,1767153225054,0.0,0.0,0.0,0.0,-47.27746165070795,0.0,2.0481361176076672e-23,hard,False,False,-6.401733514895719,0.0,1.0,0.0,0.9804841750435145
1312,1767153225092,0.0,0.0,0.0,0.0,-47.27746165070795,0.0,8.19254447043067e-24,hard,False,False,-6.401733514895719,0.0,1.0,0.0,0.9804841750435145
1313,1767153225121,0.0,0.0,0.0,0.0,-47.27746165070795,0.0,3.277017788172268e-24,hard,False,False,-6.401733514895719,0.0,1.0,0.0,0.9804841750435145
1314,1767153225154,0.0,0.0,0.0,0.0,-47.27746165070795,0.0,1.3108071152689073e-24,hard,False,False,-6.401733514895719,0.0,1.0,0.0,0.9804841750435145
1315,1767153225188,0.0,0.0,0.0,0.0,-47.27746165070795,0.0,5.24322846107563e-25,hard,False,False,-6.401733514895719,0.0,1.0,0.0,0.9804841750435145
1316,1767153225254,0.0,0.0,0.0,0.0,-47.27746165070795,0.0,2.097291384430252e-25,hard,False,False,-6.401733514895719,0.0,1.0,0.0,0.9804841750435145
1317,1767153225423,0.0,0.0,0.0,0.0,-47.27746165070795,0.0,8.389165537721007e-26,hard,False,False,-6.401733514895719,0.0,1.0,0.0,0.9804841750435145
1318,1767153225448,0.0,0.0,0.0,0.0,-47.27746165070795,0.0,3.355666215088403e-26,hard,False,False,-6.401733514895719,0.0,1.0,0.0,0.9804841750435145
1319,1767153225477,0.0,0.0,0.0,0.0,-47.27746165070795,0.0,1.3422664860353614e-26,hard,False,False,-6.401733514895719,0.0,1.0,0.0,0.9804841750435145
1320,1767153225507,0.0,0.0,0.0,0.0,-47.27746165070795,0.0,5.369065944141446e-27,hard,False,False,-6.401733514895719,0.0,1.0,0.0,0.9804841750435145
1321,1767153225532,0.0,0.0,0.0,0.0,-47.27746165070795,0.0,2.1476263776565784e-27,hard,False,False,-6.401733514895719,0.0,1.0,0.0,0.9804841750435145
1322,1767153225565,0.0,0.0,0.0,0.0,-47.27746165070795,0.0,8.590505510626314e-28,hard,False,False,-6.401733514895719,0.0,1.0,0.0,0.9804841750435145
1323,1767153225596,0.0,0.0,0.0,0.0,-47.27746165070795,0.0,3.436202204250526e-28,hard,False,False,-6.401733514895719,0.0,1.0,0.0,0.9804841750435145
1324,1767153225626,0.0,0.0,0.0,0.0,-47.27746165070795,0.0,1.3744808817002104e-28,hard,False,False,-6.401733514895719,0.0,1.0,0.0,0.9804841750435145
1325,1767153225668,0.0,0.0,0.0,0.0,-47.27746165070795,0.0,5.497923526800842e-29,hard,False,False,-6.401733514895719,0.0,1.0,0.0,0.9804841750435145
1326,1767153225721,0.0,0.0,0.0,0.0,-47.27746165070795,0.0,2.199169410720337e-29,hard,False,False,-6.401733514895719,0.0,1.0,0.0,0.9804841750435145
1327,1767153225773,0.0,0.0,0.0,0.0,-47.27746165070795,0.0,8.796677642881348e-30,hard,False,False,-6.401733514895719,0.0,1.0,0.0,0.9804841750435145
1328,1767153225877,0.0,0.0,0.0,0.0,-47.27746165070795,0.0,3.51867105715254e-30,hard,False,False,-6.401733514895719,0.0,1.0,0.0,0.9804841750435145
1329,1767153225903,0.0,0.0,0.0,0.0,-47.27746165070795,0.0,1.407468422861016e-30,hard,False,False,-6.401733514895719,0.0,1.0,0.0,0.9804841750435145
1330,1767153225928,0.0,0.0,0.0,0.0,-47.27746165070795,0.0,5.629873691444064e-31,hard,False,False,-6.401733514895719,0.0,1.0,0.0,0.9804841750435145
1331,1767153225952,0.0,0.0,0.0,0.0,-47.27746165070795,0.0,2.2519494765776255e-31,hard,False,False,-6.401733514895719,0.0,1.0,0.0,0.9804841750435145
1332,1767153225977,0.0,0.0,0.0,0.0,-47.27746165070795,0.0,9.007797906310502e-32,hard,False,False,-6.401733514895719,0.0,1.0,0.0,0.9804841750435145
1333,1767153226005,0.0,0.0,0.0,0.0,-47.27746165070795,0.0,3.6031191625242014e-32,hard,False,False,-6.401733514895719,0.0,1.0,0.0,0.9804841750435145
1334,1767153226035,0.0,0.0,0.0,0.0,-47.27746165070795,0.0,1.4412476650096805e-32,hard,False,False,-6.401733514895719,0.0,1.0,0.0,0.9804841750435145
1335,1767153226057,0.0,0.0,0.0,0.0,-47.27746165070795,0.0,5.764990660038723e-33,hard,False,False,-6.401733514895719,0.0,1.0,0.0,0.9804841750435145
1336,1767153226080,0.0,0.0,0.0,0.0,-47.27746165070795,0.0,2.305996264015489e-33,hard,False,False,-6.401733514895719,0.0,1.0,0.0,0.9804841750435145
1337,1767153226104,0.0,0.0,0.0,0.0,-47.27746165070795,0.0,9.223985056061957e-34,hard,False,False,-6.401733514895719,0.0,1.0,0.0,0.9804841750435145
1338,1767153226129,0.0,0.0,0.0,0.0,-47.27746165070795,0.0,3.689594022424783e-34,hard,False,False,-6.401733514895719,0.0,1.0,0.0,0.9804841750435145
1339,1767153226159,0.0,0.0,0.0,0.0,-47.27746165070795,0.0,1.4758376089699133e-34,hard,False,False,-6.401733514895719,0.0,1.0,0.0,0.9804841750435145
1340,1767153226187,0.0,0.0,0.0,0.0,-47.27746165070795,0.0,5.903350435879653e-35,hard,False,False,-6.401733514895719,0.0,1.0,0.0,0.9804841750435145
1341,1767153226234,0.0,0.0,0.0,0.0,-47.27746165070795,0.0,2.3613401743518614e-35,hard,False,False,-6.401733514895719,0.0,1.0,0.0,0.9804841750435145
1342,1767153226260,0.0,0.0,0.0,0.0,-47.27746165070795,0.0,9.445360697407446e-36,hard,False,False,-6.401733514895719,0.0,1.0,0.0,0.9804841750435145
1343,1767153226302,0.0,0.0,0.0,0.0,-47.27746165070795,0.0,3.778144278962979e-36,hard,False,False,-6.401733514895719,0.0,1.0,0.0,0.9804841750435145
1344,1767153226346,0.0,0.0,0.0,0.0,-47.27746165070795,0.0,1.5112577115851916e-36,hard,False,False,-6.401733514895719,0.0,1.0,0.0,0.9804841750435145
1345,1767153226377,0.0,0.0,0.0,0.0,-47.27746165070795,0.0,6.045030846340767e-37,hard,False,False,-6.401733514895719,0.0,1.0,0.0,0.9804841750435145
1346,1767153226415,0.0,0.0,0.0,0.0,-47.27746165070795,0.0,2.418012338536307e-37,hard,False,False,-6.401733514895719,0.0,1.0,0.0,0.9804841750435145
1347,1767153226444,0.0,0.0,0.0,0.0,-47.27746165070795,0.0,9.672049354145228e-38,hard,False,False,-6.401733514895719,0.0,1.0,0.0,0.9804841750435145
1348,1767153226469,0.0,0.0,0.0,0.0,-47.27746165070795,0.0,3.868819741658091e-38,hard,False,False,-6.401733514895719,0.0,1.0,0.0,0.9804841750435145
1349,1767153226496,0.0,0.0,0.0,0.0,-47.27746165070795,0.0,1.5475278966632365e-38,hard,False,False,-6.401733514895719,0.0,1.0,0.0,0.9804841750435145
1350,1767153226526,0.0,0.0,0.0,0.0,-47.27746165070795,0.0,6.190111586652946e-39,hard,False,False,-6.401733514895719,0.0,1.0,0.0,0.9804841750435145
1351,1767153226570,0.0,0.0,0.0,0.0,-47.27746165070795,0.0,2.4760446346611785e-39,hard,False,False,-6.401733514895719,0.0,1.0,0.0,0.9804841750435145
1352,1767153226620,0.0,0.0,0.0,0.0,-47.27746165070795,0.0,9.904178538644714e-40,hard,False,False,-6.401733514895719,0.0,1.0,0.0,0.9804841750435145
1353,1767153226648,0.0,0.0,0.0,0.0,-47.27746165070795,0.0,3.9616714154578855e-40,hard,False,False,-6.401733514895719,0.0,1.0,0.0,0.9804841750435145
1354,1767153226696,0.0,0.0,0.0,0.0,-47.27746165070795,0.0,1.5846685661831543e-40,hard,False,False,-6.401733514895719,0.0,1.0,0.0,0.9804841750435145
1355,1767153226728,0.0,0.0,0.0,0.0,-47.27746165070795,0.0,6.338674264732618e-41,hard,False,False,-6.401733514895719,0.0,1.0,0.0,0.9804841750435145
1356,1767153226756,0.0,0.0,0.0,0.0,-47.27746165070795,0.0,2.535469705893047e-41,hard,False,False,-6.401733514895719,0.0,1.0,0.0,0.9804841750435145
1357,1767153226783,0.0,0.0,0.0,0.0,-47.27746165070795,0.0,1.0141878823572189e-41,hard,False,False,-6.401733514895719,0.0,1.0,0.0,0.9804841750435145
1358,1767153226812,0.0,0.0,0.0,0.0,-47.27746165070795,0.0,4.056751529428876e-42,hard,False,False,-6.401733514895719,0.0,1.0,0.0,0.9804841750435145
1359,1767153226838,0.0,0.0,0.0,0.0,-47.27746165070795,0.0,1.6227006117715505e-42,hard,False,False,-6.401733514895719,0.0,1.0,0.0,0.9804841750435145
1360,1767153226863,0.0,0.0,0.0,0.0,-47.27746165070795,0.0,6.490802447086202e-43,hard,False,False,-6.401733514895719,0.0,1.0,0.0,0.9804841750435145
1361,1767153226905,0.0,0.0,0.0,0.0,-47.27746165070795,0.0,2.596320978834481e-43,hard,False,False,-6.401733514895719,0.0,1.0,0.0,0.9804841750435145
1362,1767153226935,0.0,0.0,0.0,0.0,-47.27746165070795,0.0,1.0385283915337926e-43,hard,False,False,-6.401733514895719,0.0,1.0,0.0,0.9804841750435145
1363,1767153226972,0.0,0.0,0.0,0.0,-47.27746165070795,0.0,4.1541135661351704e-44,hard,False,False,-6.401733514895719,0.0,1.0,0.0,0.9804841750435145
1364,1767153227004,0.0,0.0,0.0,0.0,-47.27746165070795,0.0,1.6616454264540683e-44,hard,False,False,-6.401733514895719,0.0,1.0,0.0,0.9804841750435145
1365,1767153227033,0.0,0.0,0.0,0.0,-47.27746165070795,0.0,6.646581705816274e-45,hard,False,False,-6.401733514895719,0.0,1.0,0.0,0.9804841750435145
1366,1767153227067,0.0,0.0,0.0,0.0,-47.27746165070795,0.0,2.6586326823265095e-45,hard,False,False,-6.401733514895719,0.0,1.0,0.0,0.9804841750435145
1367,1767153227095,0.0,0.0,0.0,0.0,-47.27746165070795,0.0,1.0634530729306039e-45,hard,False,False,-6.401733514895719,0.0,1.0,0.0,0.9804841750435145
1368,1767153227121,0.0,0.0,0.0,0.0,-47.27746165070795,0.0,4.253812291722416e-46,hard,False,False,-6.401733514895719,0.0,1.0,0.0,0.9804841750435145
1369,1767153227153,0.0,0.0,0.0,0.0,-47.27746165070795,0.0,1.7015249166889664e-46,hard,False,False,-6.401733514895719,0.0,1.0,0.0,0.9804841750435145
1370,1767153227188,0.0,0.0,0.0,0.0,-47.27746165070795,0.0,6.806099666755866e-47,hard,False,False,-6.401733514895719,0.0,1.0,0.0,0.9804841750435145
1371,1767153227220,0.0,0.0,0.0,0.0,-47.27746165070795,0.0,2.7224398667023466e-47,hard,False,False,-6.401733514895719,0.0,1.0,0.0,0.9804841750435145
1372,1767153227254,0.0,0.0,0.0,0.0,-47.27746165070795,0.0,1.0889759466809386e-47,hard,False,False,-6.401733514895719,0.0,1.0,0.0,0.9804841750435145
1373,1767153227304,0.0,0.0,0.0,0.0,-47.27746165070795,0.0,4.3559037867237547e-48,hard,False,False,-6.401733514895719,0.0,1.0,0.0,0.9804841750435145
1374,1767153227355,0.0,0.0,0.0,0.0,-47.27746165070795,0.0,1.742361514689502e-48,hard,False,False,-6.401733514895719,0.0,1.0,0.0,0.9804841750435145
1375,1767153227382,0.0,0.0,0.0,0.0,-47.27746165070795,0.0,6.969446058758008e-49,hard,False,False,-6.401733514895719,0.0,1.0,0.0,0.9804841750435145
1376,1767153227425,0.0,0.0,0.0,0.0,-47.27746165070795,0.0,2.7877784235032032e-49,hard,False,False,-6.401733514895719,0.0,1.0,0.0,0.9804841750435145
1377,1767153227454,0.0,0.0,0.0,0.0,-47.27746165070795,0.0,1.1151113694012814e-49,hard,False,False,-6.401733514895719,0.0,1.0,0.0,0.9804841750435145
1378,1767153227479,0.0,0.0,0.0,0.0,-47.27746165070795,0.0,4.460445477605126e-50,hard,False,False,-6.401733514895719,0.0,1.0,0.0,0.9804841750435145
1379,1767153227505,0.0,0.0,0.0,0.0,-47.27746165070795,0.0,1.7841781910420506e-50,hard,False,False,-6.401733514895719,0.0,1.0,0.0,0.9804841750435145
1380,1767153227531,0.0,0.0,0.0,0.0,-47.27746165070795,0.0,7.136712764168203e-51,hard,False,False,-6.401733514895719,0.0,1.0,0.0,0.9804841750435145
1381,1767153227557,0.0,0.0,0.0,0.0,-47.27746165070795,0.0,2.854685105667281e-51,hard,False,False,-6.401733514895719,0.0,1.0,0.0,0.9804841750435145
1382,1767153227586,0.0,0.0,0.0,0.0,-47.27746165070795,0.0,1.1418740422669125e-51,hard,False,False,-6.401733514895719,0.0,1.0,0.0,0.9804841750435145
1383,1767153227620,0.0,0.0,0.0,0.0,-47.27746165070795,0.0,4.5674961690676505e-52,hard,False,False,-6.401733514895719,0.0,1.0,0.0,0.9804841750435145
1384,1767153227653,0.0,0.0,0.0,0.0,-47.27746165070795,0.0,1.8269984676270603e-52,hard,False,False,-6.401733514895719,0.0,1.0,0.0,0.9804841750435145
1385,1767153227686,0.0,0.0,0.0,0.0,-47.27746165070795,0.0,7.307993870508242e-53,hard,False,False,-6.401733514895719,0.0,1.0,0.0,0.9804841750435145
1386,1767153227720,0.0,0.0,0.0,0.0,-47.27746165070795,0.0,2.923197548203297e-53,hard,False,False,-6.401733514895719,0.0,1.0,0.0,0.9804841750435145
1387,1767153227753,0.0,0.0,0.0,0.0,-47.27746165070795,0.0,1.169279019281319e-53,hard,False,False,-6.401733514895719,0.0,1.0,0.0,0.9804841750435145
1388,1767153227786,0.0,0.0,0.0,0.0,-47.27746165070795,0.0,4.6771160771252756e-54,hard,False,False,-6.401733514895719,0.0,1.0,0.0,0.9804841750435145
1389,1767153227820,0.0,0.0,0.0,0.0,-47.27746165070795,0.0,1.8708464308501103e-54,hard,False,False,-6.401733514895719,0.0,1.0,0.0,0.9804841750435145
1390,1767153227854,0.0,0.0,0.0,0.0,-47.27746165070795,0.0,7.483385723400442e-55,hard,False,False,-6.401733514895719,0.0,1.0,0.0,0.9804841750435145
1391,1767153227892,0.0,0.0,0.0,0.0,-47.27746165070795,0.0,2.993354289360177e-55,hard,False,False,-6.401733514895719,0.0,1.0,0.0,0.9804841750435145
1392,1767153227941,0.0,0.0,0.0,0.0,-47.27746165070795,0.0,1.1973417157440708e-55,hard,False,False,-6.401733514895719,0.0,1.0,0.0,0.9804841750435145
1393,1767153227972,0.0,0.0,0.0,0.0,-47.27746165070795,0.0,4.789366862976283e-56,hard,False,False,-6.401733514895719,0.0,1.0,0.0,0.9804841750435145
1394,1767153227998,0.0,0.0,0.0,0.0,-47.27746165070795,0.0,1.9157467451905132e-56,hard,False,False,-6.401733514895719,0.0,1.0,0.0,0.9804841750435145
1395,1767153228027,0.0,0.0,0.0,0.0,-47.27746165070795,0.0,7.662986980762054e-57,hard,False,False,-6.401733514895719,0.0,1.0,0.0,0.9804841750435145
1396,1767153228055,0.0,0.0,0.0,0.0,-47.27746165070795,0.0,3.065194792304822e-57,hard,False,False,-6.401733514895719,0.0,1.0,0.0,0.9804841750435145
1397,1767153228098,0.0,0.0,0.0,0.0,-47.27746165070795,0.0,1.2260779169219289e-57,hard,False,False,-6.401733514895719,0.0,1.0,0.0,0.9804841750435145
1398,1767153228123,0.0,0.0,0.0,0.0,-47.27746165070795,0.0,4.904311667687716e-58,hard,False,False,-6.401733514895719,0.0,1.0,0.0,0.9804841750435145
1399,1767153228153,0.0,0.0,0.0,0.0,-47.27746165070795,0.0,1.9617246670750866e-58,hard,False,False,-6.401733514895719,0.0,1.0,0.0,0.9804841750435145
1400,1767153228186,0.0,0.0,0.0,0.0,-47.27746165070795,0.0,7.846898668300347e-59,hard,False,False,-6.401733514895719,0.0,1.0,0.0,0.9804841750435145
1401,1767153228220,0.0,0.0,0.0,0.0,-47.27746165070795,0.0,3.1387594673201392e-59,hard,False,False,-6.401733514895719,0.0,1.0,0.0,0.9804841750435145
1402,1767153228253,0.0,0.0,0.0,0.0,-47.27746165070795,0.0,1.2555037869280557e-59,hard,False,False,-6.401733514895719,0.0,1.0,0.0,0.9804841750435145
1403,1767153228286,0.0,0.0,0.0,0.0,-47.27746165070795,0.0,5.022015147712223e-60,hard,False,False,-6.401733514895719,0.0,1.0,0.0,0.9804841750435145
1404,1767153228319,0.0,0.0,0.0,0.0,-47.27746165070795,0.0,2.0088060590848893e-60,hard,False,False,-6.401733514895719,0.0,1.0,0.0,0.9804841750435145
1405,1767153228353,0.0,0.0,0.0,0.0,-47.27746165070795,0.0,8.035224236339558e-61,hard,False,False,-6.401733514895719,0.0,1.0,0.0,0.9804841750435145
1406,1767153228386,0.0,0.0,0.0,0.0,-47.27746165070795,0.0,3.214089694535823e-61,hard,False,False,-6.401733514895719,0.0,1.0,0.0,0.9804841750435145
1407,1767153228420,0.0,0.0,0.0,0.0,-47.27746165070795,0.0,1.2856358778143293e-61,hard,False,False,-6.401733514895719,0.0,1.0,0.0,0.9804841750435145
1408,1767153228453,0.0,0.0,0.0,0.0,-47.27746165070795,0.0,5.142543511257318e-62,hard,False,False,-6.401733514895719,0.0,1.0,0.0,0.9804841750435145
1409,1767153228487,0.0,0.0,0.0,0.0,-47.27746165070795,0.0,2.0570174045029273e-62,hard,False,False,-6.401733514895719,0.0,1.0,0.0,0.9804841750435145
1410,1767153228520,0.0,0.0,0.0,0.0,-47.27746165070795,0.0,8.228069618011709e-63,hard,False,False,-6.401733514895719,0.0,1.0,0.0,0.9804841750435145
1411,1767153228566,0.0,0.0,0.0,0.0,-47.27746165070795,0.0,3.291227847204684e-63,hard,False,False,-6.401733514895719,0.0,1.0,0.0,0.9804841750435145
1412,1767153228612,0.0,0.0,0.0,0.0,-47.27746165070795,0.0,1.3164911388818736e-63,hard,False,False,-6.401733514895719,0.0,1.0,0.0,0.9804841750435145
1413,1767153228642,0.0,0.0,0.0,0.0,-47.27746165070795,0.0,5.2659645555274944e-64,hard,False,False,-6.401733514895719,0.0,1.0,0.0,0.9804841750435145
1414,1767153228668,0.0,0.0,0.0,0.0,-47.27746165070795,0.0,2.106385822210998e-64,hard,False,False,-6.401733514895719,0.0,1.0,0.0,0.9804841750435145
1415,1767153228697,0.0,0.0,0.0,0.0,-47.27746165070795,0.0,8.425543288843992e-65,hard,False,False,-6.401733514895719,0.0,1.0,0.0,0.9804841750435145
1416,1767153228724,0.0,0.0,0.0,0.0,-47.27746165070795,0.0,3.370217315537597e-65,hard,False,False,-6.401733514895719,0.0,1.0,0.0,0.9804841750435145
1417,1767153228766,0.0,0.0,0.0,0.0,-47.27746165070795,0.0,1.3480869262150389e-65,hard,False,False,-6.401733514895719,0.0,1.0,0.0,0.9804841750435145
1418,1767153228798,0.0,0.0,0.0,0.0,-47.27746165070795,0.0,5.392347704860156e-66,hard,False,False,-6.401733514895719,0.0,1.0,0.0,0.9804841750435145
1419,1767153228842,0.0,0.0,0.0,0.0,-47.27746165070795,0.0,2.1569390819440625e-66,hard,False,False,-6.401733514895719,0.0,1.0,0.0,0.9804841750435145
1420,1767153228869,0.0,0.0,0.0,0.0,-47.27746165070795,0.0,8.627756327776251e-67,hard,False,False,-6.401733514895719,0.0,1.0,0.0,0.9804841750435145
1421,1767153228896,0.0,0.0,0.0,0.0,-47.27746165070795,0.0,3.4511025311105005e-67,hard,False,False,-6.401733514895719,0.0,1.0,0.0,0.9804841750435145
1422,1767153228935,0.0,0.0,0.0,0.0,-47.27746165070795,0.0,1.3804410124442003e-67,hard,False,False,-6.401733514895719,0.0,1.0,0.0,0.9804841750435145
1423,1767153228966,0.0,0.0,0.0,0.0,-47.27746165070795,0.0,5.521764049776802e-68,hard,False,False,-6.401733514895719,0.0,1.0,0.0,0.9804841750435145
1424,1767153229000,0.0,0.0,0.0,0.0,-47.27746165070795,0.0,2.208705619910721e-68,hard,False,False,-6.401733514895719,0.0,1.0,0.0,0.9804841750435145
1425,1767153229032,0.0,0.0,0.0,0.0,-47.27746165070795,0.0,8.834822479642884e-69,hard,False,False,-6.401733514895719,0.0,1.0,0.0,0.9804841750435145
1426,1767153229078,0.0,0.0,0.0,0.0,-47.27746165070795,0.0,3.5339289918571535e-69,hard,False,False,-6.401733514895719,0.0,1.0,0.0,0.9804841750435145
1427,1767153229106,0.0,0.0,0.0,0.0,-47.27746165070795,0.0,1.4135715967428616e-69,hard,False,False,-6.401733514895719,0.0,1.0,0.0,0.9804841750435145
1428,1767153229140,0.0,0.0,0.0,0.0,-47.27746165070795,0.0,5.6542863869714465e-70,hard,False,False,-6.401733514895719,0.0,1.0,0.0,0.9804841750435145
1429,1767153229220,0.0,0.0,0.0,0.0,-47.27746165070795,0.0,2.2617145547885787e-70,hard,False,False,-6.401733514895719,0.0,1.0,0.0,0.9804841750435145
1430,1767153229253,0.0,0.0,0.0,0.0,-47.27746165070795,0.0,9.046858219154316e-71,hard,False,False,-6.401733514895719,0.0,1.0,0.0,0.9804841750435145
1431,1767153229286,0.0,0.0,0.0,0.0,-47.27746165070795,0.0,3.6187432876617266e-71,hard,False,False,-6.401733514895719,0.0,1.0,0.0,0.9804841750435145
1432,1767153229331,0.0,0.0,0.0,0.0,-47.27746165070795,0.0,1.4474973150646907e-71,hard,False,False,-6.401733514895719,0.0,1.0,0.0,0.9804841750435145
1433,1767153229372,0.0,0.0,0.0,0.0,-47.27746165070795,0.0,5.789989260258763e-72,hard,False,False,-6.401733514895719,0.0,1.0,0.0,0.9804841750435145
1434,1767153229408,0.0,0.0,0.0,0.0,-47.27746165070795,0.0,2.315995704103505e-72,hard,False,False,-6.401733514895719,0.0,1.0,0.0,0.9804841750435145
1435,1767153229437,0.0,0.0,0.0,0.0,-47.27746165070795,0.0,9.263982816414021e-73,hard,False,False,-6.401733514895719,0.0,1.0,0.0,0.9804841750435145
1436,1767153229490,0.0,0.0,0.0,0.0,-47.27746165070795,0.0,3.705593126565609e-73,hard,False,False,-6.401733514895719,0.0,1.0,0.0,0.9804841750435145
1437,1767153229519,0.0,0.0,0.0,0.0,-47.27746165070795,0.0,1.4822372506262436e-73,hard,False,False,-6.401733514895719,0.0,1.0,0.0,0.9804841750435145
1438,1767153229553,0.0,0.0,0.0,0.0,-47.27746165070795,0.0,5.928949002504974e-74,hard,False,False,-6.401733514895719,0.0,1.0,0.0,0.9804841750435145
1439,1767153229588,0.0,0.0,0.0,0.0,-47.27746165070795,0.0,2.3715796010019898e-74,hard,False,False,-6.401733514895719,0.0,1.0,0.0,0.9804841750435145
1440,1767153229629,0.0,0.0,0.0,0.0,-47.27746165070795,0.0,9.486318404007959e-75,hard,False,False,-6.401733514895719,0.0,1.0,0.0,0.9804841750435145
1441,1767153229659,0.0,0.0,0.0,0.0,-47.27746165070795,0.0,3.794527361603184e-75,hard,False,False,-6.401733514895719,0.0,1.0,0.0,0.9804841750435145
1442,1767153229686,0.0,0.0,0.0,0.0,-47.27746165070795,0.0,1.5178109446412737e-75,hard,False,False,-6.401733514895719,0.0,1.0,0.0,0.9804841750435145
1443,1767153229720,0.0,0.0,0.0,0.0,-47.27746165070795,0.0,6.071243778565095e-76,hard,False,False,-6.401733514895719,0.0,1.0,0.0,0.9804841750435145
1444,1767153229753,0.0,0.0,0.0,0.0,-47.27746165070795,0.0,2.428497511426038e-76,hard,False,False,-6.401733514895719,0.0,1.0,0.0,0.9804841750435145
1445,1767153229786,0.0,0.0,0.0,0.0,-47.27746165070795,0.0,9.713990045704153e-77,hard,False,False,-6.401733514895719,0.0,1.0,0.0,0.9804841750435145
1446,1767153229819,0.0,0.0,0.0,0.0,-47.27746165070795,0.0,3.885596018281661e-77,hard,False,False,-6.401733514895719,0.0,1.0,0.0,0.9804841750435145
1447,1767153229852,0.0,0.0,0.0,0.0,-47.27746165070795,0.0,1.5542384073126645e-77,hard,False,False,-6.401733514895719,0.0,1.0,0.0,0.9804841750435145
1448,1767153229886,0.0,0.0,0.0,0.0,-47.27746165070795,0.0,6.2169536292506585e-78,hard,False,False,-6.401733514895719,0.0,1.0,0.0,0.9804841750435145
1449,1767153229919,0.0,0.0,0.0,0.0,-47.27746165070795,0.0,2.4867814517002637e-78,hard,False,False,-6.401733514895719,0.0,1.0,0.0,0.9804841750435145
1450,1767153229953,0.0,0.0,0.0,0.0,-47.27746165070795,0.0,9.947125806801055e-79,hard,False,False,-6.401733514895719,0.0,1.0,0.0,0.9804841750435145
1451,1767153229987,0.0,0.0,0.0,0.0,-47.27746165070795,0.0,3.9788503227204225e-79,hard,False,False,-6.401733514895719,0.0,1.0,0.0,0.9804841750435145
1452,1767153230019,0.0,0.0,0.0,0.0,-47.27746165070795,0.0,1.591540129088169e-79,hard,False,False,-6.401733514895719,0.0,1.0,0.0,0.9804841750435145
1453,1767153230053,0.0,0.0,0.0,0.0,-47.27746165070795,0.0,6.366160516352676e-80,hard,False,False,-6.401733514895719,0.0,1.0,0.0,0.9804841750435145
1454,1767153230092,0.0,0.0,0.0,0.0,-47.27746165070795,0.0,2.5464642065410706e-80,hard,False,False,-6.401733514895719,0.0,1.0,0.0,0.9804841750435145
1455,1767153230153,0.0,0.0,0.0,0.0,-47.27746165070795,0.0,1.0185856826164283e-80,hard,False,False,-6.401733514895719,0.0,1.0,0.0,0.9804841750435145
1456,1767153230200,0.0,0.0,0.0,0.0,-47.27746165070795,0.0,4.0743427304657136e-81,hard,False,False,-6.401733514895719,0.0,1.0,0.0,0.9804841750435145
1457,1767153230229,0.0,0.0,0.0,0.0,-47.27746165070795,0.0,1.6297370921862855e-81,hard,False,False,-6.401733514895719,0.0,1.0,0.0,0.9804841750435145
1458,1767153230286,0.0,0.0,0.0,0.0,-47.27746165070795,0.0,6.518948368745143e-82,hard,False,False,-6.401733514895719,0.0,1.0,0.0,0.9804841750435145
1459,1767153230319,0.0,0.0,0.0,0.0,-47.27746165070795,0.0,2.6075793474980573e-82,hard,False,False,-6.401733514895719,0.0,1.0,0.0,0.9804841750435145
1460,1767153230352,0.0,0.0,0.0,0.0,-47.27746165070795,0.0,1.043031738999223e-82,hard,False,False,-6.401733514895719,0.0,1.0,0.0,0.9804841750435145
1461,1767153230387,0.0,0.0,0.0,0.0,-47.27746165070795,0.0,4.172126955996892e-83,hard,False,False,-6.401733514895719,0.0,1.0,0.0,0.9804841750435145
1462,1767153230428,0.0,0.0,0.0,0.0,-47.27746165070795,0.0,1.668850782398757e-83,hard,False,False,-6.401733514895719,0.0,1.0,0.0,0.9804841750435145
1463,1767153230470,0.0,0.0,0.0,0.0,-47.27746165070795,0.0,6.675403129595028e-84,hard,False,False,-6.401733514895719,0.0,1.0,0.0,0.9804841750435145
1464,1767153230501,0.0,0.0,0.0,0.0,-47.27746165070795,0.0,2.6701612518380115e-84,hard,False,False,-6.401733514895719,0.0,1.0,0.0,0.9804841750435145
1465,1767153230531,0.0,0.0,0.0,0.0,-47.27746165070795,0.0,1.0680645007352046e-84,hard,False,False,-6.401733514895719,0.0,1.0,0.0,0.9804841750435145
1466,1767153230578,0.0,0.0,0.0,0.0,-47.27746165070795,0.0,4.2722580029408187e-85,hard,False,False,-6.401733514895719,0.0,1.0,0.0,0.9804841750435145
1467,1767153230612,0.0,0.0,0.0,0.0,-47.27746165070795,0.0,1.7089032011763276e-85,hard,False,False,-6.401733514895719,0.0,1.0,0.0,0.9804841750435145
1468,1767153230653,0.0,0.0,0.0,0.0,-47.27746165070795,0.0,6.835612804705311e-86,hard,False,False,-6.401733514895719,0.0,1.0,0.0,0.9804841750435145
1469,1767153230686,0.0,0.0,0.0,0.0,-47.27746165070795,0.0,2.7342451218821244e-86,hard,False,False,-6.401733514895719,0.0,1.0,0.0,0.9804841750435145
1470,1767153230719,0.0,0.0,0.0,0.0,-47.27746165070795,0.0,1.0936980487528498e-86,hard,False,False,-6.401733514895719,0.0,1.0,0.0,0.9804841750435145
1471,1767153230752,0.0,0.0,0.0,0.0,-47.27746165070795,0.0,4.3747921950114e-87,hard,False,False,-6.401733514895719,0.0,1.0,0.0,0.9804841750435145
1472,1767153230786,0.0,0.0,0.0,0.0,-47.27746165070795,0.0,1.74991687800456e-87,hard,False,False,-6.401733514895719,0.0,1.0,0.0,0.9804841750435145
1473,1767153230819,0.0,0.0,0.0,0.0,-47.27746165070795,0.0,6.999667512018241e-88,hard,False,False,-6.401733514895719,0.0,1.0,0.0,0.9804841750435145
1474,1767153230852,0.0,0.0,0.0,0.0,-47.27746165070795,0.0,2.7998670048072963e-88,hard,False,False,-6.401733514895719,0.0,1.0,0.0,0.9804841750435145
1475,1767153230886,0.0,0.0,0.0,0.0,-47.27746165070795,0.0,1.1199468019229186e-88,hard,False,False,-6.401733514895719,0.0,1.0,0.0,0.9804841750435145
1476,1767153230919,0.0,0.0,0.0,0.0,-47.27746165070795,0.0,4.479787207691675e-89,hard,False,False,-6.401733514895719,0.0,1.0,0.0,0.9804841750435145
1477,1767153230953,0.0,0.0,0.0,0.0,-47.27746165070795,0.0,1.79191488307667e-89,hard,False,False,-6.401733514895719,0.0,1.0,0.0,0.9804841750435145
1478,1767153230995,0.0,0.0,0.0,0.0,-47.27746165070795,0.0,7.167659532306681e-90,hard,False,False,-6.401733514895719,0.0,1.0,0.0,0.9804841750435145
1479,1767153231026,0.0,0.0,0.0,0.0,-47.27746165070795,0.0,2.8670638129226726e-90,hard,False,False,-6.401733514895719,0.0,1.0,0.0,0.9804841750435145
1480,1767153231054,0.0,0.0,0.0,0.0,-47.27746165070795,0.0,1.1468255251690691e-90,hard,False,False,-6.401733514895719,0.0,1.0,0.0,0.9804841750435145
1481,1767153231086,0.0,0.0,0.0,0.0,-47.27746165070795,0.0,4.587302100676277e-91,hard,False,False,-6.401733514895719,0.0,1.0,0.0,0.9804841750435145
1482,1767153231127,0.0,0.0,0.0,0.0,-47.27746165070795,0.0,1.8349208402705108e-91,hard,False,False,-6.401733514895719,0.0,1.0,0.0,0.9804841750435145
1483,1767153231154,0.0,0.0,0.0,0.0,-47.27746165070795,0.0,7.339683361082043e-92,hard,False,False,-6.401733514895719,0.0,1.0,0.0,0.9804841750435145
1484,1767153231186,0.0,0.0,0.0,0.0,-47.27746165070795,0.0,2.9358733444328175e-92,hard,False,False,-6.401733514895719,0.0,1.0,0.0,0.9804841750435145
1485,1767153231219,0.0,0.0,0.0,0.0,-47.27746165070795,0.0,1.174349337773127e-92,hard,False,False,-6.401733514895719,0.0,1.0,0.0,0.9804841750435145
1486,1767153231252,0.0,0.0,0.0,0.0,-47.27746165070795,0.0,4.697397351092508e-93,hard,False,False,-6.401733514895719,0.0,1.0,0.0,0.9804841750435145
1487,1767153231286,0.0,0.0,0.0,0.0,-47.27746165070795,0.0,1.8789589404370034e-93,hard,False,False,-6.401733514895719,0.0,1.0,0.0,0.9804841750435145
1488,1767153231320,0.0,0.0,0.0,0.0,-47.27746165070795,0.0,7.515835761748014e-94,hard,False,False,-6.401733514895719,0.0,1.0,0.0,0.9804841750435145
1489,1767153231352,0.0,0.0,0.0,0.0,-47.27746165070795,0.0,3.006334304699206e-94,hard,False,False,-6.401733514895719,0.0,1.0,0.0,0.9804841750435145
1490,1767153231386,0.0,0.0,0.0,0.0,-47.27746165070795,0.0,1.2025337218796822e-94,hard,False,False,-6.401733514895719,0.0,1.0,0.0,0.9804841750435145
1491,1767153231419,0.0,0.0,0.0,0.0,-47.27746165070795,0.0,4.810134887518729e-95,hard,False,False,-6.401733514895719,0.0,1.0,0.0,0.9804841750435145
1492,1767153231453,0.0,0.0,0.0,0.0,-47.27746165070795,0.0,1.9240539550074916e-95,hard,False,False,-6.401733514895719,0.0,1.0,0.0,0.9804841750435145
1493,1767153231486,0.0,0.0,0.0,0.0,-47.27746165070795,0.0,7.696215820029966e-96,hard,False,False,-6.401733514895719,0.0,1.0,0.0,0.9804841750435145
1494,1767153231520,0.0,0.0,0.0,0.0,-47.27746165070795,0.0,3.0784863280119867e-96,hard,False,False,-6.401733514895719,0.0,1.0,0.0,0.9804841750435145
1495,1767153231713,0.0,0.0,0.0,0.0,-47.27746165070795,0.0,1.2313945312047947e-96,hard,False,False,-6.401733514895719,0.0,1.0,0.0,0.9804841750435145
1496,1767153231748,0.0,0.0,0.0,0.0,-47.27746165070795,0.0,4.925578124819179e-97,hard,False,False,-6.401733514895719,0.0,1.0,0.0,0.9804841750435145
1497,1767153231772,0.0,0.0,0.0,0.0,-47.27746165070795,0.0,1.9702312499276717e-97,hard,False,False,-6.401733514895719,0.0,1.0,0.0,0.9804841750435145
1498,1767153231814,0.0,0.0,0.0,0.0,-47.27746165070795,0.0,7.880924999710687e-98,hard,False,False,-6.401733514895719,0.0,1.0,0.0,0.9804841750435145
1499,1767153231840,0.0,0.0,0.0,0.0,-47.27746165070795,0.0,3.152369999884275e-98,hard,False,False,-6.401733514895719,0.0,1.0,0.0,0.9804841750435145
1500,1767153231863,0.0,0.0,0.0,0.0,-47.27746165070795,0.0,1.2609479999537099e-98,hard,False,False,-6.401733514895719,0.0,1.0,0.0,0.9804841750435145
1501,1767153231886,0.0,0.0,0.0,0.0,-47.27746165070795,0.0,5.04379199981484e-99,hard,False,False,-6.401733514895719,0.0,1.0,0.0,0.9804841750435145
1502,1767153231910,0.0,0.0,0.0,0.0,-47.27746165070795,0.0,2.017516799925936e-99,hard,False,False,-6.401733514895719,0.0,1.0,0.0,0.9804841750435145
1503,1767153231933,0.0,0.0,0.0,0.0,-47.27746165070795,0.0,8.070067199703745e-100,hard,False,False,-6.401733514895719,0.0,1.0,0.0,0.9804841750435145
1504,1767153231960,0.0,0.0,0.0,0.0,-47.27746165070795,0.0,3.228026879881498e-100,hard,False,False,-6.401733514895719,0.0,1.0,0.0,0.9804841750435145
1505,1767153231996,0.0,0.0,0.0,0.0,-47.27746165070795,0.0,1.2912107519525992e-100,hard,False,False,-6.401733514895719,0.0,1.0,0.0,0.9804841750435145
1506,1767153232023,0.0,0.0,0.0,0.0,-47.27746165070795,0.0,5.1648430078103973e-101,hard,False,False,-6.401733514895719,0.0,1.0,0.0,0.9804841750435145
1507,1767153232071,0.0,0.0,0.0,0.0,-47.27746165070795,0.0,2.0659372031241592e-101,hard,False,False,-6.401733514895719,0.0,1.0,0.0,0.9804841750435145
1508,1767153232165,0.0,0.0,0.0,0.0,-47.27746165070795,0.0,8.263748812496637e-102,hard,False,False,-6.401733514895719,0.0,1.0,0.0,0.9804841750435145
1509,1767153232191,0.0,0.0,0.0,0.0,-47.27746165070795,0.0,3.3054995249986547e-102,hard,False,False,-6.401733514895719,0.0,1.0,0.0,0.9804841750435145
1510,1767153232217,0.0,0.0,0.0,0.0,-47.27746165070795,0.0,1.322199809999462e-102,hard,False,False,-6.401733514895719,0.0,1.0,0.0,0.9804841750435145
1511,1767153232241,0.0,0.0,0.0,0.0,-47.27746165070795,0.0,5.288799239997849e-103,hard,False,False,-6.401733514895719,0.0,1.0,0.0,0.9804841750435145
1512,1767153232268,0.0,0.0,0.0,0.0,-47.27746165070795,0.0,2.1155196959991394e-103,hard,False,False,-6.401733514895719,0.0,1.0,0.0,0.9804841750435145
1513,1767153232293,0.0,0.0,0.0,0.0,-47.27746165070795,0.0,8.462078783996558e-104,hard,False,False,-6.401733514895719,0.0,1.0,0.0,0.9804841750435145
1514,1767153232320,0.0,0.0,0.0,0.0,-47.27746165070795,0.0,3.384831513598623e-104,hard,False,False,-6.401733514895719,0.0,1.0,0.0,0.9804841750435145
1515,1767153232349,0.0,0.0,0.0,0.0,-47.27746165070795,0.0,1.3539326054394494e-104,hard,False,False,-6.401733514895719,0.0,1.0,0.0,0.9804841750435145
1516,1767153232376,0.0,0.0,0.0,0.0,-47.27746165070795,0.0,5.415730421757798e-105,hard,False,False,-6.401733514895719,0.0,1.0,0.0,0.9804841750435145
1517,1767153232409,0.0,0.0,0.0,0.0,-47.27746165070795,0.0,2.1662921687031194e-105,hard,False,False,-6.401733514895719,0.0,1.0,0.0,0.9804841750435145
1518,1767153232446,0.0,0.0,0.0,0.0,-47.27746165070795,0.0,8.665168674812478e-106,hard,False,False,-6.401733514895719,0.0,1.0,0.0,0.9804841750435145
1519,1767153232472,0.0,0.0,0.0,0.0,-47.27746165070795,0.0,3.4660674699249914e-106,hard,False,False,-6.401733514895719,0.0,1.0,0.0,0.9804841750435145
1520,1767153232511,0.0,0.0,0.0,0.0,-47.27746165070795,0.0,1.3864269879699967e-106,hard,False,False,-6.401733514895719,0.0,1.0,0.0,0.9804841750435145
1521,1767153232542,0.0,0.0,0.0,0.0,-47.27746165070795,0.0,5.545707951879987e-107,hard,False,False,-6.401733514895719,0.0,1.0,0.0,0.9804841750435145
1522,1767153232570,0.0,0.0,0.0,0.0,-47.27746165070795,0.0,2.218283180751995e-107,hard,False,False,-6.401733514895719,0.0,1.0,0.0,0.9804841750435145
1523,1767153232619,0.0,0.0,0.0,0.0,-47.27746165070795,0.0,8.87313272300798e-108,hard,False,False,-6.401733514895719,0.0,1.0,0.0,0.9804841750435145
1524,1767153232653,0.0,0.0,0.0,0.0,-47.27746165070795,0.0,3.5492530892031924e-108,hard,False,False,-6.401733514895719,0.0,1.0,0.0,0.9804841750435145
1525,1767153232686,0.0,0.0,0.0,0.0,-47.27746165070795,0.0,1.419701235681277e-108,hard,False,False,-6.401733514895719,0.0,1.0,0.0,0.9804841750435145
1526,1767153232719,0.0,0.0,0.0,0.0,-47.27746165070795,0.0,5.678804942725108e-109,hard,False,False,-6.401733514895719,0.0,1.0,0.0,0.9804841750435145
1527,1767153232752,0.0,0.0,0.0,0.0,-47.27746165070795,0.0,2.2715219770900436e-109,hard,False,False,-6.401733514895719,0.0,1.0,0.0,0.9804841750435145
1528,1767153232788,0.0,0.0,0.0,0.0,-47.27746165070795,0.0,9.086087908360175e-110,hard,False,False,-6.401733514895719,0.0,1.0,0.0,0.9804841750435145
1529,1767153232827,0.0,0.0,0.0,0.0,-47.27746165070795,0.0,3.63443516334407e-110,hard,False,False,-6.401733514895719,0.0,1.0,0.0,0.9804841750435145
1530,1767153232856,0.0,0.0,0.0,0.0,-47.27746165070795,0.0,1.453774065337628e-110,hard,False,False,-6.401733514895719,0.0,1.0,0.0,0.9804841750435145
1531,1767153232887,0.0,0.0,0.0,0.0,-47.27746165070795,0.0,5.8150962613505125e-111,hard,False,False,-6.401733514895719,0.0,1.0,0.0,0.9804841750435145
1532,1767153232924,0.0,0.0,0.0,0.0,-47.27746165070795,0.0,2.326038504540205e-111,hard,False,False,-6.401733514895719,0.0,1.0,0.0,0.9804841750435145
1533,1767153232954,0.0,0.0,0.0,0.0,-47.27746165070795,0.0,9.30415401816082e-112,hard,False,False,-6.401733514895719,0.0,1.0,0.0,0.9804841750435145
1534,1767153232986,0.0,0.0,0.0,0.0,-47.27746165070795,0.0,3.7216616072643286e-112,hard,False,False,-6.401733514895719,0.0,1.0,0.0,0.9804841750435145
1535,1767153233023,0.0,0.0,0.0,0.0,-47.27746165070795,0.0,1.4886646429057315e-112,hard,False,False,-6.401733514895719,0.0,1.0,0.0,0.9804841750435145
1536,1767153233085,0.0,0.0,0.0,0.0,-47.27746165070795,0.0,5.954658571622926e-113,hard,False,False,-6.401733514895719,0.0,1.0,0.0,0.9804841750435145
1537,1767153233119,0.0,0.0,0.0,0.0,-47.27746165070795,0.0,2.3818634286491703e-113,hard,False,False,-6.401733514895719,0.0,1.0,0.0,0.9804841750435145
1538,1767153233156,0.0,0.0,0.0,0.0,-47.27746165070795,0.0,9.527453714596682e-114,hard,False,False,-6.401733514895719,0.0,1.0,0.0,0.9804841750435145
1539,1767153233186,0.0,0.0,0.0,0.0,-47.27746165070795,0.0,3.810981485838673e-114,hard,False,False,-6.401733514895719,0.0,1.0,0.0,0.9804841750435145
1540,1767153233219,0.0,0.0,0.0,0.0,-47.27746165070795,0.0,1.5243925943354693e-114,hard,False,False,-6.401733514895719,0.0,1.0,0.0,0.9804841750435145
1541,1767153233252,0.0,0.0,0.0,0.0,-47.27746165070795,0.0,6.0975703773418775e-115,hard,False,False,-6.401733514895719,0.0,1.0,0.0,0.9804841750435145
1542,1767153233285,0.0,0.0,0.0,0.0,-47.27746165070795,0.0,2.4390281509367513e-115,hard,False,False,-6.401733514895719,0.0,1.0,0.0,0.9804841750435145
1543,1767153233352,0.0,0.0,0.0,0.0,-47.27746165070795,0.0,9.756112603747006e-116,hard,False,False,-6.401733514895719,0.0,1.0,0.0,0.9804841750435145
1544,1767153233386,0.0,0.0,0.0,0.0,-47.27746165070795,0.0,3.9024450414988024e-116,hard,False,False,-6.401733514895719,0.0,1.0,0.0,0.9804841750435145
1545,1767153233420,0.0,0.0,0.0,0.0,-47.27746165070795,0.0,1.560978016599521e-116,hard,False,False,-6.401733514895719,0.0,1.0,0.0,0.9804841750435145
1546,1767153233455,0.0,0.0,0.0,0.0,-47.27746165070795,0.0,6.2439120663980846e-117,hard,False,False,-6.401733514895719,0.0,1.0,0.0,0.9804841750435145
1547,1767153233485,0.0,0.0,0.0,0.0,-47.27746165070795,0.0,2.497564826559234e-117,hard,False,False,-6.401733514895719,0.0,1.0,0.0,0.9804841750435145
1548,1767153233519,0.0,0.0,0.0,0.0,-47.27746165070795,0.0,9.990259306236937e-118,hard,False,False,-6.401733514895719,0.0,1.0,0.0,0.9804841750435145
1549,1767153233552,0.0,0.0,0.0,0.0,-47.27746165070795,0.0,3.996103722494775e-118,hard,False,False,-6.401733514895719,0.0,1.0,0.0,0.9804841750435145
1550,1767153233586,0.0,0.0,0.0,0.0,-47.27746165070795,0.0,1.59844148899791e-118,hard,False,False,-6.401733514895719,0.0,1.0,0.0,0.9804841750435145
1551,1767153233619,0.0,0.0,0.0,0.0,-47.27746165070795,0.0,6.39376595599164e-119,hard,False,False,-6.401733514895719,0.0,1.0,0.0,0.9804841750435145
1552,1767153233652,0.0,0.0,0.0,0.0,-47.27746165070795,0.0,2.557506382396656e-119,hard,False,False,-6.401733514895719,0.0,1.0,0.0,0.9804841750435145
1553,1767153233686,0.0,0.0,0.0,0.0,-47.27746165070795,0.0,1.0230025529586624e-119,hard,False,False,-6.401733514895719,0.0,1.0,0.0,0.9804841750435145
1554,1767153233719,0.0,0.0,0.0,0.0,-47.27746165070795,0.0,4.09201021183465e-120,hard,False,False,-6.401733514895719,0.0,1.0,0.0,0.9804841750435145
1555,1767153233752,0.0,0.0,0.0,0.0,-47.27746165070795,0.0,1.63680408473386e-120,hard,False,False,-6.401733514895719,0.0,1.0,0.0,0.9804841750435145
1556,1767153233786,0.0,0.0,0.0,0.0,-47.27746165070795,0.0,6.5472163389354405e-121,hard,False,False,-6.401733514895719,0.0,1.0,0.0,0.9804841750435145
1557,1767153233819,0.0,0.0,0.0,0.0,-47.27746165070795,0.0,2.6188865355741765e-121,hard,False,False,-6.401733514895719,0.0,1.0,0.0,0.9804841750435145
1558,1767153233852,0.0,0.0,0.0,0.0,-47.27746165070795,0.0,1.0475546142296707e-121,hard,False,False,-6.401733514895719,0.0,1.0,0.0,0.9804841750435145
1559,1767153233885,0.0,0.0,0.0,0.0,-47.27746165070795,0.0,4.190218456918683e-122,hard,False,False,-6.401733514895719,0.0,1.0,0.0,0.9804841750435145
1560,1767153233919,0.0,0.0,0.0,0.0,-47.27746165070795,0.0,1.6760873827674733e-122,hard,False,False,-6.401733514895719,0.0,1.0,0.0,0.9804841750435145
1561,1767153233952,0.0,0.0,0.0,0.0,-47.27746165070795,0.0,6.704349531069893e-123,hard,False,False,-6.401733514895719,0.0,1.0,0.0,0.9804841750435145
1562,1767153233986,0.0,0.0,0.0,0.0,-47.27746165070795,0.0,2.6817398124279575e-123,hard,False,False,-6.401733514895719,0.0,1.0,0.0,0.9804841750435145
1563,1767153234024,0.0,0.0,0.0,0.0,-47.27746165070795,0.0,1.0726959249711831e-123,hard,False,False,-6.401733514895719,0.0,1.0,0.0,0.9804841750435145
1564,1767153234053,0.0,0.0,0.0,0.0,-47.27746165070795,0.0,4.2907836998847325e-124,hard,False,False,-6.401733514895719,0.0,1.0,0.0,0.9804841750435145
1565,1767153234086,0.0,0.0,0.0,0.0,-47.27746165070795,0.0,1.716313479953893e-124,hard,False,False,-6.401733514895719,0.0,1.0,0.0,0.9804841750435145
1566,1767153234122,0.0,0.0,0.0,0.0,-47.27746165070795,0.0,6.865253919815572e-125,hard,False,False,-6.401733514895719,0.0,1.0,0.0,0.9804841750435145
1567,1767153234153,0.0,0.0,0.0,0.0,-47.27746165070795,0.0,2.746101567926229e-125,hard,False,False,-6.401733514895719,0.0,1.0,0.0,0.9804841750435145
1568,1767153234186,0.0,0.0,0.0,0.0,-47.27746165070795,0.0,1.0984406271704918e-125,hard,False,False,-6.401733514895719,0.0,1.0,0.0,0.9804841750435145
1569,1767153234218,0.0,0.0,0.0,0.0,-47.27746165070795,0.0,4.393762508681967e-126,hard,False,False,-6.401733514895719,0.0,1.0,0.0,0.9804841750435145
1570,1767153234252,0.0,0.0,0.0,0.0,-47.27746165070795,0.0,1.757505003472787e-126,hard,False,False,-6.401733514895719,0.0,1.0,0.0,0.9804841750435145
1571,1767153234288,0.0,0.0,0.0,0.0,-47.27746165070795,0.0,7.030020013891148e-127,hard,False,False,-6.401733514895719,0.0,1.0,0.0,0.9804841750435145
1572,1767153234322,0.0,0.0,0.0,0.0,-47.27746165070795,0.0,2.8120080055564593e-127,hard,False,False,-6.401733514895719,0.0,1.0,0.0,0.9804841750435145
1573,1767153234359,0.0,0.0,0.0,0.0,-47.27746165070795,0.0,1.1248032022225837e-127,hard,False,False,-6.401733514895719,0.0,1.0,0.0,0.9804841750435145
1574,1767153234387,0.0,0.0,0.0,0.0,-47.27746165070795,0.0,4.499212808890335e-128,hard,False,False,-6.401733514895719,0.0,1.0,0.0,0.9804841750435145
1575,1767153234419,0.0,0.0,0.0,0.0,-47.27746165070795,0.0,1.7996851235561342e-128,hard,False,False,-6.401733514895719,0.0,1.0,0.0,0.9804841750435145
1576,1767153234461,0.0,0.0,0.0,0.0,-47.27746165070795,0.0,7.198740494224538e-129,hard,False,False,-6.401733514895719,0.0,1.0,0.0,0.9804841750435145
1577,1767153234488,0.0,0.0,0.0,0.0,-47.27746165070795,0.0,2.879496197689815e-129,hard,False,False,-6.401733514895719,0.0,1.0,0.0,0.9804841750435145
1578,1767153234521,0.0,0.0,0.0,0.0,-47.27746165070795,0.0,1.1517984790759261e-129,hard,False,False,-6.401733514895719,0.0,1.0,0.0,0.9804841750435145
1579,1767153234564,0.0,0.0,0.0,0.0,-47.27746165070795,0.0,4.607193916303705e-130,hard,False,False,-6.401733514895719,0.0,1.0,0.0,0.9804841750435145
1580,1767153234611,0.0,0.0,0.0,0.0,-47.27746165070795,0.0,1.842877566521482e-130,hard,False,False,-6.401733514895719,0.0,1.0,0.0,0.9804841750435145
1581,1767153234648,0.0,0.0,0.0,0.0,-47.27746165070795,0.0,7.371510266085928e-131,hard,False,False,-6.401733514895719,0.0,1.0,0.0,0.9804841750435145
1582,1767153234684,0.0,0.0,0.0,0.0,-47.27746165070795,0.0,2.9486041064343716e-131,hard,False,False,-6.401733514895719,0.0,1.0,0.0,0.9804841750435145
1583,1767153234714,0.0,0.0,0.0,0.0,-47.27746165070795,0.0,1.1794416425737486e-131,hard,False,False,-6.401733514895719,0.0,1.0,0.0,0.9804841750435145
1584,1767153234749,0.0,0.0,0.0,0.0,-47.27746165070795,0.0,4.717766570294995e-132,hard,False,False,-6.401733514895719,0.0,1.0,0.0,0.9804841750435145
1585,1767153234796,0.0,0.0,0.0,0.0,-47.27746165070795,0.0,1.887106628117998e-132,hard,False,False,-6.401733514895719,0.0,1.0,0.0,0.9804841750435145
1586,1767153234828,0.0,0.0,0.0,0.0,-47.27746165070795,0.0,7.548426512471993e-133,hard,False,False,-6.401733514895719,0.0,1.0,0.0,0.9804841750435145
1587,1767153234860,0.0,0.0,0.0,0.0,-47.27746165070795,0.0,3.019370604988797e-133,hard,False,False,-6.401733514895719,0.0,1.0,0.0,0.9804841750435145
1588,1767153234888,0.0,0.0,0.0,0.0,-47.27746165070795,0.0,1.207748241995519e-133,hard,False,False,-6.401733514895719,0.0,1.0,0.0,0.9804841750435145
1589,1767153234923,0.0,0.0,0.0,0.0,-47.27746165070795,0.0,4.830992967982076e-134,hard,False,False,-6.401733514895719,0.0,1.0,0.0,0.9804841750435145
1590,1767153234960,0.0,0.0,0.0,0.0,-47.27746165070795,0.0,1.9323971871928306e-134,hard,False,False,-6.401733514895719,0.0,1.0,0.0,0.9804841750435145
1591,1767153234996,0.0,0.0,0.0,0.0,-47.27746165070795,0.0,7.729588748771323e-135,hard,False,False,-6.401733514895719,0.0,1.0,0.0,0.9804841750435145
1592,1767153235024,0.0,0.0,0.0,0.0,-47.27746165070795,0.0,3.091835499508529e-135,hard,False,False,-6.401733514895719,0.0,1.0,0.0,0.9804841750435145
1593,1767153235059,0.0,0.0,0.0,0.0,-47.27746165070795,0.0,1.2367341998034117e-135,hard,False,False,-6.401733514895719,0.0,1.0,0.0,0.9804841750435145
1594,1767153235105,0.0,0.0,0.0,0.0,-47.27746165070795,0.0,4.946936799213647e-136,hard,False,False,-6.401733514895719,0.0,1.0,0.0,0.9804841750435145
1595,1767153235137,0.0,0.0,0.0,0.0,-47.27746165070795,0.0,1.978774719685459e-136,hard,False,False,-6.401733514895719,0.0,1.0,0.0,0.9804841750435145
1596,1767153235166,0.0,0.0,0.0,0.0,-47.27746165070795,0.0,7.915098878741837e-137,hard,False,False,-6.401733514895719,0.0,1.0,0.0,0.9804841750435145
1597,1767153235202,0.0,0.0,0.0,0.0,-47.27746165070795,0.0,3.166039551496735e-137,hard,False,False,-6.401733514895719,0.0,1.0,0.0,0.9804841750435145
1598,1767153235233,0.0,0.0,0.0,0.0,-47.27746165070795,0.0,1.266415820598694e-137,hard,False,False,-6.401733514895719,0.0,1.0,0.0,0.9804841750435145
1599,1767153235265,0.0,0.0,0.0,0.0,-47.27746165070795,0.0,5.065663282394776e-138,hard,False,False,-6.401733514895719,0.0,1.0,0.0,0.9804841750435145
1600,1767153235303,0.0,0.0,0.0,0.0,-47.27746165070795,0.0,2.0262653129579103e-138,hard,False,False,-6.401733514895719,0.0,1.0,0.0,0.9804841750435145
1601,1767153235347,0.0,0.0,0.0,0.0,-47.27746165070795,0.0,8.105061251831642e-139,hard,False,False,-6.401733514895719,0.0,1.0,0.0,0.9804841750435145
1602,1767153235375,0.0,0.0,0.0,0.0,-47.27746165070795,0.0,3.2420245007326568e-139,hard,False,False,-6.401733514895719,0.0,1.0,0.0,0.9804841750435145
1603,1767153235406,0.0,0.0,0.0,0.0,-47.27746165070795,0.0,1.2968098002930628e-139,hard,False,False,-6.401733514895719,0.0,1.0,0.0,0.9804841750435145
1604,1767153235431,0.0,0.0,0.0,0.0,-47.27746165070795,0.0,5.187239201172251e-140,hard,False,False,-6.401733514895719,0.0,1.0,0.0,0.9804841750435145
1605,1767153235460,0.0,0.0,0.0,0.0,-47.27746165070795,0.0,2.0748956804689005e-140,hard,False,False,-6.401733514895719,0.0,1.0,0.0,0.9804841750435145
1606,1767153235494,0.0,0.0,0.0,0.0,-47.27746165070795,0.0,8.299582721875602e-141,hard,False,False,-6.401733514895719,0.0,1.0,0.0,0.9804841750435145
1607,1767153235526,0.0,0.0,0.0,0.0,-47.27746165070795,0.0,3.3198330887502414e-141,hard,False,False,-6.401733514895719,0.0,1.0,0.0,0.9804841750435145
1608,1767153235553,0.0,0.0,0.0,0.0,-47.27746165070795,0.0,1.3279332355000967e-141,hard,False,False,-6.401733514895719,0.0,1.0,0.0,0.9804841750435145
1609,1767153235598,0.0,0.0,0.0,0.0,-47.27746165070795,0.0,5.3117329420003875e-142,hard,False,False,-6.401733514895719,0.0,1.0,0.0,0.9804841750435145
1610,1767153235626,0.0,0.0,0.0,0.0,-47.27746165070795,0.0,2.1246931768001552e-142,hard,False,False,-6.401733514895719,0.0,1.0,0.0,0.9804841750435145
1611,1767153235656,0.0,0.0,0.0,0.0,-47.27746165070795,0.0,8.498772707200621e-143,hard,False,False,-6.401733514895719,0.0,1.0,0.0,0.9804841750435145
1612,1767153235693,0.0,0.0,0.0,0.0,-47.27746165070795,0.0,3.399509082880249e-143,hard,False,False,-6.401733514895719,0.0,1.0,0.0,0.9804841750435145
1613,1767153235727,0.0,0.0,0.0,0.0,-47.27746165070795,0.0,1.3598036331520997e-143,hard,False,False,-6.401733514895719,0.0,1.0,0.0,0.9804841750435145
1614,1767153235756,0.0,0.0,0.0,0.0,-47.27746165070795,0.0,5.439214532608399e-144,hard,False,False,-6.401733514895719,0.0,1.0,0.0,0.9804841750435145
1615,1767153235808,0.0,0.0,0.0,0.0,-47.27746165070795,0.0,2.1756858130433599e-144,hard,False,False,-6.401733514895719,0.0,1.0,0.0,0.9804841750435145
1616,1767153235835,0.0,0.0,0.0,0.0,-47.27746165070795,0.0,8.70274325217344e-145,hard,False,False,-6.401733514895719,0.0,1.0,0.0,0.9804841750435145
1617,1767153235871,0.0,0.0,0.0,0.0,-47.27746165070795,0.0,3.481097300869376e-145,hard,False,False,-6.401733514895719,0.0,1.0,0.0,0.9804841750435145
1618,1767153235899,0.0,0.0,0.0,0.0,-47.27746165070795,0.0,1.3924389203477505e-145,hard,False,False,-6.401733514895719,0.0,1.0,0.0,0.9804841750435145
1619,1767153235945,0.0,0.0,0.0,0.0,-47.27746165070795,0.0,5.569755681391002e-146,hard,False,False,-6.401733514895719,0.0,1.0,0.0,0.9804841750435145
1620,1767153235981,0.0,0.0,0.0,0.0,-47.27746165070795,0.0,2.227902272556401e-146,hard,False,False,-6.401733514895719,0.0,1.0,0.0,0.9804841750435145
1621,1767153236023,0.0,0.0,0.0,0.0,-47.27746165070795,0.0,8.911609090225604e-147,hard,False,False,-6.401733514895719,0.0,1.0,0.0,0.9804841750435145
1622,1767153236056,0.0,0.0,0.0,0.0,-47.27746165070795,0.0,3.564643636090242e-147,hard,False,False,-6.401733514895719,0.0,1.0,0.0,0.9804841750435145
1623,1767153236089,0.0,0.0,0.0,0.0,-47.27746165070795,0.0,1.425857454436097e-147,hard,False,False,-6.401733514895719,0.0,1.0,0.0,0.9804841750435145
1624,1767153236135,0.0,0.0,0.0,0.0,-47.27746165070795,0.0,5.703429817744388e-148,hard,False,False,-6.401733514895719,0.0,1.0,0.0,0.9804841750435145
1625,1767153236183,0.0,0.0,0.0,0.0,-47.27746165070795,0.0,2.2813719270977555e-148,hard,False,False,-6.401733514895719,0.0,1.0,0.0,0.9804841750435145
1626,1767153236224,0.0,0.0,0.0,0.0,-47.27746165070795,0.0,9.125487708391022e-149,hard,False,False,-6.401733514895719,0.0,1.0,0.0,0.9804841750435145
1627,1767153236256,0.0,0.0,0.0,0.0,-47.27746165070795,0.0,3.650195083356409e-149,hard,False,False,-6.401733514895719,0.0,1.0,0.0,0.9804841750435145
1628,1767153236298,0.0,0.0,0.0,0.0,-47.27746165070795,0.0,1.4600780333425636e-149,hard,False,False,-6.401733514895719,0.0,1.0,0.0,0.9804841750435145
1629,1767153236333,0.0,0.0,0.0,0.0,-47.27746165070795,0.0,5.840312133370254e-150,hard,False,False,-6.401733514895719,0.0,1.0,0.0,0.9804841750435145
1630,1767153236364,0.0,0.0,0.0,0.0,-47.27746165070795,0.0,2.336124853348102e-150,hard,False,False,-6.401733514895719,0.0,1.0,0.0,0.9804841750435145
1631,1767153236391,0.0,0.0,0.0,0.0,-47.27746165070795,0.0,9.344499413392409e-151,hard,False,False,-6.401733514895719,0.0,1.0,0.0,0.9804841750435145
1632,1767153236418,0.0,0.0,0.0,0.0,-47.27746165070795,0.0,3.737799765356964e-151,hard,False,False,-6.401733514895719,0.0,1.0,0.0,0.9804841750435145
1633,1767153236445,0.0,0.0,0.0,0.0,-47.27746165070795,0.0,1.4951199061427855e-151,hard,False,False,-6.401733514895719,0.0,1.0,0.0,0.9804841750435145
1634,1767153236485,0.0,0.0,0.0,0.0,-47.27746165070795,0.0,5.980479624571142e-152,hard,False,False,-6.401733514895719,0.0,1.0,0.0,0.9804841750435145
1635,1767153236513,0.0,0.0,0.0,0.0,-47.27746165070795,0.0,2.392191849828457e-152,hard,False,False,-6.401733514895719,0.0,1.0,0.0,0.9804841750435145
1636,1767153236542,0.0,0.0,0.0,0.0,-47.27746165070795,0.0,9.56876739931383e-153,hard,False,False,-6.401733514895719,0.0,1.0,0.0,0.9804841750435145
1637,1767153236597,0.0,0.0,0.0,0.0,-47.27746165070795,0.0,3.8275069597255324e-153,hard,False,False,-6.401733514895719,0.0,1.0,0.0,0.9804841750435145
1638,1767153236628,0.0,0.0,0.0,0.0,-47.27746165070795,0.0,1.531002783890213e-153,hard,False,False,-6.401733514895719,0.0,1.0,0.0,0.9804841750435145
1639,1767153236654,0.0,0.0,0.0,0.0,-47.27746165070795,0.0,6.124011135560852e-154,hard,False,False,-6.401733514895719,0.0,1.0,0.0,0.9804841750435145
1640,1767153236686,0.0,0.0,0.0,0.0,-47.27746165070795,0.0,2.449604454224341e-154,hard,False,False,-6.401733514895719,0.0,1.0,0.0,0.9804841750435145
1641,1767153236711,0.0,0.0,0.0,0.0,-47.27746165070795,0.0,9.798417816897365e-155,hard,False,False,-6.401733514895719,0.0,1.0,0.0,0.9804841750435145
1642,1767153236736,0.0,0.0,0.0,0.0,-47.27746165070795,0.0,3.9193671267589465e-155,hard,False,False,-6.401733514895719,0.0,1.0,0.0,0.9804841750435145
1643,1767153236769,0.0,0.0,0.0,0.0,-47.27746165070795,0.0,1.5677468507035786e-155,hard,False,False,-6.401733514895719,0.0,1.0,0.0,0.9804841750435145
1644,1767153236794,0.0,0.0,0.0,0.0,-47.27746165070795,0.0,6.270987402814315e-156,hard,False,False,-6.401733514895719,0.0,1.0,0.0,0.9804841750435145
1645,1767153236821,0.0,0.0,0.0,0.0,-47.27746165070795,0.0,2.508394961125726e-156,hard,False,False,-6.401733514895719,0.0,1.0,0.0,0.9804841750435145
1646,1767153236849,0.0,0.0,0.0,0.0,-47.27746165070795,0.0,1.0033579844502905e-156,hard,False,False,-6.401733514895719,0.0,1.0,0.0,0.9804841750435145
1647,1767153236886,0.0,0.0,0.0,0.0,-47.27746165070795,0.0,4.0134319378011626e-157,hard,False,False,-6.401733514895719,0.0,1.0,0.0,0.9804841750435145
1648,1767153236918,0.0,0.0,0.0,0.0,-47.27746165070795,0.0,1.605372775120465e-157,hard,False,False,-6.401733514895719,0.0,1.0,0.0,0.9804841750435145
1649,1767153236952,0.0,0.0,0.0,0.0,-47.27746165070795,0.0,6.4214911004818605e-158,hard,False,False,-6.401733514895719,0.0,1.0,0.0,0.9804841750435145
1650,1767153236999,0.0,0.0,0.0,0.0,-47.27746165070795,0.0,2.5685964401927444e-158,hard,False,False,-6.401733514895719,0.0,1.0,0.0,0.9804841750435145
1651,1767153237037,0.0,0.0,0.0,0.0,-47.27746165070795,0.0,1.0274385760770978e-158,hard,False,False,-6.401733514895719,0.0,1.0,0.0,0.9804841750435145
1652,1767153237062,0.0,0.0,0.0,0.0,-47.27746165070795,0.0,4.1097543043083914e-159,hard,False,False,-6.401733514895719,0.0,1.0,0.0,0.9804841750435145
1653,1767153237089,0.0,0.0,0.0,0.0,-47.27746165070795,0.0,1.6439017217233566e-159,hard,False,False,-6.401733514895719,0.0,1.0,0.0,0.9804841750435145
1654,1767153237119,0.0,0.0,0.0,0.0,-47.27746165070795,0.0,6.575606886893426e-160,hard,False,False,-6.401733514895719,0.0,1.0,0.0,0.9804841750435145
1655,1767153237160,0.0,0.0,0.0,0.0,-47.27746165070795,0.0,2.6302427547573707e-160,hard,False,False,-6.401733514895719,0.0,1.0,0.0,0.9804841750435145
1656,1767153237207,0.0,0.0,0.0,0.0,-47.27746165070795,0.0,1.0520971019029483e-160,hard,False,False,-6.401733514895719,0.0,1.0,0.0,0.9804841750435145
1657,1767153237252,0.0,0.0,0.0,0.0,-47.27746165070795,0.0,4.2083884076117935e-161,hard,False,False,-6.401733514895719,0.0,1.0,0.0,0.9804841750435145
1658,1767153237292,0.0,0.0,0.0,0.0,-47.27746165070795,0.0,1.6833553630447175e-161,hard,False,False,-6.401733514895719,0.0,1.0,0.0,0.9804841750435145
1659,1767153237334,0.0,0.0,0.0,0.0,-47.27746165070795,0.0,6.733421452178871e-162,hard,False,False,-6.401733514895719,0.0,1.0,0.0,0.9804841750435145
1660,1767153237386,0.0,0.0,0.0,0.0,-47.27746165070795,0.0,2.6933685808715483e-162,hard,False,False,-6.401733514895719,0.0,1.0,0.0,0.9804841750435145
1661,1767153237427,0.0,0.0,0.0,0.0,-47.27746165070795,0.0,1.0773474323486194e-162,hard,False,False,-6.401733514895719,0.0,1.0,0.0,0.9804841750435145
1662,1767153237454,0.0,0.0,0.0,0.0,-47.27746165070795,0.0,4.309389729394478e-163,hard,False,False,-6.401733514895719,0.0,1.0,0.0,0.9804841750435145
1663,1767153237500,0.0,0.0,0.0,0.0,-47.27746165070795,0.0,1.7237558917577913e-163,hard,False,False,-6.401733514895719,0.0,1.0,0.0,0.9804841750435145
1664,1767153237547,0.0,0.0,0.0,0.0,-47.27746165070795,0.0,6.895023567031166e-164,hard,False,False,-6.401733514895719,0.0,1.0,0.0,0.9804841750435145
1665,1767153237595,0.0,0.0,0.0,0.0,-47.27746165070795,0.0,2.7580094268124666e-164,hard,False,False,-6.401733514895719,0.0,1.0,0.0,0.9804841750435145
1666,1767153237632,0.0,0.0,0.0,0.0,-47.27746165070795,0.0,1.1032037707249867e-164,hard,False,False,-6.401733514895719,0.0,1.0,0.0,0.9804841750435145
1667,1767153237669,0.0,0.0,0.0,0.0,-47.27746165070795,0.0,4.412815082899947e-165,hard,False,False,-6.401733514895719,0.0,1.0,0.0,0.9804841750435145
1668,1767153237712,0.0,0.0,0.0,0.0,-47.27746165070795,0.0,1.7651260331599788e-165,hard,False,False,-6.401733514895719,0.0,1.0,0.0,0.9804841750435145
1669,1767153237742,0.0,0.0,0.0,0.0,-47.27746165070795,0.0,7.060504132639915e-166,hard,False,False,-6.401733514895719,0.0,1.0,0.0,0.9804841750435145
1670,1767153237770,0.0,0.0,0.0,0.0,-47.27746165070795,0.0,2.824201653055966e-166,hard,False,False,-6.401733514895719,0.0,1.0,0.0,0.9804841750435145
1671,1767153237798,0.0,0.0,0.0,0.0,-47.27746165070795,0.0,1.1296806612223865e-166,hard,False,False,-6.401733514895719,0.0,1.0,0.0,0.9804841750435145
1672,1767153237993,0.0,0.0,0.0,0.0,-47.27746165070795,0.0,4.5187226448895465e-167,hard,False,False,-6.401733514895719,0.0,1.0,0.0,0.9804841750435145
1673,1767153238019,0.0,0.0,0.0,0.0,-47.27746165070795,0.0,1.8074890579558188e-167,hard,False,False,-6.401733514895719,0.0,1.0,0.0,0.9804841750435145
1674,1767153238049,0.0,0.0,0.0,0.0,-47.27746165070795,0.0,7.229956231823276e-168,hard,False,False,-6.401733514895719,0.0,1.0,0.0,0.9804841750435145
1675,1767153238072,0.0,0.0,0.0,0.0,-47.27746165070795,0.0,2.8919824927293105e-168,hard,False,False,-6.401733514895719,0.0,1.0,0.0,0.9804841750435145
1676,1767153238108,0.0,0.0,0.0,0.0,-47.27746165070795,0.0,1.1567929970917243e-168,hard,False,False,-6.401733514895719,0.0,1.0,0.0,0.9804841750435145
1677,1767153238138,0.0,0.0,0.0,0.0,-47.27746165070795,0.0,4.6271719883668975e-169,hard,False,False,-6.401733514895719,0.0,1.0,0.0,0.9804841750435145
1678,1767153238174,0.0,0.0,0.0,0.0,-47.27746165070795,0.0,1.850868795346759e-169,hard,False,False,-6.401733514895719,0.0,1.0,0.0,0.9804841750435145
1679,1767153238199,0.0,0.0,0.0,0.0,-47.27746165070795,0.0,7.403475181387037e-170,hard,False,False,-6.401733514895719,0.0,1.0,0.0,0.9804841750435145
1680,1767153238228,0.0,0.0,0.0,0.0,-47.27746165070795,0.0,2.9613900725548152e-170,hard,False,False,-6.401733514895719,0.0,1.0,0.0,0.9804841750435145
1681,1767153238257,0.0,0.0,0.0,0.0,-47.27746165070795,0.0,1.1845560290219261e-170,hard,False,False,-6.401733514895719,0.0,1.0,0.0,0.9804841750435145
1682,1767153238287,0.0,0.0,0.0,0.0,-47.27746165070795,0.0,4.738224116087704e-171,hard,False,False,-6.401733514895719,0.0,1.0,0.0,0.9804841750435145
1683,1767153238335,0.0,0.0,0.0,0.0,-47.27746165070795,0.0,1.8952896464350819e-171,hard,False,False,-6.401733514895719,0.0,1.0,0.0,0.9804841750435145
1684,1767153238451,0.0,0.0,0.0,0.0,-47.27746165070795,0.0,7.581158585740328e-172,hard,False,False,-6.401733514895719,0.0,1.0,0.0,0.9804841750435145
1685,1767153238497,0.0,0.0,0.0,0.0,-47.27746165070795,0.0,3.032463434296131e-172,hard,False,False,-6.401733514895719,0.0,1.0,0.0,0.9804841750435145
1686,1767153238527,0.0,0.0,0.0,0.0,-47.27746165070795,0.0,1.2129853737184525e-172,hard,False,False,-6.401733514895719,0.0,1.0,0.0,0.9804841750435145
1687,1767153238577,0.0,0.0,0.0,0.0,-47.27746165070795,0.0,4.8519414948738105e-173,hard,False,False,-6.401733514895719,0.0,1.0,0.0,0.9804841750435145
1688,1767153238608,0.0,0.0,0.0,0.0,-47.27746165070795,0.0,1.9407765979495243e-173,hard,False,False,-6.401733514895719,0.0,1.0,0.0,0.9804841750435145
1689,1767153238640,0.0,0.0,0.0,0.0,-47.27746165070795,0.0,7.763106391798097e-174,hard,False,False,-6.401733514895719,0.0,1.0,0.0,0.9804841750435145
1690,1767153238669,0.0,0.0,0.0,0.0,-47.27746165070795,0.0,3.1052425567192392e-174,hard,False,False,-6.401733514895719,0.0,1.0,0.0,0.9804841750435145
1691,1767153238723,0.0,0.0,0.0,0.0,-47.27746165070795,0.0,1.2420970226876959e-174,hard,False,False,-6.401733514895719,0.0,1.0,0.0,0.9804841750435145
1692,1767153238757,0.0,0.0,0.0,0.0,-47.27746165070795,0.0,4.9683880907507836e-175,hard,False,False,-6.401733514895719,0.0,1.0,0.0,0.9804841750435145
1693,1767153238803,0.0,0.0,0.0,0.0,-47.27746165070795,0.0,1.9873552363003136e-175,hard,False,False,-6.401733514895719,0.0,1.0,0.0,0.9804841750435145
1694,1767153238833,0.0,0.0,0.0,0.0,-47.27746165070795,0.0,7.949420945201255e-176,hard,False,False,-6.401733514895719,0.0,1.0,0.0,0.9804841750435145
1695,1767153238877,0.0,0.0,0.0,0.0,-47.27746165070795,0.0,3.179768378080502e-176,hard,False,False,-6.401733514895719,0.0,1.0,0.0,0.9804841750435145
1696,1767153238907,0.0,0.0,0.0,0.0,-47.27746165070795,0.0,1.271907351232201e-176,hard,False,False,-6.401733514895719,0.0,1.0,0.0,0.9804841750435145
1697,1767153238955,0.0,0.0,0.0,0.0,-47.27746165070795,0.0,5.087629404928804e-177,hard,False,False,-6.401733514895719,0.0,1.0,0.0,0.9804841750435145
1698,1767153238989,0.0,0.0,0.0,0.0,-47.27746165070795,0.0,2.0350517619715217e-177,hard,False,False,-6.401733514895719,0.0,1.0,0.0,0.9804841750435145
1699,1767153239013,0.0,0.0,0.0,0.0,-47.27746165070795,0.0,8.140207047886087e-178,hard,False,False,-6.401733514895719,0.0,1.0,0.0,0.9804841750435145
1700,1767153239050,0.0,0.0,0.0,0.0,-47.27746165070795,0.0,3.256082819154435e-178,hard,False,False,-6.401733514895719,0.0,1.0,0.0,0.9804841750435145
1701,1767153239076,0.0,0.0,0.0,0.0,-47.27746165070795,0.0,1.3024331276617742e-178,hard,False,False,-6.401733514895719,0.0,1.0,0.0,0.9804841750435145
1702,1767153239102,0.0,0.0,0.0,0.0,-47.27746165070795,0.0,5.209732510647097e-179,hard,False,False,-6.401733514895719,0.0,1.0,0.0,0.9804841750435145
1703,1767153239126,0.0,0.0,0.0,0.0,-47.27746165070795,0.0,2.083893004258839e-179,hard,False,False,-6.401733514895719,0.0,1.0,0.0,0.9804841750435145
1704,1767153239153,0.0,0.0,0.0,0.0,-47.27746165070795,0.0,8.335572017035356e-180,hard,False,False,-6.401733514895719,0.0,1.0,0.0,0.9804841750435145
1705,1767153239177,0.0,0.0,0.0,0.0,-47.27746165070795,0.0,3.3342288068141427e-180,hard,False,False,-6.401733514895719,0.0,1.0,0.0,0.9804841750435145
1706,1767153239207,0.0,0.0,0.0,0.0,-47.27746165070795,0.0,1.3336915227256572e-180,hard,False,False,-6.401733514895719,0.0,1.0,0.0,0.9804841750435145
1707,1767153239235,0.0,0.0,0.0,0.0,-47.27746165070795,0.0,5.334766090902629e-181,hard,False,False,-6.401733514895719,0.0,1.0,0.0,0.9804841750435145
1708,1767153239271,0.0,0.0,0.0,0.0,-47.27746165070795,0.0,2.1339064363610517e-181,hard,False,False,-6.401733514895719,0.0,1.0,0.0,0.9804841750435145
1709,1767153239305,0.0,0.0,0.0,0.0,-47.27746165070795,0.0,8.535625745444207e-182,hard,False,False,-6.401733514895719,0.0,1.0,0.0,0.9804841750435145
1710,1767153239330,0.0,0.0,0.0,0.0,-47.27746165070795,0.0,3.414250298177683e-182,hard,False,False,-6.401733514895719,0.0,1.0,0.0,0.9804841750435145
1711,1767153239352,0.0,0.0,0.0,0.0,-47.27746165070795,0.0,1.3657001192710732e-182,hard,False,False,-6.401733514895719,0.0,1.0,0.0,0.9804841750435145
1712,1767153239387,0.0,0.0,0.0,0.0,-47.27746165070795,0.0,5.462800477084293e-183,hard,False,False,-6.401733514895719,0.0,1.0,0.0,0.9804841750435145
1713,1767153239418,0.0,0.0,0.0,0.0,-47.27746165070795,0.0,2.1851201908337172e-183,hard,False,False,-6.401733514895719,0.0,1.0,0.0,0.9804841750435145
1714,1767153239451,0.0,0.0,0.0,0.0,-47.27746165070795,0.0,8.740480763334869e-184,hard,False,False,-6.401733514895719,0.0,1.0,0.0,0.9804841750435145
1715,1767153239484,0.0,0.0,0.0,0.0,-47.27746165070795,0.0,3.496192305333948e-184,hard,False,False,-6.401733514895719,0.0,1.0,0.0,0.9804841750435145
1716,1767153239523,0.0,0.0,0.0,0.0,-47.27746165070795,0.0,1.3984769221335792e-184,hard,False,False,-6.401733514895719,0.0,1.0,0.0,0.9804841750435145
1717,1767153239551,0.0,0.0,0.0,0.0,-47.27746165070795,0.0,5.593907688534317e-185,hard,False,False,-6.401733514895719,0.0,1.0,0.0,0.9804841750435145
1718,1767153239617,0.0,0.0,0.0,0.0,-47.27746165070795,0.0,2.237563075413727e-185,hard,False,False,-6.401733514895719,0.0,1.0,0.0,0.9804841750435145
1719,1767153239651,0.0,0.0,0.0,0.0,-47.27746165070795,0.0,8.950252301654908e-186,hard,False,False,-6.401733514895719,0.0,1.0,0.0,0.9804841750435145
1720,1767153239684,0.0,0.0,0.0,0.0,-47.27746165070795,0.0,3.5801009206619636e-186,hard,False,False,-6.401733514895719,0.0,1.0,0.0,0.9804841750435145
1721,1767153239718,0.0,0.0,0.0,0.0,-47.27746165070795,0.0,1.4320403682647854e-186,hard,False,False,-6.401733514895719,0.0,1.0,0.0,0.9804841750435145
1722,1767153239751,0.0,0.0,0.0,0.0,-47.27746165070795,0.0,5.728161473059142e-187,hard,False,False,-6.401733514895719,0.0,1.0,0.0,0.9804841750435145
1723,1767153239791,0.0,0.0,0.0,0.0,-47.27746165070795,0.0,2.291264589223657e-187,hard,False,False,-6.401733514895719,0.0,1.0,0.0,0.9804841750435145
1724,1767153239818,0.0,0.0,0.0,0.0,-47.27746165070795,0.0,9.165058356894628e-188,hard,False,False,-6.401733514895719,0.0,1.0,0.0,0.9804841750435145
1725,1767153239851,0.0,0.0,0.0,0.0,-47.27746165070795,0.0,3.6660233427578516e-188,hard,False,False,-6.401733514895719,0.0,1.0,0.0,0.9804841750435145
1726,1767153239884,0.0,0.0,0.0,0.0,-47.27746165070795,0.0,1.4664093371031408e-188,hard,False,False,-6.401733514895719,0.0,1.0,0.0,0.9804841750435145
1727,1767153239918,0.0,0.0,0.0,0.0,-47.27746165070795,0.0,5.865637348412564e-189,hard,False,False,-6.401733514895719,0.0,1.0,0.0,0.9804841750435145
1728,1767153239951,0.0,0.0,0.0,0.0,-47.27746165070795,0.0,2.3462549393650258e-189,hard,False,False,-6.401733514895719,0.0,1.0,0.0,0.9804841750435145
1729,1767153239984,0.0,0.0,0.0,0.0,-47.27746165070795,0.0,9.385019757460104e-190,hard,False,False,-6.401733514895719,0.0,1.0,0.0,0.9804841750435145
1730,1767153240018,0.0,0.0,0.0,0.0,-47.27746165070795,0.0,3.7540079029840417e-190,hard,False,False,-6.401733514895719,0.0,1.0,0.0,0.9804841750435145
1731,1767153240051,0.0,0.0,0.0,0.0,-47.27746165070795,0.0,1.5016031611936168e-190,hard,False,False,-6.401733514895719,0.0,1.0,0.0,0.9804841750435145
1732,1767153240084,0.0,0.0,0.0,0.0,-47.27746165070795,0.0,6.006412644774467e-191,hard,False,False,-6.401733514895719,0.0,1.0,0.0,0.9804841750435145
1733,1767153240118,0.0,0.0,0.0,0.0,-47.27746165070795,0.0,2.402565057909787e-191,hard,False,False,-6.401733514895719,0.0,1.0,0.0,0.9804841750435145
1734,1767153240151,0.0,0.0,0.0,0.0,-47.27746165070795,0.0,9.610260231639148e-192,hard,False,False,-6.401733514895719,0.0,1.0,0.0,0.9804841750435145
1735,1767153240184,0.0,0.0,0.0,0.0,-47.27746165070795,0.0,3.844104092655659e-192,hard,False,False,-6.401733514895719,0.0,1.0,0.0,0.9804841750435145
1736,1767153240218,0.0,0.0,0.0,0.0,-47.27746165070795,0.0,1.5376416370622638e-192,hard,False,False,-6.401733514895719,0.0,1.0,0.0,0.9804841750435145
1737,1767153240251,0.0,0.0,0.0,0.0,-47.27746165070795,0.0,6.150566548249056e-193,hard,False,False,-6.401733514895719,0.0,1.0,0.0,0.9804841750435145
1738,1767153240284,0.0,0.0,0.0,0.0,-47.27746165070795,0.0,2.4602266192996223e-193,hard,False,False,-6.401733514895719,0.0,1.0,0.0,0.9804841750435145
1739,1767153240317,0.0,0.0,0.0,0.0,-47.27746165070795,0.0,9.84090647719849e-194,hard,False,False,-6.401733514895719,0.0,1.0,0.0,0.9804841750435145
1740,1767153240358,0.0,0.0,0.0,0.0,-47.27746165070795,0.0,3.9363625908793963e-194,hard,False,False,-6.401733514895719,0.0,1.0,0.0,0.9804841750435145
1741,1767153240402,0.0,0.0,0.0,0.0,-47.27746165070795,0.0,1.5745450363517585e-194,hard,False,False,-6.401733514895719,0.0,1.0,0.0,0.9804841750435145
1742,1767153240428,0.0,0.0,0.0,0.0,-47.27746165070795,0.0,6.298180145407034e-195,hard,False,False,-6.401733514895719,0.0,1.0,0.0,0.9804841750435145
1743,1767153240456,0.0,0.0,0.0,0.0,-47.27746165070795,0.0,2.519272058162814e-195,hard,False,False,-6.401733514895719,0.0,1.0,0.0,0.9804841750435145
1744,1767153240486,0.0,0.0,0.0,0.0,-47.27746165070795,0.0,1.0077088232651256e-195,hard,False,False,-6.401733514895719,0.0,1.0,0.0,0.9804841750435145
1745,1767153240517,0.0,0.0,0.0,0.0,-47.27746165070795,0.0,4.0308352930605028e-196,hard,False,False,-6.401733514895719,0.0,1.0,0.0,0.9804841750435145
1746,1767153240584,0.0,0.0,0.0,0.0,-47.27746165070795,0.0,1.6123341172242013e-196,hard,False,False,-6.401733514895719,0.0,1.0,0.0,0.9804841750435145
1747,1767153240617,0.0,0.0,0.0,0.0,-47.27746165070795,0.0,6.449336468896805e-197,hard,False,False,-6.401733514895719,0.0,1.0,0.0,0.9804841750435145
1748,1767153240651,0.0,0.0,0.0,0.0,-47.27746165070795,0.0,2.579734587558722e-197,hard,False,False,-6.401733514895719,0.0,1.0,0.0,0.9804841750435145
1749,1767153240684,0.0,0.0,0.0,0.0,-47.27746165070795,0.0,1.0318938350234889e-197,hard,False,False,-6.401733514895719,0.0,1.0,0.0,0.9804841750435145
1750,1767153240717,0.0,0.0,0.0,0.0,-47.27746165070795,0.0,4.1275753400939555e-198,hard,False,False,-6.401733514895719,0.0,1.0,0.0,0.9804841750435145
1751,1767153240751,0.0,0.0,0.0,0.0,-47.27746165070795,0.0,1.6510301360375824e-198,hard,False,False,-6.401733514895719,0.0,1.0,0.0,0.9804841750435145
1752,1767153240784,0.0,0.0,0.0,0.0,-47.27746165070795,0.0,6.60412054415033e-199,hard,False,False,-6.401733514895719,0.0,1.0,0.0,0.9804841750435145
1753,1767153240817,0.0,0.0,0.0,0.0,-47.27746165070795,0.0,2.641648217660132e-199,hard,False,False,-6.401733514895719,0.0,1.0,0.0,0.9804841750435145
1754,1767153240850,0.0,0.0,0.0,0.0,-47.27746165070795,0.0,1.0566592870640528e-199,hard,False,False,-6.401733514895719,0.0,1.0,0.0,0.9804841750435145
1755,1767153240886,0.0,0.0,0.0,0.0,-47.27746165070795,0.0,4.226637148256212e-200,hard,False,False,-6.401733514895719,0.0,1.0,0.0,0.9804841750435145
1756,1767153240917,0.0,0.0,0.0,0.0,-47.27746165070795,0.0,1.6906548593024847e-200,hard,False,False,-6.401733514895719,0.0,1.0,0.0,0.9804841750435145
1757,1767153240950,0.0,0.0,0.0,0.0,-47.27746165070795,0.0,6.762619437209939e-201,hard,False,False,-6.401733514895719,0.0,1.0,0.0,0.9804841750435145
1758,1767153240984,0.0,0.0,0.0,0.0,-47.27746165070795,0.0,2.7050477748839758e-201,hard,False,False,-6.401733514895719,0.0,1.0,0.0,0.9804841750435145
1759,1767153241017,0.0,0.0,0.0,0.0,-47.27746165070795,0.0,1.0820191099535904e-201,hard,False,False,-6.401733514895719,0.0,1.0,0.0,0.9804841750435145
1760,1767153241050,0.0,0.0,0.0,0.0,-47.27746165070795,0.0,4.3280764398143615e-202,hard,False,False,-6.401733514895719,0.0,1.0,0.0,0.9804841750435145
1761,1767153241084,0.0,0.0,0.0,0.0,-47.27746165070795,0.0,1.7312305759257446e-202,hard,False,False,-6.401733514895719,0.0,1.0,0.0,0.9804841750435145
1762,1767153241117,0.0,0.0,0.0,0.0,-47.27746165070795,0.0,6.924922303702979e-203,hard,False,False,-6.401733514895719,0.0,1.0,0.0,0.9804841750435145
1763,1767153241150,0.0,0.0,0.0,0.0,-47.27746165070795,0.0,2.769968921481192e-203,hard,False,False,-6.401733514895719,0.0,1.0,0.0,0.9804841750435145
1764,1767153241184,0.0,0.0,0.0,0.0,-47.27746165070795,0.0,1.1079875685924767e-203,hard,False,False,-6.401733514895719,0.0,1.0,0.0,0.9804841750435145
1765,1767153241217,0.0,0.0,0.0,0.0,-47.27746165070795,0.0,4.431950274369907e-204,hard,False,False,-6.401733514895719,0.0,1.0,0.0,0.9804841750435145
1766,1767153241250,0.0,0.0,0.0,0.0,-47.27746165070795,0.0,1.772780109747963e-204,hard,False,False,-6.401733514895719,0.0,1.0,0.0,0.9804841750435145
1767,1767153241285,0.0,0.0,0.0,0.0,-47.27746165070795,0.0,7.091120438991852e-205,hard,False,False,-6.401733514895719,0.0,1.0,0.0,0.9804841750435145
1768,1767153241317,0.0,0.0,0.0,0.0,-47.27746165070795,0.0,2.836448175596741e-205,hard,False,False,-6.401733514895719,0.0,1.0,0.0,0.9804841750435145
1769,1767153241350,0.0,0.0,0.0,0.0,-47.27746165070795,0.0,1.1345792702386965e-205,hard,False,False,-6.401733514895719,0.0,1.0,0.0,0.9804841750435145
1770,1767153241384,0.0,0.0,0.0,0.0,-47.27746165070795,0.0,4.5383170809547864e-206,hard,False,False,-6.401733514895719,0.0,1.0,0.0,0.9804841750435145
1771,1767153241418,0.0,0.0,0.0,0.0,-47.27746165070795,0.0,1.8153268323819148e-206,hard,False,False,-6.401733514895719,0.0,1.0,0.0,0.9804841750435145
1772,1767153241450,0.0,0.0,0.0,0.0,-47.27746165070795,0.0,7.26130732952766e-207,hard,False,False,-6.401733514895719,0.0,1.0,0.0,0.9804841750435145
1773,1767153241484,0.0,0.0,0.0,0.0,-47.27746165070795,0.0,2.9045229318110642e-207,hard,False,False,-6.401733514895719,0.0,1.0,0.0,0.9804841750435145
1774,1767153241517,0.0,0.0,0.0,0.0,-47.27746165070795,0.0,1.1618091727244258e-207,hard,False,False,-6.401733514895719,0.0,1.0,0.0,0.9804841750435145
1775,1767153241550,0.0,0.0,0.0,0.0,-47.27746165070795,0.0,4.647236690897704e-208,hard,False,False,-6.401733514895719,0.0,1.0,0.0,0.9804841750435145
1776,1767153241584,0.0,0.0,0.0,0.0,-47.27746165070795,0.0,1.8588946763590815e-208,hard,False,False,-6.401733514895719,0.0,1.0,0.0,0.9804841750435145
1777,1767153241617,0.0,0.0,0.0,0.0,-47.27746165070795,0.0,7.435578705436326e-209,hard,False,False,-6.401733514895719,0.0,1.0,0.0,0.9804841750435145
1778,1767153241650,0.0,0.0,0.0,0.0,-47.27746165070795,0.0,2.974231482174531e-209,hard,False,False,-6.401733514895719,0.0,1.0,0.0,0.9804841750435145
1779,1767153241684,0.0,0.0,0.0,0.0,-47.27746165070795,0.0,1.1896925928698124e-209,hard,False,False,-6.401733514895719,0.0,1.0,0.0,0.9804841750435145
1780,1767153241717,0.0,0.0,0.0,0.0,-47.27746165070795,0.0,4.7587703714792495e-210,hard,False,False,-6.401733514895719,0.0,1.0,0.0,0.9804841750435145
1781,1767153241750,0.0,0.0,0.0,0.0,-47.27746165070795,0.0,1.9035081485917e-210,hard,False,False,-6.401733514895719,0.0,1.0,0.0,0.9804841750435145
1782,1767153241784,0.0,0.0,0.0,0.0,-47.27746165070795,0.0,7.6140325943668e-211,hard,False,False,-6.401733514895719,0.0,1.0,0.0,0.9804841750435145
1783,1767153241819,0.0,0.0,0.0,0.0,-47.27746165070795,0.0,3.0456130377467202e-211,hard,False,False,-6.401733514895719,0.0,1.0,0.0,0.9804841750435145
1784,1767153241850,0.0,0.0,0.0,0.0,-47.27746165070795,0.0,1.218245215098688e-211,hard,False,False,-6.401733514895719,0.0,1.0,0.0,0.9804841750435145
1785,1767153241884,0.0,0.0,0.0,0.0,-47.27746165070795,0.0,4.872980860394753e-212,hard,False,False,-6.401733514895719,0.0,1.0,0.0,0.9804841750435145
1786,1767153241917,0.0,0.0,0.0,0.0,-47.27746165070795,0.0,1.9491923441579013e-212,hard,False,False,-6.401733514895719,0.0,1.0,0.0,0.9804841750435145
1787,1767153241950,0.0,0.0,0.0,0.0,-47.27746165070795,0.0,7.796769376631606e-213,hard,False,False,-6.401733514895719,0.0,1.0,0.0,0.9804841750435145
1788,1767153241984,0.0,0.0,0.0,0.0,-47.27746165070795,0.0,3.118707750652643e-213,hard,False,False,-6.401733514895719,0.0,1.0,0.0,0.9804841750435145
1789,1767153242017,0.0,0.0,0.0,0.0,-47.27746165070795,0.0,1.2474831002610572e-213,hard,False,False,-6.401733514895719,0.0,1.0,0.0,0.9804841750435145
1790,1767153242050,0.0,0.0,0.0,0.0,-47.27746165070795,0.0,4.989932401044229e-214,hard,False,False,-6.401733514895719,0.0,1.0,0.0,0.9804841750435145
1791,1767153242084,0.0,0.0,0.0,0.0,-47.27746165070795,0.0,1.9959729604176918e-214,hard,False,False,-6.401733514895719,0.0,1.0,0.0,0.9804841750435145
1792,1767153242117,0.0,0.0,0.0,0.0,-47.27746165070795,0.0,7.983891841670768e-215,hard,False,False,-6.401733514895719,0.0,1.0,0.0,0.9804841750435145
1793,1767153242150,0.0,0.0,0.0,0.0,-47.27746165070795,0.0,3.1935567366683076e-215,hard,False,False,-6.401733514895719,0.0,1.0,0.0,0.9804841750435145
1794,1767153242184,0.0,0.0,0.0,0.0,-47.27746165070795,0.0,1.2774226946673232e-215,hard,False,False,-6.401733514895719,0.0,1.0,0.0,0.9804841750435145
1795,1767153242217,0.0,0.0,0.0,0.0,-47.27746165070795,0.0,5.109690778669293e-216,hard,False,False,-6.401733514895719,0.0,1.0,0.0,0.9804841750435145
1796,1767153242250,0.0,0.0,0.0,0.0,-47.27746165070795,0.0,2.0438763114677173e-216,hard,False,False,-6.401733514895719,0.0,1.0,0.0,0.9804841750435145
1797,1767153242284,0.0,0.0,0.0,0.0,-47.27746165070795,0.0,8.175505245870869e-217,hard,False,False,-6.401733514895719,0.0,1.0,0.0,0.9804841750435145
1798,1767153242320,0.0,0.0,0.0,0.0,-47.27746165070795,0.0,3.270202098348348e-217,hard,False,False,-6.401733514895719,0.0,1.0,0.0,0.9804841750435145
1799,1767153242350,0.0,0.0,0.0,0.0,-47.27746165070795,0.0,1.3080808393393393e-217,hard,False,False,-6.401733514895719,0.0,1.0,0.0,0.9804841750435145
